{"type":"FeatureCollection","features":[{"type":"Feature","geometry":{"type":"LineString","coordinates":[[-84.38396190012156,33.698422199924664],[-84.38384270038028,33.69836410012317],[-84.38364599976302,33.698301000091135],[-84.38345809991137,33.69823720038653],[-84.38325859970456,33.69822319974094],[-84.3830791004201,33.69821070006378],[-84.38305500038791,33.698209000345116]]},"properties":{"overall":33,"safety":100,"sidewalk":0,"sidewalk_present":0,"canopy":0.0,"comfort":0.0,"name":"Compton Drive Southeast","road_type":"service","osm_id":740777186}},{"type":"Feature","geometry":{"type":"LineString","coordinates":[[-84.38262200020512,33.69799799960805],[-84.38239699972172,33.69799799960805]]},"properties":{"overall":33,"safety":99,"sidewalk":0,"sidewalk_present":0,"canopy":0.0,"comfort":0.0,"name":"Compton Drive","road_type":"residential","osm_id":9255920}},{"type":"Feature","geometry":{"type":"LineString","coordinates":[[-84.3822792002249,33.70220939974405],[-84.38227739978214,33.702048900436466],[-84.38227739978214,33.70190380022024]]},"properties":{"overall":44,"safety":93,"sidewalk":0,"sidewalk_present":0,"canopy":38.7,"comfort":58.5,"name":"","road_type":"service","osm_id":714424118}},{"type":"Feature","geometry":{"type":"LineString","coordinates":[[-84.38204899986141,33.703808000438926],[-84.38210060026245,33.703777900130035]]},"properties":{"overall":63,"safety":88,"sidewalk":100,"sidewalk_present":1,"canopy":0.0,"comfort":0.0,"name":"","road_type":"footway","osm_id":1386416380}},{"type":"Feature","geometry":{"type":"LineString","coordinates":[[-84.38200410030896,33.703833800189784],[-84.38204899986141,33.703808000438926]]},"properties":{"overall":62,"safety":87,"sidewalk":100,"sidewalk_present":1,"canopy":0.0,"comfort":0.0,"name":"","road_type":"footway","osm_id":1386416381}},{"type":"Feature","geometry":{"type":"LineString","coordinates":[[-84.38393060011708,33.698751799655895],[-84.3840553999367,33.698824999973795],[-84.38429869982508,33.69896760007475]]},"properties":{"overall":33,"safety":100,"sidewalk":0,"sidewalk_present":0,"canopy":0.0,"comfort":0.0,"name":"","road_type":"steps","osm_id":940232905}},{"type":"Feature","geometry":{"type":"LineString","coordinates":[[-84.38257599988248,33.70224000007602],[-84.38260300022824,33.70123799973396],[-84.38263089989607,33.70097920003013],[-84.38266300029721,33.700679500058925],[-84.38267530032482,33.70056509999944],[-84.3826949999742,33.69934000034078],[-84.38275500004318,33.6992489997416],[-84.38285200001974,33.69917700001861],[-84.38297300020378,33.69913599992651],[-84.38338290040048,33.69906800038797],[-84.38359500010915,33.699019999973075],[-84.38375579979026,33.69889589982597],[-84.38385439966078,33.69882120033816],[-84.38393060011708,33.698751799655895],[-84.38401639993685,33.69863729977163],[-84.38404219968771,33.69856739996561],[-84.38402119961864,33.698506600399355],[-84.38396190012156,33.698422199924664]]},"properties":{"overall":47,"safety":88,"sidewalk":0,"sidewalk_present":0,"canopy":52.0,"comfort":70.7,"name":"Compton Drive Southeast","road_type":"residential","osm_id":9270044}},{"type":"Feature","geometry":{"type":"LineString","coordinates":[[-84.38496400028833,33.6969319999119],[-84.38502019982235,33.6969782997088],[-84.38506450042632,33.697063800054366],[-84.38501549996533,33.69722309966636],[-84.38490109990579,33.697467899623916],[-84.38481470023817,33.69759800004772],[-84.38466290007273,33.69780399965492],[-84.38446210034562,33.69802740024437],[-84.3843687003552,33.698165299588936],[-84.38437340021221,33.69822939966713],[-84.3843856004151,33.698314300164895],[-84.3843920998155,33.69835959991565],[-84.38441309988463,33.69845480034883],[-84.38440840002761,33.698582999605776],[-84.38435700017538,33.69877329974804],[-84.38429869982508,33.69896760007475],[-84.3842659995762,33.69902979988541],[-84.38422160004677,33.69905110032806],[-84.38413520037915,33.69908810023571],[-84.38402550017668,33.69912109995886],[-84.3838643002972,33.69916579986182],[-84.38374990023766,33.69919879958496],[-84.38355380036757,33.69923459979697],[-84.38337370033594,33.69928279986135],[-84.38321100038735,33.69934420017478],[-84.38313639982493,33.699394900354434],[-84.3831217004061,33.69946559965774],[-84.38313639982493,33.69954609977276],[-84.38318249997235,33.69960480032131],[-84.3833086002117,33.69966500003977],[-84.38352110011863,33.69973880020552],[-84.38370559963369,33.69977189975344],[-84.3841670004067,33.699812600371274],[-84.38438179988015,33.699833999739326],[-84.38456249975951,33.69988260000201],[-84.38480069959257,33.699938900260065],[-84.3849103997951,33.699956400167764],[-84.38511120042153,33.69997390007546],[-84.3852536997984,33.69998939989097],[-84.38538909992701,33.69999719971105],[-84.38554319965891,33.700016599886226],[-84.38559689997692,33.70003609988618],[-84.38567859978752,33.70009819987206],[-84.38575569956583,33.70015259986263],[-84.38589579955146,33.70032359965444],[-84.386059200072,33.700539200423805],[-84.38619000016831,33.70066739968081],[-84.38626940041246,33.70076260011393],[-84.38631610040767,33.700818900371985],[-84.38632779968816,33.70086749973535],[-84.38632309983115,33.700910200445435],[-84.38629039958226,33.70097819998398],[-84.38618299984552,33.701119999688274],[-84.3861245996705,33.701219099581806],[-84.38610590006721,33.701296800107286],[-84.38612230010403,33.70137449973345],[-84.38615229968883,33.701424500240535],[-84.38615960038521,33.70143670044342],[-84.38618969979478,33.7014776996362]]},"properties":{"overall":86,"safety":93,"sidewalk":100,"sidewalk_present":1,"canopy":66.3,"comfort":77.5,"name":"Southtowne PATH Trail","road_type":"cycleway","osm_id":320127400}},{"type":"Feature","geometry":{"type":"LineString","coordinates":[[-84.38478900031208,33.70004410025507],[-84.38379169982704,33.70002119991847]]},"properties":{"overall":33,"safety":100,"sidewalk":0,"sidewalk_present":0,"canopy":0.0,"comfort":0.0,"name":"","road_type":"service","osm_id":863617962}},{"type":"Feature","geometry":{"type":"LineString","coordinates":[[-84.38379169982704,33.70002119991847],[-84.38365979985986,33.70001740028283],[-84.38357760002617,33.70003900019975],[-84.38353440019239,33.70006529997369],[-84.38350119992037,33.70009769984904],[-84.38348250031709,33.70013009972439],[-84.3834698999159,33.70019939968262],[-84.38349359974978,33.70027800042942],[-84.38358489982323,33.70034490009709]]},"properties":{"overall":33,"safety":100,"sidewalk":0,"sidewalk_present":0,"canopy":0.0,"comfort":0.0,"name":"","road_type":"service","osm_id":863617963}},{"type":"Feature","geometry":{"type":"LineString","coordinates":[[-84.38348250031709,33.70013009972439],[-84.38342450034037,33.70016039968277],[-84.38335089982411,33.7003033001572],[-84.38332529972274,33.70038159963116],[-84.38332469987495,33.70043169996302]]},"properties":{"overall":33,"safety":100,"sidewalk":0,"sidewalk_present":0,"canopy":0.0,"comfort":0.0,"name":"","road_type":"service","osm_id":863617956}},{"type":"Feature","geometry":{"type":"LineString","coordinates":[[-84.38358489982323,33.70034490009709],[-84.38408910023173,33.700350799649755]]},"properties":{"overall":33,"safety":100,"sidewalk":0,"sidewalk_present":0,"canopy":0.0,"comfort":0.0,"name":"","road_type":"service","osm_id":863617961}},{"type":"Feature","geometry":{"type":"LineString","coordinates":[[-84.38332469987495,33.70043169996302],[-84.38338129960727,33.70037260011543],[-84.38349359974978,33.70027800042942]]},"properties":{"overall":33,"safety":100,"sidewalk":0,"sidewalk_present":0,"canopy":0.0,"comfort":0.0,"name":"","road_type":"service","osm_id":863617958}},{"type":"Feature","geometry":{"type":"LineString","coordinates":[[-84.38332469987495,33.70043169996302],[-84.38330900041001,33.70049060016112]]},"properties":{"overall":33,"safety":100,"sidewalk":0,"sidewalk_present":0,"canopy":0.0,"comfort":0.0,"name":"","road_type":"service","osm_id":863617960}},{"type":"Feature","geometry":{"type":"LineString","coordinates":[[-84.38332390037766,33.70066489956554],[-84.38335239989328,33.70065640007283],[-84.38338269985167,33.70063940018821],[-84.38341330018363,33.70059160032213],[-84.38340100015597,33.70054919998563],[-84.38337330013763,33.70051399962142],[-84.38333659970425,33.700491100184195],[-84.38330900041001,33.70049060016112],[-84.38294079997792,33.700484000036624],[-84.38289059982128,33.7005199000734],[-84.38286689998739,33.70057909974571],[-84.38288639998734,33.70062779983317],[-84.38294180002401,33.7006580997915]]},"properties":{"overall":33,"safety":100,"sidewalk":0,"sidewalk_present":0,"canopy":0.0,"comfort":0.0,"name":"","road_type":"service","osm_id":863617957}},{"type":"Feature","geometry":{"type":"LineString","coordinates":[[-84.37808830013489,33.69903670038349],[-84.37809619977975,33.698999099728724]]},"properties":{"overall":67,"safety":100,"sidewalk":100,"sidewalk_present":1,"canopy":0.0,"comfort":0.0,"name":"","road_type":"footway","osm_id":1388938481}},{"type":"Feature","geometry":{"type":"LineString","coordinates":[[-84.3780863000427,33.69904650029582],[-84.37808830013489,33.69903670038349]]},"properties":{"overall":67,"safety":100,"sidewalk":100,"sidewalk_present":1,"canopy":0.0,"comfort":0.0,"name":"","road_type":"footway","osm_id":1388938485}},{"type":"Feature","geometry":{"type":"LineString","coordinates":[[-84.37813629965046,33.6990834003787],[-84.37812730013474,33.69906820003746],[-84.37810220005645,33.69905210037416],[-84.3780863000427,33.69904650029582],[-84.3780632000566,33.69904679977003],[-84.37792879997409,33.69910569996813],[-84.37768540026099,33.69920870022139],[-84.37757439963877,33.69924499955715],[-84.37743829983765,33.699279699898284],[-84.37739779976863,33.69928029974608]]},"properties":{"overall":72,"safety":96,"sidewalk":100,"sidewalk_present":1,"canopy":18.5,"comfort":58.5,"name":"","road_type":"footway","osm_id":1388938480}},{"type":"Feature","geometry":{"type":"LineString","coordinates":[[-84.37853599973658,33.70304100014209],[-84.37855199957511,33.70261899956722],[-84.37857699982862,33.70184900003136],[-84.37857999996697,33.70168699975528],[-84.37858200005923,33.70063399975936],[-84.37861299969012,33.70045899978305],[-84.37862400019742,33.70023100006068],[-84.37861599982847,33.70003399996915],[-84.3785959998055,33.69991599992352],[-84.37851799980581,33.69971699973979],[-84.37826199969152,33.69930699971832],[-84.37821900040649,33.69918899967263],[-84.37819100001462,33.699046000272745],[-84.37811800024548,33.69770100030098]]},"properties":{"overall":33,"safety":98,"sidewalk":0,"sidewalk_present":0,"canopy":0.0,"comfort":0.0,"name":"Fremont Street Southeast","road_type":"residential","osm_id":9250104}},{"type":"Feature","geometry":{"type":"LineString","coordinates":[[-84.38026500032947,33.701846999939164],[-84.37857699982862,33.70184900003136]]},"properties":{"overall":47,"safety":90,"sidewalk":0,"sidewalk_present":0,"canopy":52.4,"comfort":73.0,"name":"Sterling Street Southeast","road_type":"residential","osm_id":9265544}},{"type":"Feature","geometry":{"type":"LineString","coordinates":[[-84.37804560032419,33.70326899986452],[-84.37775870040366,33.70337279961507],[-84.377549099911,33.70344470041266]]},"properties":{"overall":42,"safety":91,"sidewalk":0,"sidewalk_present":0,"canopy":34.3,"comfort":58.8,"name":"","road_type":"service","osm_id":563018095}},{"type":"Feature","geometry":{"type":"LineString","coordinates":[[-84.37819100001462,33.699046000272745],[-84.37812499966896,33.6990009999962],[-84.37809619977975,33.698999099728724],[-84.37805099985371,33.6989959997656],[-84.37776700024682,33.69911699994964],[-84.37753610021082,33.69920090040131],[-84.3773134001932,33.69923449997225],[-84.37696500013459,33.6992539999722],[-84.37644100025193,33.69926300038719],[-84.37608700011492,33.699317199828954],[-84.37594270029535,33.69939869999007],[-84.37562500039343,33.699575000386005],[-84.37529000023329,33.699713899776725],[-84.37523500039492,33.699735999716665]]},"properties":{"overall":75,"safety":98,"sidewalk":100,"sidewalk_present":1,"canopy":26.0,"comfort":60.7,"name":"Greendale Drive Southeast","road_type":"residential","osm_id":9246499}},{"type":"Feature","geometry":{"type":"LineString","coordinates":[[-84.3763179999757,33.701660000308834],[-84.37637249979099,33.70164529999067],[-84.37642200027506,33.70163199991691],[-84.37670099965135,33.70161800017064],[-84.37737900034057,33.70166799977841],[-84.37857999996697,33.70168699975528]]},"properties":{"overall":66,"safety":99,"sidewalk":100,"sidewalk_present":1,"canopy":0.0,"comfort":0.0,"name":"Troy Street Southeast","road_type":"residential","osm_id":9268228}},{"type":"Feature","geometry":{"type":"LineString","coordinates":[[-84.37666620038482,33.702642999774696],[-84.37657800027443,33.70236310017697],[-84.37649299995195,33.702046000122834],[-84.37642360016895,33.70181059987931],[-84.37639490010451,33.70171269968142]]},"properties":{"overall":74,"safety":89,"sidewalk":100,"sidewalk_present":1,"canopy":31.8,"comfort":62.3,"name":"","road_type":"footway","osm_id":1386429631}},{"type":"Feature","geometry":{"type":"LineString","coordinates":[[-84.37855199957511,33.70261899956722],[-84.37717330020757,33.70260409959957],[-84.37707099962688,33.7026029997287],[-84.3768520003195,33.70262699993617],[-84.37667279960999,33.70267140036486],[-84.37661800032043,33.70268499991289]]},"properties":{"overall":64,"safety":56,"sidewalk":100,"sidewalk_present":1,"canopy":36.6,"comfort":63.8,"name":"Laquita Drive Southeast","road_type":"residential","osm_id":9253401}},{"type":"Feature","geometry":{"type":"LineString","coordinates":[[-84.37669800041238,33.70314300034926],[-84.3767090000203,33.70308200023419],[-84.37671050008947,33.70304159998989],[-84.37671100011255,33.70302700039582],[-84.37669200013568,33.70295599981961],[-84.37661800032043,33.70268499991289],[-84.37660510044498,33.70264089985767],[-84.3763179999757,33.701660000308834],[-84.37611489978275,33.701204099789436],[-84.37610199990735,33.70117500042596],[-84.37584000041562,33.70070400028942],[-84.37523500039492,33.699735999716665]]},"properties":{"overall":58,"safety":38,"sidewalk":100,"sidewalk_present":1,"canopy":35.9,"comfort":64.8,"name":"Browns Mill Road Southeast","road_type":"tertiary","osm_id":9248090}},{"type":"Feature","geometry":{"type":"LineString","coordinates":[[-84.37668890017255,33.702725099783606],[-84.37678440007994,33.70269560022183],[-84.37687599962766,33.70267629987137],[-84.37694609998249,33.702663999843764],[-84.37705809975148,33.702654299756205],[-84.37717490010152,33.70265300023584],[-84.37717330020757,33.70260409959957]]},"properties":{"overall":57,"safety":50,"sidewalk":100,"sidewalk_present":1,"canopy":22.0,"comfort":56.7,"name":"","road_type":"footway","osm_id":1386458747}},{"type":"Feature","geometry":{"type":"LineString","coordinates":[[-84.37512249970354,33.69964819980464],[-84.37509109987434,33.69960449994778],[-84.37504539992523,33.69953119980505]]},"properties":{"overall":74,"safety":94,"sidewalk":100,"sidewalk_present":1,"canopy":28.5,"comfort":62.2,"name":"","road_type":"footway","osm_id":1386458398}},{"type":"Feature","geometry":{"type":"LineString","coordinates":[[-84.37531389971667,33.69975199955519],[-84.37529000023329,33.699713899776725],[-84.37527460024256,33.69968829967536]]},"properties":{"overall":66,"safety":98,"sidewalk":100,"sidewalk_present":1,"canopy":0.0,"comfort":0.0,"name":"","road_type":"footway","osm_id":1386429636}},{"type":"Feature","geometry":{"type":"LineString","coordinates":[[-84.37586539996818,33.700646100137476],[-84.37563139996911,33.70025889972851],[-84.37536559994243,33.699833300066814],[-84.37531389971667,33.69975199955519]]},"properties":{"overall":65,"safety":95,"sidewalk":100,"sidewalk_present":1,"canopy":0.0,"comfort":0.0,"name":"","road_type":"footway","osm_id":1386429635}},{"type":"Feature","geometry":{"type":"LineString","coordinates":[[-84.37858200005923,33.70063399975936],[-84.37596599993094,33.70066999962086],[-84.37589800039234,33.700680000082],[-84.37588990019867,33.700683400418654],[-84.37584000041562,33.70070400028942]]},"properties":{"overall":31,"safety":94,"sidewalk":0,"sidewalk_present":0,"canopy":0.0,"comfort":0.0,"name":"Adelle Street Southeast","road_type":"residential","osm_id":9253328}},{"type":"Feature","geometry":{"type":"LineString","coordinates":[[-84.37592900002329,33.7007528002016],[-84.37588990019867,33.700683400418654],[-84.37586539996818,33.700646100137476]]},"properties":{"overall":63,"safety":90,"sidewalk":100,"sidewalk_present":1,"canopy":0.0,"comfort":0.0,"name":"","road_type":"footway","osm_id":1386429634}},{"type":"Feature","geometry":{"type":"LineString","coordinates":[[-84.37611489978275,33.701204099789436],[-84.37605319999517,33.701205500033836],[-84.37549509961912,33.701200900001595]]},"properties":{"overall":59,"safety":77,"sidewalk":100,"sidewalk_present":1,"canopy":0.0,"comfort":0.0,"name":"","road_type":"service","osm_id":1475470966}},{"type":"Feature","geometry":{"type":"LineString","coordinates":[[-84.37635900006774,33.70161039999999],[-84.3762596996254,33.70140040020834],[-84.37592900002329,33.7007528002016]]},"properties":{"overall":66,"safety":97,"sidewalk":100,"sidewalk_present":1,"canopy":0.0,"comfort":0.0,"name":"","road_type":"footway","osm_id":1386429633}},{"type":"Feature","geometry":{"type":"LineString","coordinates":[[-84.37639490010451,33.70171269968142],[-84.37637249979099,33.70164529999067],[-84.37635900006774,33.70161039999999]]},"properties":{"overall":67,"safety":100,"sidewalk":100,"sidewalk_present":1,"canopy":0.0,"comfort":0.0,"name":"","road_type":"footway","osm_id":1386429632}},{"type":"Feature","geometry":{"type":"LineString","coordinates":[[-84.37662420024662,33.70303220027586],[-84.37663469983147,33.703024399556455],[-84.37663600025115,33.7030154998655],[-84.37663469983147,33.702999500026976],[-84.37656849983637,33.702695299848244],[-84.37655760005316,33.702649500074415],[-84.37641850011363,33.702205799757905],[-84.37630489955143,33.70182969968096],[-84.37618650020676,33.70151659981127],[-84.37608640026713,33.70125870032882],[-84.37605319999517,33.701205500033836],[-84.3759346999264,33.70101140025599],[-84.37577889957652,33.70070720007726],[-84.37539680012219,33.70010069998739],[-84.37512249970354,33.69964819980464]]},"properties":{"overall":62,"safety":48,"sidewalk":100,"sidewalk_present":1,"canopy":37.0,"comfort":65.4,"name":"","road_type":"footway","osm_id":1386458397}},{"type":"Feature","geometry":{"type":"LineString","coordinates":[[-84.37660510044498,33.70264089985767],[-84.37655760005316,33.702649500074415],[-84.37632629981886,33.70269160003738],[-84.37619070004075,33.702571300425234],[-84.37609810044694,33.70251590038856],[-84.37577509994088,33.70242749972937]]},"properties":{"overall":64,"safety":71,"sidewalk":100,"sidewalk_present":1,"canopy":22.4,"comfort":54.8,"name":"","road_type":"service","osm_id":1228192708}},{"type":"Feature","geometry":{"type":"LineString","coordinates":[[-84.37668890017255,33.702725099783606],[-84.37667279960999,33.70267140036486],[-84.37666620038482,33.702642999774696]]},"properties":{"overall":52,"safety":36,"sidewalk":100,"sidewalk_present":1,"canopy":20.1,"comfort":55.0,"name":"","road_type":"footway","osm_id":1386429630}},{"type":"Feature","geometry":{"type":"LineString","coordinates":[[-84.37680659984466,33.70312939990191],[-84.37678089991857,33.703051499726996],[-84.37669410005265,33.702740800147865],[-84.37668890017255,33.702725099783606]]},"properties":{"overall":38,"safety":0,"sidewalk":100,"sidewalk_present":1,"canopy":14.5,"comfort":52.2,"name":"","road_type":"footway","osm_id":1386429629}},{"type":"Feature","geometry":{"type":"LineString","coordinates":[[-84.3770036997609,33.7030637997546],[-84.3769493995951,33.703037300331175]]},"properties":{"overall":5,"safety":1,"sidewalk":0,"sidewalk_present":0,"canopy":13.9,"comfort":51.8,"name":"","road_type":"service","osm_id":1266754192}},{"type":"Feature","geometry":{"type":"LineString","coordinates":[[-84.3769493995951,33.703037300331175],[-84.37685930011656,33.70306250023424],[-84.37678089991857,33.703051499726996],[-84.37671050008947,33.70304159998989]]},"properties":{"overall":38,"safety":0,"sidewalk":100,"sidewalk_present":1,"canopy":13.6,"comfort":51.6,"name":"","road_type":"service","osm_id":1266754191}},{"type":"Feature","geometry":{"type":"LineString","coordinates":[[-84.37691179983966,33.70308639971762],[-84.37685930011656,33.70306250023424]]},"properties":{"overall":5,"safety":0,"sidewalk":0,"sidewalk_present":0,"canopy":13.9,"comfort":51.7,"name":"","road_type":"service","osm_id":1266754187}},{"type":"Feature","geometry":{"type":"LineString","coordinates":[[-84.37688430037014,33.70312319997578],[-84.37685930011656,33.70306250023424]]},"properties":{"overall":5,"safety":0,"sidewalk":0,"sidewalk_present":0,"canopy":14.1,"comfort":51.7,"name":"","road_type":"service","osm_id":1266754184}},{"type":"Feature","geometry":{"type":"LineString","coordinates":[[-84.37680659984466,33.70312939990191],[-84.3767090000203,33.70308200023419],[-84.37662420024662,33.70303220027586]]},"properties":{"overall":38,"safety":0,"sidewalk":100,"sidewalk_present":1,"canopy":13.5,"comfort":51.4,"name":"","road_type":"footway","osm_id":1386041587}},{"type":"Feature","geometry":{"type":"LineString","coordinates":[[-84.37653290017317,33.70312820020632],[-84.37657810009921,33.70308289955619],[-84.37662420024662,33.70303220027586]]},"properties":{"overall":40,"safety":2,"sidewalk":100,"sidewalk_present":1,"canopy":17.3,"comfort":52.7,"name":"","road_type":"footway","osm_id":1386458396}},{"type":"Feature","geometry":{"type":"LineString","coordinates":[[-84.37696769989941,33.70311189999427],[-84.37691179983966,33.70308639971762]]},"properties":{"overall":5,"safety":0,"sidewalk":0,"sidewalk_present":0,"canopy":14.1,"comfort":51.7,"name":"","road_type":"service","osm_id":1266754188}},{"type":"Feature","geometry":{"type":"LineString","coordinates":[[-84.37703849992681,33.70314420004485],[-84.37696769989941,33.70311189999427]]},"properties":{"overall":5,"safety":0,"sidewalk":0,"sidewalk_present":0,"canopy":15.9,"comfort":52.3,"name":"","road_type":"service","osm_id":1266754185}},{"type":"Feature","geometry":{"type":"LineString","coordinates":[[-84.37693560039759,33.70315559985113],[-84.37688430037014,33.70312319997578]]},"properties":{"overall":40,"safety":6,"sidewalk":100,"sidewalk_present":1,"canopy":14.2,"comfort":51.7,"name":"","road_type":"service","osm_id":1266754190}},{"type":"Feature","geometry":{"type":"LineString","coordinates":[[-84.37661340028814,33.70317259973575],[-84.37656170006238,33.703142600150954],[-84.37653290017317,33.70312820020632]]},"properties":{"overall":42,"safety":8,"sidewalk":100,"sidewalk_present":1,"canopy":18.2,"comfort":53.0,"name":"","road_type":"footway","osm_id":1386034787}},{"type":"Feature","geometry":{"type":"LineString","coordinates":[[-84.3770092998393,33.703198100012344],[-84.37693560039759,33.70315559985113]]},"properties":{"overall":41,"safety":9,"sidewalk":100,"sidewalk_present":1,"canopy":14.2,"comfort":51.7,"name":"","road_type":"service","osm_id":1266754189}},{"type":"Feature","geometry":{"type":"LineString","coordinates":[[-84.37718110002771,33.70341109994234],[-84.37719809991233,33.70335040020086],[-84.37720980009215,33.70330880026097],[-84.3770092998393,33.703198100012344],[-84.37703849992681,33.70314420004485],[-84.3770036997609,33.7030637997546]]},"properties":{"overall":39,"safety":1,"sidewalk":100,"sidewalk_present":1,"canopy":15.4,"comfort":52.2,"name":"","road_type":"service","osm_id":1266754183}},{"type":"Feature","geometry":{"type":"LineString","coordinates":[[-84.3770092998393,33.703198100012344],[-84.37698330043895,33.70322799977242],[-84.37694600015772,33.703270900132]]},"properties":{"overall":43,"safety":14,"sidewalk":100,"sidewalk_present":1,"canopy":14.9,"comfort":52.0,"name":"","road_type":"service","osm_id":1266754186}},{"type":"Feature","geometry":{"type":"LineString","coordinates":[[-84.37765320003513,33.70378129956737],[-84.37749970015102,33.703609299729465],[-84.3774433000682,33.70353930009867],[-84.37739800031744,33.703496600287906],[-84.37728980018409,33.703409900246754],[-84.3772295995663,33.703368699605846],[-84.37719809991233,33.70335040020086],[-84.37698330043895,33.70322799977242],[-84.37680659984466,33.70312939990191]]},"properties":{"overall":47,"safety":22,"sidewalk":100,"sidewalk_present":1,"canopy":18.2,"comfort":52.6,"name":"","road_type":"footway","osm_id":1386041586}},{"type":"Feature","geometry":{"type":"LineString","coordinates":[[-84.377549099911,33.70344470041266],[-84.37739800031744,33.703496600287906],[-84.3773176000272,33.703524199582205]]},"properties":{"overall":66,"safety":82,"sidewalk":100,"sidewalk_present":1,"canopy":15.9,"comfort":52.0,"name":"","road_type":"service","osm_id":563018094}},{"type":"Feature","geometry":{"type":"LineString","coordinates":[[-84.37848009967684,33.705021300092994],[-84.37847349955234,33.70501870015295],[-84.37847420012417,33.705007900194516],[-84.37847019993973,33.70499310005158],[-84.3784588001335,33.704976899664246],[-84.37828759979288,33.704781600190756],[-84.37808349955384,33.7045432996336],[-84.37777689998393,33.704181999699586],[-84.3777190996567,33.704113199764436],[-84.37752840021545,33.70387640017577],[-84.37737629967643,33.70368919999663],[-84.37731989959366,33.703625199743215],[-84.37728189963991,33.70357989999246],[-84.37721919980618,33.70352779956835],[-84.37712260002792,33.70346220032036],[-84.37701439989462,33.70338559966575],[-84.37679450036586,33.703266599573965],[-84.37661340028814,33.70317259973575]]},"properties":{"overall":50,"safety":33,"sidewalk":100,"sidewalk_present":1,"canopy":16.3,"comfort":48.3,"name":"","road_type":"footway","osm_id":1386034786}},{"type":"Feature","geometry":{"type":"LineString","coordinates":[[-84.37705230002359,33.70464050015903],[-84.37709049962683,33.704671499789924],[-84.37709609970523,33.70468079967924],[-84.37710260000495,33.70468999974372],[-84.37710569996807,33.7047023995961],[-84.37695789998708,33.704819100121426],[-84.37637699999851,33.7052705004333]]},"properties":{"overall":74,"safety":99,"sidewalk":100,"sidewalk_present":1,"canopy":23.7,"comfort":52.9,"name":"","road_type":"footway","osm_id":1390915030}},{"type":"Feature","geometry":{"type":"LineString","coordinates":[[-84.37632100011405,33.705218900032264],[-84.37637699999851,33.7052705004333],[-84.37646629997971,33.705350200151656],[-84.37693530002406,33.705739399753554],[-84.3772586998291,33.705995200218354]]},"properties":{"overall":72,"safety":92,"sidewalk":100,"sidewalk_present":1,"canopy":23.2,"comfort":52.5,"name":"","road_type":"footway","osm_id":1390915029}},{"type":"Feature","geometry":{"type":"LineString","coordinates":[[-84.38030500037542,33.702735999566755],[-84.38026700042167,33.70266499988986],[-84.38025299977608,33.70259400021297],[-84.38026500032947,33.701846999939164],[-84.38027590011268,33.70127429996904],[-84.3802928999973,33.70037670012465],[-84.38033800009856,33.697998999654146],[-84.38035700007543,33.69695900025772],[-84.38035099979874,33.69681800005071],[-84.38035840031989,33.696603300402046],[-84.38040599963716,33.69522999966483],[-84.38047479957231,33.69305840042489],[-84.38052430005638,33.69300250036514]]},"properties":{"overall":79,"safety":96,"sidewalk":100,"sidewalk_present":1,"canopy":41.6,"comfort":69.4,"name":"Meador Avenue Southeast","road_type":"residential","osm_id":9272895}},{"type":"Feature","geometry":{"type":"LineString","coordinates":[[-84.3803113999511,33.70127510036565],[-84.38027590011268,33.70127429996904]]},"properties":{"overall":66,"safety":99,"sidewalk":100,"sidewalk_present":1,"canopy":0.0,"comfort":0.0,"name":"","road_type":"footway","osm_id":1388933611}},{"type":"Feature","geometry":{"type":"LineString","coordinates":[[-84.38033800009856,33.697998999654146],[-84.38148499993275,33.697998999654146],[-84.38239699972172,33.69799799960805]]},"properties":{"overall":31,"safety":93,"sidewalk":0,"sidewalk_present":0,"canopy":0.0,"comfort":0.0,"name":"Meador Way Southeast","road_type":"residential","osm_id":9243398}},{"type":"Feature","geometry":{"type":"LineString","coordinates":[[-84.38145400030186,33.70209699977676],[-84.38147000014038,33.70167900028571],[-84.38154099981728,33.70118499998779],[-84.38156199988634,33.699209999741754],[-84.38155100027842,33.69908300018034],[-84.38149200025555,33.6987940003429],[-84.38148499993275,33.697998999654146]]},"properties":{"overall":30,"safety":89,"sidewalk":0,"sidewalk_present":0,"canopy":0.0,"comfort":0.0,"name":"Conrad Avenue Southeast","road_type":"residential","osm_id":9270107}},{"type":"Feature","geometry":{"type":"LineString","coordinates":[[-84.37905899957315,33.705700999601504],[-84.37907290039402,33.70555209974964],[-84.37910149973436,33.70509910044319],[-84.37910599994188,33.705036000411155],[-84.37910880043074,33.70498480020842],[-84.37912399987266,33.70472499955912],[-84.3791579996419,33.7044599999291],[-84.37918600003383,33.70435599962974],[-84.3792470001489,33.70422199974553],[-84.37930509995039,33.70413490040539],[-84.37931100040231,33.70412599981512],[-84.37983410006365,33.7035651996743],[-84.37984320030341,33.70355450043991],[-84.37997599959266,33.70339800041745],[-84.38005899982295,33.70327200000287],[-84.38017099959194,33.70302800044192],[-84.38024899959163,33.70281100032747],[-84.38030500037542,33.702735999566755],[-84.38038599961413,33.702665999936016],[-84.38076199986637,33.70234300032928],[-84.3809139996813,33.70223900002986],[-84.38115700009541,33.70213100044538],[-84.38129300007188,33.70210200000736],[-84.38135050002552,33.702098900044234],[-84.38137200011766,33.70209599973066],[-84.38145400030186,33.70209699977676],[-84.38207099997663,33.70218800037594],[-84.3822792002249,33.70220939974405],[-84.38257599988248,33.70224000007602],[-84.3832389998799,33.70230500037553],[-84.38358000031673,33.7023549999833],[-84.38384399990065,33.702393999983144],[-84.38399899985393,33.70239199989095],[-84.38412999959974,33.70236100026],[-84.38430100029092,33.70228300026031],[-84.38451600031311,33.70216200007627],[-84.3847939996433,33.701978999731125],[-84.3848824003025,33.70193960043224],[-84.38496000010389,33.70190499991588],[-84.38509399998804,33.70186900005439],[-84.38523400014896,33.70185100012361],[-84.38537500035596,33.70185000007751],[-84.38541319995915,33.70185519995755],[-84.3855149996175,33.70186900005439]]},"properties":{"overall":68,"safety":79,"sidewalk":100,"sidewalk_present":1,"canopy":24.1,"comfort":52.8,"name":"Lakewood Terrace Southeast","road_type":"residential","osm_id":9273084}},{"type":"Feature","geometry":{"type":"LineString","coordinates":[[-84.38154259971117,33.70410050043779],[-84.38157360024144,33.70408199958467],[-84.38160760001068,33.70406189973693]]},"properties":{"overall":49,"safety":18,"sidewalk":100,"sidewalk_present":1,"canopy":28.1,"comfort":55.5,"name":"","road_type":"footway","osm_id":1386416378}},{"type":"Feature","geometry":{"type":"LineString","coordinates":[[-84.3802928999973,33.70037670012465],[-84.37974120009625,33.70037279976492],[-84.37972380001332,33.70037119987103],[-84.37963090004598,33.700362599654284],[-84.37957580038284,33.700338399797374],[-84.3795467001201,33.70028740014345],[-84.37955590018458,33.70025939975153],[-84.37959719975095,33.700221100323574],[-84.3796539002073,33.700221100323574],[-84.37970289976897,33.70024659970085],[-84.37973049996259,33.700296299834406],[-84.37972380001332,33.70037119987103]]},"properties":{"overall":32,"safety":96,"sidewalk":0,"sidewalk_present":0,"canopy":0.0,"comfort":0.0,"name":"William Nye Drive","road_type":"residential","osm_id":242069965}},{"type":"Feature","geometry":{"type":"LineString","coordinates":[[-84.37760149980932,33.70383940026818],[-84.37768519971218,33.70381919969634],[-84.37858629971794,33.703601300259834],[-84.37907229964685,33.703489900338695],[-84.37922629955403,33.70348469955928],[-84.37951340002337,33.70348499993287],[-84.3796180999953,33.703485999978966],[-84.37972749982424,33.703489000117315],[-84.37980079996692,33.70351079968373],[-84.37983410006365,33.7035651996743]]},"properties":{"overall":74,"safety":94,"sidewalk":100,"sidewalk_present":1,"canopy":26.5,"comfort":56.5,"name":"Jordan Street Southeast","road_type":"residential","osm_id":9250112}},{"type":"Feature","geometry":{"type":"LineString","coordinates":[[-84.37987150016954,33.70357749970191],[-84.37984320030341,33.70355450043991]]},"properties":{"overall":74,"safety":94,"sidewalk":100,"sidewalk_present":1,"canopy":27.3,"comfort":58.1,"name":"","road_type":"footway","osm_id":1386421031}},{"type":"Feature","geometry":{"type":"LineString","coordinates":[[-84.37865320028493,33.70498669957658],[-84.3786653995885,33.70498919969185],[-84.37867609972221,33.704989300415946],[-84.37903350019582,33.704981300046995],[-84.3790457003987,33.70498189989479],[-84.37906349978067,33.7049817002453],[-84.3790684001865,33.704968400171595],[-84.37907029955466,33.7049613998488],[-84.37907150014956,33.70495269980728],[-84.37907260002044,33.70493839968742],[-84.37907379971602,33.70492459959064],[-84.37912099973431,33.70448169967074],[-84.37914840027844,33.70436950025231],[-84.37919019986776,33.70426249981455],[-84.37927339974755,33.70414530016552],[-84.37928469972906,33.70413910023933],[-84.37928939958607,33.70413750034544],[-84.37930509995039,33.70413490040539]]},"properties":{"overall":49,"safety":31,"sidewalk":100,"sidewalk_present":1,"canopy":15.1,"comfort":44.6,"name":"","road_type":"footway","osm_id":1386062076}},{"type":"Feature","geometry":{"type":"LineString","coordinates":[[-84.37906349978067,33.7049817002453],[-84.37910880043074,33.70498480020842],[-84.37917410020452,33.704986099728785]]},"properties":{"overall":52,"safety":56,"sidewalk":100,"sidewalk_present":1,"canopy":0.0,"comfort":37.9,"name":"","road_type":"footway","osm_id":1386416382}},{"type":"Feature","geometry":{"type":"LineString","coordinates":[[-84.38032799963742,33.705054000341875],[-84.38023509967007,33.705052600097474],[-84.38013189976732,33.70505179970087],[-84.37910599994188,33.705036000411155],[-84.37870340044157,33.70504580032349],[-84.37861099959792,33.70504499992688]]},"properties":{"overall":7,"safety":15,"sidewalk":0,"sidewalk_present":0,"canopy":6.0,"comfort":40.2,"name":"Claire Drive Southeast","road_type":"residential","osm_id":569617423}},{"type":"Feature","geometry":{"type":"LineString","coordinates":[[-84.37914390007091,33.70509429986208],[-84.3791569995958,33.70509219994511],[-84.379198999734,33.70508490014805],[-84.37948040030022,33.7050879002864]]},"properties":{"overall":54,"safety":58,"sidewalk":100,"sidewalk_present":1,"canopy":2.5,"comfort":37.3,"name":"","road_type":"footway","osm_id":1386036234}},{"type":"Feature","geometry":{"type":"LineString","coordinates":[[-84.37906409962847,33.705099499742175],[-84.37910149973436,33.70509910044319],[-84.37914390007091,33.70509429986208]]},"properties":{"overall":51,"safety":52,"sidewalk":100,"sidewalk_present":1,"canopy":0.0,"comfort":36.4,"name":"","road_type":"footway","osm_id":1386036235}},{"type":"Feature","geometry":{"type":"LineString","coordinates":[[-84.37906409962847,33.705099499742175],[-84.37905300019577,33.70537409963504],[-84.37904769959164,33.705462899593215],[-84.37904480017733,33.705474699597744],[-84.37903710018202,33.70548010002665],[-84.37903290034802,33.705480000201874],[-84.379021800016,33.70547960000357],[-84.3790028998639,33.70546629992987],[-84.37897579969336,33.705422699897724],[-84.37878880006303,33.70513660037386],[-84.37878410020602,33.70512879965446],[-84.37878350035822,33.70512380032318],[-84.3787854995511,33.70512009961294],[-84.37879230022446,33.70511389968675],[-84.37880090044115,33.70510829960841],[-84.3788079996894,33.7051039999497],[-84.37881769977696,33.70510199985745],[-84.37906409962847,33.705099499742175]]},"properties":{"overall":48,"safety":42,"sidewalk":100,"sidewalk_present":1,"canopy":2.1,"comfort":36.7,"name":"","road_type":"footway","osm_id":1386036233}},{"type":"Feature","geometry":{"type":"LineString","coordinates":[[-84.38032679994183,33.70127539983986],[-84.3803113999511,33.70127510036565]]},"properties":{"overall":66,"safety":99,"sidewalk":100,"sidewalk_present":1,"canopy":0.0,"comfort":0.0,"name":"","road_type":"footway","osm_id":1388933612}},{"type":"Feature","geometry":{"type":"LineString","coordinates":[[-84.38032860038459,33.701538400277],[-84.3803272999649,33.7014322002359],[-84.38032589972045,33.701342099858095],[-84.38032679994183,33.70127539983986],[-84.38032880003408,33.70111040032475]]},"properties":{"overall":64,"safety":91,"sidewalk":100,"sidewalk_present":1,"canopy":0.0,"comfort":0.0,"name":"","road_type":"footway","osm_id":1388933610}},{"type":"Feature","geometry":{"type":"LineString","coordinates":[[-84.38161399958636,33.70413100004566],[-84.38157360024144,33.70408199958467],[-84.38055600025916,33.70284900028116],[-84.38038599961413,33.702665999936016]]},"properties":{"overall":70,"safety":66,"sidewalk":100,"sidewalk_present":1,"canopy":43.8,"comfort":63.8,"name":"Stillman Street Southeast","road_type":"residential","osm_id":9263083}},{"type":"Feature","geometry":{"type":"LineString","coordinates":[[-84.38082919990762,33.70451220017793],[-84.37987150016954,33.70357749970191]]},"properties":{"overall":71,"safety":82,"sidewalk":100,"sidewalk_present":1,"canopy":31.9,"comfort":57.1,"name":"","road_type":"footway","osm_id":1386421030}},{"type":"Feature","geometry":{"type":"LineString","coordinates":[[-84.38084600014275,33.704575999882536],[-84.38079959962181,33.7045307999565],[-84.37986499986982,33.70361880016753],[-84.37983410006365,33.7035651996743]]},"properties":{"overall":70,"safety":82,"sidewalk":100,"sidewalk_present":1,"canopy":27.4,"comfort":55.3,"name":"Owen Street Southeast","road_type":"residential","osm_id":9255106}},{"type":"Feature","geometry":{"type":"LineString","coordinates":[[-84.38030319993271,33.70497500029609],[-84.38039740031974,33.70484680013976],[-84.38047020043933,33.704770400033965],[-84.38051269970128,33.70473280027858],[-84.38055700030526,33.70469299988207],[-84.38063129959477,33.70463959993765],[-84.3806726000604,33.70460960035285],[-84.38076690027219,33.70455249969814]]},"properties":{"overall":46,"safety":27,"sidewalk":100,"sidewalk_present":1,"canopy":10.5,"comfort":45.5,"name":"","road_type":"footway","osm_id":1386416375}},{"type":"Feature","geometry":{"type":"LineString","coordinates":[[-84.38044229987219,33.70488899992745],[-84.38039740031974,33.70484680013976],[-84.38006450007657,33.704533499721265]]},"properties":{"overall":49,"safety":31,"sidewalk":100,"sidewalk_present":1,"canopy":16.9,"comfort":47.6,"name":"","road_type":"service","osm_id":765873395}},{"type":"Feature","geometry":{"type":"LineString","coordinates":[[-84.38030319993271,33.70497500029609],[-84.38037859999235,33.704985200406725],[-84.38044870034719,33.70499650038823]]},"properties":{"overall":39,"safety":0,"sidewalk":100,"sidewalk_present":1,"canopy":15.9,"comfort":46.5,"name":"","road_type":"footway","osm_id":1386353870}},{"type":"Feature","geometry":{"type":"LineString","coordinates":[[-84.38030319993271,33.70497500029609],[-84.38029969977129,33.704982200268375],[-84.38029320037089,33.70498940024066],[-84.38028829996506,33.70499360007466],[-84.38028050014492,33.70499939980249],[-84.38027049968377,33.70500220029135],[-84.38024929996516,33.70500809984401]]},"properties":{"overall":37,"safety":0,"sidewalk":100,"sidewalk_present":1,"canopy":9.8,"comfort":44.2,"name":"","road_type":"footway","osm_id":1386353872}},{"type":"Feature","geometry":{"type":"LineString","coordinates":[[-84.38045650016733,33.70501269987625],[-84.38046410033792,33.70500049967336]]},"properties":{"overall":39,"safety":0,"sidewalk":100,"sidewalk_present":1,"canopy":18.4,"comfort":47.5,"name":"","road_type":"footway","osm_id":1386353869}},{"type":"Feature","geometry":{"type":"LineString","coordinates":[[-84.37917410020452,33.704986099728785],[-84.38024929996516,33.70500809984401]]},"properties":{"overall":41,"safety":17,"sidewalk":100,"sidewalk_present":1,"canopy":5.9,"comfort":41.2,"name":"","road_type":"footway","osm_id":1386416383}},{"type":"Feature","geometry":{"type":"LineString","coordinates":[[-84.38021890018206,33.7051054001941],[-84.38023509967007,33.705052600097474],[-84.38024929996516,33.70500809984401]]},"properties":{"overall":36,"safety":0,"sidewalk":100,"sidewalk_present":1,"canopy":9.2,"comfort":43.8,"name":"","road_type":"footway","osm_id":1386353871}},{"type":"Feature","geometry":{"type":"LineString","coordinates":[[-84.38040820027817,33.70510910000502],[-84.38043030021817,33.705054899663935],[-84.38045650016733,33.70501269987625]]},"properties":{"overall":39,"safety":0,"sidewalk":100,"sidewalk_present":1,"canopy":18.4,"comfort":47.4,"name":"","road_type":"footway","osm_id":1386353868}},{"type":"Feature","geometry":{"type":"LineString","coordinates":[[-84.38012669988723,33.70526329956169],[-84.38013039969815,33.70512580041543],[-84.38013189976732,33.705100399963555],[-84.38013189976732,33.70505179970087]]},"properties":{"overall":37,"safety":0,"sidewalk":100,"sidewalk_present":1,"canopy":12.2,"comfort":43.4,"name":"","road_type":"service","osm_id":1416060348}},{"type":"Feature","geometry":{"type":"LineString","coordinates":[[-84.38040479994152,33.70512099983432],[-84.38040820027817,33.70510910000502]]},"properties":{"overall":39,"safety":0,"sidewalk":100,"sidewalk_present":1,"canopy":18.4,"comfort":47.3,"name":"","road_type":"footway","osm_id":1386353867}},{"type":"Feature","geometry":{"type":"LineString","coordinates":[[-84.38013039969815,33.70512580041543],[-84.37986440002203,33.705120200337035]]},"properties":{"overall":57,"safety":61,"sidewalk":100,"sidewalk_present":1,"canopy":10.2,"comfort":42.7,"name":"","road_type":"service","osm_id":1416060349}},{"type":"Feature","geometry":{"type":"LineString","coordinates":[[-84.38010130033473,33.706181900374474],[-84.38010269967981,33.706169999645795],[-84.38013399968429,33.70576609972579],[-84.38014459999323,33.70561359988778],[-84.38016800035291,33.70539719962113],[-84.38018460003923,33.70528870001357],[-84.38019139981321,33.70526230041486],[-84.38022539958251,33.70513119994496],[-84.38022660017742,33.70512399997267],[-84.3802277000483,33.70511770022176],[-84.38022729984999,33.70511339966373],[-84.38022119974852,33.70510609986667],[-84.38021890018206,33.7051054001941],[-84.38020900044495,33.70510220040626],[-84.38013189976732,33.705100399963555],[-84.37970399963984,33.70508979965456],[-84.37948040030022,33.7050879002864]]},"properties":{"overall":54,"safety":54,"sidewalk":100,"sidewalk_present":1,"canopy":6.8,"comfort":39.4,"name":"","road_type":"footway","osm_id":1386352481}},{"type":"Feature","geometry":{"type":"LineString","coordinates":[[-84.3802523001035,33.70612860025477],[-84.38028050014492,33.70576110039451],[-84.3803112003016,33.705381500156136],[-84.3803447998726,33.70525830023041],[-84.38038339967414,33.70515570017545],[-84.38038810043048,33.70514190007867],[-84.38039120039355,33.705134999580594],[-84.3803936996095,33.70513210016634],[-84.3803992996879,33.70512399997267],[-84.38040479994152,33.70512099983432],[-84.38040870030125,33.70511899974207],[-84.38042580001064,33.705115899779],[-84.38044949984453,33.705115200106434],[-84.38072650002789,33.70512070036011],[-84.38117900021064,33.70512919985276],[-84.38152640022315,33.70513179979275],[-84.38200239969098,33.70513520012946]]},"properties":{"overall":62,"safety":63,"sidewalk":100,"sidewalk_present":1,"canopy":22.4,"comfort":48.9,"name":"","road_type":"footway","osm_id":1386353861}},{"type":"Feature","geometry":{"type":"LineString","coordinates":[[-84.38037750012148,33.705132600189415],[-84.38030019979436,33.70512659991272],[-84.38022660017742,33.70512399997267]]},"properties":{"overall":38,"safety":0,"sidewalk":100,"sidewalk_present":1,"canopy":13.2,"comfort":45.3,"name":"","road_type":"footway","osm_id":1386353866}},{"type":"Feature","geometry":{"type":"LineString","coordinates":[[-84.38039120039355,33.705134999580594],[-84.38037750012148,33.705132600189415]]},"properties":{"overall":40,"safety":0,"sidewalk":100,"sidewalk_present":1,"canopy":18.5,"comfort":47.3,"name":"","road_type":"footway","osm_id":1386353865}},{"type":"Feature","geometry":{"type":"LineString","coordinates":[[-84.38082919990762,33.70451220017793],[-84.3812735998967,33.70425839980538],[-84.38154259971117,33.70410050043779]]},"properties":{"overall":57,"safety":49,"sidewalk":100,"sidewalk_present":1,"canopy":22.8,"comfort":52.6,"name":"","road_type":"footway","osm_id":1386416377}},{"type":"Feature","geometry":{"type":"LineString","coordinates":[[-84.38076690027219,33.70455249969814],[-84.38079959962181,33.7045307999565],[-84.38082919990762,33.70451220017793]]},"properties":{"overall":60,"safety":68,"sidewalk":100,"sidewalk_present":1,"canopy":12.8,"comfort":47.7,"name":"","road_type":"footway","osm_id":1386416376}},{"type":"Feature","geometry":{"type":"LineString","coordinates":[[-84.38044870034719,33.70499650038823],[-84.38046410033792,33.70500049967336],[-84.38050139971978,33.70500309961341],[-84.38056000044361,33.705007300346665],[-84.3807948997648,33.70501450031901],[-84.3811207996851,33.705014199945424],[-84.38168519981207,33.70501310007455],[-84.38202410033193,33.7050146999685],[-84.38331680023009,33.70502950011138],[-84.3839296998957,33.70503450034198],[-84.38449910025321,33.705044499903806],[-84.38485489993366,33.70504299983463]]},"properties":{"overall":62,"safety":57,"sidewalk":100,"sidewalk_present":1,"canopy":29.5,"comfort":59.1,"name":"","road_type":"footway","osm_id":1385352495}},{"type":"Feature","geometry":{"type":"LineString","coordinates":[[-84.3802523001035,33.70612860025477],[-84.38026019974836,33.70612259997807],[-84.38027230012653,33.70612059988582],[-84.3802934998451,33.706120699710596],[-84.38073110006019,33.706129499576775],[-84.3813091995599,33.70613089982123],[-84.38184629986682,33.70613690009793],[-84.38199819985698,33.7061385998166]]},"properties":{"overall":63,"safety":76,"sidewalk":100,"sidewalk_present":1,"canopy":13.8,"comfort":46.3,"name":"","road_type":"footway","osm_id":1386383320}},{"type":"Feature","geometry":{"type":"LineString","coordinates":[[-84.38099189985627,33.70623700003756],[-84.38116489974027,33.706239199779304],[-84.38117819981403,33.70623280020362],[-84.38117850018762,33.706222400443494],[-84.38117669974486,33.706197099816336]]},"properties":{"overall":68,"safety":84,"sidewalk":100,"sidewalk_present":1,"canopy":21.0,"comfort":47.5,"name":"","road_type":"footway","osm_id":1390904001}},{"type":"Feature","geometry":{"type":"LineString","coordinates":[[-84.38024539960549,33.70623099976086],[-84.38082950028115,33.70623809990843],[-84.38099189985627,33.70623700003756]]},"properties":{"overall":62,"safety":81,"sidewalk":100,"sidewalk_present":1,"canopy":4.4,"comfort":39.1,"name":"","road_type":"footway","osm_id":1386383323}},{"type":"Feature","geometry":{"type":"LineString","coordinates":[[-84.3808256997462,33.70629009960845],[-84.38082950028115,33.70623809990843],[-84.38083239969546,33.70619909990859]]},"properties":{"overall":70,"safety":100,"sidewalk":100,"sidewalk_present":1,"canopy":8.7,"comfort":41.9,"name":"","road_type":"service","osm_id":563001801}},{"type":"Feature","geometry":{"type":"LineString","coordinates":[[-84.38081210019823,33.70647639956621],[-84.3808256997462,33.70629009960845]]},"properties":{"overall":39,"safety":98,"sidewalk":0,"sidewalk_present":0,"canopy":17.6,"comfort":45.0,"name":"","road_type":"service","osm_id":563001800}},{"type":"Feature","geometry":{"type":"LineString","coordinates":[[-84.3807598999494,33.70660370040048],[-84.38076270043825,33.706559100322295],[-84.38080969990767,33.70650890016566],[-84.38081210019823,33.70647639956621]]},"properties":{"overall":39,"safety":97,"sidewalk":0,"sidewalk_present":0,"canopy":19.6,"comfort":45.0,"name":"","road_type":"service","osm_id":563001803}},{"type":"Feature","geometry":{"type":"LineString","coordinates":[[-84.38074399993559,33.70685919959243],[-84.3807598999494,33.70660370040048]]},"properties":{"overall":36,"safety":100,"sidewalk":0,"sidewalk_present":0,"canopy":9.4,"comfort":40.8,"name":"","road_type":"service","osm_id":563001799}},{"type":"Feature","geometry":{"type":"LineString","coordinates":[[-84.38025819965617,33.705265600027474],[-84.38019139981321,33.70526230041486],[-84.38012669988723,33.70526329956169],[-84.37991429980508,33.70526690044716]]},"properties":{"overall":49,"safety":31,"sidewalk":100,"sidewalk_present":1,"canopy":16.6,"comfort":44.4,"name":"","road_type":"service","osm_id":1416060347}},{"type":"Feature","geometry":{"type":"LineString","coordinates":[[-84.3800923997444,33.70696090032533],[-84.380126799712,33.70661579987933],[-84.38013509955516,33.70653259999955],[-84.38016800035291,33.70620300026832],[-84.3802450003065,33.70532200011024],[-84.38025819965617,33.705265600027474],[-84.3802759999374,33.70519000031834],[-84.38030019979436,33.70512659991272],[-84.38032799963742,33.705054000341875]]},"properties":{"overall":2,"safety":0,"sidewalk":0,"sidewalk_present":0,"canopy":6.3,"comfort":37.8,"name":"Lakewood Avenue Southeast","road_type":"secondary","osm_id":31032218}},{"type":"Feature","geometry":{"type":"LineString","coordinates":[[-84.38024539960549,33.70623099976086],[-84.38024639965158,33.70620240042052],[-84.3802523001035,33.70612860025477]]},"properties":{"overall":57,"safety":70,"sidewalk":100,"sidewalk_present":1,"canopy":0.0,"comfort":35.0,"name":"","road_type":"footway","osm_id":1386353860}},{"type":"Feature","geometry":{"type":"LineString","coordinates":[[-84.38635799982177,33.706226999576415],[-84.38488100005804,33.70621499992234],[-84.38452799996719,33.70621199978399],[-84.38339699997152,33.70620300026832],[-84.38205199999976,33.70619199976102],[-84.38117669974486,33.706197099816336],[-84.38083239969546,33.70619909990859],[-84.38024639965158,33.70620240042052],[-84.38016800035291,33.70620300026832],[-84.38009480003495,33.70621969977935],[-84.3800630000074,33.706226999576415],[-84.37983970014199,33.70626889988989],[-84.3795072999219,33.70633140007408],[-84.37950400030934,33.70633199992193],[-84.37943499982532,33.70636000031379]]},"properties":{"overall":69,"safety":86,"sidewalk":100,"sidewalk_present":1,"canopy":21.8,"comfort":52.9,"name":"Adair Avenue Southeast","road_type":"residential","osm_id":571084127}},{"type":"Feature","geometry":{"type":"LineString","coordinates":[[-84.38008700021487,33.7062761996869],[-84.38009480003495,33.70621969977935],[-84.38010130033473,33.706181900374474]]},"properties":{"overall":56,"safety":69,"sidewalk":100,"sidewalk_present":1,"canopy":0.0,"comfort":33.4,"name":"","road_type":"footway","osm_id":1386352480}},{"type":"Feature","geometry":{"type":"LineString","coordinates":[[-84.38002519970314,33.70709809999738],[-84.380057399929,33.70661150022062],[-84.38008569979519,33.706285899774514],[-84.38008700021487,33.7062761996869]]},"properties":{"overall":49,"safety":45,"sidewalk":100,"sidewalk_present":1,"canopy":0.9,"comfort":33.3,"name":"","road_type":"footway","osm_id":1386352479}},{"type":"Feature","geometry":{"type":"LineString","coordinates":[[-84.38008700021487,33.7062761996869],[-84.3798570004002,33.70632350042928],[-84.37953619963588,33.70638070000933]]},"properties":{"overall":57,"safety":70,"sidewalk":100,"sidewalk_present":1,"canopy":0.0,"comfort":33.4,"name":"","road_type":"footway","osm_id":1386367175}},{"type":"Feature","geometry":{"type":"LineString","coordinates":[[-84.3799497996435,33.7065599996443],[-84.3798910001695,33.706430800341195]]},"properties":{"overall":25,"safety":74,"sidewalk":0,"sidewalk_present":0,"canopy":0.0,"comfort":32.5,"name":"","road_type":"service","osm_id":563001791}},{"type":"Feature","geometry":{"type":"LineString","coordinates":[[-84.37983970014199,33.70626889988989],[-84.3798570004002,33.70632350042928],[-84.3798910001695,33.706430800341195],[-84.37985720004968,33.70643779976467]]},"properties":{"overall":62,"safety":85,"sidewalk":100,"sidewalk_present":1,"canopy":0.0,"comfort":32.3,"name":"","road_type":"service","osm_id":563001796}},{"type":"Feature","geometry":{"type":"LineString","coordinates":[[-84.38029719965601,33.70653949959831],[-84.38023089983614,33.70653670000877],[-84.38013509955516,33.70653259999955]]},"properties":{"overall":59,"safety":76,"sidewalk":100,"sidewalk_present":1,"canopy":0.0,"comfort":32.8,"name":"","road_type":"service","osm_id":563001797}},{"type":"Feature","geometry":{"type":"LineString","coordinates":[[-84.37905879992365,33.705858300020566],[-84.37896620032984,33.70570070012724],[-84.3788025003351,33.705409999671815],[-84.37867740014184,33.70524939964014]]},"properties":{"overall":52,"safety":45,"sidewalk":100,"sidewalk_present":1,"canopy":11.3,"comfort":39.6,"name":"","road_type":"footway","osm_id":1386034783}},{"type":"Feature","geometry":{"type":"LineString","coordinates":[[-84.37911279971587,33.70563819994305],[-84.37907290039402,33.70555209974964],[-84.37903290034802,33.705480000201874]]},"properties":{"overall":53,"safety":58,"sidewalk":100,"sidewalk_present":1,"canopy":0.0,"comfort":35.6,"name":"","road_type":"footway","osm_id":1386050566}},{"type":"Feature","geometry":{"type":"LineString","coordinates":[[-84.37948849959452,33.70629390014341],[-84.3793113997013,33.705990799835604],[-84.37912669963742,33.70566470026574],[-84.37911279971587,33.70563819994305],[-84.37911240041689,33.70560799980939],[-84.37914390007091,33.70509429986208]]},"properties":{"overall":51,"safety":52,"sidewalk":100,"sidewalk_present":1,"canopy":0.5,"comfort":35.5,"name":"","road_type":"footway","osm_id":1386050565}},{"type":"Feature","geometry":{"type":"LineString","coordinates":[[-84.37910270032933,33.70593270003411],[-84.37907729987745,33.705890299697614],[-84.37905879992365,33.705858300020566]]},"properties":{"overall":58,"safety":69,"sidewalk":100,"sidewalk_present":1,"canopy":6.3,"comfort":37.7,"name":"","road_type":"footway","osm_id":1386034782}},{"type":"Feature","geometry":{"type":"LineString","coordinates":[[-84.38010130033473,33.706181900374474],[-84.37948849959452,33.70629390014341]]},"properties":{"overall":55,"safety":63,"sidewalk":100,"sidewalk_present":1,"canopy":0.8,"comfort":33.9,"name":"","road_type":"footway","osm_id":1386367174}},{"type":"Feature","geometry":{"type":"LineString","coordinates":[[-84.37939260038814,33.70628579994974],[-84.37932529962285,33.70631180024941],[-84.37930359988121,33.70632019991734],[-84.37901529971629,33.70643190021207]]},"properties":{"overall":62,"safety":68,"sidewalk":100,"sidewalk_present":1,"canopy":18.0,"comfort":41.5,"name":"","road_type":"service","osm_id":563001780}},{"type":"Feature","geometry":{"type":"LineString","coordinates":[[-84.37953619963588,33.70638070000933],[-84.3795072999219,33.70633140007408],[-84.37948849959452,33.70629390014341]]},"properties":{"overall":53,"safety":58,"sidewalk":100,"sidewalk_present":1,"canopy":1.4,"comfort":34.4,"name":"","road_type":"footway","osm_id":1386050564}},{"type":"Feature","geometry":{"type":"LineString","coordinates":[[-84.3795071002724,33.706655000427986],[-84.37951060043383,33.70664490014207],[-84.37950889981585,33.70663560025281],[-84.37939770044346,33.70644859972316],[-84.37932529962285,33.70631180024941],[-84.37910270032933,33.70593270003411]]},"properties":{"overall":45,"safety":25,"sidewalk":100,"sidewalk_present":1,"canopy":8.7,"comfort":37.8,"name":"","road_type":"footway","osm_id":1386034781}},{"type":"Feature","geometry":{"type":"LineString","coordinates":[[-84.3793236997289,33.70644639998142],[-84.37939770044346,33.70644859972316],[-84.3794879995715,33.706451199663206]]},"properties":{"overall":40,"safety":17,"sidewalk":100,"sidewalk_present":1,"canopy":1.7,"comfort":35.1,"name":"","road_type":"service","osm_id":563001784}},{"type":"Feature","geometry":{"type":"LineString","coordinates":[[-84.37985720004968,33.70643779976467],[-84.37967760004119,33.70647479967232],[-84.37963719979689,33.7064831004148]]},"properties":{"overall":55,"safety":64,"sidewalk":100,"sidewalk_present":1,"canopy":0.0,"comfort":33.6,"name":"","road_type":"service","osm_id":563001794}},{"type":"Feature","geometry":{"type":"LineString","coordinates":[[-84.37901529971629,33.70643190021207],[-84.37901390037115,33.70649000001356],[-84.37905820007586,33.70653229962596]]},"properties":{"overall":20,"safety":29,"sidewalk":0,"sidewalk_present":0,"canopy":30.9,"comfort":47.0,"name":"","road_type":"service","osm_id":563001787}},{"type":"Feature","geometry":{"type":"LineString","coordinates":[[-84.37963719979689,33.7064831004148],[-84.37960939995378,33.70648880031791],[-84.37959790032278,33.7064927996031],[-84.37952670009707,33.706517700031895]]},"properties":{"overall":51,"safety":52,"sidewalk":100,"sidewalk_present":1,"canopy":0.0,"comfort":33.5,"name":"","road_type":"service","osm_id":563001795}},{"type":"Feature","geometry":{"type":"LineString","coordinates":[[-84.38000619972632,33.70709800017261],[-84.37985290039103,33.706882799601544],[-84.37959790032278,33.7064927996031],[-84.37953619963588,33.70638070000933]]},"properties":{"overall":44,"safety":31,"sidewalk":100,"sidewalk_present":1,"canopy":1.2,"comfort":33.6,"name":"","road_type":"footway","osm_id":1386050563}},{"type":"Feature","geometry":{"type":"LineString","coordinates":[[-84.37905820007586,33.70653229962596],[-84.37913190041684,33.706530099884276],[-84.3793236997289,33.70644639998142]]},"properties":{"overall":8,"safety":0,"sidewalk":0,"sidewalk_present":0,"canopy":23.2,"comfort":44.3,"name":"","road_type":"service","osm_id":563001781}},{"type":"Feature","geometry":{"type":"LineString","coordinates":[[-84.37891869993803,33.7066182999946],[-84.37905820007586,33.70653229962596]]},"properties":{"overall":25,"safety":33,"sidewalk":0,"sidewalk_present":0,"canopy":41.7,"comfort":51.5,"name":"","road_type":"service","osm_id":563001782}},{"type":"Feature","geometry":{"type":"LineString","coordinates":[[-84.37967760004119,33.70647479967232],[-84.37972339981502,33.70658139991173],[-84.37987760027102,33.706824599975334]]},"properties":{"overall":20,"safety":60,"sidewalk":0,"sidewalk_present":0,"canopy":0.0,"comfort":32.9,"name":"","road_type":"service","osm_id":563001793}},{"type":"Feature","geometry":{"type":"LineString","coordinates":[[-84.37903600031115,33.706781499966326],[-84.37891869993803,33.7066182999946]]},"properties":{"overall":46,"safety":100,"sidewalk":0,"sidewalk_present":0,"canopy":39.0,"comfort":51.2,"name":"","road_type":"service","osm_id":563001786}},{"type":"Feature","geometry":{"type":"LineString","coordinates":[[-84.37955540016156,33.70672530043231],[-84.3795288000141,33.70668619970843],[-84.3795071002724,33.706655000427986]]},"properties":{"overall":34,"safety":0,"sidewalk":100,"sidewalk_present":1,"canopy":3.5,"comfort":35.4,"name":"","road_type":"footway","osm_id":1386031968}},{"type":"Feature","geometry":{"type":"LineString","coordinates":[[-84.37910599994188,33.70687899996591],[-84.37903600031115,33.706781499966326]]},"properties":{"overall":39,"safety":97,"sidewalk":0,"sidewalk_present":0,"canopy":21.0,"comfort":44.5,"name":"","road_type":"service","osm_id":563001783}},{"type":"Feature","geometry":{"type":"LineString","coordinates":[[-84.37960599961713,33.70665400038189],[-84.3795288000141,33.70668619970843],[-84.37924199991835,33.70680600019682],[-84.37910599994188,33.70687899996591],[-84.37861199964402,33.707271000056664],[-84.37820099957645,33.7075999999401],[-84.37776900033907,33.70792300044616]]},"properties":{"overall":65,"safety":66,"sidewalk":100,"sidewalk_present":1,"canopy":28.5,"comfort":54.7,"name":"Whatley Street Southeast","road_type":"residential","osm_id":9255209}},{"type":"Feature","geometry":{"type":"LineString","coordinates":[[-84.3830791004201,33.69821070006378],[-84.38302969976081,33.69854170003947],[-84.38315189964044,33.69854839998874],[-84.38325859970456,33.69822319974094]]},"properties":{"overall":33,"safety":100,"sidewalk":0,"sidewalk_present":0,"canopy":0.0,"comfort":0.0,"name":"","road_type":"service","osm_id":1511724797}},{"type":"Feature","geometry":{"type":"LineString","coordinates":[[-84.38294180002401,33.7006580997915],[-84.38270500043541,33.700676300271084]]},"properties":{"overall":33,"safety":100,"sidewalk":0,"sidewalk_present":0,"canopy":0.0,"comfort":0.0,"name":"","road_type":"service","osm_id":1163580790}},{"type":"Feature","geometry":{"type":"LineString","coordinates":[[-84.38270500043541,33.700676300271084],[-84.38266300029721,33.700679500058925]]},"properties":{"overall":33,"safety":100,"sidewalk":0,"sidewalk_present":0,"canopy":0.0,"comfort":0.0,"name":"","road_type":"service","osm_id":1163580791}},{"type":"Feature","geometry":{"type":"LineString","coordinates":[[-84.38210060026245,33.703777900130035],[-84.3824588002334,33.703568799660445],[-84.38293829986259,33.70329319972143],[-84.38355609993403,33.702953999727356],[-84.38368420026558,33.70286879975538]]},"properties":{"overall":68,"safety":86,"sidewalk":100,"sidewalk_present":1,"canopy":18.8,"comfort":49.8,"name":"","road_type":"footway","osm_id":1385358173}},{"type":"Feature","geometry":{"type":"LineString","coordinates":[[-84.38377450029293,33.70296540043296],[-84.38352239963899,33.70310369997583],[-84.38350460025708,33.70311139997119],[-84.38349140000804,33.70311530033092],[-84.38347499997121,33.70311530033092],[-84.38346029965305,33.70312040038624],[-84.38317179983864,33.70329069960616],[-84.3826287999791,33.70361649970175],[-84.38243580007207,33.70373430009795],[-84.38200370011066,33.703992999977004],[-84.38195530039678,33.704008300143016],[-84.38159220001995,33.70421620001764],[-84.381025199953,33.704551600376135],[-84.38070519958524,33.704752900126266],[-84.38060559966863,33.704825399872334],[-84.38053870000095,33.704884999743],[-84.38046410033792,33.70500049967336]]},"properties":{"overall":62,"safety":61,"sidewalk":100,"sidewalk_present":1,"canopy":23.9,"comfort":52.1,"name":"","road_type":"footway","osm_id":1385358168}},{"type":"Feature","geometry":{"type":"LineString","coordinates":[[-84.38211180041924,33.70513420008331],[-84.38248910019178,33.705133799885004],[-84.38335819962117,33.70514280030005]]},"properties":{"overall":69,"safety":76,"sidewalk":100,"sidewalk_present":1,"canopy":31.4,"comfort":61.4,"name":"","road_type":"footway","osm_id":1385344461}},{"type":"Feature","geometry":{"type":"LineString","coordinates":[[-84.38283400008902,33.70979200030064],[-84.38282000034269,33.708582000259184]]},"properties":{"overall":40,"safety":89,"sidewalk":0,"sidewalk_present":0,"canopy":30.6,"comfort":59.5,"name":"Bird Street Southeast","road_type":"residential","osm_id":9245247}},{"type":"Feature","geometry":{"type":"LineString","coordinates":[[-84.38294180002401,33.7006580997915],[-84.38332390037766,33.70066489956554]]},"properties":{"overall":33,"safety":100,"sidewalk":0,"sidewalk_present":0,"canopy":0.0,"comfort":0.0,"name":"","road_type":"service","osm_id":863617959}},{"type":"Feature","geometry":{"type":"LineString","coordinates":[[-84.3836573995693,33.702776200161566],[-84.38404419977996,33.7025330000979]]},"properties":{"overall":34,"safety":89,"sidewalk":0,"sidewalk_present":0,"canopy":13.1,"comfort":46.7,"name":"","road_type":"service","osm_id":374362174}},{"type":"Feature","geometry":{"type":"LineString","coordinates":[[-84.38371600029313,33.70249810010728],[-84.38404419977996,33.7025330000979]]},"properties":{"overall":36,"safety":96,"sidewalk":0,"sidewalk_present":0,"canopy":13.5,"comfort":46.7,"name":"","road_type":"service","osm_id":563018098}},{"type":"Feature","geometry":{"type":"LineString","coordinates":[[-84.38349469962066,33.70276270043831],[-84.38353740033074,33.70265279968703],[-84.38352370005867,33.702625499867],[-84.38353550006326,33.70258149963655],[-84.38355469968963,33.70254210033772],[-84.38362029983693,33.70250720034704],[-84.38371600029313,33.70249810010728]]},"properties":{"overall":36,"safety":100,"sidewalk":0,"sidewalk_present":0,"canopy":8.0,"comfort":45.1,"name":"","road_type":"service","osm_id":374362173}},{"type":"Feature","geometry":{"type":"LineString","coordinates":[[-84.3836573995693,33.702776200161566],[-84.3835924001691,33.70277270000014],[-84.38349469962066,33.70276270043831]]},"properties":{"overall":31,"safety":89,"sidewalk":0,"sidewalk_present":0,"canopy":5.4,"comfort":43.8,"name":"","road_type":"service","osm_id":563018097}},{"type":"Feature","geometry":{"type":"LineString","coordinates":[[-84.38368420026558,33.70286879975538],[-84.38372609967973,33.70284219960786],[-84.38378160044044,33.702808400387426]]},"properties":{"overall":63,"safety":83,"sidewalk":100,"sidewalk_present":1,"canopy":5.8,"comfort":43.6,"name":"","road_type":"footway","osm_id":1385358174}},{"type":"Feature","geometry":{"type":"LineString","coordinates":[[-84.38376780034366,33.702882300377894],[-84.38372609967973,33.70284219960786],[-84.3836573995693,33.702776200161566]]},"properties":{"overall":31,"safety":84,"sidewalk":0,"sidewalk_present":0,"canopy":10.3,"comfort":45.1,"name":"","road_type":"service","osm_id":563018096}},{"type":"Feature","geometry":{"type":"LineString","coordinates":[[-84.38032799963742,33.705054000341875],[-84.38037859999235,33.704985200406725],[-84.38043199993683,33.70490000043475],[-84.38044229987219,33.70488899992745],[-84.38054399970576,33.70478100034296],[-84.38067600039705,33.7046780000897],[-84.38084600014275,33.704575999882536],[-84.38161399958636,33.70413100004566],[-84.3820849997229,33.703858000046694],[-84.38372180002102,33.70290900035013],[-84.38376780034366,33.702882300377894],[-84.3837770004082,33.702876999773764],[-84.38460249980551,33.70240350042127],[-84.38471499959752,33.702339000144775],[-84.38515240016312,33.7020881000858],[-84.3855149996175,33.70186900005439],[-84.3861131000395,33.70152210006489],[-84.38618969979478,33.7014776996362],[-84.38624099982223,33.70144800042493],[-84.38664300037414,33.701202999918564],[-84.38680389988002,33.70112859990502],[-84.38701200030351,33.70103839970244],[-84.38727289992437,33.70096060025156]]},"properties":{"overall":22,"safety":45,"sidewalk":0,"sidewalk_present":0,"canopy":19.9,"comfort":51.3,"name":"Lakewood Avenue Southeast","road_type":"secondary","osm_id":586590785}},{"type":"Feature","geometry":{"type":"LineString","coordinates":[[-84.38368420026558,33.70286879975538],[-84.38372180002102,33.70290900035013],[-84.38377450029293,33.70296540043296]]},"properties":{"overall":66,"safety":84,"sidewalk":100,"sidewalk_present":1,"canopy":13.3,"comfort":46.3,"name":"","road_type":"footway","osm_id":1385358175}},{"type":"Feature","geometry":{"type":"LineString","coordinates":[[-84.38386380027413,33.702914200230225],[-84.38382089991455,33.7029390997597],[-84.38377450029293,33.70296540043296]]},"properties":{"overall":67,"safety":84,"sidewalk":100,"sidewalk_present":1,"canopy":15.6,"comfort":46.6,"name":"","road_type":"footway","osm_id":1385358172}},{"type":"Feature","geometry":{"type":"LineString","coordinates":[[-84.3820849997229,33.703858000046694],[-84.38204899986141,33.703808000438926],[-84.38135050002552,33.702098900044234]]},"properties":{"overall":40,"safety":91,"sidewalk":0,"sidewalk_present":0,"canopy":30.2,"comfort":57.1,"name":"Conrad Avenue Southeast","road_type":"residential","osm_id":9270108}},{"type":"Feature","geometry":{"type":"LineString","coordinates":[[-84.38160760001068,33.70406189973693],[-84.38200410030896,33.703833800189784]]},"properties":{"overall":65,"safety":64,"sidewalk":100,"sidewalk_present":1,"canopy":32.2,"comfort":57.2,"name":"","road_type":"footway","osm_id":1386416379}},{"type":"Feature","geometry":{"type":"LineString","coordinates":[[-84.38206139971379,33.70513429990808],[-84.38211180041924,33.70513420008331]]},"properties":{"overall":67,"safety":71,"sidewalk":100,"sidewalk_present":1,"canopy":30.2,"comfort":58.3,"name":"","road_type":"footway","osm_id":1386353863}},{"type":"Feature","geometry":{"type":"LineString","coordinates":[[-84.38200239969098,33.70513520012946],[-84.38206139971379,33.70513429990808]]},"properties":{"overall":72,"safety":86,"sidewalk":100,"sidewalk_present":1,"canopy":30.2,"comfort":58.0,"name":"","road_type":"footway","osm_id":1386353862}},{"type":"Feature","geometry":{"type":"LineString","coordinates":[[-84.38200239969098,33.70513520012946],[-84.38200670024901,33.70527980032256],[-84.38200379993538,33.70543850008676]]},"properties":{"overall":74,"safety":78,"sidewalk":100,"sidewalk_present":1,"canopy":44.3,"comfort":63.3,"name":"","road_type":"footway","osm_id":1386353864}},{"type":"Feature","geometry":{"type":"LineString","coordinates":[[-84.38211340031313,33.70613690009793],[-84.38240810005374,33.706136599724346],[-84.38251809973048,33.70613740012095]]},"properties":{"overall":72,"safety":87,"sidewalk":100,"sidewalk_present":1,"canopy":28.1,"comfort":59.5,"name":"","road_type":"footway","osm_id":1386383322}},{"type":"Feature","geometry":{"type":"LineString","coordinates":[[-84.38199819985698,33.7061385998166],[-84.38205250002284,33.70613690009793],[-84.38211340031313,33.70613690009793]]},"properties":{"overall":63,"safety":68,"sidewalk":100,"sidewalk_present":1,"canopy":20.2,"comfort":55.3,"name":"","road_type":"footway","osm_id":1386383321}},{"type":"Feature","geometry":{"type":"LineString","coordinates":[[-84.38204200043793,33.707314000240956],[-84.38205199999976,33.70619199976102],[-84.38205250002284,33.70613690009793],[-84.38206139971379,33.70513429990808],[-84.38206199956159,33.7050700001804]]},"properties":{"overall":41,"safety":87,"sidewalk":0,"sidewalk_present":0,"canopy":36.7,"comfort":60.6,"name":"Hopkins Street Southeast","road_type":"residential","osm_id":9244524}},{"type":"Feature","geometry":{"type":"LineString","coordinates":[[-84.38092400014244,33.708599000143806],[-84.38099849998076,33.70857819972417],[-84.38103499986534,33.708567999613535],[-84.38211319976432,33.708576500005506],[-84.38282000034269,33.708582000259184],[-84.38346300031719,33.70858699959041],[-84.3848779999197,33.70859800009765]]},"properties":{"overall":37,"safety":84,"sidewalk":0,"sidewalk_present":0,"canopy":26.6,"comfort":56.0,"name":"Turman Avenue Southeast","road_type":"residential","osm_id":9267761}},{"type":"Feature","geometry":{"type":"LineString","coordinates":[[-84.38102989981002,33.70863550002838],[-84.38144270032035,33.708631499843875],[-84.38178290036052,33.708630300148286],[-84.38211390033621,33.708632400065255],[-84.38245940008119,33.70863759994535]]},"properties":{"overall":67,"safety":83,"sidewalk":100,"sidewalk_present":1,"canopy":19.4,"comfort":48.5,"name":"","road_type":"footway","osm_id":1390904002}},{"type":"Feature","geometry":{"type":"LineString","coordinates":[[-84.38424200026805,33.70400599967718],[-84.3842390001297,33.70395099983881],[-84.38408300013032,33.70335800037145],[-84.38400300003838,33.70319700014147],[-84.38382089991455,33.7029390997597],[-84.3837770004082,33.702876999773764]]},"properties":{"overall":40,"safety":94,"sidewalk":0,"sidewalk_present":0,"canopy":25.9,"comfort":53.5,"name":"Terrace Way Southeast","road_type":"residential","osm_id":9268828}},{"type":"Feature","geometry":{"type":"LineString","coordinates":[[-84.38813199979194,33.70513300038772],[-84.38637000037517,33.70510199985745],[-84.38631689990495,33.705101599659145],[-84.384889000427,33.705091000249524],[-84.3834079995795,33.705079999742225],[-84.38206199956159,33.7050700001804],[-84.38043030021817,33.705054899663935],[-84.38032799963742,33.705054000341875]]},"properties":{"overall":30,"safety":56,"sidewalk":0,"sidewalk_present":0,"canopy":32.9,"comfort":61.0,"name":"Claire Drive Southeast","road_type":"residential","osm_id":9248687}},{"type":"Feature","geometry":{"type":"LineString","coordinates":[[-84.3833860003636,33.707322999756684],[-84.38339699997152,33.70620300026832],[-84.38340739973165,33.70514199990345],[-84.3834079995795,33.705079999742225]]},"properties":{"overall":27,"safety":81,"sidewalk":0,"sidewalk_present":0,"canopy":0.0,"comfort":0.0,"name":"Parsons Street Southeast","road_type":"residential","osm_id":9274004}},{"type":"Feature","geometry":{"type":"LineString","coordinates":[[-84.38335819962117,33.70514280030005],[-84.38340739973165,33.70514199990345],[-84.38346779999893,33.70514190007867]]},"properties":{"overall":61,"safety":83,"sidewalk":100,"sidewalk_present":1,"canopy":0.0,"comfort":0.0,"name":"","road_type":"footway","osm_id":1385344462}},{"type":"Feature","geometry":{"type":"LineString","coordinates":[[-84.3837720001776,33.71055200027462],[-84.38352400043226,33.709988000346016],[-84.38347299987902,33.70980500000081],[-84.38346000017884,33.709680999678426],[-84.38346000017884,33.70940599958726],[-84.38346300031719,33.70858699959041]]},"properties":{"overall":40,"safety":83,"sidewalk":0,"sidewalk_present":0,"canopy":38.2,"comfort":62.9,"name":"Burton Street Southeast","road_type":"residential","osm_id":9263202}},{"type":"Feature","geometry":{"type":"LineString","coordinates":[[-84.38288999997349,33.71074400013555],[-84.382955000273,33.710718999881976],[-84.3837720001776,33.71055200027462],[-84.38436200040593,33.71043100009064],[-84.3844439996908,33.71042499981394]]},"properties":{"overall":36,"safety":78,"sidewalk":0,"sidewalk_present":0,"canopy":31.5,"comfort":54.9,"name":"Dorothy Street Southeast","road_type":"residential","osm_id":9277882}},{"type":"Feature","geometry":{"type":"LineString","coordinates":[[-84.38415170024075,33.71124029999987],[-84.38408059983976,33.71104620022203],[-84.38440110023055,33.71097590021765]]},"properties":{"overall":40,"safety":99,"sidewalk":0,"sidewalk_present":0,"canopy":21.3,"comfort":46.3,"name":"","road_type":"service","osm_id":563001810}},{"type":"Feature","geometry":{"type":"LineString","coordinates":[[-84.38408059983976,33.71104620022203],[-84.38384990035257,33.711100799862095]]},"properties":{"overall":42,"safety":100,"sidewalk":0,"sidewalk_present":0,"canopy":25.0,"comfort":48.1,"name":"","road_type":"service","osm_id":563001809}},{"type":"Feature","geometry":{"type":"LineString","coordinates":[[-84.38221400027584,33.71174200029316],[-84.38229360016948,33.71172570008105],[-84.38276939998781,33.71162849955567],[-84.38315250038755,33.71155029990649],[-84.38319299955725,33.71154200006333],[-84.38375059991023,33.71142800020209],[-84.38414290037451,33.71134769973662],[-84.38419230013449,33.71133760035002],[-84.38456199973643,33.711261999741566],[-84.38521200003373,33.7111380003185],[-84.38606399975373,33.7111320000418]]},"properties":{"overall":69,"safety":90,"sidewalk":100,"sidewalk_present":1,"canopy":17.1,"comfort":42.1,"name":"Meldon Avenue Southeast","road_type":"residential","osm_id":9271293}},{"type":"Feature","geometry":{"type":"LineString","coordinates":[[-84.38325299962622,33.71157859977262],[-84.38333599985646,33.711877299697676]]},"properties":{"overall":70,"safety":97,"sidewalk":100,"sidewalk_present":1,"canopy":14.4,"comfort":41.7,"name":"","road_type":"footway","osm_id":1385376472}},{"type":"Feature","geometry":{"type":"LineString","coordinates":[[-84.38346779999893,33.70514190007867],[-84.38410329962755,33.7051522998388],[-84.3845861995934,33.705151500341515],[-84.38483580013201,33.70514910005096]]},"properties":{"overall":60,"safety":80,"sidewalk":100,"sidewalk_present":1,"canopy":0.0,"comfort":0.0,"name":"","road_type":"footway","osm_id":1385344463}},{"type":"Feature","geometry":{"type":"LineString","coordinates":[[-84.38485000042715,33.706164199917964],[-84.38445369977836,33.70615540005173]]},"properties":{"overall":63,"safety":89,"sidewalk":100,"sidewalk_present":1,"canopy":0.0,"comfort":0.0,"name":"","road_type":"footway","osm_id":1390892120}},{"type":"Feature","geometry":{"type":"LineString","coordinates":[[-84.38478199998929,33.71203500031504],[-84.38456199973643,33.711261999741566],[-84.38455319987025,33.71123140030892],[-84.38450199966752,33.711054099866885],[-84.3844520000597,33.71088100015811],[-84.38444609960777,33.71054640019628],[-84.3844439996908,33.71042499981394],[-84.38447700031327,33.71028899983753],[-84.38460900010523,33.71006000006901],[-84.38483449971233,33.70977999974724],[-84.38484500019655,33.709767000047066],[-84.38485899994288,33.70970900007035],[-84.3848749997814,33.70941399995621],[-84.3848779999197,33.70859800009765]]},"properties":{"overall":70,"safety":78,"sidewalk":100,"sidewalk_present":1,"canopy":32.5,"comfort":54.3,"name":"Hardwick Street Southeast","road_type":"residential","osm_id":9244668}},{"type":"Feature","geometry":{"type":"LineString","coordinates":[[-84.38484269973077,33.71049050013653],[-84.38477129985557,33.7105050997306],[-84.38465329980988,33.71052959996115],[-84.38444609960777,33.71054640019628]]},"properties":{"overall":34,"safety":85,"sidewalk":0,"sidewalk_present":0,"canopy":18.3,"comfort":46.6,"name":"","road_type":"service","osm_id":563001805}},{"type":"Feature","geometry":{"type":"LineString","coordinates":[[-84.38440110023055,33.71097590021765],[-84.38442129990301,33.71106739994059]]},"properties":{"overall":41,"safety":99,"sidewalk":0,"sidewalk_present":0,"canopy":23.1,"comfort":46.6,"name":"","road_type":"service","osm_id":563001806}},{"type":"Feature","geometry":{"type":"LineString","coordinates":[[-84.38450199966752,33.711054099866885],[-84.38442129990301,33.71106739994059],[-84.3844508003641,33.71115879983881]]},"properties":{"overall":37,"safety":98,"sidewalk":0,"sidewalk_present":0,"canopy":13.6,"comfort":42.8,"name":"","road_type":"service","osm_id":563001811}},{"type":"Feature","geometry":{"type":"LineString","coordinates":[[-84.3844508003641,33.71115879983881],[-84.38415170024075,33.71124029999987]]},"properties":{"overall":38,"safety":98,"sidewalk":0,"sidewalk_present":0,"canopy":16.5,"comfort":42.9,"name":"","road_type":"service","osm_id":563001807}},{"type":"Feature","geometry":{"type":"LineString","coordinates":[[-84.38415170024075,33.71124029999987],[-84.38418279969642,33.711314899662966],[-84.38419230013449,33.71133760035002]]},"properties":{"overall":72,"safety":98,"sidewalk":100,"sidewalk_present":1,"canopy":18.3,"comfort":42.8,"name":"","road_type":"service","osm_id":563001808}},{"type":"Feature","geometry":{"type":"LineString","coordinates":[[-84.38455319987025,33.71123140030892],[-84.38451910027624,33.71123939977855],[-84.38424200026805,33.711302999833606],[-84.38418279969642,33.711314899662966],[-84.38411649987654,33.71132700004108],[-84.3838124004219,33.71138779960734],[-84.38375970015,33.71140009963494],[-84.38375059991023,33.71142800020209]]},"properties":{"overall":71,"safety":97,"sidewalk":100,"sidewalk_present":1,"canopy":14.9,"comfort":42.0,"name":"","road_type":"footway","osm_id":1385366428}},{"type":"Feature","geometry":{"type":"LineString","coordinates":[[-84.38325299962622,33.71157859977262],[-84.3840195997247,33.71142219957488],[-84.38411280006562,33.71140380034518],[-84.38413819961818,33.711386699736465],[-84.38414290037451,33.71134769973662]]},"properties":{"overall":69,"safety":95,"sidewalk":100,"sidewalk_present":1,"canopy":10.9,"comfort":40.3,"name":"","road_type":"footway","osm_id":1385366431}},{"type":"Feature","geometry":{"type":"LineString","coordinates":[[-84.38211319976432,33.708576500005506],[-84.38211390033621,33.708632400065255],[-84.38211979988881,33.70908120043708]]},"properties":{"overall":72,"safety":95,"sidewalk":100,"sidewalk_present":1,"canopy":19.5,"comfort":50.6,"name":"","road_type":"service","osm_id":908133621}},{"type":"Feature","geometry":{"type":"LineString","coordinates":[[-84.3815169996098,33.710006000276735],[-84.38159510033358,33.70998359996321],[-84.38218399979172,33.70981499956264],[-84.38232099981423,33.709791000254484],[-84.38245999992904,33.70978399993169],[-84.38283400008902,33.70979200030064],[-84.38347299987902,33.70980500000081]]},"properties":{"overall":75,"safety":89,"sidewalk":100,"sidewalk_present":1,"canopy":37.4,"comfort":60.5,"name":"Bowen Avenue Southeast","road_type":"residential","osm_id":9250229}},{"type":"Feature","geometry":{"type":"LineString","coordinates":[[-84.38191769974202,33.71075229997871],[-84.3818473997377,33.71059510028368],[-84.38176309998704,33.71039669994781],[-84.38161050032431,33.710021699741674]]},"properties":{"overall":60,"safety":61,"sidewalk":100,"sidewalk_present":1,"canopy":18.0,"comfort":46.0,"name":"","road_type":"footway","osm_id":1386050554}},{"type":"Feature","geometry":{"type":"LineString","coordinates":[[-84.38019160036202,33.71096079970118],[-84.3817076001256,33.71064779965627]]},"properties":{"overall":63,"safety":68,"sidewalk":100,"sidewalk_present":1,"canopy":21.7,"comfort":46.2,"name":"","road_type":"footway","osm_id":1386051640}},{"type":"Feature","geometry":{"type":"LineString","coordinates":[[-84.38011499970742,33.71101900022671],[-84.38020209994693,33.71100060009769],[-84.38172019962747,33.710680599729926],[-84.38179399979322,33.71066500008976]]},"properties":{"overall":55,"safety":43,"sidewalk":100,"sidewalk_present":1,"canopy":22.0,"comfort":46.2,"name":"Dorothy Street Southeast","road_type":"residential","osm_id":9277880}},{"type":"Feature","geometry":{"type":"LineString","coordinates":[[-84.38174569990412,33.71075110028312],[-84.38172019962747,33.710680599729926],[-84.3817076001256,33.71064779965627]]},"properties":{"overall":54,"safety":46,"sidewalk":100,"sidewalk_present":1,"canopy":16.8,"comfort":44.1,"name":"","road_type":"footway","osm_id":1386043442}},{"type":"Feature","geometry":{"type":"LineString","coordinates":[[-84.38194400041527,33.71081289989547],[-84.38192610030927,33.7107703997342],[-84.38191769974202,33.71075229997871]]},"properties":{"overall":40,"safety":0,"sidewalk":100,"sidewalk_present":1,"canopy":19.3,"comfort":44.8,"name":"","road_type":"footway","osm_id":1386050553}},{"type":"Feature","geometry":{"type":"LineString","coordinates":[[-84.38184700043865,33.71079199965112],[-84.38192610030927,33.7107703997342],[-84.38279199995083,33.7105340003439]]},"properties":{"overall":50,"safety":31,"sidewalk":100,"sidewalk_present":1,"canopy":19.0,"comfort":47.2,"name":"Dorothy Street Southeast","road_type":"residential","osm_id":9277883}},{"type":"Feature","geometry":{"type":"LineString","coordinates":[[-84.38207040012884,33.71152829979127],[-84.3820008996218,33.71137229979183],[-84.38188639973754,33.71108820036022],[-84.38174569990412,33.71075110028312]]},"properties":{"overall":56,"safety":59,"sidewalk":100,"sidewalk_present":1,"canopy":8.9,"comfort":38.0,"name":"","road_type":"footway","osm_id":1386043441}},{"type":"Feature","geometry":{"type":"LineString","coordinates":[[-84.3820970002763,33.7116040002245],[-84.38208420022562,33.71156639956973],[-84.38207040012884,33.71152829979127]]},"properties":{"overall":59,"safety":78,"sidewalk":100,"sidewalk_present":1,"canopy":0.0,"comfort":31.0,"name":"","road_type":"footway","osm_id":1386043440}},{"type":"Feature","geometry":{"type":"LineString","coordinates":[[-84.38187020024952,33.71085049965092],[-84.38194760040142,33.710821599936935],[-84.38195309975572,33.710819500019966],[-84.3821740002299,33.71075969960049],[-84.38258100011302,33.710645199716225],[-84.38273030016319,33.710594999559646],[-84.38274930014006,33.710591600122314],[-84.38276549962808,33.71060180023295],[-84.38277979974794,33.710614799933126],[-84.38283869994603,33.710740400149405],[-84.38294559965965,33.710968999719626],[-84.38304060044334,33.71118630020766],[-84.38310990040156,33.711425099888515],[-84.3831426995759,33.71152009977283]]},"properties":{"overall":60,"safety":62,"sidewalk":100,"sidewalk_present":1,"canopy":17.5,"comfort":45.4,"name":"","road_type":"footway","osm_id":1385391317}},{"type":"Feature","geometry":{"type":"LineString","coordinates":[[-84.3831839002168,33.71151270015105],[-84.38306700004199,33.71113500018015],[-84.38288999997349,33.71074400013555],[-84.38288020006115,33.710722900241706],[-84.38279199995083,33.7105340003439],[-84.38246700025184,33.70983400043883],[-84.38245999992904,33.70978399993169]]},"properties":{"overall":75,"safety":91,"sidewalk":100,"sidewalk_present":1,"canopy":32.7,"comfort":55.1,"name":"Lansing Street Southeast","road_type":"residential","osm_id":1385366429}},{"type":"Feature","geometry":{"type":"LineString","coordinates":[[-84.38288020006115,33.710722900241706],[-84.38283869994603,33.710740400149405],[-84.38279049988165,33.71076059982187]]},"properties":{"overall":70,"safety":95,"sidewalk":100,"sidewalk_present":1,"canopy":14.5,"comfort":46.4,"name":"","road_type":"service","osm_id":563001813}},{"type":"Feature","geometry":{"type":"LineString","coordinates":[[-84.38279049988165,33.71076059982187],[-84.38268689978054,33.710772600375265],[-84.38261020020053,33.71080279960955],[-84.38251520031622,33.710840199715506]]},"properties":{"overall":36,"safety":100,"sidewalk":0,"sidewalk_present":0,"canopy":7.3,"comfort":42.3,"name":"","road_type":"service","osm_id":563001814}},{"type":"Feature","geometry":{"type":"LineString","coordinates":[[-84.38253830030226,33.71089110044397],[-84.38263780039415,33.710858599844585],[-84.38272069990035,33.71083420033813],[-84.38279049988165,33.71076059982187]]},"properties":{"overall":29,"safety":80,"sidewalk":0,"sidewalk_present":0,"canopy":7.3,"comfort":42.0,"name":"","road_type":"service","osm_id":563001816}},{"type":"Feature","geometry":{"type":"LineString","coordinates":[[-84.38291519987655,33.711167800253804],[-84.38278239968798,33.71085759979843]]},"properties":{"overall":37,"safety":100,"sidewalk":0,"sidewalk_present":0,"canopy":10.1,"comfort":43.4,"name":"","road_type":"service","osm_id":563001815}},{"type":"Feature","geometry":{"type":"LineString","coordinates":[[-84.38251520031622,33.710840199715506],[-84.38253830030226,33.71089110044397]]},"properties":{"overall":24,"safety":68,"sidewalk":0,"sidewalk_present":0,"canopy":2.9,"comfort":39.0,"name":"","road_type":"service","osm_id":1007535885}},{"type":"Feature","geometry":{"type":"LineString","coordinates":[[-84.38253830030226,33.71089110044397],[-84.38270730000187,33.71125369989841],[-84.38291519987655,33.711167800253804]]},"properties":{"overall":22,"safety":60,"sidewalk":0,"sidewalk_present":0,"canopy":6.9,"comfort":40.0,"name":"","road_type":"service","osm_id":563001812}},{"type":"Feature","geometry":{"type":"LineString","coordinates":[[-84.3831426995759,33.71152009977283],[-84.38315250038755,33.71155029990649],[-84.3831619999263,33.711593499740275]]},"properties":{"overall":70,"safety":94,"sidewalk":100,"sidewalk_present":1,"canopy":14.7,"comfort":42.1,"name":"","road_type":"footway","osm_id":1385376471}},{"type":"Feature","geometry":{"type":"LineString","coordinates":[[-84.3831619999263,33.711593499740275],[-84.38320629963101,33.71158669996629],[-84.38325299962622,33.71157859977262]]},"properties":{"overall":69,"safety":94,"sidewalk":100,"sidewalk_present":1,"canopy":11.7,"comfort":40.4,"name":"","road_type":"footway","osm_id":1385366430}},{"type":"Feature","geometry":{"type":"LineString","coordinates":[[-84.38228499995273,33.71169599997046],[-84.38227999972219,33.71169039989212],[-84.38227019980985,33.711677400191945],[-84.38225999969922,33.71166150017814],[-84.38224690017427,33.71163370033503],[-84.38218900002232,33.711421900100675],[-84.38209340029016,33.711167499880275],[-84.38194760040142,33.710821599936935],[-84.38194400041527,33.71081289989547]]},"properties":{"overall":55,"safety":56,"sidewalk":100,"sidewalk_present":1,"canopy":9.1,"comfort":37.8,"name":"","road_type":"footway","osm_id":1386050550}},{"type":"Feature","geometry":{"type":"LineString","coordinates":[[-84.3848480003349,33.71859299966724],[-84.38483780022426,33.71856869998555],[-84.38456199973643,33.71793900008481],[-84.3844499999675,33.71768400001662],[-84.38426400038327,33.71726000024887],[-84.38417099969183,33.717047399617854],[-84.3840539996923,33.71677999969728],[-84.38368199962457,33.715920999654486],[-84.38336400024838,33.715171000141595],[-84.38332000001793,33.715064999749984],[-84.38297000006543,33.71422100039888],[-84.38284399965085,33.713890999570026],[-84.38266899967454,33.71329199982597],[-84.38256999960578,33.71295000024236],[-84.38244500013661,33.712516000013466],[-84.38228540015103,33.71198120017232],[-84.38221400027584,33.71174200029316],[-84.3822033999669,33.7117110995876],[-84.38218170022526,33.71164810027966],[-84.38214899997632,33.711552999671255],[-84.38213319978729,33.711513200174124],[-84.38210099956143,33.71143220003603],[-84.38187020024952,33.71085049965092],[-84.38184700043865,33.71079199965112],[-84.38179399979322,33.71066500008976],[-84.3815169996098,33.710006000276735],[-84.38130699981815,33.70950599970217],[-84.38114239960203,33.709116100427764],[-84.38092400014244,33.708599000143806],[-84.38078800016604,33.70833399961447],[-84.38063800044335,33.70808900000742],[-84.38062180005596,33.708067099716914],[-84.38042599966013,33.70780279975946],[-84.38030229971133,33.70763570032739],[-84.3801762003713,33.70746280026805],[-84.38005799977685,33.70730599987206]]},"properties":{"overall":42,"safety":14,"sidewalk":100,"sidewalk_present":1,"canopy":10.5,"comfort":36.0,"name":"Jonesboro Road Southeast","road_type":"secondary","osm_id":569540443}},{"type":"Feature","geometry":{"type":"LineString","coordinates":[[-84.38224690017427,33.71163370033503],[-84.38218170022526,33.71164810027966],[-84.38212830028078,33.71165749999369]]},"properties":{"overall":63,"safety":84,"sidewalk":100,"sidewalk_present":1,"canopy":3.8,"comfort":32.2,"name":"","road_type":"footway","osm_id":1386050551}},{"type":"Feature","geometry":{"type":"LineString","coordinates":[[-84.38212830028078,33.71165749999369],[-84.38210630016556,33.711662500224236]]},"properties":{"overall":61,"safety":84,"sidewalk":100,"sidewalk_present":1,"canopy":0.0,"comfort":30.5,"name":"","road_type":"footway","osm_id":1386050552}},{"type":"Feature","geometry":{"type":"LineString","coordinates":[[-84.38184210003283,33.71173369955062],[-84.38182620001908,33.7116812996523],[-84.38180929995917,33.711625899615626]]},"properties":{"overall":66,"safety":99,"sidewalk":100,"sidewalk_present":1,"canopy":0.0,"comfort":30.1,"name":"","road_type":"service","osm_id":563001820}},{"type":"Feature","geometry":{"type":"LineString","coordinates":[[-84.38209779977359,33.711625000293566],[-84.38182620001908,33.7116812996523],[-84.3816700003702,33.71170720012725]]},"properties":{"overall":64,"safety":93,"sidewalk":100,"sidewalk_present":1,"canopy":0.0,"comfort":30.6,"name":"","road_type":"footway","osm_id":1389985534}},{"type":"Feature","geometry":{"type":"LineString","coordinates":[[-84.38229360016948,33.71172570008105],[-84.38228499995273,33.71169599997046]]},"properties":{"overall":64,"safety":84,"sidewalk":100,"sidewalk_present":1,"canopy":6.6,"comfort":33.7,"name":"","road_type":"footway","osm_id":1385366433}},{"type":"Feature","geometry":{"type":"LineString","coordinates":[[-84.38230340008181,33.71176100026997],[-84.38229360016948,33.71172570008105]]},"properties":{"overall":64,"safety":84,"sidewalk":100,"sidewalk_present":1,"canopy":6.6,"comfort":34.2,"name":"","road_type":"footway","osm_id":1385366432}},{"type":"Feature","geometry":{"type":"LineString","coordinates":[[-84.3825056998781,33.712922499873514],[-84.38245520024725,33.71275610011401],[-84.38234469964812,33.71239010032292],[-84.38219500029896,33.71187190016809],[-84.3821694001976,33.711773099748825],[-84.38215379965811,33.71175399994718],[-84.3821314002439,33.71173369955062],[-84.38210630016556,33.711662500224236],[-84.38210470027167,33.711657900191994],[-84.3820971999258,33.71163590007677],[-84.38209779977359,33.711625000293566],[-84.38209860017025,33.711609399754025],[-84.3820970002763,33.7116040002245]]},"properties":{"overall":62,"safety":83,"sidewalk":100,"sidewalk_present":1,"canopy":3.5,"comfort":31.6,"name":"","road_type":"footway","osm_id":1385091012}},{"type":"Feature","geometry":{"type":"LineString","coordinates":[[-84.38192010003257,33.711717699712096],[-84.38184210003283,33.71173369955062],[-84.38175649986255,33.71175120035764]]},"properties":{"overall":32,"safety":97,"sidewalk":0,"sidewalk_present":0,"canopy":0.0,"comfort":29.5,"name":"","road_type":"service","osm_id":563001821}},{"type":"Feature","geometry":{"type":"LineString","coordinates":[[-84.3831839002168,33.71151270015105],[-84.3831426995759,33.71152009977283],[-84.38268930007109,33.71162159995691],[-84.38228499995273,33.71169599997046],[-84.3822033999669,33.7117110995876]]},"properties":{"overall":68,"safety":92,"sidewalk":100,"sidewalk_present":1,"canopy":10.7,"comfort":37.2,"name":"","road_type":"footway","osm_id":1385366427}},{"type":"Feature","geometry":{"type":"LineString","coordinates":[[-84.38278100034285,33.711667299906026],[-84.38276939998781,33.71162849955567]]},"properties":{"overall":71,"safety":100,"sidewalk":100,"sidewalk_present":1,"canopy":13.2,"comfort":37.5,"name":"","road_type":"service","osm_id":1385366435}},{"type":"Feature","geometry":{"type":"LineString","coordinates":[[-84.38278100034285,33.711667299906026],[-84.38296189987176,33.71163170024283],[-84.3831619999263,33.711593499740275]]},"properties":{"overall":70,"safety":96,"sidewalk":100,"sidewalk_present":1,"canopy":12.5,"comfort":39.2,"name":"","road_type":"footway","osm_id":1385366434}},{"type":"Feature","geometry":{"type":"LineString","coordinates":[[-84.38280789996458,33.711756800436035],[-84.38278100034285,33.711667299906026]]},"properties":{"overall":70,"safety":100,"sidewalk":100,"sidewalk_present":1,"canopy":11.0,"comfort":36.6,"name":"","road_type":"service","osm_id":563001824}},{"type":"Feature","geometry":{"type":"LineString","coordinates":[[-84.3824980997075,33.71197429967424],[-84.3824767003394,33.71194199962366],[-84.38250879984122,33.711825999670225],[-84.38280789996458,33.711756800436035]]},"properties":{"overall":36,"safety":100,"sidewalk":0,"sidewalk_present":0,"canopy":9.1,"comfort":35.6,"name":"","road_type":"service","osm_id":563001829}},{"type":"Feature","geometry":{"type":"LineString","coordinates":[[-84.38323570026733,33.71187919996515],[-84.38325100043329,33.71187610000209],[-84.38329010025791,33.71186820035723]]},"properties":{"overall":71,"safety":100,"sidewalk":100,"sidewalk_present":1,"canopy":13.8,"comfort":41.1,"name":"","road_type":"service","osm_id":563001825}},{"type":"Feature","geometry":{"type":"LineString","coordinates":[[-84.38281860009829,33.71196320024154],[-84.38323570026733,33.71187919996515]]},"properties":{"overall":71,"safety":100,"sidewalk":100,"sidewalk_present":1,"canopy":13.4,"comfort":39.1,"name":"","road_type":"service","osm_id":563001822}},{"type":"Feature","geometry":{"type":"LineString","coordinates":[[-84.38281860009829,33.71196320024154],[-84.3824980997075,33.71197429967424]]},"properties":{"overall":36,"safety":100,"sidewalk":0,"sidewalk_present":0,"canopy":7.6,"comfort":34.8,"name":"","road_type":"service","osm_id":563001830}},{"type":"Feature","geometry":{"type":"LineString","coordinates":[[-84.3824980997075,33.71197429967424],[-84.3825463995966,33.71210259965528]]},"properties":{"overall":35,"safety":99,"sidewalk":0,"sidewalk_present":0,"canopy":7.0,"comfort":34.3,"name":"","road_type":"service","osm_id":563001823}},{"type":"Feature","geometry":{"type":"LineString","coordinates":[[-84.38291850038843,33.71226300003747],[-84.38287350011188,33.712127799558345],[-84.38281860009829,33.71196320024154]]},"properties":{"overall":39,"safety":100,"sidewalk":0,"sidewalk_present":0,"canopy":16.3,"comfort":38.6,"name":"","road_type":"service","osm_id":563001832}},{"type":"Feature","geometry":{"type":"LineString","coordinates":[[-84.3832796995984,33.712030299558705],[-84.38287350011188,33.712127799558345]]},"properties":{"overall":73,"safety":100,"sidewalk":100,"sidewalk_present":1,"canopy":18.1,"comfort":40.1,"name":"","road_type":"service","osm_id":563001826}},{"type":"Feature","geometry":{"type":"LineString","coordinates":[[-84.38328839963987,33.71217899976108],[-84.38291850038843,33.71226300003747],[-84.38283879977075,33.71228109979296],[-84.3827006000526,33.71226769989448]]},"properties":{"overall":40,"safety":100,"sidewalk":0,"sidewalk_present":0,"canopy":21.2,"comfort":41.1,"name":"","road_type":"service","osm_id":563001833}},{"type":"Feature","geometry":{"type":"LineString","coordinates":[[-84.38252169971662,33.71255190005019],[-84.38250819999342,33.71250300031329],[-84.38249759968443,33.71246739975072]]},"properties":{"overall":62,"safety":76,"sidewalk":100,"sidewalk_present":1,"canopy":8.6,"comfort":33.7,"name":"","road_type":"footway","osm_id":1385086297}},{"type":"Feature","geometry":{"type":"LineString","coordinates":[[-84.38272320001562,33.71325280017663],[-84.38267130014037,33.7131108997483],[-84.3825531004452,33.71268149955159],[-84.38252169971662,33.71255190005019]]},"properties":{"overall":61,"safety":75,"sidewalk":100,"sidewalk_present":1,"canopy":7.2,"comfort":32.7,"name":"","road_type":"footway","osm_id":1385086296}},{"type":"Feature","geometry":{"type":"LineString","coordinates":[[-84.38253380009473,33.71302190014063],[-84.38251509959213,33.71296040000249],[-84.3825056998781,33.712922499873514]]},"properties":{"overall":65,"safety":88,"sidewalk":100,"sidewalk_present":1,"canopy":5.8,"comfort":32.2,"name":"","road_type":"footway","osm_id":1385091021}},{"type":"Feature","geometry":{"type":"LineString","coordinates":[[-84.38274429990946,33.71332560029629],[-84.38273099983576,33.71328069984446],[-84.38272320001562,33.71325280017663]]},"properties":{"overall":62,"safety":78,"sidewalk":100,"sidewalk_present":1,"canopy":9.1,"comfort":32.8,"name":"","road_type":"footway","osm_id":1385086295}},{"type":"Feature","geometry":{"type":"LineString","coordinates":[[-84.38289829981665,33.71421500012224],[-84.38285169964621,33.71408679996591],[-84.38276889996473,33.71382650019291],[-84.38268620010803,33.71356430015237],[-84.38261809984539,33.71330429985363],[-84.3825396996474,33.71303220007604],[-84.38253380009473,33.71302190014063]]},"properties":{"overall":65,"safety":92,"sidewalk":100,"sidewalk_present":1,"canopy":2.0,"comfort":29.5,"name":"","road_type":"footway","osm_id":1385091020}},{"type":"Feature","geometry":{"type":"LineString","coordinates":[[-84.38301019976086,33.71415519970276],[-84.38294580020846,33.713994499846365],[-84.38286749983519,33.713776700234575],[-84.38274429990946,33.71332560029629]]},"properties":{"overall":65,"safety":91,"sidewalk":100,"sidewalk_present":1,"canopy":4.4,"comfort":30.2,"name":"","road_type":"footway","osm_id":1385086294}},{"type":"Feature","geometry":{"type":"LineString","coordinates":[[-84.38278239968798,33.71411840034398],[-84.38268989991889,33.713805000100706]]},"properties":{"overall":33,"safety":99,"sidewalk":0,"sidewalk_present":0,"canopy":0.0,"comfort":27.5,"name":"","road_type":"service","osm_id":563001838}},{"type":"Feature","geometry":{"type":"LineString","coordinates":[[-84.38242390024277,33.71418010013156],[-84.38278239968798,33.71411840034398]]},"properties":{"overall":32,"safety":97,"sidewalk":0,"sidewalk_present":0,"canopy":0.0,"comfort":26.4,"name":"","road_type":"service","osm_id":563001839}},{"type":"Feature","geometry":{"type":"LineString","coordinates":[[-84.38064990027266,33.70655439956596],[-84.38029719965601,33.70653949959831]]},"properties":{"overall":31,"safety":88,"sidewalk":0,"sidewalk_present":0,"canopy":5.2,"comfort":36.1,"name":"","road_type":"service","osm_id":563001798}},{"type":"Feature","geometry":{"type":"LineString","coordinates":[[-84.38076270043825,33.706559100322295],[-84.38064990027266,33.70655439956596]]},"properties":{"overall":37,"safety":100,"sidewalk":0,"sidewalk_present":0,"canopy":10.5,"comfort":40.0,"name":"","road_type":"service","osm_id":563001802}},{"type":"Feature","geometry":{"type":"LineString","coordinates":[[-84.38019449977628,33.707241799969154],[-84.38019430012679,33.70713340018631],[-84.3802285004449,33.70656449985182],[-84.38023089983614,33.70653670000877],[-84.38024539960549,33.70623099976086]]},"properties":{"overall":45,"safety":34,"sidewalk":100,"sidewalk_present":1,"canopy":0.0,"comfort":33.4,"name":"","road_type":"footway","osm_id":1386353859}},{"type":"Feature","geometry":{"type":"LineString","coordinates":[[-84.380003699611,33.70660819970868],[-84.37995810038598,33.70657810029917],[-84.3799497996435,33.7065599996443]]},"properties":{"overall":20,"safety":61,"sidewalk":0,"sidewalk_present":0,"canopy":0.0,"comfort":32.6,"name":"","road_type":"service","osm_id":563001792}},{"type":"Feature","geometry":{"type":"LineString","coordinates":[[-84.380003699611,33.70660819970868],[-84.380057399929,33.70661150022062],[-84.380126799712,33.70661579987933]]},"properties":{"overall":53,"safety":60,"sidewalk":100,"sidewalk_present":1,"canopy":0.0,"comfort":32.7,"name":"","road_type":"service","osm_id":563001788}},{"type":"Feature","geometry":{"type":"LineString","coordinates":[[-84.37998469963412,33.70677460036757],[-84.38000900021513,33.70676330038606],[-84.380003699611,33.70660819970868]]},"properties":{"overall":54,"safety":63,"sidewalk":100,"sidewalk_present":1,"canopy":0.0,"comfort":32.7,"name":"","road_type":"service","osm_id":563001790}},{"type":"Feature","geometry":{"type":"LineString","coordinates":[[-84.37987760027102,33.706824599975334],[-84.37998469963412,33.70677460036757]]},"properties":{"overall":22,"safety":65,"sidewalk":0,"sidewalk_present":0,"canopy":0.0,"comfort":32.7,"name":"","road_type":"service","osm_id":563001789}},{"type":"Feature","geometry":{"type":"LineString","coordinates":[[-84.38002519970314,33.70709809999738],[-84.3800195996248,33.70710119996045],[-84.38001429991999,33.707101699983525],[-84.38000890039041,33.70710039956384],[-84.38000619972632,33.70709800017261]]},"properties":{"overall":36,"safety":6,"sidewalk":100,"sidewalk_present":1,"canopy":2.9,"comfort":33.9,"name":"","road_type":"footway","osm_id":1386050562}},{"type":"Feature","geometry":{"type":"LineString","coordinates":[[-84.38018719997928,33.70723109983544],[-84.38007420016419,33.70714370012172],[-84.38002519970314,33.70709809999738]]},"properties":{"overall":35,"safety":4,"sidewalk":100,"sidewalk_present":1,"canopy":2.1,"comfort":33.8,"name":"","road_type":"footway","osm_id":1386050561}},{"type":"Feature","geometry":{"type":"LineString","coordinates":[[-84.38005799977685,33.70730599987206],[-84.38007420016419,33.70714370012172],[-84.3800923997444,33.70696090032533]]},"properties":{"overall":1,"safety":0,"sidewalk":0,"sidewalk_present":0,"canopy":2.3,"comfort":33.9,"name":"Lakewood Avenue Southeast","road_type":"secondary","osm_id":1380661531}},{"type":"Feature","geometry":{"type":"LineString","coordinates":[[-84.38000619972632,33.70709800017261],[-84.37996800012309,33.707183799992436],[-84.37992829955135,33.70727150007974]]},"properties":{"overall":35,"safety":2,"sidewalk":100,"sidewalk_present":1,"canopy":3.0,"comfort":34.0,"name":"","road_type":"footway","osm_id":1386075931}},{"type":"Feature","geometry":{"type":"LineString","coordinates":[[-84.38019649986853,33.707255299692406],[-84.38019449977628,33.707241799969154],[-84.38018719997928,33.70723109983544]]},"properties":{"overall":33,"safety":0,"sidewalk":100,"sidewalk_present":1,"canopy":0.0,"comfort":33.2,"name":"","road_type":"footway","osm_id":1386050560}},{"type":"Feature","geometry":{"type":"LineString","coordinates":[[-84.38021230005756,33.70734769963667],[-84.38020190029744,33.707295199913574],[-84.38019649986853,33.707255299692406]]},"properties":{"overall":33,"safety":0,"sidewalk":100,"sidewalk_present":1,"canopy":0.0,"comfort":33.3,"name":"","road_type":"footway","osm_id":1386050559}},{"type":"Feature","geometry":{"type":"LineString","coordinates":[[-84.38021230005756,33.70734769963667],[-84.38024429973461,33.707344599673604],[-84.38026849959152,33.70734309960443],[-84.38033780044907,33.70734239993186],[-84.38035609985411,33.70734759981195],[-84.38036820023223,33.70735319989029],[-84.38039140004304,33.70735910034227],[-84.3804280995771,33.70735949964126],[-84.38094579970885,33.70736680033764],[-84.38153450041682,33.707369000079325],[-84.38154530037525,33.7073630996274],[-84.38154659989561,33.707353100065575],[-84.38153639978498,33.70730809978903]]},"properties":{"overall":57,"safety":47,"sidewalk":100,"sidewalk_present":1,"canopy":23.8,"comfort":47.6,"name":"","road_type":"footway","osm_id":1386330728}},{"type":"Feature","geometry":{"type":"LineString","coordinates":[[-84.3802235002143,33.70737479980721],[-84.38021089981316,33.7073865998118]]},"properties":{"overall":33,"safety":0,"sidewalk":100,"sidewalk_present":1,"canopy":0.0,"comfort":33.4,"name":"","road_type":"footway","osm_id":1386075929}},{"type":"Feature","geometry":{"type":"LineString","coordinates":[[-84.3801408003576,33.70755229989879],[-84.38004169956474,33.707426000009946],[-84.37996130017382,33.707330299553746]]},"properties":{"overall":34,"safety":0,"sidewalk":100,"sidewalk_present":1,"canopy":3.0,"comfort":34.4,"name":"","road_type":"footway","osm_id":1386043446}},{"type":"Feature","geometry":{"type":"LineString","coordinates":[[-84.38021089981316,33.7073865998118],[-84.3801762003713,33.70746280026805],[-84.3801408003576,33.70755229989879]]},"properties":{"overall":33,"safety":0,"sidewalk":100,"sidewalk_present":1,"canopy":0.0,"comfort":33.5,"name":"","road_type":"footway","osm_id":1386075930}},{"type":"Feature","geometry":{"type":"LineString","coordinates":[[-84.37951490009254,33.707592299944736],[-84.37992189997567,33.70746280026805]]},"properties":{"overall":49,"safety":33,"sidewalk":100,"sidewalk_present":1,"canopy":14.4,"comfort":39.5,"name":"","road_type":"service","osm_id":563001777}},{"type":"Feature","geometry":{"type":"LineString","coordinates":[[-84.37992189997567,33.70746280026805],[-84.37994759990175,33.70746409978841],[-84.38003589983686,33.70746850017122]]},"properties":{"overall":35,"safety":0,"sidewalk":100,"sidewalk_present":1,"canopy":4.0,"comfort":34.6,"name":"","road_type":"service","osm_id":563001778}},{"type":"Feature","geometry":{"type":"LineString","coordinates":[[-84.37951490009254,33.708058500399545],[-84.37964100033184,33.708000100224524],[-84.37989410013256,33.70788310022493],[-84.37990499991577,33.70787629955163],[-84.37991240043687,33.70786820025728],[-84.37994759990175,33.70746409978841],[-84.37996130017382,33.707330299553746],[-84.37992829955135,33.70727150007974],[-84.37966799977835,33.70688729980907],[-84.37955540016156,33.70672530043231]]},"properties":{"overall":38,"safety":0,"sidewalk":100,"sidewalk_present":1,"canopy":14.6,"comfort":39.4,"name":"","road_type":"footway","osm_id":1386031967}},{"type":"Feature","geometry":{"type":"LineString","coordinates":[[-84.38000750014595,33.70769640006887],[-84.3800149995925,33.70762200005532],[-84.38003589983686,33.70746850017122],[-84.38004169956474,33.707426000009946],[-84.38005799977685,33.70730599987206]]},"properties":{"overall":3,"safety":4,"sidewalk":0,"sidewalk_present":0,"canopy":5.7,"comfort":35.3,"name":"Lakewood Avenue Southeast","road_type":"tertiary","osm_id":1442104897}},{"type":"Feature","geometry":{"type":"LineString","coordinates":[[-84.38002480040416,33.70843199963713],[-84.38005100035332,33.70813389955987],[-84.38007010015497,33.70792730010487],[-84.3800963999289,33.707696300244095],[-84.38010810010871,33.707606600064594],[-84.38011460040843,33.70758009974185],[-84.3801257996659,33.707560999940256],[-84.3801408003576,33.70755229989879]]},"properties":{"overall":42,"safety":21,"sidewalk":100,"sidewalk_present":1,"canopy":6.4,"comfort":36.8,"name":"","road_type":"footway","osm_id":1386081010}},{"type":"Feature","geometry":{"type":"LineString","coordinates":[[-84.3801866999562,33.707696300244095],[-84.38023289992833,33.707672100387185],[-84.38030229971133,33.70763570032739]]},"properties":{"overall":59,"safety":73,"sidewalk":100,"sidewalk_present":1,"canopy":3.5,"comfort":34.9,"name":"","road_type":"service","osm_id":917240578}},{"type":"Feature","geometry":{"type":"LineString","coordinates":[[-84.38050410038386,33.708134199933454],[-84.38032050019092,33.70786169995756],[-84.380241000122,33.707749200165495],[-84.3801866999562,33.707696300244095],[-84.38015120011778,33.707696300244095],[-84.3800963999289,33.707696300244095],[-84.38000750014595,33.70769640006887]]},"properties":{"overall":44,"safety":23,"sidewalk":100,"sidewalk_present":1,"canopy":8.0,"comfort":36.8,"name":"","road_type":"service","osm_id":917240577}},{"type":"Feature","geometry":{"type":"LineString","coordinates":[[-84.38032050019092,33.70786169995756],[-84.38036129973415,33.70783890034505],[-84.38042599966013,33.70780279975946]]},"properties":{"overall":65,"safety":87,"sidewalk":100,"sidewalk_present":1,"canopy":6.6,"comfort":36.2,"name":"","road_type":"service","osm_id":917240581}},{"type":"Feature","geometry":{"type":"LineString","coordinates":[[-84.38096710015151,33.70850929996425],[-84.38096479968573,33.708504299733704],[-84.38086199998128,33.70831029978058],[-84.38072900014322,33.70808320027953],[-84.38059710017598,33.70789209974066],[-84.38037940038896,33.70759480006001],[-84.3802235002143,33.70737479980721],[-84.38021230005756,33.70734769963667]]},"properties":{"overall":51,"safety":42,"sidewalk":100,"sidewalk_present":1,"canopy":11.3,"comfort":39.5,"name":"","road_type":"footway","osm_id":1386050558}},{"type":"Feature","geometry":{"type":"LineString","coordinates":[[-84.3801382004176,33.707933900229364],[-84.38007010015497,33.70792730010487],[-84.37998500000771,33.70791900026171]]},"properties":{"overall":36,"safety":0,"sidewalk":100,"sidewalk_present":1,"canopy":8.6,"comfort":36.6,"name":"","road_type":"service","osm_id":917240580}},{"type":"Feature","geometry":{"type":"LineString","coordinates":[[-84.38012660006251,33.70814649996106],[-84.3801382004176,33.707933900229364],[-84.38015120011778,33.707696300244095]]},"properties":{"overall":6,"safety":16,"sidewalk":0,"sidewalk_present":0,"canopy":1.8,"comfort":34.4,"name":"","road_type":"service","osm_id":917240579}},{"type":"Feature","geometry":{"type":"LineString","coordinates":[[-84.37988680033556,33.70802289983703],[-84.37989760029399,33.707957799712744],[-84.37991240043687,33.70786820025728]]},"properties":{"overall":37,"safety":0,"sidewalk":100,"sidewalk_present":1,"canopy":10.3,"comfort":38.4,"name":"","road_type":"footway","osm_id":1390904003}},{"type":"Feature","geometry":{"type":"LineString","coordinates":[[-84.38062180005596,33.708067099716914],[-84.38055269974728,33.70809800042241],[-84.38052689999643,33.70810950005341],[-84.38050410038386,33.708134199933454],[-84.38049119960914,33.70814830040382],[-84.38045700019035,33.708165699587425],[-84.38037469963263,33.7081675998549],[-84.38012660006251,33.70814649996106],[-84.38010919997959,33.708144999891886],[-84.38005100035332,33.70813389955987],[-84.37996950019226,33.70811839974442]]},"properties":{"overall":47,"safety":31,"sidewalk":100,"sidewalk_present":1,"canopy":9.9,"comfort":38.0,"name":"","road_type":"service","osm_id":917240576}},{"type":"Feature","geometry":{"type":"LineString","coordinates":[[-84.38019649986853,33.707255299692406],[-84.38099299972714,33.707252099904565],[-84.38100390040967,33.7072643001074],[-84.38100419988388,33.707277199982855],[-84.38099880035429,33.70730189986284]]},"properties":{"overall":51,"safety":42,"sidewalk":100,"sidewalk_present":1,"canopy":10.6,"comfort":40.4,"name":"","road_type":"footway","osm_id":1386330729}},{"type":"Feature","geometry":{"type":"LineString","coordinates":[[-84.38005799977685,33.70730599987206],[-84.38020190029744,33.707295199913574],[-84.38023099966085,33.70729300017189],[-84.38099880035429,33.70730189986284],[-84.38153639978498,33.70730809978903],[-84.38204200043793,33.707314000240956],[-84.3833860003636,33.707322999756684]]},"properties":{"overall":53,"safety":33,"sidewalk":100,"sidewalk_present":1,"canopy":26.3,"comfort":51.8,"name":"Rhodesia Avenue Southeast","road_type":"residential","osm_id":9277375}},{"type":"Feature","geometry":{"type":"LineString","coordinates":[[-84.38102989981002,33.70863550002838],[-84.38099849998076,33.70857819972417],[-84.38096710015151,33.70850929996425]]},"properties":{"overall":62,"safety":68,"sidewalk":100,"sidewalk_present":1,"canopy":18.9,"comfort":44.9,"name":"","road_type":"footway","osm_id":1386050557}},{"type":"Feature","geometry":{"type":"LineString","coordinates":[[-84.38114239960203,33.709116100427764],[-84.38107530028486,33.709141199606734],[-84.38098400021141,33.70917530010007]]},"properties":{"overall":72,"safety":97,"sidewalk":100,"sidewalk_present":1,"canopy":20.1,"comfort":46.0,"name":"","road_type":"service","osm_id":563001772}},{"type":"Feature","geometry":{"type":"LineString","coordinates":[[-84.38098400021141,33.70917530010007],[-84.38103540006364,33.70930639967065],[-84.38111669967589,33.70951409989584]]},"properties":{"overall":70,"safety":98,"sidewalk":100,"sidewalk_present":1,"canopy":12.7,"comfort":43.3,"name":"","road_type":"service","osm_id":563001775}},{"type":"Feature","geometry":{"type":"LineString","coordinates":[[-84.38103540006364,33.70930639967065],[-84.38111139997108,33.709344899647476],[-84.38113960001249,33.709392800237595],[-84.38115159966657,33.709438600011424],[-84.3811503001462,33.70947199993293],[-84.38111669967589,33.70951409989584]]},"properties":{"overall":69,"safety":96,"sidewalk":100,"sidewalk_present":1,"canopy":10.9,"comfort":42.6,"name":"","road_type":"service","osm_id":563001774}},{"type":"Feature","geometry":{"type":"LineString","coordinates":[[-84.38157810044896,33.7099415000003],[-84.38147419997432,33.70967910031027],[-84.38137450023294,33.70945879968389],[-84.38122580003062,33.70909200039557],[-84.38102989981002,33.70863550002838]]},"properties":{"overall":66,"safety":76,"sidewalk":100,"sidewalk_present":1,"canopy":23.2,"comfort":47.3,"name":"","road_type":"footway","osm_id":1386050556}},{"type":"Feature","geometry":{"type":"LineString","coordinates":[[-84.38053769995486,33.7096416003796],[-84.38094650028074,33.70951669983589]]},"properties":{"overall":34,"safety":92,"sidewalk":0,"sidewalk_present":0,"canopy":8.9,"comfort":42.4,"name":"","road_type":"service","osm_id":563001768}},{"type":"Feature","geometry":{"type":"LineString","coordinates":[[-84.38126179989212,33.7095937996142],[-84.38123729966162,33.70953640038465],[-84.38122200039498,33.7094988995546]]},"properties":{"overall":70,"safety":95,"sidewalk":100,"sidewalk_present":1,"canopy":13.9,"comfort":43.4,"name":"","road_type":"footway","osm_id":1386043444}},{"type":"Feature","geometry":{"type":"LineString","coordinates":[[-84.38111669967589,33.70951409989584],[-84.38112760035841,33.70954189973895],[-84.38114169992946,33.70957810014926]]},"properties":{"overall":69,"safety":95,"sidewalk":100,"sidewalk_present":1,"canopy":11.5,"comfort":42.7,"name":"","road_type":"service","osm_id":563001773}},{"type":"Feature","geometry":{"type":"LineString","coordinates":[[-84.38122200039498,33.7094988995546],[-84.38113419958358,33.709294599666066],[-84.38107530028486,33.709141199606734],[-84.38093520029923,33.70881209989852],[-84.38078299993543,33.708485899604625],[-84.38064869967769,33.708253100200466],[-84.38055269974728,33.70809800042241],[-84.38043049986766,33.70793280035849],[-84.38036129973415,33.70783890034505],[-84.38023289992833,33.707672100387185],[-84.3801408003576,33.70755229989879]]},"properties":{"overall":60,"safety":70,"sidewalk":100,"sidewalk_present":1,"canopy":11.4,"comfort":40.5,"name":"","road_type":"footway","osm_id":1386043445}},{"type":"Feature","geometry":{"type":"LineString","coordinates":[[-84.37971200000874,33.70991200043852],[-84.37975440034523,33.70988889955311],[-84.3797617001423,33.70988419969609],[-84.37976820044207,33.709879300189584],[-84.37977050000853,33.70987179984377],[-84.37977689958421,33.7096714003149],[-84.37981529973626,33.70918800032598],[-84.3798849998928,33.70827350042174],[-84.37990170030321,33.70804709969394],[-84.37989829996656,33.70803080038121],[-84.37988680033556,33.70802289983703],[-84.3798685000312,33.70802349968483],[-84.37984580024346,33.70802580015061],[-84.37976749987018,33.70806399975385],[-84.37965169956624,33.708113699887406]]},"properties":{"overall":52,"safety":37,"sidewalk":100,"sidewalk_present":1,"canopy":19.2,"comfort":46.0,"name":"","road_type":"footway","osm_id":1386031966}},{"type":"Feature","geometry":{"type":"LineString","coordinates":[[-84.38024090029728,33.7084455002597],[-84.38004629959698,33.70843330005681],[-84.38002480040416,33.70843199963713],[-84.37994559980956,33.708427000305846]]},"properties":{"overall":43,"safety":21,"sidewalk":100,"sidewalk_present":1,"canopy":8.6,"comfort":39.3,"name":"","road_type":"service","osm_id":1131163184}},{"type":"Feature","geometry":{"type":"LineString","coordinates":[[-84.37992340004485,33.708707200277104],[-84.38000299993848,33.70871230033242],[-84.38002750016898,33.70871390022637],[-84.3802150996471,33.70872620025398],[-84.38024090029728,33.7084455002597]]},"properties":{"overall":45,"safety":28,"sidewalk":100,"sidewalk_present":1,"canopy":8.1,"comfort":39.9,"name":"","road_type":"service","osm_id":1131163183}},{"type":"Feature","geometry":{"type":"LineString","coordinates":[[-84.38039259973863,33.709327000440794],[-84.38008140013648,33.70931590010878],[-84.38007210024722,33.70948880016806]]},"properties":{"overall":26,"safety":77,"sidewalk":0,"sidewalk_present":0,"canopy":2.0,"comfort":40.7,"name":"","road_type":"service","osm_id":563001771}},{"type":"Feature","geometry":{"type":"LineString","coordinates":[[-84.38007210024722,33.70948880016806],[-84.3799553997219,33.70948570020494],[-84.37986199973147,33.709483200089664]]},"properties":{"overall":53,"safety":54,"sidewalk":100,"sidewalk_present":1,"canopy":5.9,"comfort":42.7,"name":"","road_type":"service","osm_id":563001770}},{"type":"Feature","geometry":{"type":"LineString","coordinates":[[-84.37996039995244,33.71005099965396],[-84.37993400035378,33.7099014999543],[-84.37992940032154,33.709780599595035],[-84.3799553997219,33.70948570020494],[-84.37996990039056,33.70919149958809],[-84.38000299993848,33.70871230033242],[-84.38002480040416,33.70843199963713]]},"properties":{"overall":56,"safety":56,"sidewalk":100,"sidewalk_present":1,"canopy":11.7,"comfort":43.9,"name":"","road_type":"footway","osm_id":1385733876}},{"type":"Feature","geometry":{"type":"LineString","coordinates":[[-84.38007210024722,33.70948880016806],[-84.38035499998324,33.709515599965016],[-84.38046100037485,33.70953669985886],[-84.38053610006091,33.70960149960956],[-84.38053769995486,33.7096416003796]]},"properties":{"overall":30,"safety":83,"sidewalk":0,"sidewalk_present":0,"canopy":8.4,"comfort":42.8,"name":"","road_type":"service","osm_id":563001769}},{"type":"Feature","geometry":{"type":"LineString","coordinates":[[-84.38053769995486,33.7096416003796],[-84.38053469981651,33.709721899945805]]},"properties":{"overall":31,"safety":84,"sidewalk":0,"sidewalk_present":0,"canopy":9.6,"comfort":43.1,"name":"","road_type":"service","osm_id":563001767}},{"type":"Feature","geometry":{"type":"LineString","coordinates":[[-84.38130699981815,33.70950599970217],[-84.38123729966162,33.70953640038465],[-84.38114169992946,33.70957810014926],[-84.37996759992478,33.71009060040092],[-84.3798910001695,33.71012400032242],[-84.37847300042858,33.7107420000433]]},"properties":{"overall":68,"safety":83,"sidewalk":100,"sidewalk_present":1,"canopy":21.6,"comfort":49.6,"name":"Lethea Street Southeast","road_type":"residential","osm_id":9278323}},{"type":"Feature","geometry":{"type":"LineString","coordinates":[[-84.38122200039498,33.7094988995546],[-84.38121149991076,33.70950789996965],[-84.38120580000765,33.70951169960529],[-84.38112760035841,33.70954189973895],[-84.38089189974136,33.709642600425695],[-84.38036179975722,33.70987220004207],[-84.37996039995244,33.71005099965396]]},"properties":{"overall":66,"safety":84,"sidewalk":100,"sidewalk_present":1,"canopy":13.4,"comfort":44.4,"name":"","road_type":"footway","osm_id":1386081604}},{"type":"Feature","geometry":{"type":"LineString","coordinates":[[-84.38161050032431,33.710021699741674],[-84.38159510033358,33.70998359996321],[-84.38157810044896,33.7099415000003]]},"properties":{"overall":64,"safety":83,"sidewalk":100,"sidewalk_present":1,"canopy":9.7,"comfort":43.8,"name":"","road_type":"footway","osm_id":1386050555}},{"type":"Feature","geometry":{"type":"LineString","coordinates":[[-84.3817076001256,33.71064779965627],[-84.38170369976592,33.71063889996532],[-84.3816343998077,33.710484400035114],[-84.38149520004339,33.710149899898],[-84.38135350016387,33.70980709991778],[-84.38126179989212,33.7095937996142]]},"properties":{"overall":63,"safety":76,"sidewalk":100,"sidewalk_present":1,"canopy":13.3,"comfort":43.5,"name":"","road_type":"footway","osm_id":1386043443}},{"type":"Feature","geometry":{"type":"LineString","coordinates":[[-84.3812687003902,33.71159599985555],[-84.38193199986188,33.71145970040487],[-84.38185299981603,33.711250099912206],[-84.38120310024283,33.71138779960734],[-84.38046659955387,33.71154390033081],[-84.38053600023619,33.711747100348475],[-84.3812687003902,33.71159599985555]]},"properties":{"overall":35,"safety":100,"sidewalk":0,"sidewalk_present":0,"canopy":4.0,"comfort":35.7,"name":"","road_type":"service","osm_id":1069556790}},{"type":"Feature","geometry":{"type":"LineString","coordinates":[[-84.38131019960599,33.71173130015944],[-84.38129789957839,33.71169130011344],[-84.3812687003902,33.71159599985555],[-84.38120310024283,33.71138779960734]]},"properties":{"overall":66,"safety":98,"sidewalk":100,"sidewalk_present":1,"canopy":0.0,"comfort":33.5,"name":"","road_type":"service","osm_id":1069556789}},{"type":"Feature","geometry":{"type":"LineString","coordinates":[[-84.38213319978729,33.711513200174124],[-84.38207040012884,33.71152829979127],[-84.38129789957839,33.71169130011344],[-84.3807778000554,33.7118059996472],[-84.38041640029661,33.71188520024185]]},"properties":{"overall":64,"safety":90,"sidewalk":100,"sidewalk_present":1,"canopy":1.8,"comfort":33.0,"name":"","road_type":"footway","osm_id":1389985532}},{"type":"Feature","geometry":{"type":"LineString","coordinates":[[-84.38214899997632,33.711552999671255],[-84.38208420022562,33.71156639956973],[-84.38180929995917,33.711625899615626],[-84.38160400002454,33.71166999967079],[-84.38154879963736,33.71168150020111],[-84.38145410012658,33.71170129967527],[-84.38131019960599,33.71173130015944],[-84.38105080005437,33.71178539977643],[-84.38042350044418,33.71191669989582],[-84.38034300032916,33.71193300010793]]},"properties":{"overall":63,"safety":86,"sidewalk":100,"sidewalk_present":1,"canopy":2.3,"comfort":33.1,"name":"Margaret Street Southeast","road_type":"residential","osm_id":9275603}},{"type":"Feature","geometry":{"type":"LineString","coordinates":[[-84.3816700003702,33.71170720012725],[-84.38161889999219,33.71171690021481],[-84.38157570015841,33.71172720015022]]},"properties":{"overall":66,"safety":98,"sidewalk":100,"sidewalk_present":1,"canopy":0.0,"comfort":30.6,"name":"","road_type":"footway","osm_id":1389985535}},{"type":"Feature","geometry":{"type":"LineString","coordinates":[[-84.38204399963087,33.71305000035727],[-84.38161889999219,33.71171690021481],[-84.38160400002454,33.71166999967079]]},"properties":{"overall":31,"safety":94,"sidewalk":0,"sidewalk_present":0,"canopy":0.0,"comfort":29.6,"name":"Hannah Street Southeast","road_type":"residential","osm_id":9253221}},{"type":"Feature","geometry":{"type":"LineString","coordinates":[[-84.38157570015841,33.71172720015022],[-84.38131939967053,33.7117820003391],[-84.38078919986162,33.711891599817534],[-84.38043659996907,33.71196780027384]]},"properties":{"overall":64,"safety":91,"sidewalk":100,"sidewalk_present":1,"canopy":1.6,"comfort":33.1,"name":"","road_type":"footway","osm_id":1389985533}},{"type":"Feature","geometry":{"type":"LineString","coordinates":[[-84.37998140002156,33.71013259963979],[-84.37996759992478,33.71009060040092],[-84.37996039995244,33.71005099965396]]},"properties":{"overall":55,"safety":54,"sidewalk":100,"sidewalk_present":1,"canopy":12.2,"comfort":44.7,"name":"","road_type":"footway","osm_id":1385733875}},{"type":"Feature","geometry":{"type":"LineString","coordinates":[[-84.38019160036202,33.71096079970118],[-84.37998140002156,33.71013259963979]]},"properties":{"overall":63,"safety":72,"sidewalk":100,"sidewalk_present":1,"canopy":17.1,"comfort":45.5,"name":"","road_type":"footway","osm_id":1385733874}},{"type":"Feature","geometry":{"type":"LineString","coordinates":[[-84.38174569990412,33.71075110028312],[-84.38064130005591,33.7109614004483],[-84.38021339992844,33.71104759956711]]},"properties":{"overall":63,"safety":68,"sidewalk":100,"sidewalk_present":1,"canopy":22.2,"comfort":46.2,"name":"","road_type":"footway","osm_id":1386051641}},{"type":"Feature","geometry":{"type":"LineString","coordinates":[[-84.38021339992844,33.71104759956711],[-84.38020209994693,33.71100060009769],[-84.38019160036202,33.71096079970118]]},"properties":{"overall":70,"safety":88,"sidewalk":100,"sidewalk_present":1,"canopy":22.9,"comfort":46.6,"name":"","road_type":"footway","osm_id":1385733873}},{"type":"Feature","geometry":{"type":"LineString","coordinates":[[-84.38184400030036,33.7177009999013],[-84.38181499986234,33.71758869975872],[-84.38175129998245,33.71734189970897],[-84.38172639955366,33.7172454995802],[-84.38133789962433,33.71574079979814],[-84.38132299965667,33.715683000370234],[-84.38131130037618,33.71564050020896],[-84.38104000009588,33.71460600016684],[-84.38082700016588,33.71379399959346],[-84.38069500037392,33.71329099977987],[-84.38042100032885,33.712240999922244],[-84.38034300032916,33.71193300010793],[-84.38011499970742,33.71101900022671],[-84.37991140039077,33.71020260016991],[-84.3798910001695,33.71012400032242],[-84.37985999963922,33.70999499976949],[-84.3798419997085,33.709747000024095],[-84.37986199973147,33.709483200089664],[-84.37990759985581,33.7089064999351],[-84.37992340004485,33.708707200277104],[-84.37994559980956,33.708427000305846],[-84.37994700005396,33.70840900037513],[-84.37996950019226,33.70811839974442],[-84.37998500000771,33.70791900026171],[-84.38000750014595,33.70769640006887]]},"properties":{"overall":50,"safety":38,"sidewalk":100,"sidewalk_present":1,"canopy":10.5,"comfort":36.0,"name":"Lakewood Avenue Southeast","road_type":"tertiary","osm_id":569540442}},{"type":"Feature","geometry":{"type":"LineString","coordinates":[[-84.38041640029661,33.71188520024185],[-84.38027349982212,33.711288900262616],[-84.38021339992844,33.71104759956711]]},"properties":{"overall":67,"safety":87,"sidewalk":100,"sidewalk_present":1,"canopy":15.2,"comfort":41.8,"name":"","road_type":"footway","osm_id":1385733872}},{"type":"Feature","geometry":{"type":"LineString","coordinates":[[-84.38043659996907,33.71196780027384],[-84.38042350044418,33.71191669989582],[-84.38041640029661,33.71188520024185]]},"properties":{"overall":64,"safety":85,"sidewalk":100,"sidewalk_present":1,"canopy":5.9,"comfort":36.5,"name":"","road_type":"footway","osm_id":1385733871}},{"type":"Feature","geometry":{"type":"LineString","coordinates":[[-84.38076910001394,33.71323630031503],[-84.38043659996907,33.71196780027384]]},"properties":{"overall":64,"safety":89,"sidewalk":100,"sidewalk_present":1,"canopy":4.4,"comfort":32.6,"name":"","road_type":"footway","osm_id":1385733870}},{"type":"Feature","geometry":{"type":"LineString","coordinates":[[-84.38030729994188,33.71226109976999],[-84.38029540011257,33.712206699779415],[-84.3803118001494,33.71220330034208],[-84.38032150023702,33.7121959996457],[-84.38032520004788,33.71218440018998],[-84.38032179971123,33.71216380031916],[-84.38028400030635,33.71202950006142],[-84.38023149968393,33.711809700357435],[-84.3801682000024,33.71154950040915],[-84.38008540032092,33.71123589961712],[-84.37999839990619,33.710867600259576],[-84.379938100363,33.71060759996084],[-84.37983979996676,33.71022499958411]]},"properties":{"overall":58,"safety":55,"sidewalk":100,"sidewalk_present":1,"canopy":18.8,"comfort":44.3,"name":"","road_type":"footway","osm_id":1386023347}},{"type":"Feature","geometry":{"type":"LineString","coordinates":[[-84.37958799968641,33.71238340037365],[-84.37960360022595,33.7124385000368],[-84.37963750017047,33.71254980013322],[-84.37965779966765,33.712579299694994],[-84.37970520023475,33.712589200331365],[-84.38025559971612,33.712517400257866],[-84.38028429978056,33.712520199847404],[-84.38030300028322,33.71254129974125],[-84.3805044996829,33.71333859999646],[-84.38048420018566,33.71339969993625],[-84.38009539988275,33.713814200165245],[-84.38002390018283,33.71385139972239],[-84.3790453002004,33.714020500146034],[-84.3789626003437,33.71404839981386],[-84.3789268001317,33.71409609985517]]},"properties":{"overall":34,"safety":99,"sidewalk":0,"sidewalk_present":0,"canopy":3.5,"comfort":29.8,"name":"","road_type":"service","osm_id":913038912}},{"type":"Feature","geometry":{"type":"LineString","coordinates":[[-84.37927830015337,33.707852200418756],[-84.37939439993158,33.70774100014711],[-84.3794658996315,33.70767249968617],[-84.3794939998482,33.70759890006923],[-84.37951490009254,33.707592299944736]]},"properties":{"overall":33,"safety":66,"sidewalk":0,"sidewalk_present":0,"canopy":34.4,"comfort":51.2,"name":"","road_type":"service","osm_id":563001779}},{"type":"Feature","geometry":{"type":"LineString","coordinates":[[-84.37953700003249,33.70789790036787],[-84.37939439993158,33.70774100014711]]},"properties":{"overall":30,"safety":60,"sidewalk":0,"sidewalk_present":0,"canopy":30.4,"comfort":49.0,"name":"","road_type":"service","osm_id":563001776}},{"type":"Feature","geometry":{"type":"LineString","coordinates":[[-84.37998500000771,33.70791900026171],[-84.37989760029399,33.707957799712744],[-84.37964699970922,33.70806899998439],[-84.37956699961728,33.70810399979979],[-84.37850900029008,33.708573999890234],[-84.37826199969152,33.70868399956697],[-84.3782049997609,33.708728999843515]]},"properties":{"overall":23,"safety":33,"sidewalk":0,"sidewalk_present":0,"canopy":36.0,"comfort":58.0,"name":"Livermore Street Southeast","road_type":"residential","osm_id":9242383}},{"type":"Feature","geometry":{"type":"LineString","coordinates":[[-84.37901929990073,33.70984480039726],[-84.37903870007591,33.70979119990403],[-84.37907860029713,33.70975949970119],[-84.37916249984943,33.709700300028885],[-84.37938950042508,33.7095533004445]]},"properties":{"overall":30,"safety":63,"sidewalk":0,"sidewalk_present":0,"canopy":25.6,"comfort":55.8,"name":"","road_type":"service","osm_id":912437933}},{"type":"Feature","geometry":{"type":"LineString","coordinates":[[-84.37991140039077,33.71020260016991],[-84.37983979996676,33.71022499958411]]},"properties":{"overall":55,"safety":51,"sidewalk":100,"sidewalk_present":1,"canopy":13.9,"comfort":46.7,"name":"","road_type":"footway","osm_id":1386023348}},{"type":"Feature","geometry":{"type":"LineString","coordinates":[[-84.37938500021755,33.71241809981552],[-84.37931809965056,33.71232819998647],[-84.37924180026886,33.71223530001913],[-84.3788196000445,33.71237120017082],[-84.37886050031182,33.71241430017989],[-84.37893440030228,33.71249519959383]]},"properties":{"overall":28,"safety":81,"sidewalk":0,"sidewalk_present":0,"canopy":2.4,"comfort":32.4,"name":"","road_type":"service","osm_id":918284835}},{"type":"Feature","geometry":{"type":"LineString","coordinates":[[-84.38042100032885,33.712240999922244],[-84.38030729994188,33.71226109976999],[-84.37958799968641,33.71238340037365],[-84.37938500021755,33.71241809981552],[-84.37893440030228,33.71249519959383],[-84.37831000010641,33.71260200038205]]},"properties":{"overall":64,"safety":89,"sidewalk":100,"sidewalk_present":1,"canopy":2.9,"comfort":32.2,"name":"Margaret Street Southeast","road_type":"residential","osm_id":9275602}},{"type":"Feature","geometry":{"type":"LineString","coordinates":[[-84.38082700016588,33.71379399959346],[-84.37911700044918,33.71409600003045]]},"properties":{"overall":31,"safety":80,"sidewalk":0,"sidewalk_present":0,"canopy":11.9,"comfort":33.0,"name":"Manhattan Drive Southeast","road_type":"service","osm_id":9260283}},{"type":"Feature","geometry":{"type":"LineString","coordinates":[[-84.37946860029564,33.71566570011203],[-84.37895889963346,33.7142545001451],[-84.3789268001317,33.71409609985517]]},"properties":{"overall":34,"safety":100,"sidewalk":0,"sidewalk_present":0,"canopy":2.1,"comfort":31.5,"name":"","road_type":"service","osm_id":562995971}},{"type":"Feature","geometry":{"type":"LineString","coordinates":[[-84.37986900005427,33.71604099979237],[-84.37969059974137,33.71561759987236],[-84.37939499977938,33.7149160000734]]},"properties":{"overall":37,"safety":100,"sidewalk":0,"sidewalk_present":0,"canopy":9.7,"comfort":34.3,"name":"Blashfield Street Southeast","road_type":"residential","osm_id":615221425}},{"type":"Feature","geometry":{"type":"LineString","coordinates":[[-84.38077620016145,33.71326799961855],[-84.38076910001394,33.71323630031503]]},"properties":{"overall":68,"safety":100,"sidewalk":100,"sidewalk_present":1,"canopy":3.6,"comfort":29.3,"name":"","road_type":"footway","osm_id":1385733869}},{"type":"Feature","geometry":{"type":"LineString","coordinates":[[-84.38256999960578,33.71295000024236],[-84.38251509959213,33.71296040000249],[-84.38204399963087,33.71305000035727],[-84.38077620016145,33.71326799961855],[-84.38075899972802,33.7132709997569],[-84.38069500037392,33.71329099977987]]},"properties":{"overall":65,"safety":93,"sidewalk":100,"sidewalk_present":1,"canopy":2.4,"comfort":29.4,"name":"Anne Street Southeast","road_type":"residential","osm_id":9250837}},{"type":"Feature","geometry":{"type":"LineString","coordinates":[[-84.38078580042429,33.7133009004163],[-84.38077620016145,33.71326799961855]]},"properties":{"overall":68,"safety":100,"sidewalk":100,"sidewalk_present":1,"canopy":3.6,"comfort":29.3,"name":"","road_type":"footway","osm_id":1385733868}},{"type":"Feature","geometry":{"type":"LineString","coordinates":[[-84.3811209004092,33.71455210019934],[-84.38078580042429,33.7133009004163]]},"properties":{"overall":68,"safety":97,"sidewalk":100,"sidewalk_present":1,"canopy":6.8,"comfort":30.1,"name":"","road_type":"footway","osm_id":1385733866}},{"type":"Feature","geometry":{"type":"LineString","coordinates":[[-84.38125380042254,33.71420949986856],[-84.38107649998045,33.71355169975118]]},"properties":{"overall":36,"safety":100,"sidewalk":0,"sidewalk_present":0,"canopy":6.8,"comfort":30.7,"name":"","road_type":"service","osm_id":563001834}},{"type":"Feature","geometry":{"type":"LineString","coordinates":[[-84.38095310040524,33.71458569977028],[-84.38077549958962,33.713935599648266]]},"properties":{"overall":66,"safety":81,"sidewalk":100,"sidewalk_present":1,"canopy":18.2,"comfort":34.6,"name":"","road_type":"footway","osm_id":1385736232}},{"type":"Feature","geometry":{"type":"LineString","coordinates":[[-84.3813110000026,33.71442180012605],[-84.38125380042254,33.71420949986856]]},"properties":{"overall":34,"safety":100,"sidewalk":0,"sidewalk_present":0,"canopy":3.0,"comfort":27.7,"name":"","road_type":"service","osm_id":563001835}},{"type":"Feature","geometry":{"type":"LineString","coordinates":[[-84.38202250043798,33.71441000012146],[-84.38197240010612,33.7142232999654],[-84.38159959964179,33.71430029991893],[-84.3816471000336,33.714484900158084]]},"properties":{"overall":33,"safety":100,"sidewalk":0,"sidewalk_present":0,"canopy":0.0,"comfort":25.9,"name":"","road_type":"service","osm_id":563001837}},{"type":"Feature","geometry":{"type":"LineString","coordinates":[[-84.38134430009933,33.7145453004253],[-84.3813110000026,33.71442180012605]]},"properties":{"overall":31,"safety":91,"sidewalk":0,"sidewalk_present":0,"canopy":3.0,"comfort":27.1,"name":"","road_type":"service","osm_id":563001836}},{"type":"Feature","geometry":{"type":"LineString","coordinates":[[-84.38297000006543,33.71422100039888],[-84.38290509959063,33.71423390027434],[-84.38242319967088,33.714330099854294],[-84.38202250043798,33.71441000012146],[-84.3816471000336,33.714484900158084],[-84.38134430009933,33.7145453004253],[-84.38112899970355,33.714588199885554],[-84.38104000009588,33.71460600016684],[-84.38095990017922,33.71462109978398],[-84.37939499977938,33.7149160000734]]},"properties":{"overall":67,"safety":89,"sidewalk":100,"sidewalk_present":1,"canopy":12.4,"comfort":33.5,"name":"Miller Reed Avenue Southeast","road_type":"residential","osm_id":9264314}},{"type":"Feature","geometry":{"type":"LineString","coordinates":[[-84.38113850014162,33.71462500014371],[-84.38112899970355,33.714588199885554],[-84.3811209004092,33.71455210019934]]},"properties":{"overall":60,"safety":74,"sidewalk":100,"sidewalk_present":1,"canopy":5.8,"comfort":28.4,"name":"","road_type":"footway","osm_id":1385733867}},{"type":"Feature","geometry":{"type":"LineString","coordinates":[[-84.38097180000852,33.71467539994978],[-84.38095990017922,33.71462109978398],[-84.38095310040524,33.71458569977028]]},"properties":{"overall":65,"safety":83,"sidewalk":100,"sidewalk_present":1,"canopy":10.9,"comfort":31.7,"name":"","road_type":"footway","osm_id":1389974647}},{"type":"Feature","geometry":{"type":"LineString","coordinates":[[-84.38140359959641,33.71563509978006],[-84.38113850014162,33.71462500014371]]},"properties":{"overall":59,"safety":70,"sidewalk":100,"sidewalk_present":1,"canopy":7.8,"comfort":30.1,"name":"","road_type":"footway","osm_id":1385733865}},{"type":"Feature","geometry":{"type":"LineString","coordinates":[[-84.38122820032117,33.715648999701614],[-84.38110920022939,33.715197000441265],[-84.38103780035419,33.71492599963523],[-84.38097180000852,33.71467539994978]]},"properties":{"overall":65,"safety":79,"sidewalk":100,"sidewalk_present":1,"canopy":14.8,"comfort":33.9,"name":"","road_type":"footway","osm_id":1385736231}},{"type":"Feature","geometry":{"type":"LineString","coordinates":[[-84.38174150007012,33.71532480039929],[-84.38163699974768,33.71494110015169],[-84.3814352997992,33.71499750023452],[-84.38151870022779,33.71538660001164]]},"properties":{"overall":34,"safety":100,"sidewalk":0,"sidewalk_present":0,"canopy":1.7,"comfort":27.6,"name":"","road_type":"service","osm_id":887388317}},{"type":"Feature","geometry":{"type":"LineString","coordinates":[[-84.38140359959641,33.71563509978006],[-84.38131130037618,33.71564050020896],[-84.38122820032117,33.715648999701614]]},"properties":{"overall":60,"safety":72,"sidewalk":100,"sidewalk_present":1,"canopy":7.0,"comfort":31.0,"name":"","road_type":"footway","osm_id":1385736230}},{"type":"Feature","geometry":{"type":"LineString","coordinates":[[-84.38142990026967,33.715721600171776],[-84.38141200016366,33.71566880007509],[-84.38140359959641,33.71563509978006]]},"properties":{"overall":60,"safety":75,"sidewalk":100,"sidewalk_present":1,"canopy":3.5,"comfort":28.4,"name":"","road_type":"footway","osm_id":1385733864}},{"type":"Feature","geometry":{"type":"LineString","coordinates":[[-84.38336400024838,33.715171000141595],[-84.38331230002257,33.715184300215356],[-84.38209550020713,33.715496200389396],[-84.38142299977159,33.71566699963239],[-84.38141200016366,33.71566880007509],[-84.38132299965667,33.715683000370234],[-84.38123979977689,33.7156965999182],[-84.38121700016438,33.715700000254856],[-84.38046299956773,33.71590099963146],[-84.37986900005427,33.71604099979237]]},"properties":{"overall":63,"safety":82,"sidewalk":100,"sidewalk_present":1,"canopy":6.8,"comfort":30.3,"name":"Harriet Street Southeast","road_type":"residential","osm_id":9259619}},{"type":"Feature","geometry":{"type":"LineString","coordinates":[[-84.38125550014121,33.715762399715004],[-84.38123979977689,33.7156965999182],[-84.38122820032117,33.715648999701614]]},"properties":{"overall":59,"safety":70,"sidewalk":100,"sidewalk_present":1,"canopy":7.0,"comfort":31.0,"name":"","road_type":"footway","osm_id":1385736228}},{"type":"Feature","geometry":{"type":"LineString","coordinates":[[-84.38142990026967,33.715721600171776],[-84.38133789962433,33.71574079979814],[-84.38125550014121,33.715762399715004]]},"properties":{"overall":59,"safety":74,"sidewalk":100,"sidewalk_present":1,"canopy":3.5,"comfort":29.0,"name":"","road_type":"footway","osm_id":1385736229}},{"type":"Feature","geometry":{"type":"LineString","coordinates":[[-84.3777136003024,33.70385850006977],[-84.37768519971218,33.70381919969634],[-84.37765320003513,33.70378129956737]]},"properties":{"overall":68,"safety":82,"sidewalk":100,"sidewalk_present":1,"canopy":21.2,"comfort":52.5,"name":"","road_type":"footway","osm_id":1386041585}},{"type":"Feature","geometry":{"type":"LineString","coordinates":[[-84.37815280041139,33.704499199578436],[-84.37808349955384,33.7045432996336],[-84.37797859993242,33.704610100375874]]},"properties":{"overall":71,"safety":99,"sidewalk":100,"sidewalk_present":1,"canopy":15.0,"comfort":44.9,"name":"","road_type":"service","osm_id":563018092}},{"type":"Feature","geometry":{"type":"LineString","coordinates":[[-84.37830309960833,33.70502399985776],[-84.37815429958124,33.70511770022176],[-84.37794319991872,33.70487190021805],[-84.37768760000267,33.704574399988644],[-84.37785520035715,33.704461699647766],[-84.37797859993242,33.704610100375874]]},"properties":{"overall":35,"safety":94,"sidewalk":0,"sidewalk_present":0,"canopy":10.0,"comfort":42.2,"name":"","road_type":"service","osm_id":563018093}},{"type":"Feature","geometry":{"type":"LineString","coordinates":[[-84.37865320028493,33.70498669957658],[-84.37855980029451,33.70487679972456],[-84.37853859967657,33.704851099798475],[-84.3783644999217,33.70464510019127],[-84.37799890032898,33.704204099639526],[-84.3777136003024,33.70385850006977]]},"properties":{"overall":48,"safety":33,"sidewalk":100,"sidewalk_present":1,"canopy":10.5,"comfort":44.2,"name":"","road_type":"footway","osm_id":1386041584}},{"type":"Feature","geometry":{"type":"LineString","coordinates":[[-84.37797859993242,33.704610100375874],[-84.37809929974287,33.70476399955896]]},"properties":{"overall":36,"safety":100,"sidewalk":0,"sidewalk_present":0,"canopy":8.4,"comfort":40.9,"name":"","road_type":"service","osm_id":563018089}},{"type":"Feature","geometry":{"type":"LineString","coordinates":[[-84.37861699987462,33.70482320013065],[-84.37862500024352,33.704790800255296],[-84.37863310043718,33.704564299702724]]},"properties":{"overall":13,"safety":33,"sidewalk":0,"sidewalk_present":0,"canopy":5.9,"comfort":40.8,"name":"","road_type":"service","osm_id":563018087}},{"type":"Feature","geometry":{"type":"LineString","coordinates":[[-84.37869609974518,33.704900100259465],[-84.37861699987462,33.70482320013065],[-84.37853859967657,33.704851099798475],[-84.37846910006886,33.704875900402556]]},"properties":{"overall":34,"safety":0,"sidewalk":100,"sidewalk_present":1,"canopy":2.1,"comfort":37.6,"name":"","road_type":"service","osm_id":563018088}},{"type":"Feature","geometry":{"type":"LineString","coordinates":[[-84.37809929974287,33.70476399955896],[-84.37794319991872,33.70487190021805]]},"properties":{"overall":19,"safety":52,"sidewalk":0,"sidewalk_present":0,"canopy":5.5,"comfort":39.5,"name":"","road_type":"service","osm_id":563018090}},{"type":"Feature","geometry":{"type":"LineString","coordinates":[[-84.37885299996594,33.70489009979832],[-84.37869609974518,33.704900100259465]]},"properties":{"overall":0,"safety":0,"sidewalk":0,"sidewalk_present":0,"canopy":0.0,"comfort":37.4,"name":"","road_type":"service","osm_id":563018086}},{"type":"Feature","geometry":{"type":"LineString","coordinates":[[-84.37865320028493,33.70498669957658],[-84.3785724996211,33.70499910032828],[-84.37848009967684,33.705021300092994]]},"properties":{"overall":33,"safety":0,"sidewalk":100,"sidewalk_present":1,"canopy":0.0,"comfort":36.4,"name":"","road_type":"footway","osm_id":1386041583}},{"type":"Feature","geometry":{"type":"LineString","coordinates":[[-84.37653290017317,33.70312820020632],[-84.37634560016926,33.703027399694804],[-84.3760460998476,33.702874300009],[-84.375235500418,33.702457199839955],[-84.37485549998132,33.702257800357245]]},"properties":{"overall":55,"safety":50,"sidewalk":100,"sidewalk_present":1,"canopy":14.8,"comfort":49.7,"name":"","road_type":"footway","osm_id":1386034788}},{"type":"Feature","geometry":{"type":"LineString","coordinates":[[-84.37505030033105,33.703645000116694],[-84.37512809978193,33.70367010019504],[-84.37520449988773,33.70366900032417],[-84.37529770022866,33.70365890003825],[-84.37538889957801,33.70362269962794],[-84.3754419002235,33.703588600033925],[-84.37576510037906,33.7033242002517],[-84.37580000036968,33.703277899555474],[-84.37581669988077,33.70321540027055],[-84.37581869997297,33.70317030016929],[-84.37579660003303,33.703105600243305],[-84.37575910010236,33.703055900109746],[-84.3752253003073,33.70277310019844],[-84.37518170027522,33.70276020032304],[-84.3751227002524,33.70276020032304],[-84.37502820039111,33.702774200069314],[-84.37442130010288,33.702858999843045]]},"properties":{"overall":37,"safety":100,"sidewalk":0,"sidewalk_present":0,"canopy":10.7,"comfort":44.9,"name":"","road_type":"service","osm_id":533477690}},{"type":"Feature","geometry":{"type":"LineString","coordinates":[[-84.37661400013599,33.70310000016491],[-84.37656170006238,33.703142600150954],[-84.37515999963426,33.70428499995285],[-84.37433739965121,33.70496690010242]]},"properties":{"overall":61,"safety":64,"sidewalk":100,"sidewalk_present":1,"canopy":17.9,"comfort":50.5,"name":"Schoen Street Southeast","road_type":"residential","osm_id":9258506}},{"type":"Feature","geometry":{"type":"LineString","coordinates":[[-84.3777850001776,33.70406100041487],[-84.3777190996567,33.704113199764436],[-84.37705230002359,33.70464050015903],[-84.37632100011405,33.705218900032264],[-84.37627399974525,33.70525599976463],[-84.3754549997484,33.705913000384726]]},"properties":{"overall":74,"safety":90,"sidewalk":100,"sidewalk_present":1,"canopy":30.8,"comfort":54.8,"name":"South Bend Avenue Southeast","road_type":"residential","osm_id":9273407}},{"type":"Feature","geometry":{"type":"LineString","coordinates":[[-84.37484229973234,33.70620000012997],[-84.37506470027569,33.706023900282844]]},"properties":{"overall":36,"safety":100,"sidewalk":0,"sidewalk_present":0,"canopy":6.6,"comfort":35.7,"name":"","road_type":"residential","osm_id":562456263}},{"type":"Feature","geometry":{"type":"LineString","coordinates":[[-84.3757043997382,33.70619750001464],[-84.37565299988597,33.706148100254666],[-84.37561859991843,33.706117999945775]]},"properties":{"overall":69,"safety":88,"sidewalk":100,"sidewalk_present":1,"canopy":19.9,"comfort":47.2,"name":"","road_type":"footway","osm_id":1386065324}},{"type":"Feature","geometry":{"type":"LineString","coordinates":[[-84.37631540003565,33.70673320007717],[-84.3757043997382,33.70619750001464]]},"properties":{"overall":66,"safety":76,"sidewalk":100,"sidewalk_present":1,"canopy":20.8,"comfort":49.5,"name":"","road_type":"footway","osm_id":1386065323}},{"type":"Feature","geometry":{"type":"LineString","coordinates":[[-84.37519050014146,33.70646010025348],[-84.37542960019584,33.706277799580846]]},"properties":{"overall":72,"safety":100,"sidewalk":100,"sidewalk_present":1,"canopy":16.1,"comfort":41.4,"name":"","road_type":"footway","osm_id":1386065329}},{"type":"Feature","geometry":{"type":"LineString","coordinates":[[-84.37528349993352,33.70654430017936],[-84.37553389996947,33.706337400350776],[-84.3757043997382,33.70619750001464]]},"properties":{"overall":71,"safety":95,"sidewalk":100,"sidewalk_present":1,"canopy":17.4,"comfort":43.7,"name":"","road_type":"footway","osm_id":1386067816}},{"type":"Feature","geometry":{"type":"LineString","coordinates":[[-84.37513240033996,33.706507400096484],[-84.37516430019224,33.70648179999512],[-84.37519050014146,33.70646010025348]]},"properties":{"overall":72,"safety":100,"sidewalk":100,"sidewalk_present":1,"canopy":14.7,"comfort":40.1,"name":"","road_type":"footway","osm_id":1386065328}},{"type":"Feature","geometry":{"type":"LineString","coordinates":[[-84.37809929974287,33.70476399955896],[-84.37830309960833,33.70502399985776]]},"properties":{"overall":32,"safety":91,"sidewalk":0,"sidewalk_present":0,"canopy":4.3,"comfort":38.2,"name":"","road_type":"service","osm_id":563018091}},{"type":"Feature","geometry":{"type":"LineString","coordinates":[[-84.38005799977685,33.70730599987206],[-84.37996800012309,33.707183799992436],[-84.379815000262,33.70697599994247],[-84.37960599961713,33.70665400038189],[-84.37952670009707,33.706517700031895],[-84.3794879995715,33.706451199663206],[-84.37943499982532,33.70636000031379],[-84.37939260038814,33.70628579994974],[-84.37914800008008,33.70585699960088],[-84.37905899957315,33.705700999601504],[-84.37884699968924,33.70534800040997],[-84.37867819963918,33.70513129976973],[-84.37861099959792,33.70504499992688],[-84.3785724996211,33.70499910032828],[-84.37846910006886,33.704875900402556],[-84.37815280041139,33.704499199578436],[-84.3777850001776,33.70406100041487],[-84.37760149980932,33.70383940026818],[-84.37738399967179,33.70358400000163],[-84.3773176000272,33.703524199582205],[-84.37722200029503,33.70343799956407],[-84.37718110002771,33.70341109994234],[-84.37704700031878,33.703322999656734],[-84.37694600015772,33.703270900132],[-84.37669800041238,33.70314300034926]]},"properties":{"overall":3,"safety":0,"sidewalk":0,"sidewalk_present":0,"canopy":9.3,"comfort":41.5,"name":"Jonesboro Road Southeast","road_type":"secondary","osm_id":569540441}},{"type":"Feature","geometry":{"type":"LineString","coordinates":[[-84.37876860039057,33.70512490019405],[-84.37870340044157,33.70504580032349],[-84.37865320028493,33.70498669957658]]},"properties":{"overall":34,"safety":0,"sidewalk":100,"sidewalk_present":1,"canopy":3.3,"comfort":37.5,"name":"","road_type":"footway","osm_id":1386041582}},{"type":"Feature","geometry":{"type":"LineString","coordinates":[[-84.37856750028988,33.705124800369276],[-84.37852669984727,33.70507310014352],[-84.37848009967684,33.705021300092994]]},"properties":{"overall":33,"safety":0,"sidewalk":100,"sidewalk_present":1,"canopy":0.0,"comfort":36.2,"name":"","road_type":"footway","osm_id":1386034785}},{"type":"Feature","geometry":{"type":"LineString","coordinates":[[-84.37878350035822,33.70512380032318],[-84.37876860039057,33.70512490019405]]},"properties":{"overall":35,"safety":0,"sidewalk":100,"sidewalk_present":1,"canopy":4.6,"comfort":37.7,"name":"","road_type":"footway","osm_id":1386036236}},{"type":"Feature","geometry":{"type":"LineString","coordinates":[[-84.37876860039057,33.70512490019405],[-84.37867819963918,33.70513129976973],[-84.37859880029436,33.7051404000095]]},"properties":{"overall":34,"safety":0,"sidewalk":100,"sidewalk_present":1,"canopy":3.3,"comfort":37.2,"name":"","road_type":"footway","osm_id":1386036237}},{"type":"Feature","geometry":{"type":"LineString","coordinates":[[-84.37867740014184,33.70524939964014],[-84.37859880029436,33.7051404000095],[-84.37858800033592,33.70513300038772],[-84.37857659963032,33.705127299585286],[-84.37856750028988,33.705124800369276]]},"properties":{"overall":35,"safety":0,"sidewalk":100,"sidewalk_present":1,"canopy":6.3,"comfort":38.1,"name":"","road_type":"footway","osm_id":1386034784}},{"type":"Feature","geometry":{"type":"LineString","coordinates":[[-84.37828759979288,33.70531220019791],[-84.37839689979705,33.70522640037814],[-84.37850860009178,33.7051518996405],[-84.37853809965355,33.70513730004643],[-84.37856750028988,33.705124800369276]]},"properties":{"overall":41,"safety":17,"sidewalk":100,"sidewalk_present":1,"canopy":6.0,"comfort":38.0,"name":"","road_type":"footway","osm_id":1386036232}},{"type":"Feature","geometry":{"type":"LineString","coordinates":[[-84.37847349955234,33.70501870015295],[-84.37847039958922,33.70502559975171],[-84.37846290014267,33.705035100189775],[-84.37843959960782,33.70505570006054],[-84.37829079958072,33.705176300046276],[-84.37796649955425,33.705440400354234],[-84.37775920042674,33.70559919994315],[-84.37758459974947,33.70573259997957],[-84.3772586998291,33.705995200218354]]},"properties":{"overall":53,"safety":44,"sidewalk":100,"sidewalk_present":1,"canopy":15.6,"comfort":44.6,"name":"","road_type":"footway","osm_id":1386035413}},{"type":"Feature","geometry":{"type":"LineString","coordinates":[[-84.3779399003061,33.70541340000847],[-84.3777317000579,33.70557340019229]]},"properties":{"overall":66,"safety":85,"sidewalk":100,"sidewalk_present":1,"canopy":11.5,"comfort":42.5,"name":"","road_type":"service","osm_id":1113711413}},{"type":"Feature","geometry":{"type":"LineString","coordinates":[[-84.37520239997076,33.70651479971826],[-84.37516430019224,33.70648179999512],[-84.37484229973234,33.70620000012997]]},"properties":{"overall":70,"safety":100,"sidewalk":100,"sidewalk_present":1,"canopy":9.8,"comfort":37.0,"name":"","road_type":"residential","osm_id":562456269}},{"type":"Feature","geometry":{"type":"LineString","coordinates":[[-84.37528349993352,33.70654430017936],[-84.37522900011822,33.706493099976626],[-84.37519050014146,33.70646010025348]]},"properties":{"overall":72,"safety":100,"sidewalk":100,"sidewalk_present":1,"canopy":14.7,"comfort":40.3,"name":"","road_type":"footway","osm_id":1386067815}},{"type":"Feature","geometry":{"type":"LineString","coordinates":[[-84.37520239997076,33.70651479971826],[-84.37525799965692,33.706562800133156],[-84.3755667998679,33.706829399657124]]},"properties":{"overall":71,"safety":100,"sidewalk":100,"sidewalk_present":1,"canopy":13.9,"comfort":40.9,"name":"","road_type":"service","osm_id":618796941}},{"type":"Feature","geometry":{"type":"LineString","coordinates":[[-84.37522580033038,33.7065885000593],[-84.37525799965692,33.706562800133156],[-84.37528349993352,33.70654430017936]]},"properties":{"overall":72,"safety":100,"sidewalk":100,"sidewalk_present":1,"canopy":14.7,"comfort":40.4,"name":"","road_type":"footway","osm_id":1386067814}},{"type":"Feature","geometry":{"type":"LineString","coordinates":[[-84.37716650043359,33.70607270019502],[-84.37638679991085,33.706678700261875]]},"properties":{"overall":66,"safety":68,"sidewalk":100,"sidewalk_present":1,"canopy":30.3,"comfort":56.8,"name":"","road_type":"footway","osm_id":1386035415}},{"type":"Feature","geometry":{"type":"LineString","coordinates":[[-84.37638679991085,33.706678700261875],[-84.37635790019692,33.70670049982823],[-84.37631540003565,33.70673320007717]]},"properties":{"overall":61,"safety":60,"sidewalk":100,"sidewalk_present":1,"canopy":22.0,"comfort":53.0,"name":"","road_type":"footway","osm_id":1386035416}},{"type":"Feature","geometry":{"type":"LineString","coordinates":[[-84.3755667998679,33.706829399657124],[-84.37572339971507,33.70672349998961]]},"properties":{"overall":38,"safety":100,"sidewalk":0,"sidewalk_present":0,"canopy":14.9,"comfort":42.7,"name":"","road_type":"service","osm_id":619155291}},{"type":"Feature","geometry":{"type":"LineString","coordinates":[[-84.3755667998679,33.706829399657124],[-84.37522730039956,33.70710589981746]]},"properties":{"overall":41,"safety":100,"sidewalk":0,"sidewalk_present":0,"canopy":22.7,"comfort":43.9,"name":"","road_type":"service","osm_id":619155290}},{"type":"Feature","geometry":{"type":"LineString","coordinates":[[-84.37508640001732,33.70780729996699],[-84.37522650000295,33.70793650016941],[-84.37534290015469,33.70799679971259],[-84.37547720041243,33.70807960029339],[-84.37561879956792,33.708125700440746]]},"properties":{"overall":33,"safety":89,"sidewalk":0,"sidewalk_present":0,"canopy":9.4,"comfort":37.9,"name":"","road_type":"service","osm_id":712213467}},{"type":"Feature","geometry":{"type":"LineString","coordinates":[[-84.37451479991802,33.708391999591186],[-84.37472000002793,33.70852100014412],[-84.37478570000002,33.70856219988565],[-84.3749710997364,33.70868699970532],[-84.37509579973135,33.708765100429105],[-84.37515639964806,33.70879619988477],[-84.37521090036273,33.70877900035066],[-84.37528409978137,33.708698600060416]]},"properties":{"overall":34,"safety":100,"sidewalk":0,"sidewalk_present":0,"canopy":3.4,"comfort":31.6,"name":"","road_type":"service","osm_id":917224110}},{"type":"Feature","geometry":{"type":"LineString","coordinates":[[-84.37800050022287,33.70547499997133],[-84.37796649955425,33.705440400354234],[-84.3779399003061,33.70541340000847],[-84.37785649987751,33.70532870005951],[-84.3777279004222,33.70519809961263],[-84.37750540005413,33.70536090028537],[-84.3776440997953,33.70549109963457],[-84.3777317000579,33.70557340019229],[-84.37775920042674,33.70559919994315],[-84.37779869955028,33.70563629967552]]},"properties":{"overall":65,"safety":80,"sidewalk":100,"sidewalk_present":1,"canopy":14.4,"comfort":44.1,"name":"","road_type":"service","osm_id":1113711411}},{"type":"Feature","geometry":{"type":"LineString","coordinates":[[-84.37785649987751,33.70532870005951],[-84.3776440997953,33.70549109963457]]},"properties":{"overall":36,"safety":99,"sidewalk":0,"sidewalk_present":0,"canopy":7.6,"comfort":41.6,"name":"","road_type":"service","osm_id":1113711412}},{"type":"Feature","geometry":{"type":"LineString","coordinates":[[-84.3772586998291,33.705995200218354],[-84.37720310014294,33.70604350010751],[-84.37716650043359,33.70607270019502]]},"properties":{"overall":69,"safety":81,"sidewalk":100,"sidewalk_present":1,"canopy":26.9,"comfort":53.9,"name":"","road_type":"footway","osm_id":1386035414}},{"type":"Feature","geometry":{"type":"LineString","coordinates":[[-84.37861099959792,33.70504499992688],[-84.37852669984727,33.70507310014352],[-84.37851799980581,33.70507599955778],[-84.37845200035952,33.705114000410845],[-84.37800050022287,33.70547499997133],[-84.37779869955028,33.70563629967552],[-84.37724499955704,33.70607899994593],[-84.37640999972166,33.70674600012785],[-84.37534800021001,33.7075949997095],[-84.37508640001732,33.70780729996699],[-84.37498189969489,33.707885399791394],[-84.37485390008737,33.70799789958346],[-84.37483769970004,33.70801400014602]]},"properties":{"overall":54,"safety":40,"sidewalk":100,"sidewalk_present":1,"canopy":23.1,"comfort":47.6,"name":"Sawtell Avenue Southeast","road_type":"tertiary","osm_id":1394587604}},{"type":"Feature","geometry":{"type":"LineString","coordinates":[[-84.3782049997609,33.708728999843515],[-84.37806000026876,33.708674000005146],[-84.37785899999284,33.70856600042066],[-84.37769999985505,33.70850000007499],[-84.37701000041113,33.70830800021412],[-84.37680599999686,33.70823500044497],[-84.37658599974407,33.70812599991501],[-84.37644599958315,33.70800100044585],[-84.37641499995226,33.70794599970816],[-84.37640500039043,33.70787900021571],[-84.3764190001367,33.7078190001468],[-84.37644999976766,33.70776799959356],[-84.37701699983461,33.707274000195014]]},"properties":{"overall":31,"safety":48,"sidewalk":0,"sidewalk_present":0,"canopy":44.1,"comfort":66.0,"name":"Oak Knoll Terrace Southeast","road_type":"residential","osm_id":9258211}},{"type":"Feature","geometry":{"type":"LineString","coordinates":[[-84.37657009973026,33.711236100165934],[-84.37676840024142,33.71113359993575],[-84.37687489975679,33.711078500272606],[-84.37699289980247,33.711116400401636],[-84.37708720001422,33.711063499580916],[-84.37720749962637,33.71099600006539],[-84.37725979969997,33.71104749974239]]},"properties":{"overall":35,"safety":100,"sidewalk":0,"sidewalk_present":0,"canopy":4.3,"comfort":33.0,"name":"","road_type":"service","osm_id":563017717}},{"type":"Feature","geometry":{"type":"LineString","coordinates":[[-84.3776373998461,33.71242329969556],[-84.37741669992073,33.711792499924],[-84.37724770022118,33.711495700266426],[-84.37699289980247,33.711116400401636]]},"properties":{"overall":34,"safety":100,"sidewalk":0,"sidewalk_present":0,"canopy":0.9,"comfort":29.2,"name":"","road_type":"service","osm_id":563017715}},{"type":"Feature","geometry":{"type":"LineString","coordinates":[[-84.37780209988694,33.71234689958982],[-84.37756959995704,33.711683199919776],[-84.37708720001422,33.711063499580916]]},"properties":{"overall":34,"safety":100,"sidewalk":0,"sidewalk_present":0,"canopy":0.9,"comfort":31.2,"name":"","road_type":"service","osm_id":563017716}},{"type":"Feature","geometry":{"type":"LineString","coordinates":[[-84.37742790007746,33.71247840025802],[-84.37735230036833,33.712151699941046],[-84.37722620012897,33.71183710000224],[-84.37676840024142,33.71113359993575]]},"properties":{"overall":34,"safety":100,"sidewalk":0,"sidewalk_present":0,"canopy":3.3,"comfort":28.7,"name":"","road_type":"service","osm_id":563017714}},{"type":"Feature","geometry":{"type":"LineString","coordinates":[[-84.37594950006934,33.7104336998554],[-84.37603529988917,33.71055420001636],[-84.37618819992542,33.710855400056744],[-84.37648589980438,33.71116330004634],[-84.37657009973026,33.711236100165934],[-84.37662270017745,33.711281599566234],[-84.37695270010698,33.711741199896494],[-84.37719940033202,33.71219189963654],[-84.37732010014247,33.712457400188896],[-84.37742790007746,33.71247840025802],[-84.37749179960684,33.7124908001104],[-84.37772240016858,33.712604600322095],[-84.37827770005578,33.712600199939345],[-84.37831000010641,33.71260200038205]]},"properties":{"overall":35,"safety":100,"sidewalk":0,"sidewalk_present":0,"canopy":4.7,"comfort":30.0,"name":"","road_type":"service","osm_id":563017718}},{"type":"Feature","geometry":{"type":"LineString","coordinates":[[-84.37914800008008,33.70585699960088],[-84.37907729987745,33.705890299697614],[-84.3786309996209,33.706097999922804],[-84.3779230002462,33.70667100026651],[-84.37708700036472,33.707337000402276]]},"properties":{"overall":65,"safety":70,"sidewalk":100,"sidewalk_present":1,"canopy":25.7,"comfort":52.5,"name":"Gould Street Southeast","road_type":"residential","osm_id":9246281}},{"type":"Feature","geometry":{"type":"LineString","coordinates":[[-84.37956699961728,33.70810399979979],[-84.37951490009254,33.708058500399545],[-84.37927830015337,33.707852200418756],[-84.37865079999438,33.70730490000119],[-84.37861199964402,33.707271000056664],[-84.3779230002462,33.70667100026651],[-84.37724499955704,33.70607899994593],[-84.37720310014294,33.70604350010751],[-84.37627399974525,33.70525599976463],[-84.37515999963426,33.70428499995285]]},"properties":{"overall":59,"safety":44,"sidewalk":100,"sidewalk_present":1,"canopy":31.6,"comfort":57.1,"name":"Charleston Avenue Southeast","road_type":"residential","osm_id":9247900}},{"type":"Feature","geometry":{"type":"LineString","coordinates":[[-84.37985999963922,33.70999499976949],[-84.3797790004005,33.70996500018464],[-84.37971200000874,33.70991200043852],[-84.37938950042508,33.7095533004445],[-84.37850900029008,33.708573999890234],[-84.3783170004292,33.70839399968338],[-84.3778960997252,33.70803219972629],[-84.37776900033907,33.70792300044616],[-84.37708700036472,33.707337000402276],[-84.37701699983461,33.707274000195014],[-84.37640999972166,33.70674600012785],[-84.37635790019692,33.70670049982823],[-84.37568999979362,33.706117999945775],[-84.3754549997484,33.705913000384726],[-84.37433739965121,33.70496690010242]]},"properties":{"overall":63,"safety":64,"sidewalk":100,"sidewalk_present":1,"canopy":26.4,"comfort":54.4,"name":"Richmond Avenue Southeast","road_type":"residential","osm_id":9267985}},{"type":"Feature","geometry":{"type":"LineString","coordinates":[[-84.37865079999438,33.70730490000119],[-84.37863540000365,33.7073161999827],[-84.37842900019814,33.707468799645426],[-84.37812399962286,33.707724100087205],[-84.37786569994205,33.70792680008179],[-84.37787620042627,33.707946300081744],[-84.37791580027391,33.70797719988792],[-84.37792169982657,33.70798780019686],[-84.3779214003523,33.707999700026164],[-84.3778960997252,33.70803219972629]]},"properties":{"overall":61,"safety":44,"sidewalk":100,"sidewalk_present":1,"canopy":39.6,"comfort":64.9,"name":"","road_type":"footway","osm_id":1390904004}},{"type":"Feature","geometry":{"type":"LineString","coordinates":[[-84.37847300042858,33.7107420000433],[-84.37821500022204,33.71047600036718]]},"properties":{"overall":33,"safety":100,"sidewalk":0,"sidewalk_present":0,"canopy":0.0,"comfort":0.0,"name":"Lethea Street Southeast","road_type":"residential","osm_id":9278324}},{"type":"Feature","geometry":{"type":"LineString","coordinates":[[-84.37762399994762,33.709241000072154],[-84.37832800003713,33.71026399958396],[-84.37833100017548,33.71035200004479],[-84.37828799999119,33.710428999998385],[-84.37821500022204,33.71047600036718],[-84.37814799983028,33.71051899965215],[-84.37805700013041,33.71055200027462],[-84.37796500038445,33.7105619998365],[-84.37787199969301,33.71055000018242],[-84.37778700026979,33.710517999606054],[-84.37771200040845,33.71046399981378],[-84.37707099962688,33.70962699988621],[-84.37707199967303,33.70953900032464],[-84.37712999964975,33.70946499961008],[-84.37762399994762,33.709241000072154],[-84.37787499983136,33.70912700021097],[-84.37800599957717,33.70903499956563],[-84.37811199996878,33.70891100014262],[-84.3782049997609,33.708728999843515]]},"properties":{"overall":46,"safety":93,"sidewalk":0,"sidewalk_present":0,"canopy":45.6,"comfort":67.1,"name":"Oak Knoll Circle Southeast","road_type":"residential","osm_id":9254904}},{"type":"Feature","geometry":{"type":"LineString","coordinates":[[-84.37725979969997,33.71104749974239],[-84.37756959995704,33.71135289961666],[-84.37778409995622,33.71169879956],[-84.377950399891,33.712209699917764]]},"properties":{"overall":35,"safety":100,"sidewalk":0,"sidewalk_present":0,"canopy":5.2,"comfort":34.8,"name":"","road_type":"service","osm_id":563017712}},{"type":"Feature","geometry":{"type":"LineString","coordinates":[[-84.377950399891,33.712209699917764],[-84.37791020019557,33.7122967003325],[-84.37780209988694,33.71234689958982],[-84.3776373998461,33.71242329969556],[-84.37749179960684,33.7124908001104]]},"properties":{"overall":34,"safety":100,"sidewalk":0,"sidewalk_present":0,"canopy":2.9,"comfort":29.7,"name":"","road_type":"service","osm_id":563017713}},{"type":"Feature","geometry":{"type":"LineString","coordinates":[[-84.37845639984295,33.71688380034715],[-84.37839129971866,33.71677570003857],[-84.37861649985155,33.716521799841246],[-84.3787496004137,33.716372300141586]]},"properties":{"overall":56,"safety":67,"sidewalk":100,"sidewalk_present":1,"canopy":0.0,"comfort":26.8,"name":"","road_type":"service","osm_id":730111464}},{"type":"Feature","geometry":{"type":"LineString","coordinates":[[-84.37781170014978,33.716647400057525],[-84.37781089975317,33.71664380007138],[-84.3778092000345,33.71664089975775],[-84.37780660009446,33.71663900038959],[-84.3778031997578,33.71663669992381],[-84.37685599960469,33.716058600424105]]},"properties":{"overall":69,"safety":96,"sidewalk":100,"sidewalk_present":1,"canopy":11.0,"comfort":30.6,"name":"","road_type":"footway","osm_id":1385750343}},{"type":"Feature","geometry":{"type":"LineString","coordinates":[[-84.37387330001275,33.709463399716185],[-84.37415319961042,33.70955440031537],[-84.37421769988691,33.70957739957737],[-84.37408980010417,33.70975279975198],[-84.37438130005694,33.70988790040633],[-84.3745736002914,33.70996169967276],[-84.3750470996439,33.71013990033617],[-84.37540330042197,33.710288200340244],[-84.37559790022289,33.71037069964814],[-84.37573149990874,33.7104312995649],[-84.37578179989009,33.710437899689396],[-84.3758465996408,33.71039939971257],[-84.37615780014232,33.71013399988425],[-84.37619880023442,33.71008839975991],[-84.37617000034521,33.70999869958035],[-84.37596170027223,33.70985959964088],[-84.37581579965939,33.709875999677706],[-84.37563790026883,33.709906400360126],[-84.37525789983215,33.709632000116756],[-84.37490069990736,33.709403100173006],[-84.37463620030036,33.70926269981379],[-84.37450700009794,33.709291800076585],[-84.37440669960944,33.70952320013561],[-84.37421769988691,33.70957739957737]]},"properties":{"overall":34,"safety":99,"sidewalk":0,"sidewalk_present":0,"canopy":2.3,"comfort":29.8,"name":"","road_type":"service","osm_id":712213462}},{"type":"Feature","geometry":{"type":"LineString","coordinates":[[-84.37556489960042,33.715250799684725],[-84.37550770002031,33.71521429980015],[-84.3754680003479,33.715190500141546]]},"properties":{"overall":61,"safety":76,"sidewalk":100,"sidewalk_present":1,"canopy":5.8,"comfort":28.8,"name":"","road_type":"footway","osm_id":1385750346}},{"type":"Feature","geometry":{"type":"LineString","coordinates":[[-84.37676359966036,33.71600180014303],[-84.37556489960042,33.715250799684725]]},"properties":{"overall":68,"safety":96,"sidewalk":100,"sidewalk_present":1,"canopy":8.1,"comfort":29.9,"name":"","road_type":"footway","osm_id":1385750345}},{"type":"Feature","geometry":{"type":"LineString","coordinates":[[-84.37845639984295,33.71688380034715],[-84.37830399982971,33.71681799965103],[-84.37827410006963,33.7168029998586],[-84.37788899957764,33.71660999995157],[-84.37754499990177,33.716411999814],[-84.37694380041603,33.716035399713974],[-84.37684900018115,33.715976000392175],[-84.37643320043179,33.71571480039779],[-84.3760056996033,33.715446299707025],[-84.37555299977106,33.71516199972655],[-84.37494489978724,33.71478329970955],[-84.37443839981228,33.71446800009818],[-84.37404040034414,33.71422020000227],[-84.3737870001699,33.71406129968926],[-84.37367500040091,33.71399259957889]]},"properties":{"overall":20,"safety":58,"sidewalk":0,"sidewalk_present":0,"canopy":3.3,"comfort":27.1,"name":"McDonough Boulevard Southeast","road_type":"secondary","osm_id":942409479}},{"type":"Feature","geometry":{"type":"LineString","coordinates":[[-84.37590740010637,33.71706660014354],[-84.37505169967613,33.716532400150186]]},"properties":{"overall":66,"safety":99,"sidewalk":100,"sidewalk_present":1,"canopy":0.0,"comfort":0.0,"name":"","road_type":"footway","osm_id":1386017290}},{"type":"Feature","geometry":{"type":"LineString","coordinates":[[-84.37676359966036,33.71600180014303],[-84.3762774000819,33.71654999988266],[-84.37624610007742,33.71659069960117],[-84.37619399965331,33.71666049958242],[-84.37597870015685,33.71695890003326]]},"properties":{"overall":74,"safety":95,"sidewalk":100,"sidewalk_present":1,"canopy":26.2,"comfort":43.3,"name":"","road_type":"footway","osm_id":1386002949}},{"type":"Feature","geometry":{"type":"LineString","coordinates":[[-84.3760706000781,33.71701389987163],[-84.37602049974623,33.716984400309855],[-84.37597870015685,33.71695890003326]]},"properties":{"overall":66,"safety":98,"sidewalk":100,"sidewalk_present":1,"canopy":0.0,"comfort":0.0,"name":"","road_type":"footway","osm_id":1386002950}},{"type":"Feature","geometry":{"type":"LineString","coordinates":[[-84.37597870015685,33.71695890003326],[-84.37594559970961,33.717009899687184],[-84.37590740010637,33.71706660014354]]},"properties":{"overall":66,"safety":99,"sidewalk":100,"sidewalk_present":1,"canopy":0.0,"comfort":0.0,"name":"","road_type":"footway","osm_id":1386002952}},{"type":"Feature","geometry":{"type":"LineString","coordinates":[[-84.37489109964451,33.71821229955805],[-84.3749945999208,33.71818389986714],[-84.37521129966171,33.71808410030104],[-84.37537499965646,33.71789199971607],[-84.37594399981572,33.71708920010656],[-84.37598499990776,33.717034999765474],[-84.37602049974623,33.716984400309855],[-84.37629499981438,33.71659300006695],[-84.37680409972938,33.71602599999994],[-84.37684900018115,33.715976000392175]]},"properties":{"overall":79,"safety":96,"sidewalk":100,"sidewalk_present":1,"canopy":41.8,"comfort":53.7,"name":"Miller Reed Avenue Southeast","road_type":"residential","osm_id":9264313}},{"type":"Feature","geometry":{"type":"LineString","coordinates":[[-84.37720999974164,33.71780400015456],[-84.37715490007855,33.717769399638144],[-84.37603289959861,33.717065100074365],[-84.37598499990776,33.717034999765474],[-84.37594559970961,33.717009899687184],[-84.37470000000496,33.716229000368116]]},"properties":{"overall":66,"safety":98,"sidewalk":100,"sidewalk_present":1,"canopy":0.0,"comfort":0.0,"name":"Elvira Street Southeast","road_type":"residential","osm_id":9265934}},{"type":"Feature","geometry":{"type":"LineString","coordinates":[[-84.37861649985155,33.716521799841246],[-84.37856929983326,33.71649249992896],[-84.37854550017465,33.7164777996108],[-84.37842640025815,33.71637979958814],[-84.3785183001794,33.71626669994828],[-84.37810930020402,33.71561209961874],[-84.37819860018521,33.715571200250736],[-84.37737800029441,33.714378200093904],[-84.37713199974195,33.71448900016725],[-84.3770800998667,33.71439989983554],[-84.37612900025312,33.71438769963271],[-84.37614469971805,33.71534190010868],[-84.37652220003946,33.71534290015478],[-84.37688840037936,33.71534380037616],[-84.37689739989503,33.715004499657994],[-84.37701909975164,33.7149988995796],[-84.37726379988442,33.71558090033835]]},"properties":{"overall":66,"safety":97,"sidewalk":100,"sidewalk_present":1,"canopy":0.1,"comfort":25.6,"name":"","road_type":"service","osm_id":730111465}},{"type":"Feature","geometry":{"type":"LineString","coordinates":[[-84.37643320043179,33.71571480039779],[-84.37647049981365,33.71567089999212],[-84.37651659996106,33.71561659982626],[-84.37652220003946,33.71534290015478]]},"properties":{"overall":67,"safety":99,"sidewalk":100,"sidewalk_present":1,"canopy":2.5,"comfort":26.5,"name":"","road_type":"service","osm_id":730111467}},{"type":"Feature","geometry":{"type":"LineString","coordinates":[[-84.37726379988442,33.71558090033835],[-84.37716779995395,33.71571729961374],[-84.3771349998803,33.71576379995946],[-84.37697809965954,33.71598669962651],[-84.37694380041603,33.716035399713974]]},"properties":{"overall":68,"safety":99,"sidewalk":100,"sidewalk_present":1,"canopy":4.2,"comfort":27.0,"name":"","road_type":"service","osm_id":562995970}},{"type":"Feature","geometry":{"type":"LineString","coordinates":[[-84.37842640025815,33.71637979958814],[-84.37828749996811,33.716464799910625],[-84.37733660000407,33.715916899645265],[-84.37739130036817,33.715844499723914],[-84.37716779995395,33.71571729961374]]},"properties":{"overall":33,"safety":100,"sidewalk":0,"sidewalk_present":0,"canopy":0.4,"comfort":26.2,"name":"","road_type":"service","osm_id":730111466}},{"type":"Feature","geometry":{"type":"LineString","coordinates":[[-84.37705940017116,33.71603710033196],[-84.37697809965954,33.71598669962651],[-84.37684809995983,33.71590599986206]]},"properties":{"overall":68,"safety":98,"sidewalk":100,"sidewalk_present":1,"canopy":6.8,"comfort":28.1,"name":"","road_type":"footway","osm_id":1390899838}},{"type":"Feature","geometry":{"type":"LineString","coordinates":[[-84.37685599960469,33.716058600424105],[-84.37680409972938,33.71602599999994],[-84.37676359966036,33.71600180014303]]},"properties":{"overall":71,"safety":98,"sidewalk":100,"sidewalk_present":1,"canopy":15.0,"comfort":31.6,"name":"","road_type":"footway","osm_id":1385750344}},{"type":"Feature","geometry":{"type":"LineString","coordinates":[[-84.37663190024199,33.71629670043245],[-84.37685599960469,33.716058600424105]]},"properties":{"overall":75,"safety":98,"sidewalk":100,"sidewalk_present":1,"canopy":27.4,"comfort":38.9,"name":"","road_type":"footway","osm_id":1385999387}},{"type":"Feature","geometry":{"type":"LineString","coordinates":[[-84.37780660009446,33.71663900038959],[-84.37773589989183,33.716753699923345],[-84.37750480020634,33.717146299861895],[-84.37720069985238,33.71768650013195],[-84.37719690021675,33.71769339973065],[-84.3771941995526,33.717698300136476],[-84.37719240000922,33.7177014000996],[-84.37719020026748,33.71770569975831],[-84.37718150022602,33.71770149992432],[-84.37717619962189,33.71769849978597],[-84.3760706000781,33.71701389987163],[-84.37631620043226,33.71666239984995],[-84.37663190024199,33.71629670043245]]},"properties":{"overall":75,"safety":98,"sidewalk":100,"sidewalk_present":1,"canopy":26.9,"comfort":44.6,"name":"","road_type":"footway","osm_id":1385999385}},{"type":"Feature","geometry":{"type":"LineString","coordinates":[[-84.37719020026748,33.71770569975831],[-84.37715490007855,33.717769399638144],[-84.37713209956672,33.71781020008075]]},"properties":{"overall":66,"safety":99,"sidewalk":100,"sidewalk_present":1,"canopy":0.0,"comfort":0.0,"name":"","road_type":"footway","osm_id":1389974651}},{"type":"Feature","geometry":{"type":"LineString","coordinates":[[-84.3766720001127,33.72007200042253],[-84.3767075997759,33.71905770005287],[-84.3767100000664,33.71899400017304],[-84.37671179960984,33.71894220012251],[-84.37671999962822,33.718707999574576],[-84.3767500001124,33.71859299966724],[-84.37720999974164,33.71780400015456],[-84.37759000017832,33.71715599994951],[-84.37772380041304,33.71691160019026],[-84.37785630022802,33.71666969964696],[-84.37788899957764,33.71660999995157]]},"properties":{"overall":40,"safety":95,"sidewalk":0,"sidewalk_present":0,"canopy":24.4,"comfort":49.3,"name":"Grant Street Southeast","road_type":"residential","osm_id":46184505}},{"type":"Feature","geometry":{"type":"LineString","coordinates":[[-84.37792799957748,33.716704700361674],[-84.37785630022802,33.71666969964696],[-84.37781170014978,33.716647400057525]]},"properties":{"overall":67,"safety":94,"sidewalk":100,"sidewalk_present":1,"canopy":7.0,"comfort":28.7,"name":"","road_type":"footway","osm_id":1385750342}},{"type":"Feature","geometry":{"type":"LineString","coordinates":[[-84.37856929983326,33.71649249992896],[-84.37835880001859,33.7167207002002],[-84.37834010041524,33.71674359963748],[-84.37830509970053,33.71675129963285],[-84.37821870003296,33.71670620043085],[-84.37786490044476,33.71653040005799],[-84.37705940017116,33.71603710033196]]},"properties":{"overall":61,"safety":80,"sidewalk":100,"sidewalk_present":1,"canopy":3.4,"comfort":27.0,"name":"","road_type":"footway","osm_id":1278997671}},{"type":"Feature","geometry":{"type":"LineString","coordinates":[[-84.37842209970012,33.71679500038903],[-84.37839129971866,33.71677570003857],[-84.37834010041524,33.71674359963748]]},"properties":{"overall":49,"safety":46,"sidewalk":100,"sidewalk_present":1,"canopy":0.0,"comfort":25.7,"name":"","road_type":"footway","osm_id":1278997665}},{"type":"Feature","geometry":{"type":"LineString","coordinates":[[-84.37830509970053,33.71675129963285],[-84.37827410006963,33.7168029998586],[-84.37824659970079,33.71685079972468]]},"properties":{"overall":51,"safety":52,"sidewalk":100,"sidewalk_present":1,"canopy":0.0,"comfort":26.0,"name":"","road_type":"footway","osm_id":1278997666}},{"type":"Feature","geometry":{"type":"LineString","coordinates":[[-84.37696250001932,33.71837699959889],[-84.37748199969451,33.717474799722254],[-84.37779330002076,33.7169441997151],[-84.37792799957748,33.716704700361674],[-84.37824659970079,33.71685079972468],[-84.3784300002443,33.716934899825844],[-84.37859110029899,33.71716989987101],[-84.37875809990635,33.717434000179026]]},"properties":{"overall":67,"safety":82,"sidewalk":100,"sidewalk_present":1,"canopy":18.2,"comfort":39.9,"name":"","road_type":"footway","osm_id":1278997668}},{"type":"Feature","geometry":{"type":"LineString","coordinates":[[-84.37930829973823,33.71724329983846],[-84.37876849966648,33.71702319976089],[-84.3786482998791,33.71697420019922],[-84.37845639984295,33.71688380034715]]},"properties":{"overall":19,"safety":52,"sidewalk":0,"sidewalk_present":0,"canopy":5.1,"comfort":27.9,"name":"McDonough Boulevard Southeast","road_type":"secondary","osm_id":629305940}},{"type":"Feature","geometry":{"type":"LineString","coordinates":[[-84.37874289956511,33.717069000434094],[-84.37876849966648,33.71702319976089],[-84.37880789986463,33.71696040010244]]},"properties":{"overall":55,"safety":66,"sidewalk":100,"sidewalk_present":1,"canopy":0.0,"comfort":0.0,"name":"","road_type":"footway","osm_id":1278997670}},{"type":"Feature","geometry":{"type":"LineString","coordinates":[[-84.37772380041304,33.71691160019026],[-84.37779330002076,33.7169441997151],[-84.37801729955868,33.717049000411066],[-84.3782170003143,33.717143299723546],[-84.37837720014761,33.717387300183816]]},"properties":{"overall":70,"safety":99,"sidewalk":100,"sidewalk_present":1,"canopy":10.0,"comfort":31.8,"name":"Mission Way","road_type":"residential","osm_id":1511725793}},{"type":"Feature","geometry":{"type":"LineString","coordinates":[[-84.37877320042281,33.71721859995847],[-84.37869850003568,33.717115700429304],[-84.37869850003568,33.71708650034179],[-84.37871490007257,33.71706519989908],[-84.37874289956511,33.717069000434094],[-84.37932429957675,33.7173118002994],[-84.37952749959442,33.717362299930244],[-84.37973099998561,33.717397699943945]]},"properties":{"overall":62,"safety":87,"sidewalk":100,"sidewalk_present":1,"canopy":0.0,"comfort":0.0,"name":"","road_type":"footway","osm_id":1278854674}},{"type":"Feature","geometry":{"type":"LineString","coordinates":[[-84.37869850003568,33.717115700429304],[-84.37863559965314,33.71714739973277],[-84.37859110029899,33.71716989987101]]},"properties":{"overall":56,"safety":68,"sidewalk":100,"sidewalk_present":1,"canopy":0.0,"comfort":0.0,"name":"","road_type":"footway","osm_id":1278997667}},{"type":"Feature","geometry":{"type":"LineString","coordinates":[[-84.37869759981436,33.71898820044515],[-84.37678089991857,33.718940799878055],[-84.37678149976637,33.718644500243556],[-84.37696250001932,33.71837699959889]]},"properties":{"overall":77,"safety":98,"sidewalk":100,"sidewalk_present":1,"canopy":32.8,"comfort":56.6,"name":"","road_type":"footway","osm_id":759647172}},{"type":"Feature","geometry":{"type":"LineString","coordinates":[[-84.37678089991857,33.718940799878055],[-84.37671179960984,33.71894220012251],[-84.37664120013125,33.71894410038999]]},"properties":{"overall":76,"safety":87,"sidewalk":100,"sidewalk_present":1,"canopy":42.4,"comfort":64.2,"name":"","road_type":"footway","osm_id":1389974653}},{"type":"Feature","geometry":{"type":"LineString","coordinates":[[-84.37664120013125,33.71894410038999],[-84.37664049955936,33.71899240027909],[-84.37664039973464,33.71905569996062]]},"properties":{"overall":80,"safety":97,"sidewalk":100,"sidewalk_present":1,"canopy":43.9,"comfort":64.8,"name":"","road_type":"footway","osm_id":1389974656}},{"type":"Feature","geometry":{"type":"LineString","coordinates":[[-84.37875599998938,33.71904399978081],[-84.37869709979128,33.71904260043573],[-84.37677949967411,33.71899560006693],[-84.3767100000664,33.71899400017304],[-84.37664049955936,33.71899240027909],[-84.37491380033157,33.71895359992874]]},"properties":{"overall":43,"safety":92,"sidewalk":0,"sidewalk_present":0,"canopy":36.1,"comfort":58.5,"name":"Nolan Street Southeast","road_type":"residential","osm_id":9241714}},{"type":"Feature","geometry":{"type":"LineString","coordinates":[[-84.37677789978022,33.719061999711585],[-84.37677949967411,33.71899560006693],[-84.37678089991857,33.718940799878055]]},"properties":{"overall":76,"safety":92,"sidewalk":100,"sidewalk_present":1,"canopy":35.7,"comfort":61.8,"name":"","road_type":"footway","osm_id":1389974652}},{"type":"Feature","geometry":{"type":"LineString","coordinates":[[-84.37664039973464,33.71905569996062],[-84.3767075997759,33.71905770005287],[-84.37677789978022,33.719061999711585]]},"properties":{"overall":78,"safety":95,"sidewalk":100,"sidewalk_present":1,"canopy":40.0,"comfort":63.3,"name":"","road_type":"footway","osm_id":1389974655}},{"type":"Feature","geometry":{"type":"LineString","coordinates":[[-84.37661040014979,33.720017200233656],[-84.37662370022355,33.71954679994491]]},"properties":{"overall":70,"safety":98,"sidewalk":100,"sidewalk_present":1,"canopy":13.1,"comfort":52.7,"name":"","road_type":"footway","osm_id":808224084}},{"type":"Feature","geometry":{"type":"LineString","coordinates":[[-84.37664039973464,33.71905569996062],[-84.37662370022355,33.71954679994491]]},"properties":{"overall":76,"safety":99,"sidewalk":100,"sidewalk_present":1,"canopy":29.7,"comfort":59.7,"name":"","road_type":"footway","osm_id":1389974654}},{"type":"Feature","geometry":{"type":"LineString","coordinates":[[-84.37865830034025,33.72007809962463],[-84.37869649994349,33.719104999895876],[-84.37677789978022,33.719061999711585],[-84.37676010039826,33.72003210020131],[-84.37678819971563,33.720036100385755],[-84.37865830034025,33.72007809962463]]},"properties":{"overall":76,"safety":96,"sidewalk":100,"sidewalk_present":1,"canopy":32.3,"comfort":55.3,"name":"","road_type":"footway","osm_id":759647169}},{"type":"Feature","geometry":{"type":"LineString","coordinates":[[-84.37660689998842,33.72013299963828],[-84.3766088002559,33.72007060017813],[-84.37661040014979,33.720017200233656]]},"properties":{"overall":66,"safety":98,"sidewalk":100,"sidewalk_present":1,"canopy":0.0,"comfort":0.0,"name":"","road_type":"footway","osm_id":808224083}},{"type":"Feature","geometry":{"type":"LineString","coordinates":[[-84.3831619999263,33.711593499740275],[-84.38325100043329,33.71187610000209],[-84.38329749987969,33.71202599990005],[-84.3833375997504,33.712167799604345]]},"properties":{"overall":72,"safety":96,"sidewalk":100,"sidewalk_present":1,"canopy":19.4,"comfort":42.4,"name":"","road_type":"footway","osm_id":1385376473}},{"type":"Feature","geometry":{"type":"LineString","coordinates":[[-84.38333439996256,33.71201710020904],[-84.38329749987969,33.71202599990005],[-84.3832796995984,33.712030299558705]]},"properties":{"overall":73,"safety":100,"sidewalk":100,"sidewalk_present":1,"canopy":17.8,"comfort":42.1,"name":"","road_type":"service","osm_id":563001831}},{"type":"Feature","geometry":{"type":"LineString","coordinates":[[-84.38337659975025,33.712158899913334],[-84.3833375997504,33.712167799604345],[-84.38328839963987,33.71217899976108]]},"properties":{"overall":76,"safety":99,"sidewalk":100,"sidewalk_present":1,"canopy":27.7,"comfort":45.2,"name":"","road_type":"service","osm_id":563001827}},{"type":"Feature","geometry":{"type":"LineString","coordinates":[[-84.38469019989276,33.71570169997352],[-84.38467699964377,33.71566999977074],[-84.38435679962657,33.71485180017049],[-84.38433900024461,33.71480899963569],[-84.38432880013397,33.71478400028144],[-84.38400419973397,33.71399259957889],[-84.38398800024595,33.71395299973119],[-84.38365500017807,33.71309000040327],[-84.3834230002712,33.71231499973749],[-84.38337659975025,33.712158899913334],[-84.38333439996256,33.71201710020904],[-84.38329010025791,33.71186820035723],[-84.38320629963101,33.71158669996629],[-84.38319299955725,33.71154200006333],[-84.3831839002168,33.71151270015105]]},"properties":{"overall":72,"safety":92,"sidewalk":100,"sidewalk_present":1,"canopy":25.4,"comfort":47.5,"name":"Lansing Street Southeast","road_type":"residential","osm_id":9267841}},{"type":"Feature","geometry":{"type":"LineString","coordinates":[[-84.38393959963275,33.71392989974515],[-84.3838540003618,33.71370759992584],[-84.38366020005816,33.713222900416554],[-84.38363350008592,33.71314839967897],[-84.38363130034418,33.71314219975278],[-84.38361519978162,33.713098200421655]]},"properties":{"overall":71,"safety":85,"sidewalk":100,"sidewalk_present":1,"canopy":26.8,"comfort":46.4,"name":"","road_type":"footway","osm_id":1385105154}},{"type":"Feature","geometry":{"type":"LineString","coordinates":[[-84.38710800023398,33.71363100017055],[-84.38602999998449,33.71363100017055],[-84.38539000014833,33.7136330002628],[-84.38522699982616,33.71364800005523],[-84.38398800024595,33.71395299973119],[-84.38395119998785,33.713964600086285],[-84.38302950011132,33.71420339976714],[-84.38297000006543,33.71422100039888]]},"properties":{"overall":69,"safety":87,"sidewalk":100,"sidewalk_present":1,"canopy":21.3,"comfort":47.1,"name":"Brown Avenue Southeast","road_type":"residential","osm_id":9276770}},{"type":"Feature","geometry":{"type":"LineString","coordinates":[[-84.38396729965115,33.71400319988783],[-84.38395119998785,33.713964600086285],[-84.38393959963275,33.71392989974515]]},"properties":{"overall":64,"safety":68,"sidewalk":100,"sidewalk_present":1,"canopy":22.8,"comfort":47.0,"name":"","road_type":"footway","osm_id":1385105163}},{"type":"Feature","geometry":{"type":"LineString","coordinates":[[-84.38396729965115,33.71400319988783],[-84.38400419973397,33.71399259957889],[-84.38404180038873,33.713983699887876]]},"properties":{"overall":64,"safety":70,"sidewalk":100,"sidewalk_present":1,"canopy":22.4,"comfort":47.5,"name":"","road_type":"footway","osm_id":1385138901}},{"type":"Feature","geometry":{"type":"LineString","coordinates":[[-84.38304139994062,33.714227499799335],[-84.38318750020295,33.71418780012692],[-84.38340200020212,33.71413769979506],[-84.38366749985522,33.714072499846054],[-84.38396729965115,33.71400319988783]]},"properties":{"overall":66,"safety":79,"sidewalk":100,"sidewalk_present":1,"canopy":19.1,"comfort":40.4,"name":"","road_type":"footway","osm_id":1385138900}},{"type":"Feature","geometry":{"type":"LineString","coordinates":[[-84.38389810041696,33.71491900021175],[-84.38389579995118,33.714891499842906],[-84.3839127998358,33.714883299824464],[-84.38428870026326,33.7147923001246]]},"properties":{"overall":69,"safety":92,"sidewalk":100,"sidewalk_present":1,"canopy":14.8,"comfort":43.6,"name":"","road_type":"footway","osm_id":1385129658}},{"type":"Feature","geometry":{"type":"LineString","coordinates":[[-84.3824767003394,33.71194199962366],[-84.38235799972188,33.711966300204665],[-84.38228540015103,33.71198120017232]]},"properties":{"overall":64,"safety":88,"sidewalk":100,"sidewalk_present":1,"canopy":5.5,"comfort":33.3,"name":"","road_type":"service","osm_id":563001828}},{"type":"Feature","geometry":{"type":"LineString","coordinates":[[-84.38249759968443,33.71246739975072],[-84.38246340026569,33.71235239984344],[-84.38237449958348,33.712017399683305],[-84.38235799972188,33.711966300204665],[-84.38230340008181,33.71176100026997]]},"properties":{"overall":63,"safety":83,"sidewalk":100,"sidewalk_present":1,"canopy":6.5,"comfort":33.5,"name":"","road_type":"footway","osm_id":1385086278}},{"type":"Feature","geometry":{"type":"LineString","coordinates":[[-84.38242319967088,33.714330099854294],[-84.38238009966182,33.71418759957811],[-84.38242390024277,33.71418010013156]]},"properties":{"overall":33,"safety":100,"sidewalk":0,"sidewalk_present":0,"canopy":0.0,"comfort":25.4,"name":"","road_type":"service","osm_id":563001840}},{"type":"Feature","geometry":{"type":"LineString","coordinates":[[-84.38293999958125,33.71430649984512],[-84.38230190001264,33.71442220032435]]},"properties":{"overall":66,"safety":98,"sidewalk":100,"sidewalk_present":1,"canopy":0.0,"comfort":26.4,"name":"","road_type":"footway","osm_id":1386589277}},{"type":"Feature","geometry":{"type":"LineString","coordinates":[[-84.38219889975937,33.71519770011383],[-84.3820193995756,33.714617099599536]]},"properties":{"overall":33,"safety":100,"sidewalk":0,"sidewalk_present":0,"canopy":0.0,"comfort":24.5,"name":"","road_type":"service","osm_id":887388315}},{"type":"Feature","geometry":{"type":"LineString","coordinates":[[-84.38180219981166,33.71466490036494],[-84.3820193995756,33.714617099599536],[-84.38217080044205,33.71458390022684]]},"properties":{"overall":33,"safety":100,"sidewalk":0,"sidewalk_present":0,"canopy":0.0,"comfort":25.1,"name":"","road_type":"service","osm_id":887388316}},{"type":"Feature","geometry":{"type":"LineString","coordinates":[[-84.38151870022779,33.71538660001164],[-84.38174150007012,33.71532480039929],[-84.38203249999981,33.71524399991074],[-84.38219889975937,33.71519770011383],[-84.38261280014058,33.71508260038178]]},"properties":{"overall":33,"safety":100,"sidewalk":0,"sidewalk_present":0,"canopy":0.0,"comfort":26.0,"name":"","road_type":"service","osm_id":887388312}},{"type":"Feature","geometry":{"type":"LineString","coordinates":[[-84.38209550020713,33.715496200389396],[-84.38205290022114,33.7153255000718],[-84.38203249999981,33.71524399991074]]},"properties":{"overall":30,"safety":89,"sidewalk":0,"sidewalk_present":0,"canopy":0.0,"comfort":25.7,"name":"","road_type":"service","osm_id":887388311}},{"type":"Feature","geometry":{"type":"LineString","coordinates":[[-84.38209550020713,33.715496200389396],[-84.38211379961211,33.71554529977584],[-84.38213369981037,33.715598800444354],[-84.38216230005008,33.715675800397946],[-84.38238790038127,33.71604509980159],[-84.3827112003616,33.71675720008477],[-84.38278730009381,33.71692490026396],[-84.38287910019028,33.71712700041081],[-84.38296830034676,33.717323600303985]]},"properties":{"overall":55,"safety":64,"sidewalk":100,"sidewalk_present":1,"canopy":0.0,"comfort":23.5,"name":"","road_type":"service","osm_id":562995967}},{"type":"Feature","geometry":{"type":"LineString","coordinates":[[-84.38262429977158,33.71713399983429],[-84.38227600043706,33.71613620022549]]},"properties":{"overall":33,"safety":100,"sidewalk":0,"sidewalk_present":0,"canopy":0.0,"comfort":22.5,"name":"","road_type":"service","osm_id":562995966}},{"type":"Feature","geometry":{"type":"LineString","coordinates":[[-84.38304139994062,33.714227499799335],[-84.38302950011132,33.71420339976714],[-84.38301019976086,33.71415519970276]]},"properties":{"overall":63,"safety":82,"sidewalk":100,"sidewalk_present":1,"canopy":7.0,"comfort":31.3,"name":"","road_type":"footway","osm_id":1385086293}},{"type":"Feature","geometry":{"type":"LineString","coordinates":[[-84.38293999958125,33.71430649984512],[-84.38290509959063,33.71423390027434],[-84.38289829981665,33.71421500012224]]},"properties":{"overall":65,"safety":96,"sidewalk":100,"sidewalk_present":1,"canopy":0.0,"comfort":28.2,"name":"","road_type":"footway","osm_id":1385091019}},{"type":"Feature","geometry":{"type":"LineString","coordinates":[[-84.38329389989354,33.71513889974051],[-84.3832204999261,33.714956199768835],[-84.38313279983879,33.71474379968663],[-84.38300060039734,33.71443300028278],[-84.38294909982108,33.71431209992352],[-84.38293999958125,33.71430649984512]]},"properties":{"overall":64,"safety":86,"sidewalk":100,"sidewalk_present":1,"canopy":6.8,"comfort":31.4,"name":"","road_type":"footway","osm_id":1385091018}},{"type":"Feature","geometry":{"type":"LineString","coordinates":[[-84.38337819964414,33.715022200114504],[-84.38325170010586,33.7147494995898],[-84.38314430036911,33.71449599959078],[-84.38304139994062,33.714227499799335]]},"properties":{"overall":62,"safety":74,"sidewalk":100,"sidewalk_present":1,"canopy":13.0,"comfort":34.4,"name":"","road_type":"footway","osm_id":1385086292}},{"type":"Feature","geometry":{"type":"LineString","coordinates":[[-84.3828601002134,33.71508079993902],[-84.38270300034316,33.71457799977492]]},"properties":{"overall":33,"safety":100,"sidewalk":0,"sidewalk_present":0,"canopy":0.0,"comfort":26.5,"name":"","road_type":"service","osm_id":887388314}},{"type":"Feature","geometry":{"type":"LineString","coordinates":[[-84.38284549972002,33.71444499993686],[-84.38287829979367,33.71453329987196],[-84.38306049974221,33.71502969956106],[-84.3828601002134,33.71508079993902],[-84.38263340001134,33.71513850044147],[-84.38261280014058,33.71508260038178],[-84.38245070003973,33.714642199677826],[-84.38270300034316,33.71457799977492],[-84.38287829979367,33.71453329987196]]},"properties":{"overall":33,"safety":98,"sidewalk":0,"sidewalk_present":0,"canopy":1.0,"comfort":26.7,"name":"","road_type":"service","osm_id":887388313}},{"type":"Feature","geometry":{"type":"LineString","coordinates":[[-84.3833277000133,33.71523140040887],[-84.3832265002028,33.71526009957398],[-84.38284570026883,33.71535250041762],[-84.3825571995551,33.71543020004373],[-84.38211379961211,33.71554529977584]]},"properties":{"overall":58,"safety":73,"sidewalk":100,"sidewalk_present":1,"canopy":1.2,"comfort":26.8,"name":"","road_type":"footway","osm_id":1385317897}},{"type":"Feature","geometry":{"type":"LineString","coordinates":[[-84.38293460005173,33.715762799913364],[-84.38282480002448,33.71550369983595]]},"properties":{"overall":33,"safety":100,"sidewalk":0,"sidewalk_present":0,"canopy":0.0,"comfort":25.8,"name":"","road_type":"service","osm_id":887388318}},{"type":"Feature","geometry":{"type":"LineString","coordinates":[[-84.3833791996903,33.715634499932264],[-84.3831780995896,33.71569249990898],[-84.38302340000985,33.715737199812],[-84.38293460005173,33.715762799913364],[-84.38285350008891,33.71578620027299]]},"properties":{"overall":34,"safety":100,"sidewalk":0,"sidewalk_present":0,"canopy":1.5,"comfort":26.8,"name":"","road_type":"service","osm_id":887388305}},{"type":"Feature","geometry":{"type":"LineString","coordinates":[[-84.38285350008891,33.71578620027299],[-84.38320350004147,33.71661169967024]]},"properties":{"overall":33,"safety":100,"sidewalk":0,"sidewalk_present":0,"canopy":0.0,"comfort":23.7,"name":"","road_type":"service","osm_id":562995959}},{"type":"Feature","geometry":{"type":"LineString","coordinates":[[-84.38341449987922,33.71508220018342],[-84.38383670010359,33.71497529957048],[-84.3840827995815,33.71491080019331],[-84.38431230027243,33.714859599990575]]},"properties":{"overall":63,"safety":74,"sidewalk":100,"sidewalk_present":1,"canopy":15.0,"comfort":40.6,"name":"","road_type":"footway","osm_id":1385134390}},{"type":"Feature","geometry":{"type":"LineString","coordinates":[[-84.38337819964414,33.715022200114504],[-84.38360249955565,33.71496260024384]]},"properties":{"overall":65,"safety":80,"sidewalk":100,"sidewalk_present":1,"canopy":14.6,"comfort":36.1,"name":"","road_type":"footway","osm_id":1385129656}},{"type":"Feature","geometry":{"type":"LineString","coordinates":[[-84.38341449987922,33.71508220018342],[-84.38339110041892,33.71504709964398],[-84.38337819964414,33.715022200114504]]},"properties":{"overall":62,"safety":68,"sidewalk":100,"sidewalk_present":1,"canopy":16.6,"comfort":35.7,"name":"","road_type":"footway","osm_id":1385086291}},{"type":"Feature","geometry":{"type":"LineString","coordinates":[[-84.3833277000133,33.71523140040887],[-84.38331230002257,33.715184300215356],[-84.38329389989354,33.71513889974051]]},"properties":{"overall":57,"safety":63,"sidewalk":100,"sidewalk_present":1,"canopy":7.0,"comfort":30.8,"name":"","road_type":"footway","osm_id":1385091017}},{"type":"Feature","geometry":{"type":"LineString","coordinates":[[-84.38373390039914,33.715874299659276],[-84.3837162997674,33.71584299965474],[-84.38370990019172,33.71583510000988],[-84.38366499973989,33.71572549963213],[-84.38360470019671,33.71557959991867],[-84.38354749971728,33.7154423004219],[-84.38341060041881,33.71510439994813],[-84.3834093998239,33.71509560008195],[-84.38341449987922,33.71508220018342]]},"properties":{"overall":64,"safety":79,"sidewalk":100,"sidewalk_present":1,"canopy":13.7,"comfort":34.8,"name":"","road_type":"footway","osm_id":1385086290}},{"type":"Feature","geometry":{"type":"LineString","coordinates":[[-84.38376540005311,33.71594039982966],[-84.38374799997018,33.71590640006036],[-84.38373390039914,33.715874299659276]]},"properties":{"overall":68,"safety":92,"sidewalk":100,"sidewalk_present":1,"canopy":12.2,"comfort":34.2,"name":"","road_type":"footway","osm_id":1385086289}},{"type":"Feature","geometry":{"type":"LineString","coordinates":[[-84.38419530027284,33.71724129974626],[-84.38419239995926,33.71722980011526],[-84.38416400026836,33.71716689973266],[-84.38408700031476,33.71697189973344],[-84.38398790042123,33.71675059996028],[-84.38385010000206,33.716440600053716],[-84.38367710011806,33.71603550043807],[-84.3835934002152,33.71585230044337],[-84.38344470001283,33.71550140026943],[-84.38333780029922,33.71524430028427],[-84.3833277000133,33.71523140040887]]},"properties":{"overall":59,"safety":73,"sidewalk":100,"sidewalk_present":1,"canopy":5.2,"comfort":29.7,"name":"","road_type":"footway","osm_id":1385091016}},{"type":"Feature","geometry":{"type":"LineString","coordinates":[[-84.38410469987195,33.71673150015863],[-84.38397399960036,33.71644370001678],[-84.38376540005311,33.71594039982966]]},"properties":{"overall":67,"safety":93,"sidewalk":100,"sidewalk_present":1,"canopy":8.7,"comfort":31.2,"name":"","road_type":"footway","osm_id":1385086277}},{"type":"Feature","geometry":{"type":"LineString","coordinates":[[-84.3833791996903,33.715634499932264],[-84.38371000001644,33.71646189959705],[-84.38387310016338,33.71686990042559]]},"properties":{"overall":34,"safety":99,"sidewalk":0,"sidewalk_present":0,"canopy":1.6,"comfort":26.4,"name":"","road_type":"service","osm_id":887388303}},{"type":"Feature","geometry":{"type":"LineString","coordinates":[[-84.38370070012718,33.7169166004208],[-84.38352939996179,33.71651530044079],[-84.3831780995896,33.71569249990898]]},"properties":{"overall":33,"safety":100,"sidewalk":0,"sidewalk_present":0,"canopy":0.0,"comfort":24.9,"name":"","road_type":"service","osm_id":562995960}},{"type":"Feature","geometry":{"type":"LineString","coordinates":[[-84.383446200082,33.7167386003062],[-84.38278730009381,33.71692490026396]]},"properties":{"overall":33,"safety":100,"sidewalk":0,"sidewalk_present":0,"canopy":0.0,"comfort":22.1,"name":"","road_type":"service","osm_id":562995962}},{"type":"Feature","geometry":{"type":"LineString","coordinates":[[-84.38201409987079,33.71715060041993],[-84.38221400027584,33.717145100166306],[-84.38241470017823,33.7171396997374],[-84.38262429977158,33.71713399983429],[-84.38287910019028,33.71712700041081],[-84.38337039982406,33.716979099705725],[-84.3835278000679,33.71693179986272]]},"properties":{"overall":33,"safety":100,"sidewalk":0,"sidewalk_present":0,"canopy":0.0,"comfort":22.5,"name":"","road_type":"service","osm_id":562995963}},{"type":"Feature","geometry":{"type":"LineString","coordinates":[[-84.38343559977307,33.71714269987575],[-84.38296830034676,33.717323600303985]]},"properties":{"overall":33,"safety":100,"sidewalk":0,"sidewalk_present":0,"canopy":0.0,"comfort":24.0,"name":"","road_type":"service","osm_id":562995952}},{"type":"Feature","geometry":{"type":"LineString","coordinates":[[-84.38426400038327,33.71726000024887],[-84.38421270035582,33.71728210018881],[-84.38376680029756,33.71747390040025],[-84.38295999960428,33.71782100003918],[-84.38291700031925,33.717851999670074],[-84.38288699983514,33.71789699994662]]},"properties":{"overall":65,"safety":88,"sidewalk":100,"sidewalk_present":1,"canopy":7.8,"comfort":31.4,"name":"Buchanan Lane Southeast","road_type":"residential","osm_id":9259793}},{"type":"Feature","geometry":{"type":"LineString","coordinates":[[-84.3850889997575,33.71917579992328],[-84.38492290037152,33.719077200052766],[-84.38440199955261,33.718767999643546],[-84.38392530041227,33.71849050033637],[-84.38371500024704,33.71836800008322],[-84.3829910001345,33.71794699955444],[-84.38288699983514,33.71789699994662],[-84.38272400041222,33.71784999957788],[-84.38227300029871,33.7177736003714],[-84.38208489989819,33.717741800343845],[-84.3820068998985,33.71772860009486],[-84.38184400030036,33.7177009999013]]},"properties":{"overall":14,"safety":30,"sidewalk":0,"sidewalk_present":0,"canopy":11.4,"comfort":28.2,"name":"McDonough Boulevard Southeast","road_type":"secondary","osm_id":48663392}},{"type":"Feature","geometry":{"type":"LineString","coordinates":[[-84.38432849976044,33.71879600003541],[-84.38401160025512,33.71860829983325],[-84.38365159984141,33.718393299811],[-84.38340129963024,33.718254900443355],[-84.38304089991755,33.71805490021353],[-84.38294890017158,33.718000500222956],[-84.3828588996185,33.71795380022775],[-84.38263869971615,33.717896300274106],[-84.38227239955154,33.71783890014518]]},"properties":{"overall":55,"safety":66,"sidewalk":100,"sidewalk_present":1,"canopy":0.0,"comfort":0.0,"name":"","road_type":"footway","osm_id":1385074835}},{"type":"Feature","geometry":{"type":"LineString","coordinates":[[-84.3821694001976,33.71897500019617],[-84.38224039987449,33.718962899817996],[-84.38238819985548,33.71893769991499],[-84.38248419978595,33.71892949989655],[-84.3825574001039,33.7189443998642],[-84.38274630000171,33.719059700145124],[-84.38338200017915,33.719447500401884],[-84.38352010007253,33.71953159960367]]},"properties":{"overall":80,"safety":100,"sidewalk":100,"sidewalk_present":1,"canopy":38.8,"comfort":47.3,"name":"","road_type":"service","osm_id":1247540883}},{"type":"Feature","geometry":{"type":"LineString","coordinates":[[-84.38326640042402,33.71957669970499],[-84.38301529981618,33.71943020014368],[-84.38275259975262,33.71927689990906]]},"properties":{"overall":35,"safety":56,"sidewalk":0,"sidewalk_present":0,"canopy":49.8,"comfort":51.4,"name":"","road_type":"service","osm_id":1247540885}},{"type":"Feature","geometry":{"type":"LineString","coordinates":[[-84.38274630000171,33.719059700145124],[-84.38270849969746,33.71910459969757],[-84.38275259975262,33.71927689990906],[-84.38280610042113,33.71948620002814],[-84.38285019957704,33.719533999894225],[-84.38310440014789,33.71968560041017],[-84.38317710044282,33.719676599995125],[-84.38326640042402,33.71957669970499],[-84.38338200017915,33.719447500401884]]},"properties":{"overall":44,"safety":78,"sidewalk":0,"sidewalk_present":0,"canopy":54.2,"comfort":53.0,"name":"","road_type":"service","osm_id":1247540884}},{"type":"Feature","geometry":{"type":"LineString","coordinates":[[-84.38251410044535,33.72001799973094],[-84.38253930034841,33.720115200256316]]},"properties":{"overall":77,"safety":99,"sidewalk":100,"sidewalk_present":1,"canopy":30.9,"comfort":48.1,"name":"","road_type":"footway","osm_id":1278854694}},{"type":"Feature","geometry":{"type":"LineString","coordinates":[[-84.38371000001644,33.71646189959705],[-84.38352939996179,33.71651530044079],[-84.38337160041897,33.71656179988719],[-84.38320350004147,33.71661169967024],[-84.3827112003616,33.71675720008477]]},"properties":{"overall":33,"safety":100,"sidewalk":0,"sidewalk_present":0,"canopy":0.0,"comfort":23.2,"name":"","road_type":"service","osm_id":887388304}},{"type":"Feature","geometry":{"type":"LineString","coordinates":[[-84.3835278000679,33.71693179986272],[-84.383446200082,33.7167386003062],[-84.38337160041897,33.71656179988719],[-84.38302340000985,33.715737199812]]},"properties":{"overall":33,"safety":100,"sidewalk":0,"sidewalk_present":0,"canopy":0.0,"comfort":24.1,"name":"","road_type":"service","osm_id":562995961}},{"type":"Feature","geometry":{"type":"LineString","coordinates":[[-84.38337039982406,33.716979099705725],[-84.38343559977307,33.71714269987575]]},"properties":{"overall":33,"safety":100,"sidewalk":0,"sidewalk_present":0,"canopy":0.0,"comfort":24.2,"name":"","road_type":"service","osm_id":562995953}},{"type":"Feature","geometry":{"type":"LineString","coordinates":[[-84.38286370019955,33.717823000131375],[-84.38288820043005,33.717821800435786],[-84.38298199971945,33.71777270015002],[-84.38317780011533,33.717688600048916],[-84.38357669980479,33.717508099818986],[-84.38369050001654,33.71746249969465],[-84.38370809974896,33.71745860023424],[-84.38372509963358,33.717459999579376],[-84.38376680029756,33.71747390040025]]},"properties":{"overall":64,"safety":86,"sidewalk":100,"sidewalk_present":1,"canopy":7.5,"comfort":29.9,"name":"","road_type":"footway","osm_id":1385319413}},{"type":"Feature","geometry":{"type":"LineString","coordinates":[[-84.38456199973643,33.71793900008481],[-84.38451150010559,33.71795619961898],[-84.38447700031327,33.71796799962351],[-84.38378399983168,33.71829200017572],[-84.38374599987793,33.71832099971442],[-84.38371500024704,33.71836800008322]]},"properties":{"overall":69,"safety":79,"sidewalk":100,"sidewalk_present":1,"canopy":28.6,"comfort":43.5,"name":"Martin Avenue Southeast","road_type":"residential","osm_id":9259136}},{"type":"Feature","geometry":{"type":"LineString","coordinates":[[-84.38354200036298,33.71993999973125],[-84.38357199994778,33.71988099970844],[-84.38387689979908,33.71947209955778],[-84.38436360029988,33.71881950021981],[-84.38440199955261,33.718767999643546]]},"properties":{"overall":43,"safety":90,"sidewalk":0,"sidewalk_present":0,"canopy":39.8,"comfort":50.6,"name":"Martin Street Southeast","road_type":"residential","osm_id":9256339}},{"type":"Feature","geometry":{"type":"LineString","coordinates":[[-84.38420799959948,33.720252999776164],[-84.3840310004303,33.72018800037597],[-84.38371500024704,33.72010500014568],[-84.3836360002012,33.72007299956931],[-84.38357099990168,33.72002299996154],[-84.38354200036298,33.71993999973125]]},"properties":{"overall":48,"safety":100,"sidewalk":0,"sidewalk_present":0,"canopy":43.4,"comfort":53.8,"name":"Pear Street Southeast","road_type":"residential","osm_id":9267747}},{"type":"Feature","geometry":{"type":"LineString","coordinates":[[-84.3834508001143,33.721021199768586],[-84.38337160041897,33.72122470015984]]},"properties":{"overall":35,"safety":100,"sidewalk":0,"sidewalk_present":0,"canopy":3.8,"comfort":36.4,"name":"","road_type":"service","osm_id":1116205363}},{"type":"Feature","geometry":{"type":"LineString","coordinates":[[-84.38315739989406,33.721303700205624],[-84.3832040000645,33.72132830026089],[-84.38326090017034,33.721339500417685],[-84.38331370026702,33.72136430012239],[-84.38343159958862,33.72141619999769],[-84.3836109001229,33.72149670011265],[-84.38369130041315,33.72153599958676],[-84.38383260009437,33.721605199720216],[-84.38392190007556,33.72165639992295],[-84.38400059974782,33.72170579968298],[-84.38405859972454,33.7217481001947],[-84.38410639959062,33.72179420034212]]},"properties":{"overall":60,"safety":76,"sidewalk":100,"sidewalk_present":1,"canopy":5.2,"comfort":35.8,"name":"","road_type":"footway","osm_id":1385316413}},{"type":"Feature","geometry":{"type":"LineString","coordinates":[[-84.38322660002751,33.72151369999733],[-84.38334729983796,33.721569799706515]]},"properties":{"overall":63,"safety":81,"sidewalk":100,"sidewalk_present":1,"canopy":7.0,"comfort":38.0,"name":"","road_type":"footway","osm_id":1385316416}},{"type":"Feature","geometry":{"type":"LineString","coordinates":[[-84.38253930034841,33.720115200256316],[-84.38255399976725,33.72017189981335]]},"properties":{"overall":75,"safety":99,"sidewalk":100,"sidewalk_present":1,"canopy":26.4,"comfort":47.8,"name":"","road_type":"footway","osm_id":1278854695}},{"type":"Feature","geometry":{"type":"LineString","coordinates":[[-84.38255399976725,33.72017189981335],[-84.38256899955962,33.72022970014058]]},"properties":{"overall":75,"safety":99,"sidewalk":100,"sidewalk_present":1,"canopy":25.2,"comfort":47.5,"name":"","road_type":"footway","osm_id":1278854696}},{"type":"Feature","geometry":{"type":"LineString","coordinates":[[-84.38403499971542,33.721860000138975],[-84.38410639959062,33.72179420034212],[-84.38425480031873,33.721657399969104],[-84.38474330036297,33.721423899993056],[-84.38499309965181,33.72175439994567],[-84.38503940034803,33.721783199834874],[-84.38510279985428,33.72179110037905],[-84.3856352003042,33.72152540017714],[-84.3856634003456,33.72144979956863],[-84.38493399980422,33.721232800353505],[-84.38490460006722,33.72122399958795],[-84.3843976998939,33.72109199979599],[-84.38326369975988,33.72076530037839],[-84.38320819989849,33.72076280026306],[-84.38317239968649,33.72078459982947],[-84.38314040000944,33.72087000035026],[-84.383143699622,33.7209142002302],[-84.38318869989854,33.720952399833436],[-84.3834508001143,33.721021199768586],[-84.3836931997813,33.721084899648474],[-84.38376799999315,33.72111270039085],[-84.38382549994685,33.72113950018786],[-84.38398159977095,33.721249400039824],[-84.38404660007052,33.72127979982298],[-84.3841124996921,33.72128079986908],[-84.38436980022607,33.72116859955128],[-84.3843976998939,33.72109199979599]]},"properties":{"overall":67,"safety":95,"sidewalk":100,"sidewalk_present":1,"canopy":5.1,"comfort":33.2,"name":"","road_type":"service","osm_id":1102614023}},{"type":"Feature","geometry":{"type":"LineString","coordinates":[[-84.38256899955962,33.72022970014058],[-84.38259359961489,33.720324799849664],[-84.38276920033826,33.72087060019811],[-84.38294489998708,33.72112429984662],[-84.38315739989406,33.721303700205624]]},"properties":{"overall":71,"safety":92,"sidewalk":100,"sidewalk_present":1,"canopy":20.8,"comfort":45.6,"name":"","road_type":"footway","osm_id":1278854693}},{"type":"Feature","geometry":{"type":"LineString","coordinates":[[-84.38240299999842,33.72012769993347],[-84.38241930021047,33.72019189983638],[-84.38268300032018,33.720993599575024],[-84.3829140001809,33.72127040010895]]},"properties":{"overall":72,"safety":95,"sidewalk":100,"sidewalk_present":1,"canopy":21.1,"comfort":46.0,"name":"","road_type":"footway","osm_id":1278854690}},{"type":"Feature","geometry":{"type":"LineString","coordinates":[[-84.38251249965208,33.720281000168086],[-84.38264429979455,33.72071999972826],[-84.3827341996236,33.72095320023004],[-84.3828482003841,33.721126100289325],[-84.38304120029113,33.721306399970445],[-84.3831326001893,33.72139190031601]]},"properties":{"overall":38,"safety":91,"sidewalk":0,"sidewalk_present":0,"canopy":22.0,"comfort":46.0,"name":"Lakewood Avenue Southeast","road_type":"tertiary","osm_id":9266829}},{"type":"Feature","geometry":{"type":"LineString","coordinates":[[-84.38268699960531,33.72128229993825],[-84.38260460012214,33.72123020041346],[-84.38251330004874,33.72116830007701],[-84.38210740003643,33.72082879970941]]},"properties":{"overall":71,"safety":87,"sidewalk":100,"sidewalk_present":1,"canopy":25.2,"comfort":47.8,"name":"","road_type":"footway","osm_id":1385316414}},{"type":"Feature","geometry":{"type":"LineString","coordinates":[[-84.38207590038246,33.721999399552715],[-84.38231300034465,33.72177299972424],[-84.38271800013558,33.72130189976292],[-84.38276000027378,33.72125300002597]]},"properties":{"overall":75,"safety":89,"sidewalk":100,"sidewalk_present":1,"canopy":34.7,"comfort":51.1,"name":"McDonald Drive Southeast","road_type":"residential","osm_id":9250359}},{"type":"Feature","geometry":{"type":"LineString","coordinates":[[-84.38277540026445,33.72133019962905],[-84.38271800013558,33.72130189976292],[-84.38268699960531,33.72128229993825]]},"properties":{"overall":68,"safety":80,"sidewalk":100,"sidewalk_present":1,"canopy":22.6,"comfort":46.4,"name":"","road_type":"footway","osm_id":1385316417}},{"type":"Feature","geometry":{"type":"LineString","coordinates":[[-84.38277540026445,33.72133019962905],[-84.3828787998167,33.7213741998595],[-84.38313599962663,33.72147920020495],[-84.38322660002751,33.72151369999733]]},"properties":{"overall":65,"safety":80,"sidewalk":100,"sidewalk_present":1,"canopy":15.2,"comfort":42.6,"name":"","road_type":"footway","osm_id":1385316415}},{"type":"Feature","geometry":{"type":"LineString","coordinates":[[-84.38251249965208,33.720281000168086],[-84.38241670027048,33.71993090039081],[-84.38236940042748,33.719758199981015]]},"properties":{"overall":39,"safety":98,"sidewalk":0,"sidewalk_present":0,"canopy":17.8,"comfort":43.6,"name":"Lakewood Avenue Southeast","road_type":"tertiary","osm_id":471913726}},{"type":"Feature","geometry":{"type":"LineString","coordinates":[[-84.38235039955129,33.7199204997313],[-84.38237730007228,33.7200262995741]]},"properties":{"overall":70,"safety":99,"sidewalk":100,"sidewalk_present":1,"canopy":12.1,"comfort":41.2,"name":"","road_type":"footway","osm_id":1278854691}},{"type":"Feature","geometry":{"type":"LineString","coordinates":[[-84.38237730007228,33.7200262995741],[-84.38240299999842,33.72012769993347]]},"properties":{"overall":70,"safety":99,"sidewalk":100,"sidewalk_present":1,"canopy":12.1,"comfort":42.2,"name":"","road_type":"footway","osm_id":1278854692}},{"type":"Feature","geometry":{"type":"LineString","coordinates":[[-84.38153379984493,33.72106660024343],[-84.38190660030932,33.72067820013888],[-84.3815777002506,33.720446200232004]]},"properties":{"overall":72,"safety":98,"sidewalk":100,"sidewalk_present":1,"canopy":19.2,"comfort":45.4,"name":"","road_type":"footway","osm_id":1386022665}},{"type":"Feature","geometry":{"type":"LineString","coordinates":[[-84.38201480044268,33.72200360028597],[-84.38200560037814,33.722075299635435],[-84.38194279982031,33.72232430032625]]},"properties":{"overall":40,"safety":99,"sidewalk":0,"sidewalk_present":0,"canopy":21.9,"comfort":44.5,"name":"","road_type":"service","osm_id":913024708}},{"type":"Feature","geometry":{"type":"LineString","coordinates":[[-84.38215100006857,33.72428849971453],[-84.38215309998554,33.72422760032356]]},"properties":{"overall":34,"safety":100,"sidewalk":0,"sidewalk_present":0,"canopy":2.4,"comfort":35.1,"name":"","road_type":"path","osm_id":759646234}},{"type":"Feature","geometry":{"type":"LineString","coordinates":[[-84.383363100027,33.72224120027124],[-84.38334729983796,33.721569799706515],[-84.383345199921,33.72148060044941]]},"properties":{"overall":64,"safety":87,"sidewalk":100,"sidewalk_present":1,"canopy":4.4,"comfort":37.3,"name":"Martin Street Southeast","road_type":"service","osm_id":1153022936}},{"type":"Feature","geometry":{"type":"LineString","coordinates":[[-84.38351299992496,33.721713700227156],[-84.38378940026058,33.721862600078964]]},"properties":{"overall":21,"safety":58,"sidewalk":0,"sidewalk_present":0,"canopy":5.9,"comfort":35.6,"name":"","road_type":"service","osm_id":841136709}},{"type":"Feature","geometry":{"type":"LineString","coordinates":[[-84.38352520012785,33.72156280028304],[-84.38351299992496,33.721713700227156],[-84.38350830006794,33.721772399876386],[-84.38352839991569,33.721944399714346],[-84.38353840037684,33.7220300997094],[-84.38353900022463,33.72203550013825],[-84.3837705999332,33.72243699976775]]},"properties":{"overall":27,"safety":78,"sidewalk":0,"sidewalk_present":0,"canopy":4.2,"comfort":35.2,"name":"","road_type":"service","osm_id":841136708}},{"type":"Feature","geometry":{"type":"LineString","coordinates":[[-84.38326069962153,33.721445800283504],[-84.38322660002751,33.72151369999733],[-84.38306859993588,33.72182870013444]]},"properties":{"overall":67,"safety":87,"sidewalk":100,"sidewalk_present":1,"canopy":14.5,"comfort":41.9,"name":"","road_type":"service","osm_id":887390736}},{"type":"Feature","geometry":{"type":"LineString","coordinates":[[-84.38320109975092,33.722435999721654],[-84.38321239973243,33.72245930025656],[-84.38328019962148,33.72259940024219],[-84.38323000036416,33.72277579956358],[-84.38299929997766,33.722763200061706],[-84.38300640012523,33.72263089989616],[-84.38308659986666,33.7224818003948],[-84.38314390017081,33.72245890005826],[-84.38320109975092,33.722435999721654],[-84.383363100027,33.72224120027124]]},"properties":{"overall":34,"safety":100,"sidewalk":0,"sidewalk_present":0,"canopy":1.2,"comfort":34.9,"name":"Martin Street Southeast","road_type":"service","osm_id":9256337}},{"type":"Feature","geometry":{"type":"LineString","coordinates":[[-84.38081999984308,33.7220079997694],[-84.38085620025339,33.72217689964424],[-84.38089899988887,33.72237620020155],[-84.38087060019802,33.72253980037152],[-84.38096209992096,33.72270579993278],[-84.38105549991133,33.722783299909395],[-84.38113449995717,33.72278110016771],[-84.3813329002931,33.72276499960509],[-84.3815764996557,33.72273090001107],[-84.38174259994099,33.72273809998336],[-84.38199049986162,33.722761399618946],[-84.38212420027156,33.722829499881584],[-84.38248429961072,33.72277929972495],[-84.38258200015912,33.7228006001676],[-84.38263070024658,33.722877299747665],[-84.38265850008969,33.72301620003765],[-84.38265159959161,33.723107400286324],[-84.38257680027908,33.72317389975569],[-84.38248049997503,33.72318180029987],[-84.38227090038168,33.72317959965886],[-84.38208759966295,33.72318290017074],[-84.38200460033198,33.72316860005088],[-84.38190970027239,33.72311710037394],[-84.38182000009289,33.72307760035102],[-84.38173430009783,33.72307870022189],[-84.38155110010314,33.723104999995826],[-84.38135879986868,33.72314259975121],[-84.38125290020116,33.723158399940246],[-84.38118999981862,33.72315250038764],[-84.38113309971277,33.72310519964532],[-84.38111109959755,33.72304700001911],[-84.3810811000127,33.722943999765846],[-84.38106109998972,33.72283340024126],[-84.38105549991133,33.722783299909395]]},"properties":{"overall":39,"safety":100,"sidewalk":0,"sidewalk_present":0,"canopy":16.7,"comfort":41.4,"name":"Hill Street Lofts","road_type":"residential","osm_id":242064354}},{"type":"Feature","geometry":{"type":"LineString","coordinates":[[-84.37880999978165,33.71740399969491],[-84.37863559965314,33.71714739973277],[-84.37845639984295,33.71688380034715]]},"properties":{"overall":20,"safety":53,"sidewalk":0,"sidewalk_present":0,"canopy":6.6,"comfort":29.3,"name":"Milton Avenue Southeast","road_type":"tertiary","osm_id":629305941}},{"type":"Feature","geometry":{"type":"LineString","coordinates":[[-84.37801729955868,33.717049000411066],[-84.37778319973484,33.71750210044161]]},"properties":{"overall":33,"safety":100,"sidewalk":0,"sidewalk_present":0,"canopy":0.0,"comfort":0.0,"name":"Growth Way","road_type":"residential","osm_id":1511725794}},{"type":"Feature","geometry":{"type":"LineString","coordinates":[[-84.37869759981436,33.71898820044515],[-84.3787384002569,33.717645800413436],[-84.37875809990635,33.717434000179026]]},"properties":{"overall":76,"safety":94,"sidewalk":100,"sidewalk_present":1,"canopy":35.1,"comfort":49.9,"name":"","road_type":"footway","osm_id":759647171}},{"type":"Feature","geometry":{"type":"LineString","coordinates":[[-84.37869649994349,33.719104999895876],[-84.37869709979128,33.71904260043573],[-84.37869759981436,33.71898820044515]]},"properties":{"overall":77,"safety":100,"sidewalk":100,"sidewalk_present":1,"canopy":30.9,"comfort":51.2,"name":"","road_type":"footway","osm_id":759647170}},{"type":"Feature","geometry":{"type":"LineString","coordinates":[[-84.37865320028493,33.72016660010854],[-84.378656300248,33.720112700141044],[-84.37865830034025,33.72007809962463]]},"properties":{"overall":75,"safety":94,"sidewalk":100,"sidewalk_present":1,"canopy":30.8,"comfort":52.7,"name":"","road_type":"footway","osm_id":759647168}},{"type":"Feature","geometry":{"type":"LineString","coordinates":[[-84.37858779978711,33.72209869999506],[-84.37859320021596,33.72202620024899],[-84.37859289984243,33.72196880012007]]},"properties":{"overall":68,"safety":96,"sidewalk":100,"sidewalk_present":1,"canopy":8.4,"comfort":38.3,"name":"","road_type":"footway","osm_id":808224077}},{"type":"Feature","geometry":{"type":"LineString","coordinates":[[-84.37872829997104,33.72200160019372],[-84.37873030006324,33.72203340022128],[-84.37873340002636,33.72207869997209]]},"properties":{"overall":67,"safety":98,"sidewalk":100,"sidewalk_present":1,"canopy":4.2,"comfort":37.1,"name":"","road_type":"footway","osm_id":1388920046}},{"type":"Feature","geometry":{"type":"LineString","coordinates":[[-84.37918800012608,33.72204070001834],[-84.37906830036172,33.722039000299674],[-84.37873030006324,33.72203340022128],[-84.37865759976836,33.722032099801595]]},"properties":{"overall":66,"safety":99,"sidewalk":100,"sidewalk_present":1,"canopy":0.0,"comfort":36.0,"name":"","road_type":"residential","osm_id":1232087939}},{"type":"Feature","geometry":{"type":"LineString","coordinates":[[-84.3785939997133,33.72435130027236],[-84.3785943999116,33.72432930015714],[-84.37859709967637,33.724180799604255],[-84.37860829983316,33.72357219959741],[-84.37861649985155,33.72332460005032],[-84.37862719998526,33.72299729988555],[-84.37863830031728,33.72265879956399],[-84.37864000003594,33.72259230009462],[-84.37864510009126,33.722452299933764],[-84.37865759976836,33.722032099801595],[-84.37869099968987,33.72103900004987],[-84.37870799957449,33.720502999613814],[-84.37872100017398,33.72011399966141],[-84.37875599998938,33.71904399978081],[-84.37880189958798,33.71764900020128],[-84.37880999978165,33.71740399969491]]},"properties":{"overall":39,"safety":98,"sidewalk":0,"sidewalk_present":0,"canopy":20.4,"comfort":43.5,"name":"Hill Street Southeast","road_type":"tertiary","osm_id":863834508}},{"type":"Feature","geometry":{"type":"LineString","coordinates":[[-84.3785297998104,33.72420620005613],[-84.3785472997181,33.72357020040448],[-84.3785541003914,33.72332319980586],[-84.37857239979638,33.722659299587065],[-84.37858779978711,33.72209869999506],[-84.37688259975215,33.72207610003204],[-84.37538550014068,33.72205629965856]]},"properties":{"overall":70,"safety":98,"sidewalk":100,"sidewalk_present":1,"canopy":13.0,"comfort":38.7,"name":"","road_type":"footway","osm_id":759647166}},{"type":"Feature","geometry":{"type":"LineString","coordinates":[[-84.3760706000781,33.71701389987163],[-84.37603289959861,33.717065100074365],[-84.3759982001568,33.71711859984356]]},"properties":{"overall":66,"safety":98,"sidewalk":100,"sidewalk_present":1,"canopy":0.0,"comfort":0.0,"name":"","road_type":"footway","osm_id":1385999386}},{"type":"Feature","geometry":{"type":"LineString","coordinates":[[-84.3759982001568,33.71711859984356],[-84.37594399981572,33.71708920010656],[-84.37590740010637,33.71706660014354]]},"properties":{"overall":66,"safety":98,"sidewalk":100,"sidewalk_present":1,"canopy":0.0,"comfort":0.0,"name":"","road_type":"footway","osm_id":1386002953}},{"type":"Feature","geometry":{"type":"LineString","coordinates":[[-84.37590740010637,33.71706660014354],[-84.37589040022175,33.71708080043862],[-84.37572320006558,33.717317400377794],[-84.37528559985054,33.71792600038464],[-84.37520130009989,33.71802179976629],[-84.37514869965275,33.71806420010279],[-84.37510459959753,33.7180863998675],[-84.37504499972692,33.71811119957226],[-84.37494849977338,33.71813860011633],[-84.37488479989355,33.718147999830364],[-84.37489109964451,33.71821229955805]]},"properties":{"overall":66,"safety":97,"sidewalk":100,"sidewalk_present":1,"canopy":0.0,"comfort":0.0,"name":"","road_type":"footway","osm_id":1386002951}},{"type":"Feature","geometry":{"type":"LineString","coordinates":[[-84.3753890003021,33.72198599965424],[-84.37539050037128,33.72191859996349],[-84.37541210028814,33.72097790011003]]},"properties":{"overall":81,"safety":97,"sidewalk":100,"sidewalk_present":1,"canopy":46.1,"comfort":59.2,"name":"","road_type":"residential","osm_id":1476363717}},{"type":"Feature","geometry":{"type":"LineString","coordinates":[[-84.37531959961979,33.72342689973169],[-84.37532629956905,33.72325880025346],[-84.37538550014068,33.72205629965856],[-84.3753890003021,33.72198599965424]]},"properties":{"overall":68,"safety":97,"sidewalk":100,"sidewalk_present":1,"canopy":6.2,"comfort":34.3,"name":"Mailing Avenue Southeast","road_type":"residential","osm_id":9276829}},{"type":"Feature","geometry":{"type":"LineString","coordinates":[[-84.37518780037664,33.723063599705426],[-84.37523200025657,33.72223040031275],[-84.3751408000079,33.72218580023457],[-84.37514480019234,33.72206639994448],[-84.37514759978188,33.72198300041521]]},"properties":{"overall":34,"safety":98,"sidewalk":0,"sidewalk_present":0,"canopy":5.2,"comfort":34.0,"name":"","road_type":"service","osm_id":562995976}},{"type":"Feature","geometry":{"type":"LineString","coordinates":[[-84.37577660001006,33.72249680018723],[-84.37577529959037,33.72222060040042]]},"properties":{"overall":37,"safety":100,"sidewalk":0,"sidewalk_present":0,"canopy":9.6,"comfort":37.0,"name":"","road_type":"service","osm_id":562995985}},{"type":"Feature","geometry":{"type":"LineString","coordinates":[[-84.37630390040465,33.72222370036354],[-84.37581819994995,33.722220899874685],[-84.37577529959037,33.72222060040042],[-84.37561020025049,33.72221960035432],[-84.37561120029665,33.72249720038553],[-84.37577660001006,33.72249680018723],[-84.37602059957095,33.72249809970759],[-84.37602459975545,33.72234860000793],[-84.37581819994995,33.722220899874685]]},"properties":{"overall":38,"safety":100,"sidewalk":0,"sidewalk_present":0,"canopy":13.8,"comfort":38.5,"name":"","road_type":"service","osm_id":562995981}},{"type":"Feature","geometry":{"type":"LineString","coordinates":[[-84.37653020040841,33.722458999882974],[-84.37652470015473,33.722224999883906],[-84.37630390040465,33.72222370036354],[-84.37634539962045,33.72278620022303],[-84.37638589968947,33.72286990012583],[-84.37653750020542,33.72287469980762],[-84.37654010014546,33.72318480043822]]},"properties":{"overall":35,"safety":100,"sidewalk":0,"sidewalk_present":0,"canopy":4.2,"comfort":33.1,"name":"","road_type":"service","osm_id":562995990}},{"type":"Feature","geometry":{"type":"LineString","coordinates":[[-84.37654010014546,33.72318480043822],[-84.37605410021649,33.72317739991712],[-84.37595889978337,33.72304459972855],[-84.37567990040702,33.72305019980695]]},"properties":{"overall":32,"safety":93,"sidewalk":0,"sidewalk_present":0,"canopy":2.5,"comfort":30.4,"name":"","road_type":"service","osm_id":562995978}},{"type":"Feature","geometry":{"type":"LineString","coordinates":[[-84.37872100017398,33.72011399966141],[-84.378656300248,33.720112700141044],[-84.37676080007083,33.720073799965974],[-84.3766720001127,33.72007200042253],[-84.3766088002559,33.72007060017813],[-84.37603620011049,33.720057499753864]]},"properties":{"overall":77,"safety":97,"sidewalk":100,"sidewalk_present":1,"canopy":33.9,"comfort":56.8,"name":"Dalton Street Southeast","road_type":"residential","osm_id":9278416}},{"type":"Feature","geometry":{"type":"LineString","coordinates":[[-84.37675910035216,33.72011840004416],[-84.37676080007083,33.720073799965974],[-84.37676010039826,33.72003210020131]]},"properties":{"overall":66,"safety":99,"sidewalk":100,"sidewalk_present":1,"canopy":0.0,"comfort":0.0,"name":"","road_type":"footway","osm_id":1389974657}},{"type":"Feature","geometry":{"type":"LineString","coordinates":[[-84.37859289984243,33.72196880012007],[-84.37865320028493,33.72016660010854],[-84.37675910035216,33.72011840004416],[-84.3767259000802,33.7209600998288]]},"properties":{"overall":76,"safety":98,"sidewalk":100,"sidewalk_present":1,"canopy":28.9,"comfort":51.6,"name":"","road_type":"footway","osm_id":759647167}},{"type":"Feature","geometry":{"type":"LineString","coordinates":[[-84.37658380000232,33.72094030035464],[-84.37660689998842,33.72013299963828]]},"properties":{"overall":77,"safety":98,"sidewalk":100,"sidewalk_present":1,"canopy":33.2,"comfort":56.0,"name":"","road_type":"footway","osm_id":808224082}},{"type":"Feature","geometry":{"type":"LineString","coordinates":[[-84.37657939961957,33.72105969974541],[-84.37658170008535,33.720996800262185],[-84.37658380000232,33.72094030035464]]},"properties":{"overall":75,"safety":99,"sidewalk":100,"sidewalk_present":1,"canopy":27.3,"comfort":51.2,"name":"","road_type":"footway","osm_id":808224081}},{"type":"Feature","geometry":{"type":"LineString","coordinates":[[-84.37662639998831,33.72200229986629],[-84.37664000043566,33.720997999957774],[-84.3766720001127,33.72007200042253]]},"properties":{"overall":39,"safety":94,"sidewalk":0,"sidewalk_present":0,"canopy":23.7,"comfort":49.5,"name":"Grant Street Southeast","road_type":"residential","osm_id":610473060}},{"type":"Feature","geometry":{"type":"LineString","coordinates":[[-84.37819600024517,33.72103599991152],[-84.37672499985882,33.72100009987474],[-84.37664000043566,33.720997999957774],[-84.37658170008535,33.720996800262185],[-84.37598869971868,33.72098510008237]]},"properties":{"overall":79,"safety":99,"sidewalk":100,"sidewalk_present":1,"canopy":39.0,"comfort":56.0,"name":"Climax Street Southeast","road_type":"residential","osm_id":9253112}},{"type":"Feature","geometry":{"type":"LineString","coordinates":[[-84.37672389998795,33.7210479995656],[-84.37672499985882,33.72100009987474],[-84.3767259000802,33.7209600998288]]},"properties":{"overall":73,"safety":99,"sidewalk":100,"sidewalk_present":1,"canopy":20.8,"comfort":48.2,"name":"","road_type":"footway","osm_id":808224079}},{"type":"Feature","geometry":{"type":"LineString","coordinates":[[-84.37668869962374,33.72195030016627],[-84.37672389998795,33.7210479995656]]},"properties":{"overall":72,"safety":99,"sidewalk":100,"sidewalk_present":1,"canopy":17.9,"comfort":45.4,"name":"","road_type":"footway","osm_id":808224078}},{"type":"Feature","geometry":{"type":"LineString","coordinates":[[-84.3765487003622,33.72194370004178],[-84.37657939961957,33.72105969974541]]},"properties":{"overall":71,"safety":92,"sidewalk":100,"sidewalk_present":1,"canopy":21.8,"comfort":47.3,"name":"","road_type":"footway","osm_id":808224080}},{"type":"Feature","geometry":{"type":"LineString","coordinates":[[-84.37603620011049,33.720057499753864],[-84.37521799961098,33.720103000053484],[-84.37512099963436,33.72013000039925],[-84.37505800032642,33.72018500023762],[-84.3750299999345,33.720261000145115],[-84.37502849986532,33.72033979964209],[-84.37502229993913,33.72065079959475],[-84.37501600018823,33.7209729997042]]},"properties":{"overall":55,"safety":100,"sidewalk":0,"sidewalk_present":0,"canopy":66.3,"comfort":73.8,"name":"Dalton Street Southeast","road_type":"disused","osm_id":541998411}},{"type":"Feature","geometry":{"type":"LineString","coordinates":[[-84.37598869971868,33.72098510008237],[-84.37549890015407,33.7209789999809],[-84.37541210028814,33.72097790011003],[-84.37501600018823,33.7209729997042],[-84.37476179961732,33.72097010028995],[-84.37370230022094,33.72095780026234]]},"properties":{"overall":54,"safety":100,"sidewalk":0,"sidewalk_present":0,"canopy":60.9,"comfort":68.8,"name":"Climax Street Southeast","road_type":"disused","osm_id":541998410}},{"type":"Feature","geometry":{"type":"LineString","coordinates":[[-84.37865759976836,33.722032099801595],[-84.37859320021596,33.72202620024899],[-84.37689089959531,33.72200549965413],[-84.37668540001118,33.72200300043818],[-84.37662639998831,33.72200229986629],[-84.37660499972094,33.72200200039208],[-84.3765487003622,33.72200129982019],[-84.37593390042912,33.721993199626525],[-84.3753890003021,33.72198599965424],[-84.37514759978188,33.72198300041521],[-84.37480810031354,33.721978699857175],[-84.37368259967218,33.721964499562034],[-84.37352199964056,33.72196250036916],[-84.37237099962192,33.72194799970049],[-84.37229199957608,33.721946999654335],[-84.37128399985664,33.72193399995416],[-84.37086109995977,33.72192870024935],[-84.3705649999747,33.72192500043849],[-84.36994419976497,33.721917300443124],[-84.36955319972037,33.7219124000373],[-84.36848000005193,33.72189900013882]]},"properties":{"overall":66,"safety":84,"sidewalk":100,"sidewalk_present":1,"canopy":14.5,"comfort":40.3,"name":"Englewood Avenue Southeast","road_type":"tertiary","osm_id":242064345}},{"type":"Feature","geometry":{"type":"LineString","coordinates":[[-84.37480810031354,33.721978699857175],[-84.37480870016134,33.72208609959387],[-84.37480949965862,33.72221810028515],[-84.37481490008753,33.72317739991712],[-84.37486589974145,33.72327890010121]]},"properties":{"overall":33,"safety":98,"sidewalk":0,"sidewalk_present":0,"canopy":1.6,"comfort":29.8,"name":"","road_type":"service","osm_id":562935094}},{"type":"Feature","geometry":{"type":"LineString","coordinates":[[-84.37518780037664,33.723063599705426],[-84.37495440022536,33.723062499834555]]},"properties":{"overall":35,"safety":100,"sidewalk":0,"sidewalk_present":0,"canopy":5.2,"comfort":31.1,"name":"","road_type":"service","osm_id":562995973}},{"type":"Feature","geometry":{"type":"LineString","coordinates":[[-84.37503619986069,33.7235443997543],[-84.37501200000378,33.723272499626205]]},"properties":{"overall":34,"safety":100,"sidewalk":0,"sidewalk_present":0,"canopy":3.4,"comfort":30.4,"name":"","road_type":"service","osm_id":561335477}},{"type":"Feature","geometry":{"type":"LineString","coordinates":[[-84.37481270034579,33.723560699966356],[-84.37477950007383,33.72335099964897]]},"properties":{"overall":35,"safety":100,"sidewalk":0,"sidewalk_present":0,"canopy":4.5,"comfort":30.2,"name":"","road_type":"service","osm_id":561335476}},{"type":"Feature","geometry":{"type":"LineString","coordinates":[[-84.3736468003595,33.72342279972247],[-84.37413359978575,33.723365899616624],[-84.37424630012663,33.723410499694864],[-84.37462209982999,33.72336860028071],[-84.37477950007383,33.72335099964897],[-84.37482570004596,33.72334579976888],[-84.37486589974145,33.72327890010121],[-84.37501200000378,33.723272499626205],[-84.37532629956905,33.72325880025346]]},"properties":{"overall":35,"safety":100,"sidewalk":0,"sidewalk_present":0,"canopy":5.8,"comfort":29.8,"name":"","road_type":"service","osm_id":561335478}},{"type":"Feature","geometry":{"type":"LineString","coordinates":[[-84.374655300102,33.72357219959741],[-84.37462209982999,33.72336860028071]]},"properties":{"overall":35,"safety":100,"sidewalk":0,"sidewalk_present":0,"canopy":6.4,"comfort":29.7,"name":"","road_type":"service","osm_id":561335475}},{"type":"Feature","geometry":{"type":"LineString","coordinates":[[-84.36851320032389,33.72621300032978],[-84.37025059968539,33.72567620039638],[-84.37067959968374,33.72554369968202],[-84.37336389972415,33.72472579955604],[-84.37403979959703,33.72452930038696],[-84.37473110035995,33.72438070000936],[-84.37497450007311,33.724351900120155],[-84.37715640014773,33.72430949978366],[-84.37742320022045,33.724308499737504],[-84.37833899964505,33.724330999875804],[-84.37835029962656,33.72433090005103],[-84.37843939995832,33.724330300203235]]},"properties":{"overall":43,"safety":99,"sidewalk":0,"sidewalk_present":0,"canopy":29.6,"comfort":42.9,"name":"Atlanta Beltline Southside Trail","road_type":"cycleway","osm_id":760535359}},{"type":"Feature","geometry":{"type":"LineString","coordinates":[[-84.3765487003622,33.72194370004178],[-84.3765487003622,33.72200129982019]]},"properties":{"overall":67,"safety":84,"sidewalk":100,"sidewalk_present":1,"canopy":18.0,"comfort":43.7,"name":"","road_type":"footway","osm_id":1388920047}},{"type":"Feature","geometry":{"type":"LineString","coordinates":[[-84.37668869962374,33.72195030016627],[-84.37668540001118,33.72200300043818]]},"properties":{"overall":68,"safety":91,"sidewalk":100,"sidewalk_present":1,"canopy":14.2,"comfort":41.4,"name":"","road_type":"footway","osm_id":1388920048}},{"type":"Feature","geometry":{"type":"LineString","coordinates":[[-84.37685040042561,33.722349900427616],[-84.37661340028814,33.722430000344275],[-84.37653020040841,33.722458999882974]]},"properties":{"overall":34,"safety":100,"sidewalk":0,"sidewalk_present":0,"canopy":1.7,"comfort":33.2,"name":"","road_type":"service","osm_id":562995988}},{"type":"Feature","geometry":{"type":"LineString","coordinates":[[-84.37863830031728,33.72265879956399],[-84.37857239979638,33.722659299587065],[-84.3783419997834,33.722660900380276],[-84.37834470044754,33.72255499981344],[-84.37751860030312,33.72253940017322],[-84.37751589963904,33.722897399595354],[-84.37721149981081,33.72303910037425],[-84.37674569955436,33.72325880025346]]},"properties":{"overall":66,"safety":99,"sidewalk":100,"sidewalk_present":1,"canopy":0.0,"comfort":29.7,"name":"","road_type":"service","osm_id":562995977}},{"type":"Feature","geometry":{"type":"LineString","coordinates":[[-84.37653020040841,33.722458999882974],[-84.37653750020542,33.72287469980762]]},"properties":{"overall":34,"safety":100,"sidewalk":0,"sidewalk_present":0,"canopy":1.4,"comfort":31.6,"name":"","road_type":"service","osm_id":562995989}},{"type":"Feature","geometry":{"type":"LineString","coordinates":[[-84.3783419997834,33.722660900380276],[-84.3783166002309,33.72303910037425],[-84.37752530025239,33.72301229967792],[-84.37751589963904,33.722897399595354]]},"properties":{"overall":34,"safety":100,"sidewalk":0,"sidewalk_present":0,"canopy":1.0,"comfort":30.5,"name":"","road_type":"service","osm_id":562996178}},{"type":"Feature","geometry":{"type":"LineString","coordinates":[[-84.37654010014546,33.72318480043822],[-84.3766088002559,33.72323899987998],[-84.37674569955436,33.72325880025346]]},"properties":{"overall":33,"safety":100,"sidewalk":0,"sidewalk_present":0,"canopy":0.0,"comfort":28.1,"name":"","road_type":"service","osm_id":562995987}},{"type":"Feature","geometry":{"type":"LineString","coordinates":[[-84.37689089959531,33.72200549965413],[-84.37688259975215,33.72207610003204],[-84.37685040042561,33.722349900427616],[-84.37674569955436,33.72325880025346],[-84.37749550031702,33.723306299746014],[-84.37779120010379,33.72349990040016],[-84.3779853997064,33.723551999924894],[-84.37831539963594,33.72356260023389]]},"properties":{"overall":67,"safety":99,"sidewalk":100,"sidewalk_present":1,"canopy":1.5,"comfort":32.0,"name":"","road_type":"service","osm_id":562995995}},{"type":"Feature","geometry":{"type":"LineString","coordinates":[[-84.37861649985155,33.72332460005032],[-84.3785541003914,33.72332319980586],[-84.37851289975049,33.723322199759764],[-84.37832189993571,33.72331790010105]]},"properties":{"overall":67,"safety":94,"sidewalk":100,"sidewalk_present":1,"canopy":8.0,"comfort":35.3,"name":"","road_type":"service","osm_id":562995993}},{"type":"Feature","geometry":{"type":"LineString","coordinates":[[-84.37832189993571,33.72331790010105],[-84.37831539963594,33.72356260023389]]},"properties":{"overall":34,"safety":100,"sidewalk":0,"sidewalk_present":0,"canopy":1.8,"comfort":33.6,"name":"","road_type":"service","osm_id":562995994}},{"type":"Feature","geometry":{"type":"LineString","coordinates":[[-84.37830309960833,33.724025099978405],[-84.37831539963594,33.72356260023389]]},"properties":{"overall":34,"safety":100,"sidewalk":0,"sidewalk_present":0,"canopy":3.5,"comfort":34.8,"name":"","road_type":"service","osm_id":562995992}},{"type":"Feature","geometry":{"type":"LineString","coordinates":[[-84.37831539963594,33.72356260023389],[-84.37850199996728,33.723568700335306],[-84.3785472997181,33.72357020040448],[-84.37860829983316,33.72357219959741]]},"properties":{"overall":68,"safety":100,"sidewalk":100,"sidewalk_present":1,"canopy":3.7,"comfort":34.9,"name":"","road_type":"service","osm_id":916305035}},{"type":"Feature","geometry":{"type":"LineString","coordinates":[[-84.37873340002636,33.72207869997209],[-84.37870849959756,33.72259289994241],[-84.37867699994354,33.72353519968976],[-84.37867630027102,33.72358839998475],[-84.3786667998329,33.72432880013406],[-84.37863899998985,33.72648300019034]]},"properties":{"overall":72,"safety":99,"sidewalk":100,"sidewalk_present":1,"canopy":18.5,"comfort":38.9,"name":"","road_type":"footway","osm_id":1388920045}},{"type":"Feature","geometry":{"type":"LineString","coordinates":[[-84.3785297998104,33.72420620005613],[-84.37847889998119,33.72420939984397],[-84.37835029962656,33.72433090005103]]},"properties":{"overall":76,"safety":99,"sidewalk":100,"sidewalk_present":1,"canopy":29.6,"comfort":44.4,"name":"","road_type":"steps","osm_id":737362874}},{"type":"Feature","geometry":{"type":"LineString","coordinates":[[-84.37515300021073,33.6996049999708],[-84.37509109987434,33.69960449994778],[-84.37408500042238,33.69959699960191],[-84.37393099961588,33.69961599957878],[-84.37359300021677,33.69969100033944],[-84.37339299998695,33.69971100036241],[-84.37247630034096,33.69969909963379],[-84.37239199969099,33.69969799976292]]},"properties":{"overall":39,"safety":92,"sidewalk":0,"sidewalk_present":0,"canopy":26.0,"comfort":54.3,"name":"Merrilyn Drive Southeast","road_type":"residential","osm_id":9251497}},{"type":"Feature","geometry":{"type":"LineString","coordinates":[[-84.366571199801,33.70890080003193],[-84.366589099907,33.70844469986304],[-84.36661799962093,33.707736999962606],[-84.36658330017912,33.70745450042489],[-84.36658780038664,33.7073930002868],[-84.36661079964864,33.707075699683855],[-84.36659489963489,33.70684119966171],[-84.36650959983814,33.70660440007305],[-84.3664285997001,33.70650459960763],[-84.36612519991803,33.70624500040651]]},"properties":{"overall":35,"safety":100,"sidewalk":0,"sidewalk_present":0,"canopy":3.7,"comfort":36.4,"name":"","road_type":"service","osm_id":840877848}},{"type":"Feature","geometry":{"type":"LineString","coordinates":[[-84.37662420024662,33.70303220027586],[-84.37613389975962,33.702779200299915],[-84.37495829968577,33.702178699587364],[-84.37489769976901,33.702146199887295],[-84.37482589969545,33.70210650021488],[-84.37473070016165,33.70205739992912],[-84.37466500018957,33.70201760043199],[-84.37451789988114,33.70190730038166],[-84.37430509960063,33.70172199957068],[-84.374084100201,33.70147990027721],[-84.37391899996186,33.701292200075045],[-84.37372609987955,33.7010720001727],[-84.3735155002401,33.70084470012284],[-84.37332870025926,33.70063799994381],[-84.37301909965169,33.700276299811435]]},"properties":{"overall":53,"safety":48,"sidewalk":100,"sidewalk_present":1,"canopy":10.2,"comfort":47.4,"name":"","road_type":"footway","osm_id":1386041588}},{"type":"Feature","geometry":{"type":"LineString","coordinates":[[-84.37669800041238,33.70314300034926],[-84.37661400013599,33.70310000016491],[-84.37657810009921,33.70308289955619],[-84.37638600041356,33.702983000165375],[-84.3749240004422,33.702234999845416],[-84.37484600044252,33.702194999799474],[-84.37451499956757,33.70197999977722],[-84.3742190003066,33.7017210004239],[-84.37291500042687,33.70025999959938],[-84.37239199969099,33.69969799976292]]},"properties":{"overall":18,"safety":44,"sidewalk":0,"sidewalk_present":0,"canopy":10.3,"comfort":46.4,"name":"Jonesboro Road Southeast","road_type":"secondary","osm_id":629305903}},{"type":"Feature","geometry":{"type":"LineString","coordinates":[[-84.37301909965169,33.700276299811435],[-84.37262429997145,33.699854200311165]]},"properties":{"overall":64,"safety":88,"sidewalk":100,"sidewalk_present":1,"canopy":5.0,"comfort":42.7,"name":"","road_type":"footway","osm_id":1386041589}},{"type":"Feature","geometry":{"type":"LineString","coordinates":[[-84.37063379990991,33.70496490001017],[-84.37035650025223,33.70472219996958],[-84.37028200041397,33.7046190998916],[-84.37019659989312,33.70450069964761],[-84.36999299967715,33.70417800041446],[-84.37037540040438,33.70403380041961],[-84.37113729974652,33.70404530005061],[-84.37182780011284,33.70407960019344],[-84.3726697004463,33.70397669976495],[-84.37348370021255,33.70456700036681],[-84.37345350007894,33.70470889989588],[-84.37294459981337,33.70472269999266],[-84.37243570044717,33.70477070040755],[-84.3723449003968,33.70485769992297],[-84.37230900036002,33.70494099962747]]},"properties":{"overall":37,"safety":100,"sidewalk":0,"sidewalk_present":0,"canopy":10.1,"comfort":34.5,"name":"","road_type":"service","osm_id":840908078}},{"type":"Feature","geometry":{"type":"LineString","coordinates":[[-84.37379100035434,33.7023489997066],[-84.3737759996626,33.702316199632946],[-84.3737470001239,33.7022906004309],[-84.37370850014713,33.702276199587004],[-84.37366630035945,33.702275200440226],[-84.37362680033652,33.702287700117324],[-84.37361660022589,33.7022956995869],[-84.37359610017984,33.702311800149516],[-84.37357879992163,33.70234389965128],[-84.37357750040127,33.702379000190774],[-84.3735925001937,33.70241180026443],[-84.3736214997324,33.702437400365795],[-84.37365999970916,33.70245180031037],[-84.37370230022094,33.702452800356525],[-84.37374170041909,33.70244029978005],[-84.37377250040055,33.70241619974786],[-84.37378979975944,33.70238420007081],[-84.37379100035434,33.7023489997066]]},"properties":{"overall":37,"safety":100,"sidewalk":0,"sidewalk_present":0,"canopy":9.9,"comfort":37.4,"name":"Helena Street Southeast","road_type":"residential","osm_id":353236925}},{"type":"Feature","geometry":{"type":"LineString","coordinates":[[-84.37365999970916,33.70245180031037],[-84.373622300129,33.70256470030074],[-84.37352249966358,33.702681700300275],[-84.372869099929,33.70310250028024]]},"properties":{"overall":36,"safety":100,"sidewalk":0,"sidewalk_present":0,"canopy":7.6,"comfort":36.9,"name":"","road_type":"service","osm_id":905656324}},{"type":"Feature","geometry":{"type":"LineString","coordinates":[[-84.37442800005215,33.70225599991454],[-84.37444080010283,33.70233519960982],[-84.37443269990916,33.702399900435125],[-84.37442060043031,33.70247020043945],[-84.37434020014007,33.70261739967333],[-84.37430890013559,33.70265400028194],[-84.37420070000229,33.70278030017079],[-84.37402639969855,33.702994499796375],[-84.3739344997773,33.7030754001097],[-84.37367570007348,33.70324220006751],[-84.37348919956685,33.7033477004361],[-84.37334169995944,33.70338280007621],[-84.37324050014894,33.703395600126896],[-84.37317210041209,33.70338890017763],[-84.37312920005252,33.70336830030686],[-84.372869099929,33.70310250028024],[-84.37234519987106,33.70258039976568],[-84.37232400015245,33.70253240025011]]},"properties":{"overall":37,"safety":100,"sidewalk":0,"sidewalk_present":0,"canopy":9.7,"comfort":39.2,"name":"","road_type":"residential","osm_id":533477692}},{"type":"Feature","geometry":{"type":"LineString","coordinates":[[-84.37505030033105,33.703645000116694],[-84.37503419976849,33.70380679984402],[-84.37502279996221,33.70387650000055],[-84.37498189969489,33.703948999746615],[-84.37454740034224,33.704295399712976],[-84.37445279975685,33.704338899920344],[-84.37435629980337,33.704346199717406],[-84.37425640041249,33.70433780004947],[-84.37416849977643,33.70430099979137],[-84.37369439967676,33.70389159961769],[-84.37366089993054,33.70383800002372],[-84.37365019979683,33.70378279963654],[-84.37364879955243,33.70373930032849],[-84.37367629992127,33.70366789955398],[-84.3737172001886,33.70362879972936],[-84.37377889997623,33.70358640029218],[-84.37441799959095,33.70339169976717],[-84.37447560026868,33.70336380009934],[-84.3745138996967,33.7033371001271]]},"properties":{"overall":34,"safety":100,"sidewalk":0,"sidewalk_present":0,"canopy":2.0,"comfort":36.5,"name":"","road_type":"service","osm_id":533477691}},{"type":"Feature","geometry":{"type":"LineString","coordinates":[[-84.37324710027343,33.705008000019234],[-84.3731709996419,33.70500940026369],[-84.37310810015867,33.70500930043892]]},"properties":{"overall":72,"safety":94,"sidewalk":100,"sidewalk_present":1,"canopy":22.6,"comfort":41.9,"name":"","road_type":"footway","osm_id":1386067812}},{"type":"Feature","geometry":{"type":"LineString","coordinates":[[-84.37373670018854,33.70543340003144],[-84.37373670018854,33.7053463996167]]},"properties":{"overall":36,"safety":100,"sidewalk":0,"sidewalk_present":0,"canopy":6.6,"comfort":31.5,"name":"","road_type":"residential","osm_id":562456539}},{"type":"Feature","geometry":{"type":"LineString","coordinates":[[-84.37316069970649,33.7055897004044],[-84.37323199975697,33.7055903002522],[-84.37372330029007,33.70559409988783]]},"properties":{"overall":67,"safety":99,"sidewalk":100,"sidewalk_present":1,"canopy":3.1,"comfort":29.9,"name":"","road_type":"residential","osm_id":562456542}},{"type":"Feature","geometry":{"type":"LineString","coordinates":[[-84.37323440004747,33.7055350000403],[-84.37323199975697,33.7055903002522],[-84.37323239995527,33.70561860011833]]},"properties":{"overall":67,"safety":99,"sidewalk":100,"sidewalk_present":1,"canopy":2.3,"comfort":28.7,"name":"","road_type":"footway","osm_id":1386065326}},{"type":"Feature","geometry":{"type":"LineString","coordinates":[[-84.37484600044252,33.702194999799474],[-84.37442800005215,33.70225599991454],[-84.37436230008007,33.702265600177384],[-84.37379100035434,33.7023489997066]]},"properties":{"overall":36,"safety":98,"sidewalk":0,"sidewalk_present":0,"canopy":10.3,"comfort":44.1,"name":"Helena Street Southeast","road_type":"residential","osm_id":9254497}},{"type":"Feature","geometry":{"type":"LineString","coordinates":[[-84.37442130010288,33.702858999843045],[-84.37439319988624,33.702833299916904],[-84.37435219979415,33.70279039955733],[-84.37433550028305,33.70276190004171],[-84.37430890013559,33.70265400028194]]},"properties":{"overall":41,"safety":100,"sidewalk":0,"sidewalk_present":0,"canopy":22.6,"comfort":46.4,"name":"","road_type":"service","osm_id":533477689}},{"type":"Feature","geometry":{"type":"LineString","coordinates":[[-84.37442130010288,33.702858999843045],[-84.37441260006142,33.70294100002718],[-84.37441389958178,33.70302629982393],[-84.37443470000136,33.703193699629594],[-84.37445150023649,33.70326399963392],[-84.3745138996967,33.7033371001271],[-84.37505030033105,33.703645000116694]]},"properties":{"overall":36,"safety":100,"sidewalk":0,"sidewalk_present":0,"canopy":8.5,"comfort":40.2,"name":"","road_type":"service","osm_id":533477688}},{"type":"Feature","geometry":{"type":"LineString","coordinates":[[-84.37433739965121,33.70496690010242],[-84.3739949998693,33.704967699599706],[-84.373171999688,33.70495500027312]]},"properties":{"overall":37,"safety":95,"sidewalk":0,"sidewalk_present":0,"canopy":16.4,"comfort":39.8,"name":"Schoen Street Southeast","road_type":"residential","osm_id":943710729}},{"type":"Feature","geometry":{"type":"LineString","coordinates":[[-84.37561859991843,33.706117999945775],[-84.37487180019338,33.70546980009124],[-84.37439460013064,33.705052799746966],[-84.37437870011689,33.705043400032935],[-84.37435810024607,33.70503269989922],[-84.37434020014007,33.705028000042205],[-84.37431760017705,33.70502540010216],[-84.37427910020028,33.70502540010216],[-84.37324710027343,33.705008000019234],[-84.37323440004747,33.7055350000403]]},"properties":{"overall":69,"safety":91,"sidewalk":100,"sidewalk_present":1,"canopy":16.3,"comfort":41.0,"name":"","road_type":"footway","osm_id":1386065325}},{"type":"Feature","geometry":{"type":"LineString","coordinates":[[-84.37372330029007,33.70559409988783],[-84.37373670018854,33.70543340003144],[-84.37388150003119,33.70541330018369],[-84.37397540004463,33.70536870010545],[-84.37418460033899,33.70543340003144]]},"properties":{"overall":36,"safety":100,"sidewalk":0,"sidewalk_present":0,"canopy":7.0,"comfort":32.0,"name":"","road_type":"residential","osm_id":562456540}},{"type":"Feature","geometry":{"type":"LineString","coordinates":[[-84.37445150023649,33.70635829969581],[-84.3744487995724,33.706164199917964]]},"properties":{"overall":36,"safety":100,"sidewalk":0,"sidewalk_present":0,"canopy":7.2,"comfort":32.1,"name":"","road_type":"residential","osm_id":562456265}},{"type":"Feature","geometry":{"type":"LineString","coordinates":[[-84.37461039965018,33.70638349959887],[-84.37445150023649,33.70635829969581]]},"properties":{"overall":37,"safety":100,"sidewalk":0,"sidewalk_present":0,"canopy":10.8,"comfort":33.6,"name":"","road_type":"residential","osm_id":562456266}},{"type":"Feature","geometry":{"type":"LineString","coordinates":[[-84.37484229973234,33.70620000012997],[-84.37461039965018,33.70638349959887]]},"properties":{"overall":36,"safety":100,"sidewalk":0,"sidewalk_present":0,"canopy":9.0,"comfort":34.3,"name":"","road_type":"residential","osm_id":562456268}},{"type":"Feature","geometry":{"type":"LineString","coordinates":[[-84.37323239995527,33.70561860011833],[-84.37323039986302,33.7058037003805],[-84.37322829994605,33.70588440014501],[-84.37323680033802,33.70592650010792],[-84.37324700044866,33.70597110018616],[-84.37326799961846,33.706029399637146],[-84.37327669965993,33.70605580013512],[-84.3733031001579,33.70610169973372],[-84.37334200033303,33.706152899936455],[-84.37338949982552,33.70620529983478],[-84.37355040023073,33.70634370010174],[-84.37383339979152,33.706594299787184],[-84.3739598004044,33.70670030017874],[-84.37399220027976,33.70672340016483],[-84.37402050014595,33.706741999943404],[-84.37404760031649,33.70675770030766],[-84.37409249986894,33.706781300316834],[-84.37413199989186,33.70679699978177],[-84.37417919991009,33.706815100436586],[-84.3742304999376,33.706833300016854],[-84.37426000039864,33.70683919956946],[-84.37431130042614,33.706850999574044],[-84.37434849998323,33.706850999574044],[-84.3744069001583,33.70685289984152],[-84.37446230019498,33.70685049955097],[-84.37451889992724,33.70684560004446],[-84.37456969993167,33.706839999966064],[-84.37462450012055,33.7068252996479],[-84.37471409957601,33.70678829974031],[-84.37480260005992,33.70675110018317],[-84.37487240004117,33.70671610036777],[-84.37493500005019,33.706667699754576],[-84.37499409989778,33.70662249982854],[-84.37513240033996,33.706507400096484]]},"properties":{"overall":66,"safety":83,"sidewalk":100,"sidewalk_present":1,"canopy":15.1,"comfort":35.4,"name":"","road_type":"footway","osm_id":1386065327}},{"type":"Feature","geometry":{"type":"LineString","coordinates":[[-84.37310810015867,33.70500930043892],[-84.37311079992344,33.70520569978328],[-84.37310550021863,33.70560520021985],[-84.37310350012638,33.70583160004833],[-84.37309940011721,33.70589980013574],[-84.37310529966982,33.70593270003411],[-84.37311709967435,33.70595920035686],[-84.37312259992802,33.705996999761794],[-84.3731420001032,33.706056099609384],[-84.37316410004314,33.70610519989509],[-84.37320140032432,33.706166700033236],[-84.37323869970618,33.7062108000884],[-84.37329869977515,33.70627940037406],[-84.3734083001529,33.70637669982489],[-84.37357150012457,33.706515000267075],[-84.37378979975944,33.70671010009107],[-84.3738942002571,33.70679070003081],[-84.37395530019688,33.70682900035814],[-84.37401220030279,33.70686229955555],[-84.37407590018262,33.70689270023797],[-84.37412670018705,33.70691249971213],[-84.37418699973023,33.70693499985043],[-84.37423779973466,33.706945699984146],[-84.37429140022789,33.70695530024699],[-84.37434890018159,33.70695530024699],[-84.37444790025035,33.70695249975813],[-84.37451420007022,33.706951300062485],[-84.37455680005621,33.70694849957363],[-84.37458840043428,33.706945100136295],[-84.37462529961783,33.70693549987345],[-84.37469349970519,33.70690899955076],[-84.37482539967243,33.70685640000289],[-84.37488260015186,33.70683659962941],[-84.3749290995982,33.7068119995742],[-84.3749769003636,33.706779700422885],[-84.37518940027059,33.70661760032203],[-84.37522580033038,33.7065885000593]]},"properties":{"overall":66,"safety":81,"sidewalk":100,"sidewalk_present":1,"canopy":17.7,"comfort":37.2,"name":"","road_type":"footway","osm_id":1386067813}},{"type":"Feature","geometry":{"type":"LineString","coordinates":[[-84.37568999979362,33.706117999945775],[-84.37565299988597,33.706148100254666],[-84.3754723000066,33.70629509983905],[-84.37522900011822,33.706493099976626],[-84.37520239997076,33.70651479971826],[-84.37504000039564,33.706647000059036],[-84.37489099981974,33.706756999735774],[-84.37476700039673,33.706822000035345],[-84.37457499963648,33.70688100005816],[-84.37437100012153,33.70690100008113],[-84.37421500012209,33.706876999873714],[-84.37404400033029,33.706816999804744],[-84.37392500023856,33.7067490002662],[-84.37333399996407,33.70623199980702],[-84.37326000014883,33.70614800042995],[-84.37320400026437,33.70605399969236],[-84.37316999959575,33.705956999715795],[-84.37315599984947,33.70585400036185],[-84.37316069970649,33.7055897004044],[-84.3731709996419,33.70500940026369],[-84.373171999688,33.70495500027312]]},"properties":{"overall":65,"safety":78,"sidewalk":100,"sidewalk_present":1,"canopy":17.3,"comfort":38.2,"name":"Richmond Circle Southeast","road_type":"residential","osm_id":9271563}},{"type":"Feature","geometry":{"type":"LineString","coordinates":[[-84.37498189969489,33.707885399791394],[-84.37493459985188,33.70785349993912],[-84.37455389974264,33.70765110031806],[-84.37411540020554,33.707495499617664],[-84.37385899989289,33.70745450042489],[-84.37358669956649,33.707342999779655],[-84.37305249957313,33.707026000449616],[-84.37267690041858,33.70673260022937]]},"properties":{"overall":70,"safety":99,"sidewalk":100,"sidewalk_present":1,"canopy":10.7,"comfort":35.0,"name":"","road_type":"service","osm_id":1523301985}},{"type":"Feature","geometry":{"type":"LineString","coordinates":[[-84.37631540003565,33.70673320007717],[-84.37564210010282,33.707267300245746],[-84.37493459985188,33.70785349993912],[-84.37480720009216,33.707964899860315]]},"properties":{"overall":67,"safety":80,"sidewalk":100,"sidewalk_present":1,"canopy":20.9,"comfort":44.4,"name":"","road_type":"footway","osm_id":1386035417}},{"type":"Feature","geometry":{"type":"LineString","coordinates":[[-84.37480720009216,33.707964899860315],[-84.37485390008737,33.70799789958346]]},"properties":{"overall":71,"safety":93,"sidewalk":100,"sidewalk_present":1,"canopy":20.2,"comfort":38.6,"name":"","road_type":"footway","osm_id":1394587606}},{"type":"Feature","geometry":{"type":"LineString","coordinates":[[-84.37461239974243,33.708261400043625],[-84.37447079968763,33.70821250030667],[-84.37435899956813,33.7081567000717],[-84.37418520018679,33.70808230005815],[-84.37401390002145,33.708014199795514],[-84.37387620032632,33.707961000399905],[-84.37367100021646,33.70787940041407],[-84.37320140032432,33.707688700073504],[-84.37309840007106,33.70761959976477]]},"properties":{"overall":34,"safety":97,"sidewalk":0,"sidewalk_present":0,"canopy":3.6,"comfort":32.7,"name":"","road_type":"service","osm_id":729902298}},{"type":"Feature","geometry":{"type":"LineString","coordinates":[[-84.37472000002793,33.70852100014412],[-84.37486870023031,33.708350600200106]]},"properties":{"overall":33,"safety":100,"sidewalk":0,"sidewalk_present":0,"canopy":0.0,"comfort":30.6,"name":"","road_type":"service","osm_id":917224111}},{"type":"Feature","geometry":{"type":"LineString","coordinates":[[-84.37444499993677,33.70848710019959],[-84.37470219974671,33.708647100383416],[-84.37474469990792,33.70868499961307],[-84.3747401997004,33.708719100106464],[-84.37459580005611,33.70888990024872]]},"properties":{"overall":33,"safety":100,"sidewalk":0,"sidewalk_present":0,"canopy":0.0,"comfort":30.0,"name":"","road_type":"service","osm_id":712213466}},{"type":"Feature","geometry":{"type":"LineString","coordinates":[[-84.37408520007187,33.708994200022346],[-84.37439510015372,33.709142800399945],[-84.37443160003829,33.7091502998465],[-84.37446199982139,33.70908330035405],[-84.37444070027806,33.70901250032671],[-84.37438449984478,33.70896070027612],[-84.37438909987702,33.70894299981961],[-84.37453649965971,33.70870520018491]]},"properties":{"overall":34,"safety":99,"sidewalk":0,"sidewalk_present":0,"canopy":3.0,"comfort":30.7,"name":"","road_type":"service","osm_id":712213464}},{"type":"Feature","geometry":{"type":"LineString","coordinates":[[-84.37450700009794,33.709291800076585],[-84.37443160003829,33.7091502998465]]},"properties":{"overall":33,"safety":100,"sidewalk":0,"sidewalk_present":0,"canopy":0.0,"comfort":27.6,"name":"","road_type":"service","osm_id":712213465}},{"type":"Feature","geometry":{"type":"LineString","coordinates":[[-84.37372330029007,33.70559409988783],[-84.37374469965812,33.70587300033873]]},"properties":{"overall":24,"safety":65,"sidewalk":0,"sidewalk_present":0,"canopy":5.6,"comfort":30.1,"name":"","road_type":"residential","osm_id":562456541}},{"type":"Feature","geometry":{"type":"LineString","coordinates":[[-84.37405180015043,33.70905069992989],[-84.37392510006327,33.70902929966252],[-84.37363600040106,33.708980399925565],[-84.37335309976572,33.708967099851805],[-84.37319230008455,33.70895960040531],[-84.37309509955918,33.70893009994421],[-84.37288449991968,33.70886620041489],[-84.3723437996266,33.708640199885394],[-84.37157270021993,33.70834290020474],[-84.37125079958469,33.708168900274586],[-84.37117710014303,33.708129099878136]]},"properties":{"overall":36,"safety":99,"sidewalk":0,"sidewalk_present":0,"canopy":7.5,"comfort":31.3,"name":"","road_type":"service","osm_id":729902299}},{"type":"Feature","geometry":{"type":"LineString","coordinates":[[-84.37392510006327,33.70902929966252],[-84.37382989963015,33.70916019958361],[-84.37369670014255,33.709415800398915],[-84.37364979959852,33.70944899977155],[-84.37358890020755,33.70944730005289],[-84.3731378002692,33.70933649997954],[-84.37304490030186,33.709286799845984],[-84.37301570021435,33.70920340031671],[-84.37309509955918,33.70893009994421]]},"properties":{"overall":35,"safety":99,"sidewalk":0,"sidewalk_present":0,"canopy":7.1,"comfort":31.2,"name":"","road_type":"service","osm_id":737832174}},{"type":"Feature","geometry":{"type":"LineString","coordinates":[[-84.37384350007744,33.71009780037326],[-84.37376140006853,33.710098199672245]]},"properties":{"overall":68,"safety":88,"sidewalk":100,"sidewalk_present":1,"canopy":16.6,"comfort":38.1,"name":"","road_type":"footway","osm_id":1394587603}},{"type":"Feature","geometry":{"type":"LineString","coordinates":[[-84.37283550035801,33.71308660006662],[-84.3730231996609,33.71285670007671],[-84.37311980033849,33.71274740007249],[-84.37315869961424,33.71255890037298],[-84.3731733999324,33.71215839989031]]},"properties":{"overall":40,"safety":100,"sidewalk":0,"sidewalk_present":0,"canopy":21.2,"comfort":42.6,"name":"","road_type":"residential","osm_id":562456182}},{"type":"Feature","geometry":{"type":"LineString","coordinates":[[-84.37283550035801,33.71308660006662],[-84.37295620016846,33.71324050014903],[-84.37301920037578,33.71350380006038],[-84.37304600017274,33.71378600012383],[-84.37304650019581,33.71379289972259],[-84.37305010018196,33.71384750026198]]},"properties":{"overall":70,"safety":96,"sidewalk":100,"sidewalk_present":1,"canopy":15.2,"comfort":38.6,"name":"","road_type":"residential","osm_id":562456181}},{"type":"Feature","geometry":{"type":"LineString","coordinates":[[-84.37338329989933,33.71388350012347],[-84.37320200017211,33.71384900033115],[-84.37312209990495,33.713848199934546],[-84.37305010018196,33.71384750026198],[-84.37236700033674,33.71384099996226]]},"properties":{"overall":31,"safety":88,"sidewalk":0,"sidewalk_present":0,"canopy":4.1,"comfort":32.3,"name":"McDonough Boulevard Southeast","road_type":"secondary","osm_id":1466964705}},{"type":"Feature","geometry":{"type":"LineString","coordinates":[[-84.36858410017607,33.713751899630495],[-84.3686526995624,33.713760599672014],[-84.36868899979748,33.713765199704255],[-84.3687479998203,33.71377010011008],[-84.3688915999673,33.71377630003627],[-84.36914140015546,33.71377720025765],[-84.36934920020536,33.713781099718005],[-84.36970259959526,33.71378140009159],[-84.37016260012388,33.71378829969035],[-84.37083170022277,33.713789399561165],[-84.37139429990697,33.7137931002714],[-84.37216890037439,33.71378950028526],[-84.37270759967595,33.713789399561165],[-84.37304650019581,33.71379289972259],[-84.3731534997342,33.713798300151495],[-84.37323220030578,33.71380350003153],[-84.37332200031005,33.71381659955648],[-84.3733898001991,33.71383239974551],[-84.37346020002815,33.71385079987459],[-84.37348480008342,33.71386019958857],[-84.37350070009717,33.713862699703895],[-84.37351870002794,33.713866199865265],[-84.37353619993564,33.713865699842245],[-84.3735500998572,33.713865900391056],[-84.37356439997706,33.71385890006826],[-84.37357419988939,33.71384950035423],[-84.37358809981095,33.71383689995304],[-84.37359560015676,33.71381999989313],[-84.37360709978776,33.7137941003175],[-84.37361250021667,33.71377270005013],[-84.3736214997324,33.71374190006867],[-84.37363300026271,33.71347710008814],[-84.37363429978308,33.71329180017648],[-84.37364380022115,33.713013799946964],[-84.37364879955243,33.71253650005946],[-84.37366409971838,33.71179170042666]]},"properties":{"overall":57,"safety":67,"sidewalk":100,"sidewalk_present":1,"canopy":3.3,"comfort":31.9,"name":"","road_type":"footway","osm_id":1386021674}},{"type":"Feature","geometry":{"type":"LineString","coordinates":[[-84.37376140006853,33.710098199672245],[-84.3737530004006,33.71029600016033],[-84.37367629992127,33.71392970009566],[-84.37367500040091,33.71399259957889]]},"properties":{"overall":57,"safety":66,"sidewalk":100,"sidewalk_present":1,"canopy":5.2,"comfort":31.8,"name":"Sawtell Avenue Southeast","road_type":"tertiary","osm_id":9271323}},{"type":"Feature","geometry":{"type":"LineString","coordinates":[[-84.3737763998609,33.71397919968035],[-84.37367629992127,33.71392970009566],[-84.3735500998572,33.713865900391056]]},"properties":{"overall":52,"safety":55,"sidewalk":100,"sidewalk_present":1,"canopy":0.0,"comfort":26.0,"name":"","road_type":"footway","osm_id":1389974648}},{"type":"Feature","geometry":{"type":"LineString","coordinates":[[-84.37063379990991,33.70496490001017],[-84.37143410030347,33.70566539993831],[-84.37156500022456,33.705823599679434],[-84.37187400008497,33.70619719964111],[-84.37201579978927,33.70636870035531],[-84.3723559998295,33.70666580038642],[-84.37267690041858,33.70673260022937]]},"properties":{"overall":38,"safety":100,"sidewalk":0,"sidewalk_present":0,"canopy":13.8,"comfort":33.9,"name":"","road_type":"service","osm_id":1523301984}},{"type":"Feature","geometry":{"type":"LineString","coordinates":[[-84.37164190035338,33.71162069973553],[-84.37170489966132,33.71180089959188],[-84.37141859958865,33.71228280041095]]},"properties":{"overall":34,"safety":100,"sidewalk":0,"sidewalk_present":0,"canopy":3.3,"comfort":29.4,"name":"","road_type":"service","osm_id":562455561}},{"type":"Feature","geometry":{"type":"LineString","coordinates":[[-84.37141859958865,33.71228280041095],[-84.37174110007169,33.71245959993064],[-84.37244650040566,33.71276299971271],[-84.37283550035801,33.71308660006662]]},"properties":{"overall":38,"safety":100,"sidewalk":0,"sidewalk_present":0,"canopy":14.4,"comfort":38.9,"name":"","road_type":"residential","osm_id":562456183}},{"type":"Feature","geometry":{"type":"LineString","coordinates":[[-84.37203670003362,33.71392100005414],[-84.37203679985839,33.71391110031709],[-84.37203729988147,33.7138405997639]]},"properties":{"overall":69,"safety":100,"sidewalk":100,"sidewalk_present":1,"canopy":7.9,"comfort":36.5,"name":"","road_type":"service","osm_id":562455568}},{"type":"Feature","geometry":{"type":"LineString","coordinates":[[-84.37236619994013,33.713910799943505],[-84.37203679985839,33.71391110031709],[-84.37185989961466,33.71391120014181]]},"properties":{"overall":67,"safety":95,"sidewalk":100,"sidewalk_present":1,"canopy":7.2,"comfort":36.0,"name":"","road_type":"footway","osm_id":1388449980}},{"type":"Feature","geometry":{"type":"LineString","coordinates":[[-84.37203460011665,33.71420880019605],[-84.37203670003362,33.71392100005414]]},"properties":{"overall":70,"safety":97,"sidewalk":100,"sidewalk_present":1,"canopy":13.9,"comfort":39.1,"name":"","road_type":"service","osm_id":562455573}},{"type":"Feature","geometry":{"type":"LineString","coordinates":[[-84.37236519989403,33.71400019974948],[-84.37223260025428,33.71400079959727]]},"properties":{"overall":30,"safety":85,"sidewalk":0,"sidewalk_present":0,"canopy":5.2,"comfort":34.9,"name":"","road_type":"service","osm_id":562455572}},{"type":"Feature","geometry":{"type":"LineString","coordinates":[[-84.37184530002054,33.71436289992795],[-84.37203460011665,33.71420880019605]]},"properties":{"overall":42,"safety":92,"sidewalk":0,"sidewalk_present":0,"canopy":35.3,"comfort":47.6,"name":"","road_type":"service","osm_id":562455567}},{"type":"Feature","geometry":{"type":"LineString","coordinates":[[-84.37223260025428,33.71400079959727],[-84.37223329992679,33.714290800380184]]},"properties":{"overall":34,"safety":90,"sidewalk":0,"sidewalk_present":0,"canopy":12.8,"comfort":37.7,"name":"","road_type":"service","osm_id":562455571}},{"type":"Feature","geometry":{"type":"LineString","coordinates":[[-84.37178000024676,33.71441629987237],[-84.37184530002054,33.71436289992795]]},"properties":{"overall":46,"safety":92,"sidewalk":0,"sidewalk_present":0,"canopy":46.8,"comfort":52.5,"name":"","road_type":"service","osm_id":562455574}},{"type":"Feature","geometry":{"type":"LineString","coordinates":[[-84.37070700022787,33.71244050012905],[-84.37049119980901,33.712515400165614],[-84.37001380009679,33.71266930024808],[-84.36978850013912,33.712800999666456],[-84.36952160024163,33.71298059967501],[-84.36937139997008,33.7130764997807],[-84.36927880037632,33.71311110029711],[-84.36917420022911,33.71311780024632],[-84.36907770027562,33.713089899679176],[-84.3688443001243,33.712995100343676],[-84.36862980012512,33.712971699983996],[-84.36838169965569,33.71296049982726],[-84.36822609985461,33.71297499959661],[-84.36811739969818,33.71300559992852]]},"properties":{"overall":33,"safety":100,"sidewalk":0,"sidewalk_present":0,"canopy":0.0,"comfort":27.4,"name":"","road_type":"service","osm_id":562455556}},{"type":"Feature","geometry":{"type":"LineString","coordinates":[[-84.36971069978893,33.71334229980732],[-84.36902669972238,33.71332970030545]]},"properties":{"overall":33,"safety":100,"sidewalk":0,"sidewalk_present":0,"canopy":0.0,"comfort":28.1,"name":"","road_type":"service","osm_id":562455536}},{"type":"Feature","geometry":{"type":"LineString","coordinates":[[-84.36902669972238,33.71332970030545],[-84.36891679987036,33.71340560038817],[-84.36885639960315,33.7134960002403]]},"properties":{"overall":33,"safety":100,"sidewalk":0,"sidewalk_present":0,"canopy":0.0,"comfort":28.0,"name":"","road_type":"service","osm_id":562455540}},{"type":"Feature","geometry":{"type":"LineString","coordinates":[[-84.36885639960315,33.7134960002403],[-84.3685299996597,33.71350380006038]]},"properties":{"overall":33,"safety":100,"sidewalk":0,"sidewalk_present":0,"canopy":0.0,"comfort":28.0,"name":"","road_type":"service","osm_id":562455538}},{"type":"Feature","geometry":{"type":"LineString","coordinates":[[-84.37089649997347,33.709178599712686],[-84.3706824001726,33.70951300002497],[-84.37062009963785,33.70953090013097],[-84.37014079965815,33.70934160003486],[-84.37011449988421,33.70929170025181],[-84.37030610044616,33.70894099972742]]},"properties":{"overall":34,"safety":100,"sidewalk":0,"sidewalk_present":0,"canopy":1.1,"comfort":23.6,"name":"","road_type":"service","osm_id":905562508}},{"type":"Feature","geometry":{"type":"LineString","coordinates":[[-84.37058509982245,33.71259910006847],[-84.37010229968132,33.71323719963709]]},"properties":{"overall":34,"safety":100,"sidewalk":0,"sidewalk_present":0,"canopy":2.2,"comfort":28.7,"name":"","road_type":"service","osm_id":562455558}},{"type":"Feature","geometry":{"type":"LineString","coordinates":[[-84.37010229968132,33.71323719963709],[-84.37000040019825,33.713296300384],[-84.36989170004188,33.71332189958605],[-84.3697844001299,33.71334370005178]]},"properties":{"overall":35,"safety":100,"sidewalk":0,"sidewalk_present":0,"canopy":3.8,"comfort":29.6,"name":"","road_type":"service","osm_id":562455557}},{"type":"Feature","geometry":{"type":"LineString","coordinates":[[-84.37230900036002,33.70494099962747],[-84.37063379990991,33.70496490001017]]},"properties":{"overall":39,"safety":100,"sidewalk":0,"sidewalk_present":0,"canopy":18.4,"comfort":36.2,"name":"Schoen Street Southeast","road_type":"service","osm_id":274101131}},{"type":"Feature","geometry":{"type":"LineString","coordinates":[[-84.37028200041397,33.7046190998916],[-84.37011070024857,33.70482129986317],[-84.36997990015226,33.70500309961341],[-84.37000860021669,33.70528839963998],[-84.37051739975817,33.705873500361804],[-84.37109950034164,33.70660979960263],[-84.3714998002755,33.70708339967922],[-84.37156999955579,33.70721479962333],[-84.37156519987406,33.70738060043442],[-84.37150619985118,33.70759420021221],[-84.37145680009121,33.70776939983796],[-84.37125079958469,33.708168900274586]]},"properties":{"overall":34,"safety":100,"sidewalk":0,"sidewalk_present":0,"canopy":1.2,"comfort":29.9,"name":"","road_type":"service","osm_id":943710730}},{"type":"Feature","geometry":{"type":"LineString","coordinates":[[-84.37146479956084,33.71146230034492],[-84.37103440021735,33.71131720012875]]},"properties":{"overall":33,"safety":100,"sidewalk":0,"sidewalk_present":0,"canopy":0.0,"comfort":26.6,"name":"","road_type":"service","osm_id":562455534}},{"type":"Feature","geometry":{"type":"LineString","coordinates":[[-84.37164190035338,33.71162069973553],[-84.37146479956084,33.71146230034492]]},"properties":{"overall":33,"safety":100,"sidewalk":0,"sidewalk_present":0,"canopy":0.0,"comfort":28.0,"name":"","road_type":"service","osm_id":562455535}},{"type":"Feature","geometry":{"type":"LineString","coordinates":[[-84.37141859958865,33.71228280041095],[-84.37094110005171,33.712136100300825]]},"properties":{"overall":35,"safety":100,"sidewalk":0,"sidewalk_present":0,"canopy":5.4,"comfort":29.9,"name":"","road_type":"service","osm_id":562455560}},{"type":"Feature","geometry":{"type":"LineString","coordinates":[[-84.37094110005171,33.712136100300825],[-84.37070700022787,33.71244050012905],[-84.37058509982245,33.71259910006847]]},"properties":{"overall":33,"safety":100,"sidewalk":0,"sidewalk_present":0,"canopy":0.0,"comfort":27.6,"name":"","road_type":"service","osm_id":562455559}},{"type":"Feature","geometry":{"type":"LineString","coordinates":[[-84.36969860031013,33.71350270018951],[-84.36971069978893,33.71334229980732]]},"properties":{"overall":33,"safety":100,"sidewalk":0,"sidewalk_present":0,"canopy":0.0,"comfort":28.2,"name":"","road_type":"service","osm_id":562455537}},{"type":"Feature","geometry":{"type":"LineString","coordinates":[[-84.3697844001299,33.71334370005178],[-84.36971069978893,33.71334229980732]]},"properties":{"overall":34,"safety":100,"sidewalk":0,"sidewalk_present":0,"canopy":3.3,"comfort":29.3,"name":"","road_type":"service","osm_id":562455541}},{"type":"Feature","geometry":{"type":"LineString","coordinates":[[-84.36885639960315,33.7134960002403],[-84.36969860031013,33.71350270018951]]},"properties":{"overall":33,"safety":100,"sidewalk":0,"sidewalk_present":0,"canopy":0.0,"comfort":28.2,"name":"","road_type":"service","osm_id":562455539}},{"type":"Feature","geometry":{"type":"LineString","coordinates":[[-84.3699959998155,33.71390510004039],[-84.36944699967927,33.71389969961149],[-84.36896010042824,33.71390180042778]]},"properties":{"overall":64,"safety":91,"sidewalk":100,"sidewalk_present":1,"canopy":2.0,"comfort":30.5,"name":"","road_type":"footway","osm_id":1388449985}},{"type":"Feature","geometry":{"type":"LineString","coordinates":[[-84.37069220008493,33.71390650028479],[-84.37013290001329,33.71390429964379]]},"properties":{"overall":66,"safety":90,"sidewalk":100,"sidewalk_present":1,"canopy":7.2,"comfort":34.8,"name":"","road_type":"footway","osm_id":1388449983}},{"type":"Feature","geometry":{"type":"LineString","coordinates":[[-84.36999549979242,33.71440890025059],[-84.3699959998155,33.71390510004039]]},"properties":{"overall":66,"safety":92,"sidewalk":100,"sidewalk_present":1,"canopy":6.3,"comfort":35.3,"name":"","road_type":"footway","osm_id":1388612731}},{"type":"Feature","geometry":{"type":"LineString","coordinates":[[-84.3700379999537,33.715084999772955],[-84.3700492999352,33.71420649973021],[-84.37005309957084,33.71390519986511],[-84.37005399979222,33.71383799982391]]},"properties":{"overall":34,"safety":85,"sidewalk":0,"sidewalk_present":0,"canopy":16.4,"comfort":41.1,"name":"Park Avenue Southeast","road_type":"residential","osm_id":740409402}},{"type":"Feature","geometry":{"type":"LineString","coordinates":[[-84.37013290001329,33.71390429964379],[-84.37005309957084,33.71390519986511],[-84.3699959998155,33.71390510004039]]},"properties":{"overall":64,"safety":88,"sidewalk":100,"sidewalk_present":1,"canopy":3.8,"comfort":32.4,"name":"","road_type":"footway","osm_id":1388449984}},{"type":"Feature","geometry":{"type":"LineString","coordinates":[[-84.37088860032861,33.71414599963822],[-84.37040959982312,33.71417810003936],[-84.37015139996709,33.71419840043586],[-84.3701211000087,33.7142007998271],[-84.3700492999352,33.71420649973021]]},"properties":{"overall":69,"safety":98,"sidewalk":100,"sidewalk_present":1,"canopy":9.8,"comfort":38.3,"name":"","road_type":"service","osm_id":841140617}},{"type":"Feature","geometry":{"type":"LineString","coordinates":[[-84.37013290001329,33.71390429964379],[-84.3701211000087,33.7142007998271],[-84.37011130009637,33.715055799685445]]},"properties":{"overall":70,"safety":90,"sidewalk":100,"sidewalk_present":1,"canopy":19.5,"comfort":42.3,"name":"","road_type":"footway","osm_id":1388600805}},{"type":"Feature","geometry":{"type":"LineString","coordinates":[[-84.36858410017607,33.713751899630495],[-84.36850539960449,33.71374829964435]]},"properties":{"overall":46,"safety":38,"sidewalk":100,"sidewalk_present":1,"canopy":0.0,"comfort":27.6,"name":"","road_type":"footway","osm_id":1388449988}},{"type":"Feature","geometry":{"type":"LineString","coordinates":[[-84.36867369963147,33.713899300312505],[-84.36866320004663,33.71382989963024],[-84.3686526995624,33.713760599672014]]},"properties":{"overall":38,"safety":13,"sidewalk":100,"sidewalk_present":1,"canopy":0.0,"comfort":27.5,"name":"","road_type":"footway","osm_id":1388449987}},{"type":"Feature","geometry":{"type":"LineString","coordinates":[[-84.36933609978115,33.71383940006831],[-84.36888930040084,33.71383709960253],[-84.36880299965867,33.713836999777754],[-84.36867840038781,33.71383179989772],[-84.36866320004663,33.71382989963024],[-84.36858040036515,33.713819499870056]]},"properties":{"overall":11,"safety":32,"sidewalk":0,"sidewalk_present":0,"canopy":0.0,"comfort":28.4,"name":"McDonough Boulevard Southeast","road_type":"secondary","osm_id":1379655271}},{"type":"Feature","geometry":{"type":"LineString","coordinates":[[-84.36896010042824,33.71390180042778],[-84.36888930040084,33.71390119968066],[-84.36867369963147,33.713899300312505]]},"properties":{"overall":41,"safety":22,"sidewalk":100,"sidewalk_present":1,"canopy":0.8,"comfort":28.0,"name":"","road_type":"footway","osm_id":1388449986}},{"type":"Feature","geometry":{"type":"LineString","coordinates":[[-84.36867369963147,33.713899300312505],[-84.36866329987134,33.71390629973598],[-84.36865769979295,33.71391270021098],[-84.36864930012507,33.71392999956987]]},"properties":{"overall":33,"safety":0,"sidewalk":100,"sidewalk_present":1,"canopy":0.0,"comfort":27.3,"name":"","road_type":"footway","osm_id":1388449991}},{"type":"Feature","geometry":{"type":"LineString","coordinates":[[-84.36888930040084,33.71383709960253],[-84.36888930040084,33.71390119968066],[-84.36888930040084,33.71393499980047],[-84.36873330040146,33.71394770002638],[-84.36869169956225,33.713959800404496],[-84.36869319963142,33.71426420023272],[-84.36865719976993,33.71426580012661],[-84.36856889983483,33.71426969958702]]},"properties":{"overall":52,"safety":53,"sidewalk":100,"sidewalk_present":1,"canopy":2.5,"comfort":28.5,"name":"","road_type":"service","osm_id":913211282}},{"type":"Feature","geometry":{"type":"LineString","coordinates":[[-84.36864930012507,33.71392999956987],[-84.36865750014346,33.71417419967963],[-84.36865719976993,33.71426580012661],[-84.36865199988983,33.71458869990863]]},"properties":{"overall":47,"safety":42,"sidewalk":100,"sidewalk_present":1,"canopy":0.0,"comfort":27.7,"name":"","road_type":"footway","osm_id":1388456865}},{"type":"Feature","geometry":{"type":"LineString","coordinates":[[-84.36865199988983,33.71458869990863],[-84.36865440018039,33.7148645003964],[-84.36866119995437,33.71504439987922]]},"properties":{"overall":66,"safety":96,"sidewalk":100,"sidewalk_present":1,"canopy":3.5,"comfort":29.8,"name":"","road_type":"footway","osm_id":1388456866}},{"type":"Feature","geometry":{"type":"LineString","coordinates":[[-84.36997170013382,33.715043999680915],[-84.3696363996001,33.71504620032192],[-84.36919859973557,33.71504210031276],[-84.36866119995437,33.71504439987922]]},"properties":{"overall":71,"safety":95,"sidewalk":100,"sidewalk_present":1,"canopy":17.0,"comfort":40.7,"name":"","road_type":"footway","osm_id":1388612730}},{"type":"Feature","geometry":{"type":"LineString","coordinates":[[-84.36866119995437,33.71504439987922],[-84.36866129977915,33.71508220018342],[-84.36866279984832,33.71512909982812]]},"properties":{"overall":69,"safety":100,"sidewalk":100,"sidewalk_present":1,"canopy":6.3,"comfort":31.4,"name":"","road_type":"footway","osm_id":1388456867}},{"type":"Feature","geometry":{"type":"LineString","coordinates":[[-84.3700379999537,33.715084999772955],[-84.36997010023987,33.71508489994824],[-84.36866129977915,33.71508220018342],[-84.36857499993624,33.715081999634606]]},"properties":{"overall":70,"safety":91,"sidewalk":100,"sidewalk_present":1,"canopy":17.8,"comfort":41.0,"name":"Federal Terrace Southeast","road_type":"residential","osm_id":1466964707}},{"type":"Feature","geometry":{"type":"LineString","coordinates":[[-84.36866279984832,33.71512909982812],[-84.36866000025879,33.71531989999346],[-84.36865459982988,33.71558849960962]]},"properties":{"overall":66,"safety":98,"sidewalk":100,"sidewalk_present":1,"canopy":0.0,"comfort":0.0,"name":"","road_type":"footway","osm_id":1388456868}},{"type":"Feature","geometry":{"type":"LineString","coordinates":[[-84.36847420032404,33.71594570043379],[-84.36856300028222,33.715950199742],[-84.36864579996364,33.71599520001854]]},"properties":{"overall":61,"safety":82,"sidewalk":100,"sidewalk_present":1,"canopy":0.0,"comfort":0.0,"name":"","road_type":"footway","osm_id":761284712}},{"type":"Feature","geometry":{"type":"LineString","coordinates":[[-84.36865459982988,33.71558849960962],[-84.36864579996364,33.71599520001854]]},"properties":{"overall":62,"safety":85,"sidewalk":100,"sidewalk_present":1,"canopy":0.0,"comfort":0.0,"name":"","road_type":"footway","osm_id":1388456869}},{"type":"Feature","geometry":{"type":"LineString","coordinates":[[-84.36864579996364,33.71599520001854],[-84.36864239962699,33.716280500045116]]},"properties":{"overall":64,"safety":93,"sidewalk":100,"sidewalk_present":1,"canopy":0.0,"comfort":0.0,"name":"","road_type":"footway","osm_id":1388456870}},{"type":"Feature","geometry":{"type":"LineString","coordinates":[[-84.36997099956193,33.715061100289574],[-84.36997170013382,33.715043999680915],[-84.36999070011069,33.71457270007011],[-84.36999549979242,33.71440890025059]]},"properties":{"overall":73,"safety":98,"sidewalk":100,"sidewalk_present":1,"canopy":20.2,"comfort":43.8,"name":"","road_type":"footway","osm_id":1388612728}},{"type":"Feature","geometry":{"type":"LineString","coordinates":[[-84.36997010023987,33.71508489994824],[-84.36997099956193,33.715061100289574]]},"properties":{"overall":74,"safety":97,"sidewalk":100,"sidewalk_present":1,"canopy":26.0,"comfort":47.7,"name":"","road_type":"footway","osm_id":1388612729}},{"type":"Feature","geometry":{"type":"LineString","coordinates":[[-84.37002100006907,33.716324000252484],[-84.3700379999537,33.715084999772955]]},"properties":{"overall":39,"safety":86,"sidewalk":0,"sidewalk_present":0,"canopy":29.7,"comfort":50.4,"name":"Park Avenue Southeast","road_type":"residential","osm_id":1466964706}},{"type":"Feature","geometry":{"type":"LineString","coordinates":[[-84.37011130009637,33.715055799685445],[-84.37011359966283,33.71508520032177]]},"properties":{"overall":70,"safety":83,"sidewalk":100,"sidewalk_present":1,"canopy":27.6,"comfort":49.4,"name":"","road_type":"footway","osm_id":1388600806}},{"type":"Feature","geometry":{"type":"LineString","coordinates":[[-84.37235299969115,33.715091000049654],[-84.37203820010279,33.71509019965305],[-84.37011359966283,33.71508520032177],[-84.3700379999537,33.715084999772955]]},"properties":{"overall":75,"safety":86,"sidewalk":100,"sidewalk_present":1,"canopy":39.2,"comfort":56.7,"name":"Federal Terrace Southeast","road_type":"residential","osm_id":9242009}},{"type":"Feature","geometry":{"type":"LineString","coordinates":[[-84.36866279984832,33.71512909982812],[-84.36929049965681,33.71512809978202],[-84.36971589966902,33.71514080000799],[-84.36991029982045,33.71514210042767],[-84.36994669988024,33.71514470036766],[-84.36995930028144,33.715157899717326],[-84.36996879982024,33.71519729991553],[-84.36997580014304,33.715484500209584],[-84.36997730021221,33.715556699582066]]},"properties":{"overall":71,"safety":94,"sidewalk":100,"sidewalk_present":1,"canopy":19.5,"comfort":42.4,"name":"","road_type":"footway","osm_id":1388610594}},{"type":"Feature","geometry":{"type":"LineString","coordinates":[[-84.36864470009277,33.71637790021998],[-84.36891779991652,33.716373200362966],[-84.37004660017044,33.71637499990635],[-84.37043939975848,33.71637590012773],[-84.37140500004068,33.71637239996636],[-84.37153210032614,33.71637549992943]]},"properties":{"overall":67,"safety":100,"sidewalk":100,"sidewalk_present":1,"canopy":0.0,"comfort":0.0,"name":"","road_type":"footway","osm_id":1388613929}},{"type":"Feature","geometry":{"type":"LineString","coordinates":[[-84.36943099984074,33.71787120019576],[-84.36944100030189,33.717425499787055]]},"properties":{"overall":41,"safety":92,"sidewalk":0,"sidewalk_present":0,"canopy":30.2,"comfort":41.3,"name":"Hazy Way Southeast","road_type":"service","osm_id":1245451456}},{"type":"Feature","geometry":{"type":"LineString","coordinates":[[-84.36870630005569,33.717119099866636],[-84.3688785004424,33.717126299838924],[-84.36910269962982,33.717135699552955],[-84.36936489967036,33.71717239998634],[-84.36947910008035,33.717204000364404],[-84.36957309991857,33.71725059963552],[-84.36967329968297,33.717337199851954],[-84.36976730042056,33.7173955002022],[-84.36988350002349,33.71743710014209],[-84.3701277001332,33.71750210044161],[-84.3702612998191,33.71755600040916],[-84.37046609973066,33.71759699960188],[-84.37069630009415,33.71762530036739],[-84.37079039975708,33.71762030013679],[-84.37093259965968,33.717600300113816],[-84.37105070042946,33.7175837004275],[-84.37136299990249,33.717563700404526]]},"properties":{"overall":37,"safety":91,"sidewalk":0,"sidewalk_present":0,"canopy":21.1,"comfort":41.5,"name":"","road_type":"service","osm_id":1245451453}},{"type":"Feature","geometry":{"type":"LineString","coordinates":[[-84.36987710044781,33.7178733999375],[-84.36943099984074,33.71787120019576],[-84.368870699723,33.71786839970696]]},"properties":{"overall":40,"safety":100,"sidewalk":0,"sidewalk_present":0,"canopy":19.9,"comfort":38.2,"name":"Zeal Street Southeast","road_type":"service","osm_id":1245451455}},{"type":"Feature","geometry":{"type":"LineString","coordinates":[[-84.36864239962699,33.716280500045116],[-84.36864339967315,33.71632119976363],[-84.36864470009277,33.71637790021998]]},"properties":{"overall":66,"safety":99,"sidewalk":100,"sidewalk_present":1,"canopy":0.0,"comfort":0.0,"name":"","road_type":"footway","osm_id":1388456871}},{"type":"Feature","geometry":{"type":"LineString","coordinates":[[-84.37233999999097,33.716327000390834],[-84.37002100006907,33.716324000252484],[-84.36864339967315,33.71632119976363],[-84.36855800005162,33.716321000114135]]},"properties":{"overall":76,"safety":94,"sidewalk":100,"sidewalk_present":1,"canopy":32.9,"comfort":48.2,"name":"Cassanova Street Southeast","road_type":"residential","osm_id":9253845}},{"type":"Feature","geometry":{"type":"LineString","coordinates":[[-84.36864470009277,33.71637790021998],[-84.36863680044792,33.716660700131285],[-84.36862360019893,33.7170569998807]]},"properties":{"overall":67,"safety":91,"sidewalk":100,"sidewalk_present":1,"canopy":9.1,"comfort":33.5,"name":"","road_type":"footway","osm_id":1388456872}},{"type":"Feature","geometry":{"type":"LineString","coordinates":[[-84.3684647997107,33.717054499765425],[-84.3685478997657,33.717054499765425],[-84.36862360019893,33.7170569998807]]},"properties":{"overall":59,"safety":71,"sidewalk":100,"sidewalk_present":1,"canopy":7.2,"comfort":33.0,"name":"","road_type":"footway","osm_id":761284709}},{"type":"Feature","geometry":{"type":"LineString","coordinates":[[-84.36846879989514,33.71718839982486],[-84.36854500035145,33.71718500038753],[-84.36862110008366,33.71718510021225]]},"properties":{"overall":59,"safety":67,"sidewalk":100,"sidewalk_present":1,"canopy":10.1,"comfort":34.8,"name":"","road_type":"footway","osm_id":761284708}},{"type":"Feature","geometry":{"type":"LineString","coordinates":[[-84.36862360019893,33.7170569998807],[-84.36862110008366,33.71718510021225]]},"properties":{"overall":58,"safety":64,"sidewalk":100,"sidewalk_present":1,"canopy":10.1,"comfort":34.1,"name":"","road_type":"footway","osm_id":1388456873}},{"type":"Feature","geometry":{"type":"LineString","coordinates":[[-84.37204280013509,33.714780199746485],[-84.37148479958381,33.71477830037833]]},"properties":{"overall":51,"safety":96,"sidewalk":0,"sidewalk_present":0,"canopy":56.7,"comfort":58.9,"name":"Hammons Way Southeast","road_type":"residential","osm_id":1375322711}},{"type":"Feature","geometry":{"type":"LineString","coordinates":[[-84.3710967996775,33.716566399919486],[-84.37049870015483,33.7165531996705]]},"properties":{"overall":33,"safety":100,"sidewalk":0,"sidewalk_present":0,"canopy":0.0,"comfort":0.0,"name":"","road_type":"service","osm_id":1458986378}},{"type":"Feature","geometry":{"type":"LineString","coordinates":[[-84.37109069957609,33.71693660044383],[-84.37061770024661,33.716930100144054]]},"properties":{"overall":45,"safety":100,"sidewalk":0,"sidewalk_present":0,"canopy":36.3,"comfort":54.0,"name":"","road_type":"service","osm_id":1458986379}},{"type":"Feature","geometry":{"type":"LineString","coordinates":[[-84.37093059956749,33.717315799584526],[-84.37106079981601,33.71731249997197],[-84.37108480002348,33.71729080023027],[-84.37109069957609,33.71693660044383],[-84.3710967996775,33.716566399919486],[-84.37132709986571,33.71656310030687]]},"properties":{"overall":46,"safety":100,"sidewalk":0,"sidewalk_present":0,"canopy":37.5,"comfort":57.0,"name":"","road_type":"service","osm_id":1458986377}},{"type":"Feature","geometry":{"type":"LineString","coordinates":[[-84.3702612998191,33.71755600040916],[-84.37039500022905,33.717368499856434],[-84.37043739966623,33.71730710044238],[-84.37047620001658,33.717250900009105],[-84.37050220031625,33.717146000387686],[-84.37049870015483,33.7165531996705],[-84.3704982001318,33.71645819978613]]},"properties":{"overall":41,"safety":100,"sidewalk":0,"sidewalk_present":0,"canopy":24.3,"comfort":43.3,"name":"","road_type":"service","osm_id":1245451459}},{"type":"Feature","geometry":{"type":"LineString","coordinates":[[-84.37093259965968,33.717600300113816],[-84.37093059956749,33.717315799584526],[-84.37043739966623,33.71730710044238]]},"properties":{"overall":42,"safety":100,"sidewalk":0,"sidewalk_present":0,"canopy":25.8,"comfort":45.1,"name":"","road_type":"service","osm_id":1458986376}},{"type":"Feature","geometry":{"type":"LineString","coordinates":[[-84.3723260002447,33.71755999969429],[-84.37140700013293,33.717561700312274]]},"properties":{"overall":44,"safety":96,"sidewalk":0,"sidewalk_present":0,"canopy":36.4,"comfort":62.0,"name":"Burroughs Street Southeast","road_type":"residential","osm_id":9245731}},{"type":"Feature","geometry":{"type":"LineString","coordinates":[[-84.37082329965551,33.718587299764124],[-84.37106749976527,33.71858860018381],[-84.37106870036018,33.717886000338694],[-84.37080999958175,33.71788929995131]]},"properties":{"overall":43,"safety":100,"sidewalk":0,"sidewalk_present":0,"canopy":29.2,"comfort":49.5,"name":"Breezy Circle Southeast","road_type":"service","osm_id":1252878486}},{"type":"Feature","geometry":{"type":"LineString","coordinates":[[-84.3708481002596,33.71977429964426],[-84.37083959986762,33.719442400346566],[-84.37082329965551,33.718587299764124],[-84.37080999958175,33.71788929995131],[-84.37079039975708,33.71762030013679]]},"properties":{"overall":46,"safety":100,"sidewalk":0,"sidewalk_present":0,"canopy":38.7,"comfort":51.3,"name":"Breezy Street Southeast","road_type":"service","osm_id":1208746350}},{"type":"Feature","geometry":{"type":"LineString","coordinates":[[-84.3705291997627,33.719448000424904],[-84.37083959986762,33.719442400346566]]},"properties":{"overall":50,"safety":100,"sidewalk":0,"sidewalk_present":0,"canopy":51.1,"comfort":55.6,"name":"Breezy Way Southeast","road_type":"service","osm_id":1208746349}},{"type":"Feature","geometry":{"type":"LineString","coordinates":[[-84.36681930027044,33.70855609978423],[-84.366589099907,33.70844469986304],[-84.36652909983803,33.7084155996003],[-84.36640360034585,33.708385199817144],[-84.3661811998025,33.70840900037513],[-84.36597470017222,33.70848429971073],[-84.36589529992813,33.7085702002546],[-84.36588729955918,33.70876709962198],[-84.36586669968841,33.70885560010589],[-84.36573800040833,33.708986400202264],[-84.36553919987415,33.709096399879]]},"properties":{"overall":34,"safety":100,"sidewalk":0,"sidewalk_present":0,"canopy":0.8,"comfort":27.2,"name":"","road_type":"service","osm_id":840877847}},{"type":"Feature","geometry":{"type":"LineString","coordinates":[[-84.36650330008717,33.71113819996799],[-84.36610650031469,33.71112649978818]]},"properties":{"overall":33,"safety":100,"sidewalk":0,"sidewalk_present":0,"canopy":0.0,"comfort":23.6,"name":"","road_type":"service","osm_id":562455554}},{"type":"Feature","geometry":{"type":"LineString","coordinates":[[-84.36649629976438,33.711305499948935],[-84.36609070012565,33.71128940028564]]},"properties":{"overall":33,"safety":100,"sidewalk":0,"sidewalk_present":0,"canopy":0.0,"comfort":23.7,"name":"","road_type":"service","osm_id":562455547}},{"type":"Feature","geometry":{"type":"LineString","coordinates":[[-84.36655360006853,33.713177300292216],[-84.36656950008233,33.71314329962365],[-84.36658859988393,33.713102599905085],[-84.36663789981918,33.713026199799344],[-84.36671089958833,33.712953500403785],[-84.36680049994305,33.71288850010427],[-84.36689270023788,33.71284070023819],[-84.36698839979476,33.71280039981866],[-84.36710539979435,33.712768599791104],[-84.3672047002367,33.712754100021755],[-84.36731839972435,33.71274749989726],[-84.36741779999141,33.71274840011864],[-84.36748819982051,33.71275779983267],[-84.36751150035542,33.71276089979574],[-84.36764350014738,33.7127860996988],[-84.36777509974104,33.712828199661715],[-84.3678720997176,33.71286719966156],[-84.36797019956504,33.71291370000728],[-84.36809729985049,33.71299060013615],[-84.36811739969818,33.71300559992852],[-84.36820800009906,33.713073100343365],[-84.36829780010333,33.713149899748146],[-84.36837480005693,33.71324219986769],[-84.36844369981685,33.71333249989499],[-84.3684985998305,33.71343440027738],[-84.3685299996597,33.71350380006038],[-84.36856129966424,33.713573199843324],[-84.36858520004688,33.7136794997092],[-84.36858489967335,33.713727699773585],[-84.36858479984858,33.71373999980119],[-84.36858410017607,33.713751899630495],[-84.36858040036515,33.713819499870056]]},"properties":{"overall":54,"safety":63,"sidewalk":100,"sidewalk_present":1,"canopy":0.0,"comfort":28.5,"name":"","road_type":"service","osm_id":146767467}},{"type":"Feature","geometry":{"type":"LineString","coordinates":[[-84.36850539960449,33.71374829964435],[-84.36831120000181,33.71368659985677],[-84.36797200000774,33.713578700097],[-84.36744330026806,33.713409800222166],[-84.36656950008233,33.71314329962365]]},"properties":{"overall":56,"safety":61,"sidewalk":100,"sidewalk_present":1,"canopy":5.9,"comfort":32.0,"name":"","road_type":"footway","osm_id":1388586250}},{"type":"Feature","geometry":{"type":"LineString","coordinates":[[-84.36658780038664,33.7073930002868],[-84.36670390016485,33.70728260041176],[-84.36680259986008,33.70719519979866],[-84.36692269982268,33.70713450005718],[-84.36793550012317,33.7067311001602],[-84.368068599786,33.706675700123526],[-84.36815870016386,33.70663999973624]]},"properties":{"overall":36,"safety":100,"sidewalk":0,"sidewalk_present":0,"canopy":9.3,"comfort":43.5,"name":"","road_type":"track","osm_id":1388426128}},{"type":"Feature","geometry":{"type":"LineString","coordinates":[[-84.3659850999324,33.71141429993003],[-84.36588320044933,33.71134630039148],[-84.365856399753,33.711226900101394],[-84.36584030008976,33.7108821998537],[-84.36574640007626,33.71021059963954],[-84.36569939970747,33.70991050036935],[-84.36571689961517,33.70983019990388],[-84.3657745002929,33.70974979961363],[-84.3658443002742,33.7096828999459],[-84.36591400043073,33.709639399738535],[-84.36603709963242,33.70959929986782],[-84.3662827998113,33.709530099734366],[-84.36644639998133,33.70944300039423],[-84.36652149966744,33.70935380023775],[-84.366571199801,33.70890080003193],[-84.36664890032642,33.708724600360085],[-84.36670659992961,33.708639799687035],[-84.36681930027044,33.70855609978423],[-84.36700589970246,33.70850090029637],[-84.36728330008418,33.70841890011218],[-84.36743889988526,33.708352000444506],[-84.36774460013316,33.7081690000993],[-84.36797800028444,33.70804179998913],[-84.36813889979038,33.708001700118416],[-84.3683400997158,33.70799269970337],[-84.36856000014387,33.7080195003997],[-84.36882559962169,33.70811539960607],[-84.37030610044616,33.70894099972742],[-84.37089649997347,33.709178599712686],[-84.3713039000549,33.70934260008096],[-84.37224810006973,33.70972640015327],[-84.37239559967713,33.70982230025902],[-84.37248140039628,33.70996960021694],[-84.37247599996738,33.7101190999166],[-84.37239289991237,33.71033779974971],[-84.37164190035338,33.71162069973553]]},"properties":{"overall":34,"safety":100,"sidewalk":0,"sidewalk_present":0,"canopy":1.6,"comfort":27.2,"name":"","road_type":"service","osm_id":562455562}},{"type":"Feature","geometry":{"type":"LineString","coordinates":[[-84.36649410002263,33.7101124997921],[-84.36663079967161,33.70996419978803],[-84.3666552999021,33.70980249988554],[-84.36664149980533,33.70956189976192],[-84.36662320040034,33.70935950014086],[-84.36670430036315,33.70904769979154],[-84.36690009985966,33.70869640031867],[-84.36697199975794,33.708595800355965],[-84.36700589970246,33.70850090029637]]},"properties":{"overall":34,"safety":100,"sidewalk":0,"sidewalk_present":0,"canopy":0.8,"comfort":22.9,"name":"","road_type":"service","osm_id":905487926}},{"type":"Feature","geometry":{"type":"LineString","coordinates":[[-84.36651529974125,33.71087020019962],[-84.36658249978251,33.7109954002176],[-84.36666469961614,33.71128370038252],[-84.36668530038628,33.711542699735844],[-84.36671169998493,33.71182129981321],[-84.36671329987882,33.71195369980347]]},"properties":{"overall":33,"safety":100,"sidewalk":0,"sidewalk_present":0,"canopy":0.0,"comfort":23.1,"name":"","road_type":"service","osm_id":841411178}},{"type":"Feature","geometry":{"type":"LineString","coordinates":[[-84.36689270023788,33.71284070023819],[-84.36686500021955,33.7127920999755],[-84.36686229955546,33.71274749989726],[-84.36686769998431,33.712682799971276],[-84.36688910025174,33.712606899888556],[-84.36692670000718,33.712508700216404],[-84.36694119977653,33.712459900304225],[-84.36694910032071,33.71242660020749],[-84.36694360006703,33.712375099631174],[-84.36691330010865,33.71229949992204],[-84.36680590037196,33.71211379981207],[-84.36671329987882,33.71195369980347],[-84.36661310011442,33.71178040044515],[-84.36652420033153,33.711626799837006],[-84.36650060032241,33.711585199897115],[-84.36649040021177,33.711551899800384],[-84.36648720042393,33.71151399967141],[-84.3664894999904,33.71146900029419],[-84.36649629976438,33.711305499948935],[-84.36650330008717,33.71113819996799],[-84.36651360002259,33.710893400010434],[-84.36651529974125,33.71087020019962],[-84.36654039981954,33.71053860037614],[-84.36654039981954,33.7104940002979],[-84.36653240034997,33.7104515999614],[-84.36652170021625,33.710402499675695],[-84.36650559965364,33.710328900058755],[-84.36649410002263,33.7101124997921],[-84.36647069966301,33.70967069974307]]},"properties":{"overall":33,"safety":100,"sidewalk":0,"sidewalk_present":0,"canopy":0.0,"comfort":23.8,"name":"","road_type":"service","osm_id":146767457}},{"type":"Feature","geometry":{"type":"LineString","coordinates":[[-84.36602939963706,33.711925200287794],[-84.36661810034502,33.71194530013554],[-84.36671329987882,33.71195369980347]]},"properties":{"overall":35,"safety":100,"sidewalk":0,"sidewalk_present":0,"canopy":4.5,"comfort":28.2,"name":"","road_type":"service","osm_id":562455552}},{"type":"Feature","geometry":{"type":"LineString","coordinates":[[-84.36630899976052,33.71209820017185],[-84.36680590037196,33.71211379981207]]},"properties":{"overall":36,"safety":100,"sidewalk":0,"sidewalk_present":0,"canopy":8.0,"comfort":29.4,"name":"","road_type":"service","osm_id":562455545}},{"type":"Feature","geometry":{"type":"LineString","coordinates":[[-84.36676700019689,33.712311799949646],[-84.36691330010865,33.71229949992204]]},"properties":{"overall":34,"safety":100,"sidewalk":0,"sidewalk_present":0,"canopy":2.8,"comfort":27.2,"name":"","road_type":"service","osm_id":562455542}},{"type":"Feature","geometry":{"type":"LineString","coordinates":[[-84.36630899976052,33.71209820017185],[-84.36676700019689,33.712311799949646]]},"properties":{"overall":37,"safety":100,"sidewalk":0,"sidewalk_present":0,"canopy":9.8,"comfort":31.0,"name":"","road_type":"service","osm_id":562455543}},{"type":"Feature","geometry":{"type":"LineString","coordinates":[[-84.36748819982051,33.71275779983267],[-84.36744819977457,33.71266709960702],[-84.36732890020852,33.71253430031777],[-84.36714110018158,33.712404899566536],[-84.36691330010865,33.71229949992204]]},"properties":{"overall":33,"safety":100,"sidewalk":0,"sidewalk_present":0,"canopy":0.0,"comfort":26.5,"name":"","road_type":"service","osm_id":562455555}},{"type":"Feature","geometry":{"type":"LineString","coordinates":[[-84.3664894999904,33.71146900029419],[-84.3660752003102,33.71145069998988]]},"properties":{"overall":33,"safety":100,"sidewalk":0,"sidewalk_present":0,"canopy":0.0,"comfort":24.0,"name":"","road_type":"service","osm_id":562455549}},{"type":"Feature","geometry":{"type":"LineString","coordinates":[[-84.36523539989378,33.71133510023475],[-84.36556129981409,33.7115933999155]]},"properties":{"overall":35,"safety":100,"sidewalk":0,"sidewalk_present":0,"canopy":3.7,"comfort":33.4,"name":"","road_type":"service","osm_id":562455564}},{"type":"Feature","geometry":{"type":"LineString","coordinates":[[-84.36610650031469,33.71112649978818],[-84.36609070012565,33.71128940028564],[-84.3660752003102,33.71145069998988],[-84.36606009979374,33.71160669998926],[-84.36604519982609,33.711760699896445],[-84.36602939963706,33.711925200287794]]},"properties":{"overall":34,"safety":100,"sidewalk":0,"sidewalk_present":0,"canopy":2.1,"comfort":27.1,"name":"","road_type":"service","osm_id":562455553}},{"type":"Feature","geometry":{"type":"LineString","coordinates":[[-84.36652420033153,33.711626799837006],[-84.36606009979374,33.71160669998926]]},"properties":{"overall":33,"safety":100,"sidewalk":0,"sidewalk_present":0,"canopy":0.0,"comfort":24.5,"name":"","road_type":"service","osm_id":562455550}},{"type":"Feature","geometry":{"type":"LineString","coordinates":[[-84.36661310011442,33.71178040044515],[-84.36604519982609,33.711760699896445]]},"properties":{"overall":34,"safety":100,"sidewalk":0,"sidewalk_present":0,"canopy":0.5,"comfort":26.0,"name":"","road_type":"service","osm_id":562455551}},{"type":"Feature","geometry":{"type":"LineString","coordinates":[[-84.36483169962321,33.711650800044424],[-84.36502490007905,33.71172999973976],[-84.36526490035482,33.71182370010371],[-84.36542720010516,33.71185719984993],[-84.36557070042744,33.71187059974841],[-84.36571019966595,33.711847200288105],[-84.3657905999562,33.71179140005313],[-84.36584159961012,33.711717699712096],[-84.36592340014477,33.71155930032148],[-84.36597170003387,33.71144550010979],[-84.3659850999324,33.71141429993003]]},"properties":{"overall":35,"safety":100,"sidewalk":0,"sidewalk_present":0,"canopy":4.8,"comfort":34.5,"name":"","road_type":"service","osm_id":562455563}},{"type":"Feature","geometry":{"type":"LineString","coordinates":[[-84.36602939963706,33.711925200287794],[-84.36601670031041,33.712042499761594]]},"properties":{"overall":37,"safety":100,"sidewalk":0,"sidewalk_present":0,"canopy":10.0,"comfort":32.3,"name":"","road_type":"service","osm_id":562455544}},{"type":"Feature","geometry":{"type":"LineString","coordinates":[[-84.36601670031041,33.712042499761594],[-84.36630899976052,33.71209820017185]]},"properties":{"overall":38,"safety":100,"sidewalk":0,"sidewalk_present":0,"canopy":13.9,"comfort":34.1,"name":"","road_type":"service","osm_id":562455546}},{"type":"Feature","geometry":{"type":"LineString","coordinates":[[-84.37483769970004,33.70801400014602],[-84.37476700039673,33.70808399977682],[-84.37472300016628,33.708128000007264],[-84.37461239974243,33.708261400043625],[-84.3745969997517,33.708279999822196],[-84.37451479991802,33.708391999591186],[-84.37444499993677,33.70848710019959],[-84.37422399963782,33.70878799986633],[-84.37410139955989,33.708966800377596],[-84.37408520007187,33.708994200022346],[-84.37405180015043,33.70905069992989],[-84.37399630028898,33.70916099998021],[-84.37392600028465,33.709315300260926],[-84.3738877997821,33.709419699859325],[-84.37387330001275,33.709463399716185],[-84.3738523997684,33.70952610044924],[-84.37382679966703,33.70961800037048],[-84.37380829971323,33.70970530025943],[-84.37378819986549,33.70984919988069],[-84.37377680005926,33.709930299843506],[-84.37377139963036,33.709969700041654],[-84.3737626995889,33.71006889975996],[-84.37376140006853,33.710098199672245]]},"properties":{"overall":67,"safety":92,"sidewalk":100,"sidewalk_present":1,"canopy":9.3,"comfort":33.6,"name":"Sawtell Avenue Southeast","road_type":"tertiary","osm_id":1394587605}},{"type":"Feature","geometry":{"type":"LineString","coordinates":[[-84.37421769988691,33.70957739957737],[-84.37423080031112,33.709543499632844],[-84.37419240015907,33.70950789996965],[-84.37410250033008,33.70947230030646],[-84.37421430044958,33.70919559959731]]},"properties":{"overall":33,"safety":99,"sidewalk":0,"sidewalk_present":0,"canopy":0.0,"comfort":27.8,"name":"","road_type":"service","osm_id":712213463}},{"type":"Feature","geometry":{"type":"LineString","coordinates":[[-84.37384350007744,33.71009780037326],[-84.3738358999068,33.71058840033447]]},"properties":{"overall":68,"safety":94,"sidewalk":100,"sidewalk_present":1,"canopy":9.1,"comfort":35.1,"name":"","road_type":"footway","osm_id":1394587602}},{"type":"Feature","geometry":{"type":"LineString","coordinates":[[-84.373828899584,33.71297799973496],[-84.37383510040951,33.71209069982598],[-84.3738358999068,33.71058840033447]]},"properties":{"overall":67,"safety":99,"sidewalk":100,"sidewalk_present":1,"canopy":2.7,"comfort":30.5,"name":"","road_type":"footway","osm_id":1394587601}},{"type":"Feature","geometry":{"type":"LineString","coordinates":[[-84.37684809995983,33.71590599986206],[-84.37647049981365,33.71567089999212],[-84.37544240024653,33.71503099998074],[-84.3746030000284,33.714510400434676],[-84.37387559957921,33.71403649998456],[-84.3737763998609,33.71397919968035],[-84.37378690034512,33.71324210004292],[-84.37382540032195,33.71320040027831],[-84.373828899584,33.71297799973496]]},"properties":{"overall":62,"safety":85,"sidewalk":100,"sidewalk_present":1,"canopy":1.3,"comfort":26.3,"name":"","road_type":"footway","osm_id":1278997672}},{"type":"Feature","geometry":{"type":"LineString","coordinates":[[-84.37379570021136,33.714152499937995],[-84.3737870001699,33.71406129968926],[-84.3737763998609,33.71397919968035]]},"properties":{"overall":52,"safety":56,"sidewalk":100,"sidewalk_present":1,"canopy":0.0,"comfort":24.9,"name":"","road_type":"footway","osm_id":1389974649}},{"type":"Feature","geometry":{"type":"LineString","coordinates":[[-84.37404040034414,33.71422020000227],[-84.3740298000352,33.71429090020496],[-84.37402129964323,33.71434719956363]]},"properties":{"overall":66,"safety":98,"sidewalk":100,"sidewalk_present":1,"canopy":0.0,"comfort":24.8,"name":"","road_type":"service","osm_id":816840984}},{"type":"Feature","geometry":{"type":"LineString","coordinates":[[-84.37402129964323,33.71434719956363],[-84.37407600000734,33.714453600153604],[-84.37432380010324,33.7145797003929],[-84.37439240038896,33.71451279982591],[-84.37443839981228,33.71446800009818]]},"properties":{"overall":66,"safety":95,"sidewalk":100,"sidewalk_present":1,"canopy":1.9,"comfort":26.2,"name":"","road_type":"service","osm_id":816840985}},{"type":"Feature","geometry":{"type":"LineString","coordinates":[[-84.37494489978724,33.71478329970955],[-84.37489530037777,33.71482749958949],[-84.37452309976123,33.71524359971238]]},"properties":{"overall":69,"safety":93,"sidewalk":100,"sidewalk_present":1,"canopy":12.6,"comfort":33.7,"name":"","road_type":"service","osm_id":1453312065}},{"type":"Feature","geometry":{"type":"LineString","coordinates":[[-84.3754680003479,33.715190500141546],[-84.37506050044169,33.71565230021355],[-84.37503280042336,33.715695400222614],[-84.37501629966243,33.71571779963682],[-84.3749811001976,33.71576770031919],[-84.37486760035944,33.7159276996037],[-84.37470009982968,33.71616409989332],[-84.37455119997787,33.71636350027535]]},"properties":{"overall":63,"safety":69,"sidewalk":100,"sidewalk_present":1,"canopy":19.0,"comfort":43.8,"name":"","road_type":"footway","osm_id":1385998812}},{"type":"Feature","geometry":{"type":"LineString","coordinates":[[-84.37150579965288,33.71268239977297],[-84.3713198000687,33.71267049994367]]},"properties":{"overall":33,"safety":100,"sidewalk":0,"sidewalk_present":0,"canopy":0.0,"comfort":28.6,"name":"","road_type":"service","osm_id":562456178}},{"type":"Feature","geometry":{"type":"LineString","coordinates":[[-84.37145990005433,33.71317959985868],[-84.37150579965288,33.71268239977297]]},"properties":{"overall":37,"safety":100,"sidewalk":0,"sidewalk_present":0,"canopy":9.6,"comfort":33.4,"name":"","road_type":"service","osm_id":562456179}},{"type":"Feature","geometry":{"type":"LineString","coordinates":[[-84.37244650040566,33.71276299971271],[-84.37230040014333,33.71283560018287],[-84.3719664000293,33.71308429960078],[-84.37180680004377,33.713163500195435],[-84.37157880032134,33.71317690009391],[-84.37145990005433,33.71317959985868],[-84.37127229967683,33.713184500264504],[-84.37096189957197,33.71319139986326]]},"properties":{"overall":40,"safety":100,"sidewalk":0,"sidewalk_present":0,"canopy":18.5,"comfort":39.7,"name":"","road_type":"service","osm_id":562456180}},{"type":"Feature","geometry":{"type":"LineString","coordinates":[[-84.3713198000687,33.71267049994367],[-84.37127229967683,33.713184500264504]]},"properties":{"overall":37,"safety":100,"sidewalk":0,"sidewalk_present":0,"canopy":9.8,"comfort":32.8,"name":"","road_type":"service","osm_id":562456177}},{"type":"Feature","geometry":{"type":"LineString","coordinates":[[-84.37236700033674,33.71384099996226],[-84.37203729988147,33.7138405997639],[-84.37157499978639,33.713839999916104],[-84.37090939984887,33.713839099694724],[-84.37005399979222,33.71383799982391],[-84.36933609978115,33.71383940006831]]},"properties":{"overall":33,"safety":94,"sidewalk":0,"sidewalk_present":0,"canopy":4.5,"comfort":34.0,"name":"McDonough Boulevard Southeast","road_type":"secondary","osm_id":1380610783}},{"type":"Feature","geometry":{"type":"LineString","coordinates":[[-84.37088860032861,33.71414599963822],[-84.3708954001026,33.71406019981839],[-84.37090510019016,33.71390719995736],[-84.37090939984887,33.713839099694724]]},"properties":{"overall":67,"safety":96,"sidewalk":100,"sidewalk_present":1,"canopy":5.0,"comfort":36.4,"name":"","road_type":"service","osm_id":841140618}},{"type":"Feature","geometry":{"type":"LineString","coordinates":[[-84.37149580009105,33.71390910022484],[-84.37095199983492,33.71390739960685],[-84.37090510019016,33.71390719995736],[-84.37069220008493,33.71390650028479]]},"properties":{"overall":68,"safety":98,"sidewalk":100,"sidewalk_present":1,"canopy":5.8,"comfort":36.1,"name":"","road_type":"footway","osm_id":1388449982}},{"type":"Feature","geometry":{"type":"LineString","coordinates":[[-84.37185989961466,33.71391120014181],[-84.37157449976331,33.71390950042314],[-84.37149580009105,33.71390910022484]]},"properties":{"overall":69,"safety":100,"sidewalk":100,"sidewalk_present":1,"canopy":7.1,"comfort":36.8,"name":"","road_type":"footway","osm_id":1388449981}},{"type":"Feature","geometry":{"type":"LineString","coordinates":[[-84.37157499978639,33.713839999916104],[-84.37157449976331,33.71390950042314],[-84.3715743999386,33.71392770000341]]},"properties":{"overall":69,"safety":100,"sidewalk":100,"sidewalk_present":1,"canopy":8.0,"comfort":37.2,"name":"","road_type":"service","osm_id":562455577}},{"type":"Feature","geometry":{"type":"LineString","coordinates":[[-84.3715743999386,33.71392770000341],[-84.37157099960189,33.71439960036133]]},"properties":{"overall":76,"safety":100,"sidewalk":100,"sidewalk_present":1,"canopy":29.0,"comfort":45.7,"name":"","road_type":"service","osm_id":562455576}},{"type":"Feature","geometry":{"type":"LineString","coordinates":[[-84.37157099960189,33.71439960036133],[-84.37178000024676,33.71441629987237]]},"properties":{"overall":49,"safety":95,"sidewalk":0,"sidewalk_present":0,"canopy":52.3,"comfort":54.7,"name":"","road_type":"service","osm_id":562455575}},{"type":"Feature","geometry":{"type":"LineString","coordinates":[[-84.37202950006133,33.71445090038878],[-84.37189469978051,33.71444869974772],[-84.37184530002054,33.71436289992795]]},"properties":{"overall":47,"safety":95,"sidewalk":0,"sidewalk_present":0,"canopy":47.1,"comfort":52.6,"name":"","road_type":"service","osm_id":562455569}},{"type":"Feature","geometry":{"type":"LineString","coordinates":[[-84.37223329992679,33.714290800380184],[-84.37202950006133,33.71445090038878]]},"properties":{"overall":45,"safety":97,"sidewalk":0,"sidewalk_present":0,"canopy":38.3,"comfort":48.1,"name":"","road_type":"service","osm_id":562455570}},{"type":"Feature","geometry":{"type":"LineString","coordinates":[[-84.37231330001873,33.71855799985184],[-84.37232440035075,33.717685900284096],[-84.3723260002447,33.71755999969429],[-84.37233999999097,33.716327000390834],[-84.37235299969115,33.715091000049654],[-84.37236000001394,33.71446909996905],[-84.3723624003045,33.71425200002983],[-84.37236519989403,33.71400019974948],[-84.37236619994013,33.713910799943505],[-84.37236700033674,33.71384099996226]]},"properties":{"overall":78,"safety":92,"sidewalk":100,"sidewalk_present":1,"canopy":41.6,"comfort":57.7,"name":"Gault Street Southeast","road_type":"residential","osm_id":9248773}},{"type":"Feature","geometry":{"type":"LineString","coordinates":[[-84.37203820010279,33.71509019965305],[-84.37204280013509,33.714780199746485],[-84.37204520042565,33.71461320013913]]},"properties":{"overall":49,"safety":96,"sidewalk":0,"sidewalk_present":0,"canopy":50.7,"comfort":58.7,"name":"Obie Avenue Southeast","road_type":"residential","osm_id":1375322710}},{"type":"Feature","geometry":{"type":"LineString","coordinates":[[-84.37322939981692,33.714890399972035],[-84.37271779978659,33.71487850014273]]},"properties":{"overall":48,"safety":100,"sidewalk":0,"sidewalk_present":0,"canopy":43.9,"comfort":47.7,"name":"","road_type":"service","osm_id":1471864766}},{"type":"Feature","geometry":{"type":"LineString","coordinates":[[-84.37357429971411,33.71541360035741],[-84.37273829983263,33.71540269967488]]},"properties":{"overall":49,"safety":100,"sidewalk":0,"sidewalk_present":0,"canopy":47.6,"comfort":52.0,"name":"","road_type":"service","osm_id":1471864768}},{"type":"Feature","geometry":{"type":"LineString","coordinates":[[-84.37358309958034,33.71571810001035],[-84.37273080038608,33.71570720022714]]},"properties":{"overall":33,"safety":100,"sidewalk":0,"sidewalk_present":0,"canopy":0.0,"comfort":0.0,"name":"","road_type":"service","osm_id":1471864767}},{"type":"Feature","geometry":{"type":"LineString","coordinates":[[-84.37359910031819,33.714172499960966],[-84.37356430015228,33.71437500030606],[-84.37355929992174,33.71489879963997],[-84.37357429971411,33.71541360035741],[-84.37358309958034,33.71571810001035],[-84.37359159997231,33.71601069983399],[-84.37272339986498,33.71600709984784],[-84.37273080038608,33.71570720022714],[-84.37273829983263,33.71540269967488],[-84.37274360043676,33.71518699998012],[-84.37271910020627,33.71506139976384],[-84.37271779978659,33.71487850014273],[-84.37271340030316,33.71425800030653],[-84.3723624003045,33.71425200002983]]},"properties":{"overall":41,"safety":84,"sidewalk":0,"sidewalk_present":0,"canopy":38.9,"comfort":48.5,"name":"","road_type":"service","osm_id":1471864763}},{"type":"Feature","geometry":{"type":"LineString","coordinates":[[-84.37229199957608,33.721946999654335],[-84.37229179992659,33.72187580032795],[-84.37241199971396,33.72104229966243],[-84.37240259999993,33.72093849991188],[-84.37238629978788,33.72075849970503],[-84.37228760009265,33.72040510031519],[-84.37221680006525,33.72008209980913],[-84.3720022002413,33.72011599975366],[-84.37174040039912,33.720230200163655],[-84.37141639984696,33.72038010006162],[-84.37116039973262,33.72044610040729]]},"properties":{"overall":86,"safety":100,"sidewalk":100,"sidewalk_present":1,"canopy":58.2,"comfort":62.1,"name":"","road_type":"residential","osm_id":1476363713}},{"type":"Feature","geometry":{"type":"LineString","coordinates":[[-84.3735500998572,33.713865900391056],[-84.37352520032772,33.71393160036314],[-84.37347939965451,33.714059400321105]]},"properties":{"overall":53,"safety":58,"sidewalk":100,"sidewalk_present":1,"canopy":0.0,"comfort":27.0,"name":"","road_type":"footway","osm_id":1389974650}},{"type":"Feature","geometry":{"type":"LineString","coordinates":[[-84.37367500040091,33.71399259957889],[-84.37358540004612,33.713956099694315],[-84.37352520032772,33.71393160036314],[-84.37342799980229,33.71389199961612],[-84.37338329989933,33.71388350012347]]},"properties":{"overall":23,"safety":66,"sidewalk":0,"sidewalk_present":0,"canopy":2.9,"comfort":27.8,"name":"McDonough Boulevard Southeast","road_type":"secondary","osm_id":1380610784}},{"type":"Feature","geometry":{"type":"LineString","coordinates":[[-84.3754680003479,33.715190500141546],[-84.37489530037777,33.71482749958949],[-84.37468460001423,33.714693999728354],[-84.37439240038896,33.71451279982591],[-84.3740298000352,33.71429090020496],[-84.37384750026189,33.714175799573525],[-84.37382149996222,33.714163100246935],[-84.37379570021136,33.714152499937995],[-84.37375720023459,33.71413659992419],[-84.37369610029475,33.71411800014562],[-84.37359450028595,33.71409419958769],[-84.37347939965451,33.714059400321105],[-84.37335049982568,33.7140236001091],[-84.37320889977087,33.71398379971265],[-84.37312839965585,33.713969899791095],[-84.37303339977154,33.713959099832664],[-84.37263199996681,33.71395170021083]]},"properties":{"overall":56,"safety":67,"sidewalk":100,"sidewalk_present":1,"canopy":0.0,"comfort":27.0,"name":"","road_type":"footway","osm_id":1385750347}},{"type":"Feature","geometry":{"type":"LineString","coordinates":[[-84.37358540004612,33.713956099694315],[-84.37359450028595,33.71409419958769],[-84.37359910031819,33.714172499960966],[-84.37369610029475,33.71411800014562],[-84.3737870001699,33.71406129968926]]},"properties":{"overall":52,"safety":57,"sidewalk":100,"sidewalk_present":1,"canopy":0.0,"comfort":26.0,"name":"","road_type":"service","osm_id":1471864762}},{"type":"Feature","geometry":{"type":"LineString","coordinates":[[-84.37271340030316,33.71425800030653],[-84.3731259004399,33.714255600015974],[-84.37319919968326,33.71426749984528],[-84.37323440004747,33.714277899605406],[-84.37356430015228,33.71437500030606],[-84.37366780042862,33.71442530028742],[-84.37413640027461,33.714713499728305]]},"properties":{"overall":35,"safety":98,"sidewalk":0,"sidewalk_present":0,"canopy":7.7,"comfort":30.1,"name":"","road_type":"service","osm_id":1471864764}},{"type":"Feature","geometry":{"type":"LineString","coordinates":[[-84.37323440004747,33.714277899605406],[-84.37322650040261,33.714353600038635],[-84.37322939981692,33.714890399972035],[-84.37355929992174,33.71489879963997]]},"properties":{"overall":41,"safety":100,"sidewalk":0,"sidewalk_present":0,"canopy":23.6,"comfort":38.2,"name":"","road_type":"service","osm_id":1471864765}},{"type":"Feature","geometry":{"type":"LineString","coordinates":[[-84.37463510042949,33.71743900040957],[-84.37459720030051,33.717312599796685],[-84.37448020030098,33.71732560039618],[-84.37436259955427,33.7174884001696],[-84.37428880028784,33.717520499671366],[-84.37420260026977,33.71748790014652],[-84.37408010001656,33.71739500017918],[-84.3739948002198,33.717423700243614],[-84.37387289981444,33.717526699597556],[-84.37357750040127,33.71756649999401],[-84.37348139974677,33.71761539973096],[-84.37344129987605,33.71777289979951],[-84.37328079966915,33.717780900168464],[-84.37321590009367,33.71785740009898],[-84.37313620037531,33.71789139986828],[-84.3729245997904,33.717821800435786],[-84.37273460002172,33.71772390023784],[-84.37259280031742,33.71768140007663],[-84.37232440035075,33.717685900284096]]},"properties":{"overall":33,"safety":100,"sidewalk":0,"sidewalk_present":0,"canopy":0.0,"comfort":0.0,"name":"","road_type":"path","osm_id":1210764332}},{"type":"Feature","geometry":{"type":"LineString","coordinates":[[-84.3748534000643,33.71894969956901],[-84.37485499995825,33.71899700031139],[-84.37485879959388,33.719109400278626],[-84.37484830000898,33.719270399609286],[-84.37484210008279,33.71941480015295],[-84.3747811997925,33.71958639979255],[-84.37468230044777,33.719761499593574],[-84.3745157001394,33.719876000377155],[-84.37428539995119,33.71993589972203],[-84.37411369958755,33.71991679992044],[-84.37393539999869,33.71985319986533],[-84.37376059967193,33.71966980022114],[-84.37359519995846,33.71968079982912],[-84.37349030033704,33.71934619986729],[-84.37359729987543,33.7190336998454],[-84.37362080005983,33.718915500150274],[-84.37356409960347,33.71877940034909],[-84.3734438998161,33.718655800225065],[-84.37341070044346,33.718560400142394],[-84.37347939965451,33.718380499760315],[-84.37349169968218,33.71824389993611],[-84.37355379966806,33.71822149962259],[-84.37366890029949,33.7182460996778],[-84.37384740043717,33.71833119982506],[-84.37397339995243,33.71845100031345],[-84.37424499970695,33.71859780024835]]},"properties":{"overall":90,"safety":96,"sidewalk":100,"sidewalk_present":1,"canopy":74.5,"comfort":79.1,"name":"","road_type":"path","osm_id":740409414}},{"type":"Feature","geometry":{"type":"LineString","coordinates":[[-84.37221680006525,33.72008209980913],[-84.37241830036425,33.72005899982304],[-84.37274859976804,33.72005489981382],[-84.37318479973868,33.72013279998879],[-84.37373129975964,33.72019819958729],[-84.37378380038206,33.72020450023757],[-84.37424470023268,33.720235300218974],[-84.37473280007862,33.720212700255956],[-84.37505800032642,33.72018500023762]]},"properties":{"overall":59,"safety":100,"sidewalk":0,"sidewalk_present":0,"canopy":76.7,"comfort":79.1,"name":"","road_type":"residential","osm_id":1476363714}},{"type":"Feature","geometry":{"type":"LineString","coordinates":[[-84.37373129975964,33.72019819958729],[-84.37370230022094,33.72095780026234]]},"properties":{"overall":56,"safety":100,"sidewalk":0,"sidewalk_present":0,"canopy":69.1,"comfort":75.2,"name":"","road_type":"residential","osm_id":1476363715}},{"type":"Feature","geometry":{"type":"LineString","coordinates":[[-84.37597870015685,33.71695890003326],[-84.37516270029835,33.71644760037651],[-84.37479680033204,33.716212499607195],[-84.3748817997552,33.71609039955234],[-84.37494160017468,33.716000200249084],[-84.37518490006306,33.71569600007041]]},"properties":{"overall":76,"safety":99,"sidewalk":100,"sidewalk_present":1,"canopy":29.6,"comfort":55.8,"name":"","road_type":"footway","osm_id":1386017289}},{"type":"Feature","geometry":{"type":"LineString","coordinates":[[-84.37447060003814,33.716642100352715],[-84.37457799977483,33.71640500039052],[-84.37470000000496,33.716229000368116],[-84.37473520036917,33.71618169962579],[-84.37513269981423,33.715647100333456],[-84.37550770002031,33.71521429980015],[-84.37555299977106,33.71516199972655]]},"properties":{"overall":73,"safety":95,"sidewalk":100,"sidewalk_present":1,"canopy":24.3,"comfort":47.0,"name":"Eric Street Southeast","road_type":"residential","osm_id":740409415}},{"type":"Feature","geometry":{"type":"LineString","coordinates":[[-84.37479680033204,33.716212499607195],[-84.37473520036917,33.71618169962579],[-84.37470009982968,33.71616409989332]]},"properties":{"overall":64,"safety":91,"sidewalk":100,"sidewalk_present":1,"canopy":0.0,"comfort":0.0,"name":"","road_type":"footway","osm_id":1390899839}},{"type":"Feature","geometry":{"type":"LineString","coordinates":[[-84.3748574002488,33.718424400165986],[-84.37476589962654,33.71834239998185],[-84.37472140027239,33.71823669996377],[-84.37449350037468,33.718147499807344],[-84.37438599991395,33.71806839993678],[-84.37436769960959,33.71798289959122],[-84.37456459987635,33.71754080006792],[-84.37463510042949,33.71743900040957],[-84.37467869956231,33.71737600020231],[-84.37471630021702,33.71716650043368],[-84.3746917001618,33.71711490003264],[-84.37449889990427,33.71700109982095],[-84.37446630037942,33.71693050034236],[-84.37448009957689,33.716829299632536],[-84.37447060003814,33.716642100352715]]},"properties":{"overall":33,"safety":98,"sidewalk":0,"sidewalk_present":0,"canopy":0.0,"comfort":0.0,"name":"Eric Street Southeast","road_type":"path","osm_id":9270170}},{"type":"Feature","geometry":{"type":"LineString","coordinates":[[-84.37489109964451,33.71821229955805],[-84.37488510026714,33.71825019968702],[-84.3748574002488,33.718424400165986],[-84.37485309969077,33.71856099999019]]},"properties":{"overall":65,"safety":96,"sidewalk":100,"sidewalk_present":1,"canopy":0.0,"comfort":0.0,"name":"","road_type":"footway","osm_id":861137381}},{"type":"Feature","geometry":{"type":"LineString","coordinates":[[-84.37468390034167,33.718606100091506],[-84.3744487995724,33.71860219973178],[-84.37424499970695,33.71859780024835],[-84.37414649966121,33.71859570033138],[-84.37411469963365,33.718616700400446]]},"properties":{"overall":67,"safety":100,"sidewalk":100,"sidewalk_present":1,"canopy":0.0,"comfort":0.0,"name":"","road_type":"footway","osm_id":861137385}},{"type":"Feature","geometry":{"type":"LineString","coordinates":[[-84.37477619956195,33.71881140002614],[-84.37477759980635,33.71864920010057]]},"properties":{"overall":33,"safety":100,"sidewalk":0,"sidewalk_present":0,"canopy":0.0,"comfort":0.0,"name":"","road_type":"service","osm_id":861137386}},{"type":"Feature","geometry":{"type":"LineString","coordinates":[[-84.37488510026714,33.71825019968702],[-84.37493790036376,33.71824199966858],[-84.37509669995268,33.718206400005386],[-84.3752253003073,33.71814210027776],[-84.37529780005337,33.718080299766086],[-84.37532800018704,33.718041699964544],[-84.37543299963318,33.71789599990052],[-84.3759982001568,33.71711859984356],[-84.37713209956672,33.71781020008075],[-84.37666260039867,33.718630999620984],[-84.37664899995133,33.718756300363],[-84.37664120013125,33.71894410038999],[-84.37490410024401,33.718898899564635],[-84.37484980007815,33.71885669977695],[-84.37485309969077,33.71856099999019],[-84.37477520041512,33.718561500013266],[-84.37475110038292,33.71860719996238],[-84.37468390034167,33.718606100091506],[-84.37468050000501,33.71883009962943],[-84.37473849998173,33.71882939995692],[-84.37474879991714,33.718844200099795],[-84.37475349977416,33.71889519975372],[-84.37477430019374,33.71893309988269],[-84.37484110003669,33.718986800200696],[-84.37485499995825,33.71899700031139],[-84.37489950021171,33.719006800223724]]},"properties":{"overall":80,"safety":98,"sidewalk":100,"sidewalk_present":1,"canopy":42.7,"comfort":64.0,"name":"","road_type":"footway","osm_id":861137384}},{"type":"Feature","geometry":{"type":"LineString","coordinates":[[-84.37491380033157,33.71895359992874],[-84.3748534000643,33.71894969956901],[-84.37478939981094,33.71890429999348],[-84.37477619956195,33.71881140002614]]},"properties":{"overall":65,"safety":96,"sidewalk":100,"sidewalk_present":1,"canopy":0.0,"comfort":0.0,"name":"","road_type":"service","osm_id":740409406}},{"type":"Feature","geometry":{"type":"LineString","coordinates":[[-84.3744553996969,33.71825159993142],[-84.3744487995724,33.71860219973178],[-84.37444409971539,33.718715400095675],[-84.3748165998062,33.719413700282075],[-84.37474410006013,33.71959709992626],[-84.37460140013445,33.71973920000414],[-84.37427510001584,33.719840299989926]]},"properties":{"overall":33,"safety":100,"sidewalk":0,"sidewalk_present":0,"canopy":0.0,"comfort":0.0,"name":"","road_type":"footway","osm_id":861137382}},{"type":"Feature","geometry":{"type":"LineString","coordinates":[[-84.37368259967218,33.721964499562034],[-84.37368309969526,33.721894999954316],[-84.37370230022094,33.72095780026234]]},"properties":{"overall":79,"safety":99,"sidewalk":100,"sidewalk_present":1,"canopy":38.1,"comfort":52.0,"name":"","road_type":"residential","osm_id":1476363716}},{"type":"Feature","geometry":{"type":"LineString","coordinates":[[-84.3760342000183,33.72192749965444],[-84.37539050037128,33.72191859996349],[-84.37368309969526,33.721894999954316],[-84.37229179992659,33.72187580032795],[-84.37090570003801,33.72185669962704]]},"properties":{"overall":73,"safety":99,"sidewalk":100,"sidewalk_present":1,"canopy":19.3,"comfort":41.1,"name":"","road_type":"footway","osm_id":808224085}},{"type":"Feature","geometry":{"type":"LineString","coordinates":[[-84.37352199964056,33.72196250036916],[-84.37351719995877,33.72205309987072],[-84.37350770042002,33.72222859987005],[-84.37344739997747,33.72334710018856],[-84.37341209978854,33.72400059974791]]},"properties":{"overall":35,"safety":100,"sidewalk":0,"sidewalk_present":0,"canopy":4.6,"comfort":28.3,"name":"","road_type":"service","osm_id":562935092}},{"type":"Feature","geometry":{"type":"LineString","coordinates":[[-84.37344739997747,33.72334710018856],[-84.37309029987739,33.72334250015632]]},"properties":{"overall":33,"safety":100,"sidewalk":0,"sidewalk_present":0,"canopy":0.0,"comfort":25.1,"name":"","road_type":"service","osm_id":562935091}},{"type":"Feature","geometry":{"type":"LineString","coordinates":[[-84.37370230022094,33.72095780026234],[-84.37240259999993,33.72093849991188]]},"properties":{"overall":53,"safety":100,"sidewalk":0,"sidewalk_present":0,"canopy":60.2,"comfort":66.7,"name":"","road_type":"residential","osm_id":1476363718}},{"type":"Feature","geometry":{"type":"LineString","coordinates":[[-84.36910910010482,33.72198549963116],[-84.36997969960339,33.72199359982483],[-84.37178400043126,33.72201040005996],[-84.37233449973735,33.72201559994005]]},"properties":{"overall":71,"safety":99,"sidewalk":100,"sidewalk_present":1,"canopy":14.4,"comfort":41.2,"name":"","road_type":"footway","osm_id":665460288}},{"type":"Feature","geometry":{"type":"LineString","coordinates":[[-84.37351719995877,33.72205309987072],[-84.37325659981218,33.72213779981968],[-84.37279760022903,33.72215589957517],[-84.37275579974033,33.72222349981473],[-84.372763899934,33.722245099731595],[-84.37300590030202,33.722239499653256],[-84.37329249984896,33.72222950009143],[-84.37350770042002,33.72222859987005]]},"properties":{"overall":36,"safety":100,"sidewalk":0,"sidewalk_present":0,"canopy":8.8,"comfort":32.0,"name":"","road_type":"service","osm_id":562935090}},{"type":"Feature","geometry":{"type":"LineString","coordinates":[[-84.372763899934,33.722245099731595],[-84.37268170010032,33.72227450036797],[-84.37265600017423,33.72230819976369],[-84.3726500997223,33.722373799911],[-84.37261850024356,33.722998299931646],[-84.37261659997608,33.72305079965474],[-84.37263330038644,33.72312719976054],[-84.37276649987405,33.72321010016606],[-84.37299639986395,33.72329289984748],[-84.37309029987739,33.72334250015632]]},"properties":{"overall":34,"safety":100,"sidewalk":0,"sidewalk_present":0,"canopy":1.0,"comfort":27.7,"name":"","road_type":"service","osm_id":917254708}},{"type":"Feature","geometry":{"type":"LineString","coordinates":[[-84.36862110008366,33.71718510021225],[-84.36862620013898,33.71746809977304],[-84.36860989992692,33.718058500199675]]},"properties":{"overall":63,"safety":77,"sidewalk":100,"sidewalk_present":1,"canopy":12.7,"comfort":36.6,"name":"","road_type":"footway","osm_id":1388456874}},{"type":"Feature","geometry":{"type":"LineString","coordinates":[[-84.36987610040165,33.71819429962727],[-84.36893350028078,33.71819090018994],[-84.36887839971831,33.71815669987183],[-84.36886840015649,33.71808160018577],[-84.368870699723,33.71786839970696],[-84.3688785004424,33.717126299838924]]},"properties":{"overall":40,"safety":100,"sidewalk":0,"sidewalk_present":0,"canopy":19.1,"comfort":37.9,"name":"Cozy Circle Southeast","road_type":"service","osm_id":1208746356}},{"type":"Feature","geometry":{"type":"LineString","coordinates":[[-84.36860989992692,33.718058500199675],[-84.36863600005131,33.718355000382985]]},"properties":{"overall":69,"safety":95,"sidewalk":100,"sidewalk_present":1,"canopy":12.6,"comfort":36.5,"name":"","road_type":"footway","osm_id":1388456876}},{"type":"Feature","geometry":{"type":"LineString","coordinates":[[-84.368453700278,33.718386699686505],[-84.3685291003377,33.71838449994476],[-84.36863330028655,33.71840960002305]]},"properties":{"overall":69,"safety":94,"sidewalk":100,"sidewalk_present":1,"canopy":12.4,"comfort":35.8,"name":"","road_type":"footway","osm_id":761284707}},{"type":"Feature","geometry":{"type":"LineString","coordinates":[[-84.36863149984379,33.71845239965859],[-84.36863330028655,33.71840960002305],[-84.36863359976076,33.71838919980178],[-84.36863600005131,33.718355000382985]]},"properties":{"overall":70,"safety":94,"sidewalk":100,"sidewalk_present":1,"canopy":14.5,"comfort":36.2,"name":"","road_type":"footway","osm_id":1388464848}},{"type":"Feature","geometry":{"type":"LineString","coordinates":[[-84.36848000005193,33.72189900013882],[-84.36848119974752,33.72181420036509],[-84.36848899956766,33.72126870039028],[-84.36849080001036,33.72114169992955],[-84.36849969970132,33.720512599876656],[-84.36850589962751,33.720070399629265],[-84.3685070003977,33.71999599961572],[-84.36852200019013,33.71889950031175],[-84.36852820011632,33.71845289968161],[-84.3685291003377,33.71838449994476],[-84.3685299996597,33.71829600036017],[-84.36853380019471,33.718016400236706],[-84.36853549991338,33.71788679983598],[-84.36853979957203,33.71756990033066],[-84.36854310008397,33.71732859963521],[-84.36854500035145,33.71718500038753],[-84.3685470004437,33.717109999626814]]},"properties":{"overall":66,"safety":72,"sidewalk":100,"sidewalk_present":1,"canopy":25.3,"comfort":43.6,"name":"Boulevard Southeast","road_type":"secondary","osm_id":629305939}},{"type":"Feature","geometry":{"type":"LineString","coordinates":[[-84.36986459987133,33.718533700170155],[-84.36987610040165,33.71819429962727],[-84.36987710044781,33.7178733999375],[-84.36988350002349,33.71743710014209]]},"properties":{"overall":40,"safety":100,"sidewalk":0,"sidewalk_present":0,"canopy":21.3,"comfort":39.2,"name":"Cozy Court Southeast","road_type":"service","osm_id":1208746355}},{"type":"Feature","geometry":{"type":"LineString","coordinates":[[-84.37016400036828,33.71853199955217],[-84.37014069983337,33.71848390021188]]},"properties":{"overall":76,"safety":100,"sidewalk":100,"sidewalk_present":1,"canopy":27.8,"comfort":43.7,"name":"","road_type":"footway","osm_id":1388561805}},{"type":"Feature","geometry":{"type":"LineString","coordinates":[[-84.3685291003377,33.71838449994476],[-84.36863359976076,33.71838919980178],[-84.36904919986063,33.71840769975557],[-84.36951900030158,33.718494100322516],[-84.36975930005161,33.718533700170155],[-84.36983949979304,33.718533700170155],[-84.36986459987133,33.718533700170155],[-84.3699195997097,33.718533700170155],[-84.37008839975982,33.71850850026715],[-84.37014069983337,33.71848390021188],[-84.37021380032661,33.718449500244276]]},"properties":{"overall":73,"safety":98,"sidewalk":100,"sidewalk_present":1,"canopy":19.6,"comfort":38.9,"name":"Warmbreeze Road Southeast","road_type":"residential","osm_id":1152848382}},{"type":"Feature","geometry":{"type":"LineString","coordinates":[[-84.37017020029447,33.71854140016552],[-84.37007809982441,33.71856319973193],[-84.36995930028144,33.71858159986101],[-84.36983270001906,33.718590700100776],[-84.36981210014824,33.718593499690314]]},"properties":{"overall":74,"safety":95,"sidewalk":100,"sidewalk_present":1,"canopy":27.5,"comfort":43.6,"name":"","road_type":"footway","osm_id":1388561806}},{"type":"Feature","geometry":{"type":"LineString","coordinates":[[-84.37053000015936,33.71935339983958],[-84.37045789971228,33.71935380003788],[-84.37029790042772,33.719354800084034],[-84.37026560037714,33.71937170014388],[-84.37024689987447,33.71940279959955],[-84.37024859959314,33.71989999968531],[-84.3703690997541,33.72036160010782],[-84.37037939968951,33.72040139960495]]},"properties":{"overall":82,"safety":100,"sidewalk":100,"sidewalk_present":1,"canopy":46.1,"comfort":50.1,"name":"Zucchini Circle Southeast","road_type":"service","osm_id":1208746351}},{"type":"Feature","geometry":{"type":"LineString","coordinates":[[-84.3705710002514,33.720335300333886],[-84.3703690997541,33.72036160010782],[-84.37030239973592,33.72037009960047],[-84.37009099969981,33.72036930010319],[-84.37001299970012,33.720359900389155]]},"properties":{"overall":79,"safety":100,"sidewalk":100,"sidewalk_present":1,"canopy":36.1,"comfort":45.2,"name":"","road_type":"footway","osm_id":1388564234}},{"type":"Feature","geometry":{"type":"LineString","coordinates":[[-84.37064390019577,33.72038699966038],[-84.37058409977635,33.720390300172255],[-84.37037939968951,33.72040139960495],[-84.37018749965335,33.72040989999692],[-84.37009749999959,33.720405700162985],[-84.36993449967736,33.72037039997406]]},"properties":{"overall":79,"safety":100,"sidewalk":100,"sidewalk_present":1,"canopy":37.6,"comfort":46.3,"name":"","road_type":"service","osm_id":1208746352}},{"type":"Feature","geometry":{"type":"LineString","coordinates":[[-84.37001799993072,33.72184939982998],[-84.36988860007881,33.72184860033269]]},"properties":{"overall":70,"safety":99,"sidewalk":100,"sidewalk_present":1,"canopy":11.0,"comfort":42.3,"name":"","road_type":"footway","osm_id":808224087}},{"type":"Feature","geometry":{"type":"LineString","coordinates":[[-84.36998219971872,33.722152599962556],[-84.36993499970043,33.7221537996582]]},"properties":{"overall":33,"safety":100,"sidewalk":0,"sidewalk_present":0,"canopy":0.0,"comfort":38.0,"name":"","road_type":"footway","osm_id":665460293}},{"type":"Feature","geometry":{"type":"LineString","coordinates":[[-84.3699830999401,33.72220609973175],[-84.3699374998157,33.72220499986088]]},"properties":{"overall":33,"safety":100,"sidewalk":0,"sidewalk_present":0,"canopy":0.0,"comfort":38.0,"name":"","road_type":"footway","osm_id":665460292}},{"type":"Feature","geometry":{"type":"LineString","coordinates":[[-84.37086109995977,33.72192870024935],[-84.37086310005196,33.7218595001159],[-84.37085799999664,33.72143860031122],[-84.3708236000291,33.721298399601494],[-84.37075999997398,33.72103969972244],[-84.37074889964197,33.720938900110184],[-84.37075089973422,33.72080280030906],[-84.3707307000617,33.72067429977915],[-84.37069089966525,33.72054229998719],[-84.37064390019577,33.72038699966038],[-84.3706358000021,33.720360199863364],[-84.3705237004084,33.71988490006811],[-84.37052440008097,33.71984990025277],[-84.37052680037152,33.71973290025318],[-84.3705291997627,33.719448000424904],[-84.37053000015936,33.71935339983958],[-84.37053079965665,33.71925160018128],[-84.37051870017785,33.71901810020523],[-84.37048440003497,33.71890389979518],[-84.37042980039496,33.71879809995238],[-84.37021380032661,33.718449500244276],[-84.37018250032207,33.71832030004185],[-84.37019459980093,33.717688699873634],[-84.3702612998191,33.71755600040916]]},"properties":{"overall":43,"safety":99,"sidewalk":0,"sidewalk_present":0,"canopy":29.6,"comfort":44.5,"name":"Zephyr Boulevard Southeast","road_type":"residential","osm_id":1208746348}},{"type":"Feature","geometry":{"type":"LineString","coordinates":[[-84.37103810002827,33.72079079975566],[-84.37095929963192,33.72048730014882],[-84.37082419987689,33.7199136001326],[-84.37079699988158,33.719875500354135],[-84.37074769994638,33.7198542997362],[-84.37069000034319,33.71985290039112],[-84.37061139959638,33.71985150014666],[-84.37052440008097,33.71984990025277]]},"properties":{"overall":78,"safety":100,"sidewalk":100,"sidewalk_present":1,"canopy":34.5,"comfort":45.6,"name":"Zebrawood Court Southeast","road_type":"service","osm_id":1208746354}},{"type":"Feature","geometry":{"type":"LineString","coordinates":[[-84.37077589998773,33.7218484996086],[-84.37078140024141,33.72156679956822],[-84.3707769998586,33.7213910999194],[-84.3707590997526,33.72131019960608],[-84.37071249958217,33.72115759994335],[-84.37068590033397,33.72104710024354],[-84.37067389978063,33.72095199963513],[-84.37066190012655,33.72078399998168],[-84.37063010009899,33.72060270025446],[-84.37059680000226,33.72047119958626],[-84.37058409977635,33.720390300172255],[-84.3705710002514,33.720335300333886],[-84.37055889987329,33.72028489962844],[-84.37050249979052,33.720062499984465],[-84.37046139987365,33.71986530024344],[-84.37046139987365,33.719708800220985],[-84.37046139987365,33.719510300060335],[-84.37045789971228,33.71935380003788],[-84.37045929995668,33.71928249998746],[-84.37045670001663,33.71913410015867],[-84.37043550029807,33.71898370023763],[-84.37041689962018,33.71891409990582],[-84.37035209986948,33.7188021999616],[-84.37026360028489,33.7186903998421],[-84.37018620013299,33.71856550019771],[-84.37017020029447,33.71854140016552],[-84.37016400036828,33.71853199955217]]},"properties":{"overall":78,"safety":100,"sidewalk":100,"sidewalk_present":1,"canopy":33.5,"comfort":46.2,"name":"","road_type":"footway","osm_id":1388561804}},{"type":"Feature","geometry":{"type":"LineString","coordinates":[[-84.37069089966525,33.72054229998719],[-84.37076219971573,33.72052770039312],[-84.37095929963192,33.72048730014882],[-84.37116039973262,33.72044610040729]]},"properties":{"overall":84,"safety":100,"sidewalk":100,"sidewalk_present":1,"canopy":50.5,"comfort":50.8,"name":"","road_type":"service","osm_id":1208746353}},{"type":"Feature","geometry":{"type":"LineString","coordinates":[[-84.37061139959638,33.71985150014666],[-84.3706705003433,33.72013299963828],[-84.37076219971573,33.72052770039312],[-84.37080639959561,33.72071779998652],[-84.37082469989997,33.72088059975994]]},"properties":{"overall":77,"safety":100,"sidewalk":100,"sidewalk_present":1,"canopy":30.0,"comfort":43.3,"name":"","road_type":"footway","osm_id":1388562881}},{"type":"Feature","geometry":{"type":"LineString","coordinates":[[-84.37057720017759,33.72183880042036],[-84.37056530034829,33.72183850004677],[-84.37050990031162,33.72183730035118],[-84.37049219985511,33.72183800002375],[-84.37047269985516,33.72183809984847],[-84.37043610014587,33.721839300443435],[-84.37001799993072,33.72184939982998]]},"properties":{"overall":72,"safety":100,"sidewalk":100,"sidewalk_present":1,"canopy":16.8,"comfort":42.9,"name":"","road_type":"footway","osm_id":808224086}},{"type":"Feature","geometry":{"type":"LineString","coordinates":[[-84.3705649999747,33.72192500043849],[-84.37056530034829,33.72183850004677],[-84.37056700006696,33.7214110001176]]},"properties":{"overall":76,"safety":100,"sidewalk":100,"sidewalk_present":1,"canopy":27.2,"comfort":45.1,"name":"","road_type":"service","osm_id":1207049374}},{"type":"Feature","geometry":{"type":"LineString","coordinates":[[-84.37079339989543,33.72184879998218],[-84.37077589998773,33.7218484996086],[-84.37072519980808,33.721847799936086],[-84.37069699976666,33.721846700065214],[-84.37067200041247,33.72184650041572],[-84.3706528997115,33.721844799797736],[-84.37062120040804,33.721842299682464],[-84.37057720017759,33.72183880042036]]},"properties":{"overall":74,"safety":99,"sidewalk":100,"sidewalk_present":1,"canopy":21.9,"comfort":43.8,"name":"","road_type":"footway","osm_id":1207049373}},{"type":"Feature","geometry":{"type":"LineString","coordinates":[[-84.37090570003801,33.72185669962704],[-84.37086310005196,33.7218595001159],[-84.37079339989543,33.72184879998218]]},"properties":{"overall":77,"safety":99,"sidewalk":100,"sidewalk_present":1,"canopy":30.9,"comfort":47.0,"name":"","road_type":"footway","osm_id":1388449979}},{"type":"Feature","geometry":{"type":"LineString","coordinates":[[-84.37165270031181,33.72213550025316],[-84.37165409965695,33.722111900244045]]},"properties":{"overall":35,"safety":100,"sidewalk":0,"sidewalk_present":0,"canopy":4.0,"comfort":38.4,"name":"","road_type":"footway","osm_id":665460290}},{"type":"Feature","geometry":{"type":"LineString","coordinates":[[-84.36843930033342,33.720070799827624],[-84.36850589962751,33.720070399629265],[-84.3685949001345,33.72006969995675]]},"properties":{"overall":67,"safety":72,"sidewalk":100,"sidewalk_present":1,"canopy":30.1,"comfort":45.3,"name":"","road_type":"footway","osm_id":761284704}},{"type":"Feature","geometry":{"type":"LineString","coordinates":[[-84.36988860007881,33.72184860033269],[-84.36862189958094,33.7218420002082],[-84.36858999972867,33.721835400083705],[-84.36857609980711,33.721815400060734],[-84.3685949001345,33.72006969995675],[-84.36863149984379,33.71845239965859]]},"properties":{"overall":71,"safety":83,"sidewalk":100,"sidewalk_present":1,"canopy":30.1,"comfort":46.2,"name":"","road_type":"footway","osm_id":808224088}},{"type":"Feature","geometry":{"type":"LineString","coordinates":[[-84.36876439985713,33.72198119997245],[-84.36859959999151,33.7219781998341],[-84.3685774002268,33.72199080023529],[-84.36857030007923,33.7220121996034],[-84.368530399858,33.72459999969027],[-84.36852960036072,33.72467019986988],[-84.36851530024086,33.72597269968037]]},"properties":{"overall":56,"safety":65,"sidewalk":100,"sidewalk_present":1,"canopy":4.1,"comfort":33.6,"name":"","road_type":"footway","osm_id":808224089}},{"type":"Feature","geometry":{"type":"LineString","coordinates":[[-84.37064159972999,33.72431149987585],[-84.37058030014072,33.72422300029126],[-84.37043250015972,33.72415719959514],[-84.36915329998476,33.7241354998535],[-84.36895029961659,33.724131499669],[-84.36894649998095,33.72430439972834],[-84.36914979982339,33.724308399912786],[-84.37064159972999,33.72431149987585]]},"properties":{"overall":38,"safety":100,"sidewalk":0,"sidewalk_present":0,"canopy":12.9,"comfort":34.3,"name":"","road_type":"service","osm_id":808129466}},{"type":"Feature","geometry":{"type":"LineString","coordinates":[[-84.36915329998476,33.7241354998535],[-84.36914979982339,33.724308399912786],[-84.36914149998023,33.72468199987446]]},"properties":{"overall":33,"safety":100,"sidewalk":0,"sidewalk_present":0,"canopy":0.0,"comfort":29.1,"name":"","road_type":"service","osm_id":808129467}},{"type":"Feature","geometry":{"type":"LineString","coordinates":[[-84.3706405996839,33.72469329985597],[-84.37020789987463,33.72468940039556],[-84.36914149998023,33.72468199987446],[-84.36857380024065,33.72467489972689],[-84.36852960036072,33.72467019986988],[-84.36844400019044,33.72466099980534]]},"properties":{"overall":59,"safety":78,"sidewalk":100,"sidewalk_present":1,"canopy":0.0,"comfort":29.8,"name":"","road_type":"service","osm_id":9256086}},{"type":"Feature","geometry":{"type":"LineString","coordinates":[[-84.36914550016468,33.725598999893975],[-84.36914209982803,33.72505390011747],[-84.36914149998023,33.72468199987446]]},"properties":{"overall":34,"safety":100,"sidewalk":0,"sidewalk_present":0,"canopy":0.7,"comfort":28.9,"name":"","road_type":"service","osm_id":808129469}},{"type":"Feature","geometry":{"type":"LineString","coordinates":[[-84.36897090038673,33.725653100410284],[-84.36894270034531,33.725548199889545],[-84.36894769967654,33.72505469961476],[-84.36914209982803,33.72505390011747]]},"properties":{"overall":33,"safety":98,"sidewalk":0,"sidewalk_present":0,"canopy":0.7,"comfort":28.7,"name":"","road_type":"service","osm_id":808129470}},{"type":"Feature","geometry":{"type":"LineString","coordinates":[[-84.37178400043126,33.72201040005996],[-84.37177729958267,33.72213479968133],[-84.37165270031181,33.72213550025316],[-84.37158040021524,33.7221358995522],[-84.37158040021524,33.72211009980134]]},"properties":{"overall":68,"safety":100,"sidewalk":100,"sidewalk_present":1,"canopy":3.3,"comfort":37.6,"name":"","road_type":"footway","osm_id":665460289}},{"type":"Feature","geometry":{"type":"LineString","coordinates":[[-84.36997969960339,33.72199359982483],[-84.36998219971872,33.722152599962556],[-84.3699830999401,33.72220609973175],[-84.36998910021674,33.72258710021458]]},"properties":{"overall":67,"safety":100,"sidewalk":100,"sidewalk_present":1,"canopy":2.0,"comfort":39.0,"name":"","road_type":"footway","osm_id":665460291}},{"type":"Feature","geometry":{"type":"LineString","coordinates":[[-84.37023240010512,33.72526289986297],[-84.37020549958407,33.72518689995553],[-84.37020789987463,33.72468940039556]]},"properties":{"overall":33,"safety":100,"sidewalk":0,"sidewalk_present":0,"canopy":0.0,"comfort":32.7,"name":"","road_type":"service","osm_id":808129468}},{"type":"Feature","geometry":{"type":"LineString","coordinates":[[-84.37064159972999,33.72431149987585],[-84.3706405996839,33.72469329985597],[-84.3706353998038,33.725138299692844],[-84.37023240010512,33.72526289986297],[-84.36914550016468,33.725598999893975],[-84.36897090038673,33.725653100410284]]},"properties":{"overall":34,"safety":100,"sidewalk":0,"sidewalk_present":0,"canopy":3.0,"comfort":31.4,"name":"","road_type":"service","osm_id":808129465}},{"type":"Feature","geometry":{"type":"LineString","coordinates":[[-84.36851530024086,33.72597269968037],[-84.36851320032389,33.72621300032978]]},"properties":{"overall":64,"safety":92,"sidewalk":100,"sidewalk_present":1,"canopy":0.0,"comfort":27.8,"name":"","road_type":"path","osm_id":808224090}},{"type":"Feature","geometry":{"type":"LineString","coordinates":[[-84.36833930021851,33.72626530040333],[-84.36842119967861,33.72623870025586],[-84.36851320032389,33.72621300032978]]},"properties":{"overall":70,"safety":98,"sidewalk":100,"sidewalk_present":1,"canopy":11.5,"comfort":32.0,"name":"Atlanta BeltLine Southside Trail","road_type":"cycleway","osm_id":776841116}},{"type":"Feature","geometry":{"type":"LineString","coordinates":[[-84.36483169962321,33.711650800044424],[-84.36501679988538,33.71141489977788],[-84.36508190000961,33.711343499902625],[-84.36511539975584,33.711314500363926],[-84.36514819982955,33.711301599589206],[-84.36518979976938,33.71130890028559],[-84.36523539989378,33.71133510023475]]},"properties":{"overall":36,"safety":100,"sidewalk":0,"sidewalk_present":0,"canopy":8.1,"comfort":37.7,"name":"","road_type":"service","osm_id":562455565}},{"type":"Feature","geometry":{"type":"LineString","coordinates":[[-84.38177409959496,33.716234800096004],[-84.38194989996788,33.71620019957959],[-84.38212199963056,33.71616640035916],[-84.38227600043706,33.71613620022549],[-84.38238790038127,33.71604509980159]]},"properties":{"overall":21,"safety":64,"sidewalk":0,"sidewalk_present":0,"canopy":0.0,"comfort":24.4,"name":"","road_type":"service","osm_id":887388307}},{"type":"Feature","geometry":{"type":"LineString","coordinates":[[-84.38241470017823,33.7171396997374],[-84.38212199963056,33.71616640035916]]},"properties":{"overall":33,"safety":100,"sidewalk":0,"sidewalk_present":0,"canopy":0.0,"comfort":22.5,"name":"","road_type":"service","osm_id":562995965}},{"type":"Feature","geometry":{"type":"LineString","coordinates":[[-84.38221400027584,33.717145100166306],[-84.38194989996788,33.71620019957959]]},"properties":{"overall":33,"safety":100,"sidewalk":0,"sidewalk_present":0,"canopy":0.0,"comfort":22.9,"name":"","road_type":"service","osm_id":562995964}},{"type":"Feature","geometry":{"type":"LineString","coordinates":[[-84.38201409987079,33.71715060041993],[-84.38177409959496,33.716234800096004]]},"properties":{"overall":32,"safety":96,"sidewalk":0,"sidewalk_present":0,"canopy":0.0,"comfort":23.1,"name":"","road_type":"service","osm_id":887388306}},{"type":"Feature","geometry":{"type":"LineString","coordinates":[[-84.38157250037057,33.716979099705725],[-84.38167589992281,33.7173582997458],[-84.38172660010247,33.71754430022935],[-84.38173589999178,33.71758599999396],[-84.38171959977967,33.717605400169134],[-84.38167520025024,33.71761219994312],[-84.38150940033853,33.71758309968038]]},"properties":{"overall":49,"safety":42,"sidewalk":100,"sidewalk_present":1,"canopy":5.7,"comfort":25.8,"name":"","road_type":"footway","osm_id":1278854680}},{"type":"Feature","geometry":{"type":"LineString","coordinates":[[-84.38168069960454,33.717736200265506],[-84.38169849988583,33.71767630002125],[-84.38171959977967,33.717605400169134],[-84.38181499986234,33.71758869975872],[-84.38189700004648,33.71757439963886]]},"properties":{"overall":35,"safety":6,"sidewalk":100,"sidewalk_present":1,"canopy":0.0,"comfort":0.0,"name":"","road_type":"footway","osm_id":1278854689}},{"type":"Feature","geometry":{"type":"LineString","coordinates":[[-84.38286370019955,33.717823000131375],[-84.38279130027826,33.717797700403594],[-84.38242359986918,33.71774140014554],[-84.38208969957992,33.71768409984139],[-84.38202229988917,33.717672100187315],[-84.38197530041975,33.71766369962012],[-84.38192510026312,33.71763169994307],[-84.38189700004648,33.71757439963886],[-84.38187490010654,33.71749179960693]]},"properties":{"overall":51,"safety":52,"sidewalk":100,"sidewalk_present":1,"canopy":1.5,"comfort":23.1,"name":"","road_type":"footway","osm_id":1278854685}},{"type":"Feature","geometry":{"type":"LineString","coordinates":[[-84.3819904000369,33.71778900036213],[-84.3820068998985,33.71772860009486],[-84.38202229988917,33.717672100187315]]},"properties":{"overall":42,"safety":26,"sidewalk":100,"sidewalk_present":1,"canopy":0.0,"comfort":0.0,"name":"","road_type":"footway","osm_id":1278854687}},{"type":"Feature","geometry":{"type":"LineString","coordinates":[[-84.3800099004365,33.71744609965782],[-84.38168069960454,33.717736200265506],[-84.38171999997797,33.71774300003949],[-84.38176910026374,33.71777210030223],[-84.3818007995672,33.71782810018675],[-84.38180870011138,33.71784200010825],[-84.3818198004434,33.71788340039865]]},"properties":{"overall":50,"safety":50,"sidewalk":100,"sidewalk_present":1,"canopy":0.0,"comfort":0.0,"name":"","road_type":"footway","osm_id":1278854673}},{"type":"Feature","geometry":{"type":"LineString","coordinates":[[-84.3821070996629,33.717911999739044],[-84.38209329956607,33.717806199896245],[-84.38208489989819,33.717741800343845]]},"properties":{"overall":39,"safety":18,"sidewalk":100,"sidewalk_present":1,"canopy":0.0,"comfort":0.0,"name":"","road_type":"service","osm_id":913013913}},{"type":"Feature","geometry":{"type":"LineString","coordinates":[[-84.38216230005008,33.715675800397946],[-84.38190269994959,33.71574379993649],[-84.381760500047,33.71572039957681],[-84.38154729956818,33.715775000116196],[-84.38158080021373,33.71590670043395],[-84.38187990033708,33.71584869955791],[-84.38190269994959,33.71574379993649]]},"properties":{"overall":32,"safety":95,"sidewalk":0,"sidewalk_present":0,"canopy":0.0,"comfort":26.1,"name":"","road_type":"service","osm_id":562995958}},{"type":"Feature","geometry":{"type":"LineString","coordinates":[[-84.38187490010654,33.71749179960693],[-84.38150619965137,33.71600280018913],[-84.38142990026967,33.715721600171776]]},"properties":{"overall":55,"safety":60,"sidewalk":100,"sidewalk_present":1,"canopy":6.0,"comfort":26.9,"name":"","road_type":"footway","osm_id":1385733863}},{"type":"Feature","geometry":{"type":"LineString","coordinates":[[-84.38157250037057,33.716979099705725],[-84.38136809975794,33.716192200110015],[-84.38137040022377,33.716180900128506],[-84.38137229959193,33.71616280037301],[-84.38137040022377,33.71614889955214],[-84.3813684999563,33.71613069997187],[-84.38136380009928,33.716111000322485],[-84.3813582998456,33.7160932000412],[-84.38134020009011,33.71604009957099],[-84.38133340031612,33.716023200410405],[-84.38132430007636,33.71599980005078],[-84.38125550014121,33.715762399715004]]},"properties":{"overall":64,"safety":81,"sidewalk":100,"sidewalk_present":1,"canopy":12.5,"comfort":30.0,"name":"","road_type":"footway","osm_id":1385736227}},{"type":"Feature","geometry":{"type":"LineString","coordinates":[[-84.38175129998245,33.71734189970897],[-84.38167589992281,33.7173582997458],[-84.381576899854,33.717384999718035],[-84.3815224000387,33.717406900008484],[-84.38149000016335,33.717428699574896],[-84.38146859989592,33.71746310044176],[-84.38144880042177,33.71752900006334],[-84.38143729989145,33.71756869973575],[-84.38141789971627,33.717628599979946]]},"properties":{"overall":36,"safety":6,"sidewalk":100,"sidewalk_present":1,"canopy":3.5,"comfort":23.2,"name":"","road_type":"service","osm_id":1301447507}},{"type":"Feature","geometry":{"type":"LineString","coordinates":[[-84.38110429982356,33.71751029956073],[-84.38098639960265,33.71749079956078]]},"properties":{"overall":66,"safety":97,"sidewalk":100,"sidewalk_present":1,"canopy":0.0,"comfort":0.0,"name":"","road_type":"footway","osm_id":1278854683}},{"type":"Feature","geometry":{"type":"LineString","coordinates":[[-84.38138330009917,33.71755789977732],[-84.38110429982356,33.71751029956073]]},"properties":{"overall":54,"safety":63,"sidewalk":100,"sidewalk_present":1,"canopy":0.0,"comfort":0.0,"name":"","road_type":"footway","osm_id":1278854682}},{"type":"Feature","geometry":{"type":"LineString","coordinates":[[-84.38144880042177,33.71752900006334],[-84.38161300043959,33.71755650043218],[-84.38165430000589,33.71755899964819],[-84.38169420022712,33.71755369994332]]},"properties":{"overall":33,"safety":0,"sidewalk":100,"sidewalk_present":1,"canopy":0.0,"comfort":0.0,"name":"","road_type":"service","osm_id":1301447508}},{"type":"Feature","geometry":{"type":"LineString","coordinates":[[-84.38150940033853,33.71758309968038],[-84.38143729989145,33.71756869973575],[-84.38138330009917,33.71755789977732]]},"properties":{"overall":34,"safety":1,"sidewalk":100,"sidewalk_present":1,"canopy":0.0,"comfort":0.0,"name":"","road_type":"footway","osm_id":1278854681}},{"type":"Feature","geometry":{"type":"LineString","coordinates":[[-84.38184400030036,33.7177009999013],[-84.38169849988583,33.71767630002125],[-84.38141789971627,33.717628599979946],[-84.38127300004885,33.717603999924734],[-84.38112860040457,33.71757949969418]]},"properties":{"overall":13,"safety":38,"sidewalk":0,"sidewalk_present":0,"canopy":0.0,"comfort":0.0,"name":"McDonough Boulevard Southeast","road_type":"secondary","osm_id":1118666704}},{"type":"Feature","geometry":{"type":"LineString","coordinates":[[-84.38203509993986,33.71844919987075],[-84.38197569971874,33.71846800019813],[-84.38190949972358,33.71848890044248],[-84.38166729970607,33.718516899935025],[-84.38159000027827,33.718531100230166],[-84.38150680039848,33.718574200239175],[-84.38144139990067,33.71870150017412],[-84.38147820015877,33.718869300178085],[-84.38152669969742,33.71890289974908],[-84.3815712997756,33.718904200168765],[-84.38164590033801,33.718849200330396]]},"properties":{"overall":66,"safety":97,"sidewalk":100,"sidewalk_present":1,"canopy":0.0,"comfort":0.0,"name":"","road_type":"service","osm_id":715411259}},{"type":"Feature","geometry":{"type":"LineString","coordinates":[[-84.37969059974137,33.71561759987236],[-84.37946860029564,33.71566570011203],[-84.37990309964829,33.71669979995585]]},"properties":{"overall":37,"safety":100,"sidewalk":0,"sidewalk_present":0,"canopy":10.5,"comfort":33.7,"name":"","road_type":"service","osm_id":562995972}},{"type":"Feature","geometry":{"type":"LineString","coordinates":[[-84.37961059964942,33.717255300391855],[-84.37949609976516,33.717233499926124],[-84.37880789986463,33.71696040010244],[-84.37842209970012,33.71679500038903]]},"properties":{"overall":55,"safety":61,"sidewalk":100,"sidewalk_present":1,"canopy":3.8,"comfort":27.1,"name":"","road_type":"footway","osm_id":1278854698}},{"type":"Feature","geometry":{"type":"LineString","coordinates":[[-84.3797315998334,33.71727840037795],[-84.37961059964942,33.717255300391855]]},"properties":{"overall":66,"safety":99,"sidewalk":100,"sidewalk_present":1,"canopy":0.0,"comfort":0.0,"name":"","road_type":"footway","osm_id":1278854700}},{"type":"Feature","geometry":{"type":"LineString","coordinates":[[-84.37979450021595,33.71729030020725],[-84.3797315998334,33.71727840037795]]},"properties":{"overall":66,"safety":99,"sidewalk":100,"sidewalk_present":1,"canopy":0.0,"comfort":0.0,"name":"","road_type":"footway","osm_id":1278854701}},{"type":"Feature","geometry":{"type":"LineString","coordinates":[[-84.37989229968986,33.71730899981054],[-84.37979450021595,33.71729030020725]]},"properties":{"overall":66,"safety":99,"sidewalk":100,"sidewalk_present":1,"canopy":0.0,"comfort":0.0,"name":"","road_type":"footway","osm_id":1278854702}},{"type":"Feature","geometry":{"type":"LineString","coordinates":[[-84.3806300000744,33.717483399939],[-84.37995970027993,33.71738570028987],[-84.37973180038222,33.71734560041915],[-84.37956620012,33.717310499879716],[-84.37943559967317,33.71727910005046],[-84.37930829973823,33.71724329983846]]},"properties":{"overall":31,"safety":93,"sidewalk":0,"sidewalk_present":0,"canopy":0.0,"comfort":0.0,"name":"McDonough Boulevard Southeast","road_type":"secondary","osm_id":146781609}},{"type":"Feature","geometry":{"type":"LineString","coordinates":[[-84.37973099998561,33.717397699943945],[-84.37985079957468,33.71741850036358]]},"properties":{"overall":66,"safety":99,"sidewalk":100,"sidewalk_present":1,"canopy":0.0,"comfort":0.0,"name":"","road_type":"footway","osm_id":1278854675}},{"type":"Feature","geometry":{"type":"LineString","coordinates":[[-84.37887790039474,33.71765289966163],[-84.37880189958798,33.71764900020128],[-84.3787384002569,33.717645800413436]]},"properties":{"overall":61,"safety":83,"sidewalk":100,"sidewalk_present":1,"canopy":0.0,"comfort":0.0,"name":"","road_type":"footway","osm_id":1278997669}},{"type":"Feature","geometry":{"type":"LineString","coordinates":[[-84.37971979982888,33.71879039995707],[-84.37929279992272,33.71898070009928]]},"properties":{"overall":36,"safety":92,"sidewalk":0,"sidewalk_present":0,"canopy":14.6,"comfort":38.4,"name":"","road_type":"service","osm_id":1120083380}},{"type":"Feature","geometry":{"type":"LineString","coordinates":[[-84.37982439997603,33.7189498002931],[-84.37975910020225,33.71898549978107],[-84.37964699970922,33.71905889974846],[-84.37973059978731,33.71917179973883]]},"properties":{"overall":39,"safety":100,"sidewalk":0,"sidewalk_present":0,"canopy":16.5,"comfort":38.9,"name":"","road_type":"service","osm_id":1120083379}},{"type":"Feature","geometry":{"type":"LineString","coordinates":[[-84.38125550014121,33.715762399715004],[-84.38061140029583,33.715923599594475],[-84.3799487995974,33.716098800119596],[-84.37990549993884,33.71611019992582]]},"properties":{"overall":66,"safety":86,"sidewalk":100,"sidewalk_present":1,"canopy":10.8,"comfort":33.2,"name":"","road_type":"footway","osm_id":1385736941}},{"type":"Feature","geometry":{"type":"LineString","coordinates":[[-84.38028489962835,33.716829299632536],[-84.38037399996011,33.716803300232186],[-84.38043650014436,33.7167850997526],[-84.38051950037459,33.716935399848865]]},"properties":{"overall":38,"safety":99,"sidewalk":0,"sidewalk_present":0,"canopy":13.5,"comfort":34.4,"name":"","road_type":"service","osm_id":1455717250}},{"type":"Feature","geometry":{"type":"LineString","coordinates":[[-84.3806300000744,33.717483399939],[-84.38059910026823,33.71742489993926],[-84.38028489962835,33.716829299632536],[-84.37990549993884,33.71611019992582],[-84.37986900005427,33.71604099979237]]},"properties":{"overall":67,"safety":93,"sidewalk":100,"sidewalk_present":1,"canopy":9.1,"comfort":33.0,"name":"Blashfield Street Southeast","road_type":"residential","osm_id":9262289}},{"type":"Feature","geometry":{"type":"LineString","coordinates":[[-84.38042499961398,33.71718739977871],[-84.38053440034224,33.71737569982872],[-84.38051829977968,33.717410800368214],[-84.38041120041652,33.717407800229864],[-84.37989229968986,33.71730899981054]]},"properties":{"overall":65,"safety":95,"sidewalk":100,"sidewalk_present":1,"canopy":0.0,"comfort":0.0,"name":"","road_type":"footway","osm_id":1278854699}},{"type":"Feature","geometry":{"type":"LineString","coordinates":[[-84.38069229970984,33.71744039975471],[-84.38059910026823,33.71742489993926],[-84.38051829977968,33.717410800368214]]},"properties":{"overall":62,"safety":86,"sidewalk":100,"sidewalk_present":1,"canopy":0.0,"comfort":0.0,"name":"","road_type":"footway","osm_id":1278854697}},{"type":"Feature","geometry":{"type":"LineString","coordinates":[[-84.37985079957468,33.71741850036358],[-84.37988979957453,33.71742520031279]]},"properties":{"overall":67,"safety":100,"sidewalk":100,"sidewalk_present":1,"canopy":0.0,"comfort":0.0,"name":"","road_type":"footway","osm_id":1278854677}},{"type":"Feature","geometry":{"type":"LineString","coordinates":[[-84.38098639960265,33.71749079956078],[-84.38069229970984,33.71744039975471],[-84.38059290034204,33.717246100327316]]},"properties":{"overall":65,"safety":95,"sidewalk":100,"sidewalk_present":1,"canopy":0.0,"comfort":0.0,"name":"","road_type":"footway","osm_id":1278854684}},{"type":"Feature","geometry":{"type":"LineString","coordinates":[[-84.37988979957453,33.71742520031279],[-84.3800099004365,33.71744609965782]]},"properties":{"overall":67,"safety":100,"sidewalk":100,"sidewalk_present":1,"canopy":0.0,"comfort":0.0,"name":"","road_type":"footway","osm_id":1278854676}},{"type":"Feature","geometry":{"type":"LineString","coordinates":[[-84.38112860040457,33.71757949969418],[-84.3806300000744,33.717483399939]]},"properties":{"overall":29,"safety":88,"sidewalk":0,"sidewalk_present":0,"canopy":0.0,"comfort":0.0,"name":"McDonough Boulevard Southeast","road_type":"secondary","osm_id":546766365}},{"type":"Feature","geometry":{"type":"LineString","coordinates":[[-84.38035109962351,33.71951490009263],[-84.3804121995633,33.719459900254265],[-84.38044940001976,33.71942650033276],[-84.3805109001579,33.71937099957205],[-84.38052489990417,33.7193464004161],[-84.38032260010789,33.719149400324625]]},"properties":{"overall":37,"safety":100,"sidewalk":0,"sidewalk_present":0,"canopy":12.1,"comfort":42.7,"name":"","road_type":"service","osm_id":975626934}},{"type":"Feature","geometry":{"type":"LineString","coordinates":[[-84.38195659991709,33.71780350013148],[-84.38187349986208,33.71781589998386],[-84.3818007995672,33.71782810018675]]},"properties":{"overall":42,"safety":27,"sidewalk":100,"sidewalk_present":1,"canopy":0.0,"comfort":0.0,"name":"","road_type":"footway","osm_id":1278854688}},{"type":"Feature","geometry":{"type":"LineString","coordinates":[[-84.38227300029871,33.7177736003714],[-84.38227239955154,33.71783890014518],[-84.38220599990694,33.71788429972071],[-84.3821070996629,33.717911999739044],[-84.38201960012441,33.71793649996954],[-84.38198420011071,33.71794500036151],[-84.38191089996803,33.71796260009398]]},"properties":{"overall":50,"safety":49,"sidewalk":100,"sidewalk_present":1,"canopy":0.0,"comfort":22.9,"name":"","road_type":"service","osm_id":913013912}},{"type":"Feature","geometry":{"type":"LineString","coordinates":[[-84.3818198004434,33.71788340039865],[-84.38183270031885,33.717931800112524],[-84.38184560019425,33.7179801998264]]},"properties":{"overall":48,"safety":45,"sidewalk":100,"sidewalk_present":1,"canopy":0.0,"comfort":0.0,"name":"","road_type":"footway","osm_id":1278854679}},{"type":"Feature","geometry":{"type":"LineString","coordinates":[[-84.38189950016175,33.71791809984046],[-84.38183270031885,33.717931800112524],[-84.38180269983468,33.717938000038714],[-84.3817060002317,33.71795790023697],[-84.38162659998756,33.71787260044022],[-84.3814465997807,33.71789780034328]]},"properties":{"overall":61,"safety":82,"sidewalk":100,"sidewalk_present":1,"canopy":0.0,"comfort":0.0,"name":"","road_type":"service","osm_id":734743990}},{"type":"Feature","geometry":{"type":"LineString","coordinates":[[-84.38236940042748,33.719758199981015],[-84.3821694001976,33.71897500019617],[-84.38203509993986,33.71844919987075],[-84.38199910007836,33.718308099838964],[-84.38191089996803,33.71796260009398],[-84.38189950016175,33.71791809984046],[-84.38187349986208,33.71781589998386],[-84.38184400030036,33.7177009999013]]},"properties":{"overall":20,"safety":51,"sidewalk":0,"sidewalk_present":0,"canopy":9.7,"comfort":36.8,"name":"Lakewood Avenue Southeast","road_type":"tertiary","osm_id":1118666703}},{"type":"Feature","geometry":{"type":"LineString","coordinates":[[-84.3817060002317,33.71795790023697],[-84.38169849988583,33.71799170035672],[-84.38174369981186,33.71815850031459]]},"properties":{"overall":28,"safety":84,"sidewalk":0,"sidewalk_present":0,"canopy":0.0,"comfort":0.0,"name":"","road_type":"service","osm_id":734743991}},{"type":"Feature","geometry":{"type":"LineString","coordinates":[[-84.38227239955154,33.71783890014518],[-84.38209329956607,33.717806199896245],[-84.3819904000369,33.71778900036213],[-84.38195659991709,33.71780350013148],[-84.38198420011071,33.71794500036151],[-84.38199979975093,33.71801230022754],[-84.38206840003659,33.71829140032793],[-84.38210720038694,33.718449299695465],[-84.38224039987449,33.718962899817996],[-84.38242159977699,33.71966170002747],[-84.38251410044535,33.72001799973094]]},"properties":{"overall":55,"safety":49,"sidewalk":100,"sidewalk_present":1,"canopy":15.0,"comfort":40.4,"name":"","road_type":"footway","osm_id":1278854686}},{"type":"Feature","geometry":{"type":"LineString","coordinates":[[-84.38227239955154,33.71783890014518],[-84.38233730002634,33.718110700448506],[-84.38229369999425,33.71821960025437],[-84.38210270017942,33.71828309958545],[-84.38206840003659,33.71829140032793],[-84.38199910007836,33.718308099838964]]},"properties":{"overall":55,"safety":64,"sidewalk":100,"sidewalk_present":1,"canopy":0.0,"comfort":0.0,"name":"","road_type":"service","osm_id":913013914}},{"type":"Feature","geometry":{"type":"LineString","coordinates":[[-84.38190949972358,33.71848890044248],[-84.38198710042428,33.71869349980523]]},"properties":{"overall":31,"safety":92,"sidewalk":0,"sidewalk_present":0,"canopy":0.0,"comfort":0.0,"name":"","road_type":"service","osm_id":715411260}},{"type":"Feature","geometry":{"type":"LineString","coordinates":[[-84.38184560019425,33.7179801998264],[-84.38197569971874,33.71846800019813],[-84.38210299965368,33.71894520026086],[-84.38235039955129,33.7199204997313]]},"properties":{"overall":65,"safety":87,"sidewalk":100,"sidewalk_present":1,"canopy":9.1,"comfort":38.0,"name":"","road_type":"footway","osm_id":1278854678}},{"type":"Feature","geometry":{"type":"LineString","coordinates":[[-84.38153639978498,33.720344500398426],[-84.38157239964647,33.72024579980388],[-84.38178899956262,33.72002950026126]]},"properties":{"overall":36,"safety":100,"sidewalk":0,"sidewalk_present":0,"canopy":6.6,"comfort":42.1,"name":"","road_type":"service","osm_id":819081212}},{"type":"Feature","geometry":{"type":"LineString","coordinates":[[-84.38158259975711,33.721096599828286],[-84.38154700009392,33.7210747004371],[-84.38153379984493,33.72106660024343],[-84.38145339955469,33.72101709975942],[-84.38141899958714,33.72101709975942],[-84.3813329002931,33.721101000211036],[-84.38101189987924,33.720917900041115]]},"properties":{"overall":72,"safety":100,"sidewalk":100,"sidewalk_present":1,"canopy":15.0,"comfort":44.8,"name":"","road_type":"service","osm_id":975626933}},{"type":"Feature","geometry":{"type":"LineString","coordinates":[[-84.38078669974635,33.72198570017997],[-84.38078900021213,33.72193299990806],[-84.38158259975711,33.721096599828286],[-84.38199299997694,33.720663999843794]]},"properties":{"overall":41,"safety":98,"sidewalk":0,"sidewalk_present":0,"canopy":26.3,"comfort":47.6,"name":"Milton Terrace Southeast","road_type":"residential","osm_id":9255605}},{"type":"Feature","geometry":{"type":"LineString","coordinates":[[-84.38081999984308,33.7220079997694],[-84.38078669974635,33.72198570017997]]},"properties":{"overall":44,"safety":100,"sidewalk":0,"sidewalk_present":0,"canopy":31.5,"comfort":49.4,"name":"Englewood Avenue Southeast","road_type":"residential","osm_id":947806136}},{"type":"Feature","geometry":{"type":"LineString","coordinates":[[-84.38050940008873,33.722051599801546],[-84.3806778997652,33.722004999631054],[-84.38074509980646,33.72199350000005],[-84.38078669974635,33.72198570017997]]},"properties":{"overall":42,"safety":100,"sidewalk":0,"sidewalk_present":0,"canopy":26.7,"comfort":47.8,"name":"","road_type":"residential","osm_id":1205837291}},{"type":"Feature","geometry":{"type":"LineString","coordinates":[[-84.38207590038246,33.721999399552715],[-84.38201480044268,33.72200360028597],[-84.38097339990247,33.72200689989859],[-84.38081999984308,33.7220079997694]]},"properties":{"overall":42,"safety":100,"sidewalk":0,"sidewalk_present":0,"canopy":24.9,"comfort":46.0,"name":"Englewood Avenue Southeast","road_type":"residential","osm_id":9277897}},{"type":"Feature","geometry":{"type":"LineString","coordinates":[[-84.38220490003607,33.72367519985062],[-84.38213910023927,33.723558100026366],[-84.38203130030422,33.72337160041906],[-84.38197170043361,33.72332910025784],[-84.38188720013414,33.72331890014715],[-84.38178489955345,33.7233444004238],[-84.38154879963736,33.72342479981472],[-84.38144270032035,33.72343800006371],[-84.38132299965667,33.72341619959798],[-84.38111990036305,33.72336369987488],[-84.3809029002486,33.723332700243986],[-84.37979870004995,33.723257099635475]]},"properties":{"overall":34,"safety":100,"sidewalk":0,"sidewalk_present":0,"canopy":1.7,"comfort":34.2,"name":"","road_type":"residential","osm_id":1232087937}},{"type":"Feature","geometry":{"type":"LineString","coordinates":[[-84.37887790039474,33.71765289966163],[-84.37879159965257,33.720110100201],[-84.37872829997104,33.72200160019372]]},"properties":{"overall":71,"safety":92,"sidewalk":100,"sidewalk_present":1,"canopy":22.2,"comfort":46.5,"name":"","road_type":"footway","osm_id":741276173}},{"type":"Feature","geometry":{"type":"LineString","coordinates":[[-84.3790557997853,33.722935500273195],[-84.37905619998361,33.72260059993778],[-84.37906830036172,33.722039000299674]]},"properties":{"overall":34,"safety":100,"sidewalk":0,"sidewalk_present":0,"canopy":2.4,"comfort":33.4,"name":"","road_type":"residential","osm_id":1232087938}},{"type":"Feature","geometry":{"type":"LineString","coordinates":[[-84.37864000003594,33.72259230009462],[-84.37870849959756,33.72259289994241],[-84.37905619998361,33.72260059993778],[-84.37929799980282,33.72261420038507],[-84.3793570996504,33.72263399985928],[-84.37942689963165,33.72269719971604],[-84.37979870004995,33.723257099635475],[-84.37975250007776,33.72329680020721],[-84.37973400012396,33.72345819973617],[-84.37975390032221,33.72352810044151],[-84.37983040025273,33.723553800367654],[-84.38087029982444,33.72362699978629],[-84.38101859982851,33.72363839959252],[-84.38108059998967,33.723671800413285],[-84.38111700004947,33.72373379967519],[-84.38114360019694,33.72378530025145],[-84.38123829970772,33.72380370038053],[-84.38213910023927,33.723558100026366],[-84.38251720040842,33.72342970022055]]},"properties":{"overall":67,"safety":100,"sidewalk":100,"sidewalk_present":1,"canopy":1.2,"comfort":33.4,"name":"","road_type":"residential","osm_id":1232087936}},{"type":"Feature","geometry":{"type":"LineString","coordinates":[[-84.37919229978479,33.723841099587105],[-84.37962820028116,33.72387789984526],[-84.37964160017964,33.7239224999235],[-84.37995510024763,33.72394049985422]]},"properties":{"overall":34,"safety":97,"sidewalk":0,"sidewalk_present":0,"canopy":5.5,"comfort":35.9,"name":"","road_type":"service","osm_id":562995997}},{"type":"Feature","geometry":{"type":"LineString","coordinates":[[-84.37910509972056,33.72404910018588],[-84.37917889988626,33.723985000107746],[-84.37919229978479,33.723841099587105]]},"properties":{"overall":38,"safety":100,"sidewalk":0,"sidewalk_present":0,"canopy":13.2,"comfort":38.5,"name":"","road_type":"service","osm_id":562995996}},{"type":"Feature","geometry":{"type":"LineString","coordinates":[[-84.37860829983316,33.72357219959741],[-84.37867630027102,33.72358839998475],[-84.37875380024764,33.72360680011377],[-84.37880200031202,33.72366370021962],[-84.37883020035343,33.723750699735035],[-84.37889190014101,33.723878999716135],[-84.37899250010378,33.72399830018145],[-84.37910509972056,33.72404910018588],[-84.37913600042606,33.724063000107435],[-84.37976899993936,33.72408870003352],[-84.37992719968048,33.724033999669416],[-84.37993260010938,33.72398719984943],[-84.37995000019231,33.72398750022302],[-84.38076540020302,33.724003900259845],[-84.38077749968181,33.723826599817755],[-84.37997279980482,33.723779700173054],[-84.37995510024763,33.72394049985422],[-84.37995000019231,33.72398750022302]]},"properties":{"overall":69,"safety":100,"sidewalk":100,"sidewalk_present":1,"canopy":7.3,"comfort":37.1,"name":"","road_type":"service","osm_id":562995998}},{"type":"Feature","geometry":{"type":"LineString","coordinates":[[-84.3831326001893,33.72139190031601],[-84.3829190004115,33.721324999749015],[-84.38276000027378,33.72125300002597],[-84.38271929965589,33.72122709955107],[-84.38254000002092,33.72111299986511],[-84.38199299997694,33.720663999843794],[-84.38153639978498,33.720344500398426],[-84.38045500009815,33.719587999686496],[-84.38035109962351,33.71951490009263],[-84.38013399968429,33.71936200005632],[-84.38000700012293,33.71922800017211],[-84.37982439997603,33.7189498002931],[-84.37971979982888,33.71879039995707],[-84.37951929957597,33.71848490025798],[-84.37880999978165,33.71740399969491]]},"properties":{"overall":37,"safety":91,"sidewalk":0,"sidewalk_present":0,"canopy":20.5,"comfort":44.5,"name":"Milton Avenue Southeast","road_type":"tertiary","osm_id":564186903}},{"type":"Feature","geometry":{"type":"LineString","coordinates":[[-84.38087060019802,33.72253980037152],[-84.38016440036677,33.722788099591185],[-84.38009809964757,33.72271319955456],[-84.37990049970824,33.722359399966365],[-84.37992059955599,33.72229389964383],[-84.3800026995649,33.722239499653256],[-84.38050940008873,33.722051599801546]]},"properties":{"overall":38,"safety":100,"sidewalk":0,"sidewalk_present":0,"canopy":15.1,"comfort":41.4,"name":"","road_type":"residential","osm_id":242064356}},{"type":"Feature","geometry":{"type":"LineString","coordinates":[[-84.39351070015863,33.69837020022459],[-84.39353080000637,33.69835309961593],[-84.39358069978942,33.698311600400075]]},"properties":{"overall":60,"safety":75,"sidewalk":100,"sidewalk_present":1,"canopy":3.6,"comfort":45.0,"name":"","road_type":"footway","osm_id":1384397882}},{"type":"Feature","geometry":{"type":"LineString","coordinates":[[-84.39343370020504,33.69843519962484],[-84.39351070015863,33.69837020022459]]},"properties":{"overall":57,"safety":71,"sidewalk":100,"sidewalk_present":1,"canopy":0.0,"comfort":43.5,"name":"","road_type":"footway","osm_id":1384397883}},{"type":"Feature","geometry":{"type":"LineString","coordinates":[[-84.39349959982661,33.698233399851574],[-84.3935009002463,33.698280099846784],[-84.39352009987266,33.6983330995929],[-84.39353080000637,33.69835309961593],[-84.39354479975265,33.69837149974495],[-84.39358090033824,33.69840339959728],[-84.39361569960482,33.698425700086034],[-84.39365009957243,33.69843850013672],[-84.39370949979354,33.698450499790795]]},"properties":{"overall":61,"safety":76,"sidewalk":100,"sidewalk_present":1,"canopy":6.6,"comfort":46.2,"name":"","road_type":"motorway_link","osm_id":146781649}},{"type":"Feature","geometry":{"type":"LineString","coordinates":[[-84.39584419984993,33.698112799865896],[-84.39744269982072,33.69813520017942]]},"properties":{"overall":33,"safety":99,"sidewalk":0,"sidewalk_present":0,"canopy":0.0,"comfort":0.0,"name":"","road_type":"construction","osm_id":187141940}},{"type":"Feature","geometry":{"type":"LineString","coordinates":[[-84.39884280035494,33.70037629992635],[-84.39724629957703,33.700413399658714]]},"properties":{"overall":81,"safety":91,"sidewalk":100,"sidewalk_present":1,"canopy":51.2,"comfort":61.4,"name":"","road_type":"footway","osm_id":1384377562}},{"type":"Feature","geometry":{"type":"LineString","coordinates":[[-84.39846399961385,33.700589100206855],[-84.39762980017508,33.700609100229826]]},"properties":{"overall":47,"safety":99,"sidewalk":0,"sidewalk_present":0,"canopy":43.3,"comfort":56.6,"name":"","road_type":"service","osm_id":562954896}},{"type":"Feature","geometry":{"type":"LineString","coordinates":[[-84.39953599958665,33.69812900025323],[-84.39994980014313,33.6981075999858]]},"properties":{"overall":31,"safety":94,"sidewalk":0,"sidewalk_present":0,"canopy":0.0,"comfort":0.0,"name":"Langford Parkway","road_type":"motorway","osm_id":123355101}},{"type":"Feature","geometry":{"type":"LineString","coordinates":[[-84.39744269982072,33.69813520017942],[-84.39894779980108,33.69813010012405],[-84.39906710026645,33.698129699925744],[-84.39953599958665,33.69812900025323]]},"properties":{"overall":65,"safety":94,"sidewalk":100,"sidewalk_present":1,"canopy":0.0,"comfort":0.0,"name":"Langford Parkway","road_type":"motorway","osm_id":187141922}},{"type":"Feature","geometry":{"type":"LineString","coordinates":[[-84.39908579986974,33.697738000208574],[-84.39907259962075,33.69796399983875],[-84.39906710026645,33.698129699925744],[-84.39905840022493,33.69832300020636]]},"properties":{"overall":65,"safety":96,"sidewalk":100,"sidewalk_present":1,"canopy":0.0,"comfort":0.0,"name":"","road_type":"footway","osm_id":1384414680}},{"type":"Feature","geometry":{"type":"LineString","coordinates":[[-84.39895499977337,33.700433100207476],[-84.39897899998084,33.69917099974191],[-84.39898850041891,33.69833370034007]]},"properties":{"overall":44,"safety":89,"sidewalk":0,"sidewalk_present":0,"canopy":44.0,"comfort":62.2,"name":"Pryor Road","road_type":"tertiary","osm_id":629305998}},{"type":"Feature","geometry":{"type":"LineString","coordinates":[[-84.39892729975503,33.699130200198624],[-84.39892540038687,33.69893909965975],[-84.39894119967659,33.69832179961139]]},"properties":{"overall":65,"safety":96,"sidewalk":100,"sidewalk_present":1,"canopy":0.0,"comfort":0.0,"name":"","road_type":"footway","osm_id":1384423010}},{"type":"Feature","geometry":{"type":"LineString","coordinates":[[-84.39892540038687,33.69922639977858],[-84.39892669990724,33.69917020024462],[-84.39892729975503,33.699130200198624]]},"properties":{"overall":66,"safety":99,"sidewalk":100,"sidewalk_present":1,"canopy":0.0,"comfort":0.0,"name":"","road_type":"footway","osm_id":1384375816}},{"type":"Feature","geometry":{"type":"LineString","coordinates":[[-84.39884280035494,33.70037629992635],[-84.39885379996286,33.70036940032759],[-84.39886280037791,33.700360700286126],[-84.3988829002256,33.70032520044771],[-84.39889880023941,33.70028909986212],[-84.39890240022555,33.70024049959943],[-84.39892540038687,33.69922639977858]]},"properties":{"overall":83,"safety":89,"sidewalk":100,"sidewalk_present":1,"canopy":60.4,"comfort":67.1,"name":"","road_type":"footway","osm_id":1384375814}},{"type":"Feature","geometry":{"type":"LineString","coordinates":[[-84.39884340020274,33.70046170044719],[-84.39884290017966,33.70043510029967],[-84.39884280035494,33.70037629992635]]},"properties":{"overall":73,"safety":82,"sidewalk":100,"sidewalk_present":1,"canopy":38.0,"comfort":52.9,"name":"","road_type":"footway","osm_id":1384375815}},{"type":"Feature","geometry":{"type":"LineString","coordinates":[[-84.39887039964918,33.70056619987025],[-84.39887930023946,33.700553899842646],[-84.39888500014263,33.700531600253214],[-84.39888469976904,33.70051160023024],[-84.39887859966763,33.700496399889005],[-84.39886710003663,33.70048109972305],[-84.39884340020274,33.70046170044719],[-84.39877589978789,33.700456600391874],[-84.39868719965449,33.700459399981355],[-84.39813249961514,33.70047370010121],[-84.39725129980758,33.70049370012424],[-84.39630940025859,33.70052609999959],[-84.39585079997443,33.700537999828896],[-84.39514119980646,33.70055639995792],[-84.39509130002347,33.70056660006861],[-84.39506660014342,33.700576399980946]]},"properties":{"overall":74,"safety":82,"sidewalk":100,"sidewalk_present":1,"canopy":40.6,"comfort":54.8,"name":"","road_type":"footway","osm_id":1384405316}},{"type":"Feature","geometry":{"type":"LineString","coordinates":[[-84.39910789980968,33.70046390018888],[-84.39895299968117,33.700587000289886]]},"properties":{"overall":27,"safety":78,"sidewalk":0,"sidewalk_present":0,"canopy":4.4,"comfort":39.7,"name":"","road_type":"residential","osm_id":9239982}},{"type":"Feature","geometry":{"type":"LineString","coordinates":[[-84.39907530028484,33.70061680022519],[-84.39895299968117,33.700587000289886],[-84.39887039964918,33.70056619987025]]},"properties":{"overall":65,"safety":74,"sidewalk":100,"sidewalk_present":1,"canopy":21.3,"comfort":45.5,"name":"","road_type":"footway","osm_id":1386660129}},{"type":"Feature","geometry":{"type":"LineString","coordinates":[[-84.39891599977352,33.70261899956722],[-84.39892359994417,33.70219120016378],[-84.39893799988874,33.70138600026377],[-84.39895299968117,33.700587000289886],[-84.39895499977337,33.700433100207476]]},"properties":{"overall":19,"safety":42,"sidewalk":0,"sidewalk_present":0,"canopy":15.8,"comfort":39.1,"name":"Pryor Road","road_type":"tertiary","osm_id":31032274}},{"type":"Feature","geometry":{"type":"LineString","coordinates":[[-84.39773979985182,33.701890000123456],[-84.3979597002799,33.70172039967673],[-84.39813430005785,33.70159530038285],[-84.39836100025991,33.70143289990847],[-84.39854270018543,33.701302800383985],[-84.39873219993103,33.70116700005707]]},"properties":{"overall":38,"safety":97,"sidewalk":0,"sidewalk_present":0,"canopy":17.4,"comfort":39.1,"name":"","road_type":"service","osm_id":561081749}},{"type":"Feature","geometry":{"type":"LineString","coordinates":[[-84.39806159976297,33.704568899734966],[-84.39806300000743,33.704512800025725],[-84.39811050039924,33.70257209992252],[-84.39811220011791,33.70250150044393],[-84.39811270014098,33.702480000351784],[-84.39813430005785,33.70159530038285]]},"properties":{"overall":35,"safety":100,"sidewalk":0,"sidewalk_present":0,"canopy":3.7,"comfort":30.5,"name":"","road_type":"service","osm_id":561081727}},{"type":"Feature","geometry":{"type":"LineString","coordinates":[[-84.40003800025346,33.69983599983158],[-84.39965799981678,33.69956900010931],[-84.39969299963218,33.698384000321425]]},"properties":{"overall":51,"safety":99,"sidewalk":0,"sidewalk_present":0,"canopy":53.1,"comfort":65.4,"name":"Moody Drive Southwest","road_type":"residential","osm_id":9260009}},{"type":"Feature","geometry":{"type":"LineString","coordinates":[[-84.39895499977337,33.700433100207476],[-84.39910789980968,33.70046390018888]]},"properties":{"overall":33,"safety":81,"sidewalk":0,"sidewalk_present":0,"canopy":17.5,"comfort":44.6,"name":"Lakewood Way Southwest","road_type":"residential","osm_id":629305999}},{"type":"Feature","geometry":{"type":"LineString","coordinates":[[-84.39904179963929,33.70133229994576],[-84.39904150016508,33.70123470012135],[-84.39906310008195,33.700645199916096],[-84.39906949965763,33.700622900326664],[-84.39907530028484,33.70061680022519],[-84.3990934998651,33.70060629974097],[-84.39948290001581,33.70039169991708]]},"properties":{"overall":66,"safety":88,"sidewalk":100,"sidewalk_present":1,"canopy":9.4,"comfort":39.3,"name":"","road_type":"footway","osm_id":1384367801}},{"type":"Feature","geometry":{"type":"LineString","coordinates":[[-84.39904300023426,33.70145130003749],[-84.39904190036339,33.701380500010146],[-84.39904179963929,33.70133229994576]]},"properties":{"overall":71,"safety":90,"sidewalk":100,"sidewalk_present":1,"canopy":23.8,"comfort":42.4,"name":"","road_type":"footway","osm_id":1384367802}},{"type":"Feature","geometry":{"type":"LineString","coordinates":[[-84.39953820022771,33.70156200028612],[-84.3991827998463,33.70156529989873],[-84.3991827998463,33.701859899814565]]},"properties":{"overall":27,"safety":66,"sidewalk":0,"sidewalk_present":0,"canopy":14.5,"comfort":38.0,"name":"","road_type":"service","osm_id":562954912}},{"type":"Feature","geometry":{"type":"LineString","coordinates":[[-84.39904300023426,33.70145130003749],[-84.3990132002989,33.70219260040824]]},"properties":{"overall":69,"safety":92,"sidewalk":100,"sidewalk_present":1,"canopy":15.4,"comfort":37.7,"name":"","road_type":"footway","osm_id":1386657943}},{"type":"Feature","geometry":{"type":"LineString","coordinates":[[-84.3995681998125,33.702201199725664],[-84.39949389962374,33.70220009985479],[-84.3993008997167,33.70219709971644],[-84.3992071004273,33.702195700371306],[-84.39911039992501,33.702194099578094],[-84.39907030005429,33.7021934997303],[-84.3990132002989,33.70219260040824],[-84.39892359994417,33.70219120016378]]},"properties":{"overall":66,"safety":96,"sidewalk":100,"sidewalk_present":1,"canopy":2.9,"comfort":31.9,"name":"","road_type":"service","osm_id":562954903}},{"type":"Feature","geometry":{"type":"LineString","coordinates":[[-84.39919950025671,33.702381500306046],[-84.3992071004273,33.702195700371306]]},"properties":{"overall":11,"safety":33,"sidewalk":0,"sidewalk_present":0,"canopy":0.0,"comfort":29.8,"name":"","road_type":"service","osm_id":976876699}},{"type":"Feature","geometry":{"type":"LineString","coordinates":[[-84.39956369960504,33.70261600032819],[-84.39956450000165,33.702540500443774],[-84.39956619972031,33.70238310019994],[-84.39956669974339,33.70233630038001],[-84.3995677996142,33.702239199679354],[-84.3995681998125,33.702201199725664],[-84.39956900020917,33.70212090015946],[-84.3995327997988,33.70205069997985],[-84.39953479989106,33.70187100014658],[-84.39953820022771,33.70156200028612],[-84.39954089999253,33.70131460038857]]},"properties":{"overall":68,"safety":96,"sidewalk":100,"sidewalk_present":1,"canopy":9.3,"comfort":36.0,"name":"","road_type":"service","osm_id":562954905}},{"type":"Feature","geometry":{"type":"LineString","coordinates":[[-84.40017119974101,33.70234629994184],[-84.39956669974339,33.70233630038001]]},"properties":{"overall":34,"safety":100,"sidewalk":0,"sidewalk_present":0,"canopy":1.3,"comfort":31.6,"name":"","road_type":"service","osm_id":562954910}},{"type":"Feature","geometry":{"type":"LineString","coordinates":[[-84.39762980017508,33.700609100229826],[-84.3972559996646,33.70061590000381],[-84.39683049982767,33.700632600414224]]},"properties":{"overall":40,"safety":92,"sidewalk":0,"sidewalk_present":0,"canopy":28.7,"comfort":49.3,"name":"","road_type":"service","osm_id":562954897}},{"type":"Feature","geometry":{"type":"LineString","coordinates":[[-84.39762980017508,33.700609100229826],[-84.39763519970467,33.70074860036766],[-84.39759900019368,33.7007743002938]]},"properties":{"overall":45,"safety":100,"sidewalk":0,"sidewalk_present":0,"canopy":36.2,"comfort":52.7,"name":"","road_type":"service","osm_id":562954898}},{"type":"Feature","geometry":{"type":"LineString","coordinates":[[-84.39725010011199,33.70046390018888],[-84.39725129980758,33.70049370012424],[-84.3972559996646,33.70061590000381],[-84.39726269961386,33.700787800017],[-84.39726900026409,33.70094940009477],[-84.39724759999672,33.70100969963801],[-84.39716580036134,33.70103650033428]]},"properties":{"overall":76,"safety":100,"sidewalk":100,"sidewalk_present":1,"canopy":27.2,"comfort":47.9,"name":"","road_type":"service","osm_id":562954899}},{"type":"Feature","geometry":{"type":"LineString","coordinates":[[-84.39759900019368,33.7007743002938],[-84.39726269961386,33.700787800017]]},"properties":{"overall":41,"safety":100,"sidewalk":0,"sidewalk_present":0,"canopy":23.3,"comfort":45.9,"name":"","road_type":"service","osm_id":562954895}},{"type":"Feature","geometry":{"type":"LineString","coordinates":[[-84.39747030001428,33.701462900392585],[-84.39753130012934,33.70144850044801],[-84.39761679957559,33.70137420025918],[-84.3977278001978,33.7012600996739],[-84.39783100010055,33.70118559983564],[-84.39796719972645,33.701137399771255],[-84.39825520041711,33.701140899932625]]},"properties":{"overall":31,"safety":67,"sidewalk":0,"sidewalk_present":0,"canopy":24.8,"comfort":43.1,"name":"","road_type":"service","osm_id":1330578503}},{"type":"Feature","geometry":{"type":"LineString","coordinates":[[-84.3963032003324,33.70140760018063],[-84.39639870023979,33.70141580019907],[-84.39643889993522,33.701304199729066],[-84.3965100003362,33.70124509988153],[-84.39739640002381,33.70132989965521],[-84.39747249975602,33.70142829987617],[-84.39747030001428,33.701462900392585],[-84.39746620000511,33.701528499640574],[-84.3974434003926,33.70180520034978],[-84.39735220014387,33.70188330017419],[-84.39625240032797,33.701793199796384],[-84.39563019987378,33.70173600021627],[-84.39554709981877,33.701727599649075],[-84.3955001003493,33.70161779962183],[-84.39545660014193,33.70155680040608]]},"properties":{"overall":34,"safety":100,"sidewalk":0,"sidewalk_present":0,"canopy":3.1,"comfort":30.8,"name":"","road_type":"service","osm_id":561081791}},{"type":"Feature","geometry":{"type":"LineString","coordinates":[[-84.39724090004745,33.702271599554706],[-84.39726769984446,33.70215439990568]]},"properties":{"overall":34,"safety":100,"sidewalk":0,"sidewalk_present":0,"canopy":2.8,"comfort":26.9,"name":"","road_type":"service","osm_id":562954891}},{"type":"Feature","geometry":{"type":"LineString","coordinates":[[-84.3970078002697,33.70234620011712],[-84.39724090004745,33.702271599554706]]},"properties":{"overall":34,"safety":100,"sidewalk":0,"sidewalk_present":0,"canopy":2.1,"comfort":26.3,"name":"","road_type":"service","osm_id":562954892}},{"type":"Feature","geometry":{"type":"LineString","coordinates":[[-84.39726769984446,33.70215439990568],[-84.39745950005585,33.7021755996243],[-84.39744200014815,33.70230500037553],[-84.39724090004745,33.702271599554706]]},"properties":{"overall":34,"safety":100,"sidewalk":0,"sidewalk_present":0,"canopy":2.1,"comfort":26.6,"name":"","road_type":"service","osm_id":562954893}},{"type":"Feature","geometry":{"type":"LineString","coordinates":[[-84.39707029955463,33.70247779971072],[-84.3970078002697,33.70234620011712],[-84.39698880029289,33.70230620007112]]},"properties":{"overall":34,"safety":100,"sidewalk":0,"sidewalk_present":0,"canopy":2.4,"comfort":26.1,"name":"","road_type":"service","osm_id":562954894}},{"type":"Feature","geometry":{"type":"LineString","coordinates":[[-84.39956619972031,33.70238310019994],[-84.39946979959154,33.702382700001635],[-84.39929479961529,33.70238189960503],[-84.39919950025671,33.702381500306046],[-84.39907420041396,33.70238089955893],[-84.39907030005429,33.7021934997303],[-84.39908069981442,33.70185889976847],[-84.3991827998463,33.701859899814565],[-84.39953479989106,33.70187100014658]]},"properties":{"overall":34,"safety":98,"sidewalk":0,"sidewalk_present":0,"canopy":4.3,"comfort":33.0,"name":"","road_type":"service","osm_id":562954900}},{"type":"Feature","geometry":{"type":"LineString","coordinates":[[-84.3993008997167,33.70219709971644],[-84.39929479961529,33.70238189960503]]},"properties":{"overall":22,"safety":67,"sidewalk":0,"sidewalk_present":0,"canopy":0.0,"comfort":30.5,"name":"","road_type":"service","osm_id":976876698}},{"type":"Feature","geometry":{"type":"LineString","coordinates":[[-84.39901730030812,33.70252980031006],[-84.39901840017899,33.702520000397726],[-84.39902190034041,33.70250890006571],[-84.3990132002989,33.70219260040824]]},"properties":{"overall":44,"safety":31,"sidewalk":100,"sidewalk_present":1,"canopy":2.0,"comfort":30.9,"name":"","road_type":"footway","osm_id":1387298289}},{"type":"Feature","geometry":{"type":"LineString","coordinates":[[-84.39956450000165,33.702540500443774],[-84.39901730030812,33.70252980031006]]},"properties":{"overall":44,"safety":31,"sidewalk":100,"sidewalk_present":1,"canopy":2.1,"comfort":31.8,"name":"","road_type":"footway","osm_id":1387316278}},{"type":"Feature","geometry":{"type":"LineString","coordinates":[[-84.39891599977352,33.70261899956722],[-84.39901520039115,33.70261850044352],[-84.39923779968467,33.702617500397366],[-84.39944549990986,33.70261850044352],[-84.39956369960504,33.70261600032819]]},"properties":{"overall":14,"safety":40,"sidewalk":0,"sidewalk_present":0,"canopy":3.4,"comfort":32.5,"name":"Fair Drive Southwest","road_type":"secondary","osm_id":1382563907}},{"type":"Feature","geometry":{"type":"LineString","coordinates":[[-84.39901070018362,33.7027166002909],[-84.39901520039115,33.70261850044352],[-84.39901730030812,33.70252980031006]]},"properties":{"overall":34,"safety":0,"sidewalk":100,"sidewalk_present":1,"canopy":1.9,"comfort":31.0,"name":"","road_type":"footway","osm_id":1387298290}},{"type":"Feature","geometry":{"type":"LineString","coordinates":[[-84.39901070018362,33.7027166002909],[-84.39905049968075,33.70271960042925],[-84.39922770029807,33.70271060001426],[-84.39943500032496,33.7027146001987],[-84.39982469994993,33.70271350032783],[-84.40050600025165,33.70271119986205],[-84.40102909991299,33.702716000443104],[-84.40109639977896,33.70272039992659]]},"properties":{"overall":49,"safety":39,"sidewalk":100,"sidewalk_present":1,"canopy":8.2,"comfort":34.1,"name":"","road_type":"footway","osm_id":1387316279}},{"type":"Feature","geometry":{"type":"LineString","coordinates":[[-84.39921099988771,33.70286440027189],[-84.39899659971326,33.70286230035492],[-84.39891160029009,33.70286140013354]]},"properties":{"overall":49,"safety":46,"sidewalk":100,"sidewalk_present":1,"canopy":1.6,"comfort":31.7,"name":"","road_type":"service","osm_id":1327442163}},{"type":"Feature","geometry":{"type":"LineString","coordinates":[[-84.39912000018779,33.70310200025716],[-84.39898939974097,33.703102600104955],[-84.39890719990728,33.70310289957922]]},"properties":{"overall":65,"safety":89,"sidewalk":100,"sidewalk_present":1,"canopy":4.9,"comfort":33.5,"name":"","road_type":"service","osm_id":1327442162}},{"type":"Feature","geometry":{"type":"LineString","coordinates":[[-84.39944549990986,33.70261850044352],[-84.39943500032496,33.7027146001987],[-84.3994187001129,33.702862699653906],[-84.39932940013165,33.703376100126945],[-84.39909709985125,33.70338170020534],[-84.39912000018779,33.70310200025716],[-84.39921099988771,33.70286440027189],[-84.39922770029807,33.70271060001426],[-84.39923779968467,33.702617500397366]]},"properties":{"overall":63,"safety":79,"sidewalk":100,"sidewalk_present":1,"canopy":11.0,"comfort":37.2,"name":"","road_type":"service","osm_id":1327442161}},{"type":"Feature","geometry":{"type":"LineString","coordinates":[[-84.39332269958288,33.698529599661356],[-84.39375040006087,33.6984852999567],[-84.39439409970788,33.698415099777094],[-84.39568989956916,33.698276200386374],[-84.39633770012472,33.69821370020213],[-84.39666240034944,33.69819299960727]]},"properties":{"overall":74,"safety":77,"sidewalk":100,"sidewalk_present":1,"canopy":45.3,"comfort":63.8,"name":"","road_type":"footway","osm_id":1384417564}},{"type":"Feature","geometry":{"type":"LineString","coordinates":[[-84.39257909964567,33.699513799722126],[-84.39263110024507,33.699533400446114],[-84.39307150004964,33.69969599967072],[-84.3931930002567,33.69974500013171],[-84.39432119976351,33.700211000037655],[-84.39486740031026,33.7004629999675],[-84.39505559963618,33.70051630008726],[-84.39510679983891,33.700516399911976],[-84.39584600029264,33.70049830015648],[-84.39725010011199,33.70046390018888],[-84.39884290017966,33.70043510029967],[-84.39895499977337,33.700433100207476]]},"properties":{"overall":72,"safety":88,"sidewalk":100,"sidewalk_present":1,"canopy":28.3,"comfort":48.0,"name":"Lakewood Way Southwest","road_type":"tertiary","osm_id":9275519}},{"type":"Feature","geometry":{"type":"LineString","coordinates":[[-84.39506660014342,33.700576399980946],[-84.39505559963618,33.70051630008726],[-84.39504719996825,33.70045970035494]]},"properties":{"overall":78,"safety":100,"sidewalk":100,"sidewalk_present":1,"canopy":33.8,"comfort":50.3,"name":"","road_type":"footway","osm_id":1384397877}},{"type":"Feature","geometry":{"type":"LineString","coordinates":[[-84.39545660014193,33.70155680040608],[-84.39560259968022,33.701445399585566],[-84.3956291000029,33.701229900439614]]},"properties":{"overall":37,"safety":100,"sidewalk":0,"sidewalk_present":0,"canopy":11.7,"comfort":33.7,"name":"","road_type":"service","osm_id":1258511534}},{"type":"Feature","geometry":{"type":"LineString","coordinates":[[-84.39541479965322,33.70252420023172],[-84.39545839968537,33.70214800033]]},"properties":{"overall":33,"safety":100,"sidewalk":0,"sidewalk_present":0,"canopy":0.0,"comfort":23.7,"name":"","road_type":"service","osm_id":561081783}},{"type":"Feature","geometry":{"type":"LineString","coordinates":[[-84.39584600029264,33.70049830015648],[-84.39585079997443,33.700537999828896],[-84.39585630022805,33.700585000197634],[-84.39586839970684,33.7006580997915],[-84.39616370019456,33.70069440002658],[-84.39626049962231,33.700667100206545]]},"properties":{"overall":67,"safety":100,"sidewalk":100,"sidewalk_present":1,"canopy":0.0,"comfort":0.0,"name":"","road_type":"service","osm_id":1458075515}},{"type":"Feature","geometry":{"type":"LineString","coordinates":[[-84.39887039964918,33.70056619987025],[-84.39886240017961,33.700572600345254],[-84.39871410017554,33.70063520035427],[-84.3983780999693,33.700777300432094],[-84.39775059981031,33.70102509962868],[-84.3975387995759,33.70108640011733],[-84.39742579976081,33.701102200306366],[-84.39727429996896,33.701114600158746],[-84.39721820025972,33.701111699845114],[-84.3962388997054,33.7010247003297],[-84.395739499878,33.70097800033449],[-84.39560340007682,33.70094780020088],[-84.39541460000373,33.70087629960159],[-84.39518150022604,33.700731200284736],[-84.39505840012504,33.70065699992068],[-84.3950486002127,33.70064529974087],[-84.39504180043872,33.70062209993],[-84.395042599936,33.70060019963955],[-84.39506660014342,33.700576399980946]]},"properties":{"overall":70,"safety":86,"sidewalk":100,"sidewalk_present":1,"canopy":25.3,"comfort":44.8,"name":"","road_type":"footway","osm_id":1384397876}},{"type":"Feature","geometry":{"type":"LineString","coordinates":[[-84.39486740031026,33.7004629999675],[-84.39488709995965,33.700570700077776],[-84.39534799981033,33.70088000031183],[-84.39548499983283,33.70094199957367],[-84.39564900020116,33.700993000126914],[-84.39584100006209,33.70102399975781],[-84.39618010023139,33.70105300019583],[-84.3965206995706,33.7010820995593],[-84.39724400001057,33.70114399989575],[-84.3974689995946,33.701128000057224],[-84.3976859997091,33.7010770004033],[-84.39887220009194,33.70061819957033],[-84.39889749981972,33.700608399657995],[-84.39895299968117,33.700587000289886]]},"properties":{"overall":71,"safety":91,"sidewalk":100,"sidewalk_present":1,"canopy":22.6,"comfort":43.7,"name":"","road_type":"residential","osm_id":278400987}},{"type":"Feature","geometry":{"type":"LineString","coordinates":[[-84.39630609974665,33.70138569989018],[-84.39635310011545,33.70133439986273],[-84.39637720014764,33.70120380031517],[-84.39641339965863,33.70115140041685],[-84.39646040002742,33.7011234998497],[-84.3965206995706,33.7010820995593]]},"properties":{"overall":67,"safety":100,"sidewalk":100,"sidewalk_present":1,"canopy":0.0,"comfort":32.2,"name":"","road_type":"unclassified","osm_id":561081810}},{"type":"Feature","geometry":{"type":"LineString","coordinates":[[-84.39618010023139,33.70105300019583],[-84.3962537996731,33.701117899771305],[-84.39628599989896,33.70116139997867],[-84.39629410009263,33.7011892996465],[-84.39627529976525,33.70132319970594],[-84.39630609974665,33.70138569989018]]},"properties":{"overall":70,"safety":100,"sidewalk":100,"sidewalk_present":1,"canopy":9.1,"comfort":35.1,"name":"","road_type":"unclassified","osm_id":561081813}},{"type":"Feature","geometry":{"type":"LineString","coordinates":[[-84.39630609974665,33.70138569989018],[-84.3963032003324,33.70140760018063],[-84.39625240032797,33.701793199796384],[-84.39620609963174,33.70214419979504]]},"properties":{"overall":33,"safety":100,"sidewalk":0,"sidewalk_present":0,"canopy":0.0,"comfort":27.6,"name":"","road_type":"unclassified","osm_id":561081808}},{"type":"Feature","geometry":{"type":"LineString","coordinates":[[-84.39596629990479,33.702572199747294],[-84.39602000022279,33.70219649986865]]},"properties":{"overall":33,"safety":100,"sidewalk":0,"sidewalk_present":0,"canopy":0.0,"comfort":24.0,"name":"","road_type":"service","osm_id":561081779}},{"type":"Feature","geometry":{"type":"LineString","coordinates":[[-84.39305419979144,33.69859590038055],[-84.39316110040443,33.69855199997488],[-84.39327269997511,33.698513099799754],[-84.39336669981333,33.69849180025642],[-84.39341189973936,33.69848210016886],[-84.39356009991866,33.69846450043639],[-84.39359959994152,33.698460799726206],[-84.39370949979354,33.698450499790795],[-84.39439709984623,33.698381000183076],[-84.39505470031412,33.69831349976823],[-84.39564390014584,33.698253100400336],[-84.39584219975768,33.6982318997824],[-84.39610699973821,33.69820359991627],[-84.39663029994836,33.69815730011936],[-84.39683319959244,33.69814559993955],[-84.39703500026502,33.69814059970895],[-84.39744269982072,33.69813520017942]]},"properties":{"overall":74,"safety":85,"sidewalk":100,"sidewalk_present":1,"canopy":36.8,"comfort":60.3,"name":"","road_type":"motorway_link","osm_id":9247700}},{"type":"Feature","geometry":{"type":"LineString","coordinates":[[-84.3931930002567,33.69974500013171],[-84.39323200025655,33.69970299999352],[-84.3932684003164,33.69968230029798],[-84.3932969996568,33.69966600008587],[-84.39377900030058,33.699517999556065],[-84.39401600043806,33.69940999997158],[-84.3943329997681,33.699209999741754],[-84.39445399995208,33.699147000433754],[-84.39463600025118,33.69908300018034],[-84.39484700008893,33.69904700031884],[-84.39560499997071,33.69899899990395],[-84.39618799987625,33.69899799985785],[-84.39653599973656,33.69902100001917],[-84.39754899968653,33.69912999964981],[-84.3982600000989,33.69916000013393],[-84.39892669990724,33.69917020024462],[-84.39897899998084,33.69917099974191]]},"properties":{"overall":79,"safety":99,"sidewalk":100,"sidewalk_present":1,"canopy":37.7,"comfort":62.2,"name":"Hilltop Drive Southwest","road_type":"residential","osm_id":9268794}},{"type":"Feature","geometry":{"type":"LineString","coordinates":[[-84.39504719996825,33.70045970035494],[-84.39499959975171,33.70043680001834],[-84.39492540028698,33.700399100438176],[-84.39483939991834,33.700375200055475],[-84.39453900027462,33.70023460004683],[-84.39449469967059,33.70021519987165],[-84.39446279981831,33.700201999622664],[-84.39443740026576,33.70018549976106],[-84.39441230018747,33.70016980029612],[-84.3943881003305,33.700150499945664],[-84.39432650036764,33.70012000033779],[-84.39379509996388,33.699896800297154],[-84.3933342001132,33.69970900027022]]},"properties":{"overall":73,"safety":99,"sidewalk":100,"sidewalk_present":1,"canopy":19.8,"comfort":44.2,"name":"","road_type":"footway","osm_id":1384397878}},{"type":"Feature","geometry":{"type":"LineString","coordinates":[[-84.39388680023558,33.700836400279684],[-84.39415560040061,33.700410100046156]]},"properties":{"overall":34,"safety":99,"sidewalk":0,"sidewalk_present":0,"canopy":4.0,"comfort":32.8,"name":"","road_type":"service","osm_id":1258511535}},{"type":"Feature","geometry":{"type":"LineString","coordinates":[[-84.39324299986453,33.700585900419014],[-84.39344190022348,33.70060989972717],[-84.39388680023558,33.700836400279684],[-84.39430109991577,33.70104740011749],[-84.39486929967842,33.70135559958129],[-84.39508660016645,33.7013245999504],[-84.39536730016073,33.70122269956801]]},"properties":{"overall":39,"safety":100,"sidewalk":0,"sidewalk_present":0,"canopy":15.7,"comfort":35.2,"name":"","road_type":"service","osm_id":1258511533}},{"type":"Feature","geometry":{"type":"LineString","coordinates":[[-84.39328039997042,33.7013085002871],[-84.39378179989012,33.70118130017693],[-84.39408059963995,33.70128640034716],[-84.394233200202,33.701340099765844]]},"properties":{"overall":35,"safety":100,"sidewalk":0,"sidewalk_present":0,"canopy":4.6,"comfort":28.7,"name":"","road_type":"service","osm_id":562991199}},{"type":"Feature","geometry":{"type":"LineString","coordinates":[[-84.394233200202,33.701340099765844],[-84.39441199981388,33.701427700028376],[-84.39454229988718,33.7014915995577],[-84.39470299974363,33.70154019982044],[-84.39492430041611,33.701560699866434],[-84.39512350024933,33.70154339960828],[-84.39545660014193,33.70155680040608]]},"properties":{"overall":36,"safety":100,"sidewalk":0,"sidewalk_present":0,"canopy":9.2,"comfort":31.4,"name":"","road_type":"service","osm_id":562991219}},{"type":"Feature","geometry":{"type":"LineString","coordinates":[[-84.396147599632,33.70258799993633],[-84.39596629990479,33.702572199747294],[-84.39576970001161,33.7025551000379],[-84.39558309968027,33.70253889965056],[-84.39541479965322,33.70252420023172],[-84.39456399962882,33.702450099692385],[-84.39447819980904,33.70241550007535],[-84.39445540019653,33.702370899997106],[-84.3944325996847,33.702316199632946],[-84.39442460021507,33.70225590008977],[-84.39444200029806,33.7021834003437],[-84.39449299995192,33.70213100044538],[-84.3945519999748,33.702098599670705],[-84.39462709966091,33.70207970041787],[-84.39477059998319,33.70208860010888],[-84.39545839968537,33.70214800033],[-84.3956222004042,33.702162099901045],[-84.39581709967939,33.702177400067],[-84.39602000022279,33.70219649986865],[-84.39619719994079,33.702211800034604]]},"properties":{"overall":35,"safety":100,"sidewalk":0,"sidewalk_present":0,"canopy":4.6,"comfort":26.1,"name":"","road_type":"service","osm_id":561081800}},{"type":"Feature","geometry":{"type":"LineString","coordinates":[[-84.39344819997439,33.702156599647424],[-84.39351819960518,33.70216069965659],[-84.39409439973673,33.702221199748635],[-84.39442460021507,33.70225590008977]]},"properties":{"overall":40,"safety":100,"sidewalk":0,"sidewalk_present":0,"canopy":18.9,"comfort":32.1,"name":"","road_type":"service","osm_id":561081804}},{"type":"Feature","geometry":{"type":"LineString","coordinates":[[-84.39696730020069,33.703092700367904],[-84.39608100033786,33.70304340043265],[-84.39470349976665,33.702906400410086],[-84.39455330039448,33.70286400007359],[-84.39443530034879,33.702800400018475],[-84.39432400025237,33.702695500397056],[-84.39421799986076,33.702570599853345],[-84.39415100036831,33.7024612000244],[-84.39410140005953,33.702384299895584],[-84.39408659991659,33.70232849966061],[-84.39409439973673,33.702221199748635],[-84.39409599963062,33.702189000422095],[-84.3941388999902,33.70207410033953],[-84.39421399967631,33.70199040043667],[-84.39436150018304,33.7018632003265],[-84.39464049955939,33.701748300243935],[-84.39483899972004,33.70171479959839],[-84.39530639987044,33.70174620032691],[-84.39554709981877,33.701727599649075]]},"properties":{"overall":38,"safety":100,"sidewalk":0,"sidewalk_present":0,"canopy":13.6,"comfort":30.7,"name":"","road_type":"service","osm_id":561081806}},{"type":"Feature","geometry":{"type":"LineString","coordinates":[[-84.39645100031339,33.70463569957792],[-84.3959600999786,33.70456209996098],[-84.395580599565,33.70447060023804],[-84.39535660002701,33.70438249995249],[-84.39533149994872,33.70438679961114],[-84.3948121000983,33.704476200316435],[-84.3945827999562,33.70447730018731],[-84.3943629004275,33.70439250041363],[-84.39415630007318,33.70417610014698],[-84.39394509968656,33.703876300351055],[-84.39381560000987,33.70394150030006]]},"properties":{"overall":39,"safety":100,"sidewalk":0,"sidewalk_present":0,"canopy":16.0,"comfort":35.0,"name":"","road_type":"service","osm_id":562991224}},{"type":"Feature","geometry":{"type":"LineString","coordinates":[[-84.39434670004016,33.70570940016876],[-84.39435869969418,33.70565159984153],[-84.3944625003441,33.705483399639206],[-84.39450329988733,33.70548140044633],[-84.39455040008085,33.70548739982371],[-84.39458399965184,33.70548870024339],[-84.39461519983155,33.7055000002249]]},"properties":{"overall":44,"safety":100,"sidewalk":0,"sidewalk_present":0,"canopy":31.4,"comfort":44.5,"name":"Amal Drive Southwest","road_type":"residential","osm_id":242062088}},{"type":"Feature","geometry":{"type":"LineString","coordinates":[[-84.39563379985992,33.70580340000697],[-84.39545689961619,33.70580130009],[-84.39542699985611,33.70579450031596],[-84.39534959970422,33.705776899684224],[-84.39528820029017,33.70576070019621],[-84.39519590017062,33.7057365003393],[-84.39510329967749,33.705723300090256],[-84.39499820040658,33.70571860023324],[-84.39493379995486,33.70571579974444],[-84.39471920013096,33.705669699597024],[-84.39464799990526,33.705627399984564],[-84.39462649981306,33.70559359986481],[-84.39461519983155,33.70554279986038],[-84.39461519983155,33.7055000002249],[-84.39461519983155,33.70549020031257],[-84.39465250011273,33.70543010041882],[-84.39469550029708,33.70540279969947],[-84.394764400057,33.7053877999071],[-84.39508639961758,33.70537930041445],[-84.39522870024427,33.70534829988418],[-84.39524150029496,33.7053473996628],[-84.39532129983809,33.705341699759686],[-84.39539479963025,33.70533980039153],[-84.39546260041863,33.70535580023005],[-84.39555410014157,33.705384000271465],[-84.39563269998905,33.70542210004993]]},"properties":{"overall":42,"safety":100,"sidewalk":0,"sidewalk_present":0,"canopy":27.1,"comfort":41.8,"name":"Amal Drive","road_type":"residential","osm_id":242062080}},{"type":"Feature","geometry":{"type":"LineString","coordinates":[[-84.39558309968027,33.70253889965056],[-84.3956222004042,33.702162099901045]]},"properties":{"overall":33,"safety":100,"sidewalk":0,"sidewalk_present":0,"canopy":0.0,"comfort":23.7,"name":"","road_type":"service","osm_id":561081772}},{"type":"Feature","geometry":{"type":"LineString","coordinates":[[-84.39576970001161,33.7025551000379],[-84.39581709967939,33.702177400067]]},"properties":{"overall":33,"safety":100,"sidewalk":0,"sidewalk_present":0,"canopy":0.0,"comfort":23.8,"name":"","road_type":"service","osm_id":561081776}},{"type":"Feature","geometry":{"type":"LineString","coordinates":[[-84.395728000247,33.70366319969696],[-84.39568629958302,33.703565599872604]]},"properties":{"overall":33,"safety":100,"sidewalk":0,"sidewalk_present":0,"canopy":0.0,"comfort":26.7,"name":"","road_type":"footway","osm_id":705121791}},{"type":"Feature","geometry":{"type":"LineString","coordinates":[[-84.39575229992869,33.70372019962758],[-84.395728000247,33.70366319969696]]},"properties":{"overall":33,"safety":100,"sidewalk":0,"sidewalk_present":0,"canopy":0.0,"comfort":27.3,"name":"","road_type":"steps","osm_id":705121792}},{"type":"Feature","geometry":{"type":"LineString","coordinates":[[-84.39580409997922,33.70383800002372],[-84.39575820038061,33.70373380007487],[-84.39575229992869,33.70372019962758]]},"properties":{"overall":33,"safety":100,"sidewalk":0,"sidewalk_present":0,"canopy":0.0,"comfort":27.4,"name":"","road_type":"footway","osm_id":705121802}},{"type":"Feature","geometry":{"type":"LineString","coordinates":[[-84.3969052002148,33.704105899967374],[-84.3966952004231,33.70389869976526],[-84.39651920040075,33.703769399738064],[-84.39647710043778,33.70375249967816],[-84.39625910027723,33.70366500013972],[-84.39616699980718,33.70367759964154],[-84.39575820038061,33.70373380007487],[-84.39567119996588,33.70374579972895],[-84.39549119975902,33.70390500041549],[-84.3954637002895,33.70392930009717],[-84.3953579004467,33.70408249960775],[-84.39532709956598,33.704127099685934],[-84.39533149994872,33.70438679961114]]},"properties":{"overall":34,"safety":100,"sidewalk":0,"sidewalk_present":0,"canopy":1.1,"comfort":28.9,"name":"","road_type":"footway","osm_id":705121784}},{"type":"Feature","geometry":{"type":"LineString","coordinates":[[-84.39542430009135,33.70385349983917],[-84.39532809961207,33.703779500023984]]},"properties":{"overall":33,"safety":100,"sidewalk":0,"sidewalk_present":0,"canopy":0.0,"comfort":27.7,"name":"","road_type":"footway","osm_id":705121789}},{"type":"Feature","geometry":{"type":"LineString","coordinates":[[-84.39581370024206,33.703859799590134],[-84.39580409997922,33.70383800002372]]},"properties":{"overall":33,"safety":100,"sidewalk":0,"sidewalk_present":0,"canopy":0.0,"comfort":27.4,"name":"","road_type":"footway","osm_id":705121787}},{"type":"Feature","geometry":{"type":"LineString","coordinates":[[-84.39655050040523,33.70398909961733],[-84.39638659986167,33.703900699857456],[-84.39616199957658,33.70380129959034],[-84.39582600026966,33.703848499608625],[-84.39581370024206,33.703859799590134],[-84.39565150031643,33.70400970038742],[-84.39551529979121,33.704135600077905]]},"properties":{"overall":33,"safety":100,"sidewalk":0,"sidewalk_present":0,"canopy":0.0,"comfort":27.5,"name":"","road_type":"footway","osm_id":705121798}},{"type":"Feature","geometry":{"type":"LineString","coordinates":[[-84.39547159993435,33.703889899899025],[-84.39542430009135,33.70385349983917]]},"properties":{"overall":33,"safety":100,"sidewalk":0,"sidewalk_present":0,"canopy":0.0,"comfort":28.3,"name":"","road_type":"steps","osm_id":705121790}},{"type":"Feature","geometry":{"type":"LineString","coordinates":[[-84.39563300036264,33.7039976000093],[-84.39549119975902,33.70390500041549],[-84.39547159993435,33.703889899899025]]},"properties":{"overall":33,"safety":100,"sidewalk":0,"sidewalk_present":0,"canopy":0.0,"comfort":28.2,"name":"","road_type":"footway","osm_id":705121801}},{"type":"Feature","geometry":{"type":"LineString","coordinates":[[-84.39565150031643,33.70400970038742],[-84.39563300036264,33.7039976000093]]},"properties":{"overall":33,"safety":100,"sidewalk":0,"sidewalk_present":0,"canopy":0.0,"comfort":27.6,"name":"","road_type":"footway","osm_id":705121788}},{"type":"Feature","geometry":{"type":"LineString","coordinates":[[-84.39549300020178,33.704127999907314],[-84.3953579004467,33.70408249960775]]},"properties":{"overall":33,"safety":100,"sidewalk":0,"sidewalk_present":0,"canopy":0.0,"comfort":28.9,"name":"","road_type":"footway","osm_id":705121800}},{"type":"Feature","geometry":{"type":"LineString","coordinates":[[-84.39551529979121,33.704135600077905],[-84.39549300020178,33.704127999907314]]},"properties":{"overall":33,"safety":100,"sidewalk":0,"sidewalk_present":0,"canopy":0.0,"comfort":29.1,"name":"","road_type":"footway","osm_id":705121799}},{"type":"Feature","geometry":{"type":"LineString","coordinates":[[-84.39528820029017,33.70576070019621],[-84.39524150029496,33.7053473996628]]},"properties":{"overall":41,"safety":100,"sidewalk":0,"sidewalk_present":0,"canopy":23.2,"comfort":40.0,"name":"Amal Drive","road_type":"residential","osm_id":242062078}},{"type":"Feature","geometry":{"type":"LineString","coordinates":[[-84.39522980011515,33.70590280027409],[-84.39530489980126,33.7059024999005],[-84.39534170005936,33.705885199642296],[-84.39536730016073,33.705865199619325],[-84.39542699985611,33.70579450031596]]},"properties":{"overall":42,"safety":100,"sidewalk":0,"sidewalk_present":0,"canopy":27.1,"comfort":40.3,"name":"Amal Drive","road_type":"residential","osm_id":242062084}},{"type":"Feature","geometry":{"type":"LineString","coordinates":[[-84.3959709997618,33.7078250004235],[-84.39593609977118,33.7077780000547],[-84.39558189998468,33.70730070016725],[-84.39556750004004,33.707281299992076],[-84.3955449999018,33.70725100003369],[-84.39528399955691,33.70689899998894],[-84.39525540021651,33.70684700028886],[-84.39523499999524,33.70681000038127],[-84.39520599955722,33.70672400001263],[-84.39519900013369,33.70654799999028],[-84.39522300034116,33.70645200005981],[-84.395262000341,33.70636899982952],[-84.39538299962567,33.706224000337386],[-84.39556199978642,33.7061040001995],[-84.39568700015491,33.70604700026888],[-84.39573930022851,33.70603070005683],[-84.39581899994687,33.70600600017684],[-84.39595800006163,33.70597999987717],[-84.39611700019935,33.705971000361444],[-84.39637999973718,33.70600099994624],[-84.39655399966733,33.70605199960016],[-84.39668400026636,33.706103000153405],[-84.39677859995237,33.70616729988103],[-84.39701950044957,33.70633109970055],[-84.39705750040326,33.70635690035073],[-84.39709300024174,33.70638100038292],[-84.39719300035665,33.706495000244104],[-84.39752600042453,33.706944799762766],[-84.39756500042438,33.706994999919345]]},"properties":{"overall":25,"safety":60,"sidewalk":0,"sidewalk_present":0,"canopy":14.6,"comfort":35.5,"name":"Amal Drive Southwest","road_type":"residential","osm_id":9274570}},{"type":"Feature","geometry":{"type":"LineString","coordinates":[[-84.39556750004004,33.707281299992076],[-84.39587830034327,33.70712479996962],[-84.39593060041682,33.70707009960546],[-84.3959600999786,33.7069674995505],[-84.3957589998779,33.70667289963467],[-84.3957939996933,33.70656769963966],[-84.39580719994228,33.70652790014253],[-84.39583409956401,33.706471000036686],[-84.39604599962314,33.70640289977405],[-84.39635980006466,33.7064487004472],[-84.39663339991142,33.70657469996246],[-84.39678620012302,33.706514500244054],[-84.39701950044957,33.70633109970055]]},"properties":{"overall":26,"safety":65,"sidewalk":0,"sidewalk_present":0,"canopy":13.7,"comfort":35.7,"name":"","road_type":"residential","osm_id":562987242}},{"type":"Feature","geometry":{"type":"LineString","coordinates":[[-84.39558189998468,33.70730070016725],[-84.39521230020745,33.70747119993598]]},"properties":{"overall":38,"safety":100,"sidewalk":0,"sidewalk_present":0,"canopy":14.1,"comfort":37.3,"name":"Amal Drive","road_type":"residential","osm_id":242062074}},{"type":"Feature","geometry":{"type":"LineString","coordinates":[[-84.39497270012998,33.7075895003552],[-84.39512119978349,33.7077954999624],[-84.39536089968573,33.707683900391714],[-84.39522839987075,33.7074942000973],[-84.39521230020745,33.70747119993598],[-84.39505249967306,33.70724260036576]]},"properties":{"overall":38,"safety":100,"sidewalk":0,"sidewalk_present":0,"canopy":15.3,"comfort":36.6,"name":"Amal Drive","road_type":"residential","osm_id":242062086}},{"type":"Feature","geometry":{"type":"LineString","coordinates":[[-84.39413160019313,33.70621130011148],[-84.39408039999046,33.70619010039286],[-84.39399260007838,33.70617010036989],[-84.39394919969578,33.706166799857954]]},"properties":{"overall":44,"safety":100,"sidewalk":0,"sidewalk_present":0,"canopy":33.0,"comfort":43.9,"name":"Pryor Road","road_type":"residential","osm_id":242062083}},{"type":"Feature","geometry":{"type":"LineString","coordinates":[[-84.39394919969578,33.70676070044601],[-84.39434009991567,33.70656709979187],[-84.39414590031299,33.70634560036922],[-84.39413000029924,33.7062991000235],[-84.39412199993029,33.706240600023705],[-84.39413160019313,33.70621130011148],[-84.39416350004547,33.706187399728776],[-84.39418590035899,33.70618479978873],[-84.39466840012653,33.70618479978873]]},"properties":{"overall":42,"safety":100,"sidewalk":0,"sidewalk_present":0,"canopy":24.6,"comfort":37.8,"name":"Pryor Road","road_type":"residential","osm_id":242062090}},{"type":"Feature","geometry":{"type":"LineString","coordinates":[[-84.39496719987636,33.70699049971182],[-84.39487520013034,33.706903900394764]]},"properties":{"overall":36,"safety":100,"sidewalk":0,"sidewalk_present":0,"canopy":8.0,"comfort":31.4,"name":"","road_type":"service","osm_id":562987240}},{"type":"Feature","geometry":{"type":"LineString","coordinates":[[-84.39472649992797,33.70807080042715],[-84.39457710005308,33.7078554002066],[-84.39423139975924,33.70735689970121],[-84.39403729998139,33.70709530040784],[-84.39394919969578,33.70689230003967],[-84.39394919969578,33.70676070044601],[-84.39394919969578,33.706166799857954]]},"properties":{"overall":40,"safety":100,"sidewalk":0,"sidewalk_present":0,"canopy":21.0,"comfort":38.0,"name":"Pryor Road","road_type":"residential","osm_id":242062089}},{"type":"Feature","geometry":{"type":"LineString","coordinates":[[-84.39487520013034,33.706903900394764],[-84.39439840026591,33.70714279990034]]},"properties":{"overall":37,"safety":100,"sidewalk":0,"sidewalk_present":0,"canopy":10.8,"comfort":32.1,"name":"","road_type":"service","osm_id":562987238}},{"type":"Feature","geometry":{"type":"LineString","coordinates":[[-84.39439840026591,33.70714279990034],[-84.39420729972704,33.70723860018131],[-84.39426279958849,33.70734120023627]]},"properties":{"overall":38,"safety":100,"sidewalk":0,"sidewalk_present":0,"canopy":15.1,"comfort":33.6,"name":"","road_type":"service","osm_id":562987239}},{"type":"Feature","geometry":{"type":"LineString","coordinates":[[-84.39525540021651,33.70684700028886],[-84.39496719987636,33.70699049971182],[-84.39426279958849,33.70734120023627],[-84.39423139975924,33.70735689970121],[-84.3937412998211,33.70760090016148],[-84.39377519976563,33.70827760043096],[-84.39457710005308,33.7078554002066]]},"properties":{"overall":38,"safety":100,"sidewalk":0,"sidewalk_present":0,"canopy":13.8,"comfort":34.9,"name":"Pryor Road","road_type":"residential","osm_id":242062085}},{"type":"Feature","geometry":{"type":"LineString","coordinates":[[-84.39497270012998,33.7075895003552],[-84.39485760039793,33.70759749982483],[-84.39472819964664,33.70743400037884],[-84.39505249967306,33.70724260036576]]},"properties":{"overall":29,"safety":75,"sidewalk":0,"sidewalk_present":0,"canopy":12.8,"comfort":35.0,"name":"Amal Drive","road_type":"residential","osm_id":242062082}},{"type":"Feature","geometry":{"type":"LineString","coordinates":[[-84.39361569960482,33.70870310026794],[-84.39364660031032,33.7087114001111],[-84.39369259973364,33.7087138004016],[-84.39400049972323,33.708688499774496],[-84.39413150036842,33.70867569972381],[-84.39422900036806,33.70866520013891]]},"properties":{"overall":68,"safety":84,"sidewalk":100,"sidewalk_present":1,"canopy":19.3,"comfort":37.8,"name":"","road_type":"footway","osm_id":1387305501}},{"type":"Feature","geometry":{"type":"LineString","coordinates":[[-84.39408159968605,33.708817100129124],[-84.39419449967636,33.7087128003555],[-84.39422900036806,33.70866520013891]]},"properties":{"overall":68,"safety":83,"sidewalk":100,"sidewalk_present":1,"canopy":21.0,"comfort":39.8,"name":"","road_type":"footway","osm_id":1387298314}},{"type":"Feature","geometry":{"type":"LineString","coordinates":[[-84.39275740013386,33.699032700198984],[-84.39273049961281,33.69900889964106],[-84.3926310004203,33.69892080025477]]},"properties":{"overall":61,"safety":83,"sidewalk":100,"sidewalk_present":1,"canopy":0.0,"comfort":36.6,"name":"","road_type":"service","osm_id":561206260}},{"type":"Feature","geometry":{"type":"LineString","coordinates":[[-84.3929801999762,33.6992300995895],[-84.39275740013386,33.699032700198984]]},"properties":{"overall":48,"safety":43,"sidewalk":100,"sidewalk_present":1,"canopy":1.7,"comfort":37.1,"name":"","road_type":"service","osm_id":561206263}},{"type":"Feature","geometry":{"type":"LineString","coordinates":[[-84.39246919979371,33.699289800184204],[-84.3924699003656,33.69927180025343],[-84.39247269995508,33.69925380032265],[-84.39248990038857,33.69921030011528],[-84.39260819990847,33.69910670001423],[-84.39273049961281,33.69900889964106],[-84.3932992002978,33.69854899983653],[-84.39332269958288,33.698529599661356]]},"properties":{"overall":55,"safety":62,"sidewalk":100,"sidewalk_present":1,"canopy":2.8,"comfort":39.8,"name":"","road_type":"footway","osm_id":1384397880}},{"type":"Feature","geometry":{"type":"LineString","coordinates":[[-84.39320599995688,33.69965730004441],[-84.39267820043858,33.69944649985615],[-84.39253460029153,33.699389199551945],[-84.39250979968745,33.69937590037756],[-84.39249620013948,33.699360200013246],[-84.39248619967833,33.699336900377716],[-84.39246919979371,33.699289800184204]]},"properties":{"overall":60,"safety":74,"sidewalk":100,"sidewalk_present":1,"canopy":6.6,"comfort":38.7,"name":"","road_type":"footway","osm_id":1384405315}},{"type":"Feature","geometry":{"type":"LineString","coordinates":[[-84.3929801999762,33.6992300995895],[-84.39283940031805,33.69938630013769]]},"properties":{"overall":1,"safety":0,"sidewalk":0,"sidewalk_present":0,"canopy":4.3,"comfort":37.5,"name":"","road_type":"service","osm_id":561206261}},{"type":"Feature","geometry":{"type":"LineString","coordinates":[[-84.39283940031805,33.69938630013769],[-84.39270119970058,33.699404100418974],[-84.39267820043858,33.69944649985615],[-84.39263110024507,33.699533400446114]]},"properties":{"overall":55,"safety":57,"sidewalk":100,"sidewalk_present":1,"canopy":7.3,"comfort":38.0,"name":"","road_type":"service","osm_id":561206262}},{"type":"Feature","geometry":{"type":"LineString","coordinates":[[-84.39183499968544,33.69935219964435],[-84.39190529968977,33.69930899981057],[-84.39198429973561,33.69926050027192],[-84.3920741995646,33.699211599635646]]},"properties":{"overall":40,"safety":0,"sidewalk":100,"sidewalk_present":1,"canopy":19.9,"comfort":43.4,"name":"","road_type":"footway","osm_id":1354730206}},{"type":"Feature","geometry":{"type":"LineString","coordinates":[[-84.39257909964567,33.699513799722126],[-84.39245579989523,33.69935729969967],[-84.39244919977074,33.69929290014727],[-84.39244109957707,33.69921559982015],[-84.3924653003333,33.69905280004673]]},"properties":{"overall":60,"safety":74,"sidewalk":100,"sidewalk_present":1,"canopy":4.7,"comfort":37.3,"name":"","road_type":"secondary_link","osm_id":562991200}},{"type":"Feature","geometry":{"type":"LineString","coordinates":[[-84.39239629984934,33.69930170001351],[-84.39244919977074,33.69929290014727],[-84.39246919979371,33.699289800184204]]},"properties":{"overall":50,"safety":43,"sidewalk":100,"sidewalk_present":1,"canopy":7.9,"comfort":38.2,"name":"","road_type":"footway","osm_id":1354730201}},{"type":"Feature","geometry":{"type":"LineString","coordinates":[[-84.39235720002472,33.69930710044241],[-84.39239629984934,33.69930170001351]]},"properties":{"overall":41,"safety":16,"sidewalk":100,"sidewalk_present":1,"canopy":7.9,"comfort":38.3,"name":"","road_type":"footway","osm_id":1390686565}},{"type":"Feature","geometry":{"type":"LineString","coordinates":[[-84.39135059965042,33.699103000203365],[-84.3914955002171,33.69916550038761],[-84.39169379982894,33.699255099843015],[-84.39184950035411,33.699303799930476],[-84.39190529968977,33.69930899981057],[-84.3920970999012,33.69933230034542]]},"properties":{"overall":22,"safety":40,"sidewalk":0,"sidewalk_present":0,"canopy":25.7,"comfort":47.3,"name":"Macon Drive Southwest","road_type":"tertiary","osm_id":1066850260}},{"type":"Feature","geometry":{"type":"LineString","coordinates":[[-84.39233490043529,33.69929569973681],[-84.39235720002472,33.69930710044241]]},"properties":{"overall":39,"safety":11,"sidewalk":100,"sidewalk_present":1,"canopy":6.7,"comfort":37.9,"name":"","road_type":"footway","osm_id":1390686567}},{"type":"Feature","geometry":{"type":"LineString","coordinates":[[-84.39235720002472,33.69930710044241],[-84.3923356001078,33.69932649971821]]},"properties":{"overall":38,"safety":7,"sidewalk":100,"sidewalk_present":1,"canopy":5.6,"comfort":37.5,"name":"","road_type":"footway","osm_id":1390686566}},{"type":"Feature","geometry":{"type":"LineString","coordinates":[[-84.3916417003042,33.69947660016504],[-84.39165579987525,33.699469900215774],[-84.39179610040969,33.6993726996904],[-84.39183499968544,33.69935219964435]]},"properties":{"overall":58,"safety":48,"sidewalk":100,"sidewalk_present":1,"canopy":26.9,"comfort":47.5,"name":"","road_type":"footway","osm_id":1354064741}},{"type":"Feature","geometry":{"type":"LineString","coordinates":[[-84.3923356001078,33.69932649971821],[-84.39225960020036,33.69939469980562],[-84.39216580001164,33.69947879990673]]},"properties":{"overall":36,"safety":0,"sidewalk":100,"sidewalk_present":1,"canopy":8.8,"comfort":38.5,"name":"","road_type":"footway","osm_id":1354730204}},{"type":"Feature","geometry":{"type":"LineString","coordinates":[[-84.3920970999012,33.69933230034542],[-84.39225960020036,33.69939469980562],[-84.39257909964567,33.699513799722126]]},"properties":{"overall":15,"safety":36,"sidewalk":0,"sidewalk_present":0,"canopy":8.0,"comfort":38.2,"name":"Lakewood Way Southwest","road_type":"tertiary","osm_id":629305997}},{"type":"Feature","geometry":{"type":"LineString","coordinates":[[-84.39216580001164,33.69947879990673],[-84.39197880038131,33.69940720038204],[-84.39183499968544,33.69935219964435]]},"properties":{"overall":39,"safety":0,"sidewalk":100,"sidewalk_present":1,"canopy":17.4,"comfort":42.4,"name":"","road_type":"footway","osm_id":1354730203}},{"type":"Feature","geometry":{"type":"LineString","coordinates":[[-84.39146899989441,33.69971699973979],[-84.39169410020253,33.69958840028448],[-84.39197880038131,33.69940720038204],[-84.3920970999012,33.69933230034542]]},"properties":{"overall":15,"safety":24,"sidewalk":0,"sidewalk_present":0,"canopy":22.4,"comfort":46.0,"name":"Lakewood Avenue","road_type":"secondary","osm_id":541031471}},{"type":"Feature","geometry":{"type":"LineString","coordinates":[[-84.3910691001588,33.69996870019543],[-84.39134939995483,33.69986329965161],[-84.39158409962647,33.699746100002585],[-84.39189229998959,33.699559600395276],[-84.39195849998475,33.699524400031066],[-84.39203070025656,33.69949860028021],[-84.39210689981354,33.699482800091175],[-84.39216580001164,33.69947879990673],[-84.39218520018682,33.699477500386365],[-84.39226349966077,33.699482800091175],[-84.3923397999418,33.69949849955617]]},"properties":{"overall":22,"safety":45,"sidewalk":0,"sidewalk_present":0,"canopy":21.5,"comfort":45.6,"name":"","road_type":"footway","osm_id":1354730209}},{"type":"Feature","geometry":{"type":"LineString","coordinates":[[-84.39275199970501,33.700309199709864],[-84.39295779966267,33.70006970035644],[-84.39228649982209,33.69967039956936],[-84.39190550023864,33.70011369968756],[-84.39257680007921,33.70051310029942],[-84.39275199970501,33.700309199709864]]},"properties":{"overall":37,"safety":100,"sidewalk":0,"sidewalk_present":0,"canopy":10.6,"comfort":39.4,"name":"","road_type":"service","osm_id":562991216}},{"type":"Feature","geometry":{"type":"LineString","coordinates":[[-84.39300970043729,33.70037389963579],[-84.39294129980112,33.70050540030405],[-84.39289640024862,33.70055179992568],[-84.39245849966,33.70100409955961],[-84.39242900009822,33.70109000010348],[-84.3924478004256,33.701169199798755],[-84.39247999975214,33.70122950024131],[-84.39258590031903,33.70124729962322],[-84.39270660012943,33.70127300044868]]},"properties":{"overall":37,"safety":100,"sidewalk":0,"sidewalk_present":0,"canopy":11.9,"comfort":34.0,"name":"","road_type":"service","osm_id":561081794}},{"type":"Feature","geometry":{"type":"LineString","coordinates":[[-84.39274650035065,33.70327660003511],[-84.3922797000481,33.70394980014322],[-84.3921750999009,33.704132799589104],[-84.39212689983651,33.70425329975001],[-84.39205440009044,33.704454100376495],[-84.39197549986937,33.704585000297584]]},"properties":{"overall":34,"safety":100,"sidewalk":0,"sidewalk_present":0,"canopy":3.1,"comfort":28.3,"name":"Lakewood Raceway","road_type":"residential","osm_id":146781615}},{"type":"Feature","geometry":{"type":"LineString","coordinates":[[-84.39366239960003,33.70542069980553],[-84.39225479961925,33.70473140003412],[-84.39197549986937,33.704585000297584]]},"properties":{"overall":35,"safety":100,"sidewalk":0,"sidewalk_present":0,"canopy":5.7,"comfort":28.8,"name":"","road_type":"residential","osm_id":9239292}},{"type":"Feature","geometry":{"type":"LineString","coordinates":[[-84.39241400030585,33.70551459981897],[-84.39238230010301,33.70545609981923]]},"properties":{"overall":33,"safety":100,"sidewalk":0,"sidewalk_present":0,"canopy":0.0,"comfort":26.8,"name":"","road_type":"service","osm_id":562991201}},{"type":"Feature","geometry":{"type":"LineString","coordinates":[[-84.39283130012439,33.705945500084795],[-84.39252559987648,33.70546799964853],[-84.39241400030585,33.70551459981897],[-84.39188550021561,33.705735199919616],[-84.39163200021659,33.70584109958713],[-84.39129869977512,33.70597899983102],[-84.39121930043035,33.70601329997385]]},"properties":{"overall":32,"safety":96,"sidewalk":0,"sidewalk_present":0,"canopy":1.0,"comfort":27.5,"name":"","road_type":"service","osm_id":562991205}},{"type":"Feature","geometry":{"type":"LineString","coordinates":[[-84.39224320016353,33.706186500406716],[-84.39206960043168,33.70591429990509],[-84.39194219977264,33.70582730038967],[-84.39188550021561,33.705735199919616]]},"properties":{"overall":33,"safety":100,"sidewalk":0,"sidewalk_present":0,"canopy":0.0,"comfort":27.3,"name":"","road_type":"service","osm_id":562991197}},{"type":"Feature","geometry":{"type":"LineString","coordinates":[[-84.39332269958288,33.698529599661356],[-84.39336669981333,33.69849180025642],[-84.39343370020504,33.69843519962484]]},"properties":{"overall":52,"safety":57,"sidewalk":100,"sidewalk_present":1,"canopy":0.0,"comfort":43.2,"name":"","road_type":"footway","osm_id":1384397881}},{"type":"Feature","geometry":{"type":"LineString","coordinates":[[-84.39289640024862,33.70055179992568],[-84.3930848001234,33.70062440039584],[-84.39324299986453,33.700585900419014],[-84.39320800004913,33.700461200424115],[-84.39345299965618,33.700085200171884],[-84.39415560040061,33.700410100046156],[-84.39519440010145,33.701003800085346],[-84.39536730016073,33.70122269956801],[-84.39545660014193,33.70155680040608]]},"properties":{"overall":37,"safety":100,"sidewalk":0,"sidewalk_present":0,"canopy":11.0,"comfort":35.8,"name":"","road_type":"service","osm_id":1258511532}},{"type":"Feature","geometry":{"type":"LineString","coordinates":[[-84.39408059963995,33.70128640034716],[-84.39384649981605,33.701337300176306]]},"properties":{"overall":36,"safety":100,"sidewalk":0,"sidewalk_present":0,"canopy":7.5,"comfort":30.1,"name":"","road_type":"service","osm_id":1258512870}},{"type":"Feature","geometry":{"type":"LineString","coordinates":[[-84.39441199981388,33.701427700028376],[-84.39397939982939,33.70153399989425]]},"properties":{"overall":37,"safety":100,"sidewalk":0,"sidewalk_present":0,"canopy":10.5,"comfort":32.1,"name":"","road_type":"service","osm_id":1258512871}},{"type":"Feature","geometry":{"type":"LineString","coordinates":[[-84.39336070043595,33.70187720007277],[-84.39337849981786,33.70191339958376],[-84.39351819960518,33.70216069965659]]},"properties":{"overall":36,"safety":100,"sidewalk":0,"sidewalk_present":0,"canopy":7.3,"comfort":26.9,"name":"","road_type":"service","osm_id":562991222}},{"type":"Feature","geometry":{"type":"LineString","coordinates":[[-84.39381560000987,33.70394150030006],[-84.39366110007967,33.704030200433465]]},"properties":{"overall":34,"safety":100,"sidewalk":0,"sidewalk_present":0,"canopy":2.8,"comfort":27.6,"name":"","road_type":"service","osm_id":705121777}},{"type":"Feature","geometry":{"type":"LineString","coordinates":[[-84.39366110007967,33.704030200433465],[-84.39350050004799,33.70411469983361]]},"properties":{"overall":33,"safety":100,"sidewalk":0,"sidewalk_present":0,"canopy":0.0,"comfort":26.1,"name":"","road_type":"service","osm_id":705121778}},{"type":"Feature","geometry":{"type":"LineString","coordinates":[[-84.3935107999834,33.70850670002426],[-84.39351199967899,33.70843859976162],[-84.3935126004261,33.708401699678745],[-84.39351930037537,33.707999399652635],[-84.39352190031542,33.707528600064904],[-84.39352400023239,33.70715819989107],[-84.39352539957747,33.70690610013645],[-84.39352650034766,33.70671079976364],[-84.39353099965587,33.7059199998082],[-84.39354600034761,33.70566799987836],[-84.39360000013988,33.70549900017875],[-84.39366239960003,33.70542069980553],[-84.39373800020849,33.70532600029475],[-84.39378599972406,33.70528600024875],[-84.39387500023105,33.705212000433505],[-84.39403300032268,33.70511499955762],[-84.39433799999864,33.705010000111486],[-84.39460210030666,33.70495379967815],[-84.39475090033375,33.70493949955829],[-84.39486929967842,33.7049392999088],[-84.39517649999544,33.70499939980249],[-84.39601499999225,33.70519100036444],[-84.39644950024422,33.705194999649564],[-84.39762799973238,33.70520600015681],[-84.39824849956858,33.705189000272185]]},"properties":{"overall":72,"safety":92,"sidewalk":100,"sidewalk_present":1,"canopy":24.9,"comfort":41.4,"name":"Pryor Circle Southwest","road_type":"residential","osm_id":610841799}},{"type":"Feature","geometry":{"type":"LineString","coordinates":[[-84.39352650034766,33.70671079976364],[-84.39350100007107,33.70671079976364],[-84.3933517000209,33.706710899588415],[-84.39335839997017,33.70661379978708],[-84.39305660008199,33.70662270037735]]},"properties":{"overall":71,"safety":100,"sidewalk":100,"sidewalk_present":1,"canopy":14.2,"comfort":35.5,"name":"","road_type":"service","osm_id":562987237}},{"type":"Feature","geometry":{"type":"LineString","coordinates":[[-84.39305329957006,33.70686590044102],[-84.39305259989754,33.70691280008572],[-84.39334509989641,33.70690860025178],[-84.39350109989579,33.706906399610716],[-84.39352539957747,33.70690610013645]]},"properties":{"overall":70,"safety":100,"sidewalk":100,"sidewalk_present":1,"canopy":9.2,"comfort":34.2,"name":"","road_type":"service","osm_id":562987235}},{"type":"Feature","geometry":{"type":"LineString","coordinates":[[-84.3933342001132,33.69970900027022],[-84.3932684003164,33.69968230029798],[-84.39320599995688,33.69965730004441]]},"properties":{"overall":69,"safety":98,"sidewalk":100,"sidewalk_present":1,"canopy":8.4,"comfort":40.9,"name":"","road_type":"footway","osm_id":1384397879}},{"type":"Feature","geometry":{"type":"LineString","coordinates":[[-84.39300970043729,33.70037389963579],[-84.39305119965309,33.70021760016215],[-84.39304699981915,33.70003490019053],[-84.39303700025732,33.699795599587276],[-84.39307150004964,33.69969599967072]]},"properties":{"overall":35,"safety":99,"sidewalk":0,"sidewalk_present":0,"canopy":5.4,"comfort":35.9,"name":"","road_type":"service","osm_id":562991218}},{"type":"Feature","geometry":{"type":"LineString","coordinates":[[-84.39275199970501,33.700309199709864],[-84.39300970043729,33.70037389963579]]},"properties":{"overall":35,"safety":100,"sidewalk":0,"sidewalk_present":0,"canopy":4.5,"comfort":34.4,"name":"","road_type":"service","osm_id":705121810}},{"type":"Feature","geometry":{"type":"LineString","coordinates":[[-84.39270660012943,33.70127300044868],[-84.39285690022575,33.7014068996088],[-84.39300749979623,33.70154119986654],[-84.39315379970805,33.701671699589326],[-84.39334230030687,33.70183979996682],[-84.39336070043595,33.70187720007277]]},"properties":{"overall":34,"safety":100,"sidewalk":0,"sidewalk_present":0,"canopy":1.1,"comfort":25.6,"name":"","road_type":"service","osm_id":561081785}},{"type":"Feature","geometry":{"type":"LineString","coordinates":[[-84.39098299996544,33.69993399985424],[-84.39100709999764,33.69998820019532],[-84.39102030024662,33.700017299558795],[-84.3911210000341,33.700241999668606],[-84.39122700042572,33.70037599955276],[-84.39131600003333,33.70048199994437],[-84.39233190029694,33.70130979980746],[-84.39301130033118,33.70192280019711],[-84.39310049958834,33.70201520014143],[-84.39316490004006,33.702126699887344],[-84.39320509973555,33.70225619956403],[-84.39321579986921,33.702369999775726],[-84.39320239997073,33.70249049993669],[-84.39318630030749,33.702581899834854],[-84.39314339994792,33.7026912996638],[-84.3930683002618,33.7028139995665],[-84.3929852002068,33.70292109982893],[-84.39281769967704,33.70317049981878]]},"properties":{"overall":67,"safety":99,"sidewalk":100,"sidewalk_present":1,"canopy":3.3,"comfort":32.1,"name":"Lakewood Raceway","road_type":"residential","osm_id":9251102}},{"type":"Feature","geometry":{"type":"LineString","coordinates":[[-84.39305660008199,33.70662270037735],[-84.39305329957006,33.70686590044102]]},"properties":{"overall":39,"safety":100,"sidewalk":0,"sidewalk_present":0,"canopy":15.7,"comfort":36.0,"name":"","road_type":"service","osm_id":562987233}},{"type":"Feature","geometry":{"type":"LineString","coordinates":[[-84.39344290026958,33.70715769986799],[-84.39303519981456,33.707154900278454],[-84.39294529998557,33.70722849989539],[-84.39282460017512,33.70723300010292],[-84.39282059999067,33.707529699935776],[-84.39347239983135,33.70752869988962]]},"properties":{"overall":69,"safety":100,"sidewalk":100,"sidewalk_present":1,"canopy":7.9,"comfort":33.7,"name":"","road_type":"service","osm_id":562987232}},{"type":"Feature","geometry":{"type":"LineString","coordinates":[[-84.39338839955496,33.70791359983281],[-84.39326719972144,33.707789700234514]]},"properties":{"overall":36,"safety":100,"sidewalk":0,"sidewalk_present":0,"canopy":8.1,"comfort":32.9,"name":"","road_type":"service","osm_id":562987184}},{"type":"Feature","geometry":{"type":"LineString","coordinates":[[-84.39314509966658,33.708486100153436],[-84.39286129970918,33.70819989990548],[-84.39272490043379,33.70805779982766],[-84.39260309985315,33.70789090004507],[-84.3924345003519,33.707608600156846],[-84.39231889969744,33.70742180017601],[-84.39217130026526,33.70717679966964]]},"properties":{"overall":70,"safety":100,"sidewalk":100,"sidewalk_present":1,"canopy":9.9,"comfort":34.2,"name":"","road_type":"footway","osm_id":1387309471}},{"type":"Feature","geometry":{"type":"LineString","coordinates":[[-84.39341599974853,33.70800279998929],[-84.39318540008611,33.70817350030683]]},"properties":{"overall":37,"safety":100,"sidewalk":0,"sidewalk_present":0,"canopy":11.7,"comfort":34.5,"name":"","road_type":"service","osm_id":562987182}},{"type":"Feature","geometry":{"type":"LineString","coordinates":[[-84.39195559967118,33.706291400028135],[-84.39209909999346,33.706245600254306],[-84.39224320016353,33.706186500406716],[-84.39283130012439,33.705945500084795]]},"properties":{"overall":33,"safety":100,"sidewalk":0,"sidewalk_present":0,"canopy":0.0,"comfort":28.1,"name":"","road_type":"service","osm_id":562991196}},{"type":"Feature","geometry":{"type":"LineString","coordinates":[[-84.39134250035607,33.70602869996458],[-84.39134870028226,33.706055399936815],[-84.39136229983023,33.70608340032874],[-84.39159629982936,33.70635450006017],[-84.39181100037734,33.70663460020671],[-84.39197320030291,33.70685940014124],[-84.39198379971253,33.7068676999844],[-84.39200529980468,33.70687759972151]]},"properties":{"overall":65,"safety":96,"sidewalk":100,"sidewalk_present":1,"canopy":0.0,"comfort":28.2,"name":"","road_type":"footway","osm_id":1385352496}},{"type":"Feature","geometry":{"type":"LineString","coordinates":[[-84.39273210040608,33.70663830001757],[-84.39227230042627,33.70682049996617]]},"properties":{"overall":41,"safety":99,"sidewalk":0,"sidewalk_present":0,"canopy":25.1,"comfort":38.4,"name":"","road_type":"service","osm_id":562987220}},{"type":"Feature","geometry":{"type":"LineString","coordinates":[[-84.39200529980468,33.70687759972151],[-84.39202579985073,33.706918199615245],[-84.39204829998903,33.70695270030694]]},"properties":{"overall":66,"safety":99,"sidewalk":100,"sidewalk_present":1,"canopy":0.0,"comfort":29.6,"name":"","road_type":"footway","osm_id":1385352507}},{"type":"Feature","geometry":{"type":"LineString","coordinates":[[-84.39227230042627,33.70682049996617],[-84.39224410038491,33.706831700122905],[-84.39202579985073,33.706918199615245],[-84.39194589958356,33.70694979999331]]},"properties":{"overall":68,"safety":99,"sidewalk":100,"sidewalk_present":1,"canopy":3.5,"comfort":30.9,"name":"","road_type":"service","osm_id":561075894}},{"type":"Feature","geometry":{"type":"LineString","coordinates":[[-84.39204829998903,33.70695270030694],[-84.3920447998276,33.706965500357626],[-84.39204119984146,33.70698219986866],[-84.39217130026526,33.70717679966964]]},"properties":{"overall":67,"safety":99,"sidewalk":100,"sidewalk_present":1,"canopy":2.4,"comfort":31.0,"name":"","road_type":"footway","osm_id":1385352506}},{"type":"Feature","geometry":{"type":"LineString","coordinates":[[-84.39088259965223,33.70573899955525],[-84.39100600012677,33.70582399987774],[-84.39118600033362,33.70597799978492],[-84.39121930043035,33.70601329997385],[-84.39137199991785,33.706174999876396],[-84.39179200040047,33.70670399998966],[-84.39194589958356,33.70694979999331],[-84.391989899814,33.70702009999769],[-84.39210529991959,33.707204300038484],[-84.39221919995606,33.70738609978872],[-84.39257300044358,33.70795099993876],[-84.39271299970511,33.70813799956909],[-84.39277399982018,33.708204999960856],[-84.39308899995734,33.70855199977501]]},"properties":{"overall":35,"safety":99,"sidewalk":0,"sidewalk_present":0,"canopy":5.2,"comfort":31.7,"name":"Claire Drive Southwest","road_type":"residential","osm_id":146781620}},{"type":"Feature","geometry":{"type":"LineString","coordinates":[[-84.39190870002642,33.70697549991945],[-84.39194999959278,33.70703650003452],[-84.39197580024296,33.707082199983574]]},"properties":{"overall":66,"safety":99,"sidewalk":100,"sidewalk_present":1,"canopy":0.0,"comfort":30.0,"name":"","road_type":"footway","osm_id":1385344470}},{"type":"Feature","geometry":{"type":"LineString","coordinates":[[-84.39230160033856,33.70689270023797],[-84.39241960038419,33.707073400117395]]},"properties":{"overall":39,"safety":100,"sidewalk":0,"sidewalk_present":0,"canopy":16.4,"comfort":36.1,"name":"","road_type":"service","osm_id":562987223}},{"type":"Feature","geometry":{"type":"LineString","coordinates":[[-84.39217149991475,33.70694400026542],[-84.39229090020484,33.707126999711306]]},"properties":{"overall":36,"safety":100,"sidewalk":0,"sidewalk_present":0,"canopy":6.5,"comfort":32.6,"name":"","road_type":"service","osm_id":562987225}},{"type":"Feature","geometry":{"type":"LineString","coordinates":[[-84.3933517000209,33.706710899588415],[-84.39334509989641,33.70690860025178]]},"properties":{"overall":33,"safety":100,"sidewalk":0,"sidewalk_present":0,"canopy":0.0,"comfort":30.7,"name":"","road_type":"service","osm_id":562987236}},{"type":"Feature","geometry":{"type":"LineString","coordinates":[[-84.39352400023239,33.70715819989107],[-84.3934928998774,33.70715800024158],[-84.3934629002926,33.707157799692766],[-84.39344290026958,33.70715769986799]]},"properties":{"overall":68,"safety":100,"sidewalk":100,"sidewalk_present":1,"canopy":3.1,"comfort":32.4,"name":"","road_type":"service","osm_id":562987230}},{"type":"Feature","geometry":{"type":"LineString","coordinates":[[-84.39347239983135,33.70752869988962],[-84.3934629002926,33.707157799692766]]},"properties":{"overall":68,"safety":100,"sidewalk":100,"sidewalk_present":1,"canopy":4.2,"comfort":32.6,"name":"","road_type":"service","osm_id":562987228}},{"type":"Feature","geometry":{"type":"LineString","coordinates":[[-84.39347239983135,33.70752869988962],[-84.3934923000296,33.70752869988962],[-84.39352190031542,33.707528600064904]]},"properties":{"overall":68,"safety":99,"sidewalk":100,"sidewalk_present":1,"canopy":6.3,"comfort":33.3,"name":"","road_type":"service","osm_id":562987231}},{"type":"Feature","geometry":{"type":"LineString","coordinates":[[-84.39338340022368,33.70853919972433],[-84.39339689994694,33.7085273997198],[-84.39343480007591,33.70850260001504],[-84.39345499974843,33.70847749993675],[-84.39347020008961,33.708444500213545],[-84.39347589999278,33.708304900250994],[-84.3934755996192,33.70825949977615],[-84.39348119969759,33.70805500023812],[-84.39348269976676,33.708000600247544],[-84.39348390036167,33.70794530003565],[-84.39349120015873,33.70758049994015],[-84.3934923000296,33.70752869988962],[-84.39349180000653,33.70750800019408],[-84.3934882998451,33.707345499894984],[-84.39349210038012,33.70719219966031],[-84.3934928998774,33.70715800024158],[-84.393493700274,33.707133699660574],[-84.39350109989579,33.706906399610716],[-84.39350109989579,33.70684130038575],[-84.39350100007107,33.70671079976364]]},"properties":{"overall":70,"safety":99,"sidewalk":100,"sidewalk_present":1,"canopy":11.2,"comfort":34.8,"name":"","road_type":"footway","osm_id":1387305496}},{"type":"Feature","geometry":{"type":"LineString","coordinates":[[-84.39341599974853,33.70800279998929],[-84.39340800027895,33.70793359985578],[-84.39338839955496,33.70791359983281]]},"properties":{"overall":38,"safety":99,"sidewalk":0,"sidewalk_present":0,"canopy":14.2,"comfort":35.3,"name":"","road_type":"service","osm_id":562987185}},{"type":"Feature","geometry":{"type":"LineString","coordinates":[[-84.39351930037537,33.707999399652635],[-84.39348269976676,33.708000600247544],[-84.39341599974853,33.70800279998929]]},"properties":{"overall":72,"safety":99,"sidewalk":100,"sidewalk_present":1,"canopy":17.1,"comfort":36.6,"name":"","road_type":"service","osm_id":562987183}},{"type":"Feature","geometry":{"type":"LineString","coordinates":[[-84.39377519976563,33.70827760043096],[-84.39395539962197,33.708403500121506]]},"properties":{"overall":41,"safety":100,"sidewalk":0,"sidewalk_present":0,"canopy":22.4,"comfort":39.3,"name":"","road_type":"service","osm_id":1115162822}},{"type":"Feature","geometry":{"type":"LineString","coordinates":[[-84.39357349981714,33.708652499913],[-84.39358040031516,33.70848670000123],[-84.39357120025068,33.70847239988137],[-84.39351199967899,33.70843859976162]]},"properties":{"overall":69,"safety":89,"sidewalk":100,"sidewalk_present":1,"canopy":18.4,"comfort":37.0,"name":"","road_type":"footway","osm_id":1387305499}},{"type":"Feature","geometry":{"type":"LineString","coordinates":[[-84.39342400011748,33.70860289960416],[-84.39340440029281,33.70857640018079],[-84.39338340022368,33.70853919972433]]},"properties":{"overall":67,"safety":88,"sidewalk":100,"sidewalk_present":1,"canopy":13.1,"comfort":35.0,"name":"","road_type":"footway","osm_id":1387305498}},{"type":"Feature","geometry":{"type":"LineString","coordinates":[[-84.3935107999834,33.70850670002426],[-84.3934764000158,33.70853270032393],[-84.39340440029281,33.70857640018079],[-84.39339730014524,33.7085806998395],[-84.39333019992876,33.70859740024986],[-84.39312029996182,33.70857990034216]]},"properties":{"overall":67,"safety":90,"sidewalk":100,"sidewalk_present":1,"canopy":11.0,"comfort":34.5,"name":"","road_type":"residential","osm_id":562987147}},{"type":"Feature","geometry":{"type":"LineString","coordinates":[[-84.39347470029713,33.70864670018511],[-84.39342400011748,33.70860289960416]]},"properties":{"overall":63,"safety":79,"sidewalk":100,"sidewalk_present":1,"canopy":9.7,"comfort":33.7,"name":"","road_type":"footway","osm_id":1387305497}},{"type":"Feature","geometry":{"type":"LineString","coordinates":[[-84.39357349981714,33.708652499913],[-84.39351499981734,33.70864909957635],[-84.39347470029713,33.70864670018511]]},"properties":{"overall":64,"safety":78,"sidewalk":100,"sidewalk_present":1,"canopy":15.0,"comfort":35.6,"name":"","road_type":"footway","osm_id":1387305494}},{"type":"Feature","geometry":{"type":"LineString","coordinates":[[-84.39351499981734,33.70875300005099],[-84.39351499981734,33.70864909957635],[-84.3935107999834,33.70850670002426]]},"properties":{"overall":60,"safety":67,"sidewalk":100,"sidewalk_present":1,"canopy":13.9,"comfort":35.2,"name":"Pryor Circle Southwest","road_type":"residential","osm_id":705122143}},{"type":"Feature","geometry":{"type":"LineString","coordinates":[[-84.39361569960482,33.70870310026794],[-84.3935986997202,33.70868560036024],[-84.3935872000892,33.708665299963684],[-84.39357349981714,33.708652499913]]},"properties":{"overall":66,"safety":79,"sidewalk":100,"sidewalk_present":1,"canopy":17.8,"comfort":36.5,"name":"","road_type":"footway","osm_id":1387305493}},{"type":"Feature","geometry":{"type":"LineString","coordinates":[[-84.39347470029713,33.70864670018511],[-84.39347339987745,33.708668700300336],[-84.39346750032485,33.708742600290805],[-84.39345780023723,33.70880000041973]]},"properties":{"overall":62,"safety":77,"sidewalk":100,"sidewalk_present":1,"canopy":8.8,"comfort":34.0,"name":"","road_type":"footway","osm_id":1387305485}},{"type":"Feature","geometry":{"type":"LineString","coordinates":[[-84.39319999968018,33.708650999843826],[-84.39336900027911,33.70872100037394],[-84.39346750032485,33.708742600290805],[-84.39351499981734,33.70875300005099]]},"properties":{"overall":23,"safety":62,"sidewalk":0,"sidewalk_present":0,"canopy":7.7,"comfort":33.0,"name":"Claire Drive Southwest","road_type":"residential","osm_id":705122145}},{"type":"Feature","geometry":{"type":"LineString","coordinates":[[-84.39361730039803,33.70881679975554],[-84.3936175998723,33.70875559999098],[-84.39361569960482,33.70870310026794]]},"properties":{"overall":48,"safety":32,"sidewalk":100,"sidewalk_present":1,"canopy":11.9,"comfort":34.9,"name":"","road_type":"footway","osm_id":1387305492}},{"type":"Feature","geometry":{"type":"LineString","coordinates":[[-84.39361730039803,33.70881679975554],[-84.39364820020421,33.70881769997692],[-84.39367540019953,33.70882110031357],[-84.39369850018562,33.708824499750904],[-84.39371960007946,33.70882749988925],[-84.39374680007472,33.708823300055315],[-84.39375910010233,33.70881560005995],[-84.39384339985298,33.7088111996772],[-84.39397670006463,33.708800299893994],[-84.39401069983387,33.708795199838676],[-84.39403329979689,33.70879579968647],[-84.3940500002073,33.708800999566506],[-84.39408159968605,33.708817100129124]]},"properties":{"overall":44,"safety":20,"sidewalk":100,"sidewalk_present":1,"canopy":11.0,"comfort":35.3,"name":"","road_type":"footway","osm_id":1387305500}},{"type":"Feature","geometry":{"type":"LineString","coordinates":[[-84.39343930028343,33.7088365003043],[-84.39345570032026,33.70882070011527],[-84.39348519988204,33.70882549979706]]},"properties":{"overall":52,"safety":51,"sidewalk":100,"sidewalk_present":1,"canopy":4.6,"comfort":32.9,"name":"","road_type":"footway","osm_id":1387305489}},{"type":"Feature","geometry":{"type":"LineString","coordinates":[[-84.39345780023723,33.70880000041973],[-84.39345570032026,33.70882070011527]]},"properties":{"overall":59,"safety":76,"sidewalk":100,"sidewalk_present":1,"canopy":0.0,"comfort":31.0,"name":"","road_type":"footway","osm_id":1387305490}},{"type":"Feature","geometry":{"type":"LineString","coordinates":[[-84.39359609978015,33.70883839967246],[-84.39360960040273,33.70883679977857],[-84.39361640017671,33.7088290997832],[-84.39361730039803,33.70881679975554]]},"properties":{"overall":35,"safety":0,"sidewalk":100,"sidewalk_present":1,"canopy":5.8,"comfort":33.2,"name":"","road_type":"footway","osm_id":1387305491}},{"type":"Feature","geometry":{"type":"LineString","coordinates":[[-84.39348519988204,33.70882549979706],[-84.39351749993261,33.708830000004525],[-84.39359609978015,33.70883839967246]]},"properties":{"overall":35,"safety":0,"sidewalk":100,"sidewalk_present":1,"canopy":3.8,"comfort":32.6,"name":"","road_type":"footway","osm_id":1387305488}},{"type":"Feature","geometry":{"type":"LineString","coordinates":[[-84.39351189985427,33.709087099989745],[-84.39351749993261,33.708830000004525],[-84.39351499981734,33.70875300005099]]},"properties":{"overall":43,"safety":19,"sidewalk":100,"sidewalk_present":1,"canopy":8.9,"comfort":35.0,"name":"Pryor Circle Southwest","road_type":"residential","osm_id":705122147}},{"type":"Feature","geometry":{"type":"LineString","coordinates":[[-84.39319999968018,33.708650999843826],[-84.39333959964279,33.708774799617345],[-84.3934097998224,33.70886499981992],[-84.39351189985427,33.709087099989745]]},"properties":{"overall":55,"safety":59,"sidewalk":100,"sidewalk_present":1,"canopy":5.9,"comfort":33.9,"name":"","road_type":"residential","osm_id":562987146}},{"type":"Feature","geometry":{"type":"LineString","coordinates":[[-84.39339029982244,33.708879700138084],[-84.39339849984088,33.708872500165796],[-84.3934097998224,33.70886499981992],[-84.39343930028343,33.7088365003043]]},"properties":{"overall":59,"safety":77,"sidewalk":100,"sidewalk_present":1,"canopy":0.0,"comfort":31.3,"name":"","road_type":"footway","osm_id":1387305487}},{"type":"Feature","geometry":{"type":"LineString","coordinates":[[-84.3934395997577,33.70941829961487],[-84.3934410000021,33.709261699767694],[-84.39344810014967,33.70905470011439],[-84.39344689955476,33.70900259969028],[-84.39343559957325,33.70897019981493],[-84.39342230039881,33.7089372999165],[-84.39339680012222,33.70889379970913],[-84.39339029982244,33.708879700138084]]},"properties":{"overall":68,"safety":81,"sidewalk":100,"sidewalk_present":1,"canopy":21.7,"comfort":40.6,"name":"","road_type":"footway","osm_id":1387305486}},{"type":"Feature","geometry":{"type":"LineString","coordinates":[[-84.39394819964963,33.70910219960689],[-84.3938428998299,33.70908309980524],[-84.39381569983465,33.709078200298734]]},"properties":{"overall":34,"safety":0,"sidewalk":100,"sidewalk_present":1,"canopy":2.6,"comfort":34.7,"name":"","road_type":"service","osm_id":562987150}},{"type":"Feature","geometry":{"type":"LineString","coordinates":[[-84.39362939987689,33.70944069992839],[-84.39363559980308,33.70942010005763],[-84.39369719976594,33.70929080003043],[-84.3938239996778,33.709104599897444],[-84.3938428998299,33.70908309980524],[-84.39391159994034,33.70900369956115],[-84.39406819978757,33.70883789964938],[-84.39408159968605,33.708817100129124]]},"properties":{"overall":60,"safety":66,"sidewalk":100,"sidewalk_present":1,"canopy":14.0,"comfort":37.8,"name":"","road_type":"footway","osm_id":1387298313}},{"type":"Feature","geometry":{"type":"LineString","coordinates":[[-84.39381569983465,33.709078200298734],[-84.39363349988605,33.70908359982832]]},"properties":{"overall":34,"safety":0,"sidewalk":100,"sidewalk_present":1,"canopy":1.7,"comfort":34.1,"name":"","road_type":"service","osm_id":562987148}},{"type":"Feature","geometry":{"type":"LineString","coordinates":[[-84.39620609963174,33.70214419979504],[-84.39619719994079,33.702211800034604],[-84.39618759967794,33.70228450032948]]},"properties":{"overall":33,"safety":100,"sidewalk":0,"sidewalk_present":0,"canopy":0.0,"comfort":24.3,"name":"","road_type":"unclassified","osm_id":562991489}},{"type":"Feature","geometry":{"type":"LineString","coordinates":[[-84.39698880029289,33.70230620007112],[-84.39660789963483,33.7022727003249],[-84.39658109983787,33.70228720009425],[-84.39656889963499,33.702431499913814]]},"properties":{"overall":33,"safety":100,"sidewalk":0,"sidewalk_present":0,"canopy":0.0,"comfort":24.8,"name":"","road_type":"service","osm_id":562954890}},{"type":"Feature","geometry":{"type":"LineString","coordinates":[[-84.3961730999086,33.7023950000293],[-84.39656889963499,33.702431499913814]]},"properties":{"overall":33,"safety":100,"sidewalk":0,"sidewalk_present":0,"canopy":0.0,"comfort":24.3,"name":"","road_type":"service","osm_id":562991491}},{"type":"Feature","geometry":{"type":"LineString","coordinates":[[-84.39618759967794,33.70228450032948],[-84.3961730999086,33.7023950000293],[-84.396147599632,33.70258799993633],[-84.39608100033786,33.70304340043265]]},"properties":{"overall":33,"safety":100,"sidewalk":0,"sidewalk_present":0,"canopy":0.0,"comfort":24.0,"name":"","road_type":"unclassified","osm_id":562991490}},{"type":"Feature","geometry":{"type":"LineString","coordinates":[[-84.39616740000548,33.70360939955418],[-84.39616799985328,33.703496600287906]]},"properties":{"overall":33,"safety":100,"sidewalk":0,"sidewalk_present":0,"canopy":0.0,"comfort":27.5,"name":"","road_type":"footway","osm_id":705121793}},{"type":"Feature","geometry":{"type":"LineString","coordinates":[[-84.3961670996319,33.70366159980301],[-84.39616730018071,33.703635499678626],[-84.39616740000548,33.70360939955418]]},"properties":{"overall":33,"safety":100,"sidewalk":0,"sidewalk_present":0,"canopy":0.0,"comfort":26.8,"name":"","road_type":"steps","osm_id":705121794}},{"type":"Feature","geometry":{"type":"LineString","coordinates":[[-84.39651630008711,33.70368350009352],[-84.39652380043299,33.70367029984453],[-84.39653320014702,33.70365370015821],[-84.39657179994856,33.70358580044439]]},"properties":{"overall":35,"safety":100,"sidewalk":0,"sidewalk_present":0,"canopy":4.0,"comfort":28.0,"name":"","road_type":"footway","osm_id":705121795}},{"type":"Feature","geometry":{"type":"LineString","coordinates":[[-84.39675170033064,33.70383940026818],[-84.39652380043299,33.70367029984453]]},"properties":{"overall":33,"safety":100,"sidewalk":0,"sidewalk_present":0,"canopy":0.0,"comfort":27.1,"name":"","road_type":"footway","osm_id":705121797}},{"type":"Feature","geometry":{"type":"LineString","coordinates":[[-84.39616249959965,33.70378839971494],[-84.39616699980718,33.70367759964154],[-84.3961670996319,33.70366159980301]]},"properties":{"overall":33,"safety":100,"sidewalk":0,"sidewalk_present":0,"canopy":0.0,"comfort":26.7,"name":"","road_type":"footway","osm_id":705121803}},{"type":"Feature","geometry":{"type":"LineString","coordinates":[[-84.39648240014259,33.7037431997889],[-84.39651630008711,33.70368350009352]]},"properties":{"overall":33,"safety":100,"sidewalk":0,"sidewalk_present":0,"canopy":0.0,"comfort":26.3,"name":"","road_type":"steps","osm_id":705121796}},{"type":"Feature","geometry":{"type":"LineString","coordinates":[[-84.39771769991188,33.702547800240836],[-84.39772029985193,33.702471900158116],[-84.39772100042381,33.70244909964629],[-84.39773979985182,33.701890000123456]]},"properties":{"overall":34,"safety":100,"sidewalk":0,"sidewalk_present":0,"canopy":2.6,"comfort":28.8,"name":"","road_type":"service","osm_id":561081721}},{"type":"Feature","geometry":{"type":"LineString","coordinates":[[-84.39656889963499,33.702431499913814],[-84.39661590000372,33.70243590029662],[-84.39688039961072,33.70246029980302],[-84.39697529967032,33.70246899984454]]},"properties":{"overall":34,"safety":100,"sidewalk":0,"sidewalk_present":0,"canopy":1.9,"comfort":25.5,"name":"","road_type":"service","osm_id":561081799}},{"type":"Feature","geometry":{"type":"LineString","coordinates":[[-84.39697529967032,33.70246899984454],[-84.39707029955463,33.70247779971072],[-84.39744739967773,33.70251259987663]]},"properties":{"overall":35,"safety":100,"sidewalk":0,"sidewalk_present":0,"canopy":3.7,"comfort":27.1,"name":"","road_type":"service","osm_id":562991492}},{"type":"Feature","geometry":{"type":"LineString","coordinates":[[-84.39688039961072,33.70246029980302],[-84.39686129980907,33.702599600291364],[-84.39680499955102,33.70261629980246],[-84.39659310039121,33.70260180003311],[-84.39661590000372,33.70243590029662]]},"properties":{"overall":33,"safety":100,"sidewalk":0,"sidewalk_present":0,"canopy":0.0,"comfort":24.8,"name":"","road_type":"service","osm_id":562954889}},{"type":"Feature","geometry":{"type":"LineString","coordinates":[[-84.39768089965378,33.7032892004363],[-84.39768489983823,33.70320809957417],[-84.39768589988432,33.703188899947804],[-84.39770439983812,33.702815100336636],[-84.39771309987964,33.70264020018516],[-84.39771769991188,33.702547800240836]]},"properties":{"overall":34,"safety":100,"sidewalk":0,"sidewalk_present":0,"canopy":2.4,"comfort":28.0,"name":"","road_type":"service","osm_id":561081724}},{"type":"Feature","geometry":{"type":"LineString","coordinates":[[-84.39790950012332,33.70340950004845],[-84.39768089965378,33.7032892004363],[-84.39746889976988,33.70317750014158],[-84.39762549961705,33.70254079991804]]},"properties":{"overall":38,"safety":100,"sidewalk":0,"sidewalk_present":0,"canopy":12.5,"comfort":31.4,"name":"","road_type":"service","osm_id":561081753}},{"type":"Feature","geometry":{"type":"LineString","coordinates":[[-84.39696320019152,33.70460689968871],[-84.39734590039296,33.70427870020188]]},"properties":{"overall":41,"safety":100,"sidewalk":0,"sidewalk_present":0,"canopy":21.8,"comfort":38.4,"name":"","road_type":"living_street","osm_id":705121781}},{"type":"Feature","geometry":{"type":"LineString","coordinates":[[-84.39700620037581,33.704615599730175],[-84.39696320019152,33.70460689968871],[-84.39687719982288,33.70458949960579],[-84.39663129999445,33.70453980037155],[-84.39629410009263,33.70447170010891]]},"properties":{"overall":40,"safety":100,"sidewalk":0,"sidewalk_present":0,"canopy":18.9,"comfort":36.7,"name":"","road_type":"service","osm_id":561081707}},{"type":"Feature","geometry":{"type":"LineString","coordinates":[[-84.39717789984019,33.704796400333635],[-84.39700620037581,33.704615599730175]]},"properties":{"overall":44,"safety":100,"sidewalk":0,"sidewalk_present":0,"canopy":32.8,"comfort":43.3,"name":"","road_type":"service","osm_id":561081709}},{"type":"Feature","geometry":{"type":"LineString","coordinates":[[-84.39855970007005,33.70469580037093],[-84.3985494001347,33.7046959001957],[-84.39846120002431,33.704697199716065],[-84.39770630010565,33.70470820022331],[-84.39756679996782,33.70471030014028],[-84.39750229969133,33.70471120036166]]},"properties":{"overall":41,"safety":100,"sidewalk":0,"sidewalk_present":0,"canopy":23.9,"comfort":40.8,"name":"","road_type":"service","osm_id":561081738}},{"type":"Feature","geometry":{"type":"LineString","coordinates":[[-84.39762549961705,33.70254079991804],[-84.39771769991188,33.702547800240836],[-84.39793470002633,33.70256189981188],[-84.39811050039924,33.70257209992252],[-84.39832200026007,33.702584399950126],[-84.39851259987654,33.70259550028214],[-84.39869699956682,33.70260620041586],[-84.39875370002318,33.70260950002847],[-84.39885709957542,33.70261550030517]]},"properties":{"overall":23,"safety":67,"sidewalk":0,"sidewalk_present":0,"canopy":2.2,"comfort":28.9,"name":"","road_type":"service","osm_id":561081756}},{"type":"Feature","geometry":{"type":"LineString","coordinates":[[-84.39873219993103,33.70116700005707],[-84.39869699956682,33.70260620041586],[-84.39864900005125,33.70456770003938]]},"properties":{"overall":25,"safety":60,"sidewalk":0,"sidewalk_present":0,"canopy":14.4,"comfort":36.9,"name":"","road_type":"service","osm_id":561081718}},{"type":"Feature","geometry":{"type":"LineString","coordinates":[[-84.39885709957542,33.70261550030517],[-84.39891599977352,33.70261899956722]]},"properties":{"overall":1,"safety":0,"sidewalk":0,"sidewalk_present":0,"canopy":4.4,"comfort":31.2,"name":"","road_type":"service","osm_id":1387298304}},{"type":"Feature","geometry":{"type":"LineString","coordinates":[[-84.3978873003586,33.704154900428364],[-84.39790730038158,33.703484400085074],[-84.39790950012332,33.70340950004845],[-84.39791429980505,33.70324930021508],[-84.39793160006326,33.702665099714636],[-84.39793200026156,33.70265310006056],[-84.39793470002633,33.70256189981188],[-84.3979597002799,33.70172039967673]]},"properties":{"overall":35,"safety":100,"sidewalk":0,"sidewalk_present":0,"canopy":5.4,"comfort":30.6,"name":"","road_type":"service","osm_id":561081714}},{"type":"Feature","geometry":{"type":"LineString","coordinates":[[-84.39891599977352,33.70261899956722],[-84.39891160029009,33.70286140013354],[-84.39890719990728,33.70310289957922],[-84.39890560001339,33.70319340015533]]},"properties":{"overall":13,"safety":36,"sidewalk":0,"sidewalk_present":0,"canopy":4.0,"comfort":32.8,"name":"Pryor Street","road_type":"secondary","osm_id":1382571130}},{"type":"Feature","geometry":{"type":"LineString","coordinates":[[-84.39836100025991,33.70143289990847],[-84.39832200026007,33.702584399950126],[-84.39825669958697,33.70451060028404],[-84.39825470039409,33.70456850043598]]},"properties":{"overall":34,"safety":100,"sidewalk":0,"sidewalk_present":0,"canopy":3.4,"comfort":30.9,"name":"","road_type":"service","osm_id":561081732}},{"type":"Feature","geometry":{"type":"LineString","coordinates":[[-84.39846670027794,33.70456800041296],[-84.39846780014881,33.7045189001272],[-84.3984679997983,33.704512800025725],[-84.39851259987654,33.70259550028214],[-84.39854270018543,33.701302800383985]]},"properties":{"overall":37,"safety":100,"sidewalk":0,"sidewalk_present":0,"canopy":10.3,"comfort":34.4,"name":"","road_type":"service","osm_id":561081734}},{"type":"Feature","geometry":{"type":"LineString","coordinates":[[-84.39766689990745,33.70456970013163],[-84.39770739997647,33.704569600306854],[-84.39806159976297,33.704568899734966],[-84.39825470039409,33.70456850043598],[-84.39846670027794,33.70456800041296],[-84.39854999998249,33.70456789968887],[-84.39864900005125,33.70456770003938]]},"properties":{"overall":37,"safety":96,"sidewalk":0,"sidewalk_present":0,"canopy":15.8,"comfort":37.2,"name":"","road_type":"service","osm_id":561081745}},{"type":"Feature","geometry":{"type":"LineString","coordinates":[[-84.39896050002704,33.70513029972358],[-84.39895029991635,33.705118399894275],[-84.39894610008241,33.70506630036954],[-84.3989583002853,33.70496599988104],[-84.3989627995935,33.70494399976582],[-84.39896789964882,33.704931400263945],[-84.39896550025759,33.704908099729096],[-84.3989577004375,33.70487440033338],[-84.39895840011002,33.70470439968835],[-84.39896319979181,33.70466830000208],[-84.39896860022071,33.70464749958251],[-84.39896860022071,33.70462489961949],[-84.39897089978717,33.70434449999874],[-84.39898279961648,33.70385399986225],[-84.39898639960262,33.70330460042703],[-84.39898939974097,33.703102600104955],[-84.39899659971326,33.70286230035492],[-84.39901070018362,33.7027166002909]]},"properties":{"overall":50,"safety":34,"sidewalk":100,"sidewalk_present":1,"canopy":15.3,"comfort":40.0,"name":"","road_type":"footway","osm_id":1387298291}},{"type":"Feature","geometry":{"type":"LineString","coordinates":[[-84.39864900005125,33.70456770003938],[-84.39855970007005,33.70469580037093],[-84.39844520018579,33.70486000038875]]},"properties":{"overall":41,"safety":96,"sidewalk":0,"sidewalk_present":0,"canopy":27.8,"comfort":43.0,"name":"","road_type":"service","osm_id":561081741}},{"type":"Feature","geometry":{"type":"LineString","coordinates":[[-84.39653320014702,33.70365370015821],[-84.39676410018302,33.703826600217496],[-84.39675170033064,33.70383940026818],[-84.39673979960202,33.70385189994528],[-84.39654950035913,33.70371289983052],[-84.3965272996951,33.70373320022708],[-84.39672050015093,33.703870399899074],[-84.3966952004231,33.70389869976526],[-84.3966882001003,33.70390660030938],[-84.39657310036824,33.703975500069305]]},"properties":{"overall":33,"safety":100,"sidewalk":0,"sidewalk_present":0,"canopy":0.0,"comfort":27.5,"name":"","road_type":"footway","osm_id":705121783}},{"type":"Feature","geometry":{"type":"LineString","coordinates":[[-84.3963917997417,33.703891999815994],[-84.39647710043778,33.70375249967816],[-84.39648240014259,33.7037431997889]]},"properties":{"overall":33,"safety":100,"sidewalk":0,"sidewalk_present":0,"canopy":0.0,"comfort":26.6,"name":"","road_type":"footway","osm_id":705121804}},{"type":"Feature","geometry":{"type":"LineString","coordinates":[[-84.39616199957658,33.70380129959034],[-84.39616249959965,33.70378839971494]]},"properties":{"overall":33,"safety":100,"sidewalk":0,"sidewalk_present":0,"canopy":0.0,"comfort":26.5,"name":"","road_type":"footway","osm_id":705121786}},{"type":"Feature","geometry":{"type":"LineString","coordinates":[[-84.39638659986167,33.703900699857456],[-84.3963917997417,33.703891999815994]]},"properties":{"overall":33,"safety":100,"sidewalk":0,"sidewalk_present":0,"canopy":0.0,"comfort":26.3,"name":"","road_type":"footway","osm_id":705121785}},{"type":"Feature","geometry":{"type":"LineString","coordinates":[[-84.39657310036824,33.703975500069305],[-84.39655050040523,33.70398909961733]]},"properties":{"overall":33,"safety":100,"sidewalk":0,"sidewalk_present":0,"canopy":0.0,"comfort":26.5,"name":"","road_type":"footway","osm_id":705121805}},{"type":"Feature","geometry":{"type":"LineString","coordinates":[[-84.39727570021336,33.70387929959003],[-84.3969052002148,33.704105899967374],[-84.396759400326,33.70419500029908],[-84.39672989986497,33.70422630030356],[-84.39671609976813,33.70427019980991]]},"properties":{"overall":34,"safety":100,"sidewalk":0,"sidewalk_present":0,"canopy":1.9,"comfort":30.1,"name":"","road_type":"living_street","osm_id":562991225}},{"type":"Feature","geometry":{"type":"LineString","coordinates":[[-84.39671609976813,33.70427019980991],[-84.39663129999445,33.70453980037155]]},"properties":{"overall":37,"safety":100,"sidewalk":0,"sidewalk_present":0,"canopy":10.5,"comfort":33.3,"name":"","road_type":"service","osm_id":705121782}},{"type":"Feature","geometry":{"type":"LineString","coordinates":[[-84.39687719982288,33.70458949960579],[-84.39645100031339,33.70463569957792]]},"properties":{"overall":39,"safety":100,"sidewalk":0,"sidewalk_present":0,"canopy":16.5,"comfort":36.0,"name":"","road_type":"service","osm_id":562991223}},{"type":"Feature","geometry":{"type":"LineString","coordinates":[[-84.39573930022851,33.70603070005683],[-84.39563949976309,33.705830000154435],[-84.39563379985992,33.70580340000697],[-84.39560220038118,33.705654299606294],[-84.39560220038118,33.70556970038143],[-84.39560440012292,33.705471900008206],[-84.3956111998969,33.705447499602485],[-84.39563269998905,33.70542210004993],[-84.3956711001411,33.70540140035439],[-84.39573320012704,33.705390200197655],[-84.39581909977159,33.705390200197655],[-84.39589029999729,33.70539490005467],[-84.39592560018627,33.7054052998148],[-84.39595690019075,33.705414599704056],[-84.39609810004725,33.70541180011452],[-84.39617379958116,33.705417400192914],[-84.39622349971472,33.70543340003144],[-84.39624160036954,33.705469100418725],[-84.39624730027265,33.70554520015094],[-84.39623259995449,33.70563640039961],[-84.39620549978395,33.705670199620045],[-84.39615240021305,33.70568430009041],[-84.39598970026441,33.705673099933676],[-84.39592560018627,33.7054052998148]]},"properties":{"overall":25,"safety":53,"sidewalk":0,"sidewalk_present":0,"canopy":23.3,"comfort":39.6,"name":"Amal Drive","road_type":"residential","osm_id":242062079}},{"type":"Feature","geometry":{"type":"LineString","coordinates":[[-84.3959600999786,33.7069674995505],[-84.39611840044381,33.706854800109],[-84.39594939984488,33.70661269991621],[-84.3957939996933,33.70656769963966]]},"properties":{"overall":13,"safety":27,"sidewalk":0,"sidewalk_present":0,"canopy":11.7,"comfort":33.4,"name":"","road_type":"residential","osm_id":562987241}},{"type":"Feature","geometry":{"type":"LineString","coordinates":[[-84.39721270000604,33.70488339984905],[-84.39717789984019,33.704796400333635]]},"properties":{"overall":47,"safety":100,"sidewalk":0,"sidewalk_present":0,"canopy":42.2,"comfort":47.6,"name":"","road_type":"service","osm_id":561081711}},{"type":"Feature","geometry":{"type":"LineString","coordinates":[[-84.39644950024422,33.705194999649564],[-84.39648989958914,33.70510319955309],[-84.39658369977786,33.70503849962711],[-84.39721270000604,33.70488339984905],[-84.39728380040702,33.70485769992297],[-84.39740179955339,33.704797500204506],[-84.39750229969133,33.70471120036166],[-84.39766689990745,33.70456970013163],[-84.39771559999491,33.704509600237884],[-84.3978873003586,33.704154900428364]]},"properties":{"overall":42,"safety":100,"sidewalk":0,"sidewalk_present":0,"canopy":25.3,"comfort":40.8,"name":"","road_type":"service","osm_id":561081758}},{"type":"Feature","geometry":{"type":"LineString","coordinates":[[-84.39844520018579,33.70486000038875],[-84.39843330035649,33.70486010021352],[-84.39837580040285,33.70486039968773],[-84.39742159992687,33.70486639996443],[-84.39737499975638,33.704866700338016],[-84.39728380040702,33.70485769992297]]},"properties":{"overall":45,"safety":100,"sidewalk":0,"sidewalk_present":0,"canopy":33.6,"comfort":45.0,"name":"","road_type":"service","osm_id":562954914}},{"type":"Feature","geometry":{"type":"LineString","coordinates":[[-84.39677859995237,33.70616729988103],[-84.39697350012688,33.705908199803616]]},"properties":{"overall":39,"safety":99,"sidewalk":0,"sidewalk_present":0,"canopy":16.8,"comfort":38.9,"name":"","road_type":"residential","osm_id":242062076}},{"type":"Feature","geometry":{"type":"LineString","coordinates":[[-84.39718170037514,33.705833000292785],[-84.39752250026316,33.70609280004271]]},"properties":{"overall":36,"safety":99,"sidewalk":0,"sidewalk_present":0,"canopy":9.9,"comfort":36.2,"name":"Maple Circle","road_type":"residential","osm_id":242062075}},{"type":"Feature","geometry":{"type":"LineString","coordinates":[[-84.39705750040326,33.70635690035073],[-84.39749969975128,33.70610569991817]]},"properties":{"overall":35,"safety":95,"sidewalk":0,"sidewalk_present":0,"canopy":10.5,"comfort":35.9,"name":"Maple Walk Circle","road_type":"residential","osm_id":410667791}},{"type":"Feature","geometry":{"type":"LineString","coordinates":[[-84.39771290023015,33.706761099744995],[-84.39754529987567,33.706565800271505],[-84.39769550014717,33.70646649982916],[-84.39773769993485,33.70634999985265]]},"properties":{"overall":24,"safety":66,"sidewalk":0,"sidewalk_present":0,"canopy":6.3,"comfort":31.9,"name":"","road_type":"residential","osm_id":562953477}},{"type":"Feature","geometry":{"type":"LineString","coordinates":[[-84.39748079959918,33.70697070023766],[-84.39752600042453,33.706944799762766],[-84.39758079971409,33.706913800131815]]},"properties":{"overall":63,"safety":81,"sidewalk":100,"sidewalk_present":1,"canopy":7.7,"comfort":30.4,"name":"","road_type":"footway","osm_id":1387298309}},{"type":"Feature","geometry":{"type":"LineString","coordinates":[[-84.39890560001339,33.70319340015533],[-84.39890190020247,33.7034004996334],[-84.39889499970445,33.703780000047004],[-84.39887599972758,33.7047971000062],[-84.3988690003041,33.70517200038756],[-84.39884600014278,33.705480000201874],[-84.39877999979711,33.7057490000164],[-84.39866900007428,33.70600700022294],[-84.39853119965511,33.706228800019176],[-84.39832799963744,33.706474000175035],[-84.39810300005337,33.70667400040486],[-84.39787999966222,33.70682600021979],[-84.3976218996309,33.7069666002285],[-84.39756500042438,33.706994999919345],[-84.39752110001871,33.70701790025595],[-84.3967481003445,33.70742030010683],[-84.39604029972003,33.70779099975488],[-84.3959709997618,33.7078250004235],[-84.3943806998094,33.70863900018975],[-84.39429909982357,33.70869989958078],[-84.39410299995347,33.7088890000274],[-84.39394819964963,33.70910219960689],[-84.39368219997351,33.70946839994673],[-84.39350600030161,33.7097110001626]]},"properties":{"overall":68,"safety":89,"sidewalk":100,"sidewalk_present":1,"canopy":15.6,"comfort":38.2,"name":"Pryor Street","road_type":"secondary","osm_id":39512812}},{"type":"Feature","geometry":{"type":"LineString","coordinates":[[-84.39766489981525,33.70702289958717],[-84.3976218996309,33.7069666002285],[-84.39758079971409,33.706913800131815]]},"properties":{"overall":64,"safety":82,"sidewalk":100,"sidewalk_present":1,"canopy":9.1,"comfort":31.4,"name":"","road_type":"footway","osm_id":1387298306}},{"type":"Feature","geometry":{"type":"LineString","coordinates":[[-84.39887599972758,33.7047971000062],[-84.39879939997229,33.70489750031942],[-84.39878890038739,33.70490819955381],[-84.39871369997724,33.70498420036063],[-84.39863979998677,33.70505560023582],[-84.3985673002407,33.70511410023556],[-84.39851910017632,33.705181599751086]]},"properties":{"overall":34,"safety":78,"sidewalk":0,"sidewalk_present":0,"canopy":23.9,"comfort":43.7,"name":"","road_type":"secondary_link","osm_id":1084009219}},{"type":"Feature","geometry":{"type":"LineString","coordinates":[[-84.39895430010085,33.705229000318184],[-84.39895799991172,33.705173100258435],[-84.39896050002704,33.70513029972358]]},"properties":{"overall":57,"safety":52,"sidewalk":100,"sidewalk_present":1,"canopy":20.1,"comfort":43.0,"name":"","road_type":"footway","osm_id":1387298292}},{"type":"Feature","geometry":{"type":"LineString","coordinates":[[-84.398780700369,33.70524860014285],[-84.39878149986629,33.70524080032271],[-84.39878790034129,33.705174200129306],[-84.39878990043354,33.705158899963294],[-84.39879050028134,33.705132899663624]]},"properties":{"overall":62,"safety":69,"sidewalk":100,"sidewalk_present":1,"canopy":17.8,"comfort":41.6,"name":"","road_type":"footway","osm_id":1387298305}},{"type":"Feature","geometry":{"type":"LineString","coordinates":[[-84.39824849956858,33.705189000272185],[-84.39851910017632,33.705181599751086],[-84.39878790034129,33.705174200129306],[-84.3988690003041,33.70517200038756]]},"properties":{"overall":29,"safety":69,"sidewalk":0,"sidewalk_present":0,"canopy":17.3,"comfort":40.8,"name":"Pryor Circle Southwest","road_type":"residential","osm_id":610841798}},{"type":"Feature","geometry":{"type":"LineString","coordinates":[[-84.39749969975128,33.70610569991817],[-84.39752250026316,33.70609280004271],[-84.39758129973717,33.70605940012126],[-84.39764179982916,33.705989799789506],[-84.39787989983745,33.70561629965255],[-84.3979342000033,33.70556720026616],[-84.39802209974005,33.7055539001924],[-84.39816109985486,33.70554990000795],[-84.3982793004493,33.705556500132445],[-84.39833519960973,33.70556449960202],[-84.39836560029221,33.70559109974948],[-84.39839590025053,33.705620299836994],[-84.3984150998769,33.70565619987377],[-84.39840229982622,33.70569340033023],[-84.39838479991852,33.70575190032997],[-84.39822179959634,33.70606629972002],[-84.39796139999856,33.70632739988963],[-84.39790060043231,33.706348700332285],[-84.39781440041423,33.706360600161645],[-84.39773769993485,33.70634999985265],[-84.39765779966768,33.706300799742166],[-84.3976051002951,33.70625030011132],[-84.39749969975128,33.70610569991817]]},"properties":{"overall":35,"safety":93,"sidewalk":0,"sidewalk_present":0,"canopy":10.9,"comfort":36.4,"name":"Maple Walk Circle","road_type":"residential","osm_id":242062066}},{"type":"Feature","geometry":{"type":"LineString","coordinates":[[-84.39758079971409,33.706913800131815],[-84.39771330042845,33.70684240025662],[-84.39785119977302,33.70676259981417],[-84.3979591004321,33.7066942999021],[-84.39814960022386,33.70656289995793],[-84.39838089955884,33.70632050029093],[-84.39848270011646,33.706203299742526],[-84.39853100000562,33.70612789968288],[-84.39866540008808,33.705889100002025],[-84.3987167999403,33.70575119975814],[-84.39875789985717,33.70553419964364],[-84.39877720020758,33.705285299676916],[-84.398780700369,33.70524860014285]]},"properties":{"overall":64,"safety":82,"sidewalk":100,"sidewalk_present":1,"canopy":10.9,"comfort":36.0,"name":"","road_type":"footway","osm_id":1387298307}},{"type":"Feature","geometry":{"type":"LineString","coordinates":[[-84.39822179959634,33.70606629972002],[-84.39848270011646,33.706203299742526],[-84.39853119965511,33.706228800019176]]},"properties":{"overall":68,"safety":95,"sidewalk":100,"sidewalk_present":1,"canopy":10.4,"comfort":36.1,"name":"","road_type":"residential","osm_id":242062077}},{"type":"Feature","geometry":{"type":"LineString","coordinates":[[-84.39882180028582,33.70640599973717],[-84.39859939974247,33.70627039995907],[-84.39853119965511,33.706228800019176]]},"properties":{"overall":67,"safety":95,"sidewalk":100,"sidewalk_present":1,"canopy":6.1,"comfort":36.0,"name":"Park Avenue","road_type":"residential","osm_id":242062073}},{"type":"Feature","geometry":{"type":"LineString","coordinates":[[-84.39766489981525,33.70702289958717],[-84.397680799829,33.70702009999769],[-84.39771159981046,33.70700839981782],[-84.39792829955132,33.70689039977219],[-84.39804529955092,33.706815100436586],[-84.39817370025605,33.70672579955607],[-84.39820960029277,33.70670269956997],[-84.39823880038028,33.70668240007274],[-84.398326200094,33.70659510018379],[-84.3984724001811,33.70645259990761],[-84.39851710008406,33.70639230036443],[-84.39856720041593,33.70632310023092],[-84.39859939974247,33.70627039995907],[-84.39863639965006,33.70621890028207],[-84.39866540008808,33.70619309963189],[-84.39871420000031,33.706100000015056],[-84.39879079975555,33.70596679962813],[-84.39883980021659,33.705848900306535],[-84.39888590036395,33.70570780027481],[-84.39892689955673,33.70553180025246],[-84.39895470029916,33.7053523998934],[-84.39895470029916,33.70525589993986],[-84.39895430010085,33.705229000318184]]},"properties":{"overall":62,"safety":73,"sidewalk":100,"sidewalk_present":1,"canopy":11.9,"comfort":37.0,"name":"","road_type":"footway","osm_id":1387298293}},{"type":"Feature","geometry":{"type":"LineString","coordinates":[[-84.39810889960597,33.7071146996837],[-84.39809789999805,33.7070796998683],[-84.39811460040846,33.7070209003943],[-84.39813859971656,33.7069970000116],[-84.39819220020985,33.70697459969807],[-84.39825790018193,33.7069780998595],[-84.39829239997425,33.70699919975334],[-84.3983139000664,33.70701240000233],[-84.39833630037992,33.70705650005749],[-84.39832429982653,33.707118299669844],[-84.39826720007119,33.70716329994639],[-84.39819079996539,33.70716970042139],[-84.39815990015921,33.707159899609735],[-84.39810889960597,33.7071146996837]]},"properties":{"overall":37,"safety":98,"sidewalk":0,"sidewalk_present":0,"canopy":14.2,"comfort":35.7,"name":"Meadom Lane Southwest","road_type":"residential","osm_id":242062072}},{"type":"Feature","geometry":{"type":"LineString","coordinates":[[-84.3988690003041,33.70517200038756],[-84.39895799991172,33.705173100258435],[-84.3992298002151,33.705176600419804],[-84.3995029998635,33.70517999985714],[-84.39964690038408,33.7051818002999],[-84.40135799997171,33.705203000018514]]},"properties":{"overall":37,"safety":79,"sidewalk":0,"sidewalk_present":0,"canopy":31.1,"comfort":52.5,"name":"Ashwood Avenue Southwest","road_type":"residential","osm_id":9273842}},{"type":"Feature","geometry":{"type":"LineString","coordinates":[[-84.39895430010085,33.705229000318184],[-84.39898700034973,33.70523830020744],[-84.39923619979078,33.705236800138266],[-84.39931040015483,33.70524130034579],[-84.39951510024167,33.70524500015671],[-84.39964829972922,33.705242800414965],[-84.40025789978222,33.70525329999987],[-84.4008976001441,33.7052584998799],[-84.40128390033169,33.70526340028573]]},"properties":{"overall":67,"safety":67,"sidewalk":100,"sidewalk_present":1,"canopy":33.2,"comfort":53.0,"name":"","road_type":"footway","osm_id":1387313790}},{"type":"Feature","geometry":{"type":"LineString","coordinates":[[-84.39976879989018,33.7054173003682],[-84.39974340033763,33.705416699621026],[-84.39966960017188,33.70539659977334],[-84.3996507998445,33.705349700128636],[-84.39964829972922,33.705242800414965],[-84.39964690038408,33.7051818002999]]},"properties":{"overall":70,"safety":97,"sidewalk":100,"sidewalk_present":1,"canopy":11.5,"comfort":44.9,"name":"","road_type":"service","osm_id":562955816}},{"type":"Feature","geometry":{"type":"LineString","coordinates":[[-84.39829239997425,33.70699919975334],[-84.39868120027711,33.70661169987011],[-84.39875549956662,33.70650289988896],[-84.39882180028582,33.70640599973717],[-84.39889730017023,33.706295500037356],[-84.39894329959355,33.706228200171324],[-84.39908789978671,33.706006400375145],[-84.39911640020165,33.70592330032008],[-84.39913399993412,33.70584349987769],[-84.39915950021071,33.70577310004859],[-84.39920270004455,33.70572919964292],[-84.39924260026578,33.70565479962937],[-84.39926179989209,33.70559500010921],[-84.39926659957388,33.70552980016021],[-84.3992601999982,33.705463399616235],[-84.39923619979078,33.705236800138266],[-84.3992298002151,33.705176600419804]]},"properties":{"overall":66,"safety":86,"sidewalk":100,"sidewalk_present":1,"canopy":12.8,"comfort":39.8,"name":"Meadom Lane","road_type":"residential","osm_id":242062069}},{"type":"Feature","geometry":{"type":"LineString","coordinates":[[-84.39875549956662,33.70650289988896],[-84.39886190015653,33.70654659974582],[-84.39894059982879,33.70654869966279],[-84.3989938999485,33.706529699685916],[-84.39903709978228,33.706483200239575],[-84.399034599667,33.70643889963554],[-84.39899900000381,33.70640079985708],[-84.39895589999475,33.706354400235455],[-84.39889730017023,33.706295500037356]]},"properties":{"overall":35,"safety":95,"sidewalk":0,"sidewalk_present":0,"canopy":9.2,"comfort":39.0,"name":"","road_type":"service","osm_id":794509895}},{"type":"Feature","geometry":{"type":"LineString","coordinates":[[-84.39936160035751,33.70756250000943],[-84.3994440996654,33.70755799980191],[-84.3995538996927,33.707563199682]]},"properties":{"overall":72,"safety":96,"sidewalk":100,"sidewalk_present":1,"canopy":19.9,"comfort":41.9,"name":"","road_type":"footway","osm_id":1387326185}},{"type":"Feature","geometry":{"type":"LineString","coordinates":[[-84.3994442003895,33.7077472000733],[-84.3994440996654,33.70755799980191],[-84.39944399984068,33.70749400044781]]},"properties":{"overall":40,"safety":96,"sidewalk":0,"sidewalk_present":0,"canopy":23.2,"comfort":42.9,"name":"Giben Road Southwest","road_type":"residential","osm_id":786433904}},{"type":"Feature","geometry":{"type":"LineString","coordinates":[[-84.39948700002498,33.70903899975008],[-84.39946609978062,33.70872830017095],[-84.39946060042632,33.708482000144215],[-84.39945369992824,33.708176999568934],[-84.3994442003895,33.7077472000733]]},"properties":{"overall":41,"safety":99,"sidewalk":0,"sidewalk_present":0,"canopy":25.3,"comfort":41.3,"name":"Giben Road Southwest","road_type":"residential","osm_id":9245128}},{"type":"Feature","geometry":{"type":"LineString","coordinates":[[-84.39946060042632,33.708482000144215],[-84.39913419958361,33.70850369988591]]},"properties":{"overall":42,"safety":99,"sidewalk":0,"sidewalk_present":0,"canopy":26.0,"comfort":42.6,"name":"","road_type":"service","osm_id":1349965805}},{"type":"Feature","geometry":{"type":"LineString","coordinates":[[-84.39946609978062,33.70872830017095],[-84.39920019992923,33.70874129987112],[-84.3992123003074,33.70886070016121],[-84.3991707003675,33.70892869969981],[-84.3991765000954,33.709052199999064]]},"properties":{"overall":40,"safety":100,"sidewalk":0,"sidewalk_present":0,"canopy":18.9,"comfort":37.3,"name":"","road_type":"service","osm_id":562953472}},{"type":"Feature","geometry":{"type":"LineString","coordinates":[[-84.39756679996782,33.707082199983574],[-84.39752110001871,33.70701790025595],[-84.39748079959918,33.70697070023766]]},"properties":{"overall":63,"safety":82,"sidewalk":100,"sidewalk_present":1,"canopy":7.8,"comfort":31.6,"name":"","road_type":"footway","osm_id":1387298308}},{"type":"Feature","geometry":{"type":"LineString","coordinates":[[-84.39765619977373,33.707037099882314],[-84.39766489981525,33.70702289958717]]},"properties":{"overall":63,"safety":82,"sidewalk":100,"sidewalk_present":1,"canopy":6.0,"comfort":30.4,"name":"","road_type":"footway","osm_id":1387298294}},{"type":"Feature","geometry":{"type":"LineString","coordinates":[[-84.39756679996782,33.707082199983574],[-84.39761299993995,33.70705840032497],[-84.39765619977373,33.707037099882314]]},"properties":{"overall":63,"safety":83,"sidewalk":100,"sidewalk_present":1,"canopy":6.8,"comfort":31.1,"name":"","road_type":"footway","osm_id":1387298295}},{"type":"Feature","geometry":{"type":"LineString","coordinates":[[-84.39608210020873,33.70784040041423],[-84.39674329976344,33.70749260020341],[-84.39678639977251,33.7074692996685],[-84.39693140016396,33.70739650044817],[-84.39748980001423,33.70710139960994],[-84.39756679996782,33.707082199983574]]},"properties":{"overall":56,"safety":58,"sidewalk":100,"sidewalk_present":1,"canopy":10.7,"comfort":34.1,"name":"","road_type":"footway","osm_id":1387298296}},{"type":"Feature","geometry":{"type":"LineString","coordinates":[[-84.396965999781,33.707699300382444],[-84.39678639977251,33.7074692996685],[-84.3967481003445,33.70742030010683]]},"properties":{"overall":71,"safety":100,"sidewalk":100,"sidewalk_present":1,"canopy":11.9,"comfort":35.5,"name":"","road_type":"service","osm_id":562953475}},{"type":"Feature","geometry":{"type":"LineString","coordinates":[[-84.40190559986348,33.70826080019583],[-84.40178699997006,33.70852799956759],[-84.40164599976305,33.70871300000499],[-84.40151700010944,33.70882299968173],[-84.40137099967188,33.70888799998124],[-84.40132109988883,33.70890430019335],[-84.4011349995805,33.708964999934835],[-84.39948700002498,33.70903899975008],[-84.3991765000954,33.709052199999064],[-84.39882099988921,33.709067000142],[-84.39871260010636,33.70905370006824],[-84.39842999984455,33.70901899972711],[-84.39834500042139,33.70911499965757],[-84.39814800032991,33.70923099961101],[-84.39791400033079,33.70926000004903],[-84.39717599957271,33.709244000210504],[-84.3969699999655,33.70916500016466],[-84.39680400040425,33.709054000441824],[-84.39659099957493,33.70889999963532],[-84.39654669987027,33.70885490043338],[-84.39649560039163,33.70884289987998],[-84.39642840035037,33.708850900248876],[-84.39638530034131,33.70888549986597],[-84.39636609981562,33.708941300100946],[-84.39635660027682,33.709192499634185],[-84.39645560034563,33.70925630023811],[-84.39651949987496,33.7092629003626],[-84.39657060025297,33.70924429968471],[-84.39662979992528,33.70921239983244],[-84.39673359967583,33.709096800077305],[-84.39680400040425,33.709054000441824]]},"properties":{"overall":36,"safety":89,"sidewalk":0,"sidewalk_present":0,"canopy":19.4,"comfort":37.6,"name":"Amal Drive Southwest","road_type":"residential","osm_id":9274571}},{"type":"Feature","geometry":{"type":"LineString","coordinates":[[-84.39531900027163,33.71046659975383],[-84.39623300015279,33.71047100013658],[-84.39779999957028,33.710492000205704],[-84.3992839996568,33.710509000090326]]},"properties":{"overall":34,"safety":74,"sidewalk":0,"sidewalk_present":0,"canopy":28.2,"comfort":41.8,"name":"Taft Street Southwest","road_type":"residential","osm_id":9242891}},{"type":"Feature","geometry":{"type":"LineString","coordinates":[[-84.3952217997462,33.71108699976526],[-84.3962199995533,33.71110000036475],[-84.39778599982401,33.71112399967291],[-84.39873100023544,33.71113900036465]]},"properties":{"overall":42,"safety":93,"sidewalk":0,"sidewalk_present":0,"canopy":34.5,"comfort":44.2,"name":"Upshaw Street Southwest","road_type":"residential","osm_id":9248807}},{"type":"Feature","geometry":{"type":"LineString","coordinates":[[-84.39781900044648,33.70969600037017],[-84.39779999957028,33.710492000205704],[-84.39778599982401,33.71112399967291],[-84.39777100003158,33.71175700008553]]},"properties":{"overall":36,"safety":87,"sidewalk":0,"sidewalk_present":0,"canopy":20.8,"comfort":36.1,"name":"Arthur Langford Junior Place Southwest","road_type":"residential","osm_id":629306007}},{"type":"Feature","geometry":{"type":"LineString","coordinates":[[-84.39772189974582,33.71179740032983],[-84.3974200998577,33.71178739986868],[-84.39701040020975,33.711776599910195]]},"properties":{"overall":67,"safety":74,"sidewalk":100,"sidewalk_present":1,"canopy":28.4,"comfort":41.4,"name":"","road_type":"footway","osm_id":1386507641}},{"type":"Feature","geometry":{"type":"LineString","coordinates":[[-84.39766489981525,33.70702289958717],[-84.39769109976442,33.70705719973006],[-84.39773729973655,33.70712089960989],[-84.39784919968076,33.70727169972923],[-84.39788640013722,33.707316799830494],[-84.3979253003123,33.70736080006094],[-84.39798990041356,33.70740640018528],[-84.39807189969838,33.70745749966392],[-84.39817289985939,33.70751260022638],[-84.39829359966984,33.70753930019862],[-84.39843109971542,33.707542199612874],[-84.39861820006985,33.70750800019408],[-84.39864309959933,33.70750979973752],[-84.39866259959928,33.70751920035087],[-84.39867400030482,33.70755799980191]]},"properties":{"overall":65,"safety":87,"sidewalk":100,"sidewalk_present":1,"canopy":9.2,"comfort":33.6,"name":"","road_type":"footway","osm_id":1387326182}},{"type":"Feature","geometry":{"type":"LineString","coordinates":[[-84.39756500042438,33.706994999919345],[-84.39761299993995,33.70705840032497],[-84.39781900044648,33.70733500031008],[-84.39788599993892,33.707409000125324],[-84.39802500005368,33.70750600010189],[-84.39818800037585,33.707570000355304],[-84.39831399989117,33.70759100042437],[-84.3984430004441,33.707592999617304],[-84.39867400030482,33.70755799980191],[-84.39899699991156,33.707509000240236],[-84.39922200039496,33.70749400044781],[-84.39944399984068,33.70749400044781]]},"properties":{"overall":67,"safety":89,"sidewalk":100,"sidewalk_present":1,"canopy":11.8,"comfort":35.8,"name":"Amal Drive Southwest","road_type":"residential","osm_id":1262483554}},{"type":"Feature","geometry":{"type":"LineString","coordinates":[[-84.39756679996782,33.707082199983574],[-84.39757190002314,33.707105799992746],[-84.39759840034588,33.70713669979892],[-84.39769099993964,33.70726239983992],[-84.39780349973171,33.707416600295915],[-84.39788950010029,33.707489299691474],[-84.3979583000355,33.70753930019862],[-84.39805959967077,33.7075881001108],[-84.39818100005306,33.707625199843164],[-84.39824040027423,33.707639900161325],[-84.39830210006181,33.70764440036885],[-84.39836289962807,33.707648899677054],[-84.39842639985841,33.707648899677054],[-84.39849640038852,33.707644099995264],[-84.39863090029576,33.70761999996307],[-84.39887349961231,33.70758130033681],[-84.39892440034077,33.707570700027816],[-84.39930260033469,33.707552799921814],[-84.39934199963352,33.70755580006016],[-84.39936160035751,33.70756250000943]]},"properties":{"overall":66,"safety":88,"sidewalk":100,"sidewalk_present":1,"canopy":10.1,"comfort":35.2,"name":"","road_type":"footway","osm_id":1387326184}},{"type":"Feature","geometry":{"type":"LineString","coordinates":[[-84.39744200014815,33.70846600030575],[-84.39767900028562,33.70834300002946],[-84.3978340002389,33.70829999984517],[-84.3980470001689,33.708300999891264],[-84.39827900007577,33.70835899986798],[-84.39844699972923,33.70853299979814],[-84.39851099998265,33.70872100037394],[-84.39848899986742,33.708953000280815],[-84.39842999984455,33.70901899972711]]},"properties":{"overall":35,"safety":95,"sidewalk":0,"sidewalk_present":0,"canopy":10.4,"comfort":31.8,"name":"Amal Drive Southwest","road_type":"residential","osm_id":9239478}},{"type":"Feature","geometry":{"type":"LineString","coordinates":[[-84.39869870018481,33.709180699629655],[-84.39871260010636,33.70905370006824]]},"properties":{"overall":32,"safety":81,"sidewalk":0,"sidewalk_present":0,"canopy":14.9,"comfort":33.3,"name":"","road_type":"service","osm_id":562953473}},{"type":"Feature","geometry":{"type":"LineString","coordinates":[[-84.39867989985743,33.70935270036688],[-84.39869870018481,33.709180699629655]]},"properties":{"overall":30,"safety":76,"sidewalk":0,"sidewalk_present":0,"canopy":14.9,"comfort":32.7,"name":"","road_type":"service","osm_id":562953474}},{"type":"Feature","geometry":{"type":"LineString","coordinates":[[-84.39541920003603,33.70969810028714],[-84.39625000003741,33.70970199974755],[-84.39781900044648,33.70969600037017],[-84.3987569996358,33.70969300023182]]},"properties":{"overall":43,"safety":95,"sidewalk":0,"sidewalk_present":0,"canopy":33.7,"comfort":44.1,"name":"Hipp Street Southwest","road_type":"residential","osm_id":9250295}},{"type":"Feature","geometry":{"type":"LineString","coordinates":[[-84.39944459968848,33.71183650015439],[-84.39907709982828,33.71182499962407],[-84.39864930042484,33.711802299836336],[-84.3981954998224,33.711793199596514]]},"properties":{"overall":75,"safety":94,"sidewalk":100,"sidewalk_present":1,"canopy":31.6,"comfort":46.7,"name":"","road_type":"footway","osm_id":1386360822}},{"type":"Feature","geometry":{"type":"LineString","coordinates":[[-84.3981954998224,33.711793199596514],[-84.39783619998059,33.71179900022372],[-84.39782079998992,33.711821199988435],[-84.39781870007289,33.71196990019081],[-84.39781450023895,33.712350899774265]]},"properties":{"overall":70,"safety":83,"sidewalk":100,"sidewalk_present":1,"canopy":27.9,"comfort":41.9,"name":"","road_type":"footway","osm_id":1386360823}},{"type":"Feature","geometry":{"type":"LineString","coordinates":[[-84.39781450023895,33.712350899774265],[-84.39781300016978,33.71238589958966],[-84.3978125001467,33.71243099969092]]},"properties":{"overall":70,"safety":82,"sidewalk":100,"sidewalk_present":1,"canopy":28.2,"comfort":43.5,"name":"","road_type":"footway","osm_id":1386360824}},{"type":"Feature","geometry":{"type":"LineString","coordinates":[[-84.3991765000954,33.709052199999064],[-84.39921419967555,33.70913799981889],[-84.3992375002104,33.709233899924584],[-84.39925340022421,33.70943630044496]]},"properties":{"overall":39,"safety":100,"sidewalk":0,"sidewalk_present":0,"canopy":17.5,"comfort":35.5,"name":"","road_type":"service","osm_id":1494908725}},{"type":"Feature","geometry":{"type":"LineString","coordinates":[[-84.3992839996568,33.710509000090326],[-84.3992889998874,33.71033500016017],[-84.39931500018707,33.71026200039108],[-84.39939100009457,33.710186999630366],[-84.39949899967905,33.71014899967662],[-84.40054700034375,33.71015399990722],[-84.40070300034313,33.710192999907065],[-84.40077700015837,33.710229999814715],[-84.40085200001977,33.71028699974528]]},"properties":{"overall":38,"safety":96,"sidewalk":0,"sidewalk_present":0,"canopy":18.9,"comfort":38.3,"name":"Taft Street Southwest","road_type":"residential","osm_id":9242897}},{"type":"Feature","geometry":{"type":"LineString","coordinates":[[-84.3992550001181,33.71176400040832],[-84.39927400009498,33.710948999696654],[-84.3992839996568,33.710509000090326]]},"properties":{"overall":42,"safety":99,"sidewalk":0,"sidewalk_present":0,"canopy":26.1,"comfort":41.9,"name":"Thornton Place Southwest","road_type":"residential","osm_id":9270166}},{"type":"Feature","geometry":{"type":"LineString","coordinates":[[-84.40020099967637,33.71201400024597],[-84.39999299997692,33.71190999994661],[-84.39977299972412,33.711835000085216],[-84.39955799970187,33.711791999900925],[-84.3992550001181,33.71176400040832],[-84.39897099961189,33.71175399994718],[-84.39777100003158,33.71175700008553]]},"properties":{"overall":72,"safety":85,"sidewalk":100,"sidewalk_present":1,"canopy":31.9,"comfort":47.0,"name":"Thornton Street Southwest","road_type":"residential","osm_id":9276161}},{"type":"Feature","geometry":{"type":"LineString","coordinates":[[-84.40018640008225,33.712033900444226],[-84.40013829984264,33.71202869966481],[-84.39997490022142,33.71196439993719],[-84.39978660017141,33.711882600301806],[-84.3997045001625,33.71186639991447],[-84.39963560040258,33.71185609997906],[-84.39944459968848,33.71183650015439]]},"properties":{"overall":80,"safety":96,"sidewalk":100,"sidewalk_present":1,"canopy":44.4,"comfort":56.2,"name":"","road_type":"footway","osm_id":1386360821}},{"type":"Feature","geometry":{"type":"LineString","coordinates":[[-84.39774199959356,33.71303499966558],[-84.39780670041887,33.71303639990998],[-84.399152999911,33.713066000195795],[-84.39927300004888,33.71305200044952],[-84.39937900044049,33.713019999873154],[-84.39945100016348,33.71298400001166],[-84.39953599958665,33.71292199985044],[-84.40012640001333,33.71211579990427],[-84.40018640008225,33.712033900444226],[-84.40020099967637,33.71201400024597]]},"properties":{"overall":72,"safety":75,"sidewalk":100,"sidewalk_present":1,"canopy":42.5,"comfort":53.8,"name":"Lincoln Street Southwest","road_type":"residential","osm_id":629306004}},{"type":"Feature","geometry":{"type":"LineString","coordinates":[[-84.39966280039789,33.71286690018735],[-84.39954979968348,33.71298400001166],[-84.39948370041242,33.713026199799344],[-84.39935870004393,33.713078200398684],[-84.39926830019186,33.71310379960073],[-84.39912319997563,33.713110600274035],[-84.3988696001519,33.71310569986821],[-84.3983322003707,33.71308929983138]]},"properties":{"overall":74,"safety":85,"sidewalk":100,"sidewalk_present":1,"canopy":36.4,"comfort":51.6,"name":"","road_type":"footway","osm_id":1386358974}},{"type":"Feature","geometry":{"type":"LineString","coordinates":[[-84.40347930012956,33.70552300038622],[-84.40338669963643,33.70592009963292],[-84.40322020005215,33.70651960029937],[-84.40302589972544,33.707082199983574],[-84.40292949959667,33.70734049966438],[-84.40165769994286,33.71067220006205],[-84.40151220042765,33.71103059968249],[-84.40135099964886,33.7113954996027],[-84.40103090035575,33.71197540044443],[-84.40076930016306,33.712368500406],[-84.40050369978587,33.71272179997112],[-84.40020199972247,33.71308769993743],[-84.39962500009364,33.71378900026218],[-84.39947100018645,33.71398539960654],[-84.3993310000256,33.71417400003014],[-84.3991956997217,33.71436790015849],[-84.39906779993896,33.71457089962735],[-84.3989862997779,33.71471659969137],[-84.39891220013789,33.71485630037802],[-84.39881720025357,33.71504549975009],[-84.39873319997719,33.71523460019671],[-84.39862020016204,33.71551339992351],[-84.39851810013016,33.71580129989013],[-84.39837009960036,33.71623690001297],[-84.39821980040341,33.71665300013592]]},"properties":{"overall":28,"safety":74,"sidewalk":0,"sidewalk_present":0,"canopy":11.1,"comfort":39.1,"name":"James Wendell George Parkway","road_type":"motorway","osm_id":879776187}},{"type":"Feature","geometry":{"type":"LineString","coordinates":[[-84.39914040040912,33.713990399837144],[-84.3989749997964,33.713986500376734]]},"properties":{"overall":35,"safety":100,"sidewalk":0,"sidewalk_present":0,"canopy":5.5,"comfort":37.4,"name":"","road_type":"service","osm_id":562953463}},{"type":"Feature","geometry":{"type":"LineString","coordinates":[[-84.39865980000974,33.71418320009468],[-84.3990232996855,33.714189800219174]]},"properties":{"overall":38,"safety":97,"sidewalk":0,"sidewalk_present":0,"canopy":18.4,"comfort":43.4,"name":"","road_type":"service","osm_id":562953464}},{"type":"Feature","geometry":{"type":"LineString","coordinates":[[-84.39112560006635,33.69897070003782],[-84.39119509967406,33.69902040017138],[-84.39135059965042,33.699103000203365]]},"properties":{"overall":46,"safety":99,"sidewalk":0,"sidewalk_present":0,"canopy":38.1,"comfort":55.4,"name":"Macon Drive Southwest","road_type":"tertiary","osm_id":1066850261}},{"type":"Feature","geometry":{"type":"LineString","coordinates":[[-84.39135059965042,33.699103000203365],[-84.39142840000062,33.69915659979728],[-84.39155179957584,33.699252499903025],[-84.39160809983389,33.69932389977822],[-84.39162719963554,33.69937579965347],[-84.39162840023045,33.699442700220516],[-84.39161650040114,33.69948039980068],[-84.39160719961251,33.69950959988819],[-84.39157810024909,33.69956499992486],[-84.39153019965897,33.69963420005831],[-84.39146899989441,33.69971699973979]]},"properties":{"overall":77,"safety":97,"sidewalk":100,"sidewalk_present":1,"canopy":33.8,"comfort":51.6,"name":"","road_type":"secondary_link","osm_id":146781614}},{"type":"Feature","geometry":{"type":"LineString","coordinates":[[-84.3916417003042,33.69947660016504],[-84.39161650040114,33.69948039980068],[-84.39159439956182,33.699483700312555]]},"properties":{"overall":75,"safety":95,"sidewalk":100,"sidewalk_present":1,"canopy":30.6,"comfort":50.0,"name":"","road_type":"footway","osm_id":1354064740}},{"type":"Feature","geometry":{"type":"LineString","coordinates":[[-84.39159439956182,33.699483700312555],[-84.39157159994932,33.69951369989741],[-84.39147009976523,33.699590699850944],[-84.39142689993145,33.69961260014145]]},"properties":{"overall":76,"safety":96,"sidewalk":100,"sidewalk_present":1,"canopy":32.7,"comfort":51.2,"name":"","road_type":"footway","osm_id":1354064742}},{"type":"Feature","geometry":{"type":"LineString","coordinates":[[-84.38934630039142,33.69681759985241],[-84.38934700006399,33.69692060010567],[-84.38938559986548,33.69707019963005],[-84.38948490030788,33.697299999795234]]},"properties":{"overall":33,"safety":99,"sidewalk":0,"sidewalk_present":0,"canopy":0.0,"comfort":0.0,"name":"Macon Drive Southwest","road_type":"tertiary","osm_id":1066850262}},{"type":"Feature","geometry":{"type":"LineString","coordinates":[[-84.38875609961428,33.700546100022564],[-84.38952150001717,33.70033899964517]]},"properties":{"overall":33,"safety":99,"sidewalk":0,"sidewalk_present":0,"canopy":0.0,"comfort":0.0,"name":"Lakewood Avenue","road_type":"secondary","osm_id":1379751593}},{"type":"Feature","geometry":{"type":"LineString","coordinates":[[-84.38898920029135,33.7006152003313],[-84.38901640028661,33.70059060027603],[-84.38904759956705,33.70057179994865],[-84.38906120001434,33.70056409995328],[-84.38907559995891,33.70055820040068],[-84.38910720033698,33.70054579964898],[-84.38994360041681,33.700301399889725],[-84.39038379967258,33.700168400051666],[-84.39090139997961,33.7000170999093],[-84.39097720023756,33.69999490014459]]},"properties":{"overall":70,"safety":98,"sidewalk":100,"sidewalk_present":1,"canopy":11.2,"comfort":47.9,"name":"","road_type":"footway","osm_id":1354730208}},{"type":"Feature","geometry":{"type":"LineString","coordinates":[[-84.39166650000891,33.7043542000863],[-84.39141070044343,33.70401669981089],[-84.3905240003823,33.703397500394374],[-84.38975580038982,33.70290219967683],[-84.3893597002899,33.70264900005134],[-84.38893499995027,33.70251300007493]]},"properties":{"overall":38,"safety":100,"sidewalk":0,"sidewalk_present":0,"canopy":13.2,"comfort":37.1,"name":"Lakewood Raceway","road_type":"residential","osm_id":1469815526}},{"type":"Feature","geometry":{"type":"LineString","coordinates":[[-84.3843856004151,33.698314300164895],[-84.3843078000649,33.698395499952426],[-84.38421919975622,33.69847929968],[-84.38413840016699,33.69852399958296],[-84.38404219968771,33.69856739996561]]},"properties":{"overall":33,"safety":100,"sidewalk":0,"sidewalk_present":0,"canopy":0.0,"comfort":0.0,"name":"","road_type":"cycleway","osm_id":1511724796}},{"type":"Feature","geometry":{"type":"LineString","coordinates":[[-84.38378160044044,33.702808400387426],[-84.3841491003007,33.702589900203805],[-84.38461079964867,33.70232830001106],[-84.38517049991862,33.70199310020149],[-84.38520639995534,33.70197269998016]]},"properties":{"overall":58,"safety":64,"sidewalk":100,"sidewalk_present":1,"canopy":11.1,"comfort":47.6,"name":"","road_type":"footway","osm_id":1385358167}},{"type":"Feature","geometry":{"type":"LineString","coordinates":[[-84.38506780003888,33.70222319984083],[-84.38505109962853,33.70222510010831],[-84.38503280022354,33.7022307001867],[-84.38476070044595,33.7023885995543],[-84.38464640021118,33.70245500009821],[-84.38417199973799,33.70273500041998],[-84.38386380027413,33.702914200230225]]},"properties":{"overall":54,"safety":53,"sidewalk":100,"sidewalk_present":1,"canopy":7.5,"comfort":45.5,"name":"","road_type":"footway","osm_id":1385358171}},{"type":"Feature","geometry":{"type":"LineString","coordinates":[[-84.38476059972186,33.70243750019051],[-84.38474459988333,33.70242549963717],[-84.38477709958346,33.702406399835525]]},"properties":{"overall":35,"safety":0,"sidewalk":100,"sidewalk_present":1,"canopy":6.3,"comfort":46.3,"name":"","road_type":"service","osm_id":1125331342}},{"type":"Feature","geometry":{"type":"LineString","coordinates":[[-84.38483189977234,33.70249049993669],[-84.38476059972186,33.70243750019051]]},"properties":{"overall":2,"safety":0,"sidewalk":0,"sidewalk_present":0,"canopy":6.3,"comfort":46.3,"name":"","road_type":"service","osm_id":1125331341}},{"type":"Feature","geometry":{"type":"LineString","coordinates":[[-84.38514980022308,33.702411900089146],[-84.38509550005722,33.702435400273544],[-84.3850081003435,33.702473099853705],[-84.38484450017353,33.70254389988111],[-84.38471799973587,33.702441799849225],[-84.3846638002941,33.70247540031954],[-84.38464640021118,33.70245500009821],[-84.38460249980551,33.70240350042127]]},"properties":{"overall":58,"safety":62,"sidewalk":100,"sidewalk_present":1,"canopy":12.8,"comfort":47.5,"name":"","road_type":"service","osm_id":1125331327}},{"type":"Feature","geometry":{"type":"LineString","coordinates":[[-84.38474459988333,33.70242549963717],[-84.38471799973587,33.702441799849225]]},"properties":{"overall":35,"safety":0,"sidewalk":100,"sidewalk_present":1,"canopy":5.0,"comfort":45.8,"name":"","road_type":"service","osm_id":1125331343}},{"type":"Feature","geometry":{"type":"LineString","coordinates":[[-84.38507700010342,33.704023999607955],[-84.38502920023734,33.70402299956186],[-84.38424200026805,33.70400599967718],[-84.38361099994768,33.703992999977004]]},"properties":{"overall":76,"safety":84,"sidewalk":100,"sidewalk_present":1,"canopy":42.5,"comfort":64.2,"name":"Hillside Avenue Southeast","road_type":"residential","osm_id":9263178}},{"type":"Feature","geometry":{"type":"LineString","coordinates":[[-84.38496400028833,33.6969319999119],[-84.38485299966618,33.69697400005009],[-84.38477200042746,33.69698200041904],[-84.38470450001262,33.69698200041904]]},"properties":{"overall":33,"safety":99,"sidewalk":0,"sidewalk_present":0,"canopy":0.0,"comfort":0.0,"name":"Harper Road Southeast","road_type":"residential","osm_id":940232907}},{"type":"Feature","geometry":{"type":"LineString","coordinates":[[-84.38570209997192,33.70035140039687],[-84.3856981996122,33.70022370026362],[-84.38567659969527,33.700187700402125],[-84.38564340032264,33.70015169964125],[-84.3855338997696,33.70008570019496],[-84.38547040043858,33.70006529997369],[-84.38532480019933,33.700059400421026],[-84.38505809995132,33.70005220044874],[-84.38488369982286,33.70004620017204],[-84.38478900031208,33.70004410025507]]},"properties":{"overall":22,"safety":67,"sidewalk":0,"sidewalk_present":0,"canopy":0.0,"comfort":0.0,"name":"","road_type":"service","osm_id":863617968}},{"type":"Feature","geometry":{"type":"LineString","coordinates":[[-84.38486169970764,33.70154019982044],[-84.38492190032542,33.70141139981632],[-84.38500260008988,33.70127720028262]]},"properties":{"overall":32,"safety":96,"sidewalk":0,"sidewalk_present":0,"canopy":0.0,"comfort":0.0,"name":"","road_type":"service","osm_id":1262447259}},{"type":"Feature","geometry":{"type":"LineString","coordinates":[[-84.3848824003025,33.70193960043224],[-84.38482929983229,33.701853199865354],[-84.3846454999898,33.70165919991217],[-84.38480440030281,33.701572800244605],[-84.38486169970764,33.70154019982044],[-84.3851068998635,33.7014441000652]]},"properties":{"overall":37,"safety":92,"sidewalk":0,"sidewalk_present":0,"canopy":20.2,"comfort":51.9,"name":"","road_type":"service","osm_id":1262447258}},{"type":"Feature","geometry":{"type":"LineString","coordinates":[[-84.38564939970001,33.70170589990738],[-84.3856271999353,33.70170539988436],[-84.38558569982013,33.701703700165694],[-84.38542979964552,33.70170530005959],[-84.3852380003334,33.70171049993968],[-84.38515700019536,33.70172559955682],[-84.38508289965608,33.70175259990259],[-84.38503619966087,33.70176680019773]]},"properties":{"overall":70,"safety":88,"sidewalk":100,"sidewalk_present":1,"canopy":23.5,"comfort":54.4,"name":"","road_type":"footway","osm_id":1386526129}},{"type":"Feature","geometry":{"type":"LineString","coordinates":[[-84.38520639995534,33.70197269998016],[-84.38541319995915,33.70185519995755]]},"properties":{"overall":58,"safety":67,"sidewalk":100,"sidewalk_present":1,"canopy":8.2,"comfort":48.5,"name":"","road_type":"footway","osm_id":1386524827}},{"type":"Feature","geometry":{"type":"LineString","coordinates":[[-84.38564939970001,33.70170589990738],[-84.38541319995915,33.70185519995755]]},"properties":{"overall":70,"safety":88,"sidewalk":100,"sidewalk_present":1,"canopy":22.0,"comfort":53.6,"name":"","road_type":"footway","osm_id":1386524826}},{"type":"Feature","geometry":{"type":"LineString","coordinates":[[-84.38521850033351,33.70212979985041],[-84.38515169959123,33.70217110031609],[-84.38506780003888,33.70222319984083]]},"properties":{"overall":41,"safety":20,"sidewalk":100,"sidewalk_present":1,"canopy":2.5,"comfort":45.3,"name":"","road_type":"footway","osm_id":1385358170}},{"type":"Feature","geometry":{"type":"LineString","coordinates":[[-84.38494419991486,33.70232999972973],[-84.38493180006247,33.702321299688265]]},"properties":{"overall":61,"safety":82,"sidewalk":100,"sidewalk_present":1,"canopy":0.0,"comfort":44.1,"name":"","road_type":"service","osm_id":1125331333}},{"type":"Feature","geometry":{"type":"LineString","coordinates":[[-84.387247299823,33.70089700019645],[-84.387170600243,33.70091779971676],[-84.38714779973111,33.70092930024708],[-84.3871250001186,33.70093970000721],[-84.38705579998515,33.70096020005326],[-84.38690840020246,33.70100869959185],[-84.38663569967775,33.70113910038924],[-84.38638500016759,33.70129019998279],[-84.38615229968883,33.701424500240535],[-84.38610540004413,33.701451600411076]]},"properties":{"overall":72,"safety":88,"sidewalk":100,"sidewalk_present":1,"canopy":26.8,"comfort":55.8,"name":"","road_type":"footway","osm_id":1386524823}},{"type":"Feature","geometry":{"type":"LineString","coordinates":[[-84.38646259996898,33.703957799612795],[-84.38646789967379,33.70377160037913],[-84.38646090025031,33.70354819978962],[-84.38643749989069,33.703350099827276],[-84.38638979984933,33.70316620016007],[-84.38636309987714,33.70292979987045],[-84.38639749984469,33.702736899788135],[-84.38646989976604,33.70252129991809],[-84.38653559973812,33.702180699679616],[-84.38654960038372,33.702015600339735],[-84.38654300025922,33.701866999962135],[-84.38650000007493,33.7017560002393],[-84.38638500016759,33.701619299691004]]},"properties":{"overall":34,"safety":93,"sidewalk":0,"sidewalk_present":0,"canopy":8.0,"comfort":40.5,"name":"","road_type":"service","osm_id":863624925}},{"type":"Feature","geometry":{"type":"LineString","coordinates":[[-84.38645950000586,33.70403190015213],[-84.38646259996898,33.703957799612795]]},"properties":{"overall":41,"safety":99,"sidewalk":0,"sidewalk_present":0,"canopy":23.6,"comfort":47.9,"name":"","road_type":"service","osm_id":9235050}},{"type":"Feature","geometry":{"type":"LineString","coordinates":[[-84.38801919962634,33.70407149999977],[-84.38663519965468,33.7040390002997],[-84.38645950000586,33.70403190015213]]},"properties":{"overall":50,"safety":99,"sidewalk":0,"sidewalk_present":0,"canopy":52.4,"comfort":60.0,"name":"Daleview Drive Southeast","road_type":"residential","osm_id":9240573}},{"type":"Feature","geometry":{"type":"LineString","coordinates":[[-84.38631699972973,33.7050450997516],[-84.38634550014467,33.70464589968856],[-84.38638900035204,33.70425799960702],[-84.38639229996465,33.704236299865386],[-84.38644329961852,33.70421829993467]]},"properties":{"overall":73,"safety":95,"sidewalk":100,"sidewalk_present":1,"canopy":23.0,"comfort":55.2,"name":"","road_type":"footway","osm_id":1385384602}},{"type":"Feature","geometry":{"type":"LineString","coordinates":[[-84.38635799982177,33.706226999576415],[-84.38636939962805,33.70515880013858],[-84.38637000037517,33.70510199985745],[-84.38637160026911,33.70504559977468],[-84.38644329961852,33.70421829993467],[-84.38645950000586,33.70403190015213]]},"properties":{"overall":76,"safety":97,"sidewalk":100,"sidewalk_present":1,"canopy":30.9,"comfort":59.5,"name":"Olive Street Southeast","road_type":"residential","osm_id":571084126}},{"type":"Feature","geometry":{"type":"LineString","coordinates":[[-84.38631699972973,33.7050450997516],[-84.38637160026911,33.70504559977468],[-84.38643079994142,33.70505019980692]]},"properties":{"overall":63,"safety":90,"sidewalk":100,"sidewalk_present":1,"canopy":0.0,"comfort":0.0,"name":"","road_type":"footway","osm_id":1385352498}},{"type":"Feature","geometry":{"type":"LineString","coordinates":[[-84.3863090002601,33.70515780009248],[-84.38636939962805,33.70515880013858],[-84.38643980035647,33.70515799974197]]},"properties":{"overall":60,"safety":81,"sidewalk":100,"sidewalk_present":1,"canopy":0.0,"comfort":0.0,"name":"","road_type":"footway","osm_id":1385344466}},{"type":"Feature","geometry":{"type":"LineString","coordinates":[[-84.38589609992505,33.70125089960936],[-84.38581790027587,33.70116149980345],[-84.3857154998704,33.701028400140615],[-84.38567799993973,33.70094809967509],[-84.38566789965381,33.700865299993666],[-84.38565930033639,33.700799299648],[-84.3856621997507,33.70070700042777],[-84.38567230003656,33.70054869996261],[-84.38570209997192,33.70035140039687]]},"properties":{"overall":33,"safety":100,"sidewalk":0,"sidewalk_present":0,"canopy":0.0,"comfort":0.0,"name":"","road_type":"service","osm_id":863617969}},{"type":"Feature","geometry":{"type":"LineString","coordinates":[[-84.3861131000395,33.70152210006489],[-84.38607269979525,33.70147130006052],[-84.38599519981858,33.70137380006088],[-84.38589609992505,33.70125089960936]]},"properties":{"overall":71,"safety":93,"sidewalk":100,"sidewalk_present":1,"canopy":21.3,"comfort":54.2,"name":"","road_type":"service","osm_id":714424119}},{"type":"Feature","geometry":{"type":"LineString","coordinates":[[-84.38610540004413,33.701451600411076],[-84.38607269979525,33.70147130006052],[-84.38603590043641,33.701489999663806]]},"properties":{"overall":70,"safety":89,"sidewalk":100,"sidewalk_present":1,"canopy":19.9,"comfort":53.8,"name":"","road_type":"footway","osm_id":1386524824}},{"type":"Feature","geometry":{"type":"LineString","coordinates":[[-84.38638500016759,33.701619299691004],[-84.38630629959601,33.701525000378524],[-84.38624099982223,33.70144800042493]]},"properties":{"overall":31,"safety":78,"sidewalk":0,"sidewalk_present":0,"canopy":15.9,"comfort":52.1,"name":"","road_type":"service","osm_id":863624924}},{"type":"Feature","geometry":{"type":"LineString","coordinates":[[-84.38639959976166,33.70146939979304],[-84.38630629959601,33.701525000378524],[-84.3862078004496,33.70158269998166]]},"properties":{"overall":66,"safety":81,"sidewalk":100,"sidewalk_present":1,"canopy":17.3,"comfort":52.7,"name":"","road_type":"footway","osm_id":1386528280}},{"type":"Feature","geometry":{"type":"LineString","coordinates":[[-84.3862078004496,33.70158269998166],[-84.38619729996537,33.7015852999217],[-84.3861824998225,33.70158400040134],[-84.38615989985948,33.70158360020304],[-84.3860940002379,33.70161399998614],[-84.38555470018923,33.70193190043693],[-84.38521850033351,33.70212979985041]]},"properties":{"overall":60,"safety":66,"sidewalk":100,"sidewalk_present":1,"canopy":14.1,"comfort":50.3,"name":"","road_type":"footway","osm_id":1385358169}},{"type":"Feature","geometry":{"type":"LineString","coordinates":[[-84.38603590043641,33.701489999663806],[-84.38586830008194,33.70159409978794],[-84.38577669963496,33.70164680005985],[-84.38572419991186,33.701672400161215],[-84.38564939970001,33.70170589990738]]},"properties":{"overall":72,"safety":89,"sidewalk":100,"sidewalk_present":1,"canopy":27.6,"comfort":56.5,"name":"","road_type":"footway","osm_id":1386524825}},{"type":"Feature","geometry":{"type":"LineString","coordinates":[[-84.38630910008487,33.70251789958144],[-84.38633229989568,33.70194459976352],[-84.38628030019566,33.70189019977295],[-84.38622769974853,33.701865400068186],[-84.38614459969347,33.701843099579435],[-84.38606930035786,33.70184280010517],[-84.38591879971278,33.701923800243264],[-84.38569580022096,33.70204380038115],[-84.38556020044285,33.702116800150236],[-84.38550109969594,33.702177999914795],[-84.38548209971907,33.70224260001601],[-84.38547189960843,33.70249929980292],[-84.38544049977918,33.70329240022414],[-84.38542039993149,33.70379919967337]]},"properties":{"overall":36,"safety":99,"sidewalk":0,"sidewalk_present":0,"canopy":8.5,"comfort":44.6,"name":"","road_type":"service","osm_id":561078003}},{"type":"Feature","geometry":{"type":"LineString","coordinates":[[-84.38562419979695,33.703804799751765],[-84.38564540041489,33.70329629968455],[-84.38567840013803,33.702503899835165],[-84.38569580022096,33.70204380038115]]},"properties":{"overall":36,"safety":99,"sidewalk":0,"sidewalk_present":0,"canopy":8.2,"comfort":43.1,"name":"","road_type":"service","osm_id":561078005}},{"type":"Feature","geometry":{"type":"LineString","coordinates":[[-84.38713299958823,33.70253600023625],[-84.38646989976604,33.70252129991809],[-84.38630910008487,33.70251789958144],[-84.3861116997951,33.70251350009801],[-84.38589109969445,33.70250859969218],[-84.38567840013803,33.702503899835165],[-84.38547189960843,33.70249929980292]]},"properties":{"overall":34,"safety":100,"sidewalk":0,"sidewalk_present":0,"canopy":1.9,"comfort":36.8,"name":"","road_type":"service","osm_id":561078009}},{"type":"Feature","geometry":{"type":"LineString","coordinates":[[-84.38502219991454,33.702384299895584],[-84.38494419991486,33.70232999972973]]},"properties":{"overall":28,"safety":83,"sidewalk":0,"sidewalk_present":0,"canopy":0.0,"comfort":43.7,"name":"","road_type":"service","osm_id":1125331329}},{"type":"Feature","geometry":{"type":"LineString","coordinates":[[-84.38499330020062,33.70230190041241],[-84.38506799968837,33.70235750009863]]},"properties":{"overall":57,"safety":72,"sidewalk":100,"sidewalk_present":1,"canopy":0.0,"comfort":43.2,"name":"","road_type":"service","osm_id":1125331340}},{"type":"Feature","geometry":{"type":"LineString","coordinates":[[-84.38471499959752,33.702339000144775],[-84.38476070044595,33.7023885995543],[-84.38477709958346,33.702406399835525],[-84.38479139970332,33.70239850019067],[-84.38486319977682,33.7023590001678],[-84.38493180006247,33.702321299688265],[-84.38498210004383,33.70229359966993],[-84.38499330020062,33.70230190041241]]},"properties":{"overall":59,"safety":73,"sidewalk":100,"sidewalk_present":1,"canopy":4.2,"comfort":45.6,"name":"","road_type":"service","osm_id":1125331339}},{"type":"Feature","geometry":{"type":"LineString","coordinates":[[-84.3848764000258,33.70236880008014],[-84.38486319977682,33.7023590001678]]},"properties":{"overall":64,"safety":88,"sidewalk":100,"sidewalk_present":1,"canopy":4.2,"comfort":45.1,"name":"","road_type":"service","osm_id":1125331335}},{"type":"Feature","geometry":{"type":"LineString","coordinates":[[-84.38495120023765,33.70242449959102],[-84.3848764000258,33.70236880008014]]},"properties":{"overall":54,"safety":59,"sidewalk":100,"sidewalk_present":1,"canopy":4.2,"comfort":45.1,"name":"","road_type":"service","osm_id":1125331330}},{"type":"Feature","geometry":{"type":"LineString","coordinates":[[-84.38503180017739,33.70239090002008],[-84.38502219991454,33.702384299895584]]},"properties":{"overall":29,"safety":86,"sidewalk":0,"sidewalk_present":0,"canopy":0.0,"comfort":43.1,"name":"","road_type":"service","osm_id":1125331334}},{"type":"Feature","geometry":{"type":"LineString","coordinates":[[-84.38480469977702,33.70240780007998],[-84.38479139970332,33.70239850019067]]},"properties":{"overall":35,"safety":0,"sidewalk":100,"sidewalk_present":1,"canopy":6.3,"comfort":46.1,"name":"","road_type":"service","osm_id":1125331338}},{"type":"Feature","geometry":{"type":"LineString","coordinates":[[-84.3848815999059,33.70246170004748],[-84.38480469977702,33.70240780007998]]},"properties":{"overall":35,"safety":0,"sidewalk":100,"sidewalk_present":1,"canopy":6.3,"comfort":45.7,"name":"","road_type":"service","osm_id":1125331331}},{"type":"Feature","geometry":{"type":"LineString","coordinates":[[-84.38495919970728,33.70243049986772],[-84.38495120023765,33.70242449959102]]},"properties":{"overall":1,"safety":0,"sidewalk":0,"sidewalk_present":0,"canopy":2.5,"comfort":44.5,"name":"","road_type":"service","osm_id":1125331336}},{"type":"Feature","geometry":{"type":"LineString","coordinates":[[-84.38506799968837,33.70235750009863],[-84.38507869982209,33.70236539974343],[-84.38503180017739,33.70239090002008],[-84.38495919970728,33.70243049986772],[-84.38489039977208,33.70246789997367],[-84.38483909974462,33.702495900365534],[-84.38483189977234,33.70249049993669]]},"properties":{"overall":41,"safety":22,"sidewalk":100,"sidewalk_present":1,"canopy":1.8,"comfort":43.5,"name":"","road_type":"service","osm_id":1125331328}},{"type":"Feature","geometry":{"type":"LineString","coordinates":[[-84.38489039977208,33.70246789997367],[-84.3848815999059,33.70246170004748]]},"properties":{"overall":1,"safety":0,"sidewalk":0,"sidewalk_present":0,"canopy":2.5,"comfort":44.4,"name":"","road_type":"service","osm_id":1125331337}},{"type":"Feature","geometry":{"type":"LineString","coordinates":[[-84.38495919970728,33.70243049986772],[-84.3850081003435,33.702473099853705]]},"properties":{"overall":2,"safety":0,"sidewalk":0,"sidewalk_present":0,"canopy":5.6,"comfort":45.3,"name":"","road_type":"service","osm_id":1125331332}},{"type":"Feature","geometry":{"type":"LineString","coordinates":[[-84.38506780003888,33.70222319984083],[-84.3850831002049,33.70223420034813],[-84.38509080020026,33.702241000122115],[-84.3850944001864,33.702253399974495],[-84.38509650010337,33.70240210017681],[-84.38509550005722,33.702435400273544],[-84.38509769979896,33.70256859976109],[-84.38509330031553,33.70269510019875],[-84.38509230026938,33.70301719958417],[-84.38508089956383,33.70324970041338],[-84.38504830003899,33.703748899692016],[-84.38502980008519,33.703998500230625]]},"properties":{"overall":51,"safety":28,"sidewalk":100,"sidewalk_present":1,"canopy":24.2,"comfort":52.4,"name":"","road_type":"footway","osm_id":1385380378}},{"type":"Feature","geometry":{"type":"LineString","coordinates":[[-84.384889000427,33.705091000249524],[-84.3848995000119,33.70504280018514],[-84.3850190001267,33.704492999652246],[-84.38507700010342,33.704023999607955],[-84.38509559988199,33.70378970013462],[-84.3851239995729,33.703432000186694],[-84.38514699973422,33.702767000097026],[-84.38514980022308,33.702411900089146],[-84.38515169959123,33.70217110031609],[-84.38515240016312,33.7020881000858]]},"properties":{"overall":64,"safety":62,"sidewalk":100,"sidewalk_present":1,"canopy":30.9,"comfort":57.0,"name":"Shadydale Avenue Southeast","road_type":"residential","osm_id":9263379}},{"type":"Feature","geometry":{"type":"LineString","coordinates":[[-84.38502980008519,33.703998500230625],[-84.38502930006211,33.7040175002075],[-84.38502920023734,33.70402299956186],[-84.38502720014515,33.7040529002212]]},"properties":{"overall":75,"safety":72,"sidewalk":100,"sidewalk_present":1,"canopy":52.6,"comfort":67.7,"name":"","road_type":"footway","osm_id":1385380380}},{"type":"Feature","geometry":{"type":"LineString","coordinates":[[-84.38502720014515,33.7040529002212],[-84.38502040037116,33.70415610012395],[-84.38498870016832,33.70441170004],[-84.38492269982271,33.704727300024956],[-84.38485489993366,33.70504299983463]]},"properties":{"overall":78,"safety":81,"sidewalk":100,"sidewalk_present":1,"canopy":54.2,"comfort":71.4,"name":"","road_type":"footway","osm_id":1385380379}},{"type":"Feature","geometry":{"type":"LineString","coordinates":[[-84.38485489993366,33.70504299983463],[-84.3848995000119,33.70504280018514],[-84.38495509969806,33.705042200337346]]},"properties":{"overall":57,"safety":71,"sidewalk":100,"sidewalk_present":1,"canopy":0.0,"comfort":0.0,"name":"","road_type":"footway","osm_id":1385352499}},{"type":"Feature","geometry":{"type":"LineString","coordinates":[[-84.38488100005804,33.70621499992234],[-84.3848814002564,33.706164899590476],[-84.38488920007649,33.70514860002794],[-84.384889000427,33.705091000249524]]},"properties":{"overall":57,"safety":72,"sidewalk":100,"sidewalk_present":1,"canopy":0.0,"comfort":0.0,"name":"Bonn Street Southeast","road_type":"residential","osm_id":9268855}},{"type":"Feature","geometry":{"type":"LineString","coordinates":[[-84.38483580013201,33.70514910005096],[-84.38488920007649,33.70514860002794],[-84.38494729987792,33.70514659993569]]},"properties":{"overall":57,"safety":72,"sidewalk":100,"sidewalk_present":1,"canopy":0.0,"comfort":0.0,"name":"","road_type":"footway","osm_id":1385344464}},{"type":"Feature","geometry":{"type":"LineString","coordinates":[[-84.3848814002564,33.706164899590476],[-84.38493259955976,33.70616369989489]]},"properties":{"overall":55,"safety":66,"sidewalk":100,"sidewalk_present":1,"canopy":0.0,"comfort":0.0,"name":"","road_type":"footway","osm_id":1390892121}},{"type":"Feature","geometry":{"type":"LineString","coordinates":[[-84.38604780026571,33.70381649993158],[-84.38607290034406,33.70330460042703],[-84.3861116997951,33.70251350009801],[-84.38614459969347,33.701843099579435]]},"properties":{"overall":34,"safety":96,"sidewalk":0,"sidewalk_present":0,"canopy":5.1,"comfort":40.5,"name":"","road_type":"service","osm_id":561078002}},{"type":"Feature","geometry":{"type":"LineString","coordinates":[[-84.38591879971278,33.701923800243264],[-84.38589109969445,33.70250859969218],[-84.38585590022956,33.703300299869],[-84.38583330026654,33.70381060037897]]},"properties":{"overall":37,"safety":100,"sidewalk":0,"sidewalk_present":0,"canopy":9.8,"comfort":42.8,"name":"","road_type":"service","osm_id":561078004}},{"type":"Feature","geometry":{"type":"LineString","coordinates":[[-84.38710480044614,33.70336830030686],[-84.38643749989069,33.703350099827276],[-84.3863188999972,33.70330919955995],[-84.38628140006654,33.703308499887385],[-84.38607290034406,33.70330460042703],[-84.38585590022956,33.703300299869],[-84.38564540041489,33.70329629968455],[-84.38544049977918,33.70329240022414]]},"properties":{"overall":37,"safety":100,"sidewalk":0,"sidewalk_present":0,"canopy":9.7,"comfort":38.5,"name":"","road_type":"service","osm_id":561078008}},{"type":"Feature","geometry":{"type":"LineString","coordinates":[[-84.38626259973915,33.7038224003835],[-84.38628140006654,33.703308499887385]]},"properties":{"overall":36,"safety":96,"sidewalk":0,"sidewalk_present":0,"canopy":11.7,"comfort":41.2,"name":"","road_type":"service","osm_id":562991208}},{"type":"Feature","geometry":{"type":"LineString","coordinates":[[-84.38509559988199,33.70378970013462],[-84.38524570032877,33.70379409961805],[-84.38542039993149,33.70379919967337],[-84.38562419979695,33.703804799751765],[-84.38583330026654,33.70381060037897],[-84.38604780026571,33.70381649993158],[-84.38626259973915,33.7038224003835]]},"properties":{"overall":41,"safety":96,"sidewalk":0,"sidewalk_present":0,"canopy":28.1,"comfort":52.0,"name":"","road_type":"service","osm_id":561078007}},{"type":"Feature","geometry":{"type":"LineString","coordinates":[[-84.38495509969806,33.705042200337346],[-84.38631699972973,33.7050450997516]]},"properties":{"overall":75,"safety":87,"sidewalk":100,"sidewalk_present":1,"canopy":38.7,"comfort":66.6,"name":"","road_type":"footway","osm_id":1385352497}},{"type":"Feature","geometry":{"type":"LineString","coordinates":[[-84.3863090002601,33.70515780009248],[-84.38631689990495,33.705101599659145],[-84.38631699972973,33.7050450997516]]},"properties":{"overall":63,"safety":88,"sidewalk":100,"sidewalk_present":1,"canopy":0.0,"comfort":0.0,"name":"","road_type":"footway","osm_id":1385384603}},{"type":"Feature","geometry":{"type":"LineString","coordinates":[[-84.38494729987792,33.70514659993569],[-84.38531850044842,33.7051458004384],[-84.38568479971372,33.70514450001872],[-84.3863090002601,33.70515780009248]]},"properties":{"overall":62,"safety":85,"sidewalk":100,"sidewalk_present":1,"canopy":0.0,"comfort":0.0,"name":"","road_type":"footway","osm_id":1385344465}},{"type":"Feature","geometry":{"type":"LineString","coordinates":[[-84.38493259955976,33.70616369989489],[-84.38495759981333,33.70616310004709],[-84.38527059985825,33.70616319987181],[-84.3854490001712,33.706166700033236],[-84.3856201996125,33.70617020019466],[-84.38610289992886,33.70617309960892],[-84.38625320002512,33.70617759981644],[-84.38627499959154,33.70617509970117],[-84.3862963998589,33.70616989982108],[-84.38629970037084,33.70615330013476],[-84.38630390020478,33.70579999967032],[-84.38630480042616,33.70538989982407],[-84.3863090002601,33.70515780009248]]},"properties":{"overall":61,"safety":82,"sidewalk":100,"sidewalk_present":1,"canopy":0.0,"comfort":0.0,"name":"","road_type":"footway","osm_id":1385384601}},{"type":"Feature","geometry":{"type":"LineString","coordinates":[[-84.38809509970906,33.70625719971002],[-84.38635799982177,33.706226999576415]]},"properties":{"overall":33,"safety":99,"sidewalk":0,"sidewalk_present":0,"canopy":0.0,"comfort":0.0,"name":"Adair Avenue Southeast","road_type":"residential","osm_id":9245478}},{"type":"Feature","geometry":{"type":"LineString","coordinates":[[-84.38802579975084,33.70042800015216],[-84.38804419987986,33.700305300249454],[-84.38804429970463,33.70018949994551],[-84.38799940015218,33.70008570019496],[-84.3878977003186,33.69999190000624],[-84.38775980007466,33.699933400006444],[-84.3876105000245,33.69991669959609],[-84.38746119997438,33.69994410014016],[-84.38735569960579,33.69998500040748],[-84.38726319983675,33.70004539977543],[-84.38715389983258,33.70013960016246],[-84.38706790036326,33.700245700378844],[-84.38702170039113,33.70033500036004],[-84.38700659987467,33.70042850017518],[-84.38700020029898,33.700512299902755],[-84.3870224000637,33.700593899888645],[-84.38707439976372,33.70068510013732],[-84.38712350004943,33.70073709983734]]},"properties":{"overall":33,"safety":99,"sidewalk":0,"sidewalk_present":0,"canopy":0.0,"comfort":0.0,"name":"","road_type":"service","osm_id":863617945}},{"type":"Feature","geometry":{"type":"LineString","coordinates":[[-84.38720860019669,33.70080100026598],[-84.38722200009516,33.70075969980036],[-84.38726870009037,33.700713300178734],[-84.38733490008553,33.70067549987448],[-84.38737249984098,33.70062369982395],[-84.38739850014065,33.70051899985202]]},"properties":{"overall":33,"safety":99,"sidewalk":0,"sidewalk_present":0,"canopy":0.0,"comfort":0.0,"name":"","road_type":"service","osm_id":863617947}},{"type":"Feature","geometry":{"type":"LineString","coordinates":[[-84.38712350004943,33.70073709983734],[-84.38720860019669,33.70080100026598],[-84.387247299823,33.70089700019645],[-84.38727289992437,33.70096060025156]]},"properties":{"overall":66,"safety":97,"sidewalk":100,"sidewalk_present":1,"canopy":0.0,"comfort":0.0,"name":"","road_type":"service","osm_id":863617946}},{"type":"Feature","geometry":{"type":"LineString","coordinates":[[-84.38795430005086,33.700693999828275],[-84.387247299823,33.70089700019645]]},"properties":{"overall":62,"safety":65,"sidewalk":100,"sidewalk_present":1,"canopy":20.1,"comfort":52.5,"name":"","road_type":"footway","osm_id":1386524822}},{"type":"Feature","geometry":{"type":"LineString","coordinates":[[-84.38863019992374,33.70071280015566],[-84.38858940038051,33.700710300040384],[-84.38855279977184,33.70070929999423],[-84.3885085998919,33.70071719963909],[-84.38846220027028,33.70073020023858],[-84.38811220031778,33.70083500003528],[-84.38806030044248,33.70084770026119],[-84.38798519985704,33.70086549964316],[-84.3878385995717,33.7008990002887],[-84.38759629972941,33.70095610004404],[-84.38734689973961,33.7010162997625],[-84.3872666001734,33.70103979994684],[-84.38711289974049,33.701084800223384],[-84.3869524004329,33.70114049973432],[-84.38687329966302,33.70117830003858],[-84.38684149963547,33.70119450042591],[-84.38666720023105,33.70128750021803],[-84.38642920004753,33.701428399700944],[-84.38641680019515,33.701439900231264],[-84.3864077997801,33.70145389997754],[-84.38639959976166,33.70146939979304]]},"properties":{"overall":70,"safety":90,"sidewalk":100,"sidewalk_present":1,"canopy":19.2,"comfort":52.3,"name":"","road_type":"footway","osm_id":1386528279}},{"type":"Feature","geometry":{"type":"LineString","coordinates":[[-84.38823919987914,33.709830299728594],[-84.38787990003732,33.70983329986694],[-84.38772420041147,33.70983520013442],[-84.38735959996552,33.70980419960421],[-84.38727270027488,33.70979019985788],[-84.38664379987142,33.70968919969687],[-84.38639430005685,33.70964909982615],[-84.38640669990923,33.70847380012583]]},"properties":{"overall":70,"safety":100,"sidewalk":100,"sidewalk_present":1,"canopy":11.4,"comfort":37.9,"name":"","road_type":"service","osm_id":242061535}},{"type":"Feature","geometry":{"type":"LineString","coordinates":[[-84.38808389955227,33.71056569964736],[-84.38787859961764,33.71056499997479],[-84.38767479975218,33.71056419957819],[-84.38768549988589,33.709953999677396]]},"properties":{"overall":39,"safety":100,"sidewalk":0,"sidewalk_present":0,"canopy":16.5,"comfort":38.4,"name":"","road_type":"service","osm_id":562987156}},{"type":"Feature","geometry":{"type":"LineString","coordinates":[[-84.38759819999689,33.71545720038955],[-84.38760079993693,33.71544500018666]]},"properties":{"overall":77,"safety":100,"sidewalk":100,"sidewalk_present":1,"canopy":30.0,"comfort":56.7,"name":"","road_type":"footway","osm_id":1387914305}},{"type":"Feature","geometry":{"type":"LineString","coordinates":[[-84.38797670036439,33.70076129969425],[-84.38795430005086,33.700693999828275],[-84.38792200000029,33.7005973002253],[-84.38793609957128,33.70054280040995],[-84.38799189980631,33.700484199686116],[-84.38802579975084,33.70042800015216]]},"properties":{"overall":61,"safety":68,"sidewalk":100,"sidewalk_present":1,"canopy":14.6,"comfort":50.2,"name":"","road_type":"service","osm_id":740777181}},{"type":"Feature","geometry":{"type":"LineString","coordinates":[[-84.38727289992437,33.70096060025156],[-84.38797670036439,33.70076129969425],[-84.38875609961428,33.700546100022564]]},"properties":{"overall":28,"safety":66,"sidewalk":0,"sidewalk_present":0,"canopy":16.6,"comfort":51.0,"name":"Lakewood Avenue","road_type":"secondary","osm_id":1379751592}},{"type":"Feature","geometry":{"type":"LineString","coordinates":[[-84.38834000039066,33.70256189981188],[-84.38834270015548,33.7023954002276]]},"properties":{"overall":33,"safety":100,"sidewalk":0,"sidewalk_present":0,"canopy":0.0,"comfort":32.2,"name":"","road_type":"service","osm_id":561078019}},{"type":"Feature","geometry":{"type":"LineString","coordinates":[[-84.38831230037232,33.70513630000028],[-84.38831019955603,33.705085699645394],[-84.38830759961598,33.705022399963866],[-84.3883022000864,33.704981100397504],[-84.38829130030325,33.70493660014404],[-84.38827430041857,33.704886300162684],[-84.38826959966224,33.70485269969237],[-84.3882704000589,33.704807599591106],[-84.38825640031257,33.70464310009902]]},"properties":{"overall":81,"safety":98,"sidewalk":100,"sidewalk_present":1,"canopy":43.7,"comfort":55.4,"name":"","road_type":"service","osm_id":917263205}},{"type":"Feature","geometry":{"type":"LineString","coordinates":[[-84.38643079994142,33.70505019980692],[-84.3866996001064,33.70505429981614],[-84.38701770020668,33.70506509977457],[-84.38757479963726,33.70507100022655],[-84.3879510004383,33.705080099567],[-84.38820959959332,33.705091199899016],[-84.38831019955603,33.705085699645394],[-84.38842310044566,33.70508809993589],[-84.38857329981789,33.70509620012956],[-84.38885320031488,33.70511379986203],[-84.3889796000285,33.705128500180194]]},"properties":{"overall":73,"safety":93,"sidewalk":100,"sidewalk_present":1,"canopy":25.8,"comfort":53.1,"name":"","road_type":"footway","osm_id":1385352500}},{"type":"Feature","geometry":{"type":"LineString","coordinates":[[-84.38830799981429,33.70890499986592],[-84.38819609987007,33.70890599991202],[-84.38815180016542,33.708928400225545],[-84.38813430025772,33.70896239999479],[-84.38812849963051,33.70898809992093],[-84.3881226000779,33.709013799847014],[-84.3881283998058,33.70918379959272],[-84.38814830000399,33.7092100004412]]},"properties":{"overall":33,"safety":100,"sidewalk":0,"sidewalk_present":0,"canopy":0.0,"comfort":29.2,"name":"","road_type":"service","osm_id":784185501}},{"type":"Feature","geometry":{"type":"LineString","coordinates":[[-84.38846940024257,33.709219400155234],[-84.38841789966631,33.7092215000722],[-84.38839259993853,33.709219099781706],[-84.38830339978205,33.70921049956496]]},"properties":{"overall":33,"safety":100,"sidewalk":0,"sidewalk_present":0,"canopy":0.0,"comfort":30.3,"name":"Lloyd Hall Court","road_type":"residential","osm_id":588044016}},{"type":"Feature","geometry":{"type":"LineString","coordinates":[[-84.38814830000399,33.7092100004412],[-84.38820670017901,33.7092381995833],[-84.38830279993425,33.70925370029806]]},"properties":{"overall":33,"safety":100,"sidewalk":0,"sidewalk_present":0,"canopy":0.0,"comfort":28.9,"name":"","road_type":"service","osm_id":784185502}},{"type":"Feature","geometry":{"type":"LineString","coordinates":[[-84.38880700034275,33.7049463002316],[-84.38876169969262,33.70499329970107],[-84.38869000034322,33.70500669959955],[-84.3886270001359,33.7049921998302],[-84.3885920003205,33.70494089980275]]},"properties":{"overall":40,"safety":100,"sidewalk":0,"sidewalk_present":0,"canopy":18.8,"comfort":42.4,"name":"","road_type":"service","osm_id":561078010}},{"type":"Feature","geometry":{"type":"LineString","coordinates":[[-84.3889796000285,33.705128500180194],[-84.38906959968222,33.70512900020327],[-84.3891171998988,33.70513350041074]]},"properties":{"overall":68,"safety":89,"sidewalk":100,"sidewalk_present":1,"canopy":15.7,"comfort":40.3,"name":"","road_type":"footway","osm_id":1385352501}},{"type":"Feature","geometry":{"type":"LineString","coordinates":[[-84.38943830013739,33.706805699823235],[-84.38907819989896,33.706981400371376],[-84.38849419994733,33.70727429966922]]},"properties":{"overall":34,"safety":100,"sidewalk":0,"sidewalk_present":0,"canopy":2.2,"comfort":37.2,"name":"","road_type":"service","osm_id":562987187}},{"type":"Feature","geometry":{"type":"LineString","coordinates":[[-84.38849419994733,33.70727429966922],[-84.38848080004885,33.70775619958897],[-84.38844060035336,33.707849899952976],[-84.38843789968928,33.70792799977744],[-84.388531699878,33.708104300173375],[-84.38932299985652,33.708197999638],[-84.38952419978193,33.708200200279066]]},"properties":{"overall":39,"safety":100,"sidewalk":0,"sidewalk_present":0,"canopy":18.0,"comfort":40.8,"name":"","road_type":"service","osm_id":562987188}},{"type":"Feature","geometry":{"type":"LineString","coordinates":[[-84.38869630009413,33.709214099551104],[-84.3886742999789,33.70859149979793]]},"properties":{"overall":40,"safety":100,"sidewalk":0,"sidewalk_present":0,"canopy":19.8,"comfort":40.4,"name":"Lloyd Hall Court","road_type":"residential","osm_id":242061528}},{"type":"Feature","geometry":{"type":"LineString","coordinates":[[-84.38901170042959,33.70929130005351],[-84.38889110044391,33.709237300261236],[-84.38878999955881,33.709220300376614],[-84.38869630009413,33.709214099551104],[-84.38865959966074,33.70921170015987],[-84.38846940024257,33.709219400155234]]},"properties":{"overall":37,"safety":100,"sidewalk":0,"sidewalk_present":0,"canopy":10.9,"comfort":37.2,"name":"Lloyd Hall Court","road_type":"residential","osm_id":242061536}},{"type":"Feature","geometry":{"type":"LineString","coordinates":[[-84.38839560007682,33.70951440026943],[-84.38867279990973,33.70951390024635],[-84.38875780023227,33.70951390024635],[-84.38886620001506,33.70950660044929],[-84.38894820019925,33.709502999563824],[-84.38907400006502,33.70946399956398]]},"properties":{"overall":70,"safety":100,"sidewalk":100,"sidewalk_present":1,"canopy":10.7,"comfort":37.4,"name":"Lloyd Hall Court","road_type":"residential","osm_id":242061534}},{"type":"Feature","geometry":{"type":"LineString","coordinates":[[-84.38867279990973,33.70951390024635],[-84.38866550011272,33.70990390024485]]},"properties":{"overall":37,"safety":100,"sidewalk":0,"sidewalk_present":0,"canopy":9.7,"comfort":36.1,"name":"Benjamin Weldon Beckers Drive Southeast","road_type":"residential","osm_id":242061527}},{"type":"Feature","geometry":{"type":"LineString","coordinates":[[-84.38933770017468,33.710600999836345],[-84.38865649969767,33.7105050997306]]},"properties":{"overall":32,"safety":93,"sidewalk":0,"sidewalk_present":0,"canopy":2.6,"comfort":34.0,"name":"","road_type":"service","osm_id":562987105}},{"type":"Feature","geometry":{"type":"LineString","coordinates":[[-84.38870259984509,33.71020229979638],[-84.38865649969767,33.7105050997306],[-84.38867079981753,33.71076359996022],[-84.3886738997806,33.71081969966946],[-84.38867660044474,33.71102830011603]]},"properties":{"overall":35,"safety":97,"sidewalk":0,"sidewalk_present":0,"canopy":6.9,"comfort":34.4,"name":"","road_type":"service","osm_id":562987109}},{"type":"Feature","geometry":{"type":"LineString","coordinates":[[-84.38643980035647,33.70515799974197],[-84.38643869958628,33.705574699712656]]},"properties":{"overall":63,"safety":89,"sidewalk":100,"sidewalk_present":1,"canopy":0.0,"comfort":0.0,"name":"","road_type":"footway","osm_id":1387802906}},{"type":"Feature","geometry":{"type":"LineString","coordinates":[[-84.38635799982177,33.706226999576415],[-84.38637630012613,33.70654630027161],[-84.3863733998125,33.70670530040934],[-84.38636340025067,33.70681410039049]]},"properties":{"overall":33,"safety":99,"sidewalk":0,"sidewalk_present":0,"canopy":0.0,"comfort":0.0,"name":"","road_type":"service","osm_id":1409720559}},{"type":"Feature","geometry":{"type":"LineString","coordinates":[[-84.38727270027488,33.70979019985788],[-84.3869769995888,33.70895129966283],[-84.38694769967657,33.708887900156526],[-84.3868832002994,33.70887810024419],[-84.38678949993545,33.70889030044708],[-84.38668439976522,33.7089179995661],[-84.38665469965463,33.70899999975023],[-84.38664710038336,33.70947979975301],[-84.38664379987142,33.70968919969687]]},"properties":{"overall":34,"safety":100,"sidewalk":0,"sidewalk_present":0,"canopy":3.5,"comfort":33.5,"name":"","road_type":"service","osm_id":242061538}},{"type":"Feature","geometry":{"type":"LineString","coordinates":[[-84.38678949993545,33.70889030044708],[-84.38682959980616,33.709008000119184]]},"properties":{"overall":33,"safety":100,"sidewalk":0,"sidewalk_present":0,"canopy":0.0,"comfort":32.5,"name":"","road_type":"service","osm_id":562987158}},{"type":"Feature","geometry":{"type":"LineString","coordinates":[[-84.38682959980616,33.709008000119184],[-84.3869526000824,33.70936960042678]]},"properties":{"overall":33,"safety":100,"sidewalk":0,"sidewalk_present":0,"canopy":0.0,"comfort":31.8,"name":"","road_type":"service","osm_id":562987157}},{"type":"Feature","geometry":{"type":"LineString","coordinates":[[-84.3869526000824,33.70936960042678],[-84.3869586003591,33.70938729998397],[-84.38695729993941,33.70943080019134],[-84.38691169981507,33.70945979973004],[-84.38682179998602,33.70947989957773],[-84.38664710038336,33.70947979975301]]},"properties":{"overall":35,"safety":100,"sidewalk":0,"sidewalk_present":0,"canopy":6.4,"comfort":34.7,"name":"","road_type":"service","osm_id":562987160}},{"type":"Feature","geometry":{"type":"LineString","coordinates":[[-84.38714900032608,33.71113400013405],[-84.38714700023382,33.71095409975197]]},"properties":{"overall":43,"safety":91,"sidewalk":0,"sidewalk_present":0,"canopy":39.3,"comfort":56.1,"name":"Murray Street Southeast","road_type":"residential","osm_id":9266178}},{"type":"Feature","geometry":{"type":"LineString","coordinates":[[-84.38606399975373,33.7111320000418],[-84.38714900032608,33.71113400013405]]},"properties":{"overall":41,"safety":91,"sidewalk":0,"sidewalk_present":0,"canopy":32.4,"comfort":53.1,"name":"Meldon Avenue Southeast","road_type":"residential","osm_id":867064201}},{"type":"Feature","geometry":{"type":"LineString","coordinates":[[-84.38823900022965,33.713635000355055],[-84.38710800023398,33.71363100017055]]},"properties":{"overall":40,"safety":95,"sidewalk":0,"sidewalk_present":0,"canopy":26.1,"comfort":51.3,"name":"Brown Avenue Southeast","road_type":"residential","osm_id":867117027}},{"type":"Feature","geometry":{"type":"LineString","coordinates":[[-84.3860766999797,33.71450819979361],[-84.38644619993215,33.71451060008417],[-84.38667440020339,33.714510199885865],[-84.38709539983279,33.71450729957229]]},"properties":{"overall":73,"safety":87,"sidewalk":100,"sidewalk_present":1,"canopy":30.7,"comfort":54.8,"name":"","road_type":"footway","osm_id":1385129661}},{"type":"Feature","geometry":{"type":"LineString","coordinates":[[-84.38829889957452,33.70951459991892],[-84.38836990015074,33.709514500094144],[-84.38839560007682,33.70951440026943]]},"properties":{"overall":67,"safety":100,"sidewalk":100,"sidewalk_present":1,"canopy":0.0,"comfort":29.9,"name":"Lloyd Hall Court","road_type":"residential","osm_id":588044012}},{"type":"Feature","geometry":{"type":"LineString","coordinates":[[-84.38823430037263,33.70994529963593],[-84.38823919987914,33.709830299728594]]},"properties":{"overall":67,"safety":100,"sidewalk":100,"sidewalk_present":1,"canopy":0.0,"comfort":29.5,"name":"","road_type":"footway","osm_id":1385381731}},{"type":"Feature","geometry":{"type":"LineString","coordinates":[[-84.3882941997175,33.709828199811625],[-84.38823919987914,33.709830299728594]]},"properties":{"overall":67,"safety":100,"sidewalk":100,"sidewalk_present":1,"canopy":0.0,"comfort":30.1,"name":"","road_type":"service","osm_id":1385381732}},{"type":"Feature","geometry":{"type":"LineString","coordinates":[[-84.38787870034173,33.70995499972349],[-84.38787990003732,33.70983329986694]]},"properties":{"overall":34,"safety":100,"sidewalk":0,"sidewalk_present":0,"canopy":2.6,"comfort":31.3,"name":"","road_type":"service","osm_id":562987151}},{"type":"Feature","geometry":{"type":"LineString","coordinates":[[-84.38768549988589,33.709953999677396],[-84.38787870034173,33.70995499972349],[-84.38809449986127,33.70995620031846]]},"properties":{"overall":33,"safety":100,"sidewalk":0,"sidewalk_present":0,"canopy":0.0,"comfort":30.0,"name":"","road_type":"service","osm_id":562987153}},{"type":"Feature","geometry":{"type":"LineString","coordinates":[[-84.38787859961764,33.71056499997479],[-84.38787870034173,33.70995499972349]]},"properties":{"overall":37,"safety":100,"sidewalk":0,"sidewalk_present":0,"canopy":11.4,"comfort":35.9,"name":"","road_type":"service","osm_id":562987155}},{"type":"Feature","geometry":{"type":"LineString","coordinates":[[-84.38822210016974,33.71107650018041],[-84.38822460028501,33.710765900426],[-84.38822780007285,33.71056619967044],[-84.38822630000368,33.71050130009496],[-84.38823299995295,33.71024510033118],[-84.38823430037263,33.70994529963593]]},"properties":{"overall":68,"safety":91,"sidewalk":100,"sidewalk_present":1,"canopy":14.2,"comfort":36.8,"name":"","road_type":"footway","osm_id":1385381730}},{"type":"Feature","geometry":{"type":"LineString","coordinates":[[-84.38809449986127,33.70995620031846],[-84.38808389955227,33.71056569964736]]},"properties":{"overall":36,"safety":100,"sidewalk":0,"sidewalk_present":0,"canopy":6.8,"comfort":33.6,"name":"","road_type":"service","osm_id":562987154}},{"type":"Feature","geometry":{"type":"LineString","coordinates":[[-84.388282899736,33.71056640021925],[-84.38822780007285,33.71056619967044],[-84.38808389955227,33.71056569964736]]},"properties":{"overall":71,"safety":100,"sidewalk":100,"sidewalk_present":1,"canopy":12.9,"comfort":37.0,"name":"","road_type":"service","osm_id":562987152}},{"type":"Feature","geometry":{"type":"LineString","coordinates":[[-84.38836589996629,33.71107579960852],[-84.38836890010464,33.71093630037001],[-84.38836549976799,33.71092240044845],[-84.38835939966651,33.710910600443924],[-84.38835459998478,33.71088410012118],[-84.38835760012313,33.71071310032937],[-84.38835619987867,33.710321100238616],[-84.38836580014151,33.71015740024387],[-84.38837049999853,33.70956079989105],[-84.38836990015074,33.709514500094144],[-84.3883786001922,33.709403399647215]]},"properties":{"overall":65,"safety":86,"sidewalk":100,"sidewalk_present":1,"canopy":8.1,"comfort":34.0,"name":"","road_type":"footway","osm_id":1385381729}},{"type":"Feature","geometry":{"type":"LineString","coordinates":[[-84.38836589996629,33.71107579960852],[-84.38827500009114,33.71107369969155],[-84.38822210016974,33.71107650018041]]},"properties":{"overall":67,"safety":72,"sidewalk":100,"sidewalk_present":1,"canopy":30.2,"comfort":45.0,"name":"","road_type":"footway","osm_id":1385366418}},{"type":"Feature","geometry":{"type":"LineString","coordinates":[[-84.38821900020667,33.71453999982117],[-84.38822010007755,33.71448869979372],[-84.38823900022965,33.713635000355055],[-84.38825080023423,33.71281400026595],[-84.38825199992982,33.71272699985121],[-84.38825309980069,33.71265479957941],[-84.3882639995839,33.71193300010793],[-84.38827299999889,33.711215399571074],[-84.38827400004504,33.71114000041075],[-84.38827500009114,33.71107369969155],[-84.388282899736,33.71056640021925],[-84.38828699974522,33.71030599972215],[-84.38828940003577,33.710147200133235],[-84.3882941997175,33.709828199811625],[-84.38829800025246,33.70957300009394],[-84.38829889957452,33.70951459991892],[-84.38830279993425,33.70925370029806],[-84.38830339978205,33.70921049956496],[-84.38830799981429,33.70890499986592]]},"properties":{"overall":71,"safety":93,"sidewalk":100,"sidewalk_present":1,"canopy":18.7,"comfort":42.0,"name":"Capitol Avenue Southwest","road_type":"residential","osm_id":9272365}},{"type":"Feature","geometry":{"type":"LineString","coordinates":[[-84.38820010005452,33.71111109979745],[-84.3881996000315,33.71109340024026],[-84.38820579995769,33.7110837001527],[-84.38822210016974,33.71107650018041]]},"properties":{"overall":68,"safety":72,"sidewalk":100,"sidewalk_present":1,"canopy":33.0,"comfort":46.6,"name":"","road_type":"footway","osm_id":1385366426}},{"type":"Feature","geometry":{"type":"LineString","coordinates":[[-84.38838239982783,33.7111126996914],[-84.38838049956036,33.71108990007889],[-84.38836589996629,33.71107579960852]]},"properties":{"overall":67,"safety":72,"sidewalk":100,"sidewalk_present":1,"canopy":28.3,"comfort":43.6,"name":"","road_type":"footway","osm_id":1385366423}},{"type":"Feature","geometry":{"type":"LineString","coordinates":[[-84.38714900032608,33.71113400013405],[-84.38721599981852,33.71113400013405],[-84.38820279981934,33.71113960021245],[-84.38827400004504,33.71114000041075]]},"properties":{"overall":73,"safety":82,"sidewalk":100,"sidewalk_present":1,"canopy":37.3,"comfort":52.8,"name":"Meldon Avenue Southeast","road_type":"residential","osm_id":867064200}},{"type":"Feature","geometry":{"type":"LineString","coordinates":[[-84.38820350039117,33.71117529970036],[-84.38820279981934,33.71113960021245],[-84.38820010005452,33.71111109979745]]},"properties":{"overall":71,"safety":72,"sidewalk":100,"sidewalk_present":1,"canopy":39.9,"comfort":49.8,"name":"","road_type":"footway","osm_id":1385366420}},{"type":"Feature","geometry":{"type":"LineString","coordinates":[[-84.38838049956036,33.71119150008769],[-84.38838170015532,33.711142200152494],[-84.38838239982783,33.7111126996914]]},"properties":{"overall":68,"safety":78,"sidewalk":100,"sidewalk_present":1,"canopy":27.3,"comfort":43.3,"name":"","road_type":"footway","osm_id":1385366419}},{"type":"Feature","geometry":{"type":"LineString","coordinates":[[-84.38820429988851,33.711204999810946],[-84.38820229979626,33.711194900424346],[-84.38820350039117,33.71117529970036]]},"properties":{"overall":71,"safety":72,"sidewalk":100,"sidewalk_present":1,"canopy":39.9,"comfort":49.9,"name":"","road_type":"footway","osm_id":1385366425}},{"type":"Feature","geometry":{"type":"LineString","coordinates":[[-84.38819409977782,33.71189440030639],[-84.38820429988851,33.711204999810946]]},"properties":{"overall":71,"safety":77,"sidewalk":100,"sidewalk_present":1,"canopy":37.1,"comfort":49.4,"name":"","road_type":"footway","osm_id":1385342277}},{"type":"Feature","geometry":{"type":"LineString","coordinates":[[-84.38836029988789,33.711220399801675],[-84.38837460000775,33.71120719955269],[-84.38838049956036,33.71119150008769]]},"properties":{"overall":70,"safety":81,"sidewalk":100,"sidewalk_present":1,"canopy":29.2,"comfort":44.0,"name":"","road_type":"footway","osm_id":1385366424}},{"type":"Feature","geometry":{"type":"LineString","coordinates":[[-84.38820429988851,33.711204999810946],[-84.38823219955634,33.71121369985241]]},"properties":{"overall":70,"safety":72,"sidewalk":100,"sidewalk_present":1,"canopy":36.7,"comfort":48.4,"name":"","road_type":"footway","osm_id":1385366422}},{"type":"Feature","geometry":{"type":"LineString","coordinates":[[-84.38823219955634,33.71121369985241],[-84.38827299999889,33.711215399571074],[-84.38833739955129,33.71121910028131]]},"properties":{"overall":71,"safety":75,"sidewalk":100,"sidewalk_present":1,"canopy":36.7,"comfort":48.1,"name":"","road_type":"footway","osm_id":1385366417}},{"type":"Feature","geometry":{"type":"LineString","coordinates":[[-84.38833739955129,33.71121910028131],[-84.38836029988789,33.711220399801675]]},"properties":{"overall":70,"safety":81,"sidewalk":100,"sidewalk_present":1,"canopy":29.2,"comfort":44.1,"name":"","road_type":"footway","osm_id":1385366421}},{"type":"Feature","geometry":{"type":"LineString","coordinates":[[-84.38819349993003,33.71197429967424],[-84.38819369957952,33.71193290028316],[-84.38819409977782,33.71189440030639]]},"properties":{"overall":80,"safety":99,"sidewalk":100,"sidewalk_present":1,"canopy":41.3,"comfort":51.2,"name":"","road_type":"footway","osm_id":1385342279}},{"type":"Feature","geometry":{"type":"LineString","coordinates":[[-84.38819659989315,33.71265710004519],[-84.38819180021136,33.71234590044298],[-84.38819349993003,33.71197429967424]]},"properties":{"overall":61,"safety":50,"sidewalk":100,"sidewalk_present":1,"canopy":31.8,"comfort":47.1,"name":"","road_type":"footway","osm_id":1385342278}},{"type":"Feature","geometry":{"type":"LineString","coordinates":[[-84.38833140017397,33.71265989963473],[-84.38833889962046,33.71263710002222],[-84.3883436003768,33.7125786998472],[-84.38836029988789,33.711220399801675]]},"properties":{"overall":58,"safety":48,"sidewalk":100,"sidewalk_present":1,"canopy":26.1,"comfort":43.0,"name":"","road_type":"footway","osm_id":1385342276}},{"type":"Feature","geometry":{"type":"LineString","coordinates":[[-84.38833140017397,33.71265989963473],[-84.38825309980069,33.71265479957941],[-84.38819659989315,33.71265710004519]]},"properties":{"overall":40,"safety":0,"sidewalk":100,"sidewalk_present":1,"canopy":20.5,"comfort":41.9,"name":"","road_type":"footway","osm_id":1385327826}},{"type":"Feature","geometry":{"type":"LineString","coordinates":[[-84.38836740003546,33.712697100091134],[-84.38835519983257,33.71267280040945],[-84.38833140017397,33.71265989963473]]},"properties":{"overall":40,"safety":0,"sidewalk":100,"sidewalk_present":1,"canopy":19.3,"comfort":40.5,"name":"","road_type":"footway","osm_id":1385327830}},{"type":"Feature","geometry":{"type":"LineString","coordinates":[[-84.38819659989315,33.71265710004519],[-84.38817719971797,33.712663999643894],[-84.38816140042826,33.712680200031286],[-84.38779450041585,33.71268999994362]]},"properties":{"overall":41,"safety":0,"sidewalk":100,"sidewalk_present":1,"canopy":23.5,"comfort":44.5,"name":"","road_type":"footway","osm_id":1385327839}},{"type":"Feature","geometry":{"type":"LineString","coordinates":[[-84.38835829979564,33.71279829990169],[-84.38836410042285,33.71273259992961],[-84.38836740003546,33.712697100091134]]},"properties":{"overall":41,"safety":3,"sidewalk":100,"sidewalk_present":1,"canopy":19.4,"comfort":40.7,"name":"","road_type":"footway","osm_id":1385327829}},{"type":"Feature","geometry":{"type":"LineString","coordinates":[[-84.3883540999617,33.7128156001599],[-84.38835829979564,33.71279829990169]]},"properties":{"overall":41,"safety":4,"sidewalk":100,"sidewalk_present":1,"canopy":19.5,"comfort":41.0,"name":"","road_type":"footway","osm_id":1385327832}},{"type":"Feature","geometry":{"type":"LineString","coordinates":[[-84.38820360021595,33.71281260002155],[-84.38825080023423,33.71281400026595],[-84.38831810010021,33.71281929997076]]},"properties":{"overall":41,"safety":0,"sidewalk":100,"sidewalk_present":1,"canopy":22.9,"comfort":43.3,"name":"","road_type":"footway","osm_id":1385327827}},{"type":"Feature","geometry":{"type":"LineString","coordinates":[[-84.38831810010021,33.71281929997076],[-84.38834330000327,33.712818499574155],[-84.3883540999617,33.7128156001599]]},"properties":{"overall":41,"safety":2,"sidewalk":100,"sidewalk_present":1,"canopy":22.2,"comfort":42.7,"name":"","road_type":"footway","osm_id":1385327828}},{"type":"Feature","geometry":{"type":"LineString","coordinates":[[-84.38833960019235,33.714487400273356],[-84.38832489987419,33.71446280021809],[-84.38831149997571,33.714403300172194],[-84.38832060021548,33.71391620037241],[-84.38833650022929,33.71348859971914],[-84.38833789957437,33.7131601996835],[-84.38834330000327,33.712818499574155]]},"properties":{"overall":60,"safety":59,"sidewalk":100,"sidewalk_present":1,"canopy":22.2,"comfort":47.6,"name":"","road_type":"footway","osm_id":1385342275}},{"type":"Feature","geometry":{"type":"LineString","coordinates":[[-84.38833960019235,33.714487400273356],[-84.38833300006786,33.71454709996874],[-84.38832880023392,33.71459449963652]]},"properties":{"overall":74,"safety":100,"sidewalk":100,"sidewalk_present":1,"canopy":20.6,"comfort":50.8,"name":"","road_type":"footway","osm_id":1385134395}},{"type":"Feature","geometry":{"type":"LineString","coordinates":[[-84.38835340028913,33.71516149970353],[-84.38834000039066,33.7147687999402],[-84.38864709998364,33.714775800263]]},"properties":{"overall":42,"safety":100,"sidewalk":0,"sidewalk_present":0,"canopy":24.7,"comfort":51.8,"name":"","road_type":"service","osm_id":562987112}},{"type":"Feature","geometry":{"type":"LineString","coordinates":[[-84.3874138003066,33.71798629992787],[-84.38759629972941,33.71797259965581],[-84.3879276999034,33.717981000223006],[-84.38803740010587,33.717966700103204],[-84.38820010005452,33.71783389991458],[-84.38831690040462,33.71780100001621],[-84.38839319978632,33.71773499967054],[-84.38853949969814,33.71769270005814],[-84.38861470010829,33.717637800044486],[-84.3887855002506,33.71761329981399],[-84.38893180016242,33.717519399800494]]},"properties":{"overall":68,"safety":100,"sidewalk":100,"sidewalk_present":1,"canopy":5.2,"comfort":31.0,"name":"","road_type":"footway","osm_id":1278841966}},{"type":"Feature","geometry":{"type":"LineString","coordinates":[[-84.38838310039972,33.717943000269315],[-84.38822660037727,33.71806050029193],[-84.38812620006405,33.71811099992277]]},"properties":{"overall":67,"safety":100,"sidewalk":100,"sidewalk_present":1,"canopy":0.0,"comfort":26.3,"name":"","road_type":"footway","osm_id":1278841952}},{"type":"Feature","geometry":{"type":"LineString","coordinates":[[-84.38812620006405,33.71811099992277],[-84.3880268996217,33.71814220010248],[-84.38795930028147,33.718163399821094]]},"properties":{"overall":67,"safety":100,"sidewalk":100,"sidewalk_present":1,"canopy":0.0,"comfort":27.7,"name":"","road_type":"footway","osm_id":1278841953}},{"type":"Feature","geometry":{"type":"LineString","coordinates":[[-84.38740820022821,33.718312000198694],[-84.38749929975285,33.718223600438876],[-84.38760899995532,33.71817889963654],[-84.38780280025901,33.71816149955362],[-84.38791959970973,33.718153699733534],[-84.38795930028147,33.718163399821094],[-84.38800359998612,33.71821290030516],[-84.38804569994903,33.71831779992658],[-84.38810169983356,33.7184051996403],[-84.38818460023907,33.71845470012437],[-84.38830389980507,33.71846180027194],[-84.38844730030263,33.71847029976459],[-84.38859909956875,33.718412000313606],[-84.38885010035182,33.71787599987755]]},"properties":{"overall":68,"safety":100,"sidewalk":100,"sidewalk_present":1,"canopy":5.4,"comfort":28.5,"name":"","road_type":"footway","osm_id":1278841954}},{"type":"Feature","geometry":{"type":"LineString","coordinates":[[-84.38898920029135,33.7006152003313],[-84.38880050004303,33.70066519993907],[-84.38863019992374,33.70071280015566]]},"properties":{"overall":70,"safety":97,"sidewalk":100,"sidewalk_present":1,"canopy":11.7,"comfort":48.7,"name":"","road_type":"footway","osm_id":1386528278}},{"type":"Feature","geometry":{"type":"LineString","coordinates":[[-84.38893499995027,33.70251300007493],[-84.38881819960017,33.70238089955893],[-84.38874190021846,33.702232999753164],[-84.38870819992343,33.70206879973534],[-84.38865339973455,33.70170530005959],[-84.38864600011277,33.701531999802],[-84.38865930018653,33.70139609965031],[-84.38873100043526,33.70127899982606],[-84.38880629977086,33.70119479990012],[-84.3888639004486,33.701096500403196],[-84.38888849960455,33.70096880026995],[-84.38886980000126,33.70086429994751],[-84.38880050004303,33.70066519993907],[-84.38875609961428,33.700546100022564]]},"properties":{"overall":38,"safety":100,"sidewalk":0,"sidewalk_present":0,"canopy":14.8,"comfort":46.2,"name":"Lakewood Raceway","road_type":"residential","osm_id":1435902421}},{"type":"Feature","geometry":{"type":"LineString","coordinates":[[-84.38893499995027,33.70251300007493],[-84.38907020042939,33.70262180005608],[-84.38924029999981,33.70274859996795]]},"properties":{"overall":34,"safety":100,"sidewalk":0,"sidewalk_present":0,"canopy":1.5,"comfort":36.1,"name":"Lakewood Raceway","road_type":"residential","osm_id":1470614450}},{"type":"Feature","geometry":{"type":"LineString","coordinates":[[-84.38961940021511,33.70341739969331],[-84.38929749957992,33.70317039999401],[-84.38914520029073,33.703053599643965],[-84.3888210999138,33.70277489974188],[-84.38871299960522,33.702687900226465],[-84.38858809996083,33.70258730026376],[-84.38849550036701,33.702563899904135],[-84.38834000039066,33.70256189981188],[-84.38806240035944,33.70255829982574]]},"properties":{"overall":34,"safety":100,"sidewalk":0,"sidewalk_present":0,"canopy":3.4,"comfort":32.7,"name":"","road_type":"service","osm_id":561078020}},{"type":"Feature","geometry":{"type":"LineString","coordinates":[[-84.3888210999138,33.70277489974188],[-84.38880259996,33.70331700027941],[-84.38885900004277,33.70337500025613],[-84.38891259963674,33.70339510010382],[-84.38912510044298,33.70339529975331],[-84.38926199974145,33.70340139985478],[-84.38961940021511,33.70341739969331]]},"properties":{"overall":35,"safety":100,"sidewalk":0,"sidewalk_present":0,"canopy":4.0,"comfort":32.9,"name":"","road_type":"service","osm_id":561078018}},{"type":"Feature","geometry":{"type":"LineString","coordinates":[[-84.38863839994218,33.703659700434855],[-84.38885339996438,33.70366509996444]]},"properties":{"overall":33,"safety":100,"sidewalk":0,"sidewalk_present":0,"canopy":0.0,"comfort":31.1,"name":"","road_type":"service","osm_id":561078001}},{"type":"Feature","geometry":{"type":"LineString","coordinates":[[-84.3885920003205,33.70494089980275],[-84.38862359979925,33.704067700364135],[-84.38863839994218,33.703659700434855]]},"properties":{"overall":37,"safety":100,"sidewalk":0,"sidewalk_present":0,"canopy":10.2,"comfort":36.9,"name":"","road_type":"service","osm_id":562991207}},{"type":"Feature","geometry":{"type":"LineString","coordinates":[[-84.38885339996438,33.70366509996444],[-84.38883869964621,33.70407030030418],[-84.38880700034275,33.7049463002316]]},"properties":{"overall":35,"safety":100,"sidewalk":0,"sidewalk_present":0,"canopy":5.5,"comfort":33.4,"name":"","road_type":"service","osm_id":562991206}},{"type":"Feature","geometry":{"type":"LineString","coordinates":[[-84.38988599973908,33.705038999650185],[-84.38990780020475,33.70408249960775]]},"properties":{"overall":34,"safety":100,"sidewalk":0,"sidewalk_present":0,"canopy":3.0,"comfort":28.4,"name":"","road_type":"service","osm_id":561078013}},{"type":"Feature","geometry":{"type":"LineString","coordinates":[[-84.39011439965975,33.70504440007903],[-84.39015999978415,33.70408530009655]]},"properties":{"overall":35,"safety":100,"sidewalk":0,"sidewalk_present":0,"canopy":4.4,"comfort":29.5,"name":"","road_type":"service","osm_id":561078014}},{"type":"Feature","geometry":{"type":"LineString","coordinates":[[-84.39036069968648,33.705050299631694],[-84.39039590005069,33.7040879000366]]},"properties":{"overall":36,"safety":100,"sidewalk":0,"sidewalk_present":0,"canopy":6.9,"comfort":31.0,"name":"","road_type":"service","osm_id":561078012}},{"type":"Feature","geometry":{"type":"LineString","coordinates":[[-84.38961940021511,33.70341739969331],[-84.38967709981824,33.70360369965107],[-84.39039590005069,33.7040879000366],[-84.3910691001588,33.70457659973033]]},"properties":{"overall":36,"safety":100,"sidewalk":0,"sidewalk_present":0,"canopy":6.9,"comfort":31.8,"name":"","road_type":"service","osm_id":561078011}},{"type":"Feature","geometry":{"type":"LineString","coordinates":[[-84.3910691001588,33.70457659973033],[-84.39061049987464,33.70505629990839],[-84.39036069968648,33.705050299631694],[-84.39011439965975,33.70504440007903],[-84.38988599973908,33.705038999650185],[-84.38964469994289,33.7050331999223],[-84.38940080020672,33.70502730036969],[-84.38943560037262,33.70407719990288]]},"properties":{"overall":36,"safety":100,"sidewalk":0,"sidewalk_present":0,"canopy":8.4,"comfort":31.5,"name":"","road_type":"service","osm_id":561078016}},{"type":"Feature","geometry":{"type":"LineString","coordinates":[[-84.3891171998988,33.70513350041074],[-84.38920449978781,33.705144599843436],[-84.38936049978719,33.70516969992178],[-84.38986820035711,33.705267600119726],[-84.39042310004601,33.70543800006368],[-84.39062909965321,33.705539100049464]]},"properties":{"overall":72,"safety":96,"sidewalk":100,"sidewalk_present":1,"canopy":18.6,"comfort":39.9,"name":"","road_type":"footway","osm_id":1385352502}},{"type":"Feature","geometry":{"type":"LineString","coordinates":[[-84.3902296001159,33.7063226002079],[-84.39029129990354,33.70650220021639]]},"properties":{"overall":34,"safety":100,"sidewalk":0,"sidewalk_present":0,"canopy":3.3,"comfort":37.2,"name":"","road_type":"service","osm_id":562987204}},{"type":"Feature","geometry":{"type":"LineString","coordinates":[[-84.39017410025451,33.707656700396456],[-84.39009779997343,33.70753489981581],[-84.39006330018111,33.707430400392695],[-84.39001500029201,33.70729660015803],[-84.38994799990024,33.707178299738814],[-84.38981919989612,33.70706670016813],[-84.38976620015,33.70703979964708],[-84.38960999960176,33.70693180006259],[-84.38943830013739,33.706805699823235]]},"properties":{"overall":34,"safety":100,"sidewalk":0,"sidewalk_present":0,"canopy":0.6,"comfort":31.6,"name":"","road_type":"service","osm_id":561075895}},{"type":"Feature","geometry":{"type":"LineString","coordinates":[[-84.3914134002082,33.69974740042227],[-84.3914297004203,33.69973949987809],[-84.39146899989441,33.69971699973979]]},"properties":{"overall":42,"safety":96,"sidewalk":0,"sidewalk_present":0,"canopy":29.0,"comfort":50.1,"name":"Lakewood Avenue","road_type":"secondary","osm_id":1379655114}},{"type":"Feature","geometry":{"type":"LineString","coordinates":[[-84.39142689993145,33.69961260014145],[-84.39130269995962,33.69967809956472],[-84.39124910036566,33.69971200040857],[-84.39118770005228,33.69973449964749],[-84.39086189995669,33.69982929988231],[-84.39045730036406,33.699961199849554],[-84.38989600020022,33.700121500406965],[-84.38919970010602,33.70032399985274],[-84.38795430005086,33.700693999828275]]},"properties":{"overall":60,"safety":65,"sidewalk":100,"sidewalk_present":1,"canopy":14.7,"comfort":49.5,"name":"","road_type":"footway","osm_id":1386524821}},{"type":"Feature","geometry":{"type":"LineString","coordinates":[[-84.38952150001717,33.70033899964517],[-84.39050799964446,33.7000719999229],[-84.39098299996544,33.69993399985424],[-84.39118500028752,33.69985749992372],[-84.3914134002082,33.69974740042227]]},"properties":{"overall":37,"safety":97,"sidewalk":0,"sidewalk_present":0,"canopy":13.5,"comfort":48.1,"name":"Lakewood Avenue","road_type":"secondary","osm_id":9275702}},{"type":"Feature","geometry":{"type":"LineString","coordinates":[[-84.39097720023756,33.69999490014459],[-84.39100709999764,33.69998820019532],[-84.3910691001588,33.69996870019543]]},"properties":{"overall":68,"safety":96,"sidewalk":100,"sidewalk_present":1,"canopy":9.4,"comfort":43.8,"name":"","road_type":"footway","osm_id":1354730207}},{"type":"Feature","geometry":{"type":"LineString","coordinates":[[-84.38924029999981,33.70274859996795],[-84.38936690026219,33.702828000212094],[-84.39058010009148,33.70361239969253],[-84.39117280008463,33.70402620024902],[-84.39150530012944,33.704249699763864],[-84.39166650000891,33.7043542000863]]},"properties":{"overall":39,"safety":100,"sidewalk":0,"sidewalk_present":0,"canopy":16.8,"comfort":38.1,"name":"Lakewood Raceway","road_type":"residential","osm_id":9251095}},{"type":"Feature","geometry":{"type":"LineString","coordinates":[[-84.39197549986937,33.704585000297584],[-84.39166650000891,33.7043542000863]]},"properties":{"overall":40,"safety":100,"sidewalk":0,"sidewalk_present":0,"canopy":18.9,"comfort":35.0,"name":"Lakewood Raceway","road_type":"residential","osm_id":1435902420}},{"type":"Feature","geometry":{"type":"LineString","coordinates":[[-84.39238230010301,33.70545609981923],[-84.39234099963738,33.70538000008696],[-84.39225200002971,33.705215899893915],[-84.3914647002357,33.705551699551336],[-84.39155410004167,33.70570640003041],[-84.39159910031816,33.70578409965651]]},"properties":{"overall":33,"safety":100,"sidewalk":0,"sidewalk_present":0,"canopy":0.0,"comfort":25.3,"name":"","road_type":"service","osm_id":562991204}},{"type":"Feature","geometry":{"type":"LineString","coordinates":[[-84.39062909965321,33.705539100049464],[-84.39080480020135,33.70562539989237],[-84.39103759960551,33.705781700265334]]},"properties":{"overall":72,"safety":100,"sidewalk":100,"sidewalk_present":1,"canopy":15.6,"comfort":36.6,"name":"","road_type":"footway","osm_id":1385352503}},{"type":"Feature","geometry":{"type":"LineString","coordinates":[[-84.39077400021989,33.70566799987836],[-84.39080699994304,33.70568699985523],[-84.39088259965223,33.70573899955525]]},"properties":{"overall":38,"safety":100,"sidewalk":0,"sidewalk_present":0,"canopy":12.8,"comfort":35.8,"name":"Claire Drive Southwest","road_type":"residential","osm_id":146781651}},{"type":"Feature","geometry":{"type":"LineString","coordinates":[[-84.39234099963738,33.70538000008696],[-84.39155410004167,33.70570640003041]]},"properties":{"overall":33,"safety":100,"sidewalk":0,"sidewalk_present":0,"canopy":0.0,"comfort":25.6,"name":"","road_type":"service","osm_id":562991203}},{"type":"Feature","geometry":{"type":"LineString","coordinates":[[-84.38906799978832,33.70517899981104],[-84.38906959968222,33.70512900020327],[-84.38910320015253,33.70407350009202],[-84.38912510044298,33.70339529975331],[-84.38914520029073,33.703053599643965]]},"properties":{"overall":34,"safety":96,"sidewalk":0,"sidewalk_present":0,"canopy":4.6,"comfort":32.8,"name":"","road_type":"service","osm_id":561078021}},{"type":"Feature","geometry":{"type":"LineString","coordinates":[[-84.38862359979925,33.704067700364135],[-84.38883869964621,33.70407030030418],[-84.38910320015253,33.70407350009202],[-84.38923379970004,33.7040750001612],[-84.38943560037262,33.70407719990288],[-84.38967430022876,33.704079899667704],[-84.38990780020475,33.70408249960775],[-84.39015999978415,33.70408530009655],[-84.39039590005069,33.7040879000366]]},"properties":{"overall":34,"safety":100,"sidewalk":0,"sidewalk_present":0,"canopy":0.7,"comfort":28.5,"name":"","road_type":"service","osm_id":561078017}},{"type":"Feature","geometry":{"type":"LineString","coordinates":[[-84.38967430022876,33.704079899667704],[-84.38964469994289,33.7050331999223]]},"properties":{"overall":29,"safety":83,"sidewalk":0,"sidewalk_present":0,"canopy":2.8,"comfort":28.0,"name":"","road_type":"service","osm_id":561078015}},{"type":"Feature","geometry":{"type":"LineString","coordinates":[[-84.38813199979194,33.70513300038772],[-84.38831230037232,33.70513630000028],[-84.38851699955984,33.705139999811195],[-84.38888700043469,33.705166000110864],[-84.38906799978832,33.70517899981104],[-84.3893711999209,33.70522259984318],[-84.38949199955607,33.70523999992611],[-84.38992399969277,33.705331999672126],[-84.39028600019873,33.70544000015593],[-84.39059299996694,33.705567999763446],[-84.39077400021989,33.70566799987836]]},"properties":{"overall":39,"safety":90,"sidewalk":0,"sidewalk_present":0,"canopy":27.1,"comfort":45.1,"name":"Claire Drive Southwest","road_type":"residential","osm_id":9249295}},{"type":"Feature","geometry":{"type":"LineString","coordinates":[[-84.38643980035647,33.70515799974197],[-84.38678460042894,33.7051643003922],[-84.38708290015569,33.705162099751135],[-84.38782679956711,33.705173299907926],[-84.38829450009109,33.70518750020301],[-84.38855100022846,33.705189199921676],[-84.38912210030463,33.70524469978312],[-84.3893598999394,33.705270899732284],[-84.38975380029763,33.7053519996951],[-84.39019069994083,33.705480600049725],[-84.39034419982494,33.70553409981892],[-84.39052200029005,33.705612199643326],[-84.39057809999929,33.70563069959718]]},"properties":{"overall":73,"safety":86,"sidewalk":100,"sidewalk_present":1,"canopy":32.2,"comfort":52.6,"name":"","road_type":"footway","osm_id":1385344460}},{"type":"Feature","geometry":{"type":"LineString","coordinates":[[-84.3893711999209,33.70522259984318],[-84.3893598999394,33.705270899732284],[-84.38934249985647,33.70534500027162],[-84.38929400031782,33.70552820026626],[-84.38925849958008,33.70560589989242],[-84.38920170019827,33.70563250003988],[-84.38912120008325,33.70563049994769],[-84.38889519955376,33.705634500132135]]},"properties":{"overall":73,"safety":87,"sidewalk":100,"sidewalk_present":1,"canopy":30.7,"comfort":48.8,"name":"","road_type":"service","osm_id":841232496}},{"type":"Feature","geometry":{"type":"LineString","coordinates":[[-84.38965230011354,33.70669100028948],[-84.38960999960176,33.70662159960716],[-84.3902296001159,33.7063226002079]]},"properties":{"overall":34,"safety":100,"sidewalk":0,"sidewalk_present":0,"canopy":2.2,"comfort":37.4,"name":"","road_type":"service","osm_id":562987207}},{"type":"Feature","geometry":{"type":"LineString","coordinates":[[-84.39029129990354,33.70650220021639],[-84.38970860037159,33.706783599883295]]},"properties":{"overall":34,"safety":100,"sidewalk":0,"sidewalk_present":0,"canopy":2.1,"comfort":36.1,"name":"","road_type":"service","osm_id":562987206}},{"type":"Feature","geometry":{"type":"LineString","coordinates":[[-84.38976620015,33.70703979964708],[-84.38981790037576,33.7069630002423],[-84.38978589979939,33.70691049961994],[-84.38970860037159,33.706783599883295],[-84.38965230011354,33.70669100028948]]},"properties":{"overall":34,"safety":100,"sidewalk":0,"sidewalk_present":0,"canopy":1.9,"comfort":33.8,"name":"","road_type":"service","osm_id":562987211}},{"type":"Feature","geometry":{"type":"LineString","coordinates":[[-84.39035699987562,33.7066551002527],[-84.38978589979939,33.70691049961994]]},"properties":{"overall":35,"safety":100,"sidewalk":0,"sidewalk_present":0,"canopy":4.2,"comfort":35.7,"name":"","road_type":"service","osm_id":562987209}},{"type":"Feature","geometry":{"type":"LineString","coordinates":[[-84.39057809999929,33.70563069959718],[-84.3907380003584,33.70571009984127],[-84.39086010041325,33.705782399937846],[-84.39093589977193,33.70583040035274]]},"properties":{"overall":73,"safety":100,"sidewalk":100,"sidewalk_present":1,"canopy":19.9,"comfort":38.9,"name":"","road_type":"footway","osm_id":1385344468}},{"type":"Feature","geometry":{"type":"LineString","coordinates":[[-84.39159910031816,33.70578409965651],[-84.39163200021659,33.70584109958713]]},"properties":{"overall":33,"safety":100,"sidewalk":0,"sidewalk_present":0,"canopy":0.0,"comfort":25.4,"name":"","road_type":"service","osm_id":562991202}},{"type":"Feature","geometry":{"type":"LineString","coordinates":[[-84.39103759960551,33.705781700265334],[-84.39120860029664,33.70591479992811],[-84.39122770009823,33.705925199688295],[-84.39124500035643,33.70593110014022]]},"properties":{"overall":65,"safety":93,"sidewalk":100,"sidewalk_present":1,"canopy":3.0,"comfort":28.4,"name":"","road_type":"footway","osm_id":1385352504}},{"type":"Feature","geometry":{"type":"LineString","coordinates":[[-84.39124500035643,33.70593110014022],[-84.39129869977512,33.70597899983102],[-84.39134250035607,33.70602869996458]]},"properties":{"overall":64,"safety":89,"sidewalk":100,"sidewalk_present":1,"canopy":1.7,"comfort":26.9,"name":"","road_type":"footway","osm_id":1385352505}},{"type":"Feature","geometry":{"type":"LineString","coordinates":[[-84.39093589977193,33.70583040035274],[-84.39115310043519,33.70601129988165],[-84.39137149989477,33.706246499576366],[-84.39157229962188,33.7064946000458],[-84.39182939960705,33.70686100003519],[-84.39190870002642,33.70697549991945]]},"properties":{"overall":68,"safety":100,"sidewalk":100,"sidewalk_present":1,"canopy":2.6,"comfort":30.0,"name":"","road_type":"footway","osm_id":1385344467}},{"type":"Feature","geometry":{"type":"LineString","coordinates":[[-84.39097930015453,33.70768989976909],[-84.39091350035773,33.70760340027675],[-84.39087150021953,33.70747999980222]]},"properties":{"overall":36,"safety":100,"sidewalk":0,"sidewalk_present":0,"canopy":7.7,"comfort":33.7,"name":"","road_type":"service","osm_id":562987201}},{"type":"Feature","geometry":{"type":"LineString","coordinates":[[-84.39113079994644,33.707888999777595],[-84.39097930015453,33.70768989976909]]},"properties":{"overall":35,"safety":100,"sidewalk":0,"sidewalk_present":0,"canopy":6.3,"comfort":33.1,"name":"","road_type":"service","osm_id":562987200}},{"type":"Feature","geometry":{"type":"LineString","coordinates":[[-84.39066010018342,33.708088699633834],[-84.39113079994644,33.707888999777595]]},"properties":{"overall":35,"safety":100,"sidewalk":0,"sidewalk_present":0,"canopy":6.2,"comfort":32.3,"name":"","road_type":"service","osm_id":562987198}},{"type":"Feature","geometry":{"type":"LineString","coordinates":[[-84.39076070014613,33.70837980028762],[-84.39147409994973,33.70834640036611],[-84.39134670019001,33.70809979996585],[-84.39126760031945,33.70798709962497],[-84.39113079994644,33.707888999777595]]},"properties":{"overall":39,"safety":100,"sidewalk":0,"sidewalk_present":0,"canopy":17.2,"comfort":39.4,"name":"","road_type":"service","osm_id":561075892}},{"type":"Feature","geometry":{"type":"LineString","coordinates":[[-84.39134670019001,33.70809979996585],[-84.39076070014613,33.70837980028762]]},"properties":{"overall":38,"safety":100,"sidewalk":0,"sidewalk_present":0,"canopy":14.9,"comfort":37.8,"name":"","road_type":"service","osm_id":562987194}},{"type":"Feature","geometry":{"type":"LineString","coordinates":[[-84.39074039974963,33.707533899769714],[-84.3905246002301,33.70720510043509],[-84.39020540025899,33.70736239995483],[-84.39040920012445,33.70767010029493]]},"properties":{"overall":35,"safety":100,"sidewalk":0,"sidewalk_present":0,"canopy":6.3,"comfort":32.2,"name":"","road_type":"service","osm_id":562987203}},{"type":"Feature","geometry":{"type":"LineString","coordinates":[[-84.391989899814,33.70702009999769],[-84.39194999959278,33.70703650003452],[-84.39087150021953,33.70747999980222],[-84.39074039974963,33.707533899769714],[-84.39040920012445,33.70767010029493],[-84.39022690035114,33.707745100156274]]},"properties":{"overall":36,"safety":100,"sidewalk":0,"sidewalk_present":0,"canopy":7.1,"comfort":33.0,"name":"","road_type":"service","osm_id":561075896}},{"type":"Feature","geometry":{"type":"LineString","coordinates":[[-84.39028219966377,33.70783280024358],[-84.39022690035114,33.707745100156274],[-84.39017410025451,33.707656700396456]]},"properties":{"overall":34,"safety":100,"sidewalk":0,"sidewalk_present":0,"canopy":1.9,"comfort":29.7,"name":"","road_type":"service","osm_id":562987216}},{"type":"Feature","geometry":{"type":"LineString","coordinates":[[-84.39040920012445,33.70767010029493],[-84.39047509974603,33.70778009997167],[-84.39066010018342,33.708088699633834]]},"properties":{"overall":34,"safety":100,"sidewalk":0,"sidewalk_present":0,"canopy":2.7,"comfort":30.8,"name":"","road_type":"service","osm_id":561075893}},{"type":"Feature","geometry":{"type":"LineString","coordinates":[[-84.39001369987233,33.70806299970775],[-84.38985679965157,33.707789200211494]]},"properties":{"overall":36,"safety":100,"sidewalk":0,"sidewalk_present":0,"canopy":7.2,"comfort":31.9,"name":"","road_type":"service","osm_id":1525659222}},{"type":"Feature","geometry":{"type":"LineString","coordinates":[[-84.39001369987233,33.70806299970775],[-84.39028219966377,33.70783280024358]]},"properties":{"overall":36,"safety":100,"sidewalk":0,"sidewalk_present":0,"canopy":7.2,"comfort":31.2,"name":"","road_type":"service","osm_id":562987191}},{"type":"Feature","geometry":{"type":"LineString","coordinates":[[-84.39049709986125,33.708160200233124],[-84.39028219966377,33.70783280024358]]},"properties":{"overall":36,"safety":100,"sidewalk":0,"sidewalk_present":0,"canopy":9.0,"comfort":32.8,"name":"","road_type":"service","osm_id":1525659225}},{"type":"Feature","geometry":{"type":"LineString","coordinates":[[-84.39076070014613,33.70837980028762],[-84.39056079974108,33.708283900181925],[-84.39049709986125,33.708160200233124],[-84.39066010018342,33.708088699633834]]},"properties":{"overall":37,"safety":100,"sidewalk":0,"sidewalk_present":0,"canopy":12.2,"comfort":35.7,"name":"","road_type":"service","osm_id":562987196}},{"type":"Feature","geometry":{"type":"LineString","coordinates":[[-84.39049709986125,33.708160200233124],[-84.39012109960902,33.70818969979484],[-84.38981659995608,33.708167099831826]]},"properties":{"overall":40,"safety":100,"sidewalk":0,"sidewalk_present":0,"canopy":19.1,"comfort":36.7,"name":"","road_type":"service","osm_id":562987193}},{"type":"Feature","geometry":{"type":"LineString","coordinates":[[-84.39066959972223,33.70969169981214],[-84.39067099996663,33.70937559980416],[-84.39067159981443,33.70923539999376],[-84.3906730998836,33.70889660019799]]},"properties":{"overall":51,"safety":100,"sidewalk":0,"sidewalk_present":0,"canopy":51.7,"comfort":66.7,"name":"James Forten Circle","road_type":"residential","osm_id":242061530}},{"type":"Feature","geometry":{"type":"LineString","coordinates":[[-84.38946779969916,33.70725309995066],[-84.38981919989612,33.70706670016813]]},"properties":{"overall":33,"safety":100,"sidewalk":0,"sidewalk_present":0,"canopy":0.0,"comfort":30.0,"name":"","road_type":"service","osm_id":562987213}},{"type":"Feature","geometry":{"type":"LineString","coordinates":[[-84.38933510023463,33.70731550031013],[-84.38946779969916,33.70725309995066]]},"properties":{"overall":33,"safety":100,"sidewalk":0,"sidewalk_present":0,"canopy":0.0,"comfort":30.8,"name":"","road_type":"service","osm_id":562987215}},{"type":"Feature","geometry":{"type":"LineString","coordinates":[[-84.38907819989896,33.706981400371376],[-84.38933510023463,33.70731550031013]]},"properties":{"overall":33,"safety":100,"sidewalk":0,"sidewalk_present":0,"canopy":0.0,"comfort":32.6,"name":"","road_type":"service","osm_id":562987212}},{"type":"Feature","geometry":{"type":"LineString","coordinates":[[-84.38981659995608,33.708167099831826],[-84.38952490035382,33.707689600294884]]},"properties":{"overall":37,"safety":100,"sidewalk":0,"sidewalk_present":0,"canopy":10.3,"comfort":33.7,"name":"","road_type":"service","osm_id":1525659223}},{"type":"Feature","geometry":{"type":"LineString","coordinates":[[-84.39009779997343,33.70753489981581],[-84.38972949971662,33.70769060034098]]},"properties":{"overall":34,"safety":100,"sidewalk":0,"sidewalk_present":0,"canopy":1.2,"comfort":29.4,"name":"","road_type":"service","osm_id":1525659224}},{"type":"Feature","geometry":{"type":"LineString","coordinates":[[-84.39001369987233,33.70806299970775],[-84.38981659995608,33.708167099831826],[-84.38952419978193,33.708200200279066]]},"properties":{"overall":39,"safety":100,"sidewalk":0,"sidewalk_present":0,"canopy":17.7,"comfort":36.5,"name":"","road_type":"service","osm_id":562987189}},{"type":"Feature","geometry":{"type":"LineString","coordinates":[[-84.38983419968855,33.70936019981343],[-84.38953859972656,33.70935130012248],[-84.38950490033085,33.70932939983197],[-84.38948290021563,33.70929280012268],[-84.38947999990205,33.70926240033958],[-84.3894844002848,33.70923439994766],[-84.38951809968052,33.70921239983244],[-84.38956350015536,33.70920629973102],[-84.38983879972079,33.70920150004923]]},"properties":{"overall":49,"safety":100,"sidewalk":0,"sidewalk_present":0,"canopy":47.1,"comfort":62.5,"name":"","road_type":"residential","osm_id":242061539}},{"type":"Feature","geometry":{"type":"LineString","coordinates":[[-84.39060300042809,33.71002660014756],[-84.38959389993852,33.709966299705],[-84.38953759968047,33.70998750032294],[-84.3895188002524,33.7100008003967],[-84.38949730016026,33.710043199833876],[-84.3894496001189,33.71030189971293]]},"properties":{"overall":46,"safety":100,"sidewalk":0,"sidewalk_present":0,"canopy":38.9,"comfort":57.2,"name":"","road_type":"service","osm_id":562987104}},{"type":"Feature","geometry":{"type":"LineString","coordinates":[[-84.38828940003577,33.710147200133235],[-84.38836580014151,33.71015740024387],[-84.38837779979559,33.71015900013782],[-84.38870259984509,33.71020229979638],[-84.3894496001189,33.71030189971293],[-84.38954700029382,33.710314900312426],[-84.39031410041537,33.71045319985535],[-84.39037170019378,33.7104855997307]]},"properties":{"overall":71,"safety":100,"sidewalk":100,"sidewalk_present":1,"canopy":12.3,"comfort":40.5,"name":"Common Area Drive","road_type":"residential","osm_id":243330513}},{"type":"Feature","geometry":{"type":"LineString","coordinates":[[-84.38952550020161,33.71087990028724],[-84.38946919994356,33.71084310002908],[-84.38867079981753,33.71076359996022]]},"properties":{"overall":36,"safety":100,"sidewalk":0,"sidewalk_present":0,"canopy":8.6,"comfort":36.4,"name":"","road_type":"service","osm_id":562987106}},{"type":"Feature","geometry":{"type":"LineString","coordinates":[[-84.38984770031107,33.708891599967444],[-84.38983879972079,33.70920150004923],[-84.38983419968855,33.70936019981343],[-84.38982849978538,33.70955650023234]]},"properties":{"overall":51,"safety":100,"sidewalk":0,"sidewalk_present":0,"canopy":53.4,"comfort":65.7,"name":"","road_type":"residential","osm_id":242061529}},{"type":"Feature","geometry":{"type":"LineString","coordinates":[[-84.39037170019378,33.7104855997307],[-84.39059299996694,33.710154800303826],[-84.39060300042809,33.71002660014756]]},"properties":{"overall":49,"safety":100,"sidewalk":0,"sidewalk_present":0,"canopy":48.1,"comfort":60.3,"name":"","road_type":"service","osm_id":562987103}},{"type":"Feature","geometry":{"type":"LineString","coordinates":[[-84.39019089959032,33.711587299814084],[-84.39013150026847,33.71155849992488],[-84.39006299980758,33.71152009977283]]},"properties":{"overall":63,"safety":90,"sidewalk":100,"sidewalk_present":1,"canopy":0.0,"comfort":34.3,"name":"","road_type":"footway","osm_id":1385336408}},{"type":"Feature","geometry":{"type":"LineString","coordinates":[[-84.39023339975154,33.71161599987852],[-84.39019089959032,33.711587299814084]]},"properties":{"overall":64,"safety":90,"sidewalk":100,"sidewalk_present":1,"canopy":2.9,"comfort":35.5,"name":"","road_type":"footway","osm_id":1385336409}},{"type":"Feature","geometry":{"type":"LineString","coordinates":[[-84.39064460036798,33.71181540026055],[-84.39023339975154,33.71161599987852]]},"properties":{"overall":59,"safety":69,"sidewalk":100,"sidewalk_present":1,"canopy":6.6,"comfort":36.9,"name":"","road_type":"footway","osm_id":1385336404}},{"type":"Feature","geometry":{"type":"LineString","coordinates":[[-84.38827400004504,33.71114000041075],[-84.38838170015532,33.711142200152494],[-84.38894000018081,33.71115500020312],[-84.38937699964879,33.71121899955722],[-84.38940629956102,33.711226400078374],[-84.38948800027094,33.71124699994914],[-84.389621000109,33.71128099971844],[-84.38978799971636,33.71132399990273],[-84.38993300010782,33.71138299992555],[-84.39018500003766,33.71148600017881],[-84.39043900005976,33.71162000006302],[-84.3906839996668,33.71174999976273],[-84.39073710013702,33.711773599771846],[-84.39085040032569,33.71182399957797],[-84.39100299998842,33.71189200001584],[-84.39111099957296,33.71192499973898],[-84.39131700007943,33.7119879999463],[-84.3915469998941,33.712041999738574],[-84.39170900017018,33.71206399985374],[-84.39238800000618,33.71207899964617],[-84.39259389978861,33.71208249980759],[-84.39303910017429,33.71209019980296],[-84.39339039964716,33.712096299904374],[-84.39349199965602,33.71209799962304]]},"properties":{"overall":54,"safety":50,"sidewalk":100,"sidewalk_present":1,"canopy":12.5,"comfort":37.5,"name":"Meldon Avenue Southwest","road_type":"residential","osm_id":9271790}},{"type":"Feature","geometry":{"type":"LineString","coordinates":[[-84.39064460036798,33.71181540026055],[-84.39069130036319,33.71183900026972],[-84.39079340039507,33.71188499969304]]},"properties":{"overall":53,"safety":48,"sidewalk":100,"sidewalk_present":1,"canopy":12.4,"comfort":39.1,"name":"","road_type":"footway","osm_id":1385336403}},{"type":"Feature","geometry":{"type":"LineString","coordinates":[[-84.38998260041666,33.712864300247304],[-84.39009100019945,33.71267979983293],[-84.3901771003928,33.712543200008724],[-84.39024939959006,33.712471399935225],[-84.39035110032296,33.712381900304536],[-84.39053580038683,33.71220519971024],[-84.39062870035423,33.71210719968758],[-84.39075259995246,33.71194459956365],[-84.39077050005847,33.711902399775965],[-84.39079340039507,33.71188499969304],[-84.39085040032569,33.71182399957797]]},"properties":{"overall":66,"safety":84,"sidewalk":100,"sidewalk_present":1,"canopy":14.0,"comfort":39.7,"name":"","road_type":"footway","osm_id":1385336401}},{"type":"Feature","geometry":{"type":"LineString","coordinates":[[-84.38985419971152,33.71281500031205],[-84.38985840044478,33.712784200330645],[-84.38985430043556,33.71276389993409],[-84.38995259993249,33.71258079976417],[-84.38999560011683,33.712502000267136],[-84.3900392999737,33.71244720007826],[-84.39009489965986,33.71238410004622],[-84.39014199985337,33.71234519987115],[-84.39020900024514,33.71228719989443],[-84.39028919998657,33.71220679960419],[-84.39035799992172,33.71215040042068],[-84.39044290041949,33.7120593998215],[-84.39052870023932,33.71197200010778],[-84.3906068998885,33.7118524001682],[-84.39063269963935,33.71183629960558],[-84.39064460036798,33.71181540026055],[-84.39065440028031,33.71178610034832],[-84.3906839996668,33.71174999976273]]},"properties":{"overall":67,"safety":87,"sidewalk":100,"sidewalk_present":1,"canopy":13.5,"comfort":39.4,"name":"","road_type":"footway","osm_id":1385336402}},{"type":"Feature","geometry":{"type":"LineString","coordinates":[[-84.39073710013702,33.711773599771846],[-84.39069130036319,33.71183900026972],[-84.39056660036829,33.71201729985853],[-84.39043209956174,33.71221479997308],[-84.39029480006491,33.712338499921884],[-84.3902175995625,33.71240989979708],[-84.39010599999187,33.71250749962144],[-84.38997150008464,33.71265740041872],[-84.38990449969288,33.71282900005838],[-84.38987119959614,33.71291410020564]]},"properties":{"overall":33,"safety":85,"sidewalk":0,"sidewalk_present":0,"canopy":14.3,"comfort":39.8,"name":"Middleton Street Southwest","road_type":"residential","osm_id":242060768}},{"type":"Feature","geometry":{"type":"LineString","coordinates":[[-84.39067099996663,33.70937559980416],[-84.39092130017781,33.70937840029302],[-84.39093479990106,33.709373300237644],[-84.39097000026527,33.709352599642784],[-84.39098450003462,33.70931470041313],[-84.39096380033908,33.70926469990604],[-84.3909265000579,33.70923020011372],[-84.39067159981443,33.70923539999376]]},"properties":{"overall":33,"safety":100,"sidewalk":0,"sidewalk_present":0,"canopy":0.0,"comfort":0.0,"name":"","road_type":"residential","osm_id":242061537}},{"type":"Feature","geometry":{"type":"LineString","coordinates":[[-84.38900179979316,33.709235900016836],[-84.38905230032339,33.70911460035859],[-84.38909180034625,33.70903899975008],[-84.38916649983406,33.70895369995333],[-84.38922809979692,33.708901300055004],[-84.38933350034074,33.70886359957552],[-84.38947709958842,33.70884039976471],[-84.38965430020573,33.70885750037337],[-84.38984770031107,33.708891599967444],[-84.38995319978028,33.708901300055004],[-84.39043220028577,33.70890499986592],[-84.3906730998836,33.70889660019799],[-84.39078079999388,33.70889279966303],[-84.39088480029324,33.70887569995364],[-84.39096829964728,33.70886969967694],[-84.39108400012645,33.7088904002718],[-84.39118510011224,33.70893059996729],[-84.39130379983044,33.709023199561045],[-84.39138000028674,33.70911460035859],[-84.39142539986227,33.70922910024285],[-84.39141950030967,33.70937170034375],[-84.39138429994546,33.709486200228014],[-84.39131840032388,33.709570300329176],[-84.39123199975694,33.70963130044419],[-84.3911338999095,33.709686099733744],[-84.39106500014958,33.70973029961368],[-84.39081600035809,33.70971169983511],[-84.39066959972223,33.70969169981214],[-84.39061090007294,33.709683700342566],[-84.39046150019806,33.7096581002412],[-84.38996339989097,33.70965080044414],[-84.38975829960583,33.709664200342615],[-84.38966460014115,33.709686099733744],[-84.38956209991096,33.709704400038106],[-84.38946679965306,33.70970189992278],[-84.38933939989334,33.709686099733744],[-84.38921340037808,33.70962149963253],[-84.38916799990324,33.70957280044445],[-84.38908160023561,33.7094765001404],[-84.38907400006502,33.70946399956398],[-84.38904200038797,33.709411900039186],[-84.3890230004111,33.709354599735036],[-84.38901170042959,33.70929130005351],[-84.38900179979316,33.709235900016836]]},"properties":{"overall":51,"safety":100,"sidewalk":0,"sidewalk_present":0,"canopy":52.3,"comfort":63.3,"name":"James Forten Circle","road_type":"residential","osm_id":242061532}},{"type":"Feature","geometry":{"type":"LineString","coordinates":[[-84.3919261001094,33.71123350022589],[-84.39171129973664,33.71123569996763]]},"properties":{"overall":34,"safety":100,"sidewalk":0,"sidewalk_present":0,"canopy":2.1,"comfort":32.0,"name":"","road_type":"service","osm_id":561216900}},{"type":"Feature","geometry":{"type":"LineString","coordinates":[[-84.3917195995798,33.71108299958081],[-84.39171129973664,33.71123569996763],[-84.391707500101,33.7113071996676]]},"properties":{"overall":33,"safety":100,"sidewalk":0,"sidewalk_present":0,"canopy":0.0,"comfort":31.6,"name":"","road_type":"service","osm_id":1035976671}},{"type":"Feature","geometry":{"type":"LineString","coordinates":[[-84.39340190017754,33.7120189995772],[-84.39306470027566,33.71202099966945],[-84.39275029998629,33.712013199849366],[-84.39241290043498,33.71201310002459],[-84.39199699996152,33.7120004996234],[-84.39177250040052,33.711993500199924],[-84.39143740041567,33.71194649983113],[-84.39123530026887,33.71190039968377],[-84.391003300362,33.711820500315866],[-84.39073319977729,33.71169199978601],[-84.39057619973181,33.71160760021064],[-84.39027470021722,33.711450199966805],[-84.39016020033296,33.711397300045405],[-84.38979450001614,33.71125939980152],[-84.38953699983261,33.71118780027683],[-84.38942679960707,33.71116690003248]]},"properties":{"overall":57,"safety":60,"sidewalk":100,"sidewalk_present":1,"canopy":10.1,"comfort":36.2,"name":"","road_type":"footway","osm_id":1385336406}},{"type":"Feature","geometry":{"type":"LineString","coordinates":[[-84.39079340039507,33.71188499969304],[-84.39088049973526,33.71193219971133],[-84.39099759955951,33.71197910025535],[-84.39121120023668,33.71205250022274],[-84.39151750033233,33.71211820019482],[-84.39172480035921,33.712139100439174],[-84.39191990018321,33.7121495001993],[-84.392176099947,33.71215749966893],[-84.392310699679,33.71216109965508]]},"properties":{"overall":58,"safety":63,"sidewalk":100,"sidewalk_present":1,"canopy":10.8,"comfort":35.8,"name":"","road_type":"footway","osm_id":1385336405}},{"type":"Feature","geometry":{"type":"LineString","coordinates":[[-84.391014799993,33.71333149984889],[-84.39103139967932,33.7132195000799],[-84.39096309976719,33.71314710015861],[-84.39079519993851,33.71297990000244],[-84.39078699992007,33.712916200122606],[-84.39080559969864,33.712864499896796],[-84.39107880024642,33.71252770019328],[-84.39120960034273,33.712366500313806],[-84.39124269989065,33.71230440032787],[-84.39124059997368,33.7122424001667],[-84.39117849998775,33.71220619975634],[-84.39108939965604,33.712189000222224],[-84.3910397004218,33.712219999853176],[-84.3909733997026,33.71228379955778],[-84.3908740003348,33.71240269982479],[-84.39091749964285,33.71244400029042],[-84.39107880024642,33.71252770019328]]},"properties":{"overall":39,"safety":100,"sidewalk":0,"sidewalk_present":0,"canopy":17.4,"comfort":39.4,"name":"","road_type":"residential","osm_id":242060784}},{"type":"Feature","geometry":{"type":"LineString","coordinates":[[-84.39068659960685,33.71268299962077],[-84.3907834997587,33.712571200400646]]},"properties":{"overall":40,"safety":100,"sidewalk":0,"sidewalk_present":0,"canopy":19.9,"comfort":42.2,"name":"","road_type":"service","osm_id":562987175}},{"type":"Feature","geometry":{"type":"LineString","coordinates":[[-84.3907079000495,33.71352930033697],[-84.39076389993397,33.713488700443236],[-84.3909629001177,33.713364999595115]]},"properties":{"overall":72,"safety":97,"sidewalk":100,"sidewalk_present":1,"canopy":18.1,"comfort":40.7,"name":"","road_type":"residential","osm_id":1053015077}},{"type":"Feature","geometry":{"type":"LineString","coordinates":[[-84.390600299764,33.71355800040146],[-84.39064399962086,33.713603099603404],[-84.39078680027058,33.71376900023921],[-84.39098380036205,33.714014800242865]]},"properties":{"overall":66,"safety":79,"sidewalk":100,"sidewalk_present":1,"canopy":18.7,"comfort":40.3,"name":"","road_type":"footway","osm_id":1385327837}},{"type":"Feature","geometry":{"type":"LineString","coordinates":[[-84.38946919994356,33.71084310002908],[-84.38954700029382,33.710735999766655],[-84.38996399973877,33.71080629977098],[-84.38992780022778,33.710951300162435],[-84.38952550020161,33.71087990028724],[-84.38943300043258,33.71114880027699],[-84.38942679960707,33.71116690003248],[-84.38940629956102,33.711226400078374]]},"properties":{"overall":70,"safety":100,"sidewalk":100,"sidewalk_present":1,"canopy":10.3,"comfort":38.1,"name":"","road_type":"service","osm_id":562987108}},{"type":"Feature","geometry":{"type":"LineString","coordinates":[[-84.38836029988789,33.711220399801675],[-84.38855729997937,33.71122559968171],[-84.38868710002959,33.711229199667855],[-84.38877699985864,33.711229599866215],[-84.3888752004301,33.71123050008754],[-84.38898069989932,33.71123939977855],[-84.38910720033698,33.71125660021198],[-84.38923550031802,33.7112731998983],[-84.38937830006847,33.7113025996353],[-84.38950019957451,33.71132929960754],[-84.38970620008104,33.71138850017917],[-84.38987619982674,33.711445599934564],[-84.39002540005214,33.71150529962995],[-84.39006299980758,33.71152009977283]]},"properties":{"overall":68,"safety":88,"sidewalk":100,"sidewalk_present":1,"canopy":15.9,"comfort":39.5,"name":"","road_type":"footway","osm_id":1385366436}},{"type":"Feature","geometry":{"type":"LineString","coordinates":[[-84.38918349971868,33.712227600023766],[-84.38914460044293,33.71218960007002],[-84.389217100189,33.711994400421304],[-84.38939539977787,33.71178019989634]]},"properties":{"overall":19,"safety":50,"sidewalk":0,"sidewalk_present":0,"canopy":7.2,"comfort":36.1,"name":"","road_type":"residential","osm_id":562987165}},{"type":"Feature","geometry":{"type":"LineString","coordinates":[[-84.38935129972265,33.71278280008619],[-84.38938840035433,33.71270790004962],[-84.38950550017864,33.71244910034574],[-84.3895431997588,33.71238550029068],[-84.38974999976261,33.71203729988156],[-84.39005029958162,33.711668499601615],[-84.39013150026847,33.71155849992488],[-84.39018500003766,33.71148600017881]]},"properties":{"overall":32,"safety":93,"sidewalk":0,"sidewalk_present":0,"canopy":3.0,"comfort":35.2,"name":"Troup Street Southwest","road_type":"residential","osm_id":242060770}},{"type":"Feature","geometry":{"type":"LineString","coordinates":[[-84.38941019992075,33.71233349969128],[-84.38936049978719,33.71228219966383],[-84.38926749999507,33.7122534995994],[-84.38918349971868,33.712227600023766]]},"properties":{"overall":44,"safety":25,"sidewalk":100,"sidewalk_present":1,"canopy":5.7,"comfort":35.5,"name":"","road_type":"residential","osm_id":588043593}},{"type":"Feature","geometry":{"type":"LineString","coordinates":[[-84.39019089959032,33.711587299814084],[-84.39017889993625,33.711626799837006],[-84.39006929955849,33.71177550003932],[-84.38986089966073,33.71203939979853],[-84.38967609977215,33.71226750024499],[-84.38957249967109,33.71245259960784],[-84.3895179998558,33.7125975999993],[-84.38947940005426,33.712728400095614],[-84.3894835998882,33.71271409997581]]},"properties":{"overall":65,"safety":92,"sidewalk":100,"sidewalk_present":1,"canopy":2.3,"comfort":35.0,"name":"","road_type":"footway","osm_id":1385336410}},{"type":"Feature","geometry":{"type":"LineString","coordinates":[[-84.38918349971868,33.712227600023766],[-84.38915269973728,33.712278900051274]]},"properties":{"overall":2,"safety":0,"sidewalk":0,"sidewalk_present":0,"canopy":6.6,"comfort":35.7,"name":"","road_type":"residential","osm_id":562987162}},{"type":"Feature","geometry":{"type":"LineString","coordinates":[[-84.39006299980758,33.71152009977283],[-84.39003200017663,33.71154879983732],[-84.38982959965625,33.71181869987316],[-84.38950219966677,33.712217700286715],[-84.38946300001737,33.71229559956231],[-84.38943620022042,33.712343099954126],[-84.38939460028053,33.71241039982016],[-84.38933169989798,33.71260270005462],[-84.38931029963061,33.7126977997637]]},"properties":{"overall":64,"safety":91,"sidewalk":100,"sidewalk_present":1,"canopy":0.7,"comfort":34.2,"name":"","road_type":"footway","osm_id":1385336407}},{"type":"Feature","geometry":{"type":"LineString","coordinates":[[-84.38915269973728,33.712278900051274],[-84.38919689961716,33.712286699871356],[-84.38924389998596,33.71230369975598],[-84.38933910041914,33.71233799989881],[-84.38941019992075,33.71233349969128]]},"properties":{"overall":52,"safety":50,"sidewalk":100,"sidewalk_present":1,"canopy":5.0,"comfort":35.2,"name":"","road_type":"residential","osm_id":562987164}},{"type":"Feature","geometry":{"type":"LineString","coordinates":[[-84.3895431997588,33.71238550029068],[-84.38943620022042,33.712343099954126],[-84.38941019992075,33.71233349969128]]},"properties":{"overall":68,"safety":100,"sidewalk":100,"sidewalk_present":1,"canopy":2.6,"comfort":34.5,"name":"","road_type":"residential","osm_id":588043594}},{"type":"Feature","geometry":{"type":"LineString","coordinates":[[-84.3848814002564,33.706164899590476],[-84.38485000042715,33.706164199917964]]},"properties":{"overall":57,"safety":70,"sidewalk":100,"sidewalk_present":1,"canopy":0.0,"comfort":0.0,"name":"","road_type":"footway","osm_id":1390892122}},{"type":"Feature","geometry":{"type":"LineString","coordinates":[[-84.38508300038012,33.708602000282156],[-84.3848779999197,33.70859800009765]]},"properties":{"overall":27,"safety":81,"sidewalk":0,"sidewalk_present":0,"canopy":0.0,"comfort":0.0,"name":"Crogman Street Southeast","road_type":"residential","osm_id":9240575}},{"type":"Feature","geometry":{"type":"LineString","coordinates":[[-84.38346000017884,33.70940599958726],[-84.3848749997814,33.70941399995621],[-84.38495399982719,33.70940899972561],[-84.38555399961734,33.70928300021035]]},"properties":{"overall":27,"safety":44,"sidewalk":0,"sidewalk_present":0,"canopy":36.1,"comfort":59.4,"name":"Bowen Avenue Southeast","road_type":"residential","osm_id":9250230}},{"type":"Feature","geometry":{"type":"LineString","coordinates":[[-84.38623749966087,33.709955399921796],[-84.38603200007668,33.7099902000877],[-84.385449600019,33.710122100054946],[-84.38525939970151,33.71015709987029]]},"properties":{"overall":29,"safety":85,"sidewalk":0,"sidewalk_present":0,"canopy":3.0,"comfort":33.9,"name":"","road_type":"service","osm_id":1161983961}},{"type":"Feature","geometry":{"type":"LineString","coordinates":[[-84.3850300995594,33.710326599592975],[-84.38506629996971,33.71044490001219],[-84.38484269973077,33.71049050013653]]},"properties":{"overall":32,"safety":89,"sidewalk":0,"sidewalk_present":0,"canopy":8.1,"comfort":40.7,"name":"","road_type":"service","osm_id":563001804}},{"type":"Feature","geometry":{"type":"LineString","coordinates":[[-84.38483449971233,33.70977999974724],[-84.38512470014479,33.709958200410654],[-84.38524079992294,33.71009540008271],[-84.38525939970151,33.71015709987029],[-84.38524589997826,33.710255099893004],[-84.38528630022256,33.71042880034889],[-84.38534020019006,33.710536600283945],[-84.3854091997747,33.71057999976722],[-84.38548910004192,33.71056769973961],[-84.385799799621,33.71051980004876],[-84.38600680017367,33.71047479977227],[-84.38619880003455,33.71043019969403]]},"properties":{"overall":39,"safety":97,"sidewalk":0,"sidewalk_present":0,"canopy":20.7,"comfort":43.5,"name":"","road_type":"service","osm_id":1161983960}},{"type":"Feature","geometry":{"type":"LineString","coordinates":[[-84.38244500013661,33.712516000013466],[-84.38250819999342,33.71250300031329],[-84.3834230002712,33.71231499973749],[-84.38478199998929,33.71203500031504],[-84.38532099966437,33.71193100001568],[-84.38605300014581,33.71192899992349],[-84.38713699977268,33.71193100001568],[-84.38819369957952,33.71193290028316],[-84.3882639995839,33.71193300010793]]},"properties":{"overall":76,"safety":90,"sidewalk":100,"sidewalk_present":1,"canopy":39.4,"comfort":52.9,"name":"Park Avenue Southeast","road_type":"residential","osm_id":9247473}},{"type":"Feature","geometry":{"type":"LineString","coordinates":[[-84.38266899967454,33.71329199982597],[-84.38273099983576,33.71328069984446],[-84.38361519978162,33.713098200421655],[-84.38365500017807,33.71309000040327],[-84.38541699959484,33.71273100003566],[-84.38604199963851,33.71272299966677],[-84.38712600016476,33.71272499975896],[-84.38825199992982,33.71272699985121]]},"properties":{"overall":62,"safety":53,"sidewalk":100,"sidewalk_present":1,"canopy":31.5,"comfort":49.2,"name":"Moury Avenue Southeast","road_type":"residential","osm_id":9250065}},{"type":"Feature","geometry":{"type":"LineString","coordinates":[[-84.38404180038873,33.713983699887876],[-84.38405770040254,33.713980000077015],[-84.38455150015159,33.713852399768484],[-84.38482280043183,33.71378369965805],[-84.38498789977172,33.71374419963513],[-84.38515669982178,33.71370530035938],[-84.3852191001813,33.7136915002626],[-84.38529550028704,33.71367649957085],[-84.38534680031455,33.713676200096586],[-84.38540010043425,33.713673399607785],[-84.38550240011563,33.71367190043793],[-84.38577750003157,33.71366959997209],[-84.3860296996109,33.713673699981314]]},"properties":{"overall":69,"safety":83,"sidewalk":100,"sidewalk_present":1,"canopy":24.0,"comfort":51.7,"name":"","road_type":"footway","osm_id":1385138899}},{"type":"Feature","geometry":{"type":"LineString","coordinates":[[-84.38437030024915,33.71477139988025],[-84.38484839963388,33.714651399742365],[-84.3850180000806,33.71461260029133],[-84.38518239974792,33.71456669979341],[-84.38525820000586,33.714546799595155],[-84.38536869970568,33.71451889992733],[-84.38547820025872,33.71450919983977],[-84.38555000033222,33.71450960003807],[-84.38576789976872,33.714510400434676],[-84.38597450012304,33.71450910001499]]},"properties":{"overall":69,"safety":89,"sidewalk":100,"sidewalk_present":1,"canopy":18.0,"comfort":49.0,"name":"","road_type":"footway","osm_id":1385129657}},{"type":"Feature","geometry":{"type":"LineString","coordinates":[[-84.38555399961734,33.70928300021035],[-84.38578339958417,33.70923449977238]]},"properties":{"overall":35,"safety":95,"sidewalk":0,"sidewalk_present":0,"canopy":9.4,"comfort":47.5,"name":"Crogman Street Southeast","road_type":"residential","osm_id":934886442}},{"type":"Feature","geometry":{"type":"LineString","coordinates":[[-84.38599300007684,33.71634799956058],[-84.38599319972633,33.716313200293996],[-84.38599900035354,33.71544500018666],[-84.38599979985082,33.71541489987777],[-84.38602179996604,33.71458159976106],[-84.38602299966169,33.714537999728975],[-84.3860232002105,33.71450769977059],[-84.38602330003522,33.71450180021793],[-84.3860296996109,33.713673699981314],[-84.38602999998449,33.71363100017055],[-84.38604199963851,33.71272299966677],[-84.38605300014581,33.71192899992349],[-84.38606399975373,33.7111320000418],[-84.38607000003043,33.71072300006648]]},"properties":{"overall":76,"safety":97,"sidewalk":100,"sidewalk_present":1,"canopy":29.9,"comfort":52.0,"name":"Crogman Street Southeast","road_type":"residential","osm_id":9240577}},{"type":"Feature","geometry":{"type":"LineString","coordinates":[[-84.38597450012304,33.71450910001499],[-84.38600830024285,33.714508099968896],[-84.3860232002105,33.71450769977059],[-84.3860766999797,33.71450819979361]]},"properties":{"overall":71,"safety":91,"sidewalk":100,"sidewalk_present":1,"canopy":21.2,"comfort":50.6,"name":"","road_type":"footway","osm_id":1385129662}},{"type":"Feature","geometry":{"type":"LineString","coordinates":[[-84.38596020000318,33.714581499936344],[-84.38602179996604,33.71458159976106],[-84.38607279961997,33.714583800402124]]},"properties":{"overall":70,"safety":90,"sidewalk":100,"sidewalk_present":1,"canopy":19.4,"comfort":49.7,"name":"","road_type":"footway","osm_id":1385134393}},{"type":"Feature","geometry":{"type":"LineString","coordinates":[[-84.3859528003814,33.71541949991007],[-84.38599979985082,33.71541489987777],[-84.38605159990135,33.715415499725566]]},"properties":{"overall":71,"safety":93,"sidewalk":100,"sidewalk_present":1,"canopy":18.7,"comfort":48.2,"name":"","road_type":"footway","osm_id":1385143800}},{"type":"Feature","geometry":{"type":"LineString","coordinates":[[-84.38813900011473,33.715444000140565],[-84.38760079993693,33.71544500018666],[-84.38708099988821,33.71544600023276],[-84.38677059978329,33.71544569985923],[-84.38617710029291,33.715445199836154],[-84.38599900035354,33.71544500018666],[-84.38592179985113,33.71544590040804],[-84.38563599980154,33.71544900037111],[-84.3855209998942,33.715462000071284],[-84.38509180024636,33.715567999563575],[-84.38503809992835,33.71558100016307],[-84.38467699964377,33.71566999977074],[-84.38465200028952,33.71567640024574],[-84.38374799997018,33.71590640006036],[-84.38368199962457,33.715920999654486]]},"properties":{"overall":75,"safety":95,"sidewalk":100,"sidewalk_present":1,"canopy":29.7,"comfort":51.3,"name":"Thayer Avenue Southeast","road_type":"residential","osm_id":9262949}},{"type":"Feature","geometry":{"type":"LineString","coordinates":[[-84.38617960040818,33.7154846000343],[-84.38608029996584,33.71548180044476]]},"properties":{"overall":71,"safety":89,"sidewalk":100,"sidewalk_present":1,"canopy":24.7,"comfort":50.4,"name":"","road_type":"footway","osm_id":1385143795}},{"type":"Feature","geometry":{"type":"LineString","coordinates":[[-84.38594210024769,33.71631359959298],[-84.38599319972633,33.716313200293996],[-84.386041299966,33.71631280009569]]},"properties":{"overall":72,"safety":99,"sidewalk":100,"sidewalk_present":1,"canopy":17.0,"comfort":50.3,"name":"","road_type":"footway","osm_id":1385113359}},{"type":"Feature","geometry":{"type":"LineString","coordinates":[[-84.38507199987288,33.71648310021493],[-84.38537439960879,33.71641249983708],[-84.38547229980674,33.71638500036755],[-84.38563160031805,33.71633769962517],[-84.38569809978742,33.7163251001233],[-84.38576140036827,33.71631370031707],[-84.38582589974544,33.71631020015565],[-84.38594210024769,33.71631359959298]]},"properties":{"overall":73,"safety":96,"sidewalk":100,"sidewalk_present":1,"canopy":24.0,"comfort":51.9,"name":"","road_type":"footway","osm_id":1385113358}},{"type":"Feature","geometry":{"type":"LineString","coordinates":[[-84.38815800009161,33.7163820002292],[-84.38708299998041,33.716365000344524],[-84.38623889990527,33.71635180009554],[-84.38599300007684,33.71634799956058],[-84.3857689996396,33.71634500032155],[-84.38503499996523,33.716527999767436],[-84.38499840025594,33.716537500205504],[-84.38411880034232,33.716765199554345],[-84.3840539996923,33.71677999969728]]},"properties":{"overall":76,"safety":95,"sidewalk":100,"sidewalk_present":1,"canopy":34.2,"comfort":55.0,"name":"Bisbee Avenue Southeast","road_type":"residential","osm_id":9258433}},{"type":"Feature","geometry":{"type":"LineString","coordinates":[[-84.38428870026326,33.7147923001246],[-84.38428670017106,33.714773099598915],[-84.384215099747,33.71461460038353],[-84.38405670035638,33.71423469977162],[-84.38396729965115,33.71400319988783]]},"properties":{"overall":70,"safety":84,"sidewalk":100,"sidewalk_present":1,"canopy":26.7,"comfort":49.6,"name":"","road_type":"footway","osm_id":1385105162}},{"type":"Feature","geometry":{"type":"LineString","coordinates":[[-84.38428870026326,33.7147923001246],[-84.38432880013397,33.71478400028144],[-84.38437030024915,33.71477139988025]]},"properties":{"overall":66,"safety":90,"sidewalk":100,"sidewalk_present":1,"canopy":9.0,"comfort":44.1,"name":"","road_type":"footway","osm_id":1385129659}},{"type":"Feature","geometry":{"type":"LineString","coordinates":[[-84.38332000001793,33.715064999749984],[-84.38339110041892,33.71504709964398],[-84.38389810041696,33.71491900021175],[-84.3842969002817,33.71481819970023],[-84.38433900024461,33.71480899963569],[-84.38438270010147,33.71479809985249],[-84.3845817002852,33.714748299894154],[-84.38540399989466,33.714540999867324],[-84.38602299966169,33.714537999728975],[-84.38709499963448,33.71453699968282],[-84.38821900020667,33.71453999982117]]},"properties":{"overall":70,"safety":87,"sidewalk":100,"sidewalk_present":1,"canopy":24.0,"comfort":49.9,"name":"Thirkeld Avenue Southeast","road_type":"residential","osm_id":9264177}},{"type":"Feature","geometry":{"type":"LineString","coordinates":[[-84.38437030024915,33.71477139988025],[-84.38438270010147,33.71479809985249],[-84.38440389982009,33.71484060001376]]},"properties":{"overall":64,"safety":80,"sidewalk":100,"sidewalk_present":1,"canopy":11.0,"comfort":45.1,"name":"","road_type":"footway","osm_id":1385129660}},{"type":"Feature","geometry":{"type":"LineString","coordinates":[[-84.38431230027243,33.714859599990575],[-84.3842969002817,33.71481819970023],[-84.38428870026326,33.7147923001246]]},"properties":{"overall":67,"safety":92,"sidewalk":100,"sidewalk_present":1,"canopy":10.3,"comfort":44.2,"name":"","road_type":"footway","osm_id":1385105161}},{"type":"Feature","geometry":{"type":"LineString","coordinates":[[-84.38440389982009,33.71484060001376],[-84.38435679962657,33.71485180017049],[-84.38431230027243,33.714859599990575]]},"properties":{"overall":61,"safety":74,"sidewalk":100,"sidewalk_present":1,"canopy":9.1,"comfort":44.0,"name":"","road_type":"footway","osm_id":1385129668}},{"type":"Feature","geometry":{"type":"LineString","coordinates":[[-84.38464030010971,33.71564169990455],[-84.38447639956615,33.71527139955549],[-84.38431230027243,33.714859599990575]]},"properties":{"overall":71,"safety":91,"sidewalk":100,"sidewalk_present":1,"canopy":21.1,"comfort":48.0,"name":"","road_type":"footway","osm_id":1385105160}},{"type":"Feature","geometry":{"type":"LineString","coordinates":[[-84.38466559983755,33.715709899991964],[-84.38465200028952,33.71567640024574],[-84.38464030010971,33.71564169990455]]},"properties":{"overall":75,"safety":92,"sidewalk":100,"sidewalk_present":1,"canopy":33.9,"comfort":52.4,"name":"","road_type":"footway","osm_id":1385105159}},{"type":"Feature","geometry":{"type":"LineString","coordinates":[[-84.38373390039914,33.715874299659276],[-84.38381839979928,33.71585400016204],[-84.38398810007072,33.71580859968719],[-84.38417749999161,33.71576270008859],[-84.38454120021618,33.71567319955858],[-84.38464030010971,33.71564169990455]]},"properties":{"overall":71,"safety":86,"sidewalk":100,"sidewalk_present":1,"canopy":27.8,"comfort":44.7,"name":"","road_type":"footway","osm_id":1385143798}},{"type":"Feature","geometry":{"type":"LineString","coordinates":[[-84.38376540005311,33.71594039982966],[-84.38391989998337,33.71590280007422],[-84.38409489995962,33.71585810017126],[-84.38439869994,33.71578249956275],[-84.38466559983755,33.715709899991964],[-84.38469019989276,33.71570169997352]]},"properties":{"overall":71,"safety":86,"sidewalk":100,"sidewalk_present":1,"canopy":27.4,"comfort":44.6,"name":"","road_type":"footway","osm_id":1385143791}},{"type":"Feature","geometry":{"type":"LineString","coordinates":[[-84.38440389982009,33.71484060001376],[-84.38459879999459,33.71478770009236],[-84.38494000008092,33.714695800171114],[-84.38526670039789,33.71461150042046],[-84.38535469995941,33.71459189969647],[-84.38544979966849,33.71457809959969],[-84.38556679966803,33.71457799977492],[-84.38596020000318,33.714581499936344]]},"properties":{"overall":67,"safety":82,"sidewalk":100,"sidewalk_present":1,"canopy":17.9,"comfort":48.7,"name":"","road_type":"footway","osm_id":1385134391}},{"type":"Feature","geometry":{"type":"LineString","coordinates":[[-84.38502849966551,33.71555490003868],[-84.38525080038409,33.71550179956847],[-84.38547689983903,33.715445199836154],[-84.38552159974199,33.71543520027433],[-84.38569420032707,33.71542230039887],[-84.38579940032201,33.715419400085295],[-84.3859528003814,33.71541949991007]]},"properties":{"overall":73,"safety":92,"sidewalk":100,"sidewalk_present":1,"canopy":25.8,"comfort":51.9,"name":"","road_type":"footway","osm_id":1385143799}},{"type":"Feature","geometry":{"type":"LineString","coordinates":[[-84.38503809992835,33.71558100016307],[-84.38502849966551,33.71555490003868],[-84.38500980006216,33.715504299683744],[-84.38489099961993,33.715460099803806],[-84.38459879999459,33.71478770009236],[-84.3845817002852,33.714748299894154]]},"properties":{"overall":72,"safety":96,"sidewalk":100,"sidewalk_present":1,"canopy":19.3,"comfort":49.4,"name":"","road_type":"service","osm_id":908290477}},{"type":"Feature","geometry":{"type":"LineString","coordinates":[[-84.38509180024636,33.715567999563575],[-84.38510620019093,33.71559149974797],[-84.3851129001402,33.71560360012609],[-84.38526480013036,33.71556810028767],[-84.38549339970058,33.71551060033397],[-84.38557279994473,33.71549409957311],[-84.38579659983316,33.715485400430964],[-84.38589550007725,33.715488600218805],[-84.38590920034926,33.71547720041252],[-84.3859129999849,33.71546650027881],[-84.38592179985113,33.71544590040804]]},"properties":{"overall":72,"safety":89,"sidewalk":100,"sidewalk_present":1,"canopy":28.2,"comfort":52.9,"name":"","road_type":"footway","osm_id":1385143790}},{"type":"Feature","geometry":{"type":"LineString","coordinates":[[-84.3851129001402,33.71560360012609],[-84.38504040039413,33.71561819972021]]},"properties":{"overall":73,"safety":99,"sidewalk":100,"sidewalk_present":1,"canopy":21.2,"comfort":51.1,"name":"","road_type":"footway","osm_id":1385143793}},{"type":"Feature","geometry":{"type":"LineString","coordinates":[[-84.38498439961029,33.716505299979644],[-84.38498639970254,33.71649009963846],[-84.3849827997164,33.716476300440945],[-84.38492639963357,33.716347500436825],[-84.38479840002611,33.716030299658655],[-84.38469210016024,33.71577529959046],[-84.38466559983755,33.715709899991964]]},"properties":{"overall":73,"safety":91,"sidewalk":100,"sidewalk_present":1,"canopy":29.2,"comfort":51.0,"name":"","road_type":"footway","osm_id":1385105158}},{"type":"Feature","geometry":{"type":"LineString","coordinates":[[-84.38498439961029,33.716505299979644],[-84.38502079967014,33.716493999998136],[-84.38507199987288,33.71648310021493]]},"properties":{"overall":71,"safety":91,"sidewalk":100,"sidewalk_present":1,"canopy":23.3,"comfort":49.5,"name":"","road_type":"footway","osm_id":1385113357}},{"type":"Feature","geometry":{"type":"LineString","coordinates":[[-84.38500660027432,33.716562100260774],[-84.38499840025594,33.716537500205504],[-84.38498439961029,33.716505299979644]]},"properties":{"overall":70,"safety":88,"sidewalk":100,"sidewalk_present":1,"canopy":23.3,"comfort":48.9,"name":"","road_type":"footway","osm_id":1385105157}},{"type":"Feature","geometry":{"type":"LineString","coordinates":[[-84.38500660027432,33.716562100260774],[-84.38504560027417,33.71655369969352]]},"properties":{"overall":70,"safety":88,"sidewalk":100,"sidewalk_present":1,"canopy":23.3,"comfort":48.9,"name":"","road_type":"footway","osm_id":1385113361}},{"type":"Feature","geometry":{"type":"LineString","coordinates":[[-84.38536900007927,33.71742539996228],[-84.38522499973391,33.71707919964541],[-84.38517889958649,33.716965500157755],[-84.38510329987736,33.71678259963733],[-84.38500660027432,33.716562100260774]]},"properties":{"overall":68,"safety":80,"sidewalk":100,"sidewalk_present":1,"canopy":24.1,"comfort":48.9,"name":"","road_type":"footway","osm_id":1385105156}},{"type":"Feature","geometry":{"type":"LineString","coordinates":[[-84.38410469987195,33.71673150015863],[-84.38413499983034,33.7167261995545],[-84.38430959960829,33.71667760019113],[-84.38450699989806,33.71662430007143],[-84.38474400003554,33.71656659956898],[-84.38498439961029,33.716505299979644]]},"properties":{"overall":69,"safety":90,"sidewalk":100,"sidewalk_present":1,"canopy":16.2,"comfort":38.9,"name":"","road_type":"footway","osm_id":1385113356}},{"type":"Feature","geometry":{"type":"LineString","coordinates":[[-84.38413359958594,33.71679789980328],[-84.38446280001818,33.716710199715976],[-84.3846294003265,33.71666549981302],[-84.38500660027432,33.716562100260774]]},"properties":{"overall":69,"safety":88,"sidewalk":100,"sidewalk_present":1,"canopy":17.7,"comfort":39.7,"name":"","road_type":"footway","osm_id":1385113360}},{"type":"Feature","geometry":{"type":"LineString","coordinates":[[-84.38413359958594,33.71679789980328],[-84.38411880034232,33.716765199554345],[-84.38410469987195,33.71673150015863]]},"properties":{"overall":66,"safety":94,"sidewalk":100,"sidewalk_present":1,"canopy":3.1,"comfort":27.3,"name":"","road_type":"footway","osm_id":1385086288}},{"type":"Feature","geometry":{"type":"LineString","coordinates":[[-84.38423049973773,33.71732139966292],[-84.38421270035582,33.71728210018881],[-84.38419530027284,33.71724129974626]]},"properties":{"overall":63,"safety":81,"sidewalk":100,"sidewalk_present":1,"canopy":7.5,"comfort":33.1,"name":"","road_type":"footway","osm_id":1385091015}},{"type":"Feature","geometry":{"type":"LineString","coordinates":[[-84.38452799996719,33.71763439970783],[-84.38450580020248,33.71762729956026],[-84.38449500024404,33.7176195995649],[-84.38439130031821,33.71740360039587],[-84.3842971997559,33.717192700382896],[-84.38413359958594,33.71679789980328]]},"properties":{"overall":62,"safety":76,"sidewalk":100,"sidewalk_present":1,"canopy":10.9,"comfort":33.8,"name":"","road_type":"footway","osm_id":1385086287}},{"type":"Feature","geometry":{"type":"LineString","coordinates":[[-84.38453030043297,33.71769889998427],[-84.38452599987494,33.7176549995786],[-84.38452799996719,33.71763439970783]]},"properties":{"overall":62,"safety":66,"sidewalk":100,"sidewalk_present":1,"canopy":21.2,"comfort":40.2,"name":"","road_type":"footway","osm_id":1385086286}},{"type":"Feature","geometry":{"type":"LineString","coordinates":[[-84.38478900031208,33.718581099837934],[-84.38474230031687,33.718483800387105],[-84.38460740021134,33.71817729974265],[-84.38451150010559,33.71795619961898],[-84.38441350008293,33.717741999993336],[-84.38423950015277,33.717335599958005],[-84.38423049973773,33.71732139966292]]},"properties":{"overall":65,"safety":78,"sidewalk":100,"sidewalk_present":1,"canopy":17.7,"comfort":38.3,"name":"","road_type":"footway","osm_id":1385091014}},{"type":"Feature","geometry":{"type":"LineString","coordinates":[[-84.38489890016405,33.718552299948726],[-84.38479720033047,33.71833029960368],[-84.38466790030333,33.7180206000707],[-84.38453030043297,33.71769889998427]]},"properties":{"overall":49,"safety":32,"sidewalk":100,"sidewalk_present":1,"canopy":16.4,"comfort":38.1,"name":"","road_type":"footway","osm_id":1385086285}},{"type":"Feature","geometry":{"type":"LineString","coordinates":[[-84.3848480003349,33.71859299966724],[-84.38480099996616,33.71861060029903],[-84.38465460022957,33.71866889974996],[-84.38440199955261,33.718767999643546]]},"properties":{"overall":45,"safety":35,"sidewalk":100,"sidewalk_present":1,"canopy":0.0,"comfort":0.0,"name":"Gammon Street Southeast","road_type":"residential","osm_id":1034456234}},{"type":"Feature","geometry":{"type":"LineString","coordinates":[[-84.3844099999215,33.71884749971241],[-84.38436360029988,33.71881950021981],[-84.38432849976044,33.71879600003541]]},"properties":{"overall":58,"safety":75,"sidewalk":100,"sidewalk_present":1,"canopy":0.0,"comfort":0.0,"name":"","road_type":"footway","osm_id":1385074836}},{"type":"Feature","geometry":{"type":"LineString","coordinates":[[-84.38582200028503,33.71835600042914],[-84.38580600044651,33.718319299995756],[-84.38544340009281,33.71748570040478],[-84.38542399991763,33.7174409996025],[-84.38541040036966,33.71741379960724],[-84.38537200021761,33.71734399962594],[-84.38504560027417,33.71655369969352],[-84.38503499996523,33.716527999767436],[-84.38502079967014,33.716493999998136],[-84.38469019989276,33.71570169997352]]},"properties":{"overall":66,"safety":73,"sidewalk":100,"sidewalk_present":1,"canopy":26.4,"comfort":49.3,"name":"Lansing Street Southeast","road_type":"residential","osm_id":1385143792}},{"type":"Feature","geometry":{"type":"LineString","coordinates":[[-84.38536900007927,33.71742539996228],[-84.38541040036966,33.71741379960724],[-84.3854562001435,33.717402999648755]]},"properties":{"overall":61,"safety":68,"sidewalk":100,"sidewalk_present":1,"canopy":15.4,"comfort":46.0,"name":"","road_type":"footway","osm_id":1386577065}},{"type":"Feature","geometry":{"type":"LineString","coordinates":[[-84.38452799996719,33.71763439970783],[-84.38536900007927,33.71742539996228]]},"properties":{"overall":63,"safety":65,"sidewalk":100,"sidewalk_present":1,"canopy":22.6,"comfort":44.4,"name":"","road_type":"footway","osm_id":1386577064}},{"type":"Feature","geometry":{"type":"LineString","coordinates":[[-84.38673600016625,33.717239000179745],[-84.38650999963676,33.7172279996725],[-84.38633100037532,33.71722000020287],[-84.38609539958298,33.717277400331795],[-84.38547160013422,33.71742959979622],[-84.38542399991763,33.7174409996025],[-84.38537899964109,33.71744980036806],[-84.38452599987494,33.7176549995786],[-84.3844499999675,33.71768400001662]]},"properties":{"overall":71,"safety":85,"sidewalk":100,"sidewalk_present":1,"canopy":29.3,"comfort":50.9,"name":"Martin Avenue Southeast","road_type":"residential","osm_id":9259134}},{"type":"Feature","geometry":{"type":"LineString","coordinates":[[-84.38549169998191,33.717472699805285],[-84.38547160013422,33.71742959979622],[-84.3854562001435,33.717402999648755]]},"properties":{"overall":61,"safety":65,"sidewalk":100,"sidewalk_present":1,"canopy":19.1,"comfort":47.6,"name":"","road_type":"footway","osm_id":1386580653}},{"type":"Feature","geometry":{"type":"LineString","coordinates":[[-84.38540109958103,33.717496100164965],[-84.38539510020365,33.71748950004047],[-84.38537899964109,33.71744980036806],[-84.38536900007927,33.71742539996228]]},"properties":{"overall":64,"safety":74,"sidewalk":100,"sidewalk_present":1,"canopy":18.9,"comfort":47.0,"name":"","road_type":"footway","osm_id":1385105155}},{"type":"Feature","geometry":{"type":"LineString","coordinates":[[-84.38540109958103,33.717496100164965],[-84.38544340009281,33.71748570040478],[-84.38549169998191,33.717472699805285]]},"properties":{"overall":65,"safety":75,"sidewalk":100,"sidewalk_present":1,"canopy":19.1,"comfort":47.3,"name":"","road_type":"footway","osm_id":1386580651}},{"type":"Feature","geometry":{"type":"LineString","coordinates":[[-84.38453030043297,33.71769889998427],[-84.38540109958103,33.717496100164965]]},"properties":{"overall":65,"safety":74,"sidewalk":100,"sidewalk_present":1,"canopy":21.8,"comfort":44.6,"name":"","road_type":"footway","osm_id":1386580650}},{"type":"Feature","geometry":{"type":"LineString","coordinates":[[-84.38489890016405,33.718552299948726],[-84.3851372996466,33.71848269961697],[-84.38536080006082,33.718430899566386],[-84.38576029959813,33.71833210004644]]},"properties":{"overall":46,"safety":37,"sidewalk":100,"sidewalk_present":1,"canopy":0.0,"comfort":0.0,"name":"","road_type":"footway","osm_id":1385097182}},{"type":"Feature","geometry":{"type":"LineString","coordinates":[[-84.3849103997951,33.718577400027016],[-84.38489890016405,33.718552299948726]]},"properties":{"overall":33,"safety":0,"sidewalk":100,"sidewalk_present":1,"canopy":0.0,"comfort":0.0,"name":"","road_type":"footway","osm_id":1385086284}},{"type":"Feature","geometry":{"type":"LineString","coordinates":[[-84.38489890016405,33.718552299948726],[-84.38483780022426,33.71856869998555],[-84.38478900031208,33.718581099837934]]},"properties":{"overall":44,"safety":32,"sidewalk":100,"sidewalk_present":1,"canopy":0.0,"comfort":0.0,"name":"","road_type":"footway","osm_id":1386574656}},{"type":"Feature","geometry":{"type":"LineString","coordinates":[[-84.3850837998774,33.718676499920605],[-84.38513469970661,33.718653099560925],[-84.38510699968828,33.71857120010088],[-84.38509359978974,33.71853150042847]]},"properties":{"overall":33,"safety":0,"sidewalk":100,"sidewalk_present":1,"canopy":0.0,"comfort":0.0,"name":"","road_type":"service","osm_id":562995968}},{"type":"Feature","geometry":{"type":"LineString","coordinates":[[-84.3849234003946,33.718622900326636],[-84.38505469961467,33.7185827995566],[-84.38510699968828,33.71857120010088],[-84.38569530019788,33.71842580041039],[-84.3857179001609,33.7184236995941]]},"properties":{"overall":38,"safety":14,"sidewalk":100,"sidewalk_present":1,"canopy":0.0,"comfort":0.0,"name":"","road_type":"footway","osm_id":1385097179}},{"type":"Feature","geometry":{"type":"LineString","coordinates":[[-84.38492510011326,33.71861129997154],[-84.3849103997951,33.718577400027016]]},"properties":{"overall":33,"safety":0,"sidewalk":100,"sidewalk_present":1,"canopy":0.0,"comfort":0.0,"name":"","road_type":"footway","osm_id":1385086281}},{"type":"Feature","geometry":{"type":"LineString","coordinates":[[-84.38481489988766,33.718647299833094],[-84.38480099996616,33.71861060029903],[-84.38478900031208,33.718581099837934]]},"properties":{"overall":51,"safety":53,"sidewalk":100,"sidewalk_present":1,"canopy":0.0,"comfort":0.0,"name":"","road_type":"footway","osm_id":1385092959}},{"type":"Feature","geometry":{"type":"LineString","coordinates":[[-84.3849234003946,33.718622900326636],[-84.38492510011326,33.71861129997154]]},"properties":{"overall":33,"safety":0,"sidewalk":100,"sidewalk_present":1,"canopy":0.0,"comfort":0.0,"name":"","road_type":"footway","osm_id":1385086283}},{"type":"Feature","geometry":{"type":"LineString","coordinates":[[-84.3850889997575,33.71917579992328],[-84.38507800014958,33.71911079962376],[-84.38486600026567,33.71863339991154],[-84.3848480003349,33.71859299966724]]},"properties":{"overall":1,"safety":2,"sidewalk":0,"sidewalk_present":0,"canopy":0.0,"comfort":0.0,"name":"Jonesboro Road Southeast","road_type":"secondary","osm_id":1034456235}},{"type":"Feature","geometry":{"type":"LineString","coordinates":[[-84.3849234003946,33.718622900326636],[-84.38486600026567,33.71863339991154],[-84.38481489988766,33.718647299833094]]},"properties":{"overall":33,"safety":0,"sidewalk":100,"sidewalk_present":1,"canopy":0.0,"comfort":0.0,"name":"","road_type":"footway","osm_id":1385086282}},{"type":"Feature","geometry":{"type":"LineString","coordinates":[[-84.38513469970661,33.718653099560925],[-84.38538690018527,33.718832699569475],[-84.38517359988168,33.718896199799815],[-84.3850837998774,33.718676499920605]]},"properties":{"overall":1,"safety":2,"sidewalk":0,"sidewalk_present":0,"canopy":0.0,"comfort":0.0,"name":"","road_type":"service","osm_id":562995969}},{"type":"Feature","geometry":{"type":"LineString","coordinates":[[-84.38493990025614,33.719033299647094],[-84.38495049966576,33.719020600320505],[-84.38495759981333,33.71900449975789],[-84.38495950008081,33.71899100003469],[-84.38488080040855,33.718797500104586],[-84.38481489988766,33.718647299833094]]},"properties":{"overall":36,"safety":8,"sidewalk":100,"sidewalk_present":1,"canopy":0.0,"comfort":0.0,"name":"","road_type":"footway","osm_id":1385092958}},{"type":"Feature","geometry":{"type":"LineString","coordinates":[[-84.38623889990527,33.71635180009554],[-84.38623899973004,33.71638389959736],[-84.38623500044486,33.71639080009538],[-84.38622640022817,33.716395999975475],[-84.38606370027952,33.71638880000319],[-84.38596620027988,33.716385399666535],[-84.38591219958829,33.71638639971263],[-84.38588210017872,33.71638529984176],[-84.38584529992062,33.71638389959736]]},"properties":{"overall":72,"safety":100,"sidewalk":100,"sidewalk_present":1,"canopy":17.0,"comfort":51.0,"name":"","road_type":"footway","osm_id":1385113362}},{"type":"Feature","geometry":{"type":"LineString","coordinates":[[-84.3854562001435,33.717402999648755],[-84.38594410033994,33.717279000225744],[-84.3860173995833,33.71726119994446],[-84.38605130042714,33.71725679956171],[-84.38606990020571,33.7172579003319],[-84.38607949956923,33.71726200034112],[-84.38609539958298,33.717277400331795]]},"properties":{"overall":69,"safety":78,"sidewalk":100,"sidewalk_present":1,"canopy":29.5,"comfort":53.3,"name":"","road_type":"footway","osm_id":1386577066}},{"type":"Feature","geometry":{"type":"LineString","coordinates":[[-84.38549169998191,33.717472699805285],[-84.38617389960575,33.71729750017954],[-84.38626369961003,33.71727450001822],[-84.38630679961909,33.71726880011511],[-84.38636240020458,33.717265399778455],[-84.38672789997258,33.71727490021652]]},"properties":{"overall":72,"safety":82,"sidewalk":100,"sidewalk_present":1,"canopy":34.1,"comfort":55.9,"name":"","road_type":"footway","osm_id":1386580652}},{"type":"Feature","geometry":{"type":"LineString","coordinates":[[-84.38576029959813,33.71833210004644],[-84.38576539965345,33.71831050012952],[-84.38576579985175,33.71829879994971],[-84.38576410013309,33.718290099908245],[-84.38569659971824,33.71814689995949],[-84.38563980033649,33.71801650006148],[-84.38562590041494,33.71798420001085],[-84.38557999991701,33.71788310002512],[-84.38552490025393,33.717758999878015],[-84.38541260011135,33.717506999948114],[-84.38540109958103,33.717496100164965]]},"properties":{"overall":67,"safety":77,"sidewalk":100,"sidewalk_present":1,"canopy":22.6,"comfort":46.8,"name":"","road_type":"footway","osm_id":1385105153}},{"type":"Feature","geometry":{"type":"LineString","coordinates":[[-84.38576029959813,33.71833210004644],[-84.38580600044651,33.718319299995756],[-84.38585490018346,33.71830649994507]]},"properties":{"overall":54,"safety":61,"sidewalk":100,"sidewalk_present":1,"canopy":0.0,"comfort":0.0,"name":"","road_type":"footway","osm_id":1385097184}},{"type":"Feature","geometry":{"type":"LineString","coordinates":[[-84.3857179001609,33.7184236995941],[-84.38575509971804,33.71841670017062],[-84.38581139997609,33.71840729955727]]},"properties":{"overall":57,"safety":72,"sidewalk":100,"sidewalk_present":1,"canopy":0.0,"comfort":0.0,"name":"","road_type":"footway","osm_id":1385097180}},{"type":"Feature","geometry":{"type":"LineString","coordinates":[[-84.38616759985479,33.7199733996527],[-84.38597290022915,33.7198202999669]]},"properties":{"overall":63,"safety":84,"sidewalk":100,"sidewalk_present":1,"canopy":4.2,"comfort":37.5,"name":"","road_type":"footway","osm_id":1385086275}},{"type":"Feature","geometry":{"type":"LineString","coordinates":[[-84.38707639985591,33.72079939997241],[-84.3870238003081,33.720839300193575],[-84.38697570006849,33.72087580007815],[-84.38674510040602,33.72100770004539],[-84.38666310022188,33.721028100266665],[-84.38648970013952,33.72100340038668],[-84.38609259999345,33.72093320020707],[-84.38591450005407,33.720893299985846],[-84.38579590016064,33.72084969995376],[-84.38573880040525,33.72077939994938],[-84.38574340043755,33.720697799963546],[-84.3858391998192,33.720515600015005],[-84.3862141002005,33.7201928000577],[-84.38626690029719,33.72014729975814]]},"properties":{"overall":57,"safety":65,"sidewalk":100,"sidewalk_present":1,"canopy":5.0,"comfort":35.1,"name":"","road_type":"service","osm_id":562978682}},{"type":"Feature","geometry":{"type":"LineString","coordinates":[[-84.38652870013937,33.72169399967839],[-84.38625639981296,33.72183800002375],[-84.38620879959637,33.721842100032916],[-84.38617799961497,33.72182329970559],[-84.38603019963398,33.721622199604894],[-84.3859518003353,33.72157810044905]]},"properties":{"overall":36,"safety":100,"sidewalk":0,"sidewalk_present":0,"canopy":6.5,"comfort":32.0,"name":"","road_type":"service","osm_id":1102614026}},{"type":"Feature","geometry":{"type":"LineString","coordinates":[[-84.38514449961895,33.7231662995851],[-84.38618809990083,33.72263840024203],[-84.38764310044871,33.72191499997734]]},"properties":{"overall":37,"safety":100,"sidewalk":0,"sidewalk_present":0,"canopy":10.0,"comfort":33.3,"name":"Atlanta Beltline Southside Trail","road_type":"cycleway","osm_id":776841119}},{"type":"Feature","geometry":{"type":"LineString","coordinates":[[-84.38489299971212,33.71914469956829],[-84.38492290037152,33.719077200052766],[-84.38493990025614,33.719033299647094]]},"properties":{"overall":35,"safety":6,"sidewalk":100,"sidewalk_present":1,"canopy":0.0,"comfort":0.0,"name":"","road_type":"footway","osm_id":1385091013}},{"type":"Feature","geometry":{"type":"LineString","coordinates":[[-84.38520549973401,33.71935949994105],[-84.38511829966978,33.71928800024108],[-84.38502279976234,33.71922359978936],[-84.38495530024687,33.71918499998782],[-84.38489299971212,33.71914469956829],[-84.38475589986484,33.71905589961011],[-84.3844980003824,33.718897799693764],[-84.3844099999215,33.71884749971241]]},"properties":{"overall":50,"safety":37,"sidewalk":100,"sidewalk_present":1,"canopy":11.5,"comfort":39.7,"name":"","road_type":"footway","osm_id":1385074837}},{"type":"Feature","geometry":{"type":"LineString","coordinates":[[-84.38597290022915,33.7198202999669],[-84.38578160004079,33.71967070044252],[-84.38564939970001,33.719570300129305],[-84.3854930004016,33.719444500263535],[-84.38545429987602,33.71940870005153],[-84.38532170023626,33.71929580006116],[-84.3852381999829,33.71922070037505],[-84.38519729971557,33.719176600319884],[-84.38514060015854,33.71909870014497],[-84.38509280029245,33.71900420028368],[-84.38502920023734,33.71885080022429],[-84.3849234003946,33.718622900326636]]},"properties":{"overall":43,"safety":23,"sidewalk":100,"sidewalk_present":1,"canopy":5.1,"comfort":36.9,"name":"","road_type":"footway","osm_id":1385086276}},{"type":"Feature","geometry":{"type":"LineString","coordinates":[[-84.38511829966978,33.71928800024108],[-84.38517860011228,33.719255399816916],[-84.3852381999829,33.71922070037505]]},"properties":{"overall":43,"safety":29,"sidewalk":100,"sidewalk_present":1,"canopy":0.0,"comfort":0.0,"name":"","road_type":"footway","osm_id":1385086280}},{"type":"Feature","geometry":{"type":"LineString","coordinates":[[-84.38572929996718,33.71971069958914],[-84.38540790025434,33.71944600033271],[-84.38528239986283,33.71934750028697],[-84.38517860011228,33.719255399816916],[-84.3850889997575,33.71917579992328]]},"properties":{"overall":17,"safety":49,"sidewalk":0,"sidewalk_present":0,"canopy":1.6,"comfort":35.8,"name":"McDonough Boulevard Southeast","road_type":"secondary","osm_id":1379620770}},{"type":"Feature","geometry":{"type":"LineString","coordinates":[[-84.38527410001967,33.71941819959028],[-84.3852367997385,33.719386799761025],[-84.38520549973401,33.71935949994105]]},"properties":{"overall":57,"safety":70,"sidewalk":100,"sidewalk_present":1,"canopy":0.0,"comfort":35.1,"name":"","road_type":"footway","osm_id":1385074838}},{"type":"Feature","geometry":{"type":"LineString","coordinates":[[-84.38420799959948,33.720252999776164],[-84.3852367997385,33.719386799761025],[-84.38528239986283,33.71934750028697]]},"properties":{"overall":67,"safety":94,"sidewalk":100,"sidewalk_present":1,"canopy":6.3,"comfort":38.9,"name":"Grape Street Southeast","road_type":"residential","osm_id":9246367}},{"type":"Feature","geometry":{"type":"LineString","coordinates":[[-84.38540790025434,33.71944600033271],[-84.38545429987602,33.71940870005153],[-84.3856338000598,33.7192681998676]]},"properties":{"overall":66,"safety":97,"sidewalk":100,"sidewalk_present":1,"canopy":0.0,"comfort":0.0,"name":"","road_type":"service","osm_id":1447386478}},{"type":"Feature","geometry":{"type":"LineString","coordinates":[[-84.38672260026777,33.720591099899366],[-84.3862141002005,33.7201928000577],[-84.38561239979236,33.719703200142646],[-84.38527410001967,33.71941819959028]]},"properties":{"overall":66,"safety":94,"sidewalk":100,"sidewalk_present":1,"canopy":4.1,"comfort":36.1,"name":"","road_type":"footway","osm_id":1385074834}},{"type":"Feature","geometry":{"type":"LineString","coordinates":[[-84.38510400044925,33.72159470013537],[-84.38490479971671,33.721304800076496],[-84.38493399980422,33.721232800353505]]},"properties":{"overall":12,"safety":33,"sidewalk":0,"sidewalk_present":0,"canopy":3.5,"comfort":29.7,"name":"","road_type":"service","osm_id":1102614025}},{"type":"Feature","geometry":{"type":"LineString","coordinates":[[-84.3856634003456,33.72144979956863],[-84.38589419965757,33.72151699960989],[-84.38594530003553,33.72154550002483],[-84.3859518003353,33.72157810044905],[-84.3859164003216,33.72162669981242],[-84.38552070041993,33.72180949960875],[-84.38500100019598,33.72207479961236],[-84.38496050012697,33.72211140022097],[-84.3849596997303,33.72214809975503],[-84.3850195999745,33.7222384996071],[-84.38506239961004,33.722259100377244],[-84.38511960008941,33.722259100377244],[-84.38565349970918,33.722000100124546],[-84.38552070041993,33.72180949960875]]},"properties":{"overall":34,"safety":100,"sidewalk":0,"sidewalk_present":0,"canopy":1.4,"comfort":28.3,"name":"","road_type":"service","osm_id":1102614024}},{"type":"Feature","geometry":{"type":"LineString","coordinates":[[-84.3849292999472,33.72315160016626],[-84.38483039970316,33.72301300024981]]},"properties":{"overall":66,"safety":97,"sidewalk":100,"sidewalk_present":1,"canopy":0.0,"comfort":29.0,"name":"","road_type":"footway","osm_id":743682651}},{"type":"Feature","geometry":{"type":"LineString","coordinates":[[-84.38505719972994,33.72321010016606],[-84.38514449961895,33.7231662995851]]},"properties":{"overall":33,"safety":99,"sidewalk":0,"sidewalk_present":0,"canopy":0.0,"comfort":27.6,"name":"Atlanta Beltline Southside Trail","road_type":"cycleway","osm_id":776841118}},{"type":"Feature","geometry":{"type":"LineString","coordinates":[[-84.38486889967993,33.723285600050474],[-84.38491130001643,33.7232551004426],[-84.3849307001916,33.7232137001522],[-84.38493199971197,33.723169400447546],[-84.3849292999472,33.72315160016626]]},"properties":{"overall":66,"safety":98,"sidewalk":100,"sidewalk_present":1,"canopy":0.0,"comfort":28.9,"name":"","road_type":"path","osm_id":743682650}},{"type":"Feature","geometry":{"type":"LineString","coordinates":[[-84.38942679960707,33.71116690003248],[-84.38937420005925,33.71115109984345],[-84.38923569996751,33.71112000038778],[-84.38898450043433,33.7110901995531],[-84.38886109995974,33.711083600327925],[-84.38878410000615,33.71108160023573],[-84.38869689994192,33.71107969996825],[-84.38862879967934,33.7110772996777],[-84.38850959993806,33.7110791001204],[-84.38836589996629,33.71107579960852]]},"properties":{"overall":69,"safety":86,"sidewalk":100,"sidewalk_present":1,"canopy":21.9,"comfort":41.3,"name":"","road_type":"footway","osm_id":1385366416}},{"type":"Feature","geometry":{"type":"LineString","coordinates":[[-84.38915269973728,33.712278900051274],[-84.38852370040843,33.71226769989448]]},"properties":{"overall":21,"safety":50,"sidewalk":0,"sidewalk_present":0,"canopy":12.1,"comfort":37.7,"name":"","road_type":"residential","osm_id":588043592}},{"type":"Feature","geometry":{"type":"LineString","coordinates":[[-84.38884779988604,33.71275660013703],[-84.38884579979378,33.712834600136716],[-84.38884119976154,33.71301300044968]]},"properties":{"overall":73,"safety":100,"sidewalk":100,"sidewalk_present":1,"canopy":19.0,"comfort":41.4,"name":"","road_type":"residential","osm_id":562987168}},{"type":"Feature","geometry":{"type":"LineString","coordinates":[[-84.3889088000011,33.71300269961495],[-84.38891420042995,33.712836899703234],[-84.38891669964596,33.71275999957436]]},"properties":{"overall":73,"safety":100,"sidewalk":100,"sidewalk_present":1,"canopy":17.7,"comfort":40.9,"name":"","road_type":"residential","osm_id":618142509}},{"type":"Feature","geometry":{"type":"LineString","coordinates":[[-84.38884820008434,33.71310660008959],[-84.38890729993193,33.71304860011287],[-84.3889088000011,33.71300269961495]]},"properties":{"overall":40,"safety":100,"sidewalk":0,"sidewalk_present":0,"canopy":20.8,"comfort":42.7,"name":"","road_type":"residential","osm_id":562987166}},{"type":"Feature","geometry":{"type":"LineString","coordinates":[[-84.38884119976154,33.71301300044968],[-84.38884019971539,33.71305089967933],[-84.38884820008434,33.71310660008959]]},"properties":{"overall":41,"safety":100,"sidewalk":0,"sidewalk_present":0,"canopy":21.6,"comfort":43.0,"name":"","road_type":"residential","osm_id":618142510}},{"type":"Feature","geometry":{"type":"LineString","coordinates":[[-84.38884820008434,33.71310660008959],[-84.38881869962324,33.71311670037545],[-84.38865649969767,33.713231599558696],[-84.38876510002933,33.71338329989942]]},"properties":{"overall":22,"safety":40,"sidewalk":0,"sidewalk_present":0,"canopy":25.0,"comfort":44.8,"name":"","road_type":"residential","osm_id":562987172}},{"type":"Feature","geometry":{"type":"LineString","coordinates":[[-84.38876510002933,33.71338329989942],[-84.38899039998694,33.71330970028248],[-84.38902930016201,33.71327399989525],[-84.38884820008434,33.71310660008959]]},"properties":{"overall":22,"safety":40,"sidewalk":0,"sidewalk_present":0,"canopy":26.4,"comfort":45.3,"name":"","road_type":"residential","osm_id":562987169}},{"type":"Feature","geometry":{"type":"LineString","coordinates":[[-84.3887738000708,33.71387079989756],[-84.38886970017649,33.7138584998699],[-84.38893680039297,33.71380939958419],[-84.38895290005627,33.71375920032688],[-84.38895149981181,33.71370230022103],[-84.38877299967413,33.71369679996741]]},"properties":{"overall":41,"safety":96,"sidewalk":0,"sidewalk_present":0,"canopy":26.1,"comfort":47.4,"name":"","road_type":"residential","osm_id":562987171}},{"type":"Feature","geometry":{"type":"LineString","coordinates":[[-84.38876510002933,33.71338329989942],[-84.38877299967413,33.71369679996741],[-84.3887738000708,33.71387079989756],[-84.3887744997433,33.714042600085975]]},"properties":{"overall":27,"safety":50,"sidewalk":0,"sidewalk_present":0,"canopy":29.8,"comfort":48.5,"name":"","road_type":"residential","osm_id":562987167}},{"type":"Feature","geometry":{"type":"LineString","coordinates":[[-84.39050500040543,33.71289269993821],[-84.39068659960685,33.71268299962077]]},"properties":{"overall":40,"safety":100,"sidewalk":0,"sidewalk_present":0,"canopy":21.0,"comfort":42.2,"name":"","road_type":"service","osm_id":562987174}},{"type":"Feature","geometry":{"type":"LineString","coordinates":[[-84.38985419971152,33.71281500031205],[-84.3898377996747,33.71281770007687],[-84.3898325997946,33.71283610020589]]},"properties":{"overall":71,"safety":95,"sidewalk":100,"sidewalk_present":1,"canopy":17.6,"comfort":41.4,"name":"","road_type":"footway","osm_id":1385327852}},{"type":"Feature","geometry":{"type":"LineString","coordinates":[[-84.38985419971152,33.71281500031205],[-84.38990449969288,33.71282900005838],[-84.38998260041666,33.712864300247304]]},"properties":{"overall":71,"safety":95,"sidewalk":100,"sidewalk_present":1,"canopy":17.8,"comfort":41.6,"name":"","road_type":"footway","osm_id":1385327848}},{"type":"Feature","geometry":{"type":"LineString","coordinates":[[-84.38998110034748,33.712895299878255],[-84.38998260041666,33.712864300247304]]},"properties":{"overall":71,"safety":95,"sidewalk":100,"sidewalk_present":1,"canopy":17.8,"comfort":41.7,"name":"","road_type":"footway","osm_id":1385327851}},{"type":"Feature","geometry":{"type":"LineString","coordinates":[[-84.39040100010601,33.713012799900866],[-84.39050500040543,33.71289269993821]]},"properties":{"overall":40,"safety":100,"sidewalk":0,"sidewalk_present":0,"canopy":20.8,"comfort":42.3,"name":"","road_type":"service","osm_id":562987173}},{"type":"Feature","geometry":{"type":"LineString","coordinates":[[-84.38998260041666,33.712864300247304],[-84.39000409960948,33.71287849964307],[-84.39003949962319,33.712893199961286],[-84.39033630018008,33.71308750028794]]},"properties":{"overall":72,"safety":96,"sidewalk":100,"sidewalk_present":1,"canopy":19.2,"comfort":42.4,"name":"","road_type":"footway","osm_id":1385327847}},{"type":"Feature","geometry":{"type":"LineString","coordinates":[[-84.3899258999603,33.712990299762566],[-84.38994969961891,33.71294290009479],[-84.38998110034748,33.712895299878255]]},"properties":{"overall":71,"safety":95,"sidewalk":100,"sidewalk_present":1,"canopy":17.6,"comfort":41.8,"name":"","road_type":"footway","osm_id":1385327845}},{"type":"Feature","geometry":{"type":"LineString","coordinates":[[-84.38988859967907,33.71300819986857],[-84.3899084000526,33.71299970037592],[-84.3899258999603,33.712990299762566]]},"properties":{"overall":71,"safety":95,"sidewalk":100,"sidewalk_present":1,"canopy":17.7,"comfort":41.9,"name":"","road_type":"footway","osm_id":1385327846}},{"type":"Feature","geometry":{"type":"LineString","coordinates":[[-84.39029430004189,33.71313599982659],[-84.39033630018008,33.71308750028794],[-84.39040100010601,33.713012799900866]]},"properties":{"overall":73,"safety":100,"sidewalk":100,"sidewalk_present":1,"canopy":20.4,"comfort":42.4,"name":"","road_type":"service","osm_id":562987176}},{"type":"Feature","geometry":{"type":"LineString","coordinates":[[-84.39110300010333,33.71401599993851],[-84.39105279994675,33.71395489999867],[-84.39073130040913,33.713558200050954],[-84.3907079000495,33.71352930033697],[-84.3906889998974,33.71350599980212],[-84.39053299989797,33.713336000056415],[-84.39035899996782,33.71318200014923],[-84.39029430004189,33.71313599982659],[-84.39019599964564,33.713071000426396],[-84.38996899996931,33.71295000024236],[-84.38994969961891,33.71294290009479],[-84.38987119959614,33.71291410020564]]},"properties":{"overall":31,"safety":75,"sidewalk":0,"sidewalk_present":0,"canopy":19.0,"comfort":41.1,"name":"Moury Avenue Southwest","road_type":"residential","osm_id":9250351}},{"type":"Feature","geometry":{"type":"LineString","coordinates":[[-84.38835519983257,33.71267280040945],[-84.38846959989206,33.71267479960238],[-84.38890960039771,33.71268609958389],[-84.3892483003687,33.71269650024334],[-84.38928049969525,33.712698199962006],[-84.38929860035012,33.71269970003118],[-84.38931029963061,33.7126977997637]]},"properties":{"overall":56,"safety":56,"sidewalk":100,"sidewalk_present":1,"canopy":12.8,"comfort":38.5,"name":"","road_type":"footway","osm_id":1385327843}},{"type":"Feature","geometry":{"type":"LineString","coordinates":[[-84.38931029963061,33.7126977997637],[-84.38938840035433,33.71270790004962],[-84.38945670026646,33.71271240025709]]},"properties":{"overall":64,"safety":87,"sidewalk":100,"sidewalk_present":1,"canopy":5.7,"comfort":36.5,"name":"","road_type":"footway","osm_id":1385327844}},{"type":"Feature","geometry":{"type":"LineString","coordinates":[[-84.38945670026646,33.71271240025709],[-84.38947940005426,33.712728400095614],[-84.3895077997451,33.71273259992961],[-84.3898377996747,33.71281770007687]]},"properties":{"overall":68,"safety":94,"sidewalk":100,"sidewalk_present":1,"canopy":11.1,"comfort":38.9,"name":"","road_type":"footway","osm_id":1385327840}},{"type":"Feature","geometry":{"type":"LineString","coordinates":[[-84.38987119959614,33.71291410020564],[-84.38980329988237,33.71288719968459],[-84.38978899976252,33.712883999896746],[-84.38970600043154,33.712853000265795],[-84.38947599971755,33.71279700038133],[-84.38935129972265,33.71278280008619],[-84.38921200013368,33.712766999897156],[-84.38893599999636,33.712760999620514],[-84.38891669964596,33.71275999957436],[-84.38884779988604,33.71275660013703],[-84.38836410042285,33.71273259992961],[-84.38825199992982,33.71272699985121]]},"properties":{"overall":61,"safety":70,"sidewalk":100,"sidewalk_present":1,"canopy":14.4,"comfort":40.1,"name":"Moury Avenue Southwest","road_type":"residential","osm_id":629306009}},{"type":"Feature","geometry":{"type":"LineString","coordinates":[[-84.3883540999617,33.7128156001599],[-84.38847629984133,33.712819700169064],[-84.38879640003381,33.71283279969401],[-84.38884579979378,33.712834600136716],[-84.38891420042995,33.712836899703234],[-84.38896599958116,33.7128389996202],[-84.38918010028135,33.712845900118225],[-84.38939839991616,33.71286209960624],[-84.3894896001649,33.71288359969844],[-84.38964779990602,33.712928000127135],[-84.38970000015485,33.712945699684326],[-84.3897207996751,33.712951000288456],[-84.38974010002556,33.712958800108595],[-84.38975940037597,33.71296659992868]]},"properties":{"overall":54,"safety":47,"sidewalk":100,"sidewalk_present":1,"canopy":15.9,"comfort":40.5,"name":"","road_type":"footway","osm_id":1385327831}},{"type":"Feature","geometry":{"type":"LineString","coordinates":[[-84.3898325997946,33.71283610020589],[-84.38980329988237,33.71288719968459],[-84.3897563004129,33.712945000011814]]},"properties":{"overall":71,"safety":95,"sidewalk":100,"sidewalk_present":1,"canopy":16.6,"comfort":41.3,"name":"","road_type":"footway","osm_id":1385327849}},{"type":"Feature","geometry":{"type":"LineString","coordinates":[[-84.3897563004129,33.712945000011814],[-84.38975940037597,33.71296659992868]]},"properties":{"overall":71,"safety":95,"sidewalk":100,"sidewalk_present":1,"canopy":16.8,"comfort":41.5,"name":"","road_type":"footway","osm_id":1385327850}},{"type":"Feature","geometry":{"type":"LineString","coordinates":[[-84.38975940037597,33.71296659992868],[-84.38981700015438,33.71298650012693],[-84.38986630008964,33.71299970037592]]},"properties":{"overall":71,"safety":95,"sidewalk":100,"sidewalk_present":1,"canopy":16.9,"comfort":41.6,"name":"","road_type":"footway","osm_id":1385327834}},{"type":"Feature","geometry":{"type":"LineString","coordinates":[[-84.3897207996751,33.712951000288456],[-84.3896841001411,33.71304169961479],[-84.38959630022902,33.71315149964204],[-84.38949129988356,33.71326110001979],[-84.38939820026667,33.71338649968726],[-84.38927389957075,33.71353400019399],[-84.38918539998616,33.71371110008727],[-84.38912100043376,33.713997499984714],[-84.38911419976046,33.71407020027959],[-84.38910410037391,33.71419710001618],[-84.38908499967295,33.71451400042082]]},"properties":{"overall":71,"safety":92,"sidewalk":100,"sidewalk_present":1,"canopy":21.1,"comfort":44.3,"name":"","road_type":"footway","osm_id":1385327835}},{"type":"Feature","geometry":{"type":"LineString","coordinates":[[-84.38925479976916,33.714529500236324],[-84.38927670005961,33.71432060031549],[-84.38929579986126,33.71402500035356],[-84.38934559981953,33.713812100248276],[-84.38938299992549,33.713705199635285],[-84.38947120003581,33.71354359955751],[-84.38954130039065,33.713439299783886],[-84.38961120019667,33.713353999987135],[-84.38974420003478,33.71320519996004],[-84.38986630008964,33.713053799992906],[-84.38988859967907,33.71300819986857]]},"properties":{"overall":67,"safety":85,"sidewalk":100,"sidewalk_present":1,"canopy":15.4,"comfort":42.0,"name":"","road_type":"footway","osm_id":1385327836}},{"type":"Feature","geometry":{"type":"LineString","coordinates":[[-84.38986630008964,33.71299970037592],[-84.38988859967907,33.71300819986857],[-84.38997989975252,33.71304910013589],[-84.39027139970528,33.713237599835395],[-84.3903297998803,33.713284299830605],[-84.3904288997739,33.71337500005626],[-84.390600299764,33.71355800040146]]},"properties":{"overall":72,"safety":97,"sidewalk":100,"sidewalk_present":1,"canopy":19.4,"comfort":42.8,"name":"","road_type":"footway","osm_id":1385327833}},{"type":"Feature","geometry":{"type":"LineString","coordinates":[[-84.39033630018008,33.71308750028794],[-84.39046500035943,33.7131707999925],[-84.39057829964878,33.71327769970611],[-84.3907315998834,33.71344949989458],[-84.39076389993397,33.713488700443236],[-84.3909439999656,33.71370109962612],[-84.39110989970209,33.713927600178636]]},"properties":{"overall":66,"safety":79,"sidewalk":100,"sidewalk_present":1,"canopy":18.3,"comfort":40.7,"name":"","road_type":"footway","osm_id":1385327841}},{"type":"Feature","geometry":{"type":"LineString","coordinates":[[-84.3906889998974,33.71350599980212],[-84.390600299764,33.71355800040146],[-84.39042770007825,33.713659200211964]]},"properties":{"overall":72,"safety":97,"sidewalk":100,"sidewalk_present":1,"canopy":19.5,"comfort":42.4,"name":"","road_type":"residential","osm_id":561229681}},{"type":"Feature","geometry":{"type":"LineString","coordinates":[[-84.39018669975633,33.713693399630756],[-84.39007939984441,33.713594100087676]]},"properties":{"overall":39,"safety":100,"sidewalk":0,"sidewalk_present":0,"canopy":17.0,"comfort":42.1,"name":"","road_type":"residential","osm_id":561229686}},{"type":"Feature","geometry":{"type":"LineString","coordinates":[[-84.39046369993974,33.7136959995708],[-84.39064399962086,33.713603099603404],[-84.39073130040913,33.713558200050954]]},"properties":{"overall":72,"safety":96,"sidewalk":100,"sidewalk_present":1,"canopy":18.7,"comfort":41.7,"name":"","road_type":"residential","osm_id":618142511}},{"type":"Feature","geometry":{"type":"LineString","coordinates":[[-84.39042770007825,33.713659200211964],[-84.39039120019368,33.71368059958007],[-84.3902691999636,33.71377909962581]]},"properties":{"overall":39,"safety":99,"sidewalk":0,"sidewalk_present":0,"canopy":17.8,"comfort":41.9,"name":"","road_type":"residential","osm_id":618142512}},{"type":"Feature","geometry":{"type":"LineString","coordinates":[[-84.3902691999636,33.71377909962581],[-84.39042340041954,33.71371679999038],[-84.39046369993974,33.7136959995708]]},"properties":{"overall":38,"safety":98,"sidewalk":0,"sidewalk_present":0,"canopy":17.4,"comfort":41.7,"name":"","road_type":"residential","osm_id":561229679}},{"type":"Feature","geometry":{"type":"LineString","coordinates":[[-84.390375800203,33.71388979987444],[-84.3902691999636,33.71377909962581],[-84.39018669975633,33.713693399630756]]},"properties":{"overall":39,"safety":100,"sidewalk":0,"sidewalk_present":0,"canopy":17.8,"comfort":41.9,"name":"","road_type":"residential","osm_id":561229688}},{"type":"Feature","geometry":{"type":"LineString","coordinates":[[-84.39036770000934,33.71398899959269],[-84.390375800203,33.71388979987444]]},"properties":{"overall":40,"safety":100,"sidewalk":0,"sidewalk_present":0,"canopy":18.7,"comfort":40.6,"name":"","road_type":"residential","osm_id":561229689}},{"type":"Feature","geometry":{"type":"LineString","coordinates":[[-84.3900167998354,33.71422739997456],[-84.3900391003242,33.714189800219174],[-84.39010890030545,33.714124000422316],[-84.39036770000934,33.71398899959269]]},"properties":{"overall":39,"safety":100,"sidewalk":0,"sidewalk_present":0,"canopy":16.7,"comfort":39.3,"name":"","road_type":"residential","osm_id":561229691}},{"type":"Feature","geometry":{"type":"LineString","coordinates":[[-84.39109389986356,33.71392779982813],[-84.39110989970209,33.713927600178636]]},"properties":{"overall":53,"safety":43,"sidewalk":100,"sidewalk_present":1,"canopy":17.2,"comfort":38.3,"name":"","road_type":"footway","osm_id":1385134401}},{"type":"Feature","geometry":{"type":"LineString","coordinates":[[-84.39121549989534,33.714032899998415],[-84.3911624003245,33.713991999731036],[-84.39112269975277,33.713943000169365],[-84.39110989970209,33.713927600178636]]},"properties":{"overall":54,"safety":44,"sidewalk":100,"sidewalk_present":1,"canopy":17.0,"comfort":38.2,"name":"","road_type":"footway","osm_id":1385134397}},{"type":"Feature","geometry":{"type":"LineString","coordinates":[[-84.39099599966562,33.713985100132334],[-84.39105279994675,33.71395489999867],[-84.39109389986356,33.71392779982813]]},"properties":{"overall":54,"safety":43,"sidewalk":100,"sidewalk_present":1,"canopy":17.5,"comfort":38.4,"name":"","road_type":"footway","osm_id":1385129667}},{"type":"Feature","geometry":{"type":"LineString","coordinates":[[-84.39121549989534,33.714032899998415],[-84.39123540009359,33.71402560020135],[-84.39126300028721,33.714020699795526],[-84.39133779959974,33.71398500030756],[-84.39153829985264,33.71386629969004],[-84.39190130040464,33.71364630033656],[-84.3921396998872,33.71349550021722]]},"properties":{"overall":61,"safety":66,"sidewalk":100,"sidewalk_present":1,"canopy":15.7,"comfort":37.5,"name":"","road_type":"footway","osm_id":1385134399}},{"type":"Feature","geometry":{"type":"LineString","coordinates":[[-84.39098380036205,33.714014800242865],[-84.39098209974406,33.7139986996803],[-84.39099599966562,33.713985100132334]]},"properties":{"overall":54,"safety":43,"sidewalk":100,"sidewalk_present":1,"canopy":17.8,"comfort":38.5,"name":"","road_type":"footway","osm_id":1385134398}},{"type":"Feature","geometry":{"type":"LineString","coordinates":[[-84.3912221998446,33.71405239999831],[-84.39121549989534,33.714032899998415]]},"properties":{"overall":54,"safety":44,"sidewalk":100,"sidewalk_present":1,"canopy":17.0,"comfort":38.3,"name":"","road_type":"footway","osm_id":1385134402}},{"type":"Feature","geometry":{"type":"LineString","coordinates":[[-84.3910751004355,33.71411769977209],[-84.39102919993758,33.714060099993674],[-84.39098380036205,33.714014800242865]]},"properties":{"overall":54,"safety":44,"sidewalk":100,"sidewalk_present":1,"canopy":17.3,"comfort":38.3,"name":"","road_type":"footway","osm_id":1385134396}},{"type":"Feature","geometry":{"type":"LineString","coordinates":[[-84.39112739960979,33.714113400113376],[-84.39116920009849,33.714086999615404],[-84.3912221998446,33.71405239999831]]},"properties":{"overall":54,"safety":44,"sidewalk":100,"sidewalk_present":1,"canopy":17.3,"comfort":38.3,"name":"","road_type":"footway","osm_id":1385134400}},{"type":"Feature","geometry":{"type":"LineString","coordinates":[[-84.39110319975282,33.714126999661346],[-84.39111620035231,33.71415769981803],[-84.39134320002864,33.714439600407275],[-84.39152609964975,33.71467149959011],[-84.3917440998103,33.71499009971336],[-84.39195980040444,33.71542190020057],[-84.39227760013108,33.71614950029925]]},"properties":{"overall":56,"safety":47,"sidewalk":100,"sidewalk_present":1,"canopy":20.3,"comfort":41.3,"name":"","road_type":"footway","osm_id":1385327838}},{"type":"Feature","geometry":{"type":"LineString","coordinates":[[-84.3912821000888,33.71494749972737],[-84.39124689972459,33.71483030007835],[-84.39120650037967,33.71476999963585],[-84.39117130001546,33.71473640006485],[-84.39106250003431,33.714700199654544],[-84.39101170002988,33.71469339988056],[-84.39094859999784,33.714700199654544],[-84.39088430027022,33.714714899972705],[-84.39085329973994,33.71472779984816],[-84.390783899957,33.71476310003709],[-84.3907310000356,33.71480190038744]]},"properties":{"overall":38,"safety":98,"sidewalk":0,"sidewalk_present":0,"canopy":15.9,"comfort":38.3,"name":"","road_type":"residential","osm_id":242060780}},{"type":"Feature","geometry":{"type":"LineString","coordinates":[[-84.38987119959614,33.71291410020564],[-84.38981700015438,33.71298650012693],[-84.3896195998646,33.713249999687775],[-84.38939079974557,33.71353319979738],[-84.38926769964456,33.71371169993506],[-84.38921050006451,33.71384970000372],[-84.3891648001154,33.714116199702914],[-84.38914249962664,33.71451539976596],[-84.38913829979265,33.714597599599585]]},"properties":{"overall":37,"safety":93,"sidewalk":0,"sidewalk_present":0,"canopy":17.5,"comfort":42.8,"name":"Middleton Street Southwest","road_type":"residential","osm_id":629306010}},{"type":"Feature","geometry":{"type":"LineString","coordinates":[[-84.39007939984441,33.713594100087676],[-84.38995059984029,33.713637600295044],[-84.38980449957796,33.71390540041398],[-84.38978970033435,33.71398789972187],[-84.38976420005775,33.71428239981293]]},"properties":{"overall":27,"safety":67,"sidewalk":0,"sidewalk_present":0,"canopy":13.5,"comfort":39.9,"name":"","road_type":"residential","osm_id":561229684}},{"type":"Feature","geometry":{"type":"LineString","coordinates":[[-84.38976420005775,33.71428239981293],[-84.3897857001499,33.71433490043535],[-84.38987690039858,33.714348300333825]]},"properties":{"overall":39,"safety":100,"sidewalk":0,"sidewalk_present":0,"canopy":16.0,"comfort":39.5,"name":"","road_type":"residential","osm_id":561229682}},{"type":"Feature","geometry":{"type":"LineString","coordinates":[[-84.38908499967295,33.71451400042082],[-84.38914249962664,33.71451539976596],[-84.3892281996217,33.71451560031477]]},"properties":{"overall":67,"safety":81,"sidewalk":100,"sidewalk_present":1,"canopy":20.6,"comfort":44.4,"name":"","road_type":"footway","osm_id":1385129666}},{"type":"Feature","geometry":{"type":"LineString","coordinates":[[-84.38925479976916,33.714529500236324],[-84.38925129960774,33.714603599876284],[-84.38924530023036,33.71468119967767]]},"properties":{"overall":66,"safety":81,"sidewalk":100,"sidewalk_present":1,"canopy":16.3,"comfort":41.3,"name":"","road_type":"footway","osm_id":1385134403}},{"type":"Feature","geometry":{"type":"LineString","coordinates":[[-84.38935439968577,33.71504410040495],[-84.38968839979975,33.71505750030343]]},"properties":{"overall":35,"safety":87,"sidewalk":0,"sidewalk_present":0,"canopy":17.9,"comfort":41.1,"name":"","road_type":"residential","osm_id":242060788}},{"type":"Feature","geometry":{"type":"LineString","coordinates":[[-84.38969569959681,33.71554739969281],[-84.3896889996476,33.71510380010034],[-84.38968839979975,33.71505750030343]]},"properties":{"overall":35,"safety":93,"sidewalk":0,"sidewalk_present":0,"canopy":10.8,"comfort":38.1,"name":"","road_type":"residential","osm_id":242060791}},{"type":"Feature","geometry":{"type":"LineString","coordinates":[[-84.38969850008567,33.71618140015153],[-84.38969850008567,33.71556310005707],[-84.38969569959681,33.71554739969281]]},"properties":{"overall":39,"safety":100,"sidewalk":0,"sidewalk_present":0,"canopy":17.4,"comfort":39.6,"name":"","road_type":"residential","osm_id":242060792}},{"type":"Feature","geometry":{"type":"LineString","coordinates":[[-84.39101909965171,33.7155668996927],[-84.3905238996582,33.715562699858765],[-84.38969850008567,33.71556310005707],[-84.3893367999533,33.71556319988184],[-84.38929279972291,33.71556560017234]]},"properties":{"overall":38,"safety":100,"sidewalk":0,"sidewalk_present":0,"canopy":12.7,"comfort":37.3,"name":"","road_type":"residential","osm_id":242060801}},{"type":"Feature","geometry":{"type":"LineString","coordinates":[[-84.3893362001055,33.717482800091204],[-84.38931360014249,33.71749600034019],[-84.38929710028094,33.71751450029399],[-84.38928819969061,33.71753620003568],[-84.38928780039163,33.717559200197],[-84.38929600041007,33.717581200312225],[-84.3893120002486,33.71759999974023],[-84.38933410018853,33.71761379983707],[-84.3893603001377,33.71762120035817],[-84.38938800015603,33.717621499832376],[-84.38941439975468,33.71761470005839],[-84.3894369997177,33.71760139998469],[-84.3894534995793,33.71758299985561],[-84.38946240016958,33.7175612002892],[-84.38946280036788,33.717538200127876],[-84.3894546003495,33.71751620001265],[-84.38943859961165,33.71749739968527],[-84.38941649967171,33.717483700312584],[-84.38939029972249,33.71747629979143],[-84.38936259970416,33.71747600031722],[-84.3893362001055,33.717482800091204]]},"properties":{"overall":37,"safety":100,"sidewalk":0,"sidewalk_present":0,"canopy":10.5,"comfort":29.3,"name":"","road_type":"service","osm_id":562978662}},{"type":"Feature","geometry":{"type":"LineString","coordinates":[[-84.38822010007755,33.71448869979372],[-84.38829889957452,33.714485800379464],[-84.38833960019235,33.714487400273356],[-84.38859680000229,33.714497499659956],[-84.38893309968279,33.71451510029169],[-84.38908499967295,33.71451400042082]]},"properties":{"overall":72,"safety":94,"sidewalk":100,"sidewalk_present":1,"canopy":21.0,"comfort":48.2,"name":"","road_type":"footway","osm_id":1385129663}},{"type":"Feature","geometry":{"type":"LineString","coordinates":[[-84.38821900020667,33.71453999982117],[-84.38833300006786,33.71454709996874],[-84.38864800020502,33.71456690034222],[-84.38901359979775,33.7145897997795],[-84.38908349960377,33.71459420016225],[-84.38913829979265,33.714597599599585]]},"properties":{"overall":36,"safety":90,"sidewalk":0,"sidewalk_present":0,"canopy":17.5,"comfort":46.7,"name":"Thirkeld Avenue Southwest","road_type":"residential","osm_id":629306011}},{"type":"Feature","geometry":{"type":"LineString","coordinates":[[-84.38907829972374,33.714667299756115],[-84.38908349960377,33.71459420016225],[-84.38908499967295,33.71451400042082]]},"properties":{"overall":67,"safety":81,"sidewalk":100,"sidewalk_present":1,"canopy":19.4,"comfort":44.0,"name":"","road_type":"footway","osm_id":1385134404}},{"type":"Feature","geometry":{"type":"LineString","coordinates":[[-84.38864709998364,33.714775800263],[-84.38864769983144,33.714643599922226],[-84.38864800020502,33.71456690034222]]},"properties":{"overall":70,"safety":100,"sidewalk":100,"sidewalk_present":1,"canopy":9.8,"comfort":44.5,"name":"","road_type":"service","osm_id":562987111}},{"type":"Feature","geometry":{"type":"LineString","coordinates":[[-84.38901359979775,33.7145897997795],[-84.38901299994995,33.71466190022659],[-84.38900730004684,33.71535770029766],[-84.38897800013456,33.715415499725566],[-84.38891790024087,33.71545430007592],[-84.38852149976736,33.71545210033423]]},"properties":{"overall":74,"safety":94,"sidewalk":100,"sidewalk_present":1,"canopy":29.0,"comfort":49.8,"name":"","road_type":"service","osm_id":729905155}},{"type":"Feature","geometry":{"type":"LineString","coordinates":[[-84.38891790024087,33.71545430007592],[-84.38895359972878,33.71551759975745],[-84.38897990040203,33.71560210005691],[-84.38898560030515,33.71567559984908],[-84.38897809995933,33.71572410028705],[-84.38895919980718,33.715747599572126],[-84.38891969978425,33.715778899576605],[-84.38885950006585,33.71579929979788],[-84.38840990019668,33.71589469988055]]},"properties":{"overall":43,"safety":100,"sidewalk":0,"sidewalk_present":0,"canopy":30.2,"comfort":51.5,"name":"","road_type":"service","osm_id":793911867}},{"type":"Feature","geometry":{"type":"LineString","coordinates":[[-84.38929710028094,33.71751450029399],[-84.38901319959945,33.717433799630214]]},"properties":{"overall":39,"safety":100,"sidewalk":0,"sidewalk_present":0,"canopy":16.8,"comfort":33.2,"name":"","road_type":"service","osm_id":562978660}},{"type":"Feature","geometry":{"type":"LineString","coordinates":[[-84.39008879955844,33.71777199957819],[-84.38893650001944,33.7177671998964]]},"properties":{"overall":68,"safety":100,"sidewalk":100,"sidewalk_present":1,"canopy":3.3,"comfort":26.7,"name":"","road_type":"footway","osm_id":1278841948}},{"type":"Feature","geometry":{"type":"LineString","coordinates":[[-84.38893650001944,33.7177671998964],[-84.38878030037051,33.71779089973029],[-84.38864230030185,33.717811899799415]]},"properties":{"overall":67,"safety":100,"sidewalk":100,"sidewalk_present":1,"canopy":0.0,"comfort":25.2,"name":"","road_type":"footway","osm_id":1278841949}},{"type":"Feature","geometry":{"type":"LineString","coordinates":[[-84.38864230030185,33.717811899799415],[-84.38853600043603,33.71783320024207]]},"properties":{"overall":67,"safety":100,"sidewalk":100,"sidewalk_present":1,"canopy":0.0,"comfort":25.3,"name":"","road_type":"footway","osm_id":1278841950}},{"type":"Feature","geometry":{"type":"LineString","coordinates":[[-84.38987690039858,33.714348300333825],[-84.38995469984945,33.714331500098695],[-84.3900167998354,33.71422739997456]]},"properties":{"overall":40,"safety":100,"sidewalk":0,"sidewalk_present":0,"canopy":18.5,"comfort":40.1,"name":"","road_type":"residential","osm_id":561229678}},{"type":"Feature","geometry":{"type":"LineString","coordinates":[[-84.3892281996217,33.71451560031477],[-84.38925479976916,33.714529500236324],[-84.38943389975464,33.714537999728975],[-84.3895846000492,33.71454810001484],[-84.38974980011312,33.714549799733504],[-84.38986460037097,33.714532700024165],[-84.38996079995093,33.71451219997812],[-84.3901388998903,33.71445830001056],[-84.3904609003502,33.714292599923624],[-84.39079150012759,33.71411580040393],[-84.39097139961035,33.71402250023823],[-84.39098380036205,33.714014800242865]]},"properties":{"overall":63,"safety":72,"sidewalk":100,"sidewalk_present":1,"canopy":18.4,"comfort":40.0,"name":"","road_type":"footway","osm_id":1385129664}},{"type":"Feature","geometry":{"type":"LineString","coordinates":[[-84.38913829979265,33.714597599599585],[-84.38925129960774,33.714603599876284],[-84.38952700027079,33.71462200000536],[-84.3896889996476,33.71463000037426],[-84.38986299957776,33.71461699977476],[-84.39002799999218,33.714584000051616],[-84.39018700012991,33.71453400044379],[-84.39020500006069,33.714523999982646],[-84.39102919993758,33.714060099993674],[-84.39110300010333,33.71401599993851]]},"properties":{"overall":20,"safety":42,"sidewalk":0,"sidewalk_present":0,"canopy":17.0,"comfort":39.4,"name":"Thirkeld Avenue Southwest","road_type":"residential","osm_id":9264485}},{"type":"Feature","geometry":{"type":"LineString","coordinates":[[-84.38832880023392,33.71459449963652],[-84.3883257002708,33.7146086999316],[-84.38832930025694,33.71461639992697],[-84.388336600054,33.714622400203666],[-84.38864769983144,33.714643599922226],[-84.38901299994995,33.71466190022659],[-84.38907829972374,33.714667299756115],[-84.38924530023036,33.71468119967767],[-84.38950640040002,33.714704600037294],[-84.3896965998182,33.71470739962683],[-84.38985819989597,33.714703400341705],[-84.38998849996926,33.71468560006042],[-84.39006790021341,33.71466669990832],[-84.3901682996273,33.714637599645584],[-84.39027799982978,33.71459220007],[-84.39050749962138,33.71445830001056],[-84.39071429962519,33.71433829987268],[-84.39104140014047,33.71413790034387],[-84.3910751004355,33.71411769977209],[-84.39110319975282,33.714126999661346],[-84.39112739960979,33.714113400113376]]},"properties":{"overall":63,"safety":71,"sidewalk":100,"sidewalk_present":1,"canopy":17.0,"comfort":41.9,"name":"","road_type":"footway","osm_id":1385134394}},{"type":"Feature","geometry":{"type":"LineString","coordinates":[[-84.3907310000356,33.71480190038744],[-84.39061609995304,33.714826000419635],[-84.39050520005492,33.71487859996745],[-84.39048450035938,33.714891499842906],[-84.39047730038709,33.71493719979196],[-84.39051139998111,33.7150242002067],[-84.3905248997043,33.715077600151176],[-84.39052670014706,33.715112799616065],[-84.39052799966743,33.715139700137115],[-84.3905238996582,33.715562699858765]]},"properties":{"overall":38,"safety":98,"sidewalk":0,"sidewalk_present":0,"canopy":15.1,"comfort":36.5,"name":"","road_type":"residential","osm_id":242060778}},{"type":"Feature","geometry":{"type":"LineString","coordinates":[[-84.3896889996476,33.71510380010034],[-84.39052670014706,33.715112799616065]]},"properties":{"overall":38,"safety":100,"sidewalk":0,"sidewalk_present":0,"canopy":13.6,"comfort":36.7,"name":"","road_type":"residential","osm_id":242060789}},{"type":"Feature","geometry":{"type":"LineString","coordinates":[[-84.39015169994099,33.716182800395984],[-84.39014719973346,33.71636489962049],[-84.39013260013934,33.71639399988322],[-84.39009439963678,33.716403600146066],[-84.39002950006136,33.71640389962033],[-84.39000170021825,33.71638999969878],[-84.38998590002922,33.71636229968044],[-84.38998399976174,33.71618469976414]]},"properties":{"overall":43,"safety":100,"sidewalk":0,"sidewalk_present":0,"canopy":29.7,"comfort":43.1,"name":"","road_type":"residential","osm_id":242060795}},{"type":"Feature","geometry":{"type":"LineString","coordinates":[[-84.39008609979362,33.71791790019097],[-84.39015720019461,33.71773480002105]]},"properties":{"overall":38,"safety":100,"sidewalk":0,"sidewalk_present":0,"canopy":15.0,"comfort":31.4,"name":"","road_type":"service","osm_id":562978667}},{"type":"Feature","geometry":{"type":"LineString","coordinates":[[-84.39011960043916,33.718011599655654],[-84.39008609979362,33.71791790019097],[-84.39003889977539,33.717903900444696]]},"properties":{"overall":35,"safety":100,"sidewalk":0,"sidewalk_present":0,"canopy":6.1,"comfort":26.4,"name":"","road_type":"service","osm_id":562978665}},{"type":"Feature","geometry":{"type":"LineString","coordinates":[[-84.39036369982483,33.71809309981677],[-84.39011960043916,33.718011599655654]]},"properties":{"overall":33,"safety":100,"sidewalk":0,"sidewalk_present":0,"canopy":0.0,"comfort":23.4,"name":"","road_type":"service","osm_id":562978666}},{"type":"Feature","geometry":{"type":"LineString","coordinates":[[-84.38941439975468,33.71761470005839],[-84.3894182002897,33.71773570024243]]},"properties":{"overall":68,"safety":100,"sidewalk":100,"sidewalk_present":1,"canopy":4.9,"comfort":27.1,"name":"","road_type":"service","osm_id":562978661}},{"type":"Feature","geometry":{"type":"LineString","coordinates":[[-84.389661000155,33.71788889975295],[-84.38937129974568,33.71782200008528]]},"properties":{"overall":33,"safety":100,"sidewalk":0,"sidewalk_present":0,"canopy":0.0,"comfort":23.8,"name":"","road_type":"service","osm_id":562978664}},{"type":"Feature","geometry":{"type":"LineString","coordinates":[[-84.39003889977539,33.717903900444696],[-84.38976689982252,33.71782309995615]]},"properties":{"overall":34,"safety":100,"sidewalk":0,"sidewalk_present":0,"canopy":2.4,"comfort":25.4,"name":"","road_type":"service","osm_id":562978663}},{"type":"Feature","geometry":{"type":"LineString","coordinates":[[-84.38976689982252,33.71782309995615],[-84.38967840023793,33.717843199803895],[-84.389661000155,33.71788889975295]]},"properties":{"overall":34,"safety":100,"sidewalk":0,"sidewalk_present":0,"canopy":2.4,"comfort":25.2,"name":"","road_type":"service","osm_id":562978668}},{"type":"Feature","geometry":{"type":"LineString","coordinates":[[-84.38947940005426,33.71845239965859],[-84.3893766003498,33.718419200285894]]},"properties":{"overall":33,"safety":100,"sidewalk":0,"sidewalk_present":0,"canopy":0.0,"comfort":21.8,"name":"","road_type":"footway","osm_id":992576433}},{"type":"Feature","geometry":{"type":"LineString","coordinates":[[-84.38976050024684,33.71860560006843],[-84.3898037999054,33.71848919991669]]},"properties":{"overall":33,"safety":100,"sidewalk":0,"sidewalk_present":0,"canopy":0.0,"comfort":21.6,"name":"","road_type":"footway","osm_id":992576427}},{"type":"Feature","geometry":{"type":"LineString","coordinates":[[-84.38994330004323,33.719029099813156],[-84.38988079985899,33.71888429997051],[-84.38976050024684,33.71860560006843],[-84.38968560021027,33.71843210016135]]},"properties":{"overall":33,"safety":100,"sidewalk":0,"sidewalk_present":0,"canopy":0.0,"comfort":21.8,"name":"","road_type":"footway","osm_id":992576425}},{"type":"Feature","geometry":{"type":"LineString","coordinates":[[-84.38927429976906,33.71893740044072],[-84.38930239998575,33.71884529997067],[-84.38933629993028,33.71875230017855],[-84.38939579997617,33.71862760018365],[-84.38947940005426,33.71845239965859],[-84.3894963001141,33.71837029964968]]},"properties":{"overall":33,"safety":100,"sidewalk":0,"sidewalk_present":0,"canopy":0.0,"comfort":22.3,"name":"","road_type":"footway","osm_id":992576431}},{"type":"Feature","geometry":{"type":"LineString","coordinates":[[-84.3895538000678,33.7186774999667],[-84.38939579997617,33.71862760018365],[-84.38935129972265,33.71861179999462]]},"properties":{"overall":33,"safety":100,"sidewalk":0,"sidewalk_present":0,"canopy":0.0,"comfort":22.1,"name":"","road_type":"footway","osm_id":992576432}},{"type":"Feature","geometry":{"type":"LineString","coordinates":[[-84.38999080043504,33.71852950033622],[-84.38976050024684,33.71860560006843],[-84.3895538000678,33.7186774999667],[-84.38934979965347,33.718748499643596],[-84.38933629993028,33.71875230017855],[-84.38919689961716,33.71879209967574]]},"properties":{"overall":33,"safety":100,"sidewalk":0,"sidewalk_present":0,"canopy":0.0,"comfort":22.0,"name":"","road_type":"footway","osm_id":992576426}},{"type":"Feature","geometry":{"type":"LineString","coordinates":[[-84.39045580029489,33.718194400351365],[-84.39035260039213,33.71816050040684]]},"properties":{"overall":67,"safety":100,"sidewalk":100,"sidewalk_present":1,"canopy":0.0,"comfort":22.2,"name":"","road_type":"footway","osm_id":1278841945}},{"type":"Feature","geometry":{"type":"LineString","coordinates":[[-84.39015710036983,33.718788999712615],[-84.39023730011127,33.718608899681044]]},"properties":{"overall":33,"safety":100,"sidewalk":0,"sidewalk_present":0,"canopy":0.0,"comfort":21.2,"name":"","road_type":"footway","osm_id":992576429}},{"type":"Feature","geometry":{"type":"LineString","coordinates":[[-84.39029699980665,33.719085900094285],[-84.39014719973346,33.71881249989701],[-84.39015710036983,33.718788999712615]]},"properties":{"overall":34,"safety":100,"sidewalk":0,"sidewalk_present":0,"canopy":1.4,"comfort":22.2,"name":"","road_type":"service","osm_id":562978658}},{"type":"Feature","geometry":{"type":"LineString","coordinates":[[-84.39029699980665,33.719085900094285],[-84.39017730004235,33.71913050017247]]},"properties":{"overall":34,"safety":100,"sidewalk":0,"sidewalk_present":0,"canopy":1.9,"comfort":22.7,"name":"","road_type":"service","osm_id":562978656}},{"type":"Feature","geometry":{"type":"LineString","coordinates":[[-84.39035699987562,33.71920240007074],[-84.39033740005095,33.71916440011705],[-84.39029699980665,33.719085900094285]]},"properties":{"overall":67,"safety":100,"sidewalk":100,"sidewalk_present":1,"canopy":1.9,"comfort":22.8,"name":"","road_type":"service","osm_id":562978654}},{"type":"Feature","geometry":{"type":"LineString","coordinates":[[-84.39028579964992,33.71918020030603],[-84.39033740005095,33.71916440011705],[-84.3903707999724,33.71915410018164]]},"properties":{"overall":67,"safety":100,"sidewalk":100,"sidewalk_present":1,"canopy":1.9,"comfort":23.0,"name":"","road_type":"footway","osm_id":1278841942}},{"type":"Feature","geometry":{"type":"LineString","coordinates":[[-84.38830289975897,33.7215536002185],[-84.38882300018128,33.72127610001206],[-84.38997639959115,33.720708199723674],[-84.39037520035515,33.720540999567504],[-84.39187349966227,33.7199494003446],[-84.39278960035972,33.71966100035496],[-84.39325980009966,33.71953990034615]]},"properties":{"overall":26,"safety":52,"sidewalk":0,"sidewalk_present":0,"canopy":26.4,"comfort":40.2,"name":"Atlanta Beltline Southside Trail","road_type":"cycleway","osm_id":607563064}},{"type":"Feature","geometry":{"type":"LineString","coordinates":[[-84.38607279961997,33.714583800402124],[-84.38621770018665,33.71458009969189],[-84.38658450037434,33.71457730010235],[-84.38704450000364,33.714577800125426],[-84.38709439978669,33.714578700346806]]},"properties":{"overall":72,"safety":89,"sidewalk":100,"sidewalk_present":1,"canopy":25.5,"comfort":52.8,"name":"","road_type":"footway","osm_id":1385134392}},{"type":"Feature","geometry":{"type":"LineString","coordinates":[[-84.38709899981893,33.716743999835785],[-84.38708299998041,33.716365000344524],[-84.38708290015569,33.71633270029395],[-84.38708109971293,33.71548440038481],[-84.38708099988821,33.71544600023276],[-84.38708080023872,33.71541749981782],[-84.38709439978669,33.714578700346806],[-84.38709499963448,33.71453699968282],[-84.38709539983279,33.71450729957229],[-84.38710800023398,33.71363100017055],[-84.38712600016476,33.71272499975896],[-84.38713699977268,33.71193100001568],[-84.38714900032608,33.71113400013405]]},"properties":{"overall":76,"safety":89,"sidewalk":100,"sidewalk_present":1,"canopy":38.8,"comfort":58.9,"name":"Murray Street Southeast","road_type":"residential","osm_id":9266177}},{"type":"Feature","geometry":{"type":"LineString","coordinates":[[-84.38605159990135,33.715415499725566],[-84.38613510015472,33.715416399946946],[-84.3862197002789,33.71541790001612],[-84.38656989988095,33.71542090015447],[-84.38671330037846,33.71541749981782],[-84.3867464997511,33.71541580009915],[-84.38675440029527,33.715417099619515],[-84.38676129989403,33.7154242995918],[-84.38677059978329,33.71544569985923]]},"properties":{"overall":73,"safety":95,"sidewalk":100,"sidewalk_present":1,"canopy":23.2,"comfort":50.7,"name":"","road_type":"footway","osm_id":1385143801}},{"type":"Feature","geometry":{"type":"LineString","coordinates":[[-84.38617710029291,33.715445199836154],[-84.38617960040818,33.7154846000343],[-84.38640750030584,33.71548529970687],[-84.38645089978917,33.7154827995916],[-84.3866286004295,33.71548669995127],[-84.3866852999866,33.71548440038481],[-84.38704399998056,33.71548719997435]]},"properties":{"overall":74,"safety":96,"sidewalk":100,"sidewalk_present":1,"canopy":25.3,"comfort":52.4,"name":"","road_type":"footway","osm_id":1385143794}},{"type":"Feature","geometry":{"type":"LineString","coordinates":[[-84.38704399998056,33.71548719997435],[-84.38708109971293,33.71548440038481],[-84.3871300003492,33.71548410001128]]},"properties":{"overall":76,"safety":94,"sidewalk":100,"sidewalk_present":1,"canopy":33.4,"comfort":57.4,"name":"","road_type":"footway","osm_id":1385143797}},{"type":"Feature","geometry":{"type":"LineString","coordinates":[[-84.386041299966,33.71631280009569],[-84.38623489972082,33.71632159996193],[-84.38648400023641,33.71632810026165],[-84.38690370034544,33.71632889975899],[-84.38708290015569,33.71633270029395]]},"properties":{"overall":76,"safety":97,"sidewalk":100,"sidewalk_present":1,"canopy":30.5,"comfort":58.4,"name":"","road_type":"footway","osm_id":1385113355}},{"type":"Feature","geometry":{"type":"LineString","coordinates":[[-84.38719380005381,33.71802710037042],[-84.38692089987961,33.71779869955037],[-84.38697379980096,33.71759250029373],[-84.38711200041843,33.71740649981018],[-84.38723959982764,33.717303399732145]]},"properties":{"overall":79,"safety":96,"sidewalk":100,"sidewalk_present":1,"canopy":40.7,"comfort":54.0,"name":"","road_type":"footway","osm_id":1278841970}},{"type":"Feature","geometry":{"type":"LineString","coordinates":[[-84.38585490018346,33.71830649994507],[-84.38608170021024,33.71825989977458],[-84.38645640004279,33.71816730018082],[-84.3866144999592,33.71813059974744],[-84.38686339992591,33.71809669980291],[-84.38688699993509,33.71809819987209],[-84.386899700161,33.718104499622996],[-84.3869059999119,33.7181149002825],[-84.38691560017475,33.71814899987652]]},"properties":{"overall":71,"safety":82,"sidewalk":100,"sidewalk_present":1,"canopy":30.8,"comfort":49.2,"name":"","road_type":"footway","osm_id":1385097183}},{"type":"Feature","geometry":{"type":"LineString","coordinates":[[-84.38749240015409,33.71815879978885],[-84.38732400030233,33.71814970044835],[-84.38708080023872,33.71814110023166],[-84.38695119983794,33.71814580008868],[-84.38691560017475,33.71814899987652],[-84.3867434996128,33.718164300042474],[-84.38664849972844,33.71817629969655],[-84.3866211999084,33.718182200148476],[-84.38582200028503,33.71835600042914],[-84.3857060003316,33.71837799964504],[-84.38509359978974,33.71853150042847],[-84.3849103997951,33.718577400027016],[-84.3848480003349,33.71859299966724]]},"properties":{"overall":55,"safety":45,"sidewalk":100,"sidewalk_present":1,"canopy":20.7,"comfort":42.4,"name":"Gammon Street Southeast","road_type":"residential","osm_id":9275901}},{"type":"Feature","geometry":{"type":"LineString","coordinates":[[-84.38662980012515,33.71821939970556],[-84.3866211999084,33.718182200148476]]},"properties":{"overall":71,"safety":76,"sidewalk":100,"sidewalk_present":1,"canopy":38.2,"comfort":53.2,"name":"","road_type":"footway","osm_id":1385097181}},{"type":"Feature","geometry":{"type":"LineString","coordinates":[[-84.3871300003492,33.71548410001128],[-84.38731159955063,33.7154827995916],[-84.38751009971128,33.71547980035257],[-84.3875863999923,33.71547609964233],[-84.38759669992771,33.71546419981303],[-84.38759819999689,33.71545720038955]]},"properties":{"overall":77,"safety":96,"sidewalk":100,"sidewalk_present":1,"canopy":33.8,"comfort":58.0,"name":"","road_type":"footway","osm_id":1385143796}},{"type":"Feature","geometry":{"type":"LineString","coordinates":[[-84.38861470010829,33.717637800044486],[-84.38825800020652,33.71760779956037],[-84.38811259961676,33.717468300321855],[-84.38763600030114,33.71736260030383],[-84.38747440022337,33.7172400002259],[-84.38732700044068,33.717254400170475],[-84.38723959982764,33.717303399732145]]},"properties":{"overall":69,"safety":92,"sidewalk":100,"sidewalk_present":1,"canopy":14.1,"comfort":39.6,"name":"","road_type":"footway","osm_id":1278841967}},{"type":"Feature","geometry":{"type":"LineString","coordinates":[[-84.38740479989156,33.717682400122726],[-84.38721819956021,33.717670899592406]]},"properties":{"overall":44,"safety":100,"sidewalk":0,"sidewalk_present":0,"canopy":31.2,"comfort":47.6,"name":"","road_type":"service","osm_id":992576448}},{"type":"Feature","geometry":{"type":"LineString","coordinates":[[-84.38708080023872,33.71814110023166],[-84.38708330035399,33.71807380036563],[-84.38715179991561,33.718037799604815],[-84.38717659962032,33.71803149985391],[-84.38719380005381,33.71802710037042],[-84.38725620041328,33.71801109963258],[-84.38738720015914,33.717999600001576],[-84.38740219995151,33.7179920996557],[-84.3874138003066,33.71798629992787],[-84.38740760038041,33.71789280011268],[-84.38740479989156,33.717682400122726],[-84.38740300034817,33.71754699999411]]},"properties":{"overall":72,"safety":96,"sidewalk":100,"sidewalk_present":1,"canopy":21.4,"comfort":42.9,"name":"","road_type":"service","osm_id":992576446}},{"type":"Feature","geometry":{"type":"LineString","coordinates":[[-84.38731170027472,33.71837160006936],[-84.38738250030212,33.71837000017541],[-84.38752770034307,33.718366699663534]]},"properties":{"overall":41,"safety":100,"sidewalk":0,"sidewalk_present":0,"canopy":23.2,"comfort":39.9,"name":"","road_type":"service","osm_id":562978673}},{"type":"Feature","geometry":{"type":"LineString","coordinates":[[-84.38740820022821,33.718312000198694],[-84.38738250030212,33.71837000017541],[-84.38735919976722,33.71842270044732]]},"properties":{"overall":74,"safety":100,"sidewalk":100,"sidewalk_present":1,"canopy":23.2,"comfort":40.6,"name":"","road_type":"footway","osm_id":1278841955}},{"type":"Feature","geometry":{"type":"LineString","coordinates":[[-84.38789260026323,33.71836259965431],[-84.38789549967754,33.718542900234695],[-84.38753059975733,33.7185469004192],[-84.38752770034307,33.718366699663534]]},"properties":{"overall":37,"safety":100,"sidewalk":0,"sidewalk_present":0,"canopy":12.0,"comfort":33.6,"name":"","road_type":"service","osm_id":562978674}},{"type":"Feature","geometry":{"type":"LineString","coordinates":[[-84.38735919976722,33.71842270044732],[-84.38735330021461,33.718491600207244],[-84.3873719998179,33.71856250005936],[-84.38741640024665,33.71863049959791],[-84.38749810005726,33.7187014003494],[-84.38761130042116,33.71881790032592],[-84.38768139987667,33.71880239961109],[-84.38796040015228,33.71874610025236],[-84.38800479968171,33.71870329971756],[-84.38804219978766,33.718564500151615],[-84.38813320038685,33.71850810006879],[-84.38830389980507,33.71846180027194]]},"properties":{"overall":73,"safety":100,"sidewalk":100,"sidewalk_present":1,"canopy":18.7,"comfort":35.6,"name":"","road_type":"footway","osm_id":1278841956}},{"type":"Feature","geometry":{"type":"LineString","coordinates":[[-84.38763329963706,33.718904499642974],[-84.3876209996094,33.71885600010438],[-84.38761130042116,33.71881790032592]]},"properties":{"overall":67,"safety":100,"sidewalk":100,"sidewalk_present":1,"canopy":0.0,"comfort":0.0,"name":"","road_type":"footway","osm_id":1278841961}},{"type":"Feature","geometry":{"type":"LineString","coordinates":[[-84.38805430016578,33.71877669968501],[-84.38790590033699,33.71880389968027],[-84.3876209996094,33.71885600010438],[-84.38755829977566,33.71886749973538]]},"properties":{"overall":73,"safety":100,"sidewalk":100,"sidewalk_present":1,"canopy":19.3,"comfort":34.3,"name":"","road_type":"service","osm_id":242060772}},{"type":"Feature","geometry":{"type":"LineString","coordinates":[[-84.3883597000401,33.71841450042888],[-84.3884021003766,33.71841210013838],[-84.38848359963839,33.71839300033673],[-84.38853079965662,33.71837160006936],[-84.38875539994172,33.717867100186595],[-84.38878030037051,33.71779089973029],[-84.38878259993697,33.71778379958272],[-84.38878540042583,33.717736399915]]},"properties":{"overall":34,"safety":100,"sidewalk":0,"sidewalk_present":0,"canopy":2.2,"comfort":26.0,"name":"","road_type":"service","osm_id":562978669}},{"type":"Feature","geometry":{"type":"LineString","coordinates":[[-84.38853600043603,33.71783320024207],[-84.3884773997122,33.71787530020498],[-84.38838310039972,33.717943000269315]]},"properties":{"overall":67,"safety":100,"sidewalk":100,"sidewalk_present":1,"canopy":0.0,"comfort":26.0,"name":"","road_type":"footway","osm_id":1278841951}},{"type":"Feature","geometry":{"type":"LineString","coordinates":[[-84.38855450038983,33.717982600116954],[-84.38850359966136,33.71791120024176],[-84.3884773997122,33.71787530020498],[-84.38845329968001,33.71784240030661]]},"properties":{"overall":33,"safety":100,"sidewalk":0,"sidewalk_present":0,"canopy":0.0,"comfort":25.4,"name":"","road_type":"service","osm_id":562978671}},{"type":"Feature","geometry":{"type":"LineString","coordinates":[[-84.3883597000401,33.71841450042888],[-84.38855450038983,33.717982600116954]]},"properties":{"overall":34,"safety":100,"sidewalk":0,"sidewalk_present":0,"canopy":2.0,"comfort":26.3,"name":"","road_type":"service","osm_id":562978670}},{"type":"Feature","geometry":{"type":"LineString","coordinates":[[-84.38909350006492,33.718884399795286],[-84.3887426997158,33.718588700008524],[-84.38871249958214,33.71856109981496],[-84.38870330041692,33.71855260032231],[-84.38866330037098,33.71851589988893],[-84.38852669964746,33.71855859969969],[-84.38844730030263,33.71847029976459]]},"properties":{"overall":68,"safety":100,"sidewalk":100,"sidewalk_present":1,"canopy":3.7,"comfort":25.5,"name":"","road_type":"footway","osm_id":1278841957}},{"type":"Feature","geometry":{"type":"LineString","coordinates":[[-84.3891831004197,33.7187128999804],[-84.38871249958214,33.71856109981496]]},"properties":{"overall":68,"safety":100,"sidewalk":100,"sidewalk_present":1,"canopy":2.8,"comfort":24.1,"name":"","road_type":"footway","osm_id":1278841958}},{"type":"Feature","geometry":{"type":"LineString","coordinates":[[-84.38852990033462,33.71924340016284],[-84.38864230030185,33.71859849992086],[-84.38870330041692,33.71855260032231]]},"properties":{"overall":68,"safety":100,"sidewalk":100,"sidewalk_present":1,"canopy":4.0,"comfort":25.8,"name":"","road_type":"footway","osm_id":1278841959}},{"type":"Feature","geometry":{"type":"LineString","coordinates":[[-84.38806450027641,33.718807899864714],[-84.38805430016578,33.71877669968501],[-84.38804259998597,33.718741199846534],[-84.38804949958472,33.71868279967151],[-84.38808620001805,33.71862140025746],[-84.38812749958441,33.71858760013771],[-84.38821719976391,33.71855539991185],[-84.38829219962525,33.71855559956134],[-84.38836790005848,33.71858030034065],[-84.38841789966631,33.71861720042352],[-84.3884548995739,33.71867270028497],[-84.38846559970762,33.71873979960213],[-84.38844950004437,33.718797299555774],[-84.38840270022439,33.7188546996847],[-84.38835600022918,33.71888360029794],[-84.38829600016027,33.718901899702985],[-84.38819990040503,33.71889950031175],[-84.38812240042841,33.718867200261116],[-84.3880933999904,33.718843999550984],[-84.38806450027641,33.718807899864714]]},"properties":{"overall":69,"safety":100,"sidewalk":100,"sidewalk_present":1,"canopy":7.6,"comfort":28.5,"name":"","road_type":"service","osm_id":242060773}},{"type":"Feature","geometry":{"type":"LineString","coordinates":[[-84.38851589968897,33.71931329996886],[-84.38852399988264,33.71927300044865],[-84.38852990033462,33.71924340016284]]},"properties":{"overall":67,"safety":100,"sidewalk":100,"sidewalk_present":1,"canopy":0.0,"comfort":0.0,"name":"","road_type":"footway","osm_id":1278841939}},{"type":"Feature","geometry":{"type":"LineString","coordinates":[[-84.38849939982742,33.719401699728735],[-84.38851589968897,33.71931329996886]]},"properties":{"overall":67,"safety":100,"sidewalk":100,"sidewalk_present":1,"canopy":0.0,"comfort":0.0,"name":"","road_type":"footway","osm_id":1278841938}},{"type":"Feature","geometry":{"type":"LineString","coordinates":[[-84.38581139997609,33.71840729955727],[-84.38583530035879,33.71840309972333],[-84.38586560031717,33.71839549955274],[-84.38594959969424,33.7183747998572],[-84.38644169972463,33.71826070017124],[-84.38662980012515,33.71821939970556],[-84.38680079991695,33.71818919957195],[-84.38691469995342,33.71817739956737]]},"properties":{"overall":72,"safety":83,"sidewalk":100,"sidewalk_present":1,"canopy":31.8,"comfort":49.0,"name":"","road_type":"footway","osm_id":1385097178}},{"type":"Feature","geometry":{"type":"LineString","coordinates":[[-84.3859170001694,33.71986699996211],[-84.38597290022915,33.7198202999669],[-84.38673099993565,33.71918700008007],[-84.38575509971804,33.71841670017062],[-84.3857060003316,33.71837799964504]]},"properties":{"overall":66,"safety":56,"sidewalk":100,"sidewalk_present":1,"canopy":41.9,"comfort":52.1,"name":"Marcy Street Southeast","road_type":"residential","osm_id":9271745}},{"type":"Feature","geometry":{"type":"LineString","coordinates":[[-84.38764659971076,33.71973509999492],[-84.38706709996666,33.71966349957091]]},"properties":{"overall":67,"safety":100,"sidewalk":100,"sidewalk_present":1,"canopy":0.0,"comfort":0.0,"name":"","road_type":"service","osm_id":562978675}},{"type":"Feature","geometry":{"type":"LineString","coordinates":[[-84.38715220011392,33.71972339981511],[-84.38706349998051,33.71971579964446],[-84.38702619969933,33.71971259985668]]},"properties":{"overall":67,"safety":100,"sidewalk":100,"sidewalk_present":1,"canopy":0.0,"comfort":0.0,"name":"","road_type":"footway","osm_id":1278841965}},{"type":"Feature","geometry":{"type":"LineString","coordinates":[[-84.38756380002928,33.71976229999018],[-84.38715220011392,33.71972339981511]]},"properties":{"overall":67,"safety":100,"sidewalk":100,"sidewalk_present":1,"canopy":0.0,"comfort":0.0,"name":"","road_type":"footway","osm_id":1278841964}},{"type":"Feature","geometry":{"type":"LineString","coordinates":[[-84.38751600016326,33.71902849996536],[-84.38745609991906,33.7191274002094],[-84.38736760033447,33.71919329983098],[-84.38723249968007,33.719266900347236],[-84.3871115003954,33.71938519986713],[-84.38704340013277,33.7195365000095],[-84.38702619969933,33.71971259985668],[-84.38702509982846,33.71972339981511],[-84.38699670013756,33.720169700071665],[-84.38697739978716,33.720227200025306],[-84.38693059996717,33.72029569958693],[-84.38684220020735,33.720333700439994],[-84.38674160024459,33.720348899881856],[-84.38672360031387,33.72035089997411],[-84.38668100032788,33.72033340006641],[-84.38616759985479,33.7199733996527]]},"properties":{"overall":72,"safety":95,"sidewalk":100,"sidewalk_present":1,"canopy":20.7,"comfort":42.3,"name":"","road_type":"footway","osm_id":1278841963}},{"type":"Feature","geometry":{"type":"LineString","coordinates":[[-84.38677519981559,33.720390300172255],[-84.38672360031387,33.72035089997411]]},"properties":{"overall":70,"safety":99,"sidewalk":100,"sidewalk_present":1,"canopy":9.8,"comfort":36.5,"name":"","road_type":"footway","osm_id":1385086279}},{"type":"Feature","geometry":{"type":"LineString","coordinates":[[-84.38682110031351,33.720424299941556],[-84.38677519981559,33.720390300172255]]},"properties":{"overall":36,"safety":100,"sidewalk":0,"sidewalk_present":0,"canopy":9.0,"comfort":36.2,"name":"","road_type":"footway","osm_id":1388849186}},{"type":"Feature","geometry":{"type":"LineString","coordinates":[[-84.38688490001806,33.72047290020424],[-84.38685309999056,33.72044889999677],[-84.38682110031351,33.720424299941556]]},"properties":{"overall":37,"safety":100,"sidewalk":0,"sidewalk_present":0,"canopy":10.1,"comfort":36.2,"name":"","road_type":"footway","osm_id":1388849185}},{"type":"Feature","geometry":{"type":"LineString","coordinates":[[-84.38692339999488,33.72050289978904],[-84.38688490001806,33.72047290020424]]},"properties":{"overall":36,"safety":100,"sidewalk":0,"sidewalk_present":0,"canopy":6.8,"comfort":34.5,"name":"","road_type":"footway","osm_id":1388849187}},{"type":"Feature","geometry":{"type":"LineString","coordinates":[[-84.38752770034307,33.718366699663534],[-84.38789260026323,33.71836259965431]]},"properties":{"overall":37,"safety":100,"sidewalk":0,"sidewalk_present":0,"canopy":10.9,"comfort":33.1,"name":"","road_type":"service","osm_id":562978672}},{"type":"Feature","geometry":{"type":"LineString","coordinates":[[-84.38801430011983,33.71810830015795],[-84.3880268996217,33.71814220010248],[-84.38809309961681,33.71832039986663],[-84.38812739975964,33.718353799788076],[-84.38816610028528,33.718383499898664],[-84.38824760044639,33.718408500152236],[-84.3883191001463,33.718416799995396],[-84.3883597000401,33.71841450042888]]},"properties":{"overall":68,"safety":100,"sidewalk":100,"sidewalk_present":1,"canopy":2.7,"comfort":28.1,"name":"","road_type":"service","osm_id":242060771}},{"type":"Feature","geometry":{"type":"LineString","coordinates":[[-84.38818460023907,33.71845470012437],[-84.38814019981032,33.718469299718436],[-84.38798209989397,33.71846440021193]]},"properties":{"overall":69,"safety":100,"sidewalk":100,"sidewalk_present":1,"canopy":7.3,"comfort":29.6,"name":"","road_type":"footway","osm_id":1278841960}},{"type":"Feature","geometry":{"type":"LineString","coordinates":[[-84.38778320043434,33.72136049958743],[-84.38786299997741,33.721304800076496],[-84.38801060030892,33.72119500004925],[-84.38837810016918,33.72104109996684],[-84.38858910000693,33.72093050044231]]},"properties":{"overall":70,"safety":95,"sidewalk":100,"sidewalk_present":1,"canopy":13.8,"comfort":37.8,"name":"","road_type":"service","osm_id":1278841972}},{"type":"Feature","geometry":{"type":"LineString","coordinates":[[-84.38793420020312,33.721368999979404],[-84.38786299997741,33.721304800076496],[-84.38782070036501,33.72126510040414]]},"properties":{"overall":66,"safety":95,"sidewalk":100,"sidewalk_present":1,"canopy":2.1,"comfort":33.1,"name":"","road_type":"footway","osm_id":1278841975}},{"type":"Feature","geometry":{"type":"LineString","coordinates":[[-84.38830289975897,33.7215536002185],[-84.38777010001007,33.72184539964553],[-84.38764310044871,33.72191499997734]]},"properties":{"overall":57,"safety":60,"sidewalk":100,"sidewalk_present":1,"canopy":11.6,"comfort":36.2,"name":"Atlanta Beltline Southside Trail","road_type":"cycleway","osm_id":46184520}},{"type":"Feature","geometry":{"type":"LineString","coordinates":[[-84.38761929989073,33.71905040025581],[-84.38755300007085,33.719036299785444],[-84.38751600016326,33.71902849996536]]},"properties":{"overall":67,"safety":100,"sidewalk":100,"sidewalk_present":1,"canopy":0.0,"comfort":0.0,"name":"","road_type":"footway","osm_id":1278841962}},{"type":"Feature","geometry":{"type":"LineString","coordinates":[[-84.38852990033462,33.71924340016284],[-84.38761929989073,33.71912979960064],[-84.38761929989073,33.71905040025581],[-84.38761929989073,33.71895009976737],[-84.38763329963706,33.718904499642974]]},"properties":{"overall":67,"safety":100,"sidewalk":100,"sidewalk_present":1,"canopy":0.0,"comfort":0.0,"name":"","road_type":"footway","osm_id":1278841941}},{"type":"Feature","geometry":{"type":"LineString","coordinates":[[-84.38766570041173,33.719627399884644],[-84.38767529977525,33.719573499917146],[-84.38770559973358,33.71940269977483],[-84.3888281002366,33.719543199958764]]},"properties":{"overall":33,"safety":100,"sidewalk":0,"sidewalk_present":0,"canopy":0.0,"comfort":0.0,"name":"","road_type":"service","osm_id":562978680}},{"type":"Feature","geometry":{"type":"LineString","coordinates":[[-84.38877110030597,33.719711800359335],[-84.38767529977525,33.719573499917146]]},"properties":{"overall":33,"safety":100,"sidewalk":0,"sidewalk_present":0,"canopy":0.0,"comfort":0.0,"name":"","road_type":"service","osm_id":562978679}},{"type":"Feature","geometry":{"type":"LineString","coordinates":[[-84.38764659971076,33.71973509999492],[-84.38766570041173,33.719627399884644]]},"properties":{"overall":33,"safety":100,"sidewalk":0,"sidewalk_present":0,"canopy":0.0,"comfort":0.0,"name":"","road_type":"service","osm_id":562978678}},{"type":"Feature","geometry":{"type":"LineString","coordinates":[[-84.38855720015465,33.719847699611705],[-84.38764659971076,33.71973509999492]]},"properties":{"overall":33,"safety":100,"sidewalk":0,"sidewalk_present":0,"canopy":0.0,"comfort":0.0,"name":"","road_type":"service","osm_id":562978677}},{"type":"Feature","geometry":{"type":"LineString","coordinates":[[-84.38823490022043,33.7216823003979],[-84.38778320043434,33.72136049958743],[-84.38759619990469,33.72122809959717],[-84.38741190003913,33.721072999819114]]},"properties":{"overall":27,"safety":77,"sidewalk":0,"sidewalk_present":0,"canopy":4.7,"comfort":33.7,"name":"McDonough Boulevard Southeast","road_type":"secondary","osm_id":421674621}},{"type":"Feature","geometry":{"type":"LineString","coordinates":[[-84.38697910040514,33.72049569981675],[-84.38700879961635,33.72055030035614],[-84.38739099979477,33.72090610003653],[-84.38744739987754,33.721022099989966],[-84.3877330002777,33.72124970041341],[-84.38782070036501,33.72126510040414],[-84.3878697997514,33.72124630007676],[-84.38794629968197,33.72118720022917],[-84.38823059966239,33.72107449988829]]},"properties":{"overall":52,"safety":46,"sidewalk":100,"sidewalk_present":1,"canopy":11.1,"comfort":36.2,"name":"","road_type":"footway","osm_id":1278841973}},{"type":"Feature","geometry":{"type":"LineString","coordinates":[[-84.38819109963947,33.72172789962292],[-84.3881425002761,33.72167570027341],[-84.3880467998199,33.7216111001722],[-84.38758349967873,33.72130050041784],[-84.3870238003081,33.720839300193575],[-84.38672260026777,33.720591099899366]]},"properties":{"overall":61,"safety":76,"sidewalk":100,"sidewalk_present":1,"canopy":5.9,"comfort":34.2,"name":"","road_type":"footway","osm_id":1278841977}},{"type":"Feature","geometry":{"type":"LineString","coordinates":[[-84.38697910040514,33.72049569981675],[-84.38692339999488,33.72050289978904]]},"properties":{"overall":52,"safety":50,"sidewalk":100,"sidewalk_present":1,"canopy":6.8,"comfort":34.5,"name":"","road_type":"footway","osm_id":1388849184}},{"type":"Feature","geometry":{"type":"LineString","coordinates":[[-84.38741190003913,33.721072999819114],[-84.38707639985591,33.72079939997241],[-84.38683180044717,33.72059999959038],[-84.38675300005087,33.72053689955834],[-84.38626690029719,33.72014729975814],[-84.3859170001694,33.71986699996211],[-84.38572929996718,33.71971069958914]]},"properties":{"overall":35,"safety":99,"sidewalk":0,"sidewalk_present":0,"canopy":5.7,"comfort":36.0,"name":"McDonough Boulevard Southeast","road_type":"secondary","osm_id":9244132}},{"type":"Feature","geometry":{"type":"LineString","coordinates":[[-84.38748970038932,33.72133019962905],[-84.38697570006849,33.72087580007815]]},"properties":{"overall":12,"safety":33,"sidewalk":0,"sidewalk_present":0,"canopy":4.0,"comfort":33.3,"name":"","road_type":"service","osm_id":562978681}},{"type":"Feature","geometry":{"type":"LineString","coordinates":[[-84.40436650021377,33.696377000398286],[-84.40433839999713,33.69704000039576],[-84.40430309980815,33.6976178004212],[-84.40427360024643,33.69799269990324],[-84.40421729998837,33.69836319990179],[-84.40415560020074,33.69871910030628],[-84.40403090020584,33.699471099911364],[-84.4039692004182,33.699847100163595],[-84.40392909964817,33.70019590042051],[-84.40391280033543,33.70047749973685],[-84.40388329987434,33.70116929962353]]},"properties":{"overall":28,"safety":82,"sidewalk":0,"sidewalk_present":0,"canopy":3.2,"comfort":34.5,"name":"","road_type":"motorway_link","osm_id":68634405}},{"type":"Feature","geometry":{"type":"LineString","coordinates":[[-84.40107999974214,33.69891699971981],[-84.40104499992674,33.698861999881444],[-84.40103100018047,33.698801999812474],[-84.4010299003096,33.6985735998918]]},"properties":{"overall":33,"safety":98,"sidewalk":0,"sidewalk_present":0,"canopy":0.0,"comfort":0.0,"name":"Beaupree Street Southwest","road_type":"residential","osm_id":9264450}},{"type":"Feature","geometry":{"type":"LineString","coordinates":[[-84.39910789980968,33.70046390018888],[-84.39934499977187,33.700395000428955],[-84.39964700020886,33.700184999737985],[-84.40003800025346,33.69983599983158],[-84.40107999974214,33.69891699971981],[-84.40166599978602,33.69838600041362]]},"properties":{"overall":40,"safety":90,"sidewalk":0,"sidewalk_present":0,"canopy":28.9,"comfort":53.0,"name":"Reynolds Drive Southwest","road_type":"residential","osm_id":9247975}},{"type":"Feature","geometry":{"type":"LineString","coordinates":[[-84.39953599958665,33.69812900025323],[-84.40052700032078,33.69816199997638],[-84.40095639961811,33.698146900359234],[-84.40140839977778,33.69812979975052],[-84.40167400015497,33.698114700133374],[-84.40193539979884,33.698099300142644],[-84.4021996997563,33.69809019990288],[-84.40234780011087,33.698090299727596],[-84.40249400019792,33.69809799972296],[-84.40259389958874,33.6981132000642],[-84.40268800015104,33.69813300043768],[-84.40279439984164,33.69816340022078],[-84.40290009985966,33.698203699740986],[-84.40298150019606,33.6982437996117],[-84.40306200031102,33.69829139982829],[-84.40313840041682,33.698347000413776],[-84.40320940009371,33.69840720013224],[-84.40326179999204,33.698459699855334],[-84.40331159995031,33.69851650013641],[-84.40334959990406,33.69856730014084],[-84.40338089990854,33.698619100191365],[-84.40341260011138,33.69867669996978],[-84.40343939990834,33.69873660021398],[-84.40346490018499,33.69880829956344],[-84.40348469965915,33.69888319960006],[-84.40349780008336,33.69896290021774],[-84.40350509988042,33.699048299839205],[-84.40351589983885,33.69922899971863],[-84.40352929973733,33.69956929958357],[-84.40355739995402,33.69990400026944],[-84.40360600021671,33.70050130029483]]},"properties":{"overall":38,"safety":94,"sidewalk":0,"sidewalk_present":0,"canopy":21.1,"comfort":47.9,"name":"","road_type":"motorway_link","osm_id":9238857}},{"type":"Feature","geometry":{"type":"LineString","coordinates":[[-84.40454779994099,33.70317729959277],[-84.40330969968284,33.70289229993972]]},"properties":{"overall":73,"safety":100,"sidewalk":100,"sidewalk_present":1,"canopy":19.3,"comfort":38.4,"name":"","road_type":"footway","osm_id":1384106725}},{"type":"Feature","geometry":{"type":"LineString","coordinates":[[-84.40135799997171,33.705203000018514],[-84.40203070005674,33.70521110021218],[-84.40256049966729,33.705217499787864],[-84.40318799982629,33.70522500013368]]},"properties":{"overall":38,"safety":99,"sidewalk":0,"sidewalk_present":0,"canopy":14.2,"comfort":40.6,"name":"Ashwood Avenue Southwest","road_type":"residential","osm_id":629306002}},{"type":"Feature","geometry":{"type":"LineString","coordinates":[[-84.40203070005674,33.70521110021218],[-84.40207249964612,33.70527830025338],[-84.40232029974203,33.70550770022027],[-84.40242809967702,33.70552710039544],[-84.4025243001563,33.70551090000811],[-84.40258659979173,33.70543549994841],[-84.40259939984242,33.705344900446846],[-84.4025796003682,33.70528019962154],[-84.40256049966729,33.705217499787864]]},"properties":{"overall":68,"safety":99,"sidewalk":100,"sidewalk_present":1,"canopy":4.9,"comfort":35.8,"name":"","road_type":"service","osm_id":713589881}},{"type":"Feature","geometry":{"type":"LineString","coordinates":[[-84.39994980014313,33.6981075999858],[-84.40052200009018,33.69807799969999],[-84.40104800006509,33.69802900013832],[-84.40131399974126,33.69799799960805],[-84.4013650002945,33.697990000138475],[-84.40164599976305,33.69794499986193],[-84.40200800026895,33.697875000231136],[-84.40239099994466,33.6977869997703],[-84.40277039963422,33.69768930012117],[-84.40350249994037,33.69747749988676]]},"properties":{"overall":36,"safety":93,"sidewalk":0,"sidewalk_present":0,"canopy":15.0,"comfort":47.5,"name":"Langford Parkway","road_type":"motorway","osm_id":123355075}},{"type":"Feature","geometry":{"type":"LineString","coordinates":[[-84.40330969968284,33.70289229993972],[-84.40263579990221,33.70271200025866],[-84.40179539963793,33.702557299779585],[-84.40121429999994,33.70254330003331],[-84.39956450000165,33.702540500443774]]},"properties":{"overall":71,"safety":97,"sidewalk":100,"sidewalk_present":1,"canopy":17.1,"comfort":39.3,"name":"","road_type":"footway","osm_id":1384106723}},{"type":"Feature","geometry":{"type":"LineString","coordinates":[[-84.40112199988033,33.702609000005396],[-84.40156660041822,33.70261710019906],[-84.40161800027045,33.70261800042044],[-84.40198500010763,33.70265300023584],[-84.40232799973734,33.702710000166405],[-84.40343350035573,33.70299230005463]]},"properties":{"overall":36,"safety":84,"sidewalk":0,"sidewalk_present":0,"canopy":23.9,"comfort":42.7,"name":"Fair Drive Southwest","road_type":"secondary","osm_id":9275802}},{"type":"Feature","geometry":{"type":"LineString","coordinates":[[-84.40176859984098,33.702730400387736],[-84.40199189970639,33.70274979966359],[-84.40211830031927,33.702762900087805],[-84.40235299999091,33.70281029975558],[-84.40287880031633,33.702939300308515],[-84.40327390037015,33.70304980000833]]},"properties":{"overall":78,"safety":100,"sidewalk":100,"sidewalk_present":1,"canopy":34.8,"comfort":46.8,"name":"","road_type":"footway","osm_id":1384106720}},{"type":"Feature","geometry":{"type":"LineString","coordinates":[[-84.40128390033169,33.70526340028573],[-84.40135680027606,33.705264400331885],[-84.40144570005896,33.70526610005055]]},"properties":{"overall":77,"safety":92,"sidewalk":100,"sidewalk_present":1,"canopy":39.9,"comfort":55.2,"name":"","road_type":"footway","osm_id":1387313792}},{"type":"Feature","geometry":{"type":"LineString","coordinates":[[-84.40144570005896,33.70526610005055],[-84.40207249964612,33.70527830025338],[-84.4025796003682,33.70528019962154]]},"properties":{"overall":72,"safety":99,"sidewalk":100,"sidewalk_present":1,"canopy":17.6,"comfort":42.1,"name":"","road_type":"footway","osm_id":1387313791}},{"type":"Feature","geometry":{"type":"LineString","coordinates":[[-84.40232029974203,33.70550770022027],[-84.40204219968774,33.705834199988374],[-84.4023133003185,33.706157900167]]},"properties":{"overall":37,"safety":96,"sidewalk":0,"sidewalk_present":0,"canopy":15.2,"comfort":38.3,"name":"","road_type":"service","osm_id":713589882}},{"type":"Feature","geometry":{"type":"LineString","coordinates":[[-84.40196800022301,33.70806899998439],[-84.40209599983046,33.70768600030874],[-84.40210400019942,33.707555999709655],[-84.4020810000381,33.707426000009946],[-84.40201799983078,33.70727999957239],[-84.40192600008481,33.70715800024158],[-84.40181699955485,33.70706200031111],[-84.4015430004091,33.70688000001206],[-84.40145299985602,33.70678099994325],[-84.40139099969485,33.70667999978224],[-84.40135099964886,33.706572000197696],[-84.40133499981033,33.706471000036686],[-84.40134500027153,33.705887000085056],[-84.40135680027606,33.705264400331885],[-84.40135799997171,33.705203000018514]]},"properties":{"overall":81,"safety":99,"sidewalk":100,"sidewalk_present":1,"canopy":44.1,"comfort":55.0,"name":"Bond Drive Southwest","road_type":"residential","osm_id":9246255}},{"type":"Feature","geometry":{"type":"LineString","coordinates":[[-84.40141490007755,33.709610800398195],[-84.40151130020632,33.70931750000267],[-84.40132109988883,33.70890430019335]]},"properties":{"overall":36,"safety":85,"sidewalk":0,"sidewalk_present":0,"canopy":24.1,"comfort":42.3,"name":"Amal Drive Southwest","road_type":"residential","osm_id":243330428}},{"type":"Feature","geometry":{"type":"LineString","coordinates":[[-84.39893799988874,33.70138600026377],[-84.39904190036339,33.701380500010146],[-84.39918400044121,33.70137299966427],[-84.39954089999253,33.70131460038857],[-84.39977099963187,33.70127699973381],[-84.39998499960802,33.70122099984934],[-84.4001879999762,33.7011409997574],[-84.40035300039062,33.70105300019583],[-84.40050500020556,33.70094899989647],[-84.40120300001843,33.70034499992187],[-84.40174699992406,33.69983599983158],[-84.4022939999681,33.69936100040991],[-84.40238000033673,33.69930000029484],[-84.40253899957514,33.69922899971863],[-84.40278400008151,33.699178000064705],[-84.40299900010376,33.699148999626686],[-84.40315400005704,33.699149999672784]]},"properties":{"overall":45,"safety":97,"sidewalk":0,"sidewalk_present":0,"canopy":38.3,"comfort":53.8,"name":"St Johns Avenue Southwest","road_type":"residential","osm_id":9278346}},{"type":"Feature","geometry":{"type":"LineString","coordinates":[[-84.39956369960504,33.70261600032819],[-84.40041399960637,33.702612000143745],[-84.40112199988033,33.702609000005396]]},"properties":{"overall":32,"safety":85,"sidewalk":0,"sidewalk_present":0,"canopy":10.4,"comfort":35.6,"name":"Fair Drive Southwest","road_type":"secondary","osm_id":954464538}},{"type":"Feature","geometry":{"type":"LineString","coordinates":[[-84.3995029998635,33.70517999985714],[-84.39951100023245,33.70511300036475],[-84.3995369996328,33.70505500038803],[-84.40032600004486,33.70388400034636],[-84.40107599955769,33.70277200032763],[-84.40109639977896,33.70272039992659],[-84.40111000022631,33.70269400032788],[-84.4011107997236,33.70268809987596],[-84.40112199988033,33.702609000005396]]},"properties":{"overall":70,"safety":68,"sidewalk":100,"sidewalk_present":1,"canopy":43.1,"comfort":57.7,"name":"Pickfair Way Southwest","road_type":"residential","osm_id":9273350}},{"type":"Feature","geometry":{"type":"LineString","coordinates":[[-84.40032600004486,33.70388400034636],[-84.40038199992932,33.70390999974677],[-84.40044400009049,33.70392100025401],[-84.40322299964168,33.70390939989892]]},"properties":{"overall":38,"safety":89,"sidewalk":0,"sidewalk_present":0,"canopy":23.5,"comfort":48.9,"name":"Pickfair Avenue Southwest","road_type":"residential","osm_id":9264615}},{"type":"Feature","geometry":{"type":"LineString","coordinates":[[-84.39988019981132,33.705794899615],[-84.40003710003208,33.705504799906635],[-84.40005850029951,33.705424500340484],[-84.39976879989018,33.7054173003682]]},"properties":{"overall":40,"safety":90,"sidewalk":0,"sidewalk_present":0,"canopy":31.0,"comfort":53.1,"name":"","road_type":"service","osm_id":562955814}},{"type":"Feature","geometry":{"type":"LineString","coordinates":[[-84.40057499983635,33.707705000285614],[-84.40065499992829,33.70745400040187],[-84.40066200025109,33.707374000309926],[-84.40065099974379,33.70730099964146],[-84.40060999965175,33.70720599975715],[-84.40021400027587,33.70659400031292],[-84.4001829997456,33.706471000036686],[-84.40020499986082,33.706357000175444],[-84.40023899963012,33.70629500001428],[-84.40045499969847,33.70601499969251],[-84.40051599981348,33.705959999854144],[-84.40059099967488,33.70591799971595],[-84.4007489997665,33.705881999854455],[-84.40134500027153,33.705887000085056]]},"properties":{"overall":39,"safety":68,"sidewalk":0,"sidewalk_present":0,"canopy":49.1,"comfort":61.2,"name":"Giben Road Southwest","road_type":"residential","osm_id":9245126}},{"type":"Feature","geometry":{"type":"LineString","coordinates":[[-84.39944399984068,33.70749400044781],[-84.3996910004393,33.707512000378586],[-84.399942000323,33.70754900028618],[-84.40057499983635,33.707705000285614],[-84.40119620024439,33.70786710038641],[-84.40194940044444,33.70806370027958],[-84.40196800022301,33.70806899998439]]},"properties":{"overall":68,"safety":76,"sidewalk":100,"sidewalk_present":1,"canopy":28.5,"comfort":48.1,"name":"Amal Drive Southwest","road_type":"residential","osm_id":629306000}},{"type":"Feature","geometry":{"type":"LineString","coordinates":[[-84.3995538996927,33.707563199682],[-84.39959710042581,33.707563800429114],[-84.39980050009297,33.707586100018545],[-84.40005579963542,33.707625400391976],[-84.40049470027014,33.70774550035463],[-84.40096759977484,33.70786999980072],[-84.40117360028137,33.70792069998038],[-84.40132829986112,33.70795910013243],[-84.4015427998603,33.70801929985083],[-84.40179529981322,33.70809259999356],[-84.40191270001105,33.708103599601486],[-84.40194940044444,33.70806370027958]]},"properties":{"overall":75,"safety":93,"sidewalk":100,"sidewalk_present":1,"canopy":32.2,"comfort":49.2,"name":"","road_type":"footway","osm_id":1387326183}},{"type":"Feature","geometry":{"type":"LineString","coordinates":[[-84.40119620024439,33.70786710038641],[-84.40117360028137,33.70792069998038],[-84.40103820015275,33.70827760043096]]},"properties":{"overall":80,"safety":90,"sidewalk":100,"sidewalk_present":1,"canopy":49.4,"comfort":57.6,"name":"","road_type":"service","osm_id":1389971632}},{"type":"Feature","geometry":{"type":"LineString","coordinates":[[-84.40085200001977,33.71028699974528],[-84.40115699969573,33.7101020002072],[-84.40119100036435,33.71009900006885],[-84.4012300003642,33.71011699999963],[-84.40124600020272,33.71015199981497],[-84.4012300003642,33.710186999630366],[-84.40092299969666,33.71037200006782]]},"properties":{"overall":41,"safety":100,"sidewalk":0,"sidewalk_present":0,"canopy":24.2,"comfort":40.8,"name":"Taft Place Southwest","road_type":"residential","osm_id":9277381}},{"type":"Feature","geometry":{"type":"LineString","coordinates":[[-84.40397350007692,33.698656399573224],[-84.4040321997262,33.69872690012642],[-84.40410630026548,33.698799200222936],[-84.40417069981788,33.69885079972465],[-84.40425599961463,33.69890719980748],[-84.40435100039832,33.69895249955823],[-84.40446400021341,33.69899129990864],[-84.40456799961345,33.69902040017138],[-84.40468959964528,33.69903759970549],[-84.404807700415,33.69904130041573],[-84.40497539969488,33.69902750031895]]},"properties":{"overall":30,"safety":84,"sidewalk":0,"sidewalk_present":0,"canopy":5.0,"comfort":35.8,"name":"","road_type":"motorway_link","osm_id":68634359}},{"type":"Feature","geometry":{"type":"LineString","coordinates":[[-84.4045657998717,33.69526739977073],[-84.40470120000032,33.69579680008229],[-84.40472019997719,33.696026700072196],[-84.40472379996334,33.696269599762275],[-84.40472100037385,33.696436100245876],[-84.40470639988041,33.69663060022208],[-84.40467569972373,33.69688470006889],[-84.40459359971481,33.69734559991957],[-84.40434419972502,33.69862659963792],[-84.40424509983143,33.699079599843685],[-84.4040977000488,33.69971930020557],[-84.40399729973558,33.70024659970085],[-84.4039603996527,33.70046569973232],[-84.40392930019703,33.700696999966624],[-84.40388329987434,33.70116929962353],[-84.40385919984215,33.701575400184595],[-84.40383099980079,33.70239800016765],[-84.40382250030808,33.70295409955213],[-84.40380389963025,33.703405099665645],[-84.40375800003164,33.70397559989408],[-84.40368800040085,33.70449670036248],[-84.40347930012956,33.70552300038622]]},"properties":{"overall":60,"safety":78,"sidewalk":100,"sidewalk_present":1,"canopy":1.6,"comfort":32.8,"name":"James Wendell George Parkway","road_type":"motorway","osm_id":28851747}},{"type":"Feature","geometry":{"type":"LineString","coordinates":[[-84.40360600021671,33.70050130029483],[-84.40363410043335,33.70177100003167],[-84.40365149961696,33.7023375000756],[-84.40365339988443,33.702654899604],[-84.40365530015197,33.70297220020694]]},"properties":{"overall":60,"safety":75,"sidewalk":100,"sidewalk_present":1,"canopy":5.0,"comfort":31.6,"name":"","road_type":"motorway_link","osm_id":437108427}},{"type":"Feature","geometry":{"type":"LineString","coordinates":[[-84.40343350035573,33.70299230005463],[-84.40381600000836,33.703089999703764],[-84.40446689962766,33.703256299638554]]},"properties":{"overall":26,"safety":66,"sidewalk":0,"sidewalk_present":0,"canopy":11.2,"comfort":35.8,"name":"Fair Drive Southwest","road_type":"secondary","osm_id":68634504}},{"type":"Feature","geometry":{"type":"LineString","coordinates":[[-84.40365530015197,33.70297220020694],[-84.40364440036876,33.70313209966673]]},"properties":{"overall":53,"safety":46,"sidewalk":100,"sidewalk_present":1,"canopy":11.9,"comfort":35.6,"name":"","road_type":"motorway_link","osm_id":1007597950}},{"type":"Feature","geometry":{"type":"LineString","coordinates":[[-84.40364440036876,33.70313209966673],[-84.40359870041965,33.703929700295475],[-84.40355299957122,33.70473249990499],[-84.4035249002539,33.70511439970983],[-84.40347930012956,33.70552300038622]]},"properties":{"overall":55,"safety":62,"sidewalk":100,"sidewalk_present":1,"canopy":2.5,"comfort":34.1,"name":"","road_type":"motorway_link","osm_id":437108422}},{"type":"Feature","geometry":{"type":"LineString","coordinates":[[-84.40020099967637,33.71201400024597],[-84.40043299958324,33.71164700040879],[-84.40068699960528,33.711201999672596],[-84.40073900020468,33.711103999649936],[-84.4009679999732,33.710650000297335],[-84.400975000296,33.71050699999813],[-84.40092299969666,33.71037200006782],[-84.40085200001977,33.71028699974528]]},"properties":{"overall":75,"safety":94,"sidewalk":100,"sidewalk_present":1,"canopy":30.0,"comfort":45.7,"name":"Lincoln Street Southwest","road_type":"residential","osm_id":9254785}},{"type":"Feature","geometry":{"type":"LineString","coordinates":[[-84.40073900020468,33.711103999649936],[-84.4002890001372,33.71093599999648],[-84.40025100018346,33.71093900013477],[-84.40021500032196,33.7109650004345],[-84.40021000009142,33.71100499958112],[-84.40023700043719,33.71103800020359],[-84.40068699960528,33.711201999672596]]},"properties":{"overall":40,"safety":99,"sidewalk":0,"sidewalk_present":0,"canopy":20.9,"comfort":42.5,"name":"Lincoln Place Southwest","road_type":"residential","osm_id":9249394}},{"type":"Feature","geometry":{"type":"LineString","coordinates":[[-84.40012640001333,33.71211579990427],[-84.40015410003167,33.71213219994115],[-84.40018180005,33.712155399751964],[-84.39992789985268,33.71252310016098],[-84.39966280039789,33.71286690018735]]},"properties":{"overall":74,"safety":76,"sidewalk":100,"sidewalk_present":1,"canopy":45.5,"comfort":56.3,"name":"","road_type":"footway","osm_id":1386358973}},{"type":"Feature","geometry":{"type":"LineString","coordinates":[[-84.39253360024543,33.70754199996338],[-84.39229090020484,33.707126999711306]]},"properties":{"overall":39,"safety":100,"sidewalk":0,"sidewalk_present":0,"canopy":16.2,"comfort":36.6,"name":"","road_type":"service","osm_id":562987222}},{"type":"Feature","geometry":{"type":"LineString","coordinates":[[-84.39210529991959,33.707204300038484],[-84.39217130026526,33.70717679966964],[-84.39229090020484,33.707126999711306],[-84.39241960038419,33.707073400117395]]},"properties":{"overall":71,"safety":100,"sidewalk":100,"sidewalk_present":1,"canopy":13.6,"comfort":35.5,"name":"","road_type":"service","osm_id":562987226}},{"type":"Feature","geometry":{"type":"LineString","coordinates":[[-84.39211120037157,33.70744380029123],[-84.39202799959247,33.70730659971986],[-84.39172890036843,33.707429299622504]]},"properties":{"overall":35,"safety":100,"sidewalk":0,"sidewalk_present":0,"canopy":4.2,"comfort":32.6,"name":"","road_type":"service","osm_id":562987217}},{"type":"Feature","geometry":{"type":"LineString","coordinates":[[-84.39197580024296,33.707082199983574],[-84.39218200039898,33.707405999986975]]},"properties":{"overall":67,"safety":99,"sidewalk":100,"sidewalk_present":1,"canopy":2.4,"comfort":31.4,"name":"","road_type":"footway","osm_id":1385344469}},{"type":"Feature","geometry":{"type":"LineString","coordinates":[[-84.39221919995606,33.70738609978872],[-84.39218200039898,33.707405999986975],[-84.39211120037157,33.70744380029123],[-84.39241560019974,33.70796370016467],[-84.39210179975822,33.70808759976296]]},"properties":{"overall":69,"safety":100,"sidewalk":100,"sidewalk_present":1,"canopy":5.8,"comfort":33.8,"name":"","road_type":"service","osm_id":562987218}},{"type":"Feature","geometry":{"type":"LineString","coordinates":[[-84.39249460024558,33.71039850039051],[-84.39236730031064,33.71031660003109]]},"properties":{"overall":33,"safety":100,"sidewalk":0,"sidewalk_present":0,"canopy":0.0,"comfort":33.1,"name":"","road_type":"service","osm_id":1035976673}},{"type":"Feature","geometry":{"type":"LineString","coordinates":[[-84.39256309980715,33.71044260044573],[-84.39230079994195,33.710763199761914],[-84.39213500003018,33.71095349990412],[-84.3919629003675,33.71114899992648]]},"properties":{"overall":34,"safety":100,"sidewalk":0,"sidewalk_present":0,"canopy":1.2,"comfort":32.2,"name":"","road_type":"service","osm_id":561216885}},{"type":"Feature","geometry":{"type":"LineString","coordinates":[[-84.39282329975543,33.71094129970129],[-84.39213500003018,33.71095349990412]]},"properties":{"overall":34,"safety":100,"sidewalk":0,"sidewalk_present":0,"canopy":1.2,"comfort":32.7,"name":"","road_type":"service","osm_id":561216908}},{"type":"Feature","geometry":{"type":"LineString","coordinates":[[-84.39236730031064,33.71031660003109],[-84.39231540043534,33.710377899620426],[-84.39178030022066,33.71101099985782],[-84.3917195995798,33.71108299958081]]},"properties":{"overall":33,"safety":100,"sidewalk":0,"sidewalk_present":0,"canopy":0.0,"comfort":32.6,"name":"","road_type":"service","osm_id":1035976670}},{"type":"Feature","geometry":{"type":"LineString","coordinates":[[-84.3917195995798,33.71108299958081],[-84.3918014001145,33.7111499001478],[-84.3919629003675,33.71114899992648]]},"properties":{"overall":34,"safety":100,"sidewalk":0,"sidewalk_present":0,"canopy":2.4,"comfort":32.4,"name":"","road_type":"service","osm_id":561216904}},{"type":"Feature","geometry":{"type":"LineString","coordinates":[[-84.39363349988605,33.70908359982832],[-84.39359299981703,33.70908480042323],[-84.39351189985427,33.709087099989745]]},"properties":{"overall":36,"safety":0,"sidewalk":100,"sidewalk_present":1,"canopy":7.7,"comfort":36.3,"name":"","road_type":"service","osm_id":562987149}},{"type":"Feature","geometry":{"type":"LineString","coordinates":[[-84.39358419995085,33.70943459982698],[-84.39359549993236,33.70941039997001],[-84.39359549993236,33.70926450025655],[-84.39359690017676,33.709218199560326],[-84.39360660026438,33.70920240027061],[-84.39361070027354,33.70919000041823],[-84.39361070027354,33.70917630014617],[-84.39360350030125,33.70916519981415],[-84.39359270034282,33.70915460040453],[-84.39359299981703,33.70908480042323],[-84.39359609978015,33.70883839967246]]},"properties":{"overall":60,"safety":68,"sidewalk":100,"sidewalk_present":1,"canopy":11.7,"comfort":36.7,"name":"","road_type":"footway","osm_id":1387305495}},{"type":"Feature","geometry":{"type":"LineString","coordinates":[[-84.39344090017738,33.709452800306565],[-84.3934395997577,33.70941829961487],[-84.39344490036183,33.70941859998845],[-84.39345039971613,33.70941859998845]]},"properties":{"overall":78,"safety":93,"sidewalk":100,"sidewalk_present":1,"canopy":41.5,"comfort":48.9,"name":"","road_type":"footway","osm_id":1387298300}},{"type":"Feature","geometry":{"type":"LineString","coordinates":[[-84.39350600030161,33.7097110001626],[-84.39350870006643,33.70942549958721],[-84.39351189985427,33.709087099989745]]},"properties":{"overall":31,"safety":69,"sidewalk":0,"sidewalk_present":0,"canopy":24.1,"comfort":42.5,"name":"Pryor Circle Southwest","road_type":"residential","osm_id":9269017}},{"type":"Feature","geometry":{"type":"LineString","coordinates":[[-84.39345039971613,33.70941859998845],[-84.39350870006643,33.70942549958721],[-84.39358419995085,33.70943459982698]]},"properties":{"overall":73,"safety":91,"sidewalk":100,"sidewalk_present":1,"canopy":26.9,"comfort":43.6,"name":"","road_type":"footway","osm_id":1387298301}},{"type":"Feature","geometry":{"type":"LineString","coordinates":[[-84.39358419995085,33.70943459982698],[-84.39362939987689,33.70944069992839]]},"properties":{"overall":70,"safety":91,"sidewalk":100,"sidewalk_present":1,"canopy":18.9,"comfort":40.6,"name":"","road_type":"footway","osm_id":1387298302}},{"type":"Feature","geometry":{"type":"LineString","coordinates":[[-84.39362939987689,33.70944069992839],[-84.39368219997351,33.70946839994673],[-84.3937354002685,33.70949280035251]]},"properties":{"overall":71,"safety":93,"sidewalk":100,"sidewalk_present":1,"canopy":18.9,"comfort":40.7,"name":"","road_type":"footway","osm_id":1387298299}},{"type":"Feature","geometry":{"type":"LineString","coordinates":[[-84.39350600030161,33.7097110001626],[-84.39350500025552,33.709830000254385],[-84.39350319981276,33.71006439955244],[-84.39350300016326,33.71008799956161],[-84.39350209994194,33.710185399736474]]},"properties":{"overall":36,"safety":92,"sidewalk":0,"sidewalk_present":0,"canopy":16.8,"comfort":40.4,"name":"Pryor Street","road_type":"secondary","osm_id":1302281671}},{"type":"Feature","geometry":{"type":"LineString","coordinates":[[-84.39350080042158,33.71032320015564],[-84.39359110044887,33.710327099615995],[-84.39370710040231,33.71033219967131],[-84.39371240010712,33.71008229965844],[-84.39359719965103,33.71007239992139],[-84.39350319981276,33.71006439955244]]},"properties":{"overall":68,"safety":89,"sidewalk":100,"sidewalk_present":1,"canopy":13.6,"comfort":39.3,"name":"","road_type":"service","osm_id":562987145}},{"type":"Feature","geometry":{"type":"LineString","coordinates":[[-84.39342479961476,33.711657199620106],[-84.39341470022822,33.71106370012973],[-84.39342939964706,33.71024029975007],[-84.3934343998776,33.710085100147296],[-84.39343730019124,33.70991270011109],[-84.39344090017738,33.709452800306565]]},"properties":{"overall":66,"safety":81,"sidewalk":100,"sidewalk_present":1,"canopy":15.6,"comfort":39.9,"name":"","road_type":"footway","osm_id":1387298298}},{"type":"Feature","geometry":{"type":"LineString","coordinates":[[-84.39318540008611,33.70817350030683],[-84.39328729956918,33.708319599669835],[-84.39326320043631,33.70834750023698],[-84.39314509966658,33.708486100153436],[-84.39308899995734,33.70855199977501]]},"properties":{"overall":70,"safety":99,"sidewalk":100,"sidewalk_present":1,"canopy":9.8,"comfort":33.9,"name":"","road_type":"service","osm_id":562987186}},{"type":"Feature","geometry":{"type":"LineString","coordinates":[[-84.39338340022368,33.70853919972433],[-84.39333670022847,33.70854720009328],[-84.39330140003955,33.70854720009328],[-84.39325670013659,33.708543799756626],[-84.39318149972638,33.708520199747454],[-84.39314509966658,33.708486100153436]]},"properties":{"overall":69,"safety":98,"sidewalk":100,"sidewalk_present":1,"canopy":9.8,"comfort":34.0,"name":"","road_type":"footway","osm_id":1387305502}},{"type":"Feature","geometry":{"type":"LineString","coordinates":[[-84.39308899995734,33.70855199977501],[-84.39312029996182,33.70857990034216]]},"properties":{"overall":35,"safety":99,"sidewalk":0,"sidewalk_present":0,"canopy":4.7,"comfort":32.4,"name":"Claire Drive Southwest","road_type":"residential","osm_id":705122146}},{"type":"Feature","geometry":{"type":"LineString","coordinates":[[-84.39339029982244,33.708879700138084],[-84.39336700018686,33.708850900248876],[-84.3933446996981,33.70883169972319],[-84.39332569972123,33.708812000073806],[-84.3933046996521,33.70879619988477],[-84.39328369958304,33.70878380003239],[-84.39325930007658,33.70877200002781],[-84.39323150023353,33.7087578995575],[-84.39320099972633,33.70873979980195],[-84.39317190036286,33.70872410033701],[-84.39314339994792,33.70870379994045],[-84.39310730026165,33.70868079977913],[-84.39306360040479,33.70864839990378],[-84.39302940008673,33.708617000074526],[-84.39298220006845,33.70856910038373],[-84.3929201000825,33.70850390043472],[-84.39284069983842,33.708411799964665],[-84.39274899956666,33.70827930014963],[-84.39264939965005,33.70814559973968],[-84.39255520016229,33.70801169968024],[-84.3924172999184,33.70780779999001],[-84.39234430014932,33.707687299829104],[-84.39226649979906,33.70756119958975],[-84.39218200039898,33.707405999986975]]},"properties":{"overall":64,"safety":88,"sidewalk":100,"sidewalk_present":1,"canopy":4.2,"comfort":32.6,"name":"","road_type":"footway","osm_id":1387309470}},{"type":"Feature","geometry":{"type":"LineString","coordinates":[[-84.39312029996182,33.70857990034216],[-84.39319999968018,33.708650999843826]]},"properties":{"overall":30,"safety":84,"sidewalk":0,"sidewalk_present":0,"canopy":4.7,"comfort":32.3,"name":"Claire Drive Southwest","road_type":"residential","osm_id":705122144}},{"type":"Feature","geometry":{"type":"LineString","coordinates":[[-84.39236730031064,33.71031660003109],[-84.39246650002889,33.71021170040967],[-84.39253339969662,33.710153700432954],[-84.39256309980715,33.71012799960755],[-84.39263150044337,33.710092300119584],[-84.39274150012011,33.710072200271895],[-84.3934343998776,33.710085100147296],[-84.39350300016326,33.71008799956161]]},"properties":{"overall":68,"safety":98,"sidewalk":100,"sidewalk_present":1,"canopy":5.7,"comfort":36.1,"name":"","road_type":"service","osm_id":561216902}},{"type":"Feature","geometry":{"type":"LineString","coordinates":[[-84.39282329975543,33.710765000204674],[-84.39282329975543,33.710742699715865],[-84.39282329975543,33.7106881000758],[-84.3928139000414,33.710632299840825],[-84.39279509971402,33.710574299864106],[-84.39256309980715,33.71044260044573],[-84.39249460024558,33.71039850039051]]},"properties":{"overall":22,"safety":67,"sidewalk":0,"sidewalk_present":0,"canopy":0.0,"comfort":32.8,"name":"","road_type":"service","osm_id":1035976672}},{"type":"Feature","geometry":{"type":"LineString","coordinates":[[-84.39230079994195,33.710763199761914],[-84.39282329975543,33.710765000204674]]},"properties":{"overall":33,"safety":100,"sidewalk":0,"sidewalk_present":0,"canopy":0.0,"comfort":32.4,"name":"","road_type":"service","osm_id":561216895}},{"type":"Feature","geometry":{"type":"LineString","coordinates":[[-84.3919629003675,33.71114899992648],[-84.39282059999067,33.711138799815785]]},"properties":{"overall":34,"safety":100,"sidewalk":0,"sidewalk_present":0,"canopy":1.5,"comfort":32.2,"name":"","road_type":"service","osm_id":561216898}},{"type":"Feature","geometry":{"type":"LineString","coordinates":[[-84.391707500101,33.7113071996676],[-84.3919206996805,33.71130890028559],[-84.39223049993757,33.711311299676765],[-84.39271599984346,33.711315000387],[-84.39281120027664,33.71129269989825],[-84.39282329975543,33.71124809982001],[-84.39282059999067,33.711138799815785],[-84.39282329975543,33.71094129970129],[-84.39282329975543,33.710765000204674]]},"properties":{"overall":34,"safety":100,"sidewalk":0,"sidewalk_present":0,"canopy":0.8,"comfort":32.0,"name":"","road_type":"service","osm_id":561216892}},{"type":"Feature","geometry":{"type":"LineString","coordinates":[[-84.3919629003675,33.71114899992648],[-84.39192879987417,33.7111967997925],[-84.3919261001094,33.71123350022589],[-84.3919206996805,33.71130890028559]]},"properties":{"overall":34,"safety":100,"sidewalk":0,"sidewalk_present":0,"canopy":2.1,"comfort":31.5,"name":"","road_type":"service","osm_id":561216909}},{"type":"Feature","geometry":{"type":"LineString","coordinates":[[-84.39235100009853,33.71331800012564],[-84.3923531000155,33.713249100365715],[-84.39238549989085,33.71216309974733],[-84.39238800000618,33.71207899964617]]},"properties":{"overall":30,"safety":74,"sidewalk":0,"sidewalk_present":0,"canopy":14.9,"comfort":36.2,"name":"Shaw Street Southwest","road_type":"residential","osm_id":9272978}},{"type":"Feature","geometry":{"type":"LineString","coordinates":[[-84.39245179971073,33.71216399996865],[-84.39238549989085,33.71216309974733]]},"properties":{"overall":60,"safety":66,"sidewalk":100,"sidewalk_present":1,"canopy":14.5,"comfort":35.8,"name":"","road_type":"footway","osm_id":1386458588}},{"type":"Feature","geometry":{"type":"LineString","coordinates":[[-84.392310699679,33.71216109965508],[-84.39238549989085,33.71216309974733]]},"properties":{"overall":60,"safety":66,"sidewalk":100,"sidewalk_present":1,"canopy":14.7,"comfort":35.9,"name":"","road_type":"footway","osm_id":1386458586}},{"type":"Feature","geometry":{"type":"LineString","coordinates":[[-84.392588000236,33.71216080018081],[-84.39245179971073,33.71216399996865]]},"properties":{"overall":60,"safety":66,"sidewalk":100,"sidewalk_present":1,"canopy":14.5,"comfort":35.7,"name":"","road_type":"footway","osm_id":1386458587}},{"type":"Feature","geometry":{"type":"LineString","coordinates":[[-84.39226449970687,33.71324930001526],[-84.39227119965608,33.71300719982247],[-84.39230139978974,33.71232409997731],[-84.392310699679,33.71216109965508]]},"properties":{"overall":65,"safety":80,"sidewalk":100,"sidewalk_present":1,"canopy":14.5,"comfort":36.2,"name":"","road_type":"footway","osm_id":1386535171}},{"type":"Feature","geometry":{"type":"LineString","coordinates":[[-84.3909629001177,33.713364999595115],[-84.391014799993,33.71333149984889],[-84.39112050001103,33.713381500356036],[-84.39117439997852,33.71339180029139],[-84.3912344000475,33.71337280031452],[-84.3917958000361,33.71304369970704],[-84.39183310031729,33.71300059969798],[-84.39182559997141,33.712664399842254],[-84.39182280038187,33.71253530036387],[-84.39179379994385,33.71249919977828],[-84.39172130019779,33.712490499736816],[-84.3913235003792,33.71249399989824],[-84.39127380024564,33.71252670014712],[-84.39126760031945,33.712566399819536],[-84.39128000017183,33.71261629960259],[-84.3913235003792,33.71264909967624],[-84.39137530042973,33.71266289977308],[-84.39182559997141,33.712664399842254]]},"properties":{"overall":38,"safety":100,"sidewalk":0,"sidewalk_present":0,"canopy":12.8,"comfort":36.3,"name":"","road_type":"residential","osm_id":242060785}},{"type":"Feature","geometry":{"type":"LineString","coordinates":[[-84.39245179971073,33.71216399996865],[-84.39244800007509,33.712385399566585],[-84.39243970023193,33.71278759976798],[-84.39242619960936,33.713251800130536]]},"properties":{"overall":65,"safety":80,"sidewalk":100,"sidewalk_present":1,"canopy":14.5,"comfort":36.0,"name":"","road_type":"footway","osm_id":1386535170}},{"type":"Feature","geometry":{"type":"LineString","coordinates":[[-84.39242619960936,33.713251800130536],[-84.3923531000155,33.713249100365715]]},"properties":{"overall":69,"safety":90,"sidewalk":100,"sidewalk_present":1,"canopy":15.6,"comfort":36.8,"name":"","road_type":"footway","osm_id":1386457938}},{"type":"Feature","geometry":{"type":"LineString","coordinates":[[-84.39226449970687,33.71324930001526],[-84.3923531000155,33.713249100365715]]},"properties":{"overall":68,"safety":90,"sidewalk":100,"sidewalk_present":1,"canopy":15.0,"comfort":36.7,"name":"","road_type":"footway","osm_id":1386457937}},{"type":"Feature","geometry":{"type":"LineString","coordinates":[[-84.39341380000684,33.71215429988109],[-84.39338700020983,33.71211899969211],[-84.39339039964716,33.712096299904374],[-84.39340190017754,33.7120189995772]]},"properties":{"overall":45,"safety":33,"sidewalk":100,"sidewalk_present":1,"canopy":2.6,"comfort":33.9,"name":"","road_type":"footway","osm_id":1386429683}},{"type":"Feature","geometry":{"type":"LineString","coordinates":[[-84.39350209994194,33.710185399736474],[-84.39350080042158,33.71032320015564],[-84.39349399974827,33.71106000031881],[-84.39349590001575,33.71165859986456],[-84.39349599984047,33.71170500038551],[-84.39349280005263,33.712022899936926],[-84.39349199965602,33.71209799962304],[-84.39349139980823,33.712153299834995],[-84.39347840010805,33.71329409974294],[-84.39347799990975,33.71333199987197],[-84.39347709968837,33.71341030024519],[-84.39347249965607,33.713825000123734],[-84.39346500020957,33.71406799963853],[-84.39346159987292,33.714148599578266]]},"properties":{"overall":23,"safety":62,"sidewalk":0,"sidewalk_present":0,"canopy":6.0,"comfort":36.0,"name":"Pryor Street","road_type":"secondary","osm_id":629306003}},{"type":"Feature","geometry":{"type":"LineString","coordinates":[[-84.39356839976182,33.712152399613615],[-84.39349139980823,33.712153299834995],[-84.39341380000684,33.71215429988109]]},"properties":{"overall":45,"safety":33,"sidewalk":100,"sidewalk_present":1,"canopy":2.2,"comfort":34.4,"name":"","road_type":"footway","osm_id":1386429682}},{"type":"Feature","geometry":{"type":"LineString","coordinates":[[-84.39340769990537,33.71254830006404],[-84.39341380000684,33.71215429988109]]},"properties":{"overall":51,"safety":48,"sidewalk":100,"sidewalk_present":1,"canopy":3.7,"comfort":34.5,"name":"","road_type":"footway","osm_id":1386429681}},{"type":"Feature","geometry":{"type":"LineString","coordinates":[[-84.3935717002737,33.713309999756746],[-84.39356879996012,33.71300359983633],[-84.39356839976182,33.712152399613615]]},"properties":{"overall":55,"safety":64,"sidewalk":100,"sidewalk_present":1,"canopy":0.0,"comfort":34.5,"name":"","road_type":"footway","osm_id":1386429679}},{"type":"Feature","geometry":{"type":"LineString","coordinates":[[-84.39335010012701,33.71328570007506],[-84.39340330042194,33.71323609976622],[-84.39340169962873,33.71314550026466],[-84.39340769990537,33.71254830006404]]},"properties":{"overall":63,"safety":84,"sidewalk":100,"sidewalk_present":1,"canopy":4.9,"comfort":35.7,"name":"","road_type":"footway","osm_id":1386429680}},{"type":"Feature","geometry":{"type":"LineString","coordinates":[[-84.3935717002737,33.713309999756746],[-84.39347840010805,33.71329409974294],[-84.39335010012701,33.71328570007506]]},"properties":{"overall":62,"safety":80,"sidewalk":100,"sidewalk_present":1,"canopy":4.9,"comfort":36.4,"name":"","road_type":"footway","osm_id":1386429677}},{"type":"Feature","geometry":{"type":"LineString","coordinates":[[-84.39357299979406,33.71340120000542],[-84.3935717002737,33.713309999756746]]},"properties":{"overall":60,"safety":80,"sidewalk":100,"sidewalk_present":1,"canopy":0.0,"comfort":34.5,"name":"","road_type":"footway","osm_id":1386429676}},{"type":"Feature","geometry":{"type":"LineString","coordinates":[[-84.39336690036214,33.71342179987619],[-84.39335610040365,33.71340630006074],[-84.39334760001168,33.713389800199195],[-84.39334879970733,33.71333039997802],[-84.39335010012701,33.71328570007506]]},"properties":{"overall":62,"safety":80,"sidewalk":100,"sidewalk_present":1,"canopy":7.3,"comfort":37.2,"name":"","road_type":"footway","osm_id":1386429678}},{"type":"Feature","geometry":{"type":"LineString","coordinates":[[-84.39357299979406,33.71340120000542],[-84.39347709968837,33.71341030024519],[-84.39336690036214,33.71342179987619]]},"properties":{"overall":62,"safety":80,"sidewalk":100,"sidewalk_present":1,"canopy":6.0,"comfort":36.6,"name":"","road_type":"footway","osm_id":1386429675}},{"type":"Feature","geometry":{"type":"LineString","coordinates":[[-84.3930385003265,33.71216080018081],[-84.392588000236,33.71216080018081]]},"properties":{"overall":63,"safety":77,"sidewalk":100,"sidewalk_present":1,"canopy":11.1,"comfort":34.3,"name":"","road_type":"footway","osm_id":1386458585}},{"type":"Feature","geometry":{"type":"LineString","coordinates":[[-84.39303789957938,33.71223759958559],[-84.3930385003265,33.71216080018081],[-84.39303910017429,33.71209019980296]]},"properties":{"overall":68,"safety":99,"sidewalk":100,"sidewalk_present":1,"canopy":5.2,"comfort":32.1,"name":"","road_type":"service","osm_id":562987179}},{"type":"Feature","geometry":{"type":"LineString","coordinates":[[-84.39341380000684,33.71215429988109],[-84.39337639990089,33.712164199618144],[-84.39326550000277,33.71216500001481],[-84.3930385003265,33.71216080018081]]},"properties":{"overall":53,"safety":54,"sidewalk":100,"sidewalk_present":1,"canopy":5.2,"comfort":33.8,"name":"","road_type":"footway","osm_id":1386458584}},{"type":"Feature","geometry":{"type":"LineString","coordinates":[[-84.39259129984856,33.71223870035578],[-84.39303789957938,33.71223759958559]]},"properties":{"overall":37,"safety":99,"sidewalk":0,"sidewalk_present":0,"canopy":11.1,"comfort":34.3,"name":"","road_type":"service","osm_id":562987180}},{"type":"Feature","geometry":{"type":"LineString","coordinates":[[-84.39259389978861,33.71208249980759],[-84.392588000236,33.71216080018081],[-84.39259129984856,33.71223870035578],[-84.39254969990867,33.712286699871356]]},"properties":{"overall":68,"safety":89,"sidewalk":100,"sidewalk_present":1,"canopy":15.0,"comfort":35.8,"name":"","road_type":"service","osm_id":562987181}},{"type":"Feature","geometry":{"type":"LineString","coordinates":[[-84.39254969990867,33.712286699871356],[-84.3925484003883,33.713217099789404]]},"properties":{"overall":36,"safety":94,"sidewalk":0,"sidewalk_present":0,"canopy":15.2,"comfort":36.1,"name":"","road_type":"service","osm_id":562987178}},{"type":"Feature","geometry":{"type":"LineString","coordinates":[[-84.3925484003883,33.713217099789404],[-84.39254929971037,33.713260400347224],[-84.39255089960432,33.71332050024097]]},"properties":{"overall":69,"safety":91,"sidewalk":100,"sidewalk_present":1,"canopy":15.7,"comfort":36.7,"name":"","road_type":"service","osm_id":562987177}},{"type":"Feature","geometry":{"type":"LineString","coordinates":[[-84.39335010012701,33.71328570007506],[-84.39311109989728,33.71327399989525],[-84.39287099979674,33.71326820016736],[-84.39254929971037,33.713260400347224]]},"properties":{"overall":67,"safety":88,"sidewalk":100,"sidewalk_present":1,"canopy":12.7,"comfort":37.1,"name":"","road_type":"footway","osm_id":1386457935}},{"type":"Feature","geometry":{"type":"LineString","coordinates":[[-84.39287230021642,33.71332339965522],[-84.39287099979674,33.71326820016736],[-84.39286470004583,33.71301179985471]]},"properties":{"overall":72,"safety":100,"sidewalk":100,"sidewalk_present":1,"canopy":14.8,"comfort":36.6,"name":"","road_type":"service","osm_id":1525684238}},{"type":"Feature","geometry":{"type":"LineString","coordinates":[[-84.39258049989013,33.71344689995453],[-84.39258009969183,33.7134075995811],[-84.39258049989013,33.71332090043927]]},"properties":{"overall":68,"safety":91,"sidewalk":100,"sidewalk_present":1,"canopy":13.5,"comfort":35.8,"name":"","road_type":"service","osm_id":562987120}},{"type":"Feature","geometry":{"type":"LineString","coordinates":[[-84.39254929971037,33.713260400347224],[-84.39242619960936,33.713251800130536]]},"properties":{"overall":69,"safety":90,"sidewalk":100,"sidewalk_present":1,"canopy":15.6,"comfort":36.7,"name":"","road_type":"footway","osm_id":1386457936}},{"type":"Feature","geometry":{"type":"LineString","coordinates":[[-84.39110300010333,33.71401599993851],[-84.3911624003245,33.713991999731036],[-84.39175300040063,33.713637999594084],[-84.39211220041767,33.71342990006991],[-84.39228430008035,33.71333020032853],[-84.39230699986814,33.71331700007954],[-84.39235100009853,33.71331800012564],[-84.39255089960432,33.71332050024097],[-84.39258049989013,33.71332090043927],[-84.39287230021642,33.71332339965522],[-84.39299369969945,33.71332599959527],[-84.39334879970733,33.71333039997802],[-84.39347799990975,33.71333199987197]]},"properties":{"overall":26,"safety":64,"sidewalk":0,"sidewalk_present":0,"canopy":14.0,"comfort":37.4,"name":"Thirkeld Avenue Southwest","road_type":"residential","osm_id":629306012}},{"type":"Feature","geometry":{"type":"LineString","coordinates":[[-84.39226449970687,33.71324930001526],[-84.39228430008035,33.71333020032853],[-84.39230640002029,33.71340029978404]]},"properties":{"overall":68,"safety":89,"sidewalk":100,"sidewalk_present":1,"canopy":14.9,"comfort":36.6,"name":"","road_type":"footway","osm_id":1386457939}},{"type":"Feature","geometry":{"type":"LineString","coordinates":[[-84.39110989970209,33.713927600178636],[-84.39111670037539,33.713912600386266],[-84.39113110031997,33.71390510004039],[-84.39116369984481,33.71390059983287],[-84.39143509994989,33.71373150030854],[-84.39194190029843,33.713425700235916],[-84.3919794002291,33.71340630006074],[-84.39212739985959,33.71332110008876],[-84.39219219961029,33.71328589972455],[-84.39226449970687,33.71324930001526]]},"properties":{"overall":65,"safety":81,"sidewalk":100,"sidewalk_present":1,"canopy":14.2,"comfort":36.9,"name":"","road_type":"footway","osm_id":1385129665}},{"type":"Feature","geometry":{"type":"LineString","coordinates":[[-84.39216670023302,33.713691600087316],[-84.39207759990126,33.71365999970925]]},"properties":{"overall":36,"safety":96,"sidewalk":0,"sidewalk_present":0,"canopy":11.4,"comfort":35.5,"name":"","road_type":"service","osm_id":562987113}},{"type":"Feature","geometry":{"type":"LineString","coordinates":[[-84.39211220041767,33.71342990006991],[-84.3921396998872,33.71349550021722],[-84.39216310024682,33.71355140027697],[-84.39219700019135,33.71363210004142],[-84.3921930000069,33.71367329978301],[-84.39216670023302,33.713691600087316],[-84.39211919984115,33.713724699635236],[-84.3919904996618,33.713802699634925],[-84.39206060001663,33.713883900321775]]},"properties":{"overall":70,"safety":97,"sidewalk":100,"sidewalk_present":1,"canopy":12.2,"comfort":35.9,"name":"","road_type":"service","osm_id":562987119}},{"type":"Feature","geometry":{"type":"LineString","coordinates":[[-84.39216310024682,33.71355140027697],[-84.39210179975822,33.71359970016607],[-84.39207759990126,33.71365999970925],[-84.3920668997676,33.713692299759884],[-84.39205209962466,33.71371239960763],[-84.39203199977692,33.71373019988886],[-84.39197170023374,33.71375699968581],[-84.3919904996618,33.713802699634925]]},"properties":{"overall":37,"safety":98,"sidewalk":0,"sidewalk_present":0,"canopy":12.2,"comfort":36.0,"name":"","road_type":"service","osm_id":562987114}},{"type":"Feature","geometry":{"type":"LineString","coordinates":[[-84.3922453000805,33.71378040004549],[-84.39206060001663,33.713883900321775]]},"properties":{"overall":36,"safety":100,"sidewalk":0,"sidewalk_present":0,"canopy":9.1,"comfort":34.7,"name":"","road_type":"service","osm_id":562987117}},{"type":"Feature","geometry":{"type":"LineString","coordinates":[[-84.39206060001663,33.713883900321775],[-84.39228949996044,33.714148599578266],[-84.39246249984444,33.714058199726196],[-84.3922453000805,33.71378040004549]]},"properties":{"overall":38,"safety":100,"sidewalk":0,"sidewalk_present":0,"canopy":15.3,"comfort":36.7,"name":"","road_type":"service","osm_id":562987115}},{"type":"Feature","geometry":{"type":"LineString","coordinates":[[-84.39183890004517,33.714207700325176],[-84.39184960017889,33.71417469970265],[-84.39189489992964,33.71414429991955],[-84.39192700033078,33.714141500330015],[-84.39196579978181,33.714153699633584],[-84.39198539960648,33.714170400044],[-84.39199900005377,33.71420310029288],[-84.39199530024285,33.71422849984543],[-84.3919735996019,33.714256699886846],[-84.39195869963424,33.71426439988221],[-84.39194739965274,33.7142701996101],[-84.39190050000803,33.71427269972537],[-84.39187830024332,33.71426530010359],[-84.39185899989292,33.71425200002983],[-84.39184619984223,33.71423569981772],[-84.39184040011435,33.71422079985007],[-84.39183890004517,33.714207700325176]]},"properties":{"overall":39,"safety":100,"sidewalk":0,"sidewalk_present":0,"canopy":15.9,"comfort":37.7,"name":"","road_type":"residential","osm_id":242060783}},{"type":"Feature","geometry":{"type":"LineString","coordinates":[[-84.39299450009605,33.71341710001923],[-84.39336690036214,33.71342179987619]]},"properties":{"overall":66,"safety":86,"sidewalk":100,"sidewalk_present":1,"canopy":11.7,"comfort":37.7,"name":"","road_type":"footway","osm_id":1386457942}},{"type":"Feature","geometry":{"type":"LineString","coordinates":[[-84.39339029982244,33.71406610027037],[-84.3933875002329,33.71380529957497],[-84.39336690036214,33.71342179987619]]},"properties":{"overall":62,"safety":79,"sidewalk":100,"sidewalk_present":1,"canopy":8.4,"comfort":35.2,"name":"","road_type":"footway","osm_id":1386429674}},{"type":"Feature","geometry":{"type":"LineString","coordinates":[[-84.3938479000605,33.713877499846774],[-84.39384520029574,33.713833999639405],[-84.39357209957268,33.71382740041423],[-84.39347249965607,33.713825000123734]]},"properties":{"overall":56,"safety":51,"sidewalk":100,"sidewalk_present":1,"canopy":16.8,"comfort":40.0,"name":"","road_type":"service","osm_id":562987138}},{"type":"Feature","geometry":{"type":"LineString","coordinates":[[-84.39357249977098,33.71406980008123],[-84.39357209957268,33.71382740041423],[-84.39357299979406,33.71340120000542]]},"properties":{"overall":48,"safety":40,"sidewalk":100,"sidewalk_present":1,"canopy":4.0,"comfort":34.0,"name":"","road_type":"footway","osm_id":1386429673}},{"type":"Feature","geometry":{"type":"LineString","coordinates":[[-84.39391369985731,33.71405929959707],[-84.3939202999818,33.71387410040944],[-84.3938479000605,33.713877499846774]]},"properties":{"overall":56,"safety":51,"sidewalk":100,"sidewalk_present":1,"canopy":16.1,"comfort":40.1,"name":"","road_type":"service","osm_id":562987140}},{"type":"Feature","geometry":{"type":"LineString","coordinates":[[-84.39357249977098,33.71406980008123],[-84.39346500020957,33.71406799963853],[-84.39339029982244,33.71406610027037]]},"properties":{"overall":47,"safety":33,"sidewalk":100,"sidewalk_present":1,"canopy":6.8,"comfort":32.4,"name":"","road_type":"footway","osm_id":1386421531}},{"type":"Feature","geometry":{"type":"LineString","coordinates":[[-84.39391209996342,33.714085399721455],[-84.39357249977098,33.71406980008123]]},"properties":{"overall":42,"safety":19,"sidewalk":100,"sidewalk_present":1,"canopy":7.5,"comfort":35.8,"name":"","road_type":"footway","osm_id":1386373006}},{"type":"Feature","geometry":{"type":"LineString","coordinates":[[-84.39390790012948,33.71415319961051],[-84.39391209996342,33.714085399721455],[-84.39391369985731,33.71405929959707]]},"properties":{"overall":56,"safety":63,"sidewalk":100,"sidewalk_present":1,"canopy":6.5,"comfort":36.6,"name":"","road_type":"service","osm_id":562987139}},{"type":"Feature","geometry":{"type":"LineString","coordinates":[[-84.39357249977098,33.71406980008123],[-84.39357249977098,33.71414970034846],[-84.3935701003798,33.714204499638015]]},"properties":{"overall":48,"safety":39,"sidewalk":100,"sidewalk_present":1,"canopy":4.5,"comfort":31.6,"name":"","road_type":"footway","osm_id":1386373007}},{"type":"Feature","geometry":{"type":"LineString","coordinates":[[-84.39338340022368,33.714820900364316],[-84.39338779970717,33.714196199794856],[-84.39339029982244,33.71406610027037]]},"properties":{"overall":59,"safety":75,"sidewalk":100,"sidewalk_present":1,"canopy":2.3,"comfort":31.3,"name":"","road_type":"footway","osm_id":1386421529}},{"type":"Feature","geometry":{"type":"LineString","coordinates":[[-84.3935701003798,33.714204499638015],[-84.39346119967456,33.71420010015453],[-84.39338779970717,33.714196199794856]]},"properties":{"overall":55,"safety":64,"sidewalk":100,"sidewalk_present":1,"canopy":0.0,"comfort":30.0,"name":"","road_type":"footway","osm_id":1386421530}},{"type":"Feature","geometry":{"type":"LineString","coordinates":[[-84.3935701003798,33.714204499638015],[-84.39390919964978,33.71420299956884]]},"properties":{"overall":61,"safety":82,"sidewalk":100,"sidewalk_present":1,"canopy":0.0,"comfort":32.3,"name":"","road_type":"footway","osm_id":1386373008}},{"type":"Feature","geometry":{"type":"LineString","coordinates":[[-84.39390790012948,33.71415319961051],[-84.39390919964978,33.71420299956884],[-84.39391240033694,33.714332599969566]]},"properties":{"overall":63,"safety":88,"sidewalk":100,"sidewalk_present":1,"canopy":0.0,"comfort":33.6,"name":"","road_type":"service","osm_id":562987125}},{"type":"Feature","geometry":{"type":"LineString","coordinates":[[-84.39402359970933,33.71433309999264],[-84.39391240033694,33.714332599969566]]},"properties":{"overall":33,"safety":100,"sidewalk":0,"sidewalk_present":0,"canopy":0.0,"comfort":32.9,"name":"","road_type":"service","osm_id":562987133}},{"type":"Feature","geometry":{"type":"LineString","coordinates":[[-84.39402890031346,33.71450270043931],[-84.39395519997248,33.71450220041629],[-84.39391360003259,33.7144721001074],[-84.39391240033694,33.714332599969566]]},"properties":{"overall":33,"safety":100,"sidewalk":0,"sidewalk_present":0,"canopy":0.0,"comfort":32.9,"name":"","road_type":"service","osm_id":562987132}},{"type":"Feature","geometry":{"type":"LineString","coordinates":[[-84.39355099967884,33.71576019997332],[-84.39355330014467,33.71551799995581],[-84.39356739971566,33.71495030021623],[-84.3935701003798,33.714204499638015]]},"properties":{"overall":63,"safety":78,"sidewalk":100,"sidewalk_present":1,"canopy":11.3,"comfort":37.8,"name":"","road_type":"footway","osm_id":1386421527}},{"type":"Feature","geometry":{"type":"LineString","coordinates":[[-84.3937478999456,33.71582279998228],[-84.39375080025917,33.71549859978063]]},"properties":{"overall":74,"safety":96,"sidewalk":100,"sidewalk_present":1,"canopy":25.1,"comfort":47.4,"name":"","road_type":"residential","osm_id":713323099}},{"type":"Feature","geometry":{"type":"LineString","coordinates":[[-84.39382189976084,33.71550200011728],[-84.39375080025917,33.71549859978063]]},"properties":{"overall":75,"safety":99,"sidewalk":100,"sidewalk_present":1,"canopy":25.4,"comfort":46.5,"name":"","road_type":"footway","osm_id":1386534070}},{"type":"Feature","geometry":{"type":"LineString","coordinates":[[-84.39337120002085,33.71575960012552],[-84.39337299956424,33.71550229959149],[-84.39338340022368,33.714820900364316]]},"properties":{"overall":70,"safety":94,"sidewalk":100,"sidewalk_present":1,"canopy":15.7,"comfort":40.2,"name":"","road_type":"footway","osm_id":1386421528}},{"type":"Feature","geometry":{"type":"LineString","coordinates":[[-84.39382189976084,33.71550200011728],[-84.3938136997424,33.7156728002596],[-84.39380880023589,33.71573469969667],[-84.39381700025433,33.715757299659685],[-84.39383319974235,33.715768599641194],[-84.39387660012494,33.71577080028226],[-84.39415980023455,33.71577640036065]]},"properties":{"overall":75,"safety":96,"sidewalk":100,"sidewalk_present":1,"canopy":29.2,"comfort":49.4,"name":"","road_type":"footway","osm_id":1386534067}},{"type":"Feature","geometry":{"type":"LineString","coordinates":[[-84.39230640002029,33.71340029978404],[-84.39258009969183,33.7134075995811]]},"properties":{"overall":69,"safety":90,"sidewalk":100,"sidewalk_present":1,"canopy":15.6,"comfort":36.7,"name":"","road_type":"footway","osm_id":1386457940}},{"type":"Feature","geometry":{"type":"LineString","coordinates":[[-84.39258009969183,33.7134075995811],[-84.39299450009605,33.71341710001923]]},"properties":{"overall":71,"safety":96,"sidewalk":100,"sidewalk_present":1,"canopy":15.6,"comfort":37.4,"name":"","road_type":"footway","osm_id":1386457941}},{"type":"Feature","geometry":{"type":"LineString","coordinates":[[-84.39262750025887,33.71354730026775],[-84.39258049989013,33.71346139972388],[-84.39258049989013,33.71344689995453]]},"properties":{"overall":69,"safety":94,"sidewalk":100,"sidewalk_present":1,"canopy":13.5,"comfort":35.6,"name":"","road_type":"service","osm_id":562987122}},{"type":"Feature","geometry":{"type":"LineString","coordinates":[[-84.39299369969945,33.71332599959527],[-84.39299450009605,33.71341710001923],[-84.39299359987467,33.71347590039255],[-84.39293330033149,33.713538399677475],[-84.39284210008282,33.713554000217016],[-84.39262750025887,33.71354730026775]]},"properties":{"overall":71,"safety":100,"sidewalk":100,"sidewalk_present":1,"canopy":13.7,"comfort":36.5,"name":"","road_type":"service","osm_id":562987123}},{"type":"Feature","geometry":{"type":"LineString","coordinates":[[-84.39250209969214,33.7153953000531],[-84.39263770036956,33.715388799753384],[-84.39273289990336,33.715388799753384],[-84.3928076002905,33.71540219965186],[-84.39286910042858,33.71544369976698],[-84.3929540998518,33.715528899738956],[-84.39311369983733,33.71586039973772],[-84.39309760017409,33.71600780041973],[-84.39310349972669,33.71606259970923],[-84.39312110035848,33.71610890040546],[-84.39315040027071,33.71618080030373],[-84.39316060038135,33.71621980030358],[-84.3931517996158,33.71626119969466],[-84.39309760017409,33.71629289989744],[-84.39302880023888,33.71631730030322],[-84.3929965001883,33.71631969969445],[-84.39295109971346,33.716297800303266],[-84.392908800101,33.71621360037739],[-84.39289569967679,33.716159800234664],[-84.39292899977346,33.71612910007798],[-84.39310349972669,33.71606259970923]]},"properties":{"overall":41,"safety":100,"sidewalk":0,"sidewalk_present":0,"canopy":23.8,"comfort":44.8,"name":"","road_type":"residential","osm_id":242060786}},{"type":"Feature","geometry":{"type":"LineString","coordinates":[[-84.3927836999078,33.716926400333136],[-84.39248070032403,33.71653900027468],[-84.39227760013108,33.71614950029925]]},"properties":{"overall":51,"safety":32,"sidewalk":100,"sidewalk_present":1,"canopy":22.0,"comfort":44.0,"name":"","road_type":"footway","osm_id":1386430530}},{"type":"Feature","geometry":{"type":"LineString","coordinates":[[-84.39332390017779,33.71698729972417],[-84.39326719972144,33.716988500319076],[-84.39318309962033,33.71696929979339],[-84.39310180000803,33.71694119957675],[-84.39299479957032,33.7168848003933],[-84.39290129975512,33.71682170036121],[-84.39272720000025,33.71662709966097]]},"properties":{"overall":50,"safety":25,"sidewalk":100,"sidewalk_present":1,"canopy":26.4,"comfort":45.6,"name":"","road_type":"footway","osm_id":1386430529}},{"type":"Feature","geometry":{"type":"LineString","coordinates":[[-84.39331920032078,33.717114099636035],[-84.3933217004361,33.71704710014359],[-84.39332390017779,33.71698729972417]]},"properties":{"overall":43,"safety":10,"sidewalk":100,"sidewalk_present":1,"canopy":19.2,"comfort":42.8,"name":"","road_type":"footway","osm_id":1386421519}},{"type":"Feature","geometry":{"type":"LineString","coordinates":[[-84.39331920032078,33.717114099636035],[-84.39322270036729,33.71711980043847],[-84.39314399979571,33.71711010035091],[-84.39294639985644,33.71703280002373],[-84.3927836999078,33.716926400333136]]},"properties":{"overall":52,"safety":29,"sidewalk":100,"sidewalk_present":1,"canopy":28.0,"comfort":45.6,"name":"","road_type":"footway","osm_id":1386430528}},{"type":"Feature","geometry":{"type":"LineString","coordinates":[[-84.39271120016173,33.717286399847524],[-84.39278360008302,33.71728350043327],[-84.39282870018434,33.71728939998587],[-84.39285840029493,33.717308200313255],[-84.39286670013809,33.717338799745846],[-84.3928713999951,33.71739019959807],[-84.39286789983367,33.71743159988847],[-84.39285950016574,33.71745429967626],[-84.39283340004135,33.71747310000359],[-84.39280729991691,33.71747800040947],[-84.39278710024445,33.71747899955625]]},"properties":{"overall":44,"safety":100,"sidewalk":0,"sidewalk_present":0,"canopy":30.7,"comfort":44.7,"name":"","road_type":"service","osm_id":793910497}},{"type":"Feature","geometry":{"type":"LineString","coordinates":[[-84.3959944999462,33.70774789974581],[-84.39603109965549,33.707736800313114],[-84.3960717004486,33.70772050010106],[-84.3961381000932,33.70768610013346],[-84.39659630017906,33.70744519963631],[-84.39667370033095,33.70740199980253],[-84.39671499989731,33.70738060043442],[-84.39680450042732,33.707331500148655],[-84.39720170039811,33.707123500449256],[-84.39748079959918,33.70697070023766]]},"properties":{"overall":56,"safety":60,"sidewalk":100,"sidewalk_present":1,"canopy":7.1,"comfort":32.4,"name":"","road_type":"footway","osm_id":1387298311}},{"type":"Feature","geometry":{"type":"LineString","coordinates":[[-84.39586850043094,33.707803000308274],[-84.39593609977118,33.7077780000547],[-84.3959765998402,33.707759799575115],[-84.3959944999462,33.70774789974581]]},"properties":{"overall":39,"safety":0,"sidewalk":100,"sidewalk_present":1,"canopy":15.9,"comfort":36.2,"name":"","road_type":"footway","osm_id":1387298312}},{"type":"Feature","geometry":{"type":"LineString","coordinates":[[-84.39608210020873,33.70784040041423],[-84.39604029972003,33.70779099975488],[-84.3959944999462,33.70774789974581]]},"properties":{"overall":40,"safety":0,"sidewalk":100,"sidewalk_present":1,"canopy":20.1,"comfort":37.5,"name":"","road_type":"footway","osm_id":1387298310}},{"type":"Feature","geometry":{"type":"LineString","coordinates":[[-84.39595649999245,33.707919600109506],[-84.39601469961866,33.70788129978223],[-84.39606970035635,33.70784889990688],[-84.39608210020873,33.70784040041423]]},"properties":{"overall":40,"safety":0,"sidewalk":100,"sidewalk_present":1,"canopy":19.8,"comfort":37.3,"name":"","road_type":"footway","osm_id":1387298297}},{"type":"Feature","geometry":{"type":"LineString","coordinates":[[-84.39620599980702,33.71173099978586],[-84.3962199995533,33.71110000036475],[-84.39623300015279,33.71047100013658],[-84.39625000003741,33.70970199974755]]},"properties":{"overall":78,"safety":97,"sidewalk":100,"sidewalk_present":1,"canopy":38.4,"comfort":46.5,"name":"Aiken Street Southwest","road_type":"residential","osm_id":9277047}},{"type":"Feature","geometry":{"type":"LineString","coordinates":[[-84.39701040020975,33.711776599910195],[-84.39625080043407,33.711770399984005]]},"properties":{"overall":76,"safety":91,"sidewalk":100,"sidewalk_present":1,"canopy":36.4,"comfort":46.3,"name":"","road_type":"footway","osm_id":1386507642}},{"type":"Feature","geometry":{"type":"LineString","coordinates":[[-84.39514660023536,33.71418279989638],[-84.39516310009697,33.714119199841264],[-84.39519299985704,33.71402140036736],[-84.39524400041023,33.71397120021078],[-84.39528549962608,33.71395330010478],[-84.39578960020987,33.713818999847035],[-84.39580860018674,33.71381389979172],[-84.3959118000895,33.713755899815],[-84.39595879955891,33.71368340006893],[-84.39598019982634,33.71361310006455],[-84.39597890030598,33.713538399677475],[-84.3959440003153,33.71345690041568],[-84.39587969968835,33.71339450005621],[-84.39575630011313,33.71334760041151],[-84.39566240009964,33.71333759995031],[-84.39536060021152,33.713319699844305]]},"properties":{"overall":70,"safety":95,"sidewalk":100,"sidewalk_present":1,"canopy":14.0,"comfort":41.3,"name":"","road_type":"service","osm_id":562987142}},{"type":"Feature","geometry":{"type":"LineString","coordinates":[[-84.39656590039596,33.714247999845384],[-84.39647260023025,33.714247999845384],[-84.39639959956185,33.71425059978543]]},"properties":{"overall":77,"safety":88,"sidewalk":100,"sidewalk_present":1,"canopy":43.7,"comfort":58.8,"name":"","road_type":"footway","osm_id":1386373014}},{"type":"Feature","geometry":{"type":"LineString","coordinates":[[-84.3970832003294,33.71425180038034],[-84.39656590039596,33.714247999845384]]},"properties":{"overall":78,"safety":92,"sidewalk":100,"sidewalk_present":1,"canopy":42.1,"comfort":59.0,"name":"","road_type":"footway","osm_id":1386373013}},{"type":"Feature","geometry":{"type":"LineString","coordinates":[[-84.39555350029377,33.71423240020516],[-84.39639959956185,33.71425059978543]]},"properties":{"overall":80,"safety":89,"sidewalk":100,"sidewalk_present":1,"canopy":50.7,"comfort":57.9,"name":"","road_type":"footway","osm_id":1386373012}},{"type":"Feature","geometry":{"type":"LineString","coordinates":[[-84.39522839987075,33.7074942000973],[-84.39513239994028,33.70749909960381],[-84.39497270012998,33.7075895003552]]},"properties":{"overall":38,"safety":100,"sidewalk":0,"sidewalk_present":0,"canopy":13.5,"comfort":36.7,"name":"Amal Drive","road_type":"residential","osm_id":242062081}},{"type":"Feature","geometry":{"type":"LineString","coordinates":[[-84.39422900036806,33.70866520013891],[-84.39430810023862,33.70860260012995],[-84.39438849962954,33.70857139995019],[-84.3944830003901,33.70852140034242],[-84.3946469998591,33.7084409002274],[-84.39497689996392,33.7082643003572],[-84.39541059981929,33.708043999730876],[-84.39562700008594,33.707935299574444],[-84.3958237996286,33.70782429985161],[-84.39586850043094,33.707803000308274]]},"properties":{"overall":61,"safety":61,"sidewalk":100,"sidewalk_present":1,"canopy":22.4,"comfort":39.4,"name":"","road_type":"footway","osm_id":1387298303}},{"type":"Feature","geometry":{"type":"LineString","coordinates":[[-84.39481880004757,33.7087786001523],[-84.3949723997564,33.708695900295595],[-84.39507180002352,33.708695900295595],[-84.3951847998386,33.70872029980205],[-84.39523230023042,33.70873719986196],[-84.3962807001941,33.70822409976245],[-84.39601469961866,33.70788129978223],[-84.3959709997618,33.7078250004235]]},"properties":{"overall":34,"safety":67,"sidewalk":0,"sidewalk_present":0,"canopy":35.4,"comfort":47.4,"name":"Amal Drive","road_type":"residential","osm_id":242062087}},{"type":"Feature","geometry":{"type":"LineString","coordinates":[[-84.39777100003158,33.71175700008553],[-84.39620599980702,33.71173099978586],[-84.39509299974213,33.711710999762886],[-84.39508569994507,33.711710999762886],[-84.39400929958947,33.711706899753665],[-84.39359559975708,33.71170539968449],[-84.39349599984047,33.71170500038551]]},"properties":{"overall":69,"safety":78,"sidewalk":100,"sidewalk_present":1,"canopy":30.0,"comfort":44.9,"name":"Thornton Street Southwest","road_type":"residential","osm_id":629306005}},{"type":"Feature","geometry":{"type":"LineString","coordinates":[[-84.39445779958777,33.71174189956906],[-84.39508569994507,33.71175600003943]]},"properties":{"overall":78,"safety":100,"sidewalk":100,"sidewalk_present":1,"canopy":34.9,"comfort":50.0,"name":"","road_type":"footway","osm_id":1386507635}},{"type":"Feature","geometry":{"type":"LineString","coordinates":[[-84.39508569994507,33.71175600003943],[-84.3957400997258,33.711758400329984],[-84.39625080043407,33.711770399984005]]},"properties":{"overall":78,"safety":93,"sidewalk":100,"sidewalk_present":1,"canopy":40.5,"comfort":51.7,"name":"","road_type":"footway","osm_id":1386507636}},{"type":"Feature","geometry":{"type":"LineString","coordinates":[[-84.39508569994507,33.711710999762886],[-84.39508569994507,33.71175600003943],[-84.39508569994507,33.7117945000162],[-84.395042599936,33.711888599679185],[-84.3950373002312,33.712430899866206]]},"properties":{"overall":67,"safety":100,"sidewalk":100,"sidewalk_present":1,"canopy":0.0,"comfort":0.0,"name":"","road_type":"service","osm_id":713323100}},{"type":"Feature","geometry":{"type":"LineString","coordinates":[[-84.3961190002916,33.714159799735],[-84.39516310009697,33.714119199841264]]},"properties":{"overall":74,"safety":89,"sidewalk":100,"sidewalk_present":1,"canopy":32.8,"comfort":49.9,"name":"","road_type":"footway","osm_id":1386373004}},{"type":"Feature","geometry":{"type":"LineString","coordinates":[[-84.3972079003243,33.71422739997456],[-84.39707489958693,33.71422120004837],[-84.39647060013806,33.71420959969333],[-84.39605530041177,33.7142012000254],[-84.3956238002981,33.71419240015916],[-84.39554580029841,33.71419080026527],[-84.39519230018448,33.7141837001177],[-84.39514660023536,33.71418279989638],[-84.39444350036723,33.71415729961973],[-84.39390790012948,33.71415319961051],[-84.39357249977098,33.71414970034846],[-84.39346159987292,33.714148599578266]]},"properties":{"overall":69,"safety":84,"sidewalk":100,"sidewalk_present":1,"canopy":24.4,"comfort":46.2,"name":"Arthur Langford Junior Place Southwest","road_type":"residential","osm_id":9273556}},{"type":"Feature","geometry":{"type":"LineString","coordinates":[[-84.39444350036723,33.714219899628745],[-84.39519469957571,33.71422480003457]]},"properties":{"overall":68,"safety":87,"sidewalk":100,"sidewalk_present":1,"canopy":16.2,"comfort":41.8,"name":"","road_type":"footway","osm_id":1386373010}},{"type":"Feature","geometry":{"type":"LineString","coordinates":[[-84.39351499981734,33.70875300005099],[-84.3936175998723,33.70875559999098],[-84.39375199995482,33.70875900032763],[-84.39399100018449,33.70873800025856],[-84.39419449967636,33.7087128003555],[-84.39429909982357,33.70869989958078]]},"properties":{"overall":27,"safety":63,"sidewalk":0,"sidewalk_present":0,"canopy":16.9,"comfort":37.2,"name":"","road_type":"residential","osm_id":9239693}},{"type":"Feature","geometry":{"type":"LineString","coordinates":[[-84.39357049967879,33.71165769964318],[-84.3935761995819,33.71135899971813],[-84.39357930044434,33.71097919983026],[-84.3935765997802,33.710581200362185],[-84.39357950009384,33.710524400081056],[-84.39359499990928,33.71048530025644],[-84.39360160003378,33.710472699855245],[-84.39359630032897,33.71043550029816],[-84.3935882001353,33.710408699601885],[-84.39359110044887,33.710327099615995],[-84.39359719965103,33.71007239992139],[-84.39359850007071,33.70987320008817],[-84.39360160003378,33.70981239962259],[-84.39368789987662,33.70957700027839],[-84.3937354002685,33.70949280035251],[-84.39392239989883,33.70920639955574],[-84.39411360026241,33.708978100359104],[-84.39435299979107,33.70876410038295],[-84.39459660005303,33.70862239960411],[-84.39480230018597,33.70851389999655],[-84.39513569955284,33.70834199998336],[-84.39545739963927,33.70817779996554],[-84.39548719957457,33.7081661996105],[-84.39550559970365,33.708160899905636],[-84.3955216004415,33.70815620004862],[-84.39553650040915,33.70814649996106],[-84.39554940028455,33.708131199795105],[-84.39556580032138,33.70811889976744],[-84.39557860037206,33.70811250019176],[-84.39593280015856,33.70793490027546],[-84.39594520001094,33.70792220004955],[-84.39595649999245,33.707919600109506]]},"properties":{"overall":57,"safety":53,"sidewalk":100,"sidewalk_present":1,"canopy":17.5,"comfort":39.5,"name":"","road_type":"footway","osm_id":1387298288}},{"type":"Feature","geometry":{"type":"LineString","coordinates":[[-84.39516310009697,33.714119199841264],[-84.3945653000485,33.71409840032095],[-84.39431609970819,33.714092499869025],[-84.39391209996342,33.714085399721455]]},"properties":{"overall":62,"safety":78,"sidewalk":100,"sidewalk_present":1,"canopy":8.7,"comfort":38.5,"name":"","road_type":"footway","osm_id":1386373005}},{"type":"Feature","geometry":{"type":"LineString","coordinates":[[-84.39444510026112,33.71450469963224],[-84.39444360019195,33.714333299642135],[-84.39444350036723,33.714219899628745],[-84.39444350036723,33.71415729961973]]},"properties":{"overall":68,"safety":100,"sidewalk":100,"sidewalk_present":1,"canopy":3.7,"comfort":38.1,"name":"","road_type":"service","osm_id":562987136}},{"type":"Feature","geometry":{"type":"LineString","coordinates":[[-84.39390919964978,33.71420299956884],[-84.39444350036723,33.714219899628745]]},"properties":{"overall":67,"safety":100,"sidewalk":100,"sidewalk_present":1,"canopy":0.0,"comfort":35.5,"name":"","road_type":"footway","osm_id":1386373009}},{"type":"Feature","geometry":{"type":"LineString","coordinates":[[-84.39435480023383,33.714334500237044],[-84.39402359970933,33.71433309999264]]},"properties":{"overall":33,"safety":100,"sidewalk":0,"sidewalk_present":0,"canopy":0.0,"comfort":35.5,"name":"","road_type":"service","osm_id":562987134}},{"type":"Feature","geometry":{"type":"LineString","coordinates":[[-84.39444360019195,33.714333299642135],[-84.39435480023383,33.714334500237044]]},"properties":{"overall":34,"safety":100,"sidewalk":0,"sidewalk_present":0,"canopy":3.1,"comfort":37.9,"name":"","road_type":"service","osm_id":562987135}},{"type":"Feature","geometry":{"type":"LineString","coordinates":[[-84.39436689971262,33.71450500000577],[-84.39402890031346,33.71450270043931]]},"properties":{"overall":34,"safety":100,"sidewalk":0,"sidewalk_present":0,"canopy":2.8,"comfort":36.3,"name":"","road_type":"service","osm_id":562987131}},{"type":"Feature","geometry":{"type":"LineString","coordinates":[[-84.39444999976763,33.714630500397334],[-84.39444510026112,33.71450469963224],[-84.39436689971262,33.71450500000577]]},"properties":{"overall":35,"safety":100,"sidewalk":0,"sidewalk_present":0,"canopy":6.3,"comfort":38.9,"name":"","road_type":"service","osm_id":562987130}},{"type":"Feature","geometry":{"type":"LineString","coordinates":[[-84.39444999976763,33.714696300194134],[-84.39444999976763,33.714630500397334]]},"properties":{"overall":36,"safety":100,"sidewalk":0,"sidewalk_present":0,"canopy":9.4,"comfort":40.0,"name":"","road_type":"service","osm_id":562987128}},{"type":"Feature","geometry":{"type":"LineString","coordinates":[[-84.39400929958947,33.711706899753665],[-84.39400380023517,33.71159749992472],[-84.39398559975558,33.7115734997173],[-84.39395179963583,33.71156019964354],[-84.3938006002175,33.711559900169334],[-84.39374710044831,33.71160229960651]]},"properties":{"overall":57,"safety":62,"sidewalk":100,"sidewalk_present":1,"canopy":9.6,"comfort":40.0,"name":"","road_type":"service","osm_id":1185298695}},{"type":"Feature","geometry":{"type":"LineString","coordinates":[[-84.39357049967879,33.71165769964318],[-84.39349590001575,33.71165859986456],[-84.39342479961476,33.711657199620106]]},"properties":{"overall":59,"safety":71,"sidewalk":100,"sidewalk_present":1,"canopy":5.6,"comfort":36.5,"name":"","road_type":"footway","osm_id":1386429688}},{"type":"Feature","geometry":{"type":"LineString","coordinates":[[-84.39359239996924,33.71168200022419],[-84.39358150018603,33.71166660023346],[-84.39357049967879,33.71165769964318]]},"properties":{"overall":59,"safety":70,"sidewalk":100,"sidewalk_present":1,"canopy":6.7,"comfort":37.0,"name":"","road_type":"footway","osm_id":1387298287}},{"type":"Feature","geometry":{"type":"LineString","coordinates":[[-84.39359370038892,33.71174820021929],[-84.39359559975708,33.71170539968449],[-84.39359239996924,33.71168200022419]]},"properties":{"overall":58,"safety":66,"sidewalk":100,"sidewalk_present":1,"canopy":6.7,"comfort":36.8,"name":"","road_type":"footway","osm_id":1386429687}},{"type":"Feature","geometry":{"type":"LineString","coordinates":[[-84.39359370038892,33.71174820021929],[-84.39389109989429,33.711745999578284],[-84.39445779958777,33.71174189956906]]},"properties":{"overall":64,"safety":70,"sidewalk":100,"sidewalk_present":1,"canopy":21.1,"comfort":43.4,"name":"","road_type":"footway","osm_id":1386507634}},{"type":"Feature","geometry":{"type":"LineString","coordinates":[[-84.39359370038892,33.71174820021929],[-84.39357459968801,33.71176499955516],[-84.39357230012149,33.71178699967032],[-84.39356860031063,33.71202549987697]]},"properties":{"overall":49,"safety":45,"sidewalk":100,"sidewalk_present":1,"canopy":2.8,"comfort":35.5,"name":"","road_type":"footway","osm_id":1386429690}},{"type":"Feature","geometry":{"type":"LineString","coordinates":[[-84.39342479961476,33.711657199620106],[-84.39341969955944,33.71193660009408],[-84.39341739999298,33.711983800112364],[-84.39340190017754,33.7120189995772]]},"properties":{"overall":51,"safety":50,"sidewalk":100,"sidewalk_present":1,"canopy":4.2,"comfort":35.4,"name":"","road_type":"footway","osm_id":1386429689}},{"type":"Feature","geometry":{"type":"LineString","coordinates":[[-84.39349280005263,33.712022899936926],[-84.39340190017754,33.7120189995772]]},"properties":{"overall":44,"safety":31,"sidewalk":100,"sidewalk_present":1,"canopy":0.0,"comfort":33.3,"name":"","road_type":"footway","osm_id":1386429684}},{"type":"Feature","geometry":{"type":"LineString","coordinates":[[-84.39349280005263,33.712022899936926],[-84.39356860031063,33.71202549987697]]},"properties":{"overall":44,"safety":31,"sidewalk":100,"sidewalk_present":1,"canopy":0.0,"comfort":34.1,"name":"","road_type":"footway","osm_id":1386429685}},{"type":"Feature","geometry":{"type":"LineString","coordinates":[[-84.39356839976182,33.712152399613615],[-84.39356860031063,33.71202549987697]]},"properties":{"overall":44,"safety":31,"sidewalk":100,"sidewalk_present":1,"canopy":0.0,"comfort":34.1,"name":"","road_type":"footway","osm_id":1386429686}},{"type":"Feature","geometry":{"type":"LineString","coordinates":[[-84.39519469957571,33.71422480003457],[-84.39555350029377,33.71423240020516]]},"properties":{"overall":77,"safety":87,"sidewalk":100,"sidewalk_present":1,"canopy":43.5,"comfort":51.3,"name":"","road_type":"footway","osm_id":1386373011}},{"type":"Feature","geometry":{"type":"LineString","coordinates":[[-84.395557600303,33.71452890038847],[-84.39558320040436,33.71449090043478],[-84.3955928995926,33.71444659983075],[-84.39557069982789,33.71432559964677],[-84.39555350029377,33.71423240020516],[-84.39554580029841,33.71419080026527]]},"properties":{"overall":83,"safety":96,"sidewalk":100,"sidewalk_present":1,"canopy":52.8,"comfort":56.2,"name":"","road_type":"service","osm_id":713323096}},{"type":"Feature","geometry":{"type":"LineString","coordinates":[[-84.395557600303,33.71452890038847],[-84.39551179962979,33.71458480044822]]},"properties":{"overall":50,"safety":100,"sidewalk":0,"sidewalk_present":0,"canopy":50.7,"comfort":56.3,"name":"","road_type":"service","osm_id":713323097}},{"type":"Feature","geometry":{"type":"LineString","coordinates":[[-84.39551179962979,33.71458480044822],[-84.39546409958848,33.714607900434316],[-84.3953221002347,33.71461659957646]]},"properties":{"overall":51,"safety":100,"sidewalk":0,"sidewalk_present":0,"canopy":54.2,"comfort":56.2,"name":"","road_type":"service","osm_id":713323098}},{"type":"Feature","geometry":{"type":"LineString","coordinates":[[-84.39519230018448,33.7141837001177],[-84.39519469957571,33.71422480003457],[-84.39520410018906,33.714389400250695],[-84.395273499972,33.71451260017642],[-84.3953221002347,33.71461659957646],[-84.39532260025777,33.714634399857744],[-84.39532310028079,33.71465430005594],[-84.39532439980115,33.71470510006037],[-84.39528039957077,33.71481869972325],[-84.39511380016171,33.71496689990255],[-84.39507220022182,33.71508430010044],[-84.39509530020791,33.71518630030755],[-84.39513060039684,33.71527839987829],[-84.39514620003706,33.7153190995968],[-84.39514860032762,33.71537680009931],[-84.3951624004244,33.71557470041216],[-84.39544859977303,33.71570630000582]]},"properties":{"overall":82,"safety":96,"sidewalk":100,"sidewalk_present":1,"canopy":50.5,"comfort":57.4,"name":"","road_type":"residential","osm_id":242064348}},{"type":"Feature","geometry":{"type":"LineString","coordinates":[[-84.39558189998468,33.715470499563935],[-84.39513060039684,33.71527839987829]]},"properties":{"overall":46,"safety":100,"sidewalk":0,"sidewalk_present":0,"canopy":39.0,"comfort":57.6,"name":"","road_type":"service","osm_id":562978649}},{"type":"Feature","geometry":{"type":"LineString","coordinates":[[-84.39593649996948,33.71538969997471],[-84.39572009970283,33.715745499655156]]},"properties":{"overall":75,"safety":100,"sidewalk":100,"sidewalk_present":1,"canopy":23.6,"comfort":58.0,"name":"","road_type":"footway","osm_id":1386534074}},{"type":"Feature","geometry":{"type":"LineString","coordinates":[[-84.39544859977303,33.71570630000582],[-84.39573530004401,33.715818199950036]]},"properties":{"overall":44,"safety":100,"sidewalk":0,"sidewalk_present":0,"canopy":33.2,"comfort":60.8,"name":"","road_type":"residential","osm_id":1130834220}},{"type":"Feature","geometry":{"type":"LineString","coordinates":[[-84.39559350033971,33.715961800097034],[-84.39563520010438,33.71597930000473]]},"properties":{"overall":76,"safety":100,"sidewalk":100,"sidewalk_present":1,"canopy":28.3,"comfort":59.7,"name":"","road_type":"footway","osm_id":1386534075}},{"type":"Feature","geometry":{"type":"LineString","coordinates":[[-84.3954926998282,33.716093799888995],[-84.39552370035847,33.716072799819926],[-84.39554130009088,33.716048000115165],[-84.39556700001702,33.71600230016605],[-84.39559350033971,33.715961800097034]]},"properties":{"overall":75,"safety":99,"sidewalk":100,"sidewalk_present":1,"canopy":26.2,"comfort":58.5,"name":"","road_type":"footway","osm_id":1386534072}},{"type":"Feature","geometry":{"type":"LineString","coordinates":[[-84.39427570036327,33.715135799777386],[-84.39427439994358,33.7148681003826],[-84.39431189987425,33.71481900009684],[-84.39444999976763,33.7147398004015]]},"properties":{"overall":35,"safety":95,"sidewalk":0,"sidewalk_present":0,"canopy":8.7,"comfort":39.9,"name":"","road_type":"service","osm_id":562987127}},{"type":"Feature","geometry":{"type":"LineString","coordinates":[[-84.39427570036327,33.715135799777386],[-84.39464179997907,33.71512690008643],[-84.39464049955939,33.71499300002699],[-84.39444999976763,33.7147398004015],[-84.39444999976763,33.714696300194134]]},"properties":{"overall":43,"safety":100,"sidewalk":0,"sidewalk_present":0,"canopy":29.5,"comfort":47.6,"name":"","road_type":"service","osm_id":562987137}},{"type":"Feature","geometry":{"type":"LineString","coordinates":[[-84.39344900037105,33.71582199958567],[-84.39355299977109,33.7158222999592],[-84.3937478999456,33.71582279998228],[-84.39381500016208,33.71582299963177],[-84.39413499963047,33.71582499972402],[-84.39460000038969,33.71587400018501],[-84.39506100006508,33.7159799996773],[-84.3954631004417,33.71614540029003],[-84.39551799955598,33.71616800025305]]},"properties":{"overall":75,"safety":94,"sidewalk":100,"sidewalk_present":1,"canopy":31.5,"comfort":54.4,"name":"Bowen Circle Southwest","road_type":"residential","osm_id":9257082}},{"type":"Feature","geometry":{"type":"LineString","coordinates":[[-84.39415980023455,33.71577640036065],[-84.39463629972539,33.7158287004342],[-84.39481279977088,33.715863100401805],[-84.3949907000607,33.715910699719075]]},"properties":{"overall":78,"safety":98,"sidewalk":100,"sidewalk_present":1,"canopy":35.0,"comfort":55.1,"name":"","road_type":"footway","osm_id":1386534068}},{"type":"Feature","geometry":{"type":"LineString","coordinates":[[-84.395196800392,33.71659200002085],[-84.39505899997283,33.7165352995645],[-84.39490569973822,33.71649219955543],[-84.39469689964216,33.716488200270305],[-84.39451530044073,33.71654420015477],[-84.3943858996895,33.71663650027432],[-84.3942810998928,33.71676030004784]]},"properties":{"overall":72,"safety":92,"sidewalk":100,"sidewalk_present":1,"canopy":25.5,"comfort":52.1,"name":"","road_type":"footway","osm_id":1386518227}},{"type":"Feature","geometry":{"type":"LineString","coordinates":[[-84.39513039984803,33.71669999960534],[-84.39508129956226,33.71666389991907],[-84.39500329956257,33.71662799988235],[-84.39492729965514,33.71660320017759],[-84.3948655998675,33.71659209984557],[-84.39480199981239,33.716585300071586],[-84.39465719996974,33.716598899619555],[-84.39451359982274,33.71666549981302]]},"properties":{"overall":72,"safety":92,"sidewalk":100,"sidewalk_present":1,"canopy":24.0,"comfort":50.8,"name":"","road_type":"footway","osm_id":1386518228}},{"type":"Feature","geometry":{"type":"LineString","coordinates":[[-84.39483310016738,33.71740129993009],[-84.39476950011232,33.71739219969032],[-84.39451750018247,33.717330999925764],[-84.39437349983712,33.71720169989857],[-84.39428350018335,33.717028799839284],[-84.39427539998968,33.7168927000381],[-84.3943325995698,33.71676209959128],[-84.39444880007204,33.71663419980854],[-84.39456010016846,33.71657429956434],[-84.39466480014039,33.71653619978582],[-84.39478580032437,33.71653070043152],[-84.3949004000334,33.71653480044074],[-84.39501000041116,33.71656339978114],[-84.3951677001292,33.71664060028354],[-84.3952153003458,33.71666449976692]]},"properties":{"overall":72,"safety":93,"sidewalk":100,"sidewalk_present":1,"canopy":24.1,"comfort":49.3,"name":"High POint Terrace","road_type":"residential","osm_id":242064347}},{"type":"Feature","geometry":{"type":"LineString","coordinates":[[-84.39451359982274,33.71666549981302],[-84.39443030011824,33.71673129960982],[-84.39440190042734,33.716773000273804],[-84.39438160003078,33.716806800393556],[-84.3943679995835,33.716866599913715],[-84.39435039985102,33.71694209979813],[-84.39436760028451,33.717063000157395]]},"properties":{"overall":75,"safety":95,"sidewalk":100,"sidewalk_present":1,"canopy":29.5,"comfort":51.8,"name":"","road_type":"footway","osm_id":1386518229}},{"type":"Feature","geometry":{"type":"LineString","coordinates":[[-84.39505099960394,33.716826400218224],[-84.39489370008414,33.71707029995446],[-84.39477849962805,33.717279000225744]]},"properties":{"overall":72,"safety":95,"sidewalk":100,"sidewalk_present":1,"canopy":22.3,"comfort":47.6,"name":"","road_type":"footway","osm_id":1386518221}},{"type":"Feature","geometry":{"type":"LineString","coordinates":[[-84.3942810998928,33.71676030004784],[-84.39424889966693,33.71683999976625],[-84.39423489992066,33.716950100167026],[-84.39426019964844,33.71708319982986],[-84.3942975997544,33.717169999695784],[-84.39435599992942,33.71724599960328],[-84.39441039991999,33.71730329990743],[-84.39449490021946,33.71735080029924],[-84.39451989957365,33.71736489987029],[-84.39473700041219,33.71743600027122]]},"properties":{"overall":76,"safety":94,"sidewalk":100,"sidewalk_present":1,"canopy":32.7,"comfort":51.0,"name":"","road_type":"footway","osm_id":1386518230}},{"type":"Feature","geometry":{"type":"LineString","coordinates":[[-84.39639959956185,33.71425059978543],[-84.39642469964014,33.71428770041712],[-84.3964267995571,33.71434110036154],[-84.39641899973702,33.71444299984461],[-84.396396399774,33.71453560033774],[-84.39631539963597,33.71472600030472],[-84.39615300006085,33.715020100197535],[-84.39593649996948,33.71538969997471]]},"properties":{"overall":78,"safety":96,"sidewalk":100,"sidewalk_present":1,"canopy":38.7,"comfort":60.9,"name":"","road_type":"footway","osm_id":1386534073}},{"type":"Feature","geometry":{"type":"LineString","coordinates":[[-84.39551799955598,33.71616800025305],[-84.39563520010438,33.71597930000473],[-84.39573530004401,33.715818199950036],[-84.39620999999147,33.71505400014206],[-84.39637899969102,33.71474600032769],[-84.39645999982912,33.714509000190276],[-84.39647799975984,33.71435200014474],[-84.39647260023025,33.714247999845384],[-84.39647060013806,33.71420959969333]]},"properties":{"overall":78,"safety":96,"sidewalk":100,"sidewalk_present":1,"canopy":38.2,"comfort":61.5,"name":"Bowen Circle Southwest","road_type":"residential","osm_id":9257080}},{"type":"Feature","geometry":{"type":"LineString","coordinates":[[-84.39599180018138,33.716372300141586],[-84.39609149992276,33.716247899620896],[-84.39629109995428,33.716111000322485],[-84.39643730004133,33.715941700249346],[-84.39644800017504,33.71592470036467],[-84.39654119961665,33.71577669983486],[-84.39659129994851,33.715558300375335],[-84.39664660016041,33.71535150037147],[-84.39675979962499,33.71512180003111],[-84.3968951997536,33.71489840034093],[-84.39701319979929,33.71470929989431],[-84.39713300028768,33.7145618002869],[-84.39716059958198,33.71445100021356],[-84.39710580029242,33.714335600107916],[-84.3970832003294,33.71425180038034],[-84.39707489958693,33.71422120004837]]},"properties":{"overall":87,"safety":100,"sidewalk":100,"sidewalk_present":1,"canopy":61.8,"comfort":72.2,"name":"","road_type":"footway","osm_id":969919569}},{"type":"Feature","geometry":{"type":"LineString","coordinates":[[-84.39644800017504,33.71592470036467],[-84.39653599973656,33.71596339999098],[-84.39664219977766,33.716028000092194],[-84.39679650005837,33.71615480000406]]},"properties":{"overall":33,"safety":100,"sidewalk":0,"sidewalk_present":0,"canopy":0.0,"comfort":0.0,"name":"","road_type":"footway","osm_id":1490883581}},{"type":"Feature","geometry":{"type":"LineString","coordinates":[[-84.3948310002504,33.717425999810075],[-84.39503859975156,33.717468300321855],[-84.39511149969593,33.71747410004974],[-84.39513580027693,33.71745579974544],[-84.39532549967203,33.7171517002908],[-84.39540310037273,33.71709399978829],[-84.39590169980357,33.71678320038444],[-84.39599309970174,33.716766800347614],[-84.396107599586,33.716756200038674],[-84.39618170012534,33.7167726000755],[-84.39632750001408,33.71681880004763],[-84.39678789984168,33.7169516002362],[-84.39690129985507,33.71696119959972],[-84.39697879983169,33.716964099913355],[-84.39702160036654,33.7169630998672],[-84.39709269986815,33.716952799931846]]},"properties":{"overall":73,"safety":96,"sidewalk":100,"sidewalk_present":1,"canopy":21.7,"comfort":48.9,"name":"High Point Terrace Southwest","road_type":"residential","osm_id":242064349}},{"type":"Feature","geometry":{"type":"LineString","coordinates":[[-84.39605220044865,33.71762659988775],[-84.39623290032807,33.71763470008142],[-84.39629279967295,33.71760779956037],[-84.39633660025385,33.71757789980029],[-84.396355500406,33.717550400330765],[-84.39636969980177,33.717516100187936],[-84.39637770017066,33.71747140028492],[-84.39636490012003,33.71740229997624],[-84.39634730038756,33.71736299960281],[-84.39632370037845,33.717340399639795],[-84.39627629981135,33.71731840042389],[-84.3962197999038,33.71729910007349],[-84.39616940009768,33.717293499995094],[-84.39611569977967,33.71729950027179],[-84.396078199849,33.71730990003192],[-84.39602010004756,33.717347099589006],[-84.39597089993703,33.71741180041431]]},"properties":{"overall":72,"safety":98,"sidewalk":100,"sidewalk_present":1,"canopy":17.4,"comfort":43.7,"name":"","road_type":"footway","osm_id":1386531047}},{"type":"Feature","geometry":{"type":"LineString","coordinates":[[-84.39585110034795,33.718017099909275],[-84.39586589959157,33.71796799962351],[-84.39597480029676,33.71760690023831],[-84.39598319996469,33.71757880002167],[-84.39600849969247,33.71749489957],[-84.39603769977998,33.71740549976403],[-84.39607090005194,33.71736790000864],[-84.39613719987182,33.717344800022545],[-84.39621550024509,33.717344800022545],[-84.39627129958075,33.71736899987951],[-84.39630979955757,33.71741209988858],[-84.39632440005096,33.71745410002677],[-84.39631240039694,33.717505999902016],[-84.3962845996545,33.717553399569795],[-84.39623939972847,33.717580999763356],[-84.39618239979785,33.717587699712624],[-84.39610010013945,33.71758430027529],[-84.39598319996469,33.71757880002167]]},"properties":{"overall":39,"safety":98,"sidewalk":0,"sidewalk_present":0,"canopy":20.1,"comfort":44.4,"name":"Bowen Court","road_type":"residential","osm_id":588070254}},{"type":"Feature","geometry":{"type":"LineString","coordinates":[[-84.39595099973883,33.71797480029687],[-84.39595080008934,33.717932700333904],[-84.39596710030139,33.71786539956861],[-84.39605220044865,33.71762659988775]]},"properties":{"overall":73,"safety":100,"sidewalk":100,"sidewalk_present":1,"canopy":19.3,"comfort":43.6,"name":"","road_type":"footway","osm_id":1386531046}},{"type":"Feature","geometry":{"type":"LineString","coordinates":[[-84.39580650026971,33.71795299983114],[-84.39586589959157,33.71796799962351],[-84.39595099973883,33.71797480029687]]},"properties":{"overall":75,"safety":100,"sidewalk":100,"sidewalk_present":1,"canopy":24.9,"comfort":45.7,"name":"","road_type":"footway","osm_id":1386531045}},{"type":"Feature","geometry":{"type":"LineString","coordinates":[[-84.3948670001119,33.717236000041396],[-84.3952153003458,33.71666449976692],[-84.39549240035393,33.71621000039124],[-84.39551799955598,33.71616800025305],[-84.39599180018138,33.716372300141586],[-84.39686799975834,33.716750000112484],[-84.3970120001037,33.716853000365745],[-84.39709269986815,33.716952799931846],[-84.39712599996489,33.71699399967338],[-84.39717500042588,33.71710300020334],[-84.39717880006151,33.71712059993581],[-84.39719300035665,33.7172000001799],[-84.3971849999877,33.71731299999499],[-84.39715000017236,33.717422999671726],[-84.39698999998848,33.71769100033947],[-84.39683199989685,33.717911999739044],[-84.39673599996638,33.71800699962341],[-84.39663399975922,33.71806899978458],[-84.39649200040543,33.71810599969217],[-84.3963690001292,33.71810899983052],[-84.39585110034795,33.718017099909275],[-84.39578769994239,33.71800599957726],[-84.39526999981058,33.717914999877394],[-84.39514200020312,33.71786800040792],[-84.39504500022656,33.717808000339005],[-84.39496600018072,33.717732999578345],[-84.39492299999642,33.717673899730755],[-84.39489100031938,33.7176300002244],[-84.39484800013508,33.71753100015559],[-84.3948310002504,33.717425999810075],[-84.39483310016738,33.71740129993009],[-84.39483999976613,33.71732100036394],[-84.3948670001119,33.717236000041396]]},"properties":{"overall":75,"safety":100,"sidewalk":100,"sidewalk_present":1,"canopy":25.1,"comfort":50.1,"name":"Bowen Circle Southwest","road_type":"residential","osm_id":9257078}},{"type":"Feature","geometry":{"type":"LineString","coordinates":[[-84.3949907000607,33.715910699719075],[-84.3954926998282,33.716093799888995]]},"properties":{"overall":77,"safety":98,"sidewalk":100,"sidewalk_present":1,"canopy":33.5,"comfort":58.9,"name":"","road_type":"footway","osm_id":1386534069}},{"type":"Feature","geometry":{"type":"LineString","coordinates":[[-84.3954926998282,33.716093799888995],[-84.3954631004417,33.71614540029003],[-84.39544070012818,33.716191999561204]]},"properties":{"overall":76,"safety":96,"sidewalk":100,"sidewalk_present":1,"canopy":33.1,"comfort":60.2,"name":"","road_type":"footway","osm_id":1386534071}},{"type":"Feature","geometry":{"type":"LineString","coordinates":[[-84.39544070012818,33.716191999561204],[-84.39534720031298,33.7163405999388]]},"properties":{"overall":73,"safety":88,"sidewalk":100,"sidewalk_present":1,"canopy":30.4,"comfort":58.2,"name":"","road_type":"footway","osm_id":1386518220}},{"type":"Feature","geometry":{"type":"LineString","coordinates":[[-84.39534720031298,33.7163405999388],[-84.395196800392,33.71659200002085]]},"properties":{"overall":73,"safety":88,"sidewalk":100,"sidewalk_present":1,"canopy":29.9,"comfort":56.2,"name":"","road_type":"footway","osm_id":1386518222}},{"type":"Feature","geometry":{"type":"LineString","coordinates":[[-84.395196800392,33.71659200002085],[-84.3951677001292,33.71664060028354]]},"properties":{"overall":69,"safety":84,"sidewalk":100,"sidewalk_present":1,"canopy":22.4,"comfort":51.5,"name":"","road_type":"footway","osm_id":1386518226}},{"type":"Feature","geometry":{"type":"LineString","coordinates":[[-84.3951677001292,33.71664060028354],[-84.39513039984803,33.71669999960534]]},"properties":{"overall":72,"safety":88,"sidewalk":100,"sidewalk_present":1,"canopy":26.9,"comfort":52.2,"name":"","road_type":"footway","osm_id":1386518225}},{"type":"Feature","geometry":{"type":"LineString","coordinates":[[-84.39513039984803,33.71669999960534],[-84.39505099960394,33.716826400218224]]},"properties":{"overall":71,"safety":89,"sidewalk":100,"sidewalk_present":1,"canopy":25.3,"comfort":50.8,"name":"","road_type":"footway","osm_id":1386518223}},{"type":"Feature","geometry":{"type":"LineString","coordinates":[[-84.3949126002363,33.71747490044635],[-84.3949430000194,33.71758299985561],[-84.39498779974713,33.71765560032577],[-84.39505099960394,33.71773399962444],[-84.3951019003324,33.71777270015002],[-84.39517030006925,33.717816300182164],[-84.39529299997196,33.717863900398754]]},"properties":{"overall":72,"safety":99,"sidewalk":100,"sidewalk_present":1,"canopy":17.2,"comfort":43.7,"name":"","road_type":"footway","osm_id":1386518234}},{"type":"Feature","geometry":{"type":"LineString","coordinates":[[-84.39597089993703,33.71741180041431],[-84.39585339991442,33.71785220021894],[-84.3958362003803,33.71790999964679],[-84.39580650026971,33.71795299983114]]},"properties":{"overall":73,"safety":98,"sidewalk":100,"sidewalk_present":1,"canopy":22.4,"comfort":45.0,"name":"","road_type":"footway","osm_id":1386531048}},{"type":"Feature","geometry":{"type":"LineString","coordinates":[[-84.39529299997196,33.717863900398754],[-84.39544170017427,33.71790469994198],[-84.39567680004427,33.71794040032927],[-84.39580650026971,33.71795299983114]]},"properties":{"overall":76,"safety":99,"sidewalk":100,"sidewalk_present":1,"canopy":27.7,"comfort":47.0,"name":"","road_type":"footway","osm_id":1386518235}},{"type":"Feature","geometry":{"type":"LineString","coordinates":[[-84.39477849962805,33.717279000225744],[-84.39476220031526,33.717308499787464],[-84.39471899958215,33.71731860007338],[-84.39467820003887,33.71731299999499],[-84.39457180034827,33.7172758004379],[-84.39447249990593,33.71721409975095],[-84.3944096004227,33.717135699552955],[-84.39436760028451,33.717063000157395]]},"properties":{"overall":74,"safety":97,"sidewalk":100,"sidewalk_present":1,"canopy":24.5,"comfort":47.7,"name":"","road_type":"footway","osm_id":1386518224}},{"type":"Feature","geometry":{"type":"LineString","coordinates":[[-84.39457180034827,33.7172758004379],[-84.39451750018247,33.717330999925764],[-84.39449490021946,33.71735080029924]]},"properties":{"overall":76,"safety":98,"sidewalk":100,"sidewalk_present":1,"canopy":28.7,"comfort":48.1,"name":"","road_type":"footway","osm_id":1386518231}},{"type":"Feature","geometry":{"type":"LineString","coordinates":[[-84.39473700041219,33.71743600027122],[-84.39476509972951,33.717449400169755],[-84.39478259963721,33.71748790014652],[-84.39480099976629,33.71756480027534],[-84.39481439966477,33.71761939991541],[-84.39481539971086,33.71764509984155],[-84.39479999972019,33.71767839993828],[-84.39473739971118,33.71773480002105],[-84.39463159986838,33.71785540000678]]},"properties":{"overall":71,"safety":97,"sidewalk":100,"sidewalk_present":1,"canopy":15.2,"comfort":43.0,"name":"","road_type":"footway","osm_id":1386518232}},{"type":"Feature","geometry":{"type":"LineString","coordinates":[[-84.39492299999642,33.717673899730755],[-84.39476320036135,33.717775800113145],[-84.39463710012205,33.717933599655964],[-84.39463109984536,33.71796779997402],[-84.39461669990072,33.71802959958643],[-84.39458510042203,33.7181038997752],[-84.39453700018237,33.7181392997889],[-84.39447509984592,33.71814959972431],[-84.39441879958787,33.71814050038381],[-84.39436660023836,33.718110700448506],[-84.39433909986951,33.71807190009815],[-84.39432529977273,33.71802499955413],[-84.39433769962511,33.717963299766495],[-84.39437070024758,33.717924399591425],[-84.39441330023357,33.71790500031557],[-84.39449030018716,33.71790040028327],[-84.39454660044521,33.71791070021868],[-84.39463710012205,33.717933599655964]]},"properties":{"overall":42,"safety":97,"sidewalk":0,"sidewalk_present":0,"canopy":27.9,"comfort":47.2,"name":"High Point Cove Southwest","road_type":"residential","osm_id":242064352}},{"type":"Feature","geometry":{"type":"LineString","coordinates":[[-84.39463159986838,33.71785540000678],[-84.39460689998839,33.717866199965215],[-84.39457230037135,33.717862299605486],[-84.394511400081,33.71784879988223],[-84.39444289962006,33.7178454004449],[-84.39439750004453,33.717854999808424],[-84.39434059993869,33.717880900283376],[-84.39428329963454,33.71793859988651],[-84.39426710014652,33.718005600278275],[-84.39426669994822,33.71805810000137],[-84.39428719999427,33.71810420014879],[-84.39432660019241,33.71814510041611],[-84.39436860033061,33.718168200402204],[-84.3944335997308,33.71819710011613],[-84.39449199990582,33.71819870001002],[-84.39454019997021,33.71819640044356],[-84.39456880020992,33.718179299834844],[-84.39462249962861,33.71814439984422],[-84.39465719996974,33.718080299766086],[-84.39474139989568,33.71791719961914],[-84.3948172999784,33.71781370024212],[-84.3948422004072,33.71779229997469],[-84.39486790033328,33.71777999994708],[-84.39488740033323,33.71777740000704],[-84.39492400004252,33.71778579967497],[-84.39499399967332,33.71783890014518],[-84.3950492000605,33.717873800135806],[-84.39510550031855,33.71790720005731],[-84.3951787995619,33.71793919973436],[-84.39523240005519,33.71795559977119],[-84.39527800017953,33.71796749960049],[-84.39541279956103,33.71799419957273],[-84.39577370019606,33.718059900444075]]},"properties":{"overall":77,"safety":98,"sidewalk":100,"sidewalk_present":1,"canopy":33.7,"comfort":49.4,"name":"","road_type":"footway","osm_id":1386518233}},{"type":"Feature","geometry":{"type":"LineString","coordinates":[[-84.39340919997454,33.71848819987059],[-84.39350329963753,33.71848430041018],[-84.39359189994622,33.718480599699944],[-84.39391500027699,33.71845000026735],[-84.39440999972169,33.718422999921586],[-84.39469800041235,33.71841899973708],[-84.39522100024891,33.718449000221256],[-84.39546399976376,33.71847100033642],[-84.39598200026904,33.71855699980574],[-84.39645999982912,33.718680000081974],[-84.39662900042799,33.71872400031242]]},"properties":{"overall":32,"safety":70,"sidewalk":0,"sidewalk_present":0,"canopy":25.0,"comfort":45.1,"name":"Manford Road Southwest","road_type":"residential","osm_id":9273128}},{"type":"Feature","geometry":{"type":"LineString","coordinates":[[-84.39577370019606,33.718059900444075],[-84.39578769994239,33.71800599957726],[-84.39580650026971,33.71795299983114]]},"properties":{"overall":76,"safety":100,"sidewalk":100,"sidewalk_present":1,"canopy":26.6,"comfort":46.6,"name":"","road_type":"footway","osm_id":1386518236}},{"type":"Feature","geometry":{"type":"LineString","coordinates":[[-84.396367000037,33.71889700019648],[-84.39568209974908,33.7187953003629],[-84.39544670040488,33.718875900302635],[-84.39528379990742,33.71902570037582],[-84.39516899964957,33.71925100033343],[-84.39515519955279,33.7193518997704],[-84.39514620003706,33.719450700189725],[-84.39512050011098,33.719553800267704]]},"properties":{"overall":35,"safety":100,"sidewalk":0,"sidewalk_present":0,"canopy":5.9,"comfort":36.8,"name":"Fortress Avenue Southwest","road_type":"residential","osm_id":9248801}},{"type":"Feature","geometry":{"type":"LineString","coordinates":[[-84.39352379968358,33.719476999963604],[-84.39367719974291,33.7194401997055],[-84.39393360005556,33.7193868995858],[-84.39425129995749,33.719355499756546],[-84.39494020042986,33.719346299692006],[-84.39515519955279,33.7193518997704],[-84.39528200036398,33.71936200005632],[-84.39566900022413,33.71942550028666],[-84.39622509960861,33.719557900276925],[-84.3986214996824,33.72018810020069]]},"properties":{"overall":68,"safety":90,"sidewalk":100,"sidewalk_present":1,"canopy":12.9,"comfort":36.9,"name":"Atlanta Beltline Southside Trail","road_type":"construction","osm_id":1081842700}},{"type":"Feature","geometry":{"type":"LineString","coordinates":[[-84.39783619998059,33.71179900022372],[-84.3977700998102,33.71179800017762],[-84.39772189974582,33.71179740032983]]},"properties":{"overall":65,"safety":74,"sidewalk":100,"sidewalk_present":1,"canopy":22.4,"comfort":38.8,"name":"","road_type":"footway","osm_id":1386507640}},{"type":"Feature","geometry":{"type":"LineString","coordinates":[[-84.39771829975967,33.712347000313855],[-84.39772289979197,33.71215780004246],[-84.39772189974582,33.71179740032983]]},"properties":{"overall":66,"safety":76,"sidewalk":100,"sidewalk_present":1,"canopy":22.6,"comfort":40.1,"name":"","road_type":"footway","osm_id":1386507639}},{"type":"Feature","geometry":{"type":"LineString","coordinates":[[-84.39771429957523,33.71242250019827],[-84.39771660004101,33.71238569994017],[-84.39771829975967,33.712347000313855]]},"properties":{"overall":69,"safety":80,"sidewalk":100,"sidewalk_present":1,"canopy":26.0,"comfort":42.6,"name":"","road_type":"footway","osm_id":1386507638}},{"type":"Feature","geometry":{"type":"LineString","coordinates":[[-84.39671199975896,33.71236900042908],[-84.39771660004101,33.71238569994017],[-84.39775700028531,33.7123860003137],[-84.39781300016978,33.71238589958966],[-84.39871000016632,33.7123850002676]]},"properties":{"overall":76,"safety":86,"sidewalk":100,"sidewalk_present":1,"canopy":41.6,"comfort":51.4,"name":"Booker Street Southwest","road_type":"residential","osm_id":9270258}},{"type":"Feature","geometry":{"type":"LineString","coordinates":[[-84.39777100003158,33.71175700008553],[-84.3977700998102,33.71179800017762],[-84.39775700028531,33.7123860003137],[-84.39774799987026,33.71277700035836],[-84.39774199959356,33.71303499966558]]},"properties":{"overall":65,"safety":70,"sidewalk":100,"sidewalk_present":1,"canopy":24.6,"comfort":42.1,"name":"Arthur Langford Junior Place Southwest","road_type":"residential","osm_id":629306006}},{"type":"Feature","geometry":{"type":"LineString","coordinates":[[-84.39770060020248,33.71308429960078],[-84.39771099996261,33.71279400024298],[-84.39771429957523,33.71242250019827]]},"properties":{"overall":66,"safety":70,"sidewalk":100,"sidewalk_present":1,"canopy":27.9,"comfort":44.8,"name":"","road_type":"footway","osm_id":1386507637}},{"type":"Feature","geometry":{"type":"LineString","coordinates":[[-84.39780680024359,33.713088299785284],[-84.39774079989797,33.71308569984524],[-84.39770060020248,33.71308429960078]]},"properties":{"overall":66,"safety":67,"sidewalk":100,"sidewalk_present":1,"canopy":32.5,"comfort":46.9,"name":"","road_type":"footway","osm_id":1386372994}},{"type":"Feature","geometry":{"type":"LineString","coordinates":[[-84.3970719003479,33.713618700142945],[-84.3970772000527,33.713386600411354]]},"properties":{"overall":30,"safety":67,"sidewalk":0,"sidewalk_present":0,"canopy":21.5,"comfort":44.0,"name":"","road_type":"service","osm_id":562953455}},{"type":"Feature","geometry":{"type":"LineString","coordinates":[[-84.39690429999342,33.71361760027207],[-84.39689490027939,33.71342680010679],[-84.39696060025148,33.71338780010694],[-84.3970772000527,33.713386600411354],[-84.3975385999264,33.71338220002855]]},"properties":{"overall":30,"safety":67,"sidewalk":0,"sidewalk_present":0,"canopy":24.4,"comfort":45.0,"name":"","road_type":"service","osm_id":562953456}},{"type":"Feature","geometry":{"type":"LineString","coordinates":[[-84.39780680024359,33.713088299785284],[-84.39779889969941,33.71341049989468]]},"properties":{"overall":69,"safety":78,"sidewalk":100,"sidewalk_present":1,"canopy":29.7,"comfort":45.8,"name":"","road_type":"footway","osm_id":1386372996}},{"type":"Feature","geometry":{"type":"LineString","coordinates":[[-84.3978125001467,33.71243099969092],[-84.39780780028974,33.71266000035877],[-84.39780899998533,33.71299439977179]]},"properties":{"overall":74,"safety":91,"sidewalk":100,"sidewalk_present":1,"canopy":31.0,"comfort":45.7,"name":"","road_type":"footway","osm_id":1386360825}},{"type":"Feature","geometry":{"type":"LineString","coordinates":[[-84.39780680024359,33.713088299785284],[-84.39780670041887,33.71303639990998],[-84.39780899998533,33.71299439977179]]},"properties":{"overall":70,"safety":80,"sidewalk":100,"sidewalk_present":1,"canopy":29.9,"comfort":45.8,"name":"","road_type":"footway","osm_id":1386358976}},{"type":"Feature","geometry":{"type":"LineString","coordinates":[[-84.3983322003707,33.71308929983138],[-84.39791699956982,33.71306970000671],[-84.39786170025724,33.71306970000671],[-84.39783250016973,33.71307530008511],[-84.39780680024359,33.713088299785284]]},"properties":{"overall":72,"safety":78,"sidewalk":100,"sidewalk_present":1,"canopy":37.1,"comfort":49.4,"name":"","road_type":"footway","osm_id":1386358975}},{"type":"Feature","geometry":{"type":"LineString","coordinates":[[-84.39864370034644,33.7135907995758],[-84.3986449998668,33.713425700235916],[-84.3981996996564,33.7134200003328],[-84.39779889969941,33.71341049989468],[-84.39773319972733,33.713408900000786]]},"properties":{"overall":77,"safety":95,"sidewalk":100,"sidewalk_present":1,"canopy":35.9,"comfort":48.3,"name":"","road_type":"service","osm_id":562953459}},{"type":"Feature","geometry":{"type":"LineString","coordinates":[[-84.39819449977631,33.71357560013388],[-84.3981996996564,33.7134200003328]]},"properties":{"overall":43,"safety":100,"sidewalk":0,"sidewalk_present":0,"canopy":28.5,"comfort":46.1,"name":"","road_type":"service","osm_id":562953457}},{"type":"Feature","geometry":{"type":"LineString","coordinates":[[-84.39835800012156,33.713571799598924],[-84.39819449977631,33.71357560013388],[-84.39806969995664,33.71357850044751]]},"properties":{"overall":41,"safety":100,"sidewalk":0,"sidewalk_present":0,"canopy":23.1,"comfort":44.1,"name":"","road_type":"service","osm_id":562953458}},{"type":"Feature","geometry":{"type":"LineString","coordinates":[[-84.39866239994979,33.71393549982349],[-84.39866780037863,33.713739200303905],[-84.39845190013506,33.71373579996725]]},"properties":{"overall":41,"safety":100,"sidewalk":0,"sidewalk_present":0,"canopy":21.7,"comfort":43.2,"name":"","road_type":"service","osm_id":562953467}},{"type":"Feature","geometry":{"type":"LineString","coordinates":[[-84.39845190013506,33.71373579996725],[-84.39844120000134,33.7138584998699]]},"properties":{"overall":39,"safety":99,"sidewalk":0,"sidewalk_present":0,"canopy":17.8,"comfort":42.0,"name":"","road_type":"service","osm_id":562953460}},{"type":"Feature","geometry":{"type":"LineString","coordinates":[[-84.39844120000134,33.7138584998699],[-84.39843709999212,33.71390540041398]]},"properties":{"overall":38,"safety":99,"sidewalk":0,"sidewalk_present":0,"canopy":14.3,"comfort":40.8,"name":"","road_type":"service","osm_id":562953461}},{"type":"Feature","geometry":{"type":"LineString","coordinates":[[-84.39826410010812,33.71398569998013],[-84.39843709999212,33.71390540041398]]},"properties":{"overall":25,"safety":66,"sidewalk":0,"sidewalk_present":0,"canopy":8.6,"comfort":39.1,"name":"","road_type":"service","osm_id":562953466}},{"type":"Feature","geometry":{"type":"LineString","coordinates":[[-84.39770060020248,33.71308429960078],[-84.3976924001841,33.71341159976555],[-84.39768630008263,33.71357129957585]]},"properties":{"overall":67,"safety":75,"sidewalk":100,"sidewalk_present":1,"canopy":25.2,"comfort":45.0,"name":"","road_type":"footway","osm_id":1386372995}},{"type":"Feature","geometry":{"type":"LineString","coordinates":[[-84.39772909971816,33.71358409962653],[-84.39768630008263,33.71357129957585],[-84.39758420005074,33.71354060031848],[-84.39734150001016,33.713539500447666],[-84.39722750014897,33.71361980001382],[-84.3971966003428,33.713619600364325]]},"properties":{"overall":48,"safety":32,"sidewalk":100,"sidewalk_present":1,"canopy":11.1,"comfort":39.9,"name":"","road_type":"service","osm_id":562953454}},{"type":"Feature","geometry":{"type":"LineString","coordinates":[[-84.3971966003428,33.713619600364325],[-84.3970719003479,33.713618700142945],[-84.39690429999342,33.71361760027207]]},"properties":{"overall":13,"safety":34,"sidewalk":0,"sidewalk_present":0,"canopy":5.4,"comfort":38.3,"name":"","road_type":"service","osm_id":562953453}},{"type":"Feature","geometry":{"type":"LineString","coordinates":[[-84.39768630008263,33.71357129957585],[-84.3976817998751,33.71382359987928]]},"properties":{"overall":70,"safety":97,"sidewalk":100,"sidewalk_present":1,"canopy":14.0,"comfort":42.6,"name":"","road_type":"footway","osm_id":1386372998}},{"type":"Feature","geometry":{"type":"LineString","coordinates":[[-84.3977232001655,33.71380760004075],[-84.3976817998751,33.71382359987928],[-84.39732829976117,33.71396059990184]]},"properties":{"overall":71,"safety":99,"sidewalk":100,"sidewalk_present":1,"canopy":15.3,"comfort":44.4,"name":"","road_type":"service","osm_id":1324344922}},{"type":"Feature","geometry":{"type":"LineString","coordinates":[[-84.39774199959356,33.71303499966558],[-84.39774079989797,33.71308569984524],[-84.39773319972733,33.713408900000786],[-84.39772909971816,33.71358409962653],[-84.3977232001655,33.71380760004075],[-84.39772050040074,33.71395110036303],[-84.39771950035464,33.71399120023375],[-84.39771600019321,33.71414200035309],[-84.39760599961716,33.714216000168335],[-84.39745220025878,33.7142237001637]]},"properties":{"overall":66,"safety":75,"sidewalk":100,"sidewalk_present":1,"canopy":22.2,"comfort":46.1,"name":"Arthur Langford Junior Place Southwest","road_type":"residential","osm_id":1051668272}},{"type":"Feature","geometry":{"type":"LineString","coordinates":[[-84.39779889969941,33.71341049989468],[-84.39779059985625,33.71370809994892],[-84.39779019965795,33.71395110036303],[-84.39778940016066,33.71399220027985]]},"properties":{"overall":68,"safety":87,"sidewalk":100,"sidewalk_present":1,"canopy":17.3,"comfort":43.4,"name":"","road_type":"footway","osm_id":1386372997}},{"type":"Feature","geometry":{"type":"LineString","coordinates":[[-84.3976817998751,33.71382359987928],[-84.3976803996307,33.71397559969421],[-84.39768320011956,33.71403209960175],[-84.39768320011956,33.71406250028423],[-84.3976813996768,33.71408069986444],[-84.3976743004286,33.71410320000274],[-84.39766429996746,33.71412040043617],[-84.39765190011508,33.714135099855014],[-84.39763600010127,33.71414739988268],[-84.39761650010138,33.71415619974886]]},"properties":{"overall":68,"safety":89,"sidewalk":100,"sidewalk_present":1,"canopy":16.1,"comfort":45.2,"name":"","road_type":"footway","osm_id":1386372999}},{"type":"Feature","geometry":{"type":"LineString","coordinates":[[-84.39718159965105,33.71416770027918],[-84.39698580015454,33.71416389974422],[-84.3961190002916,33.714159799735]]},"properties":{"overall":80,"safety":100,"sidewalk":100,"sidewalk_present":1,"canopy":39.9,"comfort":56.3,"name":"","road_type":"footway","osm_id":1386373003}},{"type":"Feature","geometry":{"type":"LineString","coordinates":[[-84.39745060036489,33.71417299998399],[-84.39718159965105,33.71416770027918]]},"properties":{"overall":76,"safety":95,"sidewalk":100,"sidewalk_present":1,"canopy":34.3,"comfort":55.1,"name":"","road_type":"footway","osm_id":1386531276}},{"type":"Feature","geometry":{"type":"LineString","coordinates":[[-84.39761650010138,33.71415619974886],[-84.39755700005549,33.714168399951745],[-84.3974933001756,33.71416939999784],[-84.39745060036489,33.71417299998399]]},"properties":{"overall":70,"safety":86,"sidewalk":100,"sidewalk_present":1,"canopy":22.8,"comfort":51.0,"name":"","road_type":"footway","osm_id":1386373001}},{"type":"Feature","geometry":{"type":"LineString","coordinates":[[-84.39778940016066,33.71399220027985],[-84.3977831004097,33.714089300081184],[-84.39777779980557,33.714125600316265],[-84.39776720039595,33.71414670021011],[-84.39775479964425,33.714164299942524],[-84.39773590039147,33.71418639988252],[-84.39771469977353,33.71420549968411],[-84.39767280035943,33.71423200000686],[-84.39761840036886,33.714252800426436],[-84.39757640023066,33.71425960020042],[-84.39745769961308,33.7142601002235]]},"properties":{"overall":68,"safety":88,"sidewalk":100,"sidewalk_present":1,"canopy":17.1,"comfort":47.3,"name":"","road_type":"footway","osm_id":1386373000}},{"type":"Feature","geometry":{"type":"LineString","coordinates":[[-84.39745220025878,33.7142237001637],[-84.3972079003243,33.71422739997456]]},"properties":{"overall":78,"safety":95,"sidewalk":100,"sidewalk_present":1,"canopy":37.8,"comfort":56.8,"name":"Arthur Langford Junior Place Southwest","road_type":"residential","osm_id":1051668273}},{"type":"Feature","geometry":{"type":"LineString","coordinates":[[-84.39719989995535,33.714254400320385],[-84.3970832003294,33.71425180038034]]},"properties":{"overall":81,"safety":100,"sidewalk":100,"sidewalk_present":1,"canopy":44.1,"comfort":59.8,"name":"","road_type":"footway","osm_id":1386531277}},{"type":"Feature","geometry":{"type":"LineString","coordinates":[[-84.39745769961308,33.7142601002235],[-84.39719989995535,33.714254400320385]]},"properties":{"overall":78,"safety":96,"sidewalk":100,"sidewalk_present":1,"canopy":37.8,"comfort":57.6,"name":"","road_type":"footway","osm_id":1386373002}},{"type":"Feature","geometry":{"type":"LineString","coordinates":[[-84.39712490009401,33.71712929997727],[-84.39707610018183,33.71700760012072]]},"properties":{"overall":73,"safety":89,"sidewalk":100,"sidewalk_present":1,"canopy":30.2,"comfort":54.7,"name":"","road_type":"footway","osm_id":1390917780}},{"type":"Feature","geometry":{"type":"LineString","coordinates":[[-84.39723620019043,33.717116400101816],[-84.39717880006151,33.71712059993581],[-84.39712490009401,33.71712929997727]]},"properties":{"overall":73,"safety":89,"sidewalk":100,"sidewalk_present":1,"canopy":28.8,"comfort":53.8,"name":"","road_type":"footway","osm_id":1386531054}},{"type":"Feature","geometry":{"type":"LineString","coordinates":[[-84.39708490004807,33.717668199827585],[-84.39717229976179,33.717530400307794],[-84.39719870025976,33.717475399570105],[-84.39723139960938,33.71739900036363],[-84.39725060013507,33.717323200105625],[-84.39725780010735,33.71724810041957],[-84.39725060013507,33.7172104997648],[-84.39723620019043,33.717116400101816]]},"properties":{"overall":70,"safety":94,"sidewalk":100,"sidewalk_present":1,"canopy":16.4,"comfort":47.1,"name":"","road_type":"footway","osm_id":1386531051}},{"type":"Feature","geometry":{"type":"LineString","coordinates":[[-84.39697590041743,33.717610400399735],[-84.39706199971147,33.71746769957474],[-84.39709729990045,33.717400899731786],[-84.3971183997943,33.71735380043759],[-84.39712909992801,33.717314400239445],[-84.39713179969277,33.717263799884506],[-84.39712490009401,33.71712929997727]]},"properties":{"overall":70,"safety":94,"sidewalk":100,"sidewalk_present":1,"canopy":16.3,"comfort":46.8,"name":"","road_type":"footway","osm_id":1386531053}},{"type":"Feature","geometry":{"type":"LineString","coordinates":[[-84.39654760009165,33.71814670031],[-84.39668670003113,33.718100799812134],[-84.39682549959707,33.71801769975707],[-84.39687969993815,33.7179687001954],[-84.39708490004807,33.717668199827585]]},"properties":{"overall":71,"safety":97,"sidewalk":100,"sidewalk_present":1,"canopy":16.3,"comfort":41.8,"name":"","road_type":"footway","osm_id":1386531050}},{"type":"Feature","geometry":{"type":"LineString","coordinates":[[-84.39884099991218,33.71398200016921],[-84.39884619979227,33.71393099961597],[-84.39866239994979,33.71393549982349],[-84.39865439958083,33.71408050021495]]},"properties":{"overall":41,"safety":100,"sidewalk":0,"sidewalk_present":0,"canopy":22.6,"comfort":44.1,"name":"","road_type":"service","osm_id":562953468}},{"type":"Feature","geometry":{"type":"LineString","coordinates":[[-84.39771950035464,33.71399120023375],[-84.39778940016066,33.71399220027985],[-84.39796240004466,33.71399459967108],[-84.39798919984167,33.71398009990173],[-84.39794089995252,33.71395110036303],[-84.39779019965795,33.71395110036303],[-84.39772050040074,33.71395110036303]]},"properties":{"overall":56,"safety":60,"sidewalk":100,"sidewalk_present":1,"canopy":7.5,"comfort":41.3,"name":"","road_type":"service","osm_id":562953471}},{"type":"Feature","geometry":{"type":"LineString","coordinates":[[-84.3989749997964,33.713986500376734],[-84.39884099991218,33.71398200016921]]},"properties":{"overall":35,"safety":100,"sidewalk":0,"sidewalk_present":0,"canopy":6.3,"comfort":38.1,"name":"","road_type":"service","osm_id":562953462}},{"type":"Feature","geometry":{"type":"LineString","coordinates":[[-84.39825409964692,33.71415750016854],[-84.39849619983971,33.71415860003941],[-84.39853369977038,33.714131800242455],[-84.39853769995483,33.71408389965228],[-84.39865439958083,33.71408050021495],[-84.39865980000974,33.71418320009468]]},"properties":{"overall":41,"safety":100,"sidewalk":0,"sidewalk_present":0,"canopy":23.3,"comfort":45.9,"name":"","road_type":"service","osm_id":562953469}},{"type":"Feature","geometry":{"type":"LineString","coordinates":[[-84.39798919984167,33.71398009990173],[-84.39826410010812,33.71398569998013],[-84.39825409964692,33.71415750016854],[-84.39825209955472,33.714192099785635]]},"properties":{"overall":27,"safety":67,"sidewalk":0,"sidewalk_present":0,"canopy":13.1,"comfort":42.5,"name":"","road_type":"service","osm_id":562953470}},{"type":"Feature","geometry":{"type":"LineString","coordinates":[[-84.39825209955472,33.714192099785635],[-84.39790869972666,33.714193199656506]]},"properties":{"overall":37,"safety":93,"sidewalk":0,"sidewalk_present":0,"canopy":18.7,"comfort":46.1,"name":"","road_type":"service","osm_id":562953465}},{"type":"Feature","geometry":{"type":"LineString","coordinates":[[-84.39821980040341,33.71665300013592],[-84.39804819986449,33.71707909982064],[-84.39785700040022,33.71749500029409],[-84.39759090000001,33.71799609984021]]},"properties":{"overall":20,"safety":53,"sidewalk":0,"sidewalk_present":0,"canopy":8.4,"comfort":44.5,"name":"James Wendell George Parkway","road_type":"motorway","osm_id":462254178}},{"type":"Feature","geometry":{"type":"LineString","coordinates":[[-84.39595099973883,33.71797480029687],[-84.39601919982618,33.71800520007997],[-84.3960946997106,33.71801490016759],[-84.39634850008315,33.71806050029193],[-84.39653129987954,33.71804920031042],[-84.39658329957956,33.7180334999461],[-84.3966811997775,33.71798450038443],[-84.39675309967578,33.717935200449176],[-84.39680050024288,33.71789349978525],[-84.39697590041743,33.717610400399735]]},"properties":{"overall":72,"safety":98,"sidewalk":100,"sidewalk_present":1,"canopy":17.3,"comfort":42.7,"name":"","road_type":"footway","osm_id":1386531052}},{"type":"Feature","geometry":{"type":"LineString","coordinates":[[-84.39577370019606,33.718059900444075],[-84.39606739989057,33.718111400121074],[-84.39626089982062,33.71815059977041],[-84.39642020033193,33.718160399682745],[-84.39648860006878,33.71815550017624],[-84.39654760009165,33.71814670031]]},"properties":{"overall":76,"safety":100,"sidewalk":100,"sidewalk_present":1,"canopy":26.5,"comfort":45.3,"name":"","road_type":"footway","osm_id":1386531049}},{"type":"Feature","geometry":{"type":"LineString","coordinates":[[-84.396367000037,33.71889700019648],[-84.39645999982912,33.718680000081974]]},"properties":{"overall":39,"safety":100,"sidewalk":0,"sidewalk_present":0,"canopy":17.5,"comfort":40.8,"name":"Manford Road Southwest","road_type":"residential","osm_id":9273129}},{"type":"Feature","geometry":{"type":"LineString","coordinates":[[-84.3972893995861,33.71849120000894],[-84.39677149980486,33.71921420007533]]},"properties":{"overall":8,"safety":3,"sidewalk":0,"sidewalk_present":0,"canopy":20.1,"comfort":39.5,"name":"James Wendell George Parkway","road_type":"motorway","osm_id":437214509}},{"type":"Feature","geometry":{"type":"LineString","coordinates":[[-84.39677149980486,33.71921420007533],[-84.39666920012343,33.71932040011643],[-84.39656690044205,33.71941499980244]]},"properties":{"overall":7,"safety":6,"sidewalk":0,"sidewalk_present":0,"canopy":13.6,"comfort":36.9,"name":"","road_type":"motorway_link","osm_id":1297293562}},{"type":"Feature","geometry":{"type":"LineString","coordinates":[[-84.39677149980486,33.71921420007533],[-84.39661630020203,33.71942569993615]]},"properties":{"overall":7,"safety":7,"sidewalk":0,"sidewalk_present":0,"canopy":13.6,"comfort":36.9,"name":"James Wendell George Parkway","road_type":"motorway","osm_id":1297293563}},{"type":"Feature","geometry":{"type":"LineString","coordinates":[[-84.39759090000001,33.71799609984021],[-84.3972893995861,33.71849120000894]]},"properties":{"overall":14,"safety":24,"sidewalk":0,"sidewalk_present":0,"canopy":17.9,"comfort":40.6,"name":"James Wendell George Parkway","road_type":"motorway","osm_id":437105442}},{"type":"Feature","geometry":{"type":"LineString","coordinates":[[-84.3912221998446,33.71405239999831],[-84.39134599961812,33.71416849977652],[-84.39156180003698,33.71443860036118],[-84.3918507000497,33.71482729994],[-84.39202450033036,33.715131699768165],[-84.39212529994262,33.71539120004388],[-84.39218060015452,33.71552479972979]]},"properties":{"overall":63,"safety":71,"sidewalk":100,"sidewalk_present":1,"canopy":18.9,"comfort":39.9,"name":"","road_type":"footway","osm_id":1385327842}},{"type":"Feature","geometry":{"type":"LineString","coordinates":[[-84.39210100026094,33.71553940022318],[-84.39218060015452,33.71552479972979],[-84.39229519986355,33.71550390038476],[-84.39248580037935,33.71544350011749],[-84.39250209969214,33.7153953000531],[-84.39251889992727,33.715345300445335],[-84.39249610031476,33.71525920025192],[-84.39245679994133,33.71502649977322],[-84.3923572998495,33.71487829959392],[-84.39231379964212,33.71479390001855],[-84.3922619995916,33.71468019963157],[-84.39218940002075,33.714509500213296],[-84.39214839992866,33.71444130012594],[-84.39209270041778,33.714379100315284],[-84.39203700000752,33.714336500329296],[-84.3919739998002,33.714280399720735],[-84.39195869963424,33.71426439988221]]},"properties":{"overall":73,"safety":100,"sidewalk":100,"sidewalk_present":1,"canopy":20.2,"comfort":40.4,"name":"","road_type":"residential","osm_id":242060782}},{"type":"Feature","geometry":{"type":"LineString","coordinates":[[-84.39204019979536,33.71621759966257],[-84.39201919972624,33.716131299819665],[-84.39198710022447,33.71604540017512],[-84.39194910027072,33.71601479984321],[-84.39186369974993,33.716015799889306],[-84.39179360029436,33.71605429986607],[-84.39175329987484,33.71613329991192],[-84.39174500003168,33.716197499814825],[-84.39173219998099,33.716239999976096]]},"properties":{"overall":32,"safety":73,"sidewalk":0,"sidewalk_present":0,"canopy":22.3,"comfort":44.0,"name":"","road_type":"service","osm_id":793910499}},{"type":"Feature","geometry":{"type":"LineString","coordinates":[[-84.39272720000025,33.71662709966097],[-84.39257610040664,33.716376199601996],[-84.39239870013984,33.71602399990775],[-84.39218060015452,33.71552479972979]]},"properties":{"overall":54,"safety":40,"sidewalk":100,"sidewalk_present":1,"canopy":21.8,"comfort":44.0,"name":"","road_type":"footway","osm_id":1386430531}},{"type":"Feature","geometry":{"type":"LineString","coordinates":[[-84.39151229955297,33.71622240024362],[-84.39160480022133,33.71622150002224],[-84.39166290002277,33.71622550020675],[-84.39173219998099,33.716239999976096],[-84.39176690032218,33.716247199948384],[-84.39189050044621,33.716244199810035],[-84.39204019979536,33.71621759966257],[-84.39227760013108,33.71614950029925],[-84.3923629997526,33.71612500006876]]},"properties":{"overall":62,"safety":67,"sidewalk":100,"sidewalk_present":1,"canopy":17.7,"comfort":41.8,"name":"","road_type":"residential","osm_id":1051524996}},{"type":"Feature","geometry":{"type":"LineString","coordinates":[[-84.39343189976233,33.71704960025892],[-84.3933217004361,33.71704710014359],[-84.39326309971227,33.71704169971474],[-84.39314809980493,33.71702500020365],[-84.39299099993468,33.71697100041138],[-84.3929069996583,33.71691499962759],[-84.3928070004427,33.71681999974322],[-84.39259699975167,33.71658100041287],[-84.39256299998243,33.71654200041303],[-84.39246499995977,33.71636899962971],[-84.3923629997526,33.71612500006876],[-84.39210100026094,33.71553940022318],[-84.39187000040016,33.71502299961179],[-84.39184600019274,33.71498000032682],[-84.39179399959335,33.71488799968148],[-84.39153900042447,33.7145209998443],[-84.39116920009849,33.714086999615404],[-84.39110300010333,33.71401599993851]]},"properties":{"overall":13,"safety":19,"sidewalk":0,"sidewalk_present":0,"canopy":21.0,"comfort":42.3,"name":"Moury Avenue Southwest","road_type":"residential","osm_id":629306013}},{"type":"Feature","geometry":{"type":"LineString","coordinates":[[-84.39222539988225,33.716862200430285],[-84.39208179973525,33.716517400357816],[-84.39204810033954,33.71644429986458]]},"properties":{"overall":38,"safety":100,"sidewalk":0,"sidewalk_present":0,"canopy":14.8,"comfort":40.1,"name":"","road_type":"residential","osm_id":242060794}},{"type":"Feature","geometry":{"type":"LineString","coordinates":[[-84.39150830026779,33.71667879988678],[-84.391765400253,33.71667939973457],[-84.39180059971784,33.71669159993746],[-84.39183870039568,33.71674160044455],[-84.39186500016956,33.71679400034287],[-84.3918796995884,33.71681350034282],[-84.39193539999866,33.71683539973395],[-84.39197490002158,33.716841499835425],[-84.39202179966628,33.716851199922985],[-84.39214479994251,33.71687799971994]]},"properties":{"overall":38,"safety":100,"sidewalk":0,"sidewalk_present":0,"canopy":13.4,"comfort":37.6,"name":"","road_type":"residential","osm_id":242060776}},{"type":"Feature","geometry":{"type":"LineString","coordinates":[[-84.39255939999629,33.71728439975527],[-84.39247000019031,33.717113200313975],[-84.39230449975281,33.716899999835164],[-84.3922619995916,33.71687320003821],[-84.39222539988225,33.716862200430285],[-84.39214479994251,33.71687799971994]]},"properties":{"overall":42,"safety":100,"sidewalk":0,"sidewalk_present":0,"canopy":25.2,"comfort":42.2,"name":"","road_type":"residential","osm_id":242060802}},{"type":"Feature","geometry":{"type":"LineString","coordinates":[[-84.39219319965639,33.71728439975527],[-84.39219319965639,33.71713509970516],[-84.39217269961034,33.71703640000993],[-84.39214920032532,33.716940200429974],[-84.39214479994251,33.71687799971994]]},"properties":{"overall":39,"safety":100,"sidewalk":0,"sidewalk_present":0,"canopy":16.9,"comfort":37.8,"name":"","road_type":"residential","osm_id":242060800}},{"type":"Feature","geometry":{"type":"LineString","coordinates":[[-84.39355099967884,33.71576019997332],[-84.39344939967003,33.71575919992716],[-84.39337120002085,33.71575960012552]]},"properties":{"overall":70,"safety":86,"sidewalk":100,"sidewalk_present":1,"canopy":25.0,"comfort":47.1,"name":"","road_type":"footway","osm_id":1386421525}},{"type":"Feature","geometry":{"type":"LineString","coordinates":[[-84.39336609996548,33.715903100447804],[-84.39337120002085,33.71575960012552]]},"properties":{"overall":74,"safety":89,"sidewalk":100,"sidewalk_present":1,"canopy":34.3,"comfort":50.0,"name":"","road_type":"footway","osm_id":1386421526}},{"type":"Feature","geometry":{"type":"LineString","coordinates":[[-84.3935338999695,33.71591870008797],[-84.39355299977109,33.7158222999592],[-84.39355099967884,33.71576019997332]]},"properties":{"overall":70,"safety":81,"sidewalk":100,"sidewalk_present":1,"canopy":27.9,"comfort":48.8,"name":"","road_type":"footway","osm_id":1386421524}},{"type":"Feature","geometry":{"type":"LineString","coordinates":[[-84.39367809996429,33.716269000414115],[-84.39370699967827,33.716143400197836],[-84.39377119958118,33.71599729993551],[-84.39380000036971,33.7159520001847],[-84.39382770038804,33.71592299974668],[-84.39385030035106,33.715905900037285],[-84.39404190001363,33.71588330007427],[-84.39433149969892,33.71589469988055],[-84.39469269980822,33.71594280012016],[-84.39489990001033,33.71599639971413],[-84.39544070012818,33.716191999561204]]},"properties":{"overall":76,"safety":94,"sidewalk":100,"sidewalk_present":1,"canopy":33.2,"comfort":55.0,"name":"","road_type":"footway","osm_id":1386513472}},{"type":"Feature","geometry":{"type":"LineString","coordinates":[[-84.3935338999695,33.71591870008797],[-84.39344779977608,33.715910000046506],[-84.39336609996548,33.715903100447804]]},"properties":{"overall":73,"safety":86,"sidewalk":100,"sidewalk_present":1,"canopy":32.1,"comfort":49.9,"name":"","road_type":"footway","osm_id":1386421523}},{"type":"Feature","geometry":{"type":"LineString","coordinates":[[-84.39346159987292,33.714148599578266],[-84.39346119967456,33.71420010015453],[-84.39344939967003,33.71575919992716],[-84.39344900037105,33.71582199958567],[-84.39344779977608,33.715910000046506],[-84.3934349997254,33.71682800011217],[-84.39343170011284,33.71699410039747],[-84.39343189976233,33.71704960025892]]},"properties":{"overall":19,"safety":41,"sidewalk":0,"sidewalk_present":0,"canopy":17.0,"comfort":41.6,"name":"Pryor Street","road_type":"secondary","osm_id":629306008}},{"type":"Feature","geometry":{"type":"LineString","coordinates":[[-84.39359189994622,33.718480599699944],[-84.39358889980787,33.71836459974651],[-84.3936170000245,33.71626800036796],[-84.39381500016208,33.71582299963177]]},"properties":{"overall":64,"safety":70,"sidewalk":100,"sidewalk_present":1,"canopy":21.6,"comfort":45.0,"name":"","road_type":"residential","osm_id":9236151}},{"type":"Feature","geometry":{"type":"LineString","coordinates":[[-84.39365540017656,33.71717740021688],[-84.39366679998278,33.71681839984933],[-84.39366870025026,33.71636899962971],[-84.39367809996429,33.716269000414115]]},"properties":{"overall":63,"safety":62,"sidewalk":100,"sidewalk_present":1,"canopy":27.6,"comfort":49.3,"name":"","road_type":"footway","osm_id":1386513471}},{"type":"Feature","geometry":{"type":"LineString","coordinates":[[-84.39332390017779,33.71698729972417],[-84.39334330035297,33.71651509989198],[-84.39336609996548,33.715903100447804]]},"properties":{"overall":61,"safety":52,"sidewalk":100,"sidewalk_present":1,"canopy":32.0,"comfort":49.6,"name":"","road_type":"footway","osm_id":1386421522}},{"type":"Feature","geometry":{"type":"LineString","coordinates":[[-84.39352019969743,33.717001900217554],[-84.39353339994642,33.71661379958721],[-84.3935338999695,33.71591870008797]]},"properties":{"overall":62,"safety":56,"sidewalk":100,"sidewalk_present":1,"canopy":30.8,"comfort":50.4,"name":"","road_type":"footway","osm_id":1386421521}},{"type":"Feature","geometry":{"type":"LineString","coordinates":[[-84.39102330038497,33.71501190017909],[-84.39091229976276,33.71496479998558],[-84.39084189993372,33.714908800101114],[-84.39077140027985,33.71486219993062],[-84.3907310000356,33.71480190038744]]},"properties":{"overall":38,"safety":98,"sidewalk":0,"sidewalk_present":0,"canopy":17.0,"comfort":38.7,"name":"","road_type":"residential","osm_id":242060797}},{"type":"Feature","geometry":{"type":"LineString","coordinates":[[-84.39161169982003,33.71549539999279],[-84.39158420035051,33.71538359987329],[-84.39150079992191,33.71522549995689],[-84.39131630040691,33.714965600382186],[-84.3912821000888,33.71494749972737],[-84.3912406997984,33.7149509998888],[-84.3911929997571,33.7149630004422],[-84.39113289986341,33.71498890001777],[-84.39107599975756,33.71499919995318],[-84.3910397004218,33.715003499611896],[-84.39102330038497,33.71501190017909]]},"properties":{"overall":40,"safety":100,"sidewalk":0,"sidewalk_present":0,"canopy":19.0,"comfort":39.7,"name":"","road_type":"residential","osm_id":242060779}},{"type":"Feature","geometry":{"type":"LineString","coordinates":[[-84.3915719003229,33.71558930000623],[-84.3915604996173,33.71557020020464],[-84.39155770002782,33.71554920013551],[-84.3915598997695,33.71553769960519],[-84.39156780031368,33.71552190031548],[-84.39158499984785,33.71550550027865],[-84.39159979999073,33.71549780028329],[-84.39161169982003,33.71549539999279],[-84.39162800003214,33.715492100380175],[-84.3916712996907,33.715502199766775],[-84.39169500042391,33.71552369985892],[-84.39170349991656,33.71554550032465],[-84.39170070032702,33.71557130007551],[-84.3916901998428,33.715588700158435],[-84.39167749961689,33.71560000013994],[-84.39165000014737,33.71561189996925],[-84.391624400046,33.715613800236724],[-84.39159800044735,33.715607600310534],[-84.39158909985701,33.715603199927784],[-84.3915719003229,33.71558930000623]]},"properties":{"overall":41,"safety":100,"sidewalk":0,"sidewalk_present":0,"canopy":23.4,"comfort":42.3,"name":"","road_type":"residential","osm_id":242060787}},{"type":"Feature","geometry":{"type":"LineString","coordinates":[[-84.39101449961942,33.716184400289876],[-84.39101610041268,33.71596320034149],[-84.39101909965171,33.7155668996927],[-84.39102330038497,33.71501190017909]]},"properties":{"overall":28,"safety":67,"sidewalk":0,"sidewalk_present":0,"canopy":15.7,"comfort":38.5,"name":"","road_type":"residential","osm_id":242060793}},{"type":"Feature","geometry":{"type":"LineString","coordinates":[[-84.39123299980304,33.716189199971666],[-84.39121759981236,33.71612709998573],[-84.39118979996925,33.71608509984753],[-84.39101610041268,33.71596320034149]]},"properties":{"overall":15,"safety":33,"sidewalk":0,"sidewalk_present":0,"canopy":12.5,"comfort":37.7,"name":"","road_type":"service","osm_id":793910500}},{"type":"Feature","geometry":{"type":"LineString","coordinates":[[-84.3893661996903,33.716180699579695],[-84.3896611998045,33.71618130032681],[-84.38969850008567,33.71618140015153],[-84.38998399976174,33.71618469976414],[-84.39015169994099,33.716182800395984],[-84.39101449961942,33.716184400289876],[-84.39115909981257,33.71618469976414],[-84.39123299980304,33.716189199971666],[-84.39130229976126,33.71622209987004],[-84.39141979978388,33.71622319974091],[-84.39151229955297,33.71622240024362]]},"properties":{"overall":28,"safety":67,"sidewalk":0,"sidewalk_present":0,"canopy":16.3,"comfort":38.9,"name":"","road_type":"residential","osm_id":242060781}},{"type":"Feature","geometry":{"type":"LineString","coordinates":[[-84.39130229976126,33.71622209987004],[-84.39129440011641,33.71643149981389],[-84.39130029966907,33.71648630000277],[-84.39132810041144,33.71652649969826],[-84.39137349998697,33.71658010019155],[-84.39145259985759,33.716628800278954],[-84.39150830026779,33.71667879988678],[-84.39153030038301,33.71672020017712],[-84.39154790011548,33.7168080000892],[-84.39155810022612,33.71728439975527]]},"properties":{"overall":38,"safety":100,"sidewalk":0,"sidewalk_present":0,"canopy":13.6,"comfort":36.0,"name":"","road_type":"residential","osm_id":242060775}},{"type":"Feature","geometry":{"type":"LineString","coordinates":[[-84.39132810041144,33.71652649969826],[-84.39124250024116,33.71656120003939],[-84.39116779985403,33.71660999995157],[-84.39104760006666,33.716723300140245],[-84.39104180033877,33.71674280014014],[-84.39106889960999,33.717290499856745]]},"properties":{"overall":42,"safety":100,"sidewalk":0,"sidewalk_present":0,"canopy":26.1,"comfort":41.7,"name":"","road_type":"residential","osm_id":242060803}},{"type":"Feature","geometry":{"type":"LineString","coordinates":[[-84.39122770009823,33.71782440037583],[-84.39111060027392,33.717821599886975],[-84.39095010006702,33.71782080038969],[-84.39083970019198,33.717828000361976],[-84.39074580017848,33.717834200288166],[-84.39062210022968,33.71787110037104]]},"properties":{"overall":37,"safety":100,"sidewalk":0,"sidewalk_present":0,"canopy":10.9,"comfort":31.6,"name":"","road_type":"service","osm_id":1474071153}},{"type":"Feature","geometry":{"type":"LineString","coordinates":[[-84.39158769961261,33.717849600278896],[-84.39152099959443,33.717822699757846],[-84.3914299000698,33.717795800136116],[-84.39129850012563,33.71779990014534],[-84.39122770009823,33.71782440037583],[-84.39118109992779,33.71789170024181],[-84.39110429962369,33.71801449996923],[-84.39111840009406,33.71805490021353],[-84.39115890016308,33.718105399844376],[-84.39120539960948,33.718142399752026],[-84.39127819972907,33.71818780022687],[-84.39139350001,33.71827200015275],[-84.3914602998529,33.718376299926376],[-84.39157159994932,33.71849739993513],[-84.39199030001231,33.71876500040452]]},"properties":{"overall":36,"safety":100,"sidewalk":0,"sidewalk_present":0,"canopy":8.0,"comfort":27.3,"name":"","road_type":"service","osm_id":952947970}},{"type":"Feature","geometry":{"type":"LineString","coordinates":[[-84.39352019969743,33.717001900217554],[-84.39343170011284,33.71699410039747],[-84.39332390017779,33.71698729972417]]},"properties":{"overall":45,"safety":10,"sidewalk":100,"sidewalk_present":1,"canopy":23.8,"comfort":45.4,"name":"","road_type":"footway","osm_id":1386421520}},{"type":"Feature","geometry":{"type":"LineString","coordinates":[[-84.39351869962826,33.717114099636035],[-84.39352019969743,33.717001900217554]]},"properties":{"overall":44,"safety":6,"sidewalk":100,"sidewalk_present":1,"canopy":24.7,"comfort":45.7,"name":"","road_type":"footway","osm_id":1386421517}},{"type":"Feature","geometry":{"type":"LineString","coordinates":[[-84.39351869962826,33.717114099636035],[-84.39343089971624,33.71711490003264],[-84.39331920032078,33.717114099636035]]},"properties":{"overall":43,"safety":4,"sidewalk":100,"sidewalk_present":1,"canopy":24.1,"comfort":45.1,"name":"","road_type":"footway","osm_id":1386421518}},{"type":"Feature","geometry":{"type":"LineString","coordinates":[[-84.39364339962316,33.71785730027426],[-84.39364689978459,33.7175656995974],[-84.39365540017656,33.71717740021688]]},"properties":{"overall":62,"safety":60,"sidewalk":100,"sidewalk_present":1,"canopy":24.5,"comfort":44.3,"name":"","road_type":"footway","osm_id":1386513470}},{"type":"Feature","geometry":{"type":"LineString","coordinates":[[-84.39333560035766,33.71831410011566],[-84.39333820029765,33.717910600393964],[-84.39331920032078,33.717114099636035]]},"properties":{"overall":51,"safety":39,"sidewalk":100,"sidewalk_present":1,"canopy":14.5,"comfort":38.8,"name":"","road_type":"footway","osm_id":1386421516}},{"type":"Feature","geometry":{"type":"LineString","coordinates":[[-84.39349980037542,33.718317299903504],[-84.39350669997418,33.71795909993256],[-84.39351869962826,33.717114099636035]]},"properties":{"overall":50,"safety":32,"sidewalk":100,"sidewalk_present":1,"canopy":18.5,"comfort":41.1,"name":"","road_type":"footway","osm_id":1386421515}},{"type":"Feature","geometry":{"type":"LineString","coordinates":[[-84.393641500255,33.71841649962181],[-84.39364439966926,33.71814100040689],[-84.39364339962316,33.71785730027426]]},"properties":{"overall":62,"safety":74,"sidewalk":100,"sidewalk_present":1,"canopy":11.4,"comfort":37.8,"name":"","road_type":"footway","osm_id":1386513469}},{"type":"Feature","geometry":{"type":"LineString","coordinates":[[-84.39333560035766,33.71831410011566],[-84.39341270013597,33.71831620003263],[-84.39349980037542,33.718317299903504]]},"properties":{"overall":50,"safety":40,"sidewalk":100,"sidewalk_present":1,"canopy":10.1,"comfort":35.6,"name":"","road_type":"footway","osm_id":1386394495}},{"type":"Feature","geometry":{"type":"LineString","coordinates":[[-84.39350750037079,33.71843460027662],[-84.39350209994194,33.718377499621965],[-84.39349980037542,33.718317299903504]]},"properties":{"overall":48,"safety":36,"sidewalk":100,"sidewalk_present":1,"canopy":8.4,"comfort":35.4,"name":"","road_type":"footway","osm_id":1386394496}},{"type":"Feature","geometry":{"type":"LineString","coordinates":[[-84.39343189976233,33.71704960025892],[-84.39343089971624,33.71711490003264],[-84.3934295003711,33.71720250029523],[-84.39341239976238,33.7182690000144],[-84.39341270013597,33.71831620003263],[-84.39341050039422,33.7184051996403],[-84.39340919997454,33.71848819987059],[-84.39340829975322,33.71857330001785],[-84.39340760008065,33.71862999957489],[-84.39339689994694,33.71958789986172],[-84.39339560042657,33.71966410031803]]},"properties":{"overall":13,"safety":27,"sidewalk":0,"sidewalk_present":0,"canopy":11.2,"comfort":36.1,"name":"Pryor Street","road_type":"secondary","osm_id":629306014}},{"type":"Feature","geometry":{"type":"LineString","coordinates":[[-84.39349509961909,33.71855580011015],[-84.39350329963753,33.71848430041018],[-84.39350750037079,33.71843460027662]]},"properties":{"overall":41,"safety":17,"sidewalk":100,"sidewalk_present":1,"canopy":5.9,"comfort":34.0,"name":"","road_type":"footway","osm_id":1386394492}},{"type":"Feature","geometry":{"type":"LineString","coordinates":[[-84.39349210038012,33.71858159986101],[-84.39349509961909,33.71855580011015]]},"properties":{"overall":38,"safety":10,"sidewalk":100,"sidewalk_present":1,"canopy":3.8,"comfort":33.1,"name":"","road_type":"footway","osm_id":1388074432}},{"type":"Feature","geometry":{"type":"LineString","coordinates":[[-84.39349210038012,33.71858159986101],[-84.39340829975322,33.71857330001785],[-84.39332550007174,33.71856579967198]]},"properties":{"overall":39,"safety":12,"sidewalk":100,"sidewalk_present":1,"canopy":5.9,"comfort":33.2,"name":"","road_type":"footway","osm_id":1386394491}},{"type":"Feature","geometry":{"type":"LineString","coordinates":[[-84.3934830001403,33.7192571004349],[-84.39348979991428,33.7190083002929],[-84.39349210038012,33.71858159986101]]},"properties":{"overall":57,"safety":64,"sidewalk":100,"sidewalk_present":1,"canopy":6.1,"comfort":32.7,"name":"","road_type":"footway","osm_id":1386394484}},{"type":"Feature","geometry":{"type":"LineString","coordinates":[[-84.3934830001403,33.7192571004349],[-84.39361049972473,33.71924979973852],[-84.39362350032422,33.71927739993214]]},"properties":{"overall":68,"safety":100,"sidewalk":100,"sidewalk_present":1,"canopy":4.5,"comfort":31.6,"name":"","road_type":"footway","osm_id":776841123}},{"type":"Feature","geometry":{"type":"LineString","coordinates":[[-84.39362350032422,33.71927739993214],[-84.39366799967843,33.719398699590386]]},"properties":{"overall":68,"safety":100,"sidewalk":100,"sidewalk_present":1,"canopy":5.2,"comfort":32.2,"name":"","road_type":"steps","osm_id":776841122}},{"type":"Feature","geometry":{"type":"LineString","coordinates":[[-84.39366799967843,33.719398699590386],[-84.39367719974291,33.7194401997055]]},"properties":{"overall":35,"safety":100,"sidewalk":0,"sidewalk_present":0,"canopy":4.2,"comfort":31.6,"name":"","road_type":"footway","osm_id":776841121}},{"type":"Feature","geometry":{"type":"LineString","coordinates":[[-84.39348700032474,33.71965529955247],[-84.39348390036167,33.71944929994527],[-84.3934830001403,33.7192571004349]]},"properties":{"overall":65,"safety":90,"sidewalk":100,"sidewalk_present":1,"canopy":4.5,"comfort":31.0,"name":"","road_type":"footway","osm_id":1386394483}},{"type":"Feature","geometry":{"type":"LineString","coordinates":[[-84.39325980009966,33.71953990034615],[-84.39352379968358,33.719476999963604]]},"properties":{"overall":62,"safety":76,"sidewalk":100,"sidewalk_present":1,"canopy":8.8,"comfort":32.3,"name":"Atlanta Beltline Southside Trail","road_type":"construction","osm_id":607563063}},{"type":"Feature","geometry":{"type":"LineString","coordinates":[[-84.39278710024445,33.71747899955625],[-84.39274440043368,33.71747510009584],[-84.39272190029544,33.71745629976846],[-84.39271349972819,33.71742170015142],[-84.39271120016173,33.717286399847524]]},"properties":{"overall":44,"safety":100,"sidewalk":0,"sidewalk_present":0,"canopy":32.6,"comfort":45.2,"name":"","road_type":"service","osm_id":793910498}},{"type":"Feature","geometry":{"type":"LineString","coordinates":[[-84.39341050039422,33.7184051996403],[-84.39332890040839,33.71840309972333],[-84.39323190043183,33.718397999668014],[-84.39278319988472,33.71838619966343],[-84.39255470013927,33.718357999622015],[-84.39233059987725,33.71828640009733],[-84.39196329966649,33.71806019991834]]},"properties":{"overall":28,"safety":78,"sidewalk":0,"sidewalk_present":0,"canopy":4.7,"comfort":28.3,"name":"","road_type":"service","osm_id":242060790}},{"type":"Feature","geometry":{"type":"LineString","coordinates":[[-84.39333010010398,33.71845710041492],[-84.39332890040839,33.71840309972333],[-84.39333560035766,33.71831410011566]]},"properties":{"overall":48,"safety":32,"sidewalk":100,"sidewalk_present":1,"canopy":11.5,"comfort":35.4,"name":"","road_type":"footway","osm_id":1386394494}},{"type":"Feature","geometry":{"type":"LineString","coordinates":[[-84.39332550007174,33.71856579967198],[-84.39333010010398,33.71845710041492]]},"properties":{"overall":39,"safety":9,"sidewalk":100,"sidewalk_present":1,"canopy":8.9,"comfort":34.1,"name":"","road_type":"footway","osm_id":1386394493}},{"type":"Feature","geometry":{"type":"LineString","coordinates":[[-84.39331939997027,33.7196960001703],[-84.39332550007174,33.71856579967198]]},"properties":{"overall":47,"safety":29,"sidewalk":100,"sidewalk_present":1,"canopy":11.9,"comfort":33.8,"name":"","road_type":"footway","osm_id":1386394490}},{"type":"Feature","geometry":{"type":"LineString","coordinates":[[-84.39106889960999,33.717290499856745],[-84.39155810022612,33.71728439975527],[-84.39219319965639,33.71728439975527],[-84.39255939999629,33.71728439975527],[-84.39271120016173,33.717286399847524]]},"properties":{"overall":41,"safety":100,"sidewalk":0,"sidewalk_present":0,"canopy":23.3,"comfort":39.0,"name":"","road_type":"residential","osm_id":242060796}},{"type":"Feature","geometry":{"type":"LineString","coordinates":[[-84.39196329966649,33.71806019991834],[-84.39197709976332,33.71798629992787],[-84.39195280008164,33.71791249976212],[-84.39189559960221,33.71781730022826],[-84.39182409990224,33.71777689998402],[-84.3917726002253,33.7177567003115],[-84.39169250030858,33.71775549971659],[-84.39162239995375,33.71779589996089],[-84.39158769961261,33.717849600278896]]},"properties":{"overall":35,"safety":100,"sidewalk":0,"sidewalk_present":0,"canopy":4.3,"comfort":27.5,"name":"","road_type":"service","osm_id":242060777}},{"type":"Feature","geometry":{"type":"LineString","coordinates":[[-84.39158769961261,33.717849600278896],[-84.39196329966649,33.71806019991834]]},"properties":{"overall":34,"safety":100,"sidewalk":0,"sidewalk_present":0,"canopy":2.7,"comfort":26.5,"name":"","road_type":"service","osm_id":952947971}},{"type":"Feature","geometry":{"type":"LineString","coordinates":[[-84.3903707999724,33.71915410018164],[-84.39076899998935,33.71902420030665],[-84.39090480031626,33.71894460041301],[-84.39099460032054,33.71885290014126],[-84.39109399968828,33.71868579980986],[-84.3911220000802,33.71862080040967],[-84.39112550024163,33.71855670033153],[-84.39109520028325,33.71847029976459],[-84.39105659958238,33.71842270044732],[-84.39102159976699,33.71838290005087],[-84.39098430038513,33.718408099953876],[-84.39090419956909,33.71835960041528],[-84.39088969979974,33.71835079964973],[-84.39063400005904,33.7180565999322],[-84.3904821998936,33.71814010018551],[-84.39045580029489,33.718194400351365],[-84.39032180041073,33.71847039958931]]},"properties":{"overall":68,"safety":100,"sidewalk":100,"sidewalk_present":1,"canopy":3.5,"comfort":23.3,"name":"","road_type":"footway","osm_id":1278841943}},{"type":"Feature","geometry":{"type":"LineString","coordinates":[[-84.39090419956909,33.71835960041528],[-84.39077839970332,33.71842890037351]]},"properties":{"overall":69,"safety":100,"sidewalk":100,"sidewalk_present":1,"canopy":6.3,"comfort":23.2,"name":"","road_type":"footway","osm_id":1278841944}},{"type":"Feature","geometry":{"type":"LineString","coordinates":[[-84.38675300005087,33.72053689955834],[-84.38685309999056,33.72044889999677],[-84.38696239999473,33.72035630040301],[-84.387004900156,33.720275499914464],[-84.38703119992988,33.7201913998133],[-84.38706349998051,33.71971579964446],[-84.38706709996666,33.71966349957091],[-84.38707870032175,33.71956880006013],[-84.38710400004953,33.7194930996269],[-84.38714240020158,33.719429999594865],[-84.38719099956495,33.71937360041136],[-84.38725060033488,33.719309699982716],[-84.38734369995177,33.71925000028733],[-84.3874377996147,33.719191899586576],[-84.38753490031536,33.71916330024618],[-84.38767439955387,33.719161599628194],[-84.38852399988264,33.71927300044865],[-84.38939400043273,33.71938710013461],[-84.38950400010947,33.7193993003375],[-84.38958700033976,33.719396200374376],[-84.3896260003396,33.719394800129976],[-84.38975280025147,33.719381300406724],[-84.38987950033862,33.71935339983958],[-84.39019499959949,33.719262599789204],[-84.39035699987562,33.71920240007074],[-84.3908565004271,33.71901689961027],[-84.39096380033908,33.718937799739706],[-84.39107299961921,33.71882339968022],[-84.39111799989576,33.71874600042764],[-84.39115590002473,33.718655099653176],[-84.39116200012614,33.7185962003544],[-84.39115149964198,33.71850169959379],[-84.39110200005723,33.71841439970484],[-84.39062210022968,33.71787110037104],[-84.3905833997041,33.71782729979009],[-84.39041759979239,33.71775320015013],[-84.39022130027274,33.71773470019633],[-84.39015720019461,33.71773480002105],[-84.3894182002897,33.71773570024243],[-84.38878540042583,33.717736399915],[-84.38876889966497,33.717736399915],[-84.38861310021434,33.717775100440576],[-84.38851190040384,33.717807100117625],[-84.38845329968001,33.71784240030661],[-84.38837240026601,33.717897900168],[-84.388348099685,33.71791449985432],[-84.3881356996028,33.71805950024577],[-84.38801430011983,33.71810830015795],[-84.38788889955305,33.718116699825885],[-84.38774730039756,33.718116699825885],[-84.38764409959549,33.718116699825885],[-84.38749240015409,33.71815879978885],[-84.38741550002527,33.71821429965024],[-84.38731170027472,33.71837160006936],[-84.38730319988275,33.71840449996773],[-84.38729919969825,33.71846159972313],[-84.3873001997444,33.71853399964442],[-84.38745190008507,33.71873089991118],[-84.38755829977566,33.71886749973538],[-84.387567200366,33.71887890044093],[-84.38755910017233,33.71899329960115],[-84.38755300007085,33.719036299785444],[-84.38753490031536,33.71916330024618]]},"properties":{"overall":70,"safety":100,"sidewalk":100,"sidewalk_present":1,"canopy":10.5,"comfort":30.7,"name":"","road_type":"service","osm_id":242060774}},{"type":"Feature","geometry":{"type":"LineString","coordinates":[[-84.3892305999122,33.71872169984664],[-84.38933629993028,33.71875230017855],[-84.38944440023886,33.718860299763094]]},"properties":{"overall":33,"safety":100,"sidewalk":0,"sidewalk_present":0,"canopy":0.0,"comfort":22.6,"name":"","road_type":"footway","osm_id":992576430}},{"type":"Feature","geometry":{"type":"LineString","coordinates":[[-84.38917329960805,33.71884150033503],[-84.38930239998575,33.71884529997067],[-84.38944440023886,33.718860299763094],[-84.38948450010957,33.71886449959703],[-84.38980449957796,33.71890589988743],[-84.38988079985899,33.71888429997051],[-84.39009679992733,33.71876949971272],[-84.39015710036983,33.718788999712615],[-84.39028960018487,33.718831800247415]]},"properties":{"overall":34,"safety":100,"sidewalk":0,"sidewalk_present":0,"canopy":0.8,"comfort":22.3,"name":"","road_type":"footway","osm_id":992576428}},{"type":"Feature","geometry":{"type":"LineString","coordinates":[[-84.39028579964992,33.71918020030603],[-84.3898864997621,33.719321099789],[-84.38966939982288,33.719354100411465],[-84.3895847996987,33.71935999996407],[-84.38944290016968,33.71935990013935],[-84.38852990033462,33.71924340016284]]},"properties":{"overall":68,"safety":100,"sidewalk":100,"sidewalk_present":1,"canopy":2.9,"comfort":24.5,"name":"","road_type":"footway","osm_id":1278841940}},{"type":"Feature","geometry":{"type":"LineString","coordinates":[[-84.38958949955571,33.719435300198995],[-84.38958700033976,33.719396200374376],[-84.3895847996987,33.71935999996407]]},"properties":{"overall":67,"safety":100,"sidewalk":100,"sidewalk_present":1,"canopy":0.0,"comfort":0.0,"name":"","road_type":"footway","osm_id":1278841937}},{"type":"Feature","geometry":{"type":"LineString","coordinates":[[-84.38958949955571,33.719435300198995],[-84.38959220021985,33.71944369986693],[-84.38959950001686,33.71944710020358],[-84.38975309972574,33.71943809978853],[-84.38976849971647,33.71944200014826],[-84.38977319957348,33.719452100434125],[-84.38977390014531,33.71946100012508],[-84.38976110009463,33.719474400023614],[-84.38975440014542,33.71948550035563],[-84.38975170038066,33.71949780038324],[-84.38975580038982,33.71951290000038],[-84.3897678000439,33.71952229971441],[-84.38978799971636,33.71952229971441],[-84.38980200036201,33.71951959994965],[-84.38981810002525,33.71952460018019],[-84.38982889998368,33.71953740023088],[-84.38985900029257,33.719595400207595]]},"properties":{"overall":67,"safety":100,"sidewalk":100,"sidewalk_present":1,"canopy":0.0,"comfort":0.0,"name":"","road_type":"footway","osm_id":1278841936}},{"type":"Feature","geometry":{"type":"LineString","coordinates":[[-84.3888281002366,33.719543199958764],[-84.38885900004277,33.719655900299585],[-84.38877110030597,33.719711800359335],[-84.38865200038947,33.71978749989324],[-84.38855720015465,33.719847699611705]]},"properties":{"overall":33,"safety":100,"sidewalk":0,"sidewalk_present":0,"canopy":0.0,"comfort":0.0,"name":"","road_type":"service","osm_id":562978676}},{"type":"Feature","geometry":{"type":"LineString","coordinates":[[-84.3849407995782,33.722830900125984],[-84.38435579958048,33.72203629963559],[-84.38424679994984,33.72191719971903],[-84.38410639959062,33.72179420034212]]},"properties":{"overall":64,"safety":90,"sidewalk":100,"sidewalk_present":1,"canopy":2.9,"comfort":31.6,"name":"","road_type":"footway","osm_id":1389030798}}]}