{"type": "FeatureCollection", "features": [{"type": "Feature", "properties": {"npu": "A", "population": 12465, "acres": 7317.4, "sqmiles": 11.43}, "geometry": {"type": "Polygon", "coordinates": [[[-84.38962, 33.88307], [-84.38953, 33.88297], [-84.38948, 33.88298], [-84.38943, 33.883], [-84.38937, 33.88301], [-84.38928, 33.88303], [-84.38922, 33.88303], [-84.38919, 33.88307], [-84.38908, 33.88293], [-84.38903, 33.88283], [-84.38909, 33.88282], [-84.38916, 33.88282], [-84.38922, 33.88282], [-84.38932, 33.8828], [-84.38938, 33.8828], [-84.38884, 33.88212], [-84.38845, 33.88183], [-84.38776, 33.88131], [-84.3873, 33.88097], [-84.38722, 33.88091], [-84.38723, 33.88033], [-84.38725, 33.87936], [-84.38726, 33.87887], [-84.38729, 33.87813], [-84.38737, 33.87813], [-84.38741, 33.87708], [-84.38741, 33.87691], [-84.38744, 33.87608], [-84.38742, 33.87599], [-84.38743, 33.87499], [-84.38745, 33.87398], [-84.38746, 33.87322], [-84.38747, 33.87237], [-84.38748, 33.87138], [-84.38749, 33.87085], [-84.38752, 33.86866], [-84.38752, 33.86815], [-84.38748, 33.86749], [-84.38753, 33.86679], [-84.38753, 33.86661], [-84.38753, 33.86652], [-84.38756, 33.86638], [-84.38756, 33.86634], [-84.38763, 33.86616], [-84.3877, 33.86602], [-84.38782, 33.86584], [-84.388, 33.86563], [-84.3881, 33.86552], [-84.38817, 33.86539], [-84.38819, 33.86535], [-84.38821, 33.86529], [-84.38822, 33.86523], [-84.38823, 33.86516], [-84.38823, 33.86511], [-84.3882, 33.86499], [-84.38818, 33.8649], [-84.38815, 33.86483], [-84.38808, 33.86474], [-84.38779, 33.86442], [-84.3877, 33.86432], [-84.38767, 33.86427], [-84.38764, 33.86421], [-84.38761, 33.86415], [-84.38759, 33.8641], [-84.38757, 33.86397], [-84.38756, 33.86389], [-84.38751, 33.86338], [-84.38749, 33.86322], [-84.38748, 33.86316], [-84.38744, 33.86302], [-84.3874, 33.86293], [-84.38738, 33.86287], [-84.38734, 33.86278], [-84.3873, 33.86267], [-84.38725, 33.86257], [-84.3872, 33.86247], [-84.38713, 33.86234], [-84.38706, 33.86219], [-84.38702, 33.86212], [-84.387, 33.86207], [-84.38695, 33.86192], [-84.38687, 33.86168], [-84.38684, 33.86152], [-84.38682, 33.86139], [-84.38681, 33.86128], [-84.38678, 33.86051], [-84.38677, 33.86041], [-84.38676, 33.86007], [-84.38671, 33.85909], [-84.3867, 33.859], [-84.38669, 33.85891], [-84.38619, 33.85838], [-84.38616, 33.85834], [-84.38596, 33.85824], [-84.38532, 33.85788], [-84.38512, 33.85776], [-84.38499, 33.85769], [-84.38476, 33.85754], [-84.38466, 33.85747], [-84.38439, 33.85726], [-84.38388, 33.8568], [-84.38352, 33.85649], [-84.38324, 33.85625], [-84.38292, 33.85598], [-84.38275, 33.85583], [-84.38265, 33.85572], [-84.38266, 33.85551], [-84.38266, 33.85533], [-84.38266, 33.85501], [-84.38267, 33.85445], [-84.38267, 33.85432], [-84.38267, 33.854], [-84.38267, 33.85379], [-84.38268, 33.85352], [-84.38266, 33.85338], [-84.38267, 33.8533], [-84.38271, 33.85329], [-84.38281, 33.85329], [-84.38301, 33.85324], [-84.38311, 33.85321], [-84.38323, 33.85316], [-84.38335, 33.85309], [-84.38356, 33.85294], [-84.38367, 33.85287], [-84.38391, 33.85276], [-84.38421, 33.85265], [-84.38468, 33.85249], [-84.38491, 33.85241], [-84.38496, 33.85237], [-84.38503, 33.85232], [-84.38516, 33.85218], [-84.38537, 33.85189], [-84.38581, 33.85128], [-84.38586, 33.85121], [-84.38597, 33.85106], [-84.3864, 33.8506], [-84.38649, 33.85051], [-84.38654, 33.85047], [-84.38665, 33.85032], [-84.38671, 33.85022], [-84.38675, 33.85013], [-84.38678, 33.85006], [-84.38681, 33.84995], [-84.38684, 33.84988], [-84.38688, 33.84979], [-84.38693, 33.84968], [-84.38699, 33.8496], [-84.38712, 33.84946], [-84.38718, 33.8494], [-84.38723, 33.84936], [-84.38734, 33.84928], [-84.38745, 33.8492], [-84.38764, 33.84912], [-84.38801, 33.84899], [-84.38847, 33.84884], [-84.38877, 33.84875], [-84.38893, 33.8487], [-84.38926, 33.8486], [-84.38955, 33.84851], [-84.39035, 33.84827], [-84.39121, 33.84806], [-84.3913, 33.84803], [-84.39168, 33.84795], [-84.39209, 33.84784], [-84.39233, 33.84773], [-84.39274, 33.84747], [-84.39292, 33.84737], [-84.39326, 33.84718], [-84.3935, 33.84706], [-84.39368, 33.84701], [-84.39425, 33.84695], [-84.39439, 33.84693], [-84.3945, 33.8469], [-84.39458, 33.84686], [-84.39466, 33.84681], [-84.39472, 33.84677], [-84.39513, 33.84638], [-84.3953, 33.84621], [-84.39542, 33.84607], [-84.39549, 33.84597], [-84.39567, 33.84524], [-84.39569, 33.84512], [-84.39569, 33.84506], [-84.39569, 33.84497], [-84.39568, 33.8449], [-84.39567, 33.84485], [-84.39562, 33.84475], [-84.39553, 33.84455], [-84.39546, 33.84442], [-84.39541, 33.84426], [-84.39537, 33.84404], [-84.39579, 33.84403], [-84.39592, 33.84403], [-84.39607, 33.84405], [-84.3962, 33.84407], [-84.39629, 33.8441], [-84.39663, 33.84421], [-84.3968, 33.84426], [-84.3978, 33.84467], [-84.39831, 33.84487], [-84.39854, 33.84497], [-84.39914, 33.84519], [-84.39957, 33.84531], [-84.40014, 33.84541], [-84.40042, 33.84545], [-84.40062, 33.84548], [-84.40106, 33.8455], [-84.40118, 33.8455], [-84.40243, 33.84548], [-84.40258, 33.84547], [-84.40286, 33.84546], [-84.40324, 33.84548], [-84.40369, 33.84552], [-84.40417, 33.84559], [-84.40447, 33.84563], [-84.40469, 33.84557], [-84.40551, 33.84549], [-84.4056, 33.84549], [-84.40566, 33.84548], [-84.40582, 33.84545], [-84.4059, 33.84542], [-84.406, 33.84538], [-84.40612, 33.84532], [-84.40624, 33.84523], [-84.40672, 33.84487], [-84.40679, 33.84481], [-84.40711, 33.84461], [-84.40727, 33.84454], [-84.40764, 33.84437], [-84.4077, 33.84434], [-84.40811, 33.84416], [-84.40841, 33.84402], [-84.40941, 33.84358], [-84.41025, 33.84323], [-84.41109, 33.84293], [-84.41134, 33.84284], [-84.41151, 33.84277], [-84.41155, 33.84275], [-84.41173, 33.84265], [-84.41178, 33.84262], [-84.41196, 33.8425], [-84.41206, 33.84242], [-84.41213, 33.84237], [-84.41243, 33.84218], [-84.41313, 33.84173], [-84.41364, 33.84142], [-84.41385, 33.84131], [-84.41444, 33.84106], [-84.41533, 33.84068], [-84.41546, 33.84062], [-84.4155, 33.8406], [-84.41556, 33.84056], [-84.41563, 33.84052], [-84.41567, 33.84048], [-84.41578, 33.8404], [-84.41603, 33.8402], [-84.41634, 33.83995], [-84.41677, 33.83993], [-84.41682, 33.83993], [-84.41757, 33.83996], [-84.41768, 33.83998], [-84.41825, 33.84008], [-84.41886, 33.84024], [-84.41944, 33.8405], [-84.4195, 33.84053], [-84.41995, 33.84082], [-84.42018, 33.84098], [-84.42071, 33.84134], [-84.4214, 33.84181], [-84.42259, 33.84262], [-84.42297, 33.84288], [-84.42359, 33.8433], [-84.42438, 33.84383], [-84.42457, 33.84396], [-84.42547, 33.84457], [-84.42559, 33.84465], [-84.42671, 33.84541], [-84.42714, 33.8457], [-84.42751, 33.84595], [-84.42777, 33.84612], [-84.42793, 33.84597], [-84.42872, 33.84525], [-84.42875, 33.84521], [-84.42979, 33.84406], [-84.42985, 33.84309], [-84.42998, 33.84201], [-84.43002, 33.84099], [-84.42994, 33.83991], [-84.42981, 33.83912], [-84.42954, 33.8382], [-84.42932, 33.83755], [-84.42924, 33.83739], [-84.42878, 33.83639], [-84.4284, 33.83563], [-84.42833, 33.83549], [-84.42797, 33.83485], [-84.42745, 33.8338], [-84.42645, 33.83174], [-84.42657, 33.83158], [-84.42667, 33.83146], [-84.42681, 33.83128], [-84.42692, 33.83118], [-84.42703, 33.83107], [-84.42715, 33.83096], [-84.42732, 33.83084], [-84.42758, 33.83075], [-84.42801, 33.83069], [-84.42861, 33.83068], [-84.4291, 33.83071], [-84.4293, 33.83073], [-84.42937, 33.83073], [-84.42967, 33.83073], [-84.42973, 33.83073], [-84.42989, 33.83071], [-84.42996, 33.8307], [-84.43004, 33.83069], [-84.43086, 33.8305], [-84.43135, 33.83039], [-84.43327, 33.8297], [-84.43483, 33.82928], [-84.43692, 33.82872], [-84.43744, 33.82858], [-84.43773, 33.8285], [-84.43901, 33.82765], [-84.43933, 33.82744], [-84.43978, 33.82714], [-84.43714, 33.82503], [-84.43717, 33.82498], [-84.43721, 33.82493], [-84.43742, 33.82484], [-84.43788, 33.82465], [-84.43818, 33.82464], [-84.43889, 33.82445], [-84.44004, 33.82448], [-84.4405, 33.82466], [-84.4412, 33.82502], [-84.44216, 33.82548], [-84.44228, 33.82563], [-84.44238, 33.8257], [-84.4425, 33.82581], [-84.44263, 33.82598], [-84.44267, 33.82603], [-84.44271, 33.82609], [-84.44278, 33.82612], [-84.44287, 33.82618], [-84.44293, 33.82622], [-84.44302, 33.82628], [-84.44321, 33.82677], [-84.44324, 33.82682], [-84.44341, 33.827], [-84.44389, 33.82743], [-84.44389, 33.82777], [-84.44359, 33.82833], [-84.44308, 33.82918], [-84.4425, 33.82994], [-84.44253, 33.83038], [-84.44272, 33.83058], [-84.44275, 33.83064], [-84.44339, 33.83123], [-84.44367, 33.83133], [-84.44392, 33.83143], [-84.44418, 33.83166], [-84.44442, 33.83184], [-84.44461, 33.83191], [-84.44469, 33.83195], [-84.44522, 33.83215], [-84.44556, 33.83196], [-84.44627, 33.83115], [-84.44648, 33.8308], [-84.4467, 33.83043], [-84.4475, 33.82939], [-84.44756, 33.82932], [-84.44785, 33.82833], [-84.44786, 33.82747], [-84.44777, 33.82717], [-84.44768, 33.82689], [-84.44791, 33.8266], [-84.44814, 33.82631], [-84.44837, 33.82626], [-84.44843, 33.82623], [-84.44873, 33.82615], [-84.44899, 33.82622], [-84.44915, 33.82628], [-84.44924, 33.82629], [-84.44943, 33.82639], [-84.44962, 33.82649], [-84.44995, 33.82669], [-84.45028, 33.82689], [-84.45078, 33.82698], [-84.45128, 33.82707], [-84.45174, 33.82715], [-84.4522, 33.82722], [-84.4527, 33.82717], [-84.45321, 33.82712], [-84.45356, 33.82704], [-84.45391, 33.82697], [-84.45432, 33.82693], [-84.45473, 33.82688], [-84.45504, 33.82688], [-84.45537, 33.82688], [-84.45537, 33.82695], [-84.45538, 33.82702], [-84.45537, 33.82709], [-84.45534, 33.82716], [-84.4553, 33.82724], [-84.45528, 33.82729], [-84.45526, 33.82738], [-84.45535, 33.82746], [-84.45534, 33.82754], [-84.45523, 33.82752], [-84.45515, 33.82757], [-84.4551, 33.82768], [-84.45507, 33.82777], [-84.45505, 33.82784], [-84.45502, 33.82792], [-84.45502, 33.82799], [-84.45502, 33.82807], [-84.45503, 33.82816], [-84.45507, 33.82825], [-84.45509, 33.82832], [-84.4551, 33.82839], [-84.45515, 33.82847], [-84.45512, 33.82854], [-84.45515, 33.82864], [-84.45515, 33.82868], [-84.45515, 33.82873], [-84.45517, 33.8288], [-84.45519, 33.82889], [-84.45522, 33.82897], [-84.45524, 33.82907], [-84.45527, 33.82914], [-84.45529, 33.82919], [-84.4553, 33.82923], [-84.45534, 33.8293], [-84.4554, 33.8294], [-84.45543, 33.82949], [-84.45545, 33.82956], [-84.45549, 33.82965], [-84.45553, 33.82972], [-84.45557, 33.8298], [-84.45561, 33.82987], [-84.45567, 33.82998], [-84.45571, 33.83008], [-84.4558, 33.83027], [-84.45584, 33.83035], [-84.45589, 33.83043], [-84.45599, 33.83055], [-84.45603, 33.83064], [-84.45607, 33.8307], [-84.4561, 33.83076], [-84.45614, 33.83085], [-84.4562, 33.83092], [-84.45627, 33.83102], [-84.45632, 33.83108], [-84.45636, 33.83115], [-84.4564, 33.83118], [-84.4565, 33.83124], [-84.45653, 33.83131], [-84.45658, 33.8314], [-84.45662, 33.83146], [-84.45666, 33.83154], [-84.45672, 33.83165], [-84.45677, 33.83172], [-84.4568, 33.83177], [-84.45682, 33.83181], [-84.45686, 33.83188], [-84.45692, 33.83196], [-84.457, 33.83207], [-84.4573, 33.83247], [-84.45736, 33.83257], [-84.45742, 33.83267], [-84.45764, 33.83304], [-84.45772, 33.8331], [-84.45778, 33.83318], [-84.45783, 33.83325], [-84.45787, 33.83331], [-84.45792, 33.83338], [-84.45797, 33.83345], [-84.45803, 33.83353], [-84.45808, 33.83361], [-84.45814, 33.8337], [-84.45821, 33.83379], [-84.45827, 33.83388], [-84.45833, 33.83396], [-84.45838, 33.83403], [-84.45842, 33.83414], [-84.45845, 33.83419], [-84.45853, 33.83425], [-84.45856, 33.83429], [-84.4586, 33.83434], [-84.45863, 33.8344], [-84.45865, 33.83449], [-84.45864, 33.83459], [-84.45864, 33.83463], [-84.45865, 33.83475], [-84.45866, 33.83481], [-84.45868, 33.83486], [-84.4589, 33.83533], [-84.45958, 33.83666], [-84.45973, 33.83696], [-84.46043, 33.83835], [-84.46053, 33.83892], [-84.4607, 33.8398], [-84.4607, 33.84078], [-84.46067, 33.84096], [-84.46045, 33.84228], [-84.45988, 33.84374], [-84.45951, 33.84443], [-84.45947, 33.84451], [-84.459, 33.84536], [-84.45897, 33.84548], [-84.45878, 33.84604], [-84.45877, 33.84624], [-84.4587, 33.847], [-84.45869, 33.84782], [-84.45869, 33.8479], [-84.45869, 33.84796], [-84.45876, 33.84833], [-84.45877, 33.84841], [-84.45882, 33.84872], [-84.45884, 33.84881], [-84.45885, 33.84889], [-84.45888, 33.84897], [-84.45891, 33.84906], [-84.45893, 33.84913], [-84.45897, 33.84921], [-84.45899, 33.84928], [-84.45902, 33.84937], [-84.45905, 33.84944], [-84.45907, 33.8495], [-84.45912, 33.84961], [-84.45928, 33.84993], [-84.46005, 33.85136], [-84.46017, 33.85158], [-84.46019, 33.85166], [-84.46021, 33.85173], [-84.46023, 33.8518], [-84.46024, 33.85187], [-84.46025, 33.85195], [-84.46026, 33.85201], [-84.46026, 33.8521], [-84.46026, 33.85217], [-84.46026, 33.85224], [-84.46025, 33.85232], [-84.46025, 33.85239], [-84.46023, 33.85246], [-84.46022, 33.85255], [-84.4602, 33.85261], [-84.46018, 33.85268], [-84.46016, 33.85275], [-84.46013, 33.85282], [-84.4601, 33.85289], [-84.46007, 33.85296], [-84.46004, 33.85303], [-84.46001, 33.85308], [-84.45996, 33.85317], [-84.45988, 33.85327], [-84.45984, 33.85333], [-84.4598, 33.85339], [-84.45973, 33.85348], [-84.45968, 33.85355], [-84.45965, 33.85361], [-84.45961, 33.85367], [-84.45958, 33.85372], [-84.45951, 33.85379], [-84.45945, 33.85386], [-84.45934, 33.85393], [-84.45925, 33.85398], [-84.45919, 33.85406], [-84.45914, 33.85413], [-84.45908, 33.8542], [-84.45901, 33.85428], [-84.45896, 33.85435], [-84.45892, 33.85439], [-84.45889, 33.85444], [-84.45886, 33.85454], [-84.45863, 33.85476], [-84.45855, 33.85484], [-84.4585, 33.85488], [-84.45843, 33.85495], [-84.4584, 33.85498], [-84.45835, 33.85503], [-84.45826, 33.85511], [-84.45818, 33.85517], [-84.45811, 33.85523], [-84.45804, 33.85528], [-84.458, 33.85532], [-84.45795, 33.85537], [-84.45786, 33.85546], [-84.45779, 33.85552], [-84.4577, 33.85559], [-84.45762, 33.85567], [-84.45755, 33.85573], [-84.45748, 33.8558], [-84.45742, 33.85588], [-84.45689, 33.85663], [-84.45603, 33.85746], [-84.45595, 33.85754], [-84.45584, 33.8576], [-84.45573, 33.85766], [-84.45571, 33.8577], [-84.45566, 33.85776], [-84.45557, 33.85783], [-84.45544, 33.85785], [-84.45528, 33.85788], [-84.45523, 33.85789], [-84.45517, 33.85791], [-84.45505, 33.85795], [-84.45495, 33.858], [-84.45488, 33.85805], [-84.45479, 33.85812], [-84.45471, 33.8583], [-84.45467, 33.85839], [-84.45464, 33.85849], [-84.45459, 33.85853], [-84.45455, 33.85862], [-84.45447, 33.85872], [-84.45441, 33.85896], [-84.45438, 33.85903], [-84.45435, 33.85907], [-84.45434, 33.85911], [-84.45431, 33.8592], [-84.45428, 33.85929], [-84.45426, 33.85937], [-84.45425, 33.85941], [-84.45424, 33.85952], [-84.45419, 33.85973], [-84.45424, 33.85985], [-84.45425, 33.8599], [-84.45426, 33.85999], [-84.45423, 33.86019], [-84.45427, 33.86027], [-84.45431, 33.86036], [-84.45435, 33.86045], [-84.45438, 33.86054], [-84.45441, 33.86062], [-84.45444, 33.86071], [-84.45447, 33.86079], [-84.45446, 33.86084], [-84.45449, 33.86094], [-84.45453, 33.86102], [-84.4546, 33.86109], [-84.45459, 33.86118], [-84.45462, 33.86127], [-84.45465, 33.86134], [-84.45469, 33.86145], [-84.45496, 33.86198], [-84.455, 33.8621], [-84.45503, 33.86215], [-84.45509, 33.86223], [-84.45516, 33.8623], [-84.45521, 33.86235], [-84.45528, 33.86243], [-84.45534, 33.8625], [-84.4554, 33.86257], [-84.45543, 33.8626], [-84.45547, 33.86263], [-84.45555, 33.8627], [-84.45559, 33.86277], [-84.45564, 33.86283], [-84.4557, 33.86291], [-84.45578, 33.86298], [-84.45584, 33.86305], [-84.4559, 33.86312], [-84.45593, 33.8632], [-84.45598, 33.86328], [-84.45602, 33.86336], [-84.45604, 33.8634], [-84.45606, 33.86345], [-84.45609, 33.86353], [-84.45612, 33.86363], [-84.45615, 33.86371], [-84.45618, 33.86379], [-84.45618, 33.8639], [-84.45618, 33.86398], [-84.4562, 33.86405], [-84.45619, 33.86414], [-84.45618, 33.86421], [-84.45618, 33.86431], [-84.45618, 33.8644], [-84.45618, 33.86449], [-84.45613, 33.86457], [-84.45612, 33.86467], [-84.45608, 33.86475], [-84.45605, 33.86479], [-84.45603, 33.86483], [-84.456, 33.86492], [-84.45596, 33.86501], [-84.45593, 33.86509], [-84.45589, 33.86517], [-84.45586, 33.86525], [-84.45583, 33.86532], [-84.4558, 33.8654], [-84.45576, 33.86549], [-84.45574, 33.86553], [-84.45572, 33.86559], [-84.45567, 33.86571], [-84.45564, 33.86578], [-84.4556, 33.86588], [-84.45556, 33.86593], [-84.45549, 33.86601], [-84.45543, 33.86608], [-84.45538, 33.86615], [-84.45532, 33.86622], [-84.45524, 33.8663], [-84.45516, 33.86634], [-84.45514, 33.86642], [-84.45507, 33.86651], [-84.45502, 33.86658], [-84.45496, 33.86665], [-84.45489, 33.86672], [-84.45481, 33.8668], [-84.45475, 33.86686], [-84.45467, 33.86694], [-84.45461, 33.86703], [-84.45456, 33.8671], [-84.4545, 33.86717], [-84.45443, 33.86724], [-84.45436, 33.86732], [-84.45431, 33.86738], [-84.45383, 33.86782], [-84.45373, 33.86784], [-84.45363, 33.8679], [-84.45357, 33.86798], [-84.45353, 33.86805], [-84.45348, 33.86813], [-84.45341, 33.86818], [-84.4533, 33.8682], [-84.45323, 33.86827], [-84.45316, 33.86833], [-84.45308, 33.8684], [-84.453, 33.86846], [-84.45293, 33.86852], [-84.45284, 33.86859], [-84.45277, 33.86866], [-84.45271, 33.8687], [-84.45263, 33.86876], [-84.45256, 33.86882], [-84.4525, 33.86886], [-84.45242, 33.86892], [-84.45233, 33.86898], [-84.45226, 33.86904], [-84.45204, 33.86921], [-84.45192, 33.86955], [-84.4518, 33.86989], [-84.45173, 33.87006], [-84.45174, 33.87019], [-84.45175, 33.87023], [-84.45175, 33.87027], [-84.45178, 33.87036], [-84.4518, 33.87046], [-84.45181, 33.87054], [-84.45183, 33.87065], [-84.45186, 33.87077], [-84.45188, 33.87089], [-84.45192, 33.87111], [-84.45196, 33.87118], [-84.45198, 33.87128], [-84.45199, 33.87139], [-84.45199, 33.87147], [-84.45199, 33.87155], [-84.45198, 33.87167], [-84.45197, 33.87176], [-84.45196, 33.87185], [-84.45193, 33.87208], [-84.45189, 33.87215], [-84.45186, 33.87222], [-84.45182, 33.8723], [-84.45179, 33.87237], [-84.45176, 33.87244], [-84.45172, 33.87251], [-84.45169, 33.87257], [-84.4512, 33.87306], [-84.45097, 33.87329], [-84.45024, 33.87394], [-84.44911, 33.87484], [-84.44857, 33.87543], [-84.44817, 33.87584], [-84.44747, 33.87655], [-84.44653, 33.87717], [-84.44537, 33.87781], [-84.44524, 33.87788], [-84.44473, 33.87817], [-84.44429, 33.87843], [-84.44381, 33.87853], [-84.44345, 33.87853], [-84.44316, 33.87853], [-84.44269, 33.87852], [-84.44033, 33.87851], [-84.44035, 33.87858], [-84.44025, 33.87878], [-84.44016, 33.87901], [-84.44006, 33.87904], [-84.43985, 33.87911], [-84.43997, 33.87922], [-84.44003, 33.87928], [-84.43949, 33.87985], [-84.43935, 33.8799], [-84.43923, 33.87994], [-84.43889, 33.87988], [-84.43884, 33.87984], [-84.43874, 33.87977], [-84.43876, 33.87961], [-84.43879, 33.87944], [-84.4387, 33.87938], [-84.43863, 33.87942], [-84.43856, 33.87946], [-84.43817, 33.87933], [-84.43802, 33.87925], [-84.43792, 33.87936], [-84.4376, 33.87948], [-84.43754, 33.87947], [-84.43713, 33.87943], [-84.43723, 33.87969], [-84.4371, 33.87995], [-84.43692, 33.88002], [-84.43675, 33.8801], [-84.43635, 33.88018], [-84.43616, 33.88038], [-84.43617, 33.87896], [-84.43617, 33.87848], [-84.43547, 33.87848], [-84.43489, 33.87847], [-84.43354, 33.87847], [-84.43306, 33.87847], [-84.4312, 33.87847], [-84.42993, 33.87846], [-84.42947, 33.87979], [-84.42944, 33.87987], [-84.42924, 33.88118], [-84.42913, 33.8812], [-84.42903, 33.88121], [-84.42892, 33.88121], [-84.42881, 33.88121], [-84.42871, 33.88119], [-84.4286, 33.88116], [-84.42851, 33.88112], [-84.42841, 33.88108], [-84.42833, 33.88103], [-84.42825, 33.88097], [-84.42817, 33.8809], [-84.42811, 33.88083], [-84.42767, 33.8806], [-84.4277, 33.88041], [-84.42786, 33.8793], [-84.42788, 33.8792], [-84.4279, 33.87906], [-84.42796, 33.87866], [-84.42752, 33.87868], [-84.42699, 33.87868], [-84.427, 33.87846], [-84.42665, 33.87846], [-84.42536, 33.87845], [-84.42488, 33.87845], [-84.42473, 33.87879], [-84.42464, 33.87899], [-84.42457, 33.87915], [-84.4245, 33.87913], [-84.42347, 33.87883], [-84.42307, 33.87872], [-84.42322, 33.87843], [-84.42083, 33.87842], [-84.419, 33.8784], [-84.4186, 33.8784], [-84.41847, 33.87841], [-84.41778, 33.87843], [-84.41755, 33.87838], [-84.41664, 33.87838], [-84.41648, 33.87837], [-84.41628, 33.87837], [-84.41613, 33.87837], [-84.41597, 33.87837], [-84.41427, 33.87836], [-84.41375, 33.87835], [-84.41364, 33.87835], [-84.41353, 33.87835], [-84.41285, 33.87835], [-84.41272, 33.87834], [-84.41179, 33.87834], [-84.41171, 33.87834], [-84.41163, 33.87834], [-84.41073, 33.87833], [-84.40964, 33.87832], [-84.40856, 33.87831], [-84.40798, 33.87831], [-84.4072, 33.8783], [-84.40696, 33.8783], [-84.40696, 33.87853], [-84.40696, 33.87891], [-84.40696, 33.87906], [-84.40696, 33.87919], [-84.40697, 33.88029], [-84.40697, 33.88059], [-84.40697, 33.88077], [-84.40697, 33.88087], [-84.40697, 33.88114], [-84.40697, 33.8812], [-84.40698, 33.88192], [-84.40698, 33.88199], [-84.40698, 33.88238], [-84.40564, 33.88235], [-84.40515, 33.88234], [-84.40514, 33.88304], [-84.40512, 33.88466], [-84.40512, 33.88517], [-84.40495, 33.88516], [-84.40487, 33.88515], [-84.40479, 33.88515], [-84.40471, 33.88516], [-84.40462, 33.88517], [-84.40439, 33.88526], [-84.40434, 33.88529], [-84.40427, 33.88534], [-84.40418, 33.88542], [-84.40403, 33.88556], [-84.40378, 33.88581], [-84.40372, 33.88586], [-84.40367, 33.88591], [-84.40332, 33.88631], [-84.40325, 33.88639], [-84.40318, 33.88645], [-84.40309, 33.88651], [-84.40299, 33.88657], [-84.40294, 33.88659], [-84.40289, 33.88661], [-84.40278, 33.88665], [-84.40264, 33.88668], [-84.40255, 33.88669], [-84.40182, 33.88672], [-84.40152, 33.88592], [-84.40114, 33.88592], [-84.40114, 33.88547], [-84.40114, 33.88405], [-84.40114, 33.88392], [-84.40113, 33.88336], [-84.40113, 33.88229], [-84.40104, 33.88229], [-84.40104, 33.8819], [-84.40045, 33.8813], [-84.40023, 33.88128], [-84.40017, 33.88128], [-84.3992, 33.88131], [-84.39918, 33.87947], [-84.3973, 33.87946], [-84.3973, 33.87891], [-84.3973, 33.87885], [-84.39731, 33.87878], [-84.39733, 33.87825], [-84.39724, 33.87824], [-84.396, 33.87823], [-84.39501, 33.87822], [-84.39247, 33.87819], [-84.3892, 33.87815], [-84.38906, 33.87815], [-84.38869, 33.87815], [-84.38869, 33.87896], [-84.38878, 33.87896], [-84.38886, 33.87894], [-84.38894, 33.87893], [-84.38902, 33.87891], [-84.38914, 33.87887], [-84.3894, 33.87926], [-84.38967, 33.87967], [-84.39019, 33.87979], [-84.39055, 33.88038], [-84.39057, 33.88042], [-84.39091, 33.88027], [-84.39125, 33.88084], [-84.39036, 33.88122], [-84.39076, 33.88176], [-84.39122, 33.88237], [-84.39162, 33.88267], [-84.39225, 33.88315], [-84.39265, 33.88344], [-84.39298, 33.88381], [-84.39333, 33.8842], [-84.39349, 33.88438], [-84.39393, 33.88485], [-84.39465, 33.88536], [-84.39524, 33.88605], [-84.39548, 33.88634], [-84.39469, 33.88686], [-84.39461, 33.88679], [-84.39454, 33.88671], [-84.39421, 33.88644], [-84.39416, 33.88641], [-84.39379, 33.88617], [-84.39322, 33.8858], [-84.39314, 33.88577], [-84.39305, 33.88575], [-84.39297, 33.88572], [-84.39289, 33.8857], [-84.3928, 33.88568], [-84.39272, 33.88567], [-84.39263, 33.88566], [-84.39254, 33.88565], [-84.39245, 33.88565], [-84.3923, 33.88564], [-84.3923, 33.885], [-84.39192, 33.88476], [-84.3915, 33.8845], [-84.39076, 33.88404], [-84.39009, 33.88363], [-84.38979, 33.88327], [-84.38962, 33.88307]]]}}, {"type": "Feature", "properties": {"npu": "B", "population": 65801, "acres": 6516.1, "sqmiles": 10.18}, "geometry": {"type": "Polygon", "coordinates": [[[-84.34808, 33.88202], [-84.34809, 33.88127], [-84.3481, 33.88048], [-84.34812, 33.88007], [-84.34814, 33.87939], [-84.34817, 33.87847], [-84.34787, 33.87845], [-84.34813, 33.87792], [-84.34816, 33.87786], [-84.34818, 33.87781], [-84.34823, 33.87612], [-84.34823, 33.87603], [-84.34824, 33.87558], [-84.34824, 33.87541], [-84.34824, 33.87486], [-84.34824, 33.8736], [-84.34824, 33.87253], [-84.34824, 33.87249], [-84.34823, 33.86946], [-84.34792, 33.86943], [-84.34797, 33.86895], [-84.34821, 33.86871], [-84.34822, 33.86849], [-84.34821, 33.86777], [-84.3482, 33.86719], [-84.34819, 33.86669], [-84.34818, 33.86597], [-84.34816, 33.8651], [-84.34816, 33.86484], [-84.34812, 33.86237], [-84.34812, 33.86229], [-84.34819, 33.85963], [-84.34821, 33.85913], [-84.34825, 33.85757], [-84.34826, 33.85745], [-84.34826, 33.85491], [-84.34826, 33.85405], [-84.34826, 33.8534], [-84.34825, 33.85289], [-84.34825, 33.8525], [-84.34824, 33.8505], [-84.34824, 33.85009], [-84.34823, 33.84913], [-84.34823, 33.84855], [-84.3482, 33.84778], [-84.34816, 33.84672], [-84.34815, 33.84628], [-84.34814, 33.84576], [-84.34812, 33.8452], [-84.34812, 33.8451], [-84.34812, 33.84438], [-84.34813, 33.84429], [-84.34815, 33.84394], [-84.34825, 33.84283], [-84.3483, 33.84228], [-84.34834, 33.84185], [-84.34835, 33.84175], [-84.34845, 33.8412], [-84.34851, 33.84074], [-84.34848, 33.83967], [-84.34822, 33.83975], [-84.3481, 33.83914], [-84.34834, 33.83908], [-84.34847, 33.83945], [-84.34846, 33.83904], [-84.34846, 33.8389], [-84.34838, 33.83777], [-84.34835, 33.83738], [-84.34837, 33.8372], [-84.34838, 33.83711], [-84.34838, 33.83692], [-84.3484, 33.83637], [-84.34841, 33.83569], [-84.34843, 33.8348], [-84.3485, 33.8317], [-84.34851, 33.83107], [-84.34856, 33.82854], [-84.34854, 33.82759], [-84.34853, 33.82713], [-84.34852, 33.82624], [-84.3485, 33.82569], [-84.3485, 33.82528], [-84.34969, 33.8247], [-84.34989, 33.8246], [-84.35112, 33.82411], [-84.35204, 33.82381], [-84.35233, 33.82372], [-84.353, 33.82359], [-84.35358, 33.8235], [-84.35675, 33.82301], [-84.35727, 33.8229], [-84.35858, 33.82251], [-84.35956, 33.82192], [-84.36048, 33.82087], [-84.36127, 33.81957], [-84.36202, 33.81833], [-84.36325, 33.81802], [-84.3637, 33.81795], [-84.36407, 33.81782], [-84.36463, 33.81778], [-84.36513, 33.81777], [-84.36583, 33.81758], [-84.36636, 33.81733], [-84.36683, 33.81715], [-84.36818, 33.81688], [-84.3687, 33.8168], [-84.36905, 33.81662], [-84.36962, 33.81628], [-84.37024, 33.81576], [-84.37047, 33.81568], [-84.37065, 33.81568], [-84.37104, 33.81573], [-84.37139, 33.81578], [-84.37204, 33.81578], [-84.37267, 33.81565], [-84.37338, 33.81568], [-84.37365, 33.8157], [-84.37397, 33.81572], [-84.37421, 33.81578], [-84.37465, 33.81589], [-84.37533, 33.81584], [-84.37646, 33.81561], [-84.37755, 33.81519], [-84.37983, 33.81425], [-84.38098, 33.81385], [-84.38119, 33.81383], [-84.3822, 33.8135], [-84.38255, 33.81335], [-84.38297, 33.81361], [-84.38331, 33.81347], [-84.38421, 33.81323], [-84.38483, 33.81296], [-84.38563, 33.81295], [-84.38634, 33.81273], [-84.38661, 33.81241], [-84.38726, 33.81238], [-84.38785, 33.8127], [-84.38794, 33.81317], [-84.38833, 33.81372], [-84.38892, 33.81401], [-84.38957, 33.81428], [-84.39011, 33.81455], [-84.39029, 33.81483], [-84.39029, 33.81502], [-84.3897, 33.81567], [-84.38881, 33.81634], [-84.38851, 33.81686], [-84.3884, 33.81718], [-84.38863, 33.81748], [-84.38918, 33.81764], [-84.38915, 33.8177], [-84.38902, 33.81786], [-84.38898, 33.81805], [-84.38887, 33.81829], [-84.38884, 33.81839], [-84.38878, 33.81858], [-84.38865, 33.81906], [-84.38854, 33.81942], [-84.38847, 33.81966], [-84.38846, 33.8197], [-84.38841, 33.81996], [-84.38904, 33.82009], [-84.38951, 33.82017], [-84.38979, 33.8203], [-84.39047, 33.82062], [-84.39165, 33.82116], [-84.39181, 33.82122], [-84.39181, 33.82158], [-84.39193, 33.82178], [-84.39219, 33.82211], [-84.39225, 33.82222], [-84.39229, 33.8224], [-84.39244, 33.823], [-84.39255, 33.82333], [-84.39263, 33.82355], [-84.3927, 33.82366], [-84.39279, 33.82377], [-84.3929, 33.82387], [-84.3932, 33.82414], [-84.39334, 33.8243], [-84.39349, 33.8245], [-84.39355, 33.82459], [-84.39363, 33.82472], [-84.39377, 33.82503], [-84.39385, 33.82523], [-84.39402, 33.8258], [-84.39409, 33.82613], [-84.39417, 33.82653], [-84.39426, 33.827], [-84.39443, 33.82786], [-84.39444, 33.82808], [-84.39442, 33.82867], [-84.39441, 33.82892], [-84.3944, 33.82907], [-84.39437, 33.82916], [-84.39432, 33.82932], [-84.39427, 33.82941], [-84.39423, 33.82948], [-84.39415, 33.82961], [-84.39409, 33.82971], [-84.39405, 33.82977], [-84.39389, 33.82994], [-84.39354, 33.83033], [-84.39344, 33.83046], [-84.39336, 33.8306], [-84.39331, 33.83071], [-84.39329, 33.83078], [-84.39328, 33.83085], [-84.39327, 33.83098], [-84.39327, 33.83114], [-84.39329, 33.83132], [-84.39331, 33.83149], [-84.39447, 33.83243], [-84.39458, 33.83252], [-84.39466, 33.83263], [-84.39469, 33.83268], [-84.39474, 33.83278], [-84.39477, 33.8329], [-84.39485, 33.83331], [-84.39488, 33.83343], [-84.39491, 33.8335], [-84.39497, 33.83364], [-84.39501, 33.83371], [-84.39506, 33.83377], [-84.39513, 33.83384], [-84.39517, 33.83388], [-84.39527, 33.83393], [-84.39537, 33.83399], [-84.3955, 33.83407], [-84.39556, 33.83411], [-84.39568, 33.83419], [-84.39572, 33.83422], [-84.39576, 33.83425], [-84.39588, 33.83434], [-84.39599, 33.83444], [-84.39606, 33.8345], [-84.39609, 33.83453], [-84.39616, 33.83473], [-84.39626, 33.83494], [-84.39638, 33.83522], [-84.39646, 33.83543], [-84.39648, 33.83558], [-84.39652, 33.83588], [-84.39661, 33.83664], [-84.39666, 33.83685], [-84.39669, 33.83698], [-84.39671, 33.83705], [-84.39675, 33.83717], [-84.39678, 33.83722], [-84.39683, 33.83728], [-84.39691, 33.83736], [-84.39697, 33.83742], [-84.39702, 33.83748], [-84.39712, 33.8376], [-84.39718, 33.8377], [-84.39722, 33.83779], [-84.39723, 33.83788], [-84.39717, 33.83801], [-84.39697, 33.83839], [-84.39713, 33.83897], [-84.39714, 33.83903], [-84.39715, 33.8391], [-84.39717, 33.83925], [-84.39717, 33.8393], [-84.39714, 33.8394], [-84.39712, 33.83947], [-84.39711, 33.83952], [-84.39706, 33.83963], [-84.397, 33.83971], [-84.39642, 33.84034], [-84.39637, 33.84044], [-84.39632, 33.84056], [-84.39632, 33.84068], [-84.39632, 33.84076], [-84.39633, 33.84084], [-84.39633, 33.84112], [-84.39631, 33.84133], [-84.39627, 33.84162], [-84.39619, 33.842], [-84.39613, 33.84219], [-84.39604, 33.84237], [-84.39584, 33.84266], [-84.39569, 33.84286], [-84.39541, 33.84319], [-84.39532, 33.84331], [-84.39527, 33.84342], [-84.39527, 33.84353], [-84.39537, 33.84404], [-84.39541, 33.84426], [-84.39546, 33.84442], [-84.39553, 33.84455], [-84.39562, 33.84475], [-84.39567, 33.84485], [-84.39568, 33.8449], [-84.39569, 33.84497], [-84.39569, 33.84506], [-84.39569, 33.84512], [-84.39567, 33.84524], [-84.39549, 33.84597], [-84.39542, 33.84607], [-84.3953, 33.84621], [-84.39513, 33.84638], [-84.39472, 33.84677], [-84.39466, 33.84681], [-84.39458, 33.84686], [-84.3945, 33.8469], [-84.39439, 33.84693], [-84.39425, 33.84695], [-84.39368, 33.84701], [-84.3935, 33.84706], [-84.39326, 33.84718], [-84.39292, 33.84737], [-84.39274, 33.84747], [-84.39233, 33.84773], [-84.39209, 33.84784], [-84.39168, 33.84795], [-84.3913, 33.84803], [-84.39121, 33.84806], [-84.39035, 33.84827], [-84.38955, 33.84851], [-84.38926, 33.8486], [-84.38893, 33.8487], [-84.38877, 33.84875], [-84.38847, 33.84884], [-84.38801, 33.84899], [-84.38764, 33.84912], [-84.38745, 33.8492], [-84.38734, 33.84928], [-84.38723, 33.84936], [-84.38718, 33.8494], [-84.38712, 33.84946], [-84.38699, 33.8496], [-84.38693, 33.84968], [-84.38688, 33.84979], [-84.38684, 33.84988], [-84.38681, 33.84995], [-84.38678, 33.85006], [-84.38675, 33.85013], [-84.38671, 33.85022], [-84.38665, 33.85032], [-84.38654, 33.85047], [-84.38649, 33.85051], [-84.3864, 33.8506], [-84.38597, 33.85106], [-84.38586, 33.85121], [-84.38581, 33.85128], [-84.38537, 33.85189], [-84.38516, 33.85218], [-84.38503, 33.85232], [-84.38496, 33.85237], [-84.38491, 33.85241], [-84.38468, 33.85249], [-84.38421, 33.85265], [-84.38391, 33.85276], [-84.38367, 33.85287], [-84.38356, 33.85294], [-84.38335, 33.85309], [-84.38323, 33.85316], [-84.38311, 33.85321], [-84.38301, 33.85324], [-84.38281, 33.85329], [-84.38271, 33.85329], [-84.38267, 33.8533], [-84.38266, 33.85338], [-84.38268, 33.85352], [-84.38267, 33.85379], [-84.38267, 33.854], [-84.38267, 33.85432], [-84.38267, 33.85445], [-84.38266, 33.85501], [-84.38266, 33.85533], [-84.38266, 33.85551], [-84.38265, 33.85572], [-84.38275, 33.85583], [-84.38292, 33.85598], [-84.38324, 33.85625], [-84.38352, 33.85649], [-84.38388, 33.8568], [-84.38439, 33.85726], [-84.38466, 33.85747], [-84.38476, 33.85754], [-84.38499, 33.85769], [-84.38512, 33.85776], [-84.38532, 33.85788], [-84.38596, 33.85824], [-84.38616, 33.85834], [-84.38619, 33.85838], [-84.38669, 33.85891], [-84.3867, 33.859], [-84.38671, 33.85909], [-84.38676, 33.86007], [-84.38677, 33.86041], [-84.38678, 33.86051], [-84.38681, 33.86128], [-84.38682, 33.86139], [-84.38684, 33.86152], [-84.38687, 33.86168], [-84.38695, 33.86192], [-84.387, 33.86207], [-84.38702, 33.86212], [-84.38706, 33.86219], [-84.38713, 33.86234], [-84.3872, 33.86247], [-84.38725, 33.86257], [-84.3873, 33.86267], [-84.38734, 33.86278], [-84.38738, 33.86287], [-84.3874, 33.86293], [-84.38744, 33.86302], [-84.38748, 33.86316], [-84.38749, 33.86322], [-84.38751, 33.86338], [-84.38756, 33.86389], [-84.38757, 33.86397], [-84.38759, 33.8641], [-84.38761, 33.86415], [-84.38764, 33.86421], [-84.38767, 33.86427], [-84.3877, 33.86432], [-84.38779, 33.86442], [-84.38808, 33.86474], [-84.38815, 33.86483], [-84.38818, 33.8649], [-84.3882, 33.86499], [-84.38823, 33.86511], [-84.38823, 33.86516], [-84.38822, 33.86523], [-84.38821, 33.86529], [-84.38819, 33.86535], [-84.38817, 33.86539], [-84.3881, 33.86552], [-84.388, 33.86563], [-84.38782, 33.86584], [-84.3877, 33.86602], [-84.38763, 33.86616], [-84.38756, 33.86634], [-84.38756, 33.86638], [-84.38753, 33.86652], [-84.38753, 33.86661], [-84.38753, 33.86679], [-84.38748, 33.86749], [-84.38752, 33.86815], [-84.38752, 33.86866], [-84.38749, 33.87085], [-84.38748, 33.87138], [-84.38747, 33.87237], [-84.38746, 33.87322], [-84.38745, 33.87398], [-84.38743, 33.87499], [-84.38742, 33.87599], [-84.38744, 33.87608], [-84.38741, 33.87691], [-84.38741, 33.87708], [-84.38737, 33.87813], [-84.38729, 33.87813], [-84.38605, 33.87813], [-84.38522, 33.87813], [-84.38424, 33.87813], [-84.38416, 33.87813], [-84.38408, 33.87813], [-84.38297, 33.87813], [-84.38248, 33.87813], [-84.38236, 33.87813], [-84.38223, 33.87813], [-84.38182, 33.87813], [-84.38169, 33.87813], [-84.38155, 33.87813], [-84.38113, 33.87813], [-84.38098, 33.87813], [-84.38031, 33.87814], [-84.37989, 33.87814], [-84.37981, 33.87815], [-84.37893, 33.87815], [-84.37819, 33.87815], [-84.37807, 33.87815], [-84.37761, 33.87815], [-84.37749, 33.87815], [-84.37737, 33.87815], [-84.37727, 33.87815], [-84.37715, 33.87815], [-84.37703, 33.87815], [-84.37675, 33.87813], [-84.37653, 33.87811], [-84.37644, 33.87811], [-84.37636, 33.8781], [-84.37624, 33.8781], [-84.37614, 33.87809], [-84.37604, 33.87809], [-84.37594, 33.87809], [-84.37584, 33.87809], [-84.37575, 33.87809], [-84.37564, 33.87809], [-84.37495, 33.87809], [-84.37408, 33.87808], [-84.37364, 33.87809], [-84.37352, 33.87809], [-84.37347, 33.87809], [-84.37331, 33.87809], [-84.37266, 33.87808], [-84.37205, 33.87808], [-84.37027, 33.87806], [-84.37017, 33.87806], [-84.36958, 33.87806], [-84.36848, 33.87802], [-84.36843, 33.87807], [-84.36781, 33.87839], [-84.36774, 33.87842], [-84.36743, 33.87853], [-84.36765, 33.87897], [-84.36771, 33.8791], [-84.36761, 33.87912], [-84.36751, 33.87914], [-84.36746, 33.87921], [-84.36741, 33.87927], [-84.36723, 33.87945], [-84.36712, 33.8795], [-84.36702, 33.87952], [-84.36697, 33.87953], [-84.36683, 33.87956], [-84.36677, 33.87958], [-84.36673, 33.8796], [-84.36667, 33.87965], [-84.36661, 33.87984], [-84.36655, 33.87991], [-84.36648, 33.87996], [-84.36638, 33.88003], [-84.36627, 33.88004], [-84.36612, 33.88003], [-84.36602, 33.88002], [-84.36593, 33.88001], [-84.36577, 33.88003], [-84.3657, 33.88006], [-84.365, 33.88007], [-84.36492, 33.88007], [-84.36477, 33.88007], [-84.36421, 33.88008], [-84.36409, 33.88009], [-84.36281, 33.87869], [-84.36291, 33.87858], [-84.36296, 33.87852], [-84.36301, 33.87844], [-84.36308, 33.87836], [-84.36297, 33.87828], [-84.36293, 33.8782], [-84.3629, 33.87812], [-84.36281, 33.87803], [-84.3627, 33.87795], [-84.36269, 33.87784], [-84.36261, 33.87777], [-84.36257, 33.87771], [-84.36254, 33.87764], [-84.3625, 33.87757], [-84.36248, 33.87751], [-84.36245, 33.87744], [-84.36239, 33.87736], [-84.36232, 33.87725], [-84.36226, 33.87719], [-84.36221, 33.87713], [-84.36217, 33.87707], [-84.36212, 33.87701], [-84.36206, 33.87693], [-84.35983, 33.87704], [-84.35983, 33.87782], [-84.35983, 33.87804], [-84.35792, 33.87802], [-84.35523, 33.87797], [-84.35552, 33.87841], [-84.35586, 33.87894], [-84.35533, 33.87894], [-84.35532, 33.87982], [-84.35532, 33.88047], [-84.35491, 33.88081], [-84.35478, 33.88094], [-84.35405, 33.88163], [-84.3539, 33.88196], [-84.35311, 33.88197], [-84.35178, 33.88199], [-84.351, 33.882], [-84.35055, 33.88201], [-84.35048, 33.88201], [-84.35041, 33.882], [-84.35035, 33.882], [-84.34921, 33.88194], [-84.34896, 33.88201], [-84.34846, 33.88215], [-84.34829, 33.88213], [-84.34808, 33.88202]]]}}, {"type": "Feature", "properties": {"npu": "C", "population": 22409, "acres": 3873.7, "sqmiles": 6.05}, "geometry": {"type": "Polygon", "coordinates": [[[-84.41757, 33.83996], [-84.41682, 33.83993], [-84.41677, 33.83993], [-84.41634, 33.83995], [-84.41603, 33.8402], [-84.41578, 33.8404], [-84.41567, 33.84048], [-84.41563, 33.84052], [-84.41556, 33.84056], [-84.4155, 33.8406], [-84.41546, 33.84062], [-84.41533, 33.84068], [-84.41444, 33.84106], [-84.41385, 33.84131], [-84.41364, 33.84142], [-84.41313, 33.84173], [-84.41243, 33.84218], [-84.41213, 33.84237], [-84.41206, 33.84242], [-84.41196, 33.8425], [-84.41178, 33.84262], [-84.41173, 33.84265], [-84.41155, 33.84275], [-84.41151, 33.84277], [-84.41134, 33.84284], [-84.41109, 33.84293], [-84.41025, 33.84323], [-84.40941, 33.84358], [-84.40841, 33.84402], [-84.40811, 33.84416], [-84.4077, 33.84434], [-84.40764, 33.84437], [-84.40727, 33.84454], [-84.40711, 33.84461], [-84.40679, 33.84481], [-84.40672, 33.84487], [-84.40624, 33.84523], [-84.40612, 33.84532], [-84.406, 33.84538], [-84.4059, 33.84542], [-84.40582, 33.84545], [-84.40566, 33.84548], [-84.4056, 33.84549], [-84.40551, 33.84549], [-84.40469, 33.84557], [-84.40447, 33.84563], [-84.40417, 33.84559], [-84.40369, 33.84552], [-84.40324, 33.84548], [-84.40286, 33.84546], [-84.40258, 33.84547], [-84.40243, 33.84548], [-84.40118, 33.8455], [-84.40106, 33.8455], [-84.40062, 33.84548], [-84.40042, 33.84545], [-84.40014, 33.84541], [-84.39957, 33.84531], [-84.39914, 33.84519], [-84.39854, 33.84497], [-84.39831, 33.84487], [-84.3978, 33.84467], [-84.3968, 33.84426], [-84.39663, 33.84421], [-84.39629, 33.8441], [-84.3962, 33.84407], [-84.39607, 33.84405], [-84.39592, 33.84403], [-84.39579, 33.84403], [-84.39537, 33.84404], [-84.39527, 33.84353], [-84.39527, 33.84342], [-84.39532, 33.84331], [-84.39541, 33.84319], [-84.39569, 33.84286], [-84.39584, 33.84266], [-84.39604, 33.84237], [-84.39613, 33.84219], [-84.39619, 33.842], [-84.39627, 33.84162], [-84.39631, 33.84133], [-84.39633, 33.84112], [-84.39633, 33.84084], [-84.39632, 33.84076], [-84.39632, 33.84068], [-84.39632, 33.84056], [-84.39637, 33.84044], [-84.39642, 33.84034], [-84.397, 33.83971], [-84.39706, 33.83963], [-84.39711, 33.83952], [-84.39712, 33.83947], [-84.39714, 33.8394], [-84.39717, 33.8393], [-84.39717, 33.83925], [-84.39715, 33.8391], [-84.39714, 33.83903], [-84.39713, 33.83897], [-84.39697, 33.83839], [-84.39717, 33.83801], [-84.39723, 33.83788], [-84.39722, 33.83779], [-84.39718, 33.8377], [-84.39712, 33.8376], [-84.39702, 33.83748], [-84.39697, 33.83742], [-84.39691, 33.83736], [-84.39683, 33.83728], [-84.39678, 33.83722], [-84.39675, 33.83717], [-84.39671, 33.83705], [-84.39669, 33.83698], [-84.39666, 33.83685], [-84.39661, 33.83664], [-84.39652, 33.83588], [-84.39648, 33.83558], [-84.39646, 33.83543], [-84.39638, 33.83522], [-84.39626, 33.83494], [-84.39616, 33.83473], [-84.39609, 33.83453], [-84.39606, 33.8345], [-84.39599, 33.83444], [-84.39588, 33.83434], [-84.39576, 33.83425], [-84.39572, 33.83422], [-84.39568, 33.83419], [-84.39556, 33.83411], [-84.3955, 33.83407], [-84.39537, 33.83399], [-84.39527, 33.83393], [-84.39517, 33.83388], [-84.39513, 33.83384], [-84.39506, 33.83377], [-84.39501, 33.83371], [-84.39497, 33.83364], [-84.39491, 33.8335], [-84.39488, 33.83343], [-84.39485, 33.83331], [-84.39477, 33.8329], [-84.39474, 33.83278], [-84.39469, 33.83268], [-84.39466, 33.83263], [-84.39458, 33.83252], [-84.39447, 33.83243], [-84.39331, 33.83149], [-84.39329, 33.83132], [-84.39327, 33.83114], [-84.39327, 33.83098], [-84.39328, 33.83085], [-84.39329, 33.83078], [-84.39331, 33.83071], [-84.39336, 33.8306], [-84.39344, 33.83046], [-84.39354, 33.83033], [-84.39389, 33.82994], [-84.39405, 33.82977], [-84.39409, 33.82971], [-84.39415, 33.82961], [-84.39423, 33.82948], [-84.39427, 33.82941], [-84.39432, 33.82932], [-84.39437, 33.82916], [-84.3944, 33.82907], [-84.39441, 33.82892], [-84.39442, 33.82867], [-84.39444, 33.82808], [-84.39443, 33.82786], [-84.39426, 33.827], [-84.39417, 33.82653], [-84.39409, 33.82613], [-84.39402, 33.8258], [-84.39385, 33.82523], [-84.39377, 33.82503], [-84.39363, 33.82472], [-84.39355, 33.82459], [-84.39349, 33.8245], [-84.39334, 33.8243], [-84.3932, 33.82414], [-84.3929, 33.82387], [-84.39279, 33.82377], [-84.3927, 33.82366], [-84.39263, 33.82355], [-84.39255, 33.82333], [-84.39244, 33.823], [-84.39229, 33.8224], [-84.39225, 33.82222], [-84.39219, 33.82211], [-84.39193, 33.82178], [-84.39181, 33.82158], [-84.39181, 33.82122], [-84.39165, 33.82116], [-84.39047, 33.82062], [-84.38979, 33.8203], [-84.38951, 33.82017], [-84.38904, 33.82009], [-84.38841, 33.81996], [-84.38846, 33.8197], [-84.38847, 33.81966], [-84.38854, 33.81942], [-84.38865, 33.81906], [-84.38878, 33.81858], [-84.38884, 33.81839], [-84.38887, 33.81829], [-84.38898, 33.81805], [-84.38902, 33.81786], [-84.38915, 33.8177], [-84.38918, 33.81764], [-84.3892, 33.81759], [-84.38937, 33.81739], [-84.38941, 33.81733], [-84.38945, 33.81729], [-84.38975, 33.81692], [-84.3898, 33.81685], [-84.39001, 33.81658], [-84.39031, 33.81624], [-84.39079, 33.81585], [-84.39095, 33.81571], [-84.39111, 33.81562], [-84.39119, 33.81555], [-84.39138, 33.81537], [-84.39141, 33.81533], [-84.39146, 33.81528], [-84.3916, 33.81511], [-84.39169, 33.81499], [-84.39172, 33.81492], [-84.3918, 33.81475], [-84.3922, 33.81389], [-84.39226, 33.81374], [-84.39228, 33.81369], [-84.39242, 33.8133], [-84.39244, 33.81323], [-84.39245, 33.81314], [-84.39246, 33.81306], [-84.39246, 33.813], [-84.39247, 33.81295], [-84.39246, 33.81283], [-84.39244, 33.81275], [-84.39243, 33.8127], [-84.39238, 33.81259], [-84.39231, 33.81243], [-84.39224, 33.81232], [-84.39223, 33.81228], [-84.39223, 33.81212], [-84.39222, 33.81205], [-84.39222, 33.81189], [-84.39223, 33.81177], [-84.39227, 33.81158], [-84.39276, 33.81156], [-84.39323, 33.81152], [-84.3937, 33.81145], [-84.39424, 33.81135], [-84.39491, 33.81115], [-84.39545, 33.81093], [-84.39609, 33.81057], [-84.3967, 33.81015], [-84.39866, 33.80864], [-84.40429, 33.80188], [-84.40613, 33.80231], [-84.40783, 33.80292], [-84.4081, 33.80301], [-84.40904, 33.80335], [-84.41002, 33.80376], [-84.41132, 33.80433], [-84.41328, 33.80523], [-84.41436, 33.80597], [-84.41485, 33.80627], [-84.41525, 33.80653], [-84.41568, 33.80682], [-84.41577, 33.8069], [-84.416, 33.8071], [-84.41636, 33.80736], [-84.41649, 33.8075], [-84.417, 33.80792], [-84.41718, 33.80808], [-84.41741, 33.80831], [-84.41774, 33.8087], [-84.41796, 33.80898], [-84.41835, 33.8095], [-84.41874, 33.8102], [-84.41908, 33.81018], [-84.41936, 33.81016], [-84.4201, 33.81011], [-84.42036, 33.81009], [-84.42088, 33.81004], [-84.42098, 33.81004], [-84.42143, 33.81001], [-84.42193, 33.81001], [-84.4222, 33.81], [-84.42229, 33.81], [-84.4224, 33.81002], [-84.42249, 33.81004], [-84.42266, 33.81009], [-84.42276, 33.81011], [-84.42287, 33.81015], [-84.42309, 33.81024], [-84.42316, 33.81028], [-84.42335, 33.81037], [-84.42346, 33.81044], [-84.42353, 33.8105], [-84.42357, 33.81054], [-84.42364, 33.81061], [-84.42405, 33.81102], [-84.42418, 33.81114], [-84.42422, 33.81116], [-84.42428, 33.81119], [-84.42433, 33.81122], [-84.42444, 33.81126], [-84.4245, 33.81127], [-84.4246, 33.81128], [-84.4252, 33.81127], [-84.42558, 33.81127], [-84.42588, 33.81126], [-84.42602, 33.81126], [-84.4265, 33.81125], [-84.42668, 33.81125], [-84.42662, 33.81131], [-84.42647, 33.81145], [-84.42623, 33.81166], [-84.42602, 33.81184], [-84.42598, 33.81188], [-84.42566, 33.81219], [-84.42562, 33.81224], [-84.42557, 33.81234], [-84.42552, 33.81248], [-84.42549, 33.8126], [-84.42549, 33.81268], [-84.42549, 33.81275], [-84.4255, 33.81282], [-84.42552, 33.81297], [-84.42553, 33.81307], [-84.42555, 33.81312], [-84.42556, 33.81318], [-84.42558, 33.81325], [-84.4256, 33.81329], [-84.42563, 33.81335], [-84.42567, 33.81341], [-84.42572, 33.81347], [-84.4258, 33.81355], [-84.42583, 33.81358], [-84.42591, 33.81364], [-84.42598, 33.81368], [-84.4261, 33.81376], [-84.42617, 33.8138], [-84.42652, 33.814], [-84.42657, 33.81403], [-84.42663, 33.81405], [-84.42667, 33.81406], [-84.42676, 33.81409], [-84.42684, 33.81411], [-84.42694, 33.81413], [-84.42718, 33.81428], [-84.42739, 33.81441], [-84.42748, 33.81447], [-84.42763, 33.81457], [-84.42778, 33.81468], [-84.4279, 33.81478], [-84.42797, 33.81485], [-84.42816, 33.81506], [-84.42835, 33.81528], [-84.4284, 33.81534], [-84.42843, 33.81537], [-84.4285, 33.81543], [-84.42854, 33.81546], [-84.42876, 33.81557], [-84.42928, 33.81581], [-84.42939, 33.81585], [-84.42953, 33.8159], [-84.42968, 33.81597], [-84.4298, 33.81604], [-84.42993, 33.81615], [-84.43001, 33.81623], [-84.43008, 33.81629], [-84.43018, 33.81639], [-84.43025, 33.81645], [-84.43035, 33.81658], [-84.43045, 33.81672], [-84.43052, 33.81682], [-84.43057, 33.81692], [-84.43059, 33.81697], [-84.43061, 33.81707], [-84.43063, 33.81719], [-84.43067, 33.81734], [-84.43073, 33.81764], [-84.43075, 33.8177], [-84.43079, 33.81785], [-84.43083, 33.81807], [-84.43083, 33.81812], [-84.43082, 33.81818], [-84.4308, 33.81823], [-84.43074, 33.81834], [-84.43168, 33.81832], [-84.4324, 33.81815], [-84.43254, 33.81842], [-84.43269, 33.81872], [-84.43282, 33.81889], [-84.43288, 33.81895], [-84.43294, 33.81901], [-84.43305, 33.81909], [-84.4331, 33.81913], [-84.4332, 33.8192], [-84.43334, 33.81928], [-84.4335, 33.81938], [-84.43359, 33.81943], [-84.43366, 33.81948], [-84.43377, 33.81955], [-84.43393, 33.81964], [-84.43409, 33.81974], [-84.4342, 33.81979], [-84.43438, 33.81988], [-84.43456, 33.81996], [-84.43463, 33.81998], [-84.43477, 33.82004], [-84.43492, 33.82009], [-84.43498, 33.82011], [-84.43505, 33.82013], [-84.43514, 33.82015], [-84.43536, 33.82019], [-84.43559, 33.82023], [-84.43587, 33.82029], [-84.43607, 33.82034], [-84.43614, 33.82037], [-84.43625, 33.82043], [-84.43641, 33.8205], [-84.43646, 33.82053], [-84.43655, 33.8206], [-84.43672, 33.82076], [-84.43678, 33.82083], [-84.43691, 33.82096], [-84.43695, 33.82099], [-84.437, 33.82104], [-84.43705, 33.82108], [-84.4371, 33.82111], [-84.43714, 33.82113], [-84.43722, 33.82117], [-84.43729, 33.8212], [-84.43737, 33.82123], [-84.43745, 33.82126], [-84.43778, 33.82139], [-84.43786, 33.82142], [-84.43797, 33.82146], [-84.43845, 33.82163], [-84.43882, 33.82176], [-84.4386, 33.82132], [-84.43851, 33.82119], [-84.43837, 33.82096], [-84.43822, 33.81975], [-84.43809, 33.8197], [-84.43777, 33.8186], [-84.43748, 33.81824], [-84.43762, 33.81792], [-84.43755, 33.81759], [-84.43719, 33.81754], [-84.43703, 33.81735], [-84.43668, 33.81718], [-84.43672, 33.81582], [-84.43944, 33.81786], [-84.44039, 33.81857], [-84.4409, 33.8189], [-84.44204, 33.81943], [-84.44413, 33.81682], [-84.4442, 33.81683], [-84.44428, 33.81684], [-84.44443, 33.81683], [-84.44453, 33.81682], [-84.4446, 33.81681], [-84.44473, 33.81677], [-84.44483, 33.81674], [-84.44488, 33.81672], [-84.44493, 33.81669], [-84.445, 33.81665], [-84.44508, 33.8166], [-84.44514, 33.81656], [-84.44524, 33.81647], [-84.44531, 33.81639], [-84.44549, 33.81611], [-84.44555, 33.81614], [-84.44562, 33.81616], [-84.44571, 33.81622], [-84.44581, 33.81627], [-84.44596, 33.81634], [-84.44625, 33.8165], [-84.44639, 33.81658], [-84.44665, 33.81672], [-84.4469, 33.81686], [-84.44707, 33.81696], [-84.44724, 33.81705], [-84.44733, 33.81711], [-84.44742, 33.81716], [-84.44799, 33.81747], [-84.44855, 33.81777], [-84.4486, 33.81779], [-84.449, 33.81801], [-84.44939, 33.81821], [-84.45011, 33.81862], [-84.45084, 33.81903], [-84.45105, 33.81915], [-84.45126, 33.81926], [-84.45188, 33.81961], [-84.4525, 33.81995], [-84.45269, 33.82006], [-84.45288, 33.82017], [-84.45299, 33.82023], [-84.4531, 33.8203], [-84.45402, 33.82078], [-84.45493, 33.82126], [-84.45549, 33.82163], [-84.45605, 33.822], [-84.45615, 33.82208], [-84.45625, 33.82215], [-84.45637, 33.82225], [-84.45649, 33.82235], [-84.45658, 33.82242], [-84.45666, 33.8225], [-84.45669, 33.82253], [-84.45673, 33.82256], [-84.4568, 33.82262], [-84.45687, 33.8227], [-84.4569, 33.82273], [-84.45698, 33.82282], [-84.45705, 33.82291], [-84.45712, 33.823], [-84.45719, 33.8231], [-84.45726, 33.82321], [-84.45734, 33.82332], [-84.45742, 33.82348], [-84.4575, 33.82364], [-84.45774, 33.82412], [-84.45799, 33.82461], [-84.45781, 33.82463], [-84.4577, 33.82464], [-84.4576, 33.82465], [-84.45748, 33.82469], [-84.45731, 33.82475], [-84.4572, 33.82476], [-84.45706, 33.8248], [-84.45698, 33.82487], [-84.4569, 33.82492], [-84.45682, 33.82498], [-84.45671, 33.82507], [-84.45648, 33.82524], [-84.45638, 33.82532], [-84.45642, 33.82539], [-84.45635, 33.82548], [-84.45629, 33.82554], [-84.45622, 33.8256], [-84.45617, 33.82568], [-84.45614, 33.82575], [-84.45616, 33.82585], [-84.45608, 33.82594], [-84.45604, 33.82601], [-84.45601, 33.82607], [-84.45597, 33.82615], [-84.45596, 33.82619], [-84.45594, 33.82626], [-84.45592, 33.82633], [-84.4559, 33.8264], [-84.4559, 33.8265], [-84.45585, 33.82656], [-84.45579, 33.82658], [-84.45573, 33.82657], [-84.45562, 33.82662], [-84.45556, 33.8267], [-84.4555, 33.82679], [-84.45543, 33.82682], [-84.45537, 33.82688], [-84.45504, 33.82688], [-84.45473, 33.82688], [-84.45432, 33.82693], [-84.45391, 33.82697], [-84.45356, 33.82704], [-84.45321, 33.82712], [-84.4527, 33.82717], [-84.4522, 33.82722], [-84.45174, 33.82715], [-84.45128, 33.82707], [-84.45078, 33.82698], [-84.45028, 33.82689], [-84.44995, 33.82669], [-84.44962, 33.82649], [-84.44943, 33.82639], [-84.44924, 33.82629], [-84.44915, 33.82628], [-84.44899, 33.82622], [-84.44873, 33.82615], [-84.44843, 33.82623], [-84.44837, 33.82626], [-84.44814, 33.82631], [-84.44791, 33.8266], [-84.44768, 33.82689], [-84.44777, 33.82717], [-84.44786, 33.82747], [-84.44785, 33.82833], [-84.44756, 33.82932], [-84.4475, 33.82939], [-84.4467, 33.83043], [-84.44648, 33.8308], [-84.44627, 33.83115], [-84.44556, 33.83196], [-84.44522, 33.83215], [-84.44469, 33.83195], [-84.44461, 33.83191], [-84.44442, 33.83184], [-84.44418, 33.83166], [-84.44392, 33.83143], [-84.44367, 33.83133], [-84.44339, 33.83123], [-84.44275, 33.83064], [-84.44272, 33.83058], [-84.44253, 33.83038], [-84.4425, 33.82994], [-84.44308, 33.82918], [-84.44359, 33.82833], [-84.44389, 33.82777], [-84.44389, 33.82743], [-84.44341, 33.827], [-84.44324, 33.82682], [-84.44321, 33.82677], [-84.44302, 33.82628], [-84.44293, 33.82622], [-84.44287, 33.82618], [-84.44278, 33.82612], [-84.44271, 33.82609], [-84.44267, 33.82603], [-84.44263, 33.82598], [-84.4425, 33.82581], [-84.44238, 33.8257], [-84.44228, 33.82563], [-84.44216, 33.82548], [-84.4412, 33.82502], [-84.4405, 33.82466], [-84.44004, 33.82448], [-84.43889, 33.82445], [-84.43818, 33.82464], [-84.43788, 33.82465], [-84.43742, 33.82484], [-84.43721, 33.82493], [-84.43717, 33.82498], [-84.43714, 33.82503], [-84.43978, 33.82714], [-84.43933, 33.82744], [-84.43901, 33.82765], [-84.43773, 33.8285], [-84.43744, 33.82858], [-84.43692, 33.82872], [-84.43483, 33.82928], [-84.43327, 33.8297], [-84.43135, 33.83039], [-84.43086, 33.8305], [-84.43004, 33.83069], [-84.42996, 33.8307], [-84.42989, 33.83071], [-84.42973, 33.83073], [-84.42967, 33.83073], [-84.42937, 33.83073], [-84.4293, 33.83073], [-84.4291, 33.83071], [-84.42861, 33.83068], [-84.42801, 33.83069], [-84.42758, 33.83075], [-84.42732, 33.83084], [-84.42715, 33.83096], [-84.42703, 33.83107], [-84.42692, 33.83118], [-84.42681, 33.83128], [-84.42667, 33.83146], [-84.42657, 33.83158], [-84.42645, 33.83174], [-84.42745, 33.8338], [-84.42797, 33.83485], [-84.42833, 33.83549], [-84.4284, 33.83563], [-84.42878, 33.83639], [-84.42924, 33.83739], [-84.42932, 33.83755], [-84.42954, 33.8382], [-84.42981, 33.83912], [-84.42994, 33.83991], [-84.43002, 33.84099], [-84.42998, 33.84201], [-84.42985, 33.84309], [-84.42979, 33.84406], [-84.42875, 33.84521], [-84.42872, 33.84525], [-84.42793, 33.84597], [-84.42777, 33.84612], [-84.42751, 33.84595], [-84.42714, 33.8457], [-84.42671, 33.84541], [-84.42559, 33.84465], [-84.42547, 33.84457], [-84.42457, 33.84396], [-84.42438, 33.84383], [-84.42359, 33.8433], [-84.42297, 33.84288], [-84.42259, 33.84262], [-84.4214, 33.84181], [-84.42071, 33.84134], [-84.42018, 33.84098], [-84.41995, 33.84082], [-84.4195, 33.84053], [-84.41944, 33.8405], [-84.41886, 33.84024], [-84.41825, 33.84008], [-84.41768, 33.83998], [-84.41757, 33.83996]]]}}, {"type": "Feature", "properties": {"npu": "D", "population": 17182, "acres": 4150.6, "sqmiles": 6.49}, "geometry": {"type": "Polygon", "coordinates": [[[-84.46458, 33.82742], [-84.4645, 33.82741], [-84.46437, 33.82738], [-84.46428, 33.82736], [-84.4642, 33.82734], [-84.4641, 33.8273], [-84.46402, 33.82726], [-84.46392, 33.82722], [-84.46379, 33.82715], [-84.46371, 33.82714], [-84.46359, 33.82704], [-84.46352, 33.82698], [-84.46338, 33.827], [-84.46327, 33.82702], [-84.46311, 33.82698], [-84.46298, 33.82694], [-84.46288, 33.8269], [-84.46275, 33.82689], [-84.46267, 33.82685], [-84.46261, 33.82682], [-84.46256, 33.8268], [-84.46248, 33.82676], [-84.46243, 33.8267], [-84.46234, 33.82665], [-84.46225, 33.82661], [-84.46217, 33.82657], [-84.46207, 33.82653], [-84.46198, 33.8265], [-84.46187, 33.82646], [-84.46178, 33.82643], [-84.46168, 33.82642], [-84.46157, 33.82637], [-84.4615, 33.82633], [-84.46142, 33.82625], [-84.46132, 33.82623], [-84.46123, 33.82618], [-84.46117, 33.82611], [-84.46108, 33.8261], [-84.46098, 33.82604], [-84.46088, 33.82598], [-84.4608, 33.82594], [-84.46067, 33.82586], [-84.46028, 33.82558], [-84.4602, 33.82553], [-84.46013, 33.82548], [-84.46008, 33.82543], [-84.46001, 33.82538], [-84.45992, 33.8253], [-84.45985, 33.82522], [-84.45981, 33.82516], [-84.45976, 33.82509], [-84.45969, 33.82505], [-84.45959, 33.82499], [-84.45952, 33.82494], [-84.45943, 33.82488], [-84.45937, 33.82483], [-84.45926, 33.82479], [-84.45919, 33.82475], [-84.45907, 33.82471], [-84.45895, 33.82468], [-84.45883, 33.82467], [-84.45874, 33.82466], [-84.45862, 33.82464], [-84.45853, 33.82463], [-84.45842, 33.82462], [-84.45832, 33.82458], [-84.45821, 33.82458], [-84.45811, 33.82458], [-84.45799, 33.82461], [-84.45774, 33.82412], [-84.4575, 33.82364], [-84.45742, 33.82348], [-84.45734, 33.82332], [-84.45726, 33.82321], [-84.45719, 33.8231], [-84.45712, 33.823], [-84.45705, 33.82291], [-84.45698, 33.82282], [-84.4569, 33.82273], [-84.45687, 33.8227], [-84.4568, 33.82262], [-84.45673, 33.82256], [-84.45669, 33.82253], [-84.45666, 33.8225], [-84.45658, 33.82242], [-84.45649, 33.82235], [-84.45637, 33.82225], [-84.45625, 33.82215], [-84.45615, 33.82208], [-84.45605, 33.822], [-84.45549, 33.82163], [-84.45493, 33.82126], [-84.45402, 33.82078], [-84.4531, 33.8203], [-84.45299, 33.82023], [-84.45288, 33.82017], [-84.45269, 33.82006], [-84.4525, 33.81995], [-84.45188, 33.81961], [-84.45126, 33.81926], [-84.45105, 33.81915], [-84.45084, 33.81903], [-84.45011, 33.81862], [-84.44939, 33.81821], [-84.449, 33.81801], [-84.4486, 33.81779], [-84.44855, 33.81777], [-84.44799, 33.81747], [-84.44742, 33.81716], [-84.44733, 33.81711], [-84.44724, 33.81705], [-84.44707, 33.81696], [-84.4469, 33.81686], [-84.44665, 33.81672], [-84.44639, 33.81658], [-84.44625, 33.8165], [-84.44596, 33.81634], [-84.44581, 33.81627], [-84.44571, 33.81622], [-84.44562, 33.81616], [-84.44555, 33.81614], [-84.44549, 33.81611], [-84.44531, 33.81639], [-84.44524, 33.81647], [-84.44514, 33.81656], [-84.44508, 33.8166], [-84.445, 33.81665], [-84.44493, 33.81669], [-84.44488, 33.81672], [-84.44483, 33.81674], [-84.44473, 33.81677], [-84.4446, 33.81681], [-84.44453, 33.81682], [-84.44443, 33.81683], [-84.44428, 33.81684], [-84.4442, 33.81683], [-84.44413, 33.81682], [-84.44204, 33.81943], [-84.4409, 33.8189], [-84.44039, 33.81857], [-84.43944, 33.81786], [-84.43672, 33.81582], [-84.43668, 33.81718], [-84.43703, 33.81735], [-84.43719, 33.81754], [-84.43755, 33.81759], [-84.43762, 33.81792], [-84.43748, 33.81824], [-84.43777, 33.8186], [-84.43809, 33.8197], [-84.43822, 33.81975], [-84.43837, 33.82096], [-84.43851, 33.82119], [-84.4386, 33.82132], [-84.43882, 33.82176], [-84.43845, 33.82163], [-84.43797, 33.82146], [-84.43786, 33.82142], [-84.43778, 33.82139], [-84.43745, 33.82126], [-84.43737, 33.82123], [-84.43729, 33.8212], [-84.43722, 33.82117], [-84.43714, 33.82113], [-84.4371, 33.82111], [-84.43705, 33.82108], [-84.437, 33.82104], [-84.43695, 33.82099], [-84.43691, 33.82096], [-84.43678, 33.82083], [-84.43672, 33.82076], [-84.43655, 33.8206], [-84.43646, 33.82053], [-84.43641, 33.8205], [-84.43625, 33.82043], [-84.43614, 33.82037], [-84.43607, 33.82034], [-84.43587, 33.82029], [-84.43559, 33.82023], [-84.43536, 33.82019], [-84.43514, 33.82015], [-84.43505, 33.82013], [-84.43498, 33.82011], [-84.43492, 33.82009], [-84.43477, 33.82004], [-84.43463, 33.81998], [-84.43456, 33.81996], [-84.43438, 33.81988], [-84.4342, 33.81979], [-84.43409, 33.81974], [-84.43393, 33.81964], [-84.43377, 33.81955], [-84.43366, 33.81948], [-84.43359, 33.81943], [-84.4335, 33.81938], [-84.43334, 33.81928], [-84.4332, 33.8192], [-84.4331, 33.81913], [-84.43305, 33.81909], [-84.43294, 33.81901], [-84.43288, 33.81895], [-84.43282, 33.81889], [-84.43269, 33.81872], [-84.43254, 33.81842], [-84.4324, 33.81815], [-84.43168, 33.81832], [-84.43074, 33.81834], [-84.4308, 33.81823], [-84.43082, 33.81818], [-84.43083, 33.81812], [-84.43083, 33.81807], [-84.43079, 33.81785], [-84.43075, 33.8177], [-84.43073, 33.81764], [-84.43067, 33.81734], [-84.43063, 33.81719], [-84.43061, 33.81707], [-84.43059, 33.81697], [-84.43057, 33.81692], [-84.43052, 33.81682], [-84.43045, 33.81672], [-84.43035, 33.81658], [-84.43025, 33.81645], [-84.43018, 33.81639], [-84.43008, 33.81629], [-84.43001, 33.81623], [-84.42993, 33.81615], [-84.4298, 33.81604], [-84.42968, 33.81597], [-84.42953, 33.8159], [-84.42939, 33.81585], [-84.42928, 33.81581], [-84.42876, 33.81557], [-84.42854, 33.81546], [-84.4285, 33.81543], [-84.42843, 33.81537], [-84.4284, 33.81534], [-84.42835, 33.81528], [-84.42816, 33.81506], [-84.42797, 33.81485], [-84.4279, 33.81478], [-84.42778, 33.81468], [-84.42763, 33.81457], [-84.42748, 33.81447], [-84.42739, 33.81441], [-84.42718, 33.81428], [-84.42694, 33.81413], [-84.42684, 33.81411], [-84.42676, 33.81409], [-84.42667, 33.81406], [-84.42663, 33.81405], [-84.42657, 33.81403], [-84.42652, 33.814], [-84.42617, 33.8138], [-84.4261, 33.81376], [-84.42598, 33.81368], [-84.42591, 33.81364], [-84.42583, 33.81358], [-84.4258, 33.81355], [-84.42572, 33.81347], [-84.42567, 33.81341], [-84.42563, 33.81335], [-84.4256, 33.81329], [-84.42558, 33.81325], [-84.42556, 33.81318], [-84.42555, 33.81312], [-84.42553, 33.81307], [-84.42552, 33.81297], [-84.4255, 33.81282], [-84.42549, 33.81275], [-84.42549, 33.81268], [-84.42549, 33.8126], [-84.42552, 33.81248], [-84.42557, 33.81234], [-84.42562, 33.81224], [-84.42566, 33.81219], [-84.42598, 33.81188], [-84.42602, 33.81184], [-84.42623, 33.81166], [-84.42647, 33.81145], [-84.42662, 33.81131], [-84.42668, 33.81125], [-84.4265, 33.81125], [-84.42602, 33.81126], [-84.42588, 33.81126], [-84.42558, 33.81127], [-84.4252, 33.81127], [-84.4246, 33.81128], [-84.4245, 33.81127], [-84.42444, 33.81126], [-84.42433, 33.81122], [-84.42428, 33.81119], [-84.42422, 33.81116], [-84.42418, 33.81114], [-84.42405, 33.81102], [-84.42364, 33.81061], [-84.42357, 33.81054], [-84.42353, 33.8105], [-84.42346, 33.81044], [-84.42335, 33.81037], [-84.42316, 33.81028], [-84.42309, 33.81024], [-84.42287, 33.81015], [-84.42276, 33.81011], [-84.42266, 33.81009], [-84.42249, 33.81004], [-84.4224, 33.81002], [-84.42229, 33.81], [-84.4222, 33.81], [-84.42193, 33.81001], [-84.42143, 33.81001], [-84.42098, 33.81004], [-84.42088, 33.81004], [-84.42036, 33.81009], [-84.4201, 33.81011], [-84.41936, 33.81016], [-84.41908, 33.81018], [-84.41874, 33.8102], [-84.41835, 33.8095], [-84.41796, 33.80898], [-84.41774, 33.8087], [-84.41741, 33.80831], [-84.41718, 33.80808], [-84.417, 33.80792], [-84.41649, 33.8075], [-84.41636, 33.80736], [-84.416, 33.8071], [-84.41577, 33.8069], [-84.41568, 33.80682], [-84.41525, 33.80653], [-84.41485, 33.80627], [-84.41436, 33.80597], [-84.41328, 33.80523], [-84.41132, 33.80433], [-84.41002, 33.80376], [-84.40904, 33.80335], [-84.4081, 33.80301], [-84.40783, 33.80292], [-84.40783, 33.80283], [-84.40782, 33.80279], [-84.40782, 33.80266], [-84.40782, 33.8025], [-84.40781, 33.80229], [-84.40783, 33.80196], [-84.40784, 33.80162], [-84.40784, 33.8013], [-84.40781, 33.80071], [-84.40783, 33.80026], [-84.40784, 33.80017], [-84.40784, 33.79925], [-84.40784, 33.79872], [-84.40787, 33.79857], [-84.40784, 33.79838], [-84.40784, 33.79786], [-84.40785, 33.79728], [-84.40789, 33.79614], [-84.40788, 33.79585], [-84.40785, 33.79395], [-84.40785, 33.79374], [-84.40786, 33.79316], [-84.4079, 33.79235], [-84.40788, 33.79203], [-84.40786, 33.79153], [-84.40786, 33.79114], [-84.40786, 33.79098], [-84.40786, 33.7908], [-84.40786, 33.79026], [-84.40783, 33.7899], [-84.40785, 33.78979], [-84.40782, 33.78973], [-84.40777, 33.7893], [-84.40766, 33.78858], [-84.40791, 33.78843], [-84.40828, 33.78821], [-84.40888, 33.78782], [-84.40914, 33.78766], [-84.40952, 33.78744], [-84.40968, 33.78736], [-84.41043, 33.787], [-84.41078, 33.78683], [-84.41144, 33.78658], [-84.41168, 33.78648], [-84.41201, 33.78637], [-84.41327, 33.78592], [-84.41387, 33.7857], [-84.41412, 33.78561], [-84.41527, 33.78518], [-84.41608, 33.785], [-84.41704, 33.7849], [-84.41743, 33.78496], [-84.41747, 33.78499], [-84.4177, 33.78501], [-84.41899, 33.78527], [-84.42222, 33.78613], [-84.42416, 33.78657], [-84.42678, 33.78686], [-84.4277, 33.78697], [-84.42833, 33.78703], [-84.4288, 33.78707], [-84.43032, 33.78717], [-84.43102, 33.78726], [-84.43183, 33.78742], [-84.43273, 33.78767], [-84.43378, 33.78804], [-84.43481, 33.78845], [-84.43658, 33.78925], [-84.45556, 33.80419], [-84.45734, 33.80557], [-84.45835, 33.80625], [-84.45935, 33.80668], [-84.46017, 33.80696], [-84.4616, 33.80706], [-84.46284, 33.80699], [-84.47023, 33.80646], [-84.47111, 33.80647], [-84.47384, 33.80616], [-84.47583, 33.80604], [-84.47917, 33.80586], [-84.48132, 33.80566], [-84.48235, 33.8057], [-84.48392, 33.80612], [-84.48508, 33.80681], [-84.48618, 33.80799], [-84.48656, 33.80883], [-84.4882, 33.81154], [-84.48915, 33.81313], [-84.48855, 33.81327], [-84.48812, 33.81336], [-84.48788, 33.8134], [-84.48771, 33.81343], [-84.48679, 33.81358], [-84.48562, 33.81386], [-84.48467, 33.81435], [-84.48458, 33.8144], [-84.48454, 33.81442], [-84.48449, 33.81445], [-84.48442, 33.81449], [-84.48412, 33.8147], [-84.48401, 33.81476], [-84.4839, 33.81482], [-84.48384, 33.81486], [-84.48375, 33.81491], [-84.48371, 33.81494], [-84.48365, 33.81498], [-84.48357, 33.81503], [-84.48349, 33.81508], [-84.48341, 33.81514], [-84.48334, 33.81519], [-84.48327, 33.81524], [-84.48321, 33.81531], [-84.48311, 33.81536], [-84.48302, 33.81543], [-84.48292, 33.81549], [-84.48283, 33.81554], [-84.48276, 33.8156], [-84.48265, 33.81567], [-84.48259, 33.81572], [-84.48251, 33.81578], [-84.48243, 33.81584], [-84.48236, 33.81589], [-84.48228, 33.81594], [-84.48222, 33.81599], [-84.48215, 33.81604], [-84.48204, 33.81608], [-84.482, 33.81615], [-84.48194, 33.81619], [-84.48186, 33.81625], [-84.48176, 33.81632], [-84.48168, 33.8164], [-84.48162, 33.81644], [-84.48155, 33.81648], [-84.48145, 33.81655], [-84.48133, 33.81663], [-84.48127, 33.81669], [-84.48119, 33.81674], [-84.48111, 33.8168], [-84.481, 33.81689], [-84.48092, 33.81694], [-84.48085, 33.81699], [-84.48077, 33.81706], [-84.48074, 33.81709], [-84.48068, 33.81716], [-84.48063, 33.81721], [-84.48055, 33.81729], [-84.48018, 33.81765], [-84.4801, 33.81773], [-84.48003, 33.8178], [-84.47995, 33.81789], [-84.47984, 33.81795], [-84.47979, 33.81804], [-84.47975, 33.81807], [-84.47973, 33.81812], [-84.47968, 33.81819], [-84.47964, 33.81827], [-84.47958, 33.81835], [-84.47954, 33.81841], [-84.47949, 33.81847], [-84.47942, 33.81858], [-84.47936, 33.8187], [-84.47929, 33.81877], [-84.47925, 33.81884], [-84.47922, 33.81891], [-84.47917, 33.81897], [-84.47909, 33.81907], [-84.47901, 33.81918], [-84.47898, 33.81922], [-84.47895, 33.81925], [-84.4789, 33.81932], [-84.47885, 33.81938], [-84.47881, 33.81944], [-84.47877, 33.81948], [-84.47874, 33.81952], [-84.47869, 33.81958], [-84.47861, 33.81961], [-84.47857, 33.8197], [-84.47847, 33.81979], [-84.47841, 33.81986], [-84.47836, 33.81991], [-84.47829, 33.81998], [-84.47821, 33.82005], [-84.47815, 33.82012], [-84.47808, 33.82019], [-84.47801, 33.82027], [-84.47792, 33.82035], [-84.47778, 33.82048], [-84.4777, 33.82055], [-84.47764, 33.82062], [-84.47757, 33.82066], [-84.47749, 33.82072], [-84.47739, 33.82082], [-84.47735, 33.82084], [-84.47687, 33.82122], [-84.47683, 33.82125], [-84.47592, 33.82205], [-84.47408, 33.82369], [-84.47186, 33.82562], [-84.47144, 33.82596], [-84.47141, 33.82599], [-84.47071, 33.82654], [-84.46991, 33.82697], [-84.46942, 33.82714], [-84.4689, 33.82731], [-84.46848, 33.82738], [-84.46843, 33.8274], [-84.46837, 33.8274], [-84.46824, 33.82742], [-84.46796, 33.82747], [-84.46782, 33.8275], [-84.46772, 33.82752], [-84.46762, 33.82753], [-84.46753, 33.82754], [-84.46743, 33.82756], [-84.46734, 33.82757], [-84.46726, 33.82758], [-84.46715, 33.82759], [-84.46703, 33.8276], [-84.46692, 33.82762], [-84.46683, 33.82763], [-84.46661, 33.82764], [-84.46651, 33.82764], [-84.46639, 33.82764], [-84.46629, 33.82764], [-84.46621, 33.82763], [-84.46607, 33.82762], [-84.46595, 33.82761], [-84.46583, 33.8276], [-84.46571, 33.8276], [-84.46563, 33.82759], [-84.46552, 33.82757], [-84.46541, 33.82756], [-84.46505, 33.82751], [-84.46489, 33.82747], [-84.46479, 33.82745], [-84.46467, 33.82743], [-84.46458, 33.82742]]]}}, {"type": "Feature", "properties": {"npu": "E", "population": 61864, "acres": 3779.8, "sqmiles": 5.91}, "geometry": {"type": "Polygon", "coordinates": [[[-84.38785, 33.8127], [-84.38726, 33.81238], [-84.38661, 33.81241], [-84.38634, 33.81273], [-84.38563, 33.81295], [-84.38483, 33.81296], [-84.38421, 33.81323], [-84.38331, 33.81347], [-84.38297, 33.81361], [-84.38255, 33.81335], [-84.3822, 33.8135], [-84.38119, 33.81383], [-84.38098, 33.81385], [-84.37983, 33.81425], [-84.37755, 33.81519], [-84.37646, 33.81561], [-84.37533, 33.81584], [-84.37465, 33.81589], [-84.37421, 33.81578], [-84.37397, 33.81572], [-84.3763, 33.81261], [-84.37688, 33.81166], [-84.3771, 33.81118], [-84.37736, 33.81052], [-84.37756, 33.80976], [-84.37767, 33.80907], [-84.37767, 33.80879], [-84.37763, 33.80825], [-84.37755, 33.80774], [-84.37737, 33.8072], [-84.37709, 33.80656], [-84.37683, 33.80588], [-84.3764, 33.80481], [-84.37603, 33.80424], [-84.37282, 33.7986], [-84.37119, 33.79576], [-84.37079, 33.79499], [-84.37049, 33.79424], [-84.37029, 33.79355], [-84.37019, 33.79299], [-84.37014, 33.79235], [-84.37019, 33.79137], [-84.37054, 33.78867], [-84.37077, 33.78682], [-84.37074, 33.78579], [-84.37058, 33.78511], [-84.37025, 33.78434], [-84.3699, 33.78379], [-84.3686, 33.78212], [-84.36785, 33.78115], [-84.3665, 33.77941], [-84.36579, 33.77806], [-84.36515, 33.7756], [-84.36459, 33.77338], [-84.36458, 33.77334], [-84.36474, 33.77334], [-84.36484, 33.77335], [-84.36498, 33.77332], [-84.36515, 33.77333], [-84.36558, 33.77338], [-84.36579, 33.77339], [-84.36616, 33.77341], [-84.36686, 33.77345], [-84.36693, 33.77345], [-84.36708, 33.77346], [-84.3675, 33.77349], [-84.36766, 33.77351], [-84.36843, 33.77363], [-84.36914, 33.77375], [-84.36932, 33.77378], [-84.36956, 33.77385], [-84.36976, 33.77384], [-84.36988, 33.77385], [-84.3701, 33.77386], [-84.37022, 33.77383], [-84.37037, 33.77382], [-84.37091, 33.77367], [-84.37116, 33.77361], [-84.37166, 33.77347], [-84.37241, 33.77327], [-84.3728, 33.77315], [-84.37337, 33.77298], [-84.37346, 33.77295], [-84.37419, 33.77271], [-84.37476, 33.77252], [-84.37507, 33.77242], [-84.37524, 33.77238], [-84.37535, 33.77235], [-84.37568, 33.77231], [-84.37586, 33.77231], [-84.37607, 33.77234], [-84.37657, 33.77243], [-84.3768, 33.77248], [-84.37732, 33.77255], [-84.37772, 33.77256], [-84.37777, 33.77125], [-84.37916, 33.77127], [-84.38038, 33.77127], [-84.38049, 33.77127], [-84.38189, 33.77128], [-84.38306, 33.77129], [-84.38325, 33.77129], [-84.38345, 33.77129], [-84.38377, 33.77129], [-84.3848, 33.77128], [-84.38499, 33.77128], [-84.38576, 33.7713], [-84.38585, 33.77132], [-84.38677, 33.7713], [-84.3873, 33.7713], [-84.38741, 33.77128], [-84.38768, 33.77123], [-84.38885, 33.77126], [-84.38945, 33.77127], [-84.39006, 33.77128], [-84.39045, 33.77129], [-84.39055, 33.77129], [-84.39069, 33.77129], [-84.39085, 33.77129], [-84.39094, 33.77129], [-84.39104, 33.77129], [-84.39206, 33.77129], [-84.39273, 33.77128], [-84.3929, 33.77128], [-84.39317, 33.7713], [-84.3934, 33.77131], [-84.39374, 33.77132], [-84.39452, 33.77132], [-84.39466, 33.77132], [-84.3949, 33.77132], [-84.39509, 33.77133], [-84.39552, 33.77133], [-84.39566, 33.77133], [-84.396, 33.77134], [-84.39616, 33.77135], [-84.39622, 33.77135], [-84.39636, 33.77135], [-84.39672, 33.77137], [-84.39683, 33.77137], [-84.39805, 33.77137], [-84.39849, 33.77133], [-84.39857, 33.77131], [-84.39901, 33.77123], [-84.39907, 33.77119], [-84.39919, 33.77115], [-84.39948, 33.77102], [-84.4001, 33.77076], [-84.40025, 33.77068], [-84.40044, 33.77081], [-84.40115, 33.77122], [-84.40223, 33.77157], [-84.40333, 33.77172], [-84.40427, 33.77177], [-84.40506, 33.77192], [-84.40591, 33.77224], [-84.40691, 33.77287], [-84.4081, 33.77422], [-84.40828, 33.77455], [-84.40842, 33.77477], [-84.40849, 33.77507], [-84.40901, 33.77588], [-84.40956, 33.77659], [-84.41092, 33.77789], [-84.41307, 33.77996], [-84.41332, 33.7802], [-84.41587, 33.78257], [-84.41648, 33.78314], [-84.41731, 33.78391], [-84.41802, 33.78457], [-84.41867, 33.78501], [-84.41899, 33.78527], [-84.4177, 33.78501], [-84.41747, 33.78499], [-84.41743, 33.78496], [-84.41704, 33.7849], [-84.41608, 33.785], [-84.41527, 33.78518], [-84.41412, 33.78561], [-84.41387, 33.7857], [-84.41327, 33.78592], [-84.41201, 33.78637], [-84.41168, 33.78648], [-84.41144, 33.78658], [-84.41078, 33.78683], [-84.41043, 33.787], [-84.40968, 33.78736], [-84.40952, 33.78744], [-84.40914, 33.78766], [-84.40888, 33.78782], [-84.40828, 33.78821], [-84.40791, 33.78843], [-84.40766, 33.78858], [-84.40777, 33.7893], [-84.40782, 33.78973], [-84.40785, 33.78979], [-84.40783, 33.7899], [-84.40786, 33.79026], [-84.40786, 33.7908], [-84.40786, 33.79098], [-84.40786, 33.79114], [-84.40786, 33.79153], [-84.40788, 33.79203], [-84.4079, 33.79235], [-84.40786, 33.79316], [-84.40785, 33.79374], [-84.40785, 33.79395], [-84.40788, 33.79585], [-84.40789, 33.79614], [-84.40785, 33.79728], [-84.40784, 33.79786], [-84.40784, 33.79838], [-84.40787, 33.79857], [-84.40784, 33.79872], [-84.40784, 33.79925], [-84.40784, 33.80017], [-84.40783, 33.80026], [-84.40781, 33.80071], [-84.40784, 33.8013], [-84.40784, 33.80162], [-84.40783, 33.80196], [-84.40781, 33.80229], [-84.40782, 33.8025], [-84.40782, 33.80266], [-84.40782, 33.80279], [-84.40783, 33.80283], [-84.40783, 33.80292], [-84.40613, 33.80231], [-84.40429, 33.80188], [-84.39866, 33.80864], [-84.3967, 33.81015], [-84.39609, 33.81057], [-84.39545, 33.81093], [-84.39491, 33.81115], [-84.39424, 33.81135], [-84.3937, 33.81145], [-84.39323, 33.81152], [-84.39276, 33.81156], [-84.39227, 33.81158], [-84.39223, 33.81177], [-84.39222, 33.81189], [-84.39222, 33.81205], [-84.39223, 33.81212], [-84.39223, 33.81228], [-84.39224, 33.81232], [-84.39231, 33.81243], [-84.39238, 33.81259], [-84.39243, 33.8127], [-84.39244, 33.81275], [-84.39246, 33.81283], [-84.39247, 33.81295], [-84.39246, 33.813], [-84.39246, 33.81306], [-84.39245, 33.81314], [-84.39244, 33.81323], [-84.39242, 33.8133], [-84.39228, 33.81369], [-84.39226, 33.81374], [-84.3922, 33.81389], [-84.3918, 33.81475], [-84.39172, 33.81492], [-84.39169, 33.81499], [-84.3916, 33.81511], [-84.39146, 33.81528], [-84.39141, 33.81533], [-84.39138, 33.81537], [-84.39119, 33.81555], [-84.39111, 33.81562], [-84.39095, 33.81571], [-84.39079, 33.81585], [-84.39031, 33.81624], [-84.39001, 33.81658], [-84.3898, 33.81685], [-84.38975, 33.81692], [-84.38945, 33.81729], [-84.38941, 33.81733], [-84.38937, 33.81739], [-84.3892, 33.81759], [-84.38918, 33.81764], [-84.38863, 33.81748], [-84.3884, 33.81718], [-84.38851, 33.81686], [-84.38881, 33.81634], [-84.3897, 33.81567], [-84.39029, 33.81502], [-84.39029, 33.81483], [-84.39011, 33.81455], [-84.38957, 33.81428], [-84.38892, 33.81401], [-84.38833, 33.81372], [-84.38794, 33.81317], [-84.38785, 33.8127]]]}}, {"type": "Feature", "properties": {"npu": "F", "population": 34410, "acres": 3842.1, "sqmiles": 6.0}, "geometry": {"type": "Polygon", "coordinates": [[[-84.34858, 33.8173], [-84.34855, 33.81229], [-84.34855, 33.81181], [-84.34856, 33.81083], [-84.34857, 33.81035], [-84.34857, 33.80981], [-84.34859, 33.80732], [-84.34861, 33.80525], [-84.34813, 33.80526], [-84.34805, 33.80521], [-84.34806, 33.80521], [-84.34809, 33.80521], [-84.34813, 33.80519], [-84.34817, 33.80516], [-84.3482, 33.80511], [-84.3482, 33.80506], [-84.34865, 33.80504], [-84.34866, 33.80458], [-84.34853, 33.80458], [-84.34812, 33.80457], [-84.34804, 33.80457], [-84.34803, 33.80463], [-84.34796, 33.80463], [-84.34795, 33.80496], [-84.34792, 33.80498], [-84.3479, 33.80501], [-84.34789, 33.80503], [-84.34788, 33.80505], [-84.34788, 33.80507], [-84.34788, 33.80509], [-84.34788, 33.80512], [-84.34789, 33.80514], [-84.34791, 33.80516], [-84.34792, 33.80517], [-84.34795, 33.80519], [-84.348, 33.80521], [-84.348, 33.80526], [-84.34788, 33.80541], [-84.34776, 33.80557], [-84.34799, 33.80604], [-84.34791, 33.80601], [-84.34767, 33.80558], [-84.3475, 33.80525], [-84.34724, 33.80525], [-84.34725, 33.80506], [-84.34748, 33.80506], [-84.34748, 33.80463], [-84.34703, 33.80463], [-84.34561, 33.80461], [-84.34394, 33.80459], [-84.34341, 33.80459], [-84.34124, 33.80458], [-84.33813, 33.80456], [-84.3381, 33.80416], [-84.33815, 33.80401], [-84.33818, 33.80393], [-84.33823, 33.80376], [-84.33826, 33.80356], [-84.33841, 33.8023], [-84.33784, 33.80249], [-84.33787, 33.80257], [-84.33789, 33.80265], [-84.33791, 33.8027], [-84.33793, 33.8028], [-84.33794, 33.80289], [-84.33795, 33.80298], [-84.33623, 33.80333], [-84.33623, 33.80333], [-84.33618, 33.80337], [-84.33616, 33.80339], [-84.33596, 33.80343], [-84.33569, 33.80344], [-84.33568, 33.80344], [-84.33552, 33.80341], [-84.33547, 33.80341], [-84.33542, 33.80341], [-84.33537, 33.80341], [-84.33533, 33.80342], [-84.33528, 33.80344], [-84.33508, 33.80354], [-84.33504, 33.80356], [-84.33499, 33.80357], [-84.33494, 33.80357], [-84.33489, 33.80358], [-84.33484, 33.80357], [-84.33479, 33.80356], [-84.33462, 33.80352], [-84.33457, 33.8035], [-84.33452, 33.8035], [-84.33447, 33.80349], [-84.33442, 33.8035], [-84.33437, 33.80351], [-84.33432, 33.80353], [-84.33427, 33.80355], [-84.33423, 33.80358], [-84.3339, 33.80373], [-84.33373, 33.80397], [-84.33375, 33.804], [-84.33382, 33.80408], [-84.33387, 33.80414], [-84.33396, 33.80426], [-84.33406, 33.80438], [-84.33417, 33.80449], [-84.33427, 33.80459], [-84.33438, 33.80468], [-84.33449, 33.80477], [-84.33461, 33.80486], [-84.33461, 33.80486], [-84.33488, 33.80505], [-84.33492, 33.8051], [-84.33481, 33.80519], [-84.33484, 33.80522], [-84.33454, 33.8055], [-84.33434, 33.80568], [-84.33426, 33.80576], [-84.33422, 33.80581], [-84.33418, 33.80587], [-84.33415, 33.80592], [-84.33413, 33.80598], [-84.33408, 33.80619], [-84.33405, 33.80627], [-84.33403, 33.80635], [-84.334, 33.80643], [-84.33396, 33.8065], [-84.33391, 33.80657], [-84.33386, 33.80664], [-84.33381, 33.8067], [-84.33371, 33.80681], [-84.33365, 33.80686], [-84.33358, 33.80692], [-84.33351, 33.80697], [-84.33343, 33.80702], [-84.33334, 33.80708], [-84.33328, 33.8071], [-84.33323, 33.80712], [-84.33314, 33.80715], [-84.33304, 33.80717], [-84.33295, 33.80719], [-84.33286, 33.80721], [-84.33276, 33.80721], [-84.33265, 33.80721], [-84.33254, 33.8072], [-84.33228, 33.80718], [-84.33213, 33.80717], [-84.3318, 33.80715], [-84.33171, 33.80715], [-84.33163, 33.80715], [-84.33155, 33.80716], [-84.33149, 33.80716], [-84.33141, 33.80717], [-84.33111, 33.8072], [-84.33101, 33.80721], [-84.33092, 33.80722], [-84.33082, 33.80724], [-84.3307, 33.80727], [-84.33057, 33.8073], [-84.33045, 33.80735], [-84.3304, 33.80737], [-84.33035, 33.8074], [-84.3303, 33.80743], [-84.33025, 33.80747], [-84.33021, 33.80751], [-84.33018, 33.80756], [-84.33015, 33.8076], [-84.33012, 33.80765], [-84.3301, 33.8077], [-84.33009, 33.80776], [-84.33008, 33.80781], [-84.33008, 33.80786], [-84.33008, 33.8079], [-84.33008, 33.80791], [-84.3301, 33.80801], [-84.33012, 33.80808], [-84.33014, 33.80814], [-84.33017, 33.8082], [-84.33023, 33.80829], [-84.33029, 33.80838], [-84.33035, 33.80847], [-84.33042, 33.80855], [-84.3305, 33.80863], [-84.33074, 33.80884], [-84.33088, 33.80897], [-84.33092, 33.80901], [-84.33096, 33.80906], [-84.331, 33.80912], [-84.33103, 33.80917], [-84.33106, 33.80923], [-84.33107, 33.80929], [-84.33108, 33.80935], [-84.33109, 33.80941], [-84.33108, 33.80948], [-84.33107, 33.80954], [-84.33106, 33.8096], [-84.33103, 33.80966], [-84.331, 33.80972], [-84.33096, 33.80978], [-84.33093, 33.80982], [-84.33089, 33.80986], [-84.33083, 33.80991], [-84.33077, 33.80995], [-84.33071, 33.80998], [-84.33064, 33.81002], [-84.33058, 33.81004], [-84.33052, 33.81005], [-84.33046, 33.81006], [-84.3304, 33.81007], [-84.33039, 33.81007], [-84.33023, 33.81007], [-84.33006, 33.81008], [-84.33, 33.81008], [-84.32994, 33.81008], [-84.32986, 33.8101], [-84.32967, 33.80983], [-84.32967, 33.80951], [-84.32967, 33.80932], [-84.32967, 33.80887], [-84.32968, 33.8085], [-84.32955, 33.80828], [-84.32938, 33.80801], [-84.32932, 33.80791], [-84.32922, 33.80775], [-84.32906, 33.80749], [-84.32889, 33.8072], [-84.3288, 33.80705], [-84.32862, 33.80676], [-84.32845, 33.80648], [-84.32845, 33.80636], [-84.32848, 33.80567], [-84.32849, 33.80544], [-84.32849, 33.80541], [-84.3285, 33.80531], [-84.32851, 33.80513], [-84.32851, 33.80503], [-84.32852, 33.8048], [-84.32853, 33.80464], [-84.32854, 33.80441], [-84.32854, 33.80439], [-84.32854, 33.80427], [-84.32855, 33.80417], [-84.32855, 33.80416], [-84.3285, 33.80413], [-84.32805, 33.80381], [-84.32766, 33.80354], [-84.32765, 33.80353], [-84.32761, 33.80353], [-84.32753, 33.80352], [-84.32745, 33.80352], [-84.32726, 33.80351], [-84.32709, 33.8035], [-84.3267, 33.80348], [-84.32617, 33.80345], [-84.32537, 33.80342], [-84.32504, 33.8034], [-84.32516, 33.8038], [-84.32521, 33.80397], [-84.32524, 33.80404], [-84.3253, 33.80426], [-84.32532, 33.80432], [-84.32538, 33.8045], [-84.32536, 33.80479], [-84.32533, 33.8051], [-84.32531, 33.80538], [-84.32528, 33.80585], [-84.32427, 33.80582], [-84.32403, 33.80578], [-84.32313, 33.80566], [-84.32284, 33.80562], [-84.32205, 33.80551], [-84.32206, 33.80546], [-84.3221, 33.80537], [-84.32213, 33.80527], [-84.32215, 33.80517], [-84.32217, 33.80507], [-84.32222, 33.8048], [-84.32223, 33.8047], [-84.32226, 33.8046], [-84.3223, 33.8045], [-84.32234, 33.80441], [-84.32239, 33.80432], [-84.32241, 33.80428], [-84.32242, 33.80426], [-84.3225, 33.80413], [-84.32258, 33.80399], [-84.32269, 33.80381], [-84.32278, 33.80365], [-84.32283, 33.80356], [-84.32287, 33.80345], [-84.32291, 33.80335], [-84.32295, 33.80325], [-84.32298, 33.80315], [-84.32299, 33.80304], [-84.323, 33.80294], [-84.32301, 33.80276], [-84.32301, 33.80218], [-84.32301, 33.80209], [-84.32302, 33.80209], [-84.32301, 33.80182], [-84.323, 33.80154], [-84.32299, 33.80124], [-84.32295, 33.80124], [-84.32292, 33.80061], [-84.32291, 33.80037], [-84.3229, 33.80013], [-84.32289, 33.79986], [-84.3229, 33.79986], [-84.32291, 33.79986], [-84.32301, 33.79986], [-84.3236, 33.79995], [-84.3236, 33.79996], [-84.32368, 33.79997], [-84.32368, 33.7998], [-84.32358, 33.79974], [-84.32361, 33.79973], [-84.32362, 33.79972], [-84.32427, 33.79922], [-84.32446, 33.79933], [-84.32463, 33.79943], [-84.3249, 33.79959], [-84.32524, 33.79979], [-84.32543, 33.79991], [-84.3258, 33.80014], [-84.32633, 33.80049], [-84.32642, 33.80054], [-84.32651, 33.80059], [-84.3266, 33.80063], [-84.3267, 33.80067], [-84.3268, 33.80071], [-84.32691, 33.80074], [-84.32701, 33.80076], [-84.32707, 33.80077], [-84.32718, 33.80079], [-84.32729, 33.80081], [-84.32743, 33.80082], [-84.32757, 33.80082], [-84.32771, 33.80081], [-84.32773, 33.80065], [-84.32776, 33.80056], [-84.32789, 33.80022], [-84.3275, 33.80005], [-84.32745, 33.80015], [-84.32742, 33.8002], [-84.32738, 33.80027], [-84.32728, 33.80058], [-84.32675, 33.8004], [-84.32632, 33.80011], [-84.32502, 33.79929], [-84.32437, 33.79887], [-84.32404, 33.79853], [-84.32382, 33.79845], [-84.32335, 33.79873], [-84.32329, 33.79876], [-84.32317, 33.79865], [-84.32326, 33.7986], [-84.32334, 33.79849], [-84.32326, 33.79841], [-84.32306, 33.79855], [-84.32297, 33.79862], [-84.32293, 33.79859], [-84.32256, 33.79896], [-84.32255, 33.79897], [-84.32254, 33.79898], [-84.32229, 33.79876], [-84.32215, 33.79865], [-84.32214, 33.79864], [-84.32214, 33.79863], [-84.32207, 33.79859], [-84.322, 33.79854], [-84.32193, 33.7985], [-84.32186, 33.79846], [-84.32185, 33.79846], [-84.32184, 33.79847], [-84.32183, 33.79846], [-84.32176, 33.79843], [-84.3217, 33.79841], [-84.32158, 33.79836], [-84.32145, 33.79832], [-84.32133, 33.79828], [-84.3212, 33.79824], [-84.32135, 33.79811], [-84.32115, 33.79796], [-84.32111, 33.79793], [-84.32111, 33.79793], [-84.3211, 33.79792], [-84.32107, 33.79789], [-84.32104, 33.79785], [-84.32047, 33.79776], [-84.32046, 33.79776], [-84.32037, 33.79776], [-84.32037, 33.79787], [-84.32037, 33.79799], [-84.32036, 33.79827], [-84.32027, 33.79829], [-84.32027, 33.79776], [-84.32005, 33.79776], [-84.31989, 33.79772], [-84.31952, 33.79773], [-84.31947, 33.79773], [-84.31947, 33.79773], [-84.31936, 33.79746], [-84.31928, 33.79741], [-84.31914, 33.79755], [-84.31881, 33.79788], [-84.31848, 33.79822], [-84.31823, 33.79848], [-84.31824, 33.79861], [-84.31845, 33.79878], [-84.31834, 33.79895], [-84.31835, 33.79911], [-84.31866, 33.79903], [-84.31855, 33.79891], [-84.31881, 33.79873], [-84.31914, 33.79851], [-84.31947, 33.79828], [-84.31947, 33.798], [-84.31952, 33.798], [-84.31989, 33.798], [-84.31989, 33.79819], [-84.31989, 33.79821], [-84.31989, 33.79828], [-84.3199, 33.79834], [-84.31992, 33.79841], [-84.31997, 33.79875], [-84.3204, 33.79862], [-84.32076, 33.79853], [-84.32104, 33.79851], [-84.32105, 33.80129], [-84.32105, 33.8015], [-84.3227, 33.80151], [-84.32268, 33.80199], [-84.32269, 33.80216], [-84.32269, 33.80255], [-84.32267, 33.80309], [-84.32257, 33.80336], [-84.32246, 33.80359], [-84.32234, 33.80384], [-84.32219, 33.80414], [-84.32206, 33.80438], [-84.32199, 33.80462], [-84.32195, 33.80482], [-84.32192, 33.80502], [-84.32186, 33.80526], [-84.32177, 33.80551], [-84.31951, 33.8053], [-84.31949, 33.80529], [-84.31922, 33.80526], [-84.31891, 33.80523], [-84.31883, 33.80522], [-84.3185, 33.80519], [-84.31838, 33.80517], [-84.31816, 33.80515], [-84.31805, 33.80514], [-84.31803, 33.80426], [-84.31746, 33.80426], [-84.31743, 33.80426], [-84.31681, 33.80426], [-84.31607, 33.80426], [-84.31579, 33.80426], [-84.31579, 33.80426], [-84.31574, 33.80426], [-84.31562, 33.80345], [-84.31562, 33.80344], [-84.31384, 33.80345], [-84.31344, 33.80345], [-84.31325, 33.80345], [-84.31267, 33.80345], [-84.31171, 33.80345], [-84.31164, 33.80345], [-84.31164, 33.80335], [-84.31164, 33.80324], [-84.31164, 33.80323], [-84.31173, 33.80323], [-84.31252, 33.80322], [-84.31347, 33.80322], [-84.31337, 33.80052], [-84.31284, 33.80041], [-84.3124, 33.80026], [-84.31197, 33.80015], [-84.31159, 33.80008], [-84.3113, 33.80004], [-84.31109, 33.8001], [-84.3108, 33.80009], [-84.31005, 33.80034], [-84.30978, 33.80049], [-84.30925, 33.80078], [-84.30918, 33.8007], [-84.30918, 33.80069], [-84.3091, 33.8006], [-84.3091, 33.8006], [-84.30837, 33.79965], [-84.3082, 33.79945], [-84.30802, 33.79925], [-84.30784, 33.79906], [-84.30765, 33.79888], [-84.30763, 33.79884], [-84.3076, 33.79876], [-84.30755, 33.79879], [-84.30743, 33.79867], [-84.30749, 33.7986], [-84.30753, 33.79854], [-84.30747, 33.79851], [-84.30743, 33.79856], [-84.3074, 33.79856], [-84.30728, 33.79854], [-84.30682, 33.79811], [-84.30665, 33.79795], [-84.30666, 33.79788], [-84.3067, 33.79767], [-84.30674, 33.79747], [-84.30677, 33.79732], [-84.30681, 33.79718], [-84.30686, 33.79704], [-84.30689, 33.79694], [-84.30693, 33.79685], [-84.30697, 33.79676], [-84.30701, 33.79667], [-84.30704, 33.79662], [-84.30708, 33.79656], [-84.30718, 33.7964], [-84.30718, 33.79639], [-84.30719, 33.79639], [-84.30724, 33.79631], [-84.30729, 33.79624], [-84.30735, 33.79616], [-84.30738, 33.79613], [-84.30746, 33.79605], [-84.30754, 33.79597], [-84.30761, 33.7959], [-84.3077, 33.79582], [-84.30778, 33.79576], [-84.30787, 33.79569], [-84.30797, 33.79562], [-84.30807, 33.79556], [-84.30818, 33.7955], [-84.30828, 33.79544], [-84.3084, 33.79538], [-84.30852, 33.79532], [-84.30865, 33.79527], [-84.30878, 33.79523], [-84.30891, 33.79519], [-84.30904, 33.79515], [-84.30921, 33.79512], [-84.30938, 33.79508], [-84.30955, 33.79505], [-84.30972, 33.79503], [-84.30972, 33.79503], [-84.30979, 33.79502], [-84.30986, 33.79501], [-84.30999, 33.795], [-84.31, 33.795], [-84.31006, 33.795], [-84.31017, 33.79499], [-84.31027, 33.79499], [-84.31059, 33.79498], [-84.31089, 33.79497], [-84.31123, 33.79497], [-84.31157, 33.79496], [-84.31159, 33.79496], [-84.31163, 33.79496], [-84.31191, 33.79495], [-84.31227, 33.79494], [-84.31247, 33.79494], [-84.31277, 33.79493], [-84.3131, 33.79493], [-84.3134, 33.79492], [-84.3137, 33.79493], [-84.31401, 33.79494], [-84.31417, 33.79495], [-84.31432, 33.79496], [-84.31447, 33.79497], [-84.31461, 33.79498], [-84.31498, 33.79502], [-84.31537, 33.79508], [-84.31557, 33.79511], [-84.31591, 33.79517], [-84.31622, 33.79522], [-84.31644, 33.79526], [-84.31665, 33.7953], [-84.31665, 33.79529], [-84.31661, 33.79463], [-84.31743, 33.79352], [-84.31741, 33.79331], [-84.31741, 33.79331], [-84.31724, 33.7932], [-84.31705, 33.79307], [-84.31691, 33.79297], [-84.3169, 33.79296], [-84.31675, 33.79286], [-84.31653, 33.79272], [-84.31635, 33.7926], [-84.31616, 33.79248], [-84.31614, 33.79247], [-84.31607, 33.79242], [-84.31599, 33.79238], [-84.3159, 33.79234], [-84.31582, 33.7923], [-84.31572, 33.79225], [-84.31562, 33.79222], [-84.31552, 33.79218], [-84.31552, 33.79218], [-84.31541, 33.79215], [-84.3153, 33.79211], [-84.31501, 33.79203], [-84.315, 33.79203], [-84.31499, 33.79202], [-84.31498, 33.79202], [-84.31498, 33.79201], [-84.31497, 33.79201], [-84.31497, 33.792], [-84.31497, 33.79199], [-84.31497, 33.79198], [-84.31497, 33.79198], [-84.31497, 33.79197], [-84.31498, 33.79196], [-84.31498, 33.79196], [-84.31499, 33.79195], [-84.315, 33.79195], [-84.3155, 33.79173], [-84.3158, 33.79161], [-84.31603, 33.79151], [-84.31605, 33.7915], [-84.31619, 33.79143], [-84.31633, 33.79136], [-84.31647, 33.79129], [-84.31669, 33.79117], [-84.31676, 33.79112], [-84.3169, 33.79103], [-84.31698, 33.79097], [-84.31746, 33.79063], [-84.31756, 33.79111], [-84.31759, 33.79125], [-84.3173, 33.79134], [-84.3172, 33.79136], [-84.31711, 33.79139], [-84.31683, 33.79163], [-84.31668, 33.79168], [-84.31671, 33.79173], [-84.31675, 33.79178], [-84.31679, 33.79183], [-84.31684, 33.79187], [-84.31689, 33.79192], [-84.31692, 33.79194], [-84.31696, 33.79197], [-84.31701, 33.792], [-84.31707, 33.79202], [-84.31712, 33.79205], [-84.31716, 33.79206], [-84.31729, 33.7921], [-84.31733, 33.79212], [-84.31738, 33.79215], [-84.3174, 33.79212], [-84.31761, 33.79225], [-84.31766, 33.79227], [-84.31773, 33.7923], [-84.31783, 33.79232], [-84.31788, 33.79226], [-84.31789, 33.79174], [-84.31797, 33.79172], [-84.31835, 33.79164], [-84.31857, 33.79159], [-84.31857, 33.79152], [-84.31858, 33.79152], [-84.31844, 33.79091], [-84.3178, 33.79104], [-84.3177, 33.79046], [-84.31776, 33.79042], [-84.31793, 33.7903], [-84.31793, 33.79029], [-84.31808, 33.7902], [-84.31822, 33.79011], [-84.31837, 33.79002], [-84.31852, 33.78994], [-84.31867, 33.78986], [-84.31882, 33.78979], [-84.31951, 33.78946], [-84.31957, 33.78944], [-84.31981, 33.78934], [-84.32004, 33.78925], [-84.32028, 33.78916], [-84.32048, 33.78909], [-84.32068, 33.78903], [-84.32074, 33.78901], [-84.32084, 33.78906], [-84.32107, 33.78898], [-84.32116, 33.78887], [-84.32181, 33.78868], [-84.32198, 33.78864], [-84.32215, 33.7886], [-84.32232, 33.78856], [-84.3225, 33.78853], [-84.32322, 33.78841], [-84.32323, 33.78844], [-84.32327, 33.78843], [-84.32327, 33.78841], [-84.32349, 33.78837], [-84.32367, 33.78834], [-84.32386, 33.78832], [-84.32404, 33.78831], [-84.32422, 33.78831], [-84.32434, 33.78831], [-84.32445, 33.78831], [-84.3248, 33.78833], [-84.32492, 33.78834], [-84.32495, 33.78834], [-84.3251, 33.78835], [-84.32529, 33.78838], [-84.32537, 33.78843], [-84.3254, 33.78849], [-84.32542, 33.78853], [-84.32545, 33.78855], [-84.32548, 33.78856], [-84.32554, 33.78857], [-84.32569, 33.78858], [-84.32574, 33.7886], [-84.32579, 33.78862], [-84.32585, 33.78864], [-84.3259, 33.78864], [-84.32596, 33.78864], [-84.32602, 33.78864], [-84.32609, 33.78865], [-84.32615, 33.78866], [-84.32621, 33.78868], [-84.32626, 33.78871], [-84.32631, 33.78874], [-84.32634, 33.78873], [-84.32659, 33.78891], [-84.32672, 33.78901], [-84.32684, 33.78912], [-84.32695, 33.78922], [-84.32707, 33.78933], [-84.3272, 33.78946], [-84.32733, 33.7896], [-84.32745, 33.78974], [-84.32751, 33.78981], [-84.32756, 33.78989], [-84.32761, 33.78997], [-84.32766, 33.79006], [-84.3277, 33.79014], [-84.32776, 33.79028], [-84.32779, 33.79033], [-84.32783, 33.79039], [-84.32787, 33.79043], [-84.32792, 33.79048], [-84.32795, 33.79051], [-84.32799, 33.79054], [-84.32803, 33.79056], [-84.32808, 33.79059], [-84.32813, 33.79062], [-84.32821, 33.79066], [-84.32829, 33.7907], [-84.32832, 33.79071], [-84.32836, 33.79073], [-84.32841, 33.79075], [-84.32852, 33.79079], [-84.32855, 33.7908], [-84.32868, 33.79084], [-84.32882, 33.79088], [-84.32898, 33.79127], [-84.32897, 33.79127], [-84.32855, 33.79139], [-84.32854, 33.7914], [-84.32844, 33.79143], [-84.32843, 33.79143], [-84.32843, 33.79145], [-84.32842, 33.79147], [-84.32842, 33.79159], [-84.32843, 33.79165], [-84.32843, 33.79169], [-84.32844, 33.79172], [-84.32846, 33.79181], [-84.32847, 33.79183], [-84.3285, 33.79192], [-84.32851, 33.79197], [-84.32853, 33.79204], [-84.32854, 33.79211], [-84.32854, 33.79213], [-84.32854, 33.79218], [-84.32854, 33.79232], [-84.32853, 33.79234], [-84.32854, 33.79246], [-84.32854, 33.79248], [-84.32854, 33.7925], [-84.32855, 33.79265], [-84.32856, 33.79272], [-84.32859, 33.79286], [-84.32859, 33.79289], [-84.32861, 33.79294], [-84.32865, 33.79304], [-84.32869, 33.79318], [-84.3287, 33.7932], [-84.32876, 33.79331], [-84.32882, 33.79339], [-84.3289, 33.79347], [-84.32894, 33.79353], [-84.32897, 33.79356], [-84.32899, 33.79357], [-84.32905, 33.79362], [-84.32911, 33.79366], [-84.32919, 33.79372], [-84.32924, 33.79375], [-84.32933, 33.79378], [-84.3294, 33.79379], [-84.32947, 33.79381], [-84.32949, 33.79381], [-84.32954, 33.79383], [-84.3296, 33.79385], [-84.32965, 33.79387], [-84.3297, 33.79389], [-84.32987, 33.79394], [-84.32981, 33.79382], [-84.33066, 33.79371], [-84.33067, 33.79381], [-84.33067, 33.79389], [-84.33067, 33.79396], [-84.33062, 33.79498], [-84.33062, 33.79504], [-84.33063, 33.79509], [-84.33064, 33.79514], [-84.33066, 33.79518], [-84.33069, 33.79523], [-84.33073, 33.79527], [-84.33077, 33.79531], [-84.33082, 33.79535], [-84.33088, 33.79537], [-84.33093, 33.7954], [-84.33098, 33.79541], [-84.33104, 33.79542], [-84.33111, 33.79543], [-84.33117, 33.79544], [-84.33104, 33.79606], [-84.33074, 33.79606], [-84.33073, 33.79606], [-84.33321, 33.79839], [-84.33469, 33.79977], [-84.3347, 33.79986], [-84.33488, 33.80002], [-84.33487, 33.79994], [-84.33487, 33.79993], [-84.33487, 33.7999], [-84.33503, 33.80006], [-84.33529, 33.80029], [-84.3355, 33.80049], [-84.33556, 33.80055], [-84.33617, 33.80111], [-84.33623, 33.80117], [-84.3362, 33.8012], [-84.33619, 33.80122], [-84.33614, 33.80124], [-84.33607, 33.80128], [-84.33596, 33.80138], [-84.33594, 33.80152], [-84.33591, 33.80163], [-84.33599, 33.80192], [-84.33605, 33.80208], [-84.33738, 33.80161], [-84.33744, 33.80171], [-84.33746, 33.80176], [-84.33753, 33.80189], [-84.33767, 33.80213], [-84.33771, 33.8022], [-84.33777, 33.80233], [-84.33808, 33.80222], [-84.33843, 33.80209], [-84.3385, 33.80154], [-84.33833, 33.80123], [-84.33853, 33.80115], [-84.3385, 33.80103], [-84.33851, 33.8007], [-84.33842, 33.80049], [-84.33854, 33.80033], [-84.3388, 33.8], [-84.33886, 33.79993], [-84.33915, 33.79956], [-84.34108, 33.79709], [-84.34068, 33.79671], [-84.34072, 33.79667], [-84.34075, 33.7966], [-84.3415, 33.79654], [-84.34185, 33.79611], [-84.34092, 33.79611], [-84.34113, 33.79565], [-84.34117, 33.79556], [-84.34133, 33.79513], [-84.34136, 33.79506], [-84.34095, 33.79471], [-84.34129, 33.79437], [-84.34115, 33.79426], [-84.3408, 33.79459], [-84.34075, 33.79456], [-84.34067, 33.7945], [-84.34047, 33.79437], [-84.34085, 33.79401], [-84.3408, 33.79396], [-84.34059, 33.7938], [-84.34048, 33.79365], [-84.33928, 33.79365], [-84.33927, 33.79294], [-84.33941, 33.79308], [-84.33954, 33.79315], [-84.33966, 33.79318], [-84.33972, 33.79319], [-84.33994, 33.79318], [-84.33997, 33.79318], [-84.34019, 33.79312], [-84.34053, 33.79302], [-84.34071, 33.79301], [-84.34105, 33.79309], [-84.34148, 33.79319], [-84.34182, 33.79343], [-84.34202, 33.79356], [-84.34236, 33.79381], [-84.34244, 33.79387], [-84.34249, 33.7939], [-84.3426, 33.79398], [-84.34264, 33.79401], [-84.3429, 33.79418], [-84.34297, 33.79422], [-84.34307, 33.79428], [-84.34391, 33.79483], [-84.34394, 33.79612], [-84.34452, 33.79612], [-84.34495, 33.79613], [-84.3451, 33.79597], [-84.34507, 33.79541], [-84.34516, 33.79486], [-84.34502, 33.79478], [-84.34508, 33.79472], [-84.3451, 33.7945], [-84.34511, 33.79441], [-84.34513, 33.79413], [-84.34518, 33.79354], [-84.34531, 33.79208], [-84.3449, 33.79208], [-84.34495, 33.79133], [-84.3441, 33.79118], [-84.34401, 33.79113], [-84.34401, 33.79063], [-84.34374, 33.79064], [-84.34375, 33.791], [-84.34342, 33.79098], [-84.34341, 33.79115], [-84.34236, 33.79105], [-84.3422, 33.79046], [-84.34227, 33.79039], [-84.34229, 33.79011], [-84.34229, 33.78997], [-84.34606, 33.78997], [-84.34607, 33.78984], [-84.34686, 33.78984], [-84.34687, 33.7904], [-84.34708, 33.79035], [-84.34707, 33.78984], [-84.34708, 33.78984], [-84.34699, 33.78972], [-84.34737, 33.78933], [-84.34748, 33.78939], [-84.34773, 33.78945], [-84.34767, 33.78984], [-84.34796, 33.78984], [-84.34787, 33.79032], [-84.34807, 33.79038], [-84.34823, 33.78984], [-84.3488, 33.78984], [-84.3488, 33.78964], [-84.34824, 33.78926], [-84.34836, 33.78913], [-84.34868, 33.78886], [-84.34881, 33.78908], [-84.34881, 33.78822], [-84.34861, 33.78822], [-84.34862, 33.78756], [-84.34882, 33.78757], [-84.34883, 33.78664], [-84.34884, 33.78572], [-84.34885, 33.78486], [-84.34812, 33.78486], [-84.34812, 33.78469], [-84.34813, 33.78453], [-84.34886, 33.78453], [-84.34886, 33.78439], [-84.34824, 33.78436], [-84.34824, 33.7842], [-84.34886, 33.78423], [-84.34886, 33.7839], [-84.34887, 33.78383], [-84.34887, 33.78376], [-84.34888, 33.78297], [-84.34825, 33.78297], [-84.34815, 33.78297], [-84.34815, 33.7829], [-84.34806, 33.7829], [-84.34805, 33.78306], [-84.34725, 33.78305], [-84.34733, 33.78218], [-84.34734, 33.78206], [-84.34735, 33.78193], [-84.34743, 33.7804], [-84.34744, 33.78024], [-84.34649, 33.77984], [-84.34599, 33.77964], [-84.34519, 33.77933], [-84.34512, 33.77927], [-84.34544, 33.77895], [-84.34562, 33.77877], [-84.34577, 33.77863], [-84.34627, 33.77819], [-84.3468, 33.7777], [-84.34729, 33.77718], [-84.34737, 33.77709], [-84.348, 33.77631], [-84.34874, 33.77538], [-84.34882, 33.77529], [-84.34892, 33.77513], [-84.34897, 33.775], [-84.34898, 33.77473], [-84.34898, 33.77445], [-84.34898, 33.77393], [-84.34897, 33.77384], [-84.34916, 33.77384], [-84.34984, 33.77384], [-84.35075, 33.77384], [-84.35164, 33.77384], [-84.35241, 33.77383], [-84.35251, 33.77383], [-84.35262, 33.77383], [-84.35289, 33.77383], [-84.3535, 33.77383], [-84.35412, 33.77383], [-84.35435, 33.77383], [-84.35477, 33.77383], [-84.3556, 33.77382], [-84.35616, 33.77382], [-84.35623, 33.77382], [-84.35733, 33.77382], [-84.35747, 33.77382], [-84.35807, 33.77382], [-84.35823, 33.77382], [-84.35873, 33.77381], [-84.36025, 33.77382], [-84.36099, 33.77381], [-84.36236, 33.7738], [-84.36296, 33.77381], [-84.36314, 33.77376], [-84.36322, 33.77374], [-84.36374, 33.77358], [-84.36387, 33.77355], [-84.3641, 33.77349], [-84.36458, 33.77334], [-84.36459, 33.77338], [-84.36515, 33.7756], [-84.36579, 33.77806], [-84.3665, 33.77941], [-84.36785, 33.78115], [-84.3686, 33.78212], [-84.3699, 33.78379], [-84.37025, 33.78434], [-84.37058, 33.78511], [-84.37074, 33.78579], [-84.37077, 33.78682], [-84.37054, 33.78867], [-84.37019, 33.79137], [-84.37014, 33.79235], [-84.37019, 33.79299], [-84.37029, 33.79355], [-84.37049, 33.79424], [-84.37079, 33.79499], [-84.37119, 33.79576], [-84.37282, 33.7986], [-84.37603, 33.80424], [-84.3764, 33.80481], [-84.37683, 33.80588], [-84.37709, 33.80656], [-84.37737, 33.8072], [-84.37755, 33.80774], [-84.37763, 33.80825], [-84.37767, 33.80879], [-84.37767, 33.80907], [-84.37756, 33.80976], [-84.37736, 33.81052], [-84.3771, 33.81118], [-84.37688, 33.81166], [-84.3763, 33.81261], [-84.37397, 33.81572], [-84.37365, 33.8157], [-84.37338, 33.81568], [-84.37267, 33.81565], [-84.37204, 33.81578], [-84.37139, 33.81578], [-84.37104, 33.81573], [-84.37065, 33.81568], [-84.37047, 33.81568], [-84.37024, 33.81576], [-84.36962, 33.81628], [-84.36905, 33.81662], [-84.3687, 33.8168], [-84.36818, 33.81688], [-84.36683, 33.81715], [-84.36636, 33.81733], [-84.36583, 33.81758], [-84.36513, 33.81777], [-84.36463, 33.81778], [-84.36407, 33.81782], [-84.3637, 33.81795], [-84.36325, 33.81802], [-84.36202, 33.81833], [-84.36127, 33.81957], [-84.36048, 33.82087], [-84.35956, 33.82192], [-84.35858, 33.82251], [-84.35727, 33.8229], [-84.35675, 33.82301], [-84.35358, 33.8235], [-84.353, 33.82359], [-84.35233, 33.82372], [-84.35204, 33.82381], [-84.35112, 33.82411], [-84.34989, 33.8246], [-84.34969, 33.8247], [-84.3485, 33.82528], [-84.34848, 33.82479], [-84.34848, 33.82423], [-84.34845, 33.82285], [-84.34845, 33.82278], [-84.34847, 33.82106], [-84.34847, 33.8204], [-84.34848, 33.82025], [-84.34858, 33.81749], [-84.34858, 33.8173]]]}}, {"type": "Feature", "properties": {"npu": "G", "population": 11191, "acres": 3597.8, "sqmiles": 5.62}, "geometry": {"type": "Polygon", "coordinates": [[[-84.43273, 33.78767], [-84.43231, 33.78514], [-84.43255, 33.78514], [-84.43677, 33.78516], [-84.43664, 33.77974], [-84.43989, 33.77973], [-84.43991, 33.77842], [-84.44105, 33.77843], [-84.4416, 33.77815], [-84.4421, 33.77817], [-84.44257, 33.77835], [-84.44291, 33.77848], [-84.44295, 33.77897], [-84.44303, 33.77921], [-84.44309, 33.77941], [-84.44331, 33.77973], [-84.44371, 33.78004], [-84.44396, 33.78035], [-84.44427, 33.78058], [-84.44441, 33.78099], [-84.44436, 33.78138], [-84.44446, 33.7818], [-84.44471, 33.78199], [-84.44489, 33.78213], [-84.44502, 33.78286], [-84.44495, 33.78318], [-84.44501, 33.7834], [-84.44514, 33.7835], [-84.44527, 33.78355], [-84.4454, 33.78375], [-84.44552, 33.78389], [-84.44562, 33.7839], [-84.44589, 33.78384], [-84.44624, 33.78369], [-84.44649, 33.78354], [-84.44679, 33.78343], [-84.44716, 33.78352], [-84.44738, 33.78364], [-84.44852, 33.78349], [-84.44875, 33.78348], [-84.45001, 33.78306], [-84.45035, 33.78304], [-84.45083, 33.78325], [-84.45101, 33.78357], [-84.4509, 33.78372], [-84.45074, 33.78376], [-84.45051, 33.78378], [-84.45045, 33.78397], [-84.4505, 33.78502], [-84.45038, 33.78546], [-84.45038, 33.78578], [-84.45065, 33.78612], [-84.45074, 33.78664], [-84.45174, 33.78687], [-84.45263, 33.78718], [-84.45383, 33.78557], [-84.45502, 33.78597], [-84.45513, 33.78598], [-84.4558, 33.78598], [-84.45648, 33.78599], [-84.45657, 33.78571], [-84.45692, 33.78409], [-84.45697, 33.78385], [-84.45703, 33.78328], [-84.45702, 33.78324], [-84.45701, 33.78319], [-84.45709, 33.78312], [-84.4573, 33.78296], [-84.45737, 33.78292], [-84.458, 33.78263], [-84.45814, 33.78256], [-84.45716, 33.78217], [-84.45654, 33.78192], [-84.45653, 33.77994], [-84.45653, 33.77984], [-84.45779, 33.77984], [-84.45867, 33.77987], [-84.46201, 33.77989], [-84.46216, 33.77989], [-84.46224, 33.77988], [-84.46233, 33.77988], [-84.46251, 33.77988], [-84.46318, 33.77989], [-84.46386, 33.7799], [-84.46401, 33.77991], [-84.46502, 33.7799], [-84.46589, 33.77993], [-84.46845, 33.77999], [-84.46869, 33.78], [-84.47152, 33.77994], [-84.47516, 33.77996], [-84.47513, 33.77977], [-84.47501, 33.77939], [-84.47479, 33.77898], [-84.47451, 33.77867], [-84.47434, 33.77845], [-84.47428, 33.77834], [-84.47419, 33.77805], [-84.47421, 33.7778], [-84.47423, 33.77765], [-84.47403, 33.77733], [-84.47394, 33.77715], [-84.47388, 33.77699], [-84.47387, 33.77695], [-84.4738, 33.77666], [-84.47375, 33.7763], [-84.47388, 33.77637], [-84.4743, 33.77657], [-84.47572, 33.77717], [-84.47602, 33.7773], [-84.47658, 33.77754], [-84.47692, 33.77769], [-84.47718, 33.77781], [-84.47739, 33.77793], [-84.47745, 33.77796], [-84.47774, 33.77814], [-84.47808, 33.77839], [-84.47903, 33.77911], [-84.47924, 33.77924], [-84.47938, 33.77934], [-84.47971, 33.77958], [-84.48042, 33.78006], [-84.48168, 33.78081], [-84.48217, 33.7811], [-84.48247, 33.78125], [-84.48275, 33.78135], [-84.48308, 33.78144], [-84.48337, 33.78151], [-84.4849, 33.7818], [-84.48556, 33.78195], [-84.48584, 33.78204], [-84.48592, 33.78206], [-84.48613, 33.78215], [-84.48637, 33.78232], [-84.48662, 33.7825], [-84.48685, 33.78272], [-84.48695, 33.78282], [-84.48737, 33.78328], [-84.48805, 33.78405], [-84.48841, 33.78449], [-84.48848, 33.78455], [-84.48867, 33.78474], [-84.489, 33.785], [-84.48929, 33.78523], [-84.48952, 33.78538], [-84.48988, 33.78557], [-84.49017, 33.78571], [-84.49066, 33.7859], [-84.49129, 33.78609], [-84.49204, 33.78631], [-84.49228, 33.78644], [-84.49265, 33.78664], [-84.49305, 33.78688], [-84.49374, 33.78729], [-84.4939, 33.78738], [-84.4944, 33.78783], [-84.4946, 33.78801], [-84.49589, 33.78955], [-84.49614, 33.7899], [-84.49667, 33.79062], [-84.49684, 33.79084], [-84.49689, 33.79089], [-84.49703, 33.79108], [-84.49717, 33.79123], [-84.49768, 33.79178], [-84.49828, 33.79236], [-84.49868, 33.79269], [-84.49904, 33.79295], [-84.49956, 33.79328], [-84.49982, 33.79339], [-84.5003, 33.79365], [-84.5002, 33.79374], [-84.50012, 33.79381], [-84.49992, 33.79395], [-84.4997, 33.7941], [-84.49944, 33.7943], [-84.49936, 33.79435], [-84.49924, 33.79442], [-84.4991, 33.79449], [-84.49904, 33.79452], [-84.49877, 33.79463], [-84.49879, 33.79504], [-84.50006, 33.79625], [-84.50209, 33.79421], [-84.50283, 33.7943], [-84.50461, 33.79439], [-84.50491, 33.7944], [-84.50562, 33.79456], [-84.50616, 33.79474], [-84.50691, 33.79508], [-84.50778, 33.79549], [-84.50763, 33.79563], [-84.5075, 33.79572], [-84.50737, 33.79585], [-84.50724, 33.79597], [-84.50712, 33.79609], [-84.50706, 33.79616], [-84.507, 33.79623], [-84.50697, 33.79626], [-84.50687, 33.79635], [-84.50674, 33.79647], [-84.5066, 33.79661], [-84.50649, 33.79672], [-84.50637, 33.79684], [-84.50629, 33.79691], [-84.50621, 33.79697], [-84.50614, 33.79703], [-84.50606, 33.7971], [-84.50598, 33.79716], [-84.5059, 33.79722], [-84.50583, 33.79729], [-84.50575, 33.79735], [-84.50567, 33.79741], [-84.50559, 33.79747], [-84.50551, 33.79753], [-84.50543, 33.79759], [-84.50534, 33.79765], [-84.50526, 33.79771], [-84.50518, 33.79777], [-84.5051, 33.79783], [-84.50501, 33.79788], [-84.50493, 33.79794], [-84.50484, 33.798], [-84.50476, 33.79805], [-84.50467, 33.79811], [-84.50457, 33.79817], [-84.50449, 33.79823], [-84.50442, 33.79828], [-84.50433, 33.79833], [-84.50427, 33.79839], [-84.50418, 33.79841], [-84.50409, 33.79847], [-84.504, 33.79852], [-84.50396, 33.79855], [-84.50391, 33.79858], [-84.50385, 33.79862], [-84.50378, 33.79867], [-84.50371, 33.79871], [-84.50365, 33.79876], [-84.5036, 33.7988], [-84.50356, 33.79882], [-84.5035, 33.79887], [-84.50342, 33.79893], [-84.50334, 33.799], [-84.50328, 33.79905], [-84.50324, 33.79909], [-84.50321, 33.79912], [-84.50313, 33.79918], [-84.50306, 33.79928], [-84.50298, 33.79936], [-84.50291, 33.79942], [-84.50285, 33.7995], [-84.50276, 33.79959], [-84.50268, 33.79967], [-84.5026, 33.79975], [-84.50252, 33.79985], [-84.50247, 33.79992], [-84.50242, 33.79998], [-84.50238, 33.80005], [-84.50233, 33.80011], [-84.50226, 33.8002], [-84.50218, 33.8003], [-84.50211, 33.80039], [-84.50204, 33.80049], [-84.50197, 33.80058], [-84.5019, 33.80068], [-84.50184, 33.80076], [-84.50181, 33.80081], [-84.50178, 33.80085], [-84.50171, 33.80095], [-84.50165, 33.80105], [-84.50161, 33.80117], [-84.50154, 33.80126], [-84.5015, 33.80132], [-84.50147, 33.80136], [-84.50142, 33.80146], [-84.50135, 33.80156], [-84.50131, 33.80167], [-84.50124, 33.80172], [-84.5012, 33.80178], [-84.50115, 33.80182], [-84.50107, 33.80188], [-84.50105, 33.80199], [-84.50097, 33.80215], [-84.50094, 33.8022], [-84.50091, 33.80227], [-84.50081, 33.8024], [-84.50076, 33.80262], [-84.50074, 33.80269], [-84.5007, 33.80281], [-84.50065, 33.8029], [-84.50062, 33.80301], [-84.5006, 33.80305], [-84.50057, 33.80313], [-84.50053, 33.80319], [-84.5005, 33.80323], [-84.50043, 33.80329], [-84.50039, 33.80336], [-84.50035, 33.80341], [-84.50025, 33.80353], [-84.5002, 33.80359], [-84.5001, 33.8037], [-84.50004, 33.80377], [-84.5, 33.80382], [-84.49993, 33.80389], [-84.49983, 33.80392], [-84.49979, 33.80405], [-84.49973, 33.80412], [-84.4997, 33.80416], [-84.49966, 33.80418], [-84.4996, 33.80424], [-84.49952, 33.80429], [-84.49945, 33.8043], [-84.49935, 33.80436], [-84.49927, 33.80438], [-84.49919, 33.80443], [-84.49911, 33.80449], [-84.49905, 33.80457], [-84.49898, 33.80462], [-84.4989, 33.80469], [-84.49885, 33.80475], [-84.4988, 33.80482], [-84.49873, 33.80492], [-84.49867, 33.80499], [-84.49861, 33.80505], [-84.49855, 33.80511], [-84.49851, 33.80515], [-84.49847, 33.80519], [-84.49841, 33.80524], [-84.49836, 33.8053], [-84.49829, 33.80538], [-84.49789, 33.80575], [-84.49763, 33.80607], [-84.49759, 33.80605], [-84.49755, 33.80609], [-84.49743, 33.8062], [-84.49533, 33.8084], [-84.49514, 33.80853], [-84.49533, 33.80866], [-84.49474, 33.8092], [-84.49449, 33.80943], [-84.49437, 33.80954], [-84.4936, 33.81029], [-84.49346, 33.81041], [-84.49241, 33.81134], [-84.49151, 33.81208], [-84.49132, 33.81218], [-84.49039, 33.81271], [-84.48967, 33.81302], [-84.48915, 33.81313], [-84.4882, 33.81154], [-84.48656, 33.80883], [-84.48618, 33.80799], [-84.48508, 33.80681], [-84.48392, 33.80612], [-84.48235, 33.8057], [-84.48132, 33.80566], [-84.47917, 33.80586], [-84.47583, 33.80604], [-84.47384, 33.80616], [-84.47111, 33.80647], [-84.47023, 33.80646], [-84.46284, 33.80699], [-84.4616, 33.80706], [-84.46017, 33.80696], [-84.45935, 33.80668], [-84.45835, 33.80625], [-84.45734, 33.80557], [-84.45556, 33.80419], [-84.43658, 33.78925], [-84.43481, 33.78845], [-84.43378, 33.78804], [-84.43273, 33.78767]]]}}, {"type": "Feature", "properties": {"npu": "H", "population": 15412, "acres": 4089.7, "sqmiles": 6.39}, "geometry": {"type": "Polygon", "coordinates": [[[-84.49944, 33.7943], [-84.4997, 33.7941], [-84.49992, 33.79395], [-84.50012, 33.79381], [-84.5002, 33.79374], [-84.5003, 33.79365], [-84.49982, 33.79339], [-84.49956, 33.79328], [-84.49904, 33.79295], [-84.49868, 33.79269], [-84.49828, 33.79236], [-84.49768, 33.79178], [-84.49717, 33.79123], [-84.49703, 33.79108], [-84.49689, 33.79089], [-84.49684, 33.79084], [-84.49667, 33.79062], [-84.49614, 33.7899], [-84.49589, 33.78955], [-84.4946, 33.78801], [-84.4944, 33.78783], [-84.4939, 33.78738], [-84.49374, 33.78729], [-84.49305, 33.78688], [-84.49441, 33.78522], [-84.49511, 33.78433], [-84.49554, 33.78344], [-84.49573, 33.78306], [-84.49611, 33.78145], [-84.49617, 33.77956], [-84.49617, 33.77695], [-84.49618, 33.77512], [-84.49619, 33.77374], [-84.49607, 33.77269], [-84.49584, 33.77177], [-84.49544, 33.77054], [-84.49495, 33.76941], [-84.49479, 33.76911], [-84.4947, 33.76894], [-84.49433, 33.76831], [-84.4941, 33.7679], [-84.4936, 33.76698], [-84.49318, 33.76581], [-84.49291, 33.76495], [-84.49287, 33.76466], [-84.49279, 33.76411], [-84.49273, 33.76356], [-84.49265, 33.7629], [-84.49265, 33.76257], [-84.49265, 33.76181], [-84.49276, 33.76109], [-84.4929, 33.76011], [-84.49306, 33.75953], [-84.49342, 33.75844], [-84.49358, 33.75799], [-84.49423, 33.75645], [-84.49438, 33.75632], [-84.49441, 33.75626], [-84.4948, 33.75527], [-84.49548, 33.75356], [-84.49559, 33.75328], [-84.4957, 33.75301], [-84.49615, 33.752], [-84.49619, 33.7519], [-84.49651, 33.75112], [-84.49658, 33.75093], [-84.49665, 33.75074], [-84.49806, 33.74704], [-84.49822, 33.74661], [-84.49839, 33.74587], [-84.49893, 33.74403], [-84.49934, 33.74265], [-84.50097, 33.73715], [-84.50171, 33.73452], [-84.50226, 33.73155], [-84.50287, 33.73155], [-84.50579, 33.73158], [-84.50566, 33.73828], [-84.50566, 33.73929], [-84.50687, 33.73925], [-84.50696, 33.73925], [-84.50712, 33.73925], [-84.5072, 33.73926], [-84.50729, 33.73926], [-84.50738, 33.73927], [-84.50749, 33.73929], [-84.5076, 33.73931], [-84.5077, 33.73933], [-84.50779, 33.73935], [-84.50785, 33.73936], [-84.5079, 33.73937], [-84.508, 33.7394], [-84.50811, 33.73944], [-84.5082, 33.73947], [-84.50831, 33.73951], [-84.50846, 33.73958], [-84.50863, 33.7393], [-84.50894, 33.73844], [-84.50911, 33.73775], [-84.50912, 33.73771], [-84.50915, 33.73693], [-84.50914, 33.73688], [-84.50902, 33.73613], [-84.50866, 33.73379], [-84.50864, 33.73299], [-84.50865, 33.73295], [-84.50876, 33.7325], [-84.509, 33.732], [-84.50925, 33.73162], [-84.50947, 33.73145], [-84.50973, 33.73124], [-84.50992, 33.73106], [-84.50999, 33.73104], [-84.51005, 33.73101], [-84.51008, 33.73098], [-84.5102, 33.73093], [-84.51049, 33.73077], [-84.51098, 33.73058], [-84.51106, 33.73054], [-84.51123, 33.73047], [-84.5117, 33.73026], [-84.51241, 33.72995], [-84.51247, 33.72991], [-84.51338, 33.72929], [-84.51343, 33.72926], [-84.51406, 33.72842], [-84.51428, 33.72778], [-84.51446, 33.72695], [-84.51451, 33.72659], [-84.51526, 33.72735], [-84.51534, 33.72744], [-84.51628, 33.72856], [-84.51696, 33.72923], [-84.51741, 33.72994], [-84.51748, 33.73006], [-84.51765, 33.73052], [-84.51761, 33.73106], [-84.5176, 33.73111], [-84.51758, 33.73138], [-84.51733, 33.73192], [-84.51707, 33.73247], [-84.51691, 33.73301], [-84.51687, 33.73354], [-84.51697, 33.73404], [-84.5173, 33.73457], [-84.51771, 33.73501], [-84.51835, 33.73535], [-84.51907, 33.73564], [-84.52095, 33.73641], [-84.52699, 33.73833], [-84.53372, 33.73856], [-84.53556, 33.73852], [-84.53533, 33.74445], [-84.53603, 33.74446], [-84.53751, 33.74448], [-84.53745, 33.74636], [-84.53753, 33.74636], [-84.53767, 33.74636], [-84.53782, 33.74637], [-84.53791, 33.74638], [-84.53801, 33.7464], [-84.5381, 33.74642], [-84.53821, 33.74645], [-84.53827, 33.74647], [-84.53832, 33.74649], [-84.53841, 33.74655], [-84.53849, 33.74662], [-84.53858, 33.74671], [-84.53866, 33.7468], [-84.53874, 33.74688], [-84.5388, 33.74694], [-84.53886, 33.74699], [-84.53892, 33.74704], [-84.53901, 33.74713], [-84.53908, 33.74718], [-84.53919, 33.74723], [-84.53933, 33.7473], [-84.53941, 33.74733], [-84.53948, 33.74737], [-84.53957, 33.74741], [-84.53962, 33.74743], [-84.53974, 33.7475], [-84.53982, 33.74757], [-84.5399, 33.74764], [-84.54035, 33.74824], [-84.53959, 33.7489], [-84.53958, 33.74925], [-84.53809, 33.74922], [-84.538, 33.7493], [-84.53792, 33.74938], [-84.53784, 33.74945], [-84.53776, 33.74953], [-84.53768, 33.74961], [-84.5376, 33.74969], [-84.53751, 33.74977], [-84.53744, 33.74984], [-84.53735, 33.74992], [-84.53727, 33.75], [-84.53614, 33.75114], [-84.53606, 33.75119], [-84.53595, 33.75123], [-84.53587, 33.75124], [-84.53576, 33.75126], [-84.53565, 33.75127], [-84.53553, 33.75127], [-84.53521, 33.75126], [-84.53509, 33.75125], [-84.53496, 33.75125], [-84.53492, 33.75194], [-84.53493, 33.75306], [-84.53493, 33.75453], [-84.53501, 33.75721], [-84.53502, 33.75784], [-84.53381, 33.75782], [-84.52563, 33.75773], [-84.52489, 33.75772], [-84.52478, 33.76259], [-84.51752, 33.76251], [-84.51737, 33.76251], [-84.5153, 33.76248], [-84.51527, 33.76508], [-84.51526, 33.76574], [-84.51522, 33.76934], [-84.51517, 33.77242], [-84.51517, 33.77263], [-84.51519, 33.77416], [-84.51467, 33.77389], [-84.51462, 33.77394], [-84.51456, 33.77401], [-84.5145, 33.77407], [-84.51444, 33.77414], [-84.51438, 33.77421], [-84.51411, 33.77454], [-84.51404, 33.77463], [-84.51397, 33.77471], [-84.51391, 33.7748], [-84.51386, 33.77487], [-84.51379, 33.77496], [-84.51373, 33.77504], [-84.51369, 33.77511], [-84.51364, 33.7752], [-84.51357, 33.7753], [-84.51351, 33.77539], [-84.51346, 33.77548], [-84.51342, 33.77555], [-84.51339, 33.77561], [-84.51334, 33.77569], [-84.51305, 33.77624], [-84.51299, 33.77634], [-84.51295, 33.77642], [-84.5129, 33.77652], [-84.51284, 33.77661], [-84.51277, 33.77675], [-84.51271, 33.77684], [-84.51265, 33.77694], [-84.51261, 33.77702], [-84.51255, 33.77712], [-84.5125, 33.77721], [-84.51197, 33.77805], [-84.51179, 33.77798], [-84.51161, 33.7783], [-84.51158, 33.77836], [-84.51152, 33.77846], [-84.51145, 33.77858], [-84.5112, 33.77899], [-84.51116, 33.77906], [-84.51111, 33.77913], [-84.51105, 33.77922], [-84.511, 33.7793], [-84.51093, 33.7794], [-84.51087, 33.77949], [-84.51081, 33.77957], [-84.51076, 33.77965], [-84.5107, 33.77973], [-84.51064, 33.7798], [-84.51058, 33.77988], [-84.51052, 33.77996], [-84.51047, 33.78002], [-84.51041, 33.78009], [-84.51035, 33.78017], [-84.51029, 33.78024], [-84.51022, 33.78031], [-84.51016, 33.78039], [-84.51009, 33.78046], [-84.51003, 33.78053], [-84.50996, 33.7806], [-84.50991, 33.78066], [-84.50985, 33.78072], [-84.50977, 33.7808], [-84.50968, 33.78089], [-84.50961, 33.78096], [-84.50956, 33.78101], [-84.50952, 33.78106], [-84.50943, 33.78114], [-84.50933, 33.78123], [-84.50923, 33.78133], [-84.50918, 33.78137], [-84.50913, 33.78142], [-84.50904, 33.7815], [-84.5087, 33.78185], [-84.50806, 33.78251], [-84.50721, 33.78332], [-84.50736, 33.78336], [-84.50751, 33.78335], [-84.50761, 33.78335], [-84.50771, 33.78334], [-84.50781, 33.78334], [-84.50796, 33.78334], [-84.50806, 33.78333], [-84.50816, 33.78333], [-84.50821, 33.78333], [-84.50826, 33.78333], [-84.50836, 33.78333], [-84.50846, 33.78333], [-84.50861, 33.78333], [-84.50872, 33.78332], [-84.50886, 33.78332], [-84.5091, 33.78332], [-84.50925, 33.78332], [-84.50932, 33.78332], [-84.5094, 33.78332], [-84.50955, 33.78332], [-84.51088, 33.78334], [-84.51099, 33.78334], [-84.51177, 33.78336], [-84.51199, 33.78336], [-84.51251, 33.78336], [-84.51261, 33.78335], [-84.51272, 33.78334], [-84.51283, 33.78332], [-84.51294, 33.78331], [-84.51302, 33.78329], [-84.51323, 33.78324], [-84.51341, 33.7832], [-84.51402, 33.78296], [-84.51413, 33.78294], [-84.51424, 33.78293], [-84.51435, 33.78293], [-84.51449, 33.78296], [-84.51469, 33.78304], [-84.51479, 33.78308], [-84.51489, 33.78311], [-84.51497, 33.78313], [-84.51505, 33.78315], [-84.51513, 33.78317], [-84.51522, 33.78319], [-84.51521, 33.78402], [-84.5152, 33.78584], [-84.51594, 33.78594], [-84.5172, 33.78869], [-84.51739, 33.78911], [-84.51509, 33.79058], [-84.51501, 33.79063], [-84.51489, 33.79069], [-84.51481, 33.79074], [-84.5147, 33.7908], [-84.5146, 33.79085], [-84.51453, 33.79089], [-84.51449, 33.79092], [-84.51442, 33.79096], [-84.51436, 33.79099], [-84.51428, 33.79103], [-84.51416, 33.79109], [-84.51409, 33.79113], [-84.51403, 33.79118], [-84.51392, 33.79122], [-84.51385, 33.79126], [-84.51376, 33.79131], [-84.51369, 33.79135], [-84.51363, 33.79139], [-84.51349, 33.79147], [-84.5134, 33.79152], [-84.51327, 33.79159], [-84.51315, 33.79165], [-84.51306, 33.79171], [-84.51298, 33.79177], [-84.51283, 33.79183], [-84.5127, 33.7919], [-84.51262, 33.79196], [-84.51249, 33.79202], [-84.51239, 33.79207], [-84.51225, 33.79214], [-84.51216, 33.7922], [-84.51202, 33.79228], [-84.51195, 33.79232], [-84.51182, 33.79238], [-84.51171, 33.79245], [-84.51164, 33.79249], [-84.51153, 33.79256], [-84.5114, 33.79265], [-84.51131, 33.7927], [-84.51122, 33.79276], [-84.51113, 33.79281], [-84.51106, 33.79286], [-84.5109, 33.79297], [-84.5108, 33.79301], [-84.51072, 33.7931], [-84.51063, 33.79317], [-84.51051, 33.79324], [-84.51044, 33.79324], [-84.51039, 33.79327], [-84.51036, 33.79331], [-84.51013, 33.79347], [-84.51005, 33.79354], [-84.50989, 33.79363], [-84.5098, 33.79368], [-84.50967, 33.79375], [-84.50955, 33.79382], [-84.50949, 33.79391], [-84.5094, 33.79398], [-84.50936, 33.79402], [-84.50931, 33.79407], [-84.50924, 33.79411], [-84.50912, 33.79423], [-84.50898, 33.79436], [-84.50895, 33.79439], [-84.50888, 33.79445], [-84.50881, 33.79452], [-84.50874, 33.79459], [-84.50865, 33.79467], [-84.5086, 33.79471], [-84.50856, 33.79476], [-84.5085, 33.79482], [-84.50846, 33.7949], [-84.50831, 33.79498], [-84.50826, 33.79502], [-84.5082, 33.79507], [-84.50815, 33.79511], [-84.5081, 33.79512], [-84.50807, 33.7952], [-84.50798, 33.79523], [-84.5079, 33.79538], [-84.50784, 33.79544], [-84.50778, 33.79549], [-84.50691, 33.79508], [-84.50616, 33.79474], [-84.50562, 33.79456], [-84.50491, 33.7944], [-84.50461, 33.79439], [-84.50283, 33.7943], [-84.50209, 33.79421], [-84.50006, 33.79625], [-84.49879, 33.79504], [-84.49877, 33.79463], [-84.49904, 33.79452], [-84.4991, 33.79449], [-84.49924, 33.79442], [-84.49936, 33.79435], [-84.49944, 33.7943]]]}}, {"type": "Feature", "properties": {"npu": "I", "population": 20605, "acres": 6137.1, "sqmiles": 9.59}, "geometry": {"type": "Polygon", "coordinates": [[[-84.45404, 33.7507], [-84.45388, 33.75069], [-84.45321, 33.7507], [-84.45303, 33.75071], [-84.45254, 33.75078], [-84.45199, 33.75087], [-84.45153, 33.75097], [-84.45073, 33.75116], [-84.44899, 33.75149], [-84.44787, 33.75159], [-84.4464, 33.75146], [-84.4461, 33.75137], [-84.44543, 33.7512], [-84.44488, 33.75095], [-84.44475, 33.75089], [-84.44468, 33.75086], [-84.44427, 33.75067], [-84.44413, 33.75058], [-84.44334, 33.75005], [-84.44265, 33.74957], [-84.44218, 33.74921], [-84.44124, 33.74848], [-84.44022, 33.74799], [-84.44022, 33.7475], [-84.44026, 33.74581], [-84.44025, 33.74398], [-84.44667, 33.74399], [-84.44681, 33.73884], [-84.44679, 33.7387], [-84.44669, 33.73843], [-84.44687, 33.73733], [-84.44691, 33.73704], [-84.44698, 33.73664], [-84.44704, 33.7363], [-84.4472, 33.73539], [-84.44731, 33.73479], [-84.44735, 33.73454], [-84.4475, 33.7337], [-84.44813, 33.7337], [-84.44824, 33.73371], [-84.4484, 33.73371], [-84.44898, 33.73372], [-84.44911, 33.73372], [-84.44953, 33.73372], [-84.44989, 33.73369], [-84.44995, 33.73369], [-84.45054, 33.73362], [-84.45067, 33.73362], [-84.45074, 33.73361], [-84.45093, 33.73362], [-84.45099, 33.73362], [-84.45199, 33.73369], [-84.45255, 33.73378], [-84.45309, 33.73391], [-84.45326, 33.73395], [-84.45382, 33.73404], [-84.45389, 33.73402], [-84.45546, 33.73369], [-84.45624, 33.73349], [-84.45677, 33.73351], [-84.45702, 33.73352], [-84.45702, 33.73344], [-84.45707, 33.7311], [-84.457, 33.7269], [-84.46226, 33.72691], [-84.46355, 33.72691], [-84.46381, 33.727], [-84.46478, 33.72694], [-84.46631, 33.72697], [-84.46619, 33.72645], [-84.46571, 33.72461], [-84.46515, 33.72278], [-84.4642, 33.72257], [-84.46376, 33.7225], [-84.4635, 33.72245], [-84.4634, 33.72244], [-84.46404, 33.72218], [-84.46419, 33.72212], [-84.46431, 33.72208], [-84.46489, 33.72189], [-84.4657, 33.72157], [-84.46589, 33.72149], [-84.46648, 33.72128], [-84.46675, 33.72119], [-84.4669, 33.72113], [-84.46721, 33.72107], [-84.46788, 33.72092], [-84.46852, 33.72079], [-84.4692, 33.72064], [-84.46921, 33.71924], [-84.46921, 33.71902], [-84.46922, 33.71803], [-84.46922, 33.71765], [-84.46922, 33.71755], [-84.46923, 33.71719], [-84.4692, 33.71685], [-84.46916, 33.71665], [-84.46902, 33.7162], [-84.46896, 33.71604], [-84.4689, 33.71588], [-84.46886, 33.71578], [-84.46874, 33.71549], [-84.4687, 33.71524], [-84.46869, 33.71515], [-84.46867, 33.71496], [-84.46865, 33.7146], [-84.46864, 33.71441], [-84.46863, 33.71422], [-84.46859, 33.71351], [-84.46858, 33.71332], [-84.4686, 33.71319], [-84.46865, 33.71306], [-84.46873, 33.71296], [-84.46889, 33.71284], [-84.46942, 33.71241], [-84.46963, 33.71225], [-84.46974, 33.71216], [-84.46978, 33.71213], [-84.46991, 33.712], [-84.46997, 33.71194], [-84.47237, 33.71228], [-84.47238, 33.71215], [-84.47454, 33.7124], [-84.47456, 33.71244], [-84.47541, 33.71243], [-84.47596, 33.71242], [-84.47617, 33.71242], [-84.47679, 33.7124], [-84.47681, 33.71292], [-84.47945, 33.7129], [-84.47978, 33.71309], [-84.47978, 33.7132], [-84.47979, 33.71334], [-84.4799, 33.71342], [-84.47997, 33.7135], [-84.47992, 33.71356], [-84.47997, 33.71366], [-84.48006, 33.71378], [-84.48031, 33.71385], [-84.48061, 33.71387], [-84.4807, 33.71406], [-84.48079, 33.7142], [-84.48095, 33.71429], [-84.48125, 33.71438], [-84.48121, 33.71456], [-84.4812, 33.7149], [-84.48116, 33.71508], [-84.4812, 33.71526], [-84.48133, 33.71532], [-84.48167, 33.7155], [-84.48178, 33.71564], [-84.48188, 33.71572], [-84.48205, 33.71574], [-84.48218, 33.71577], [-84.48223, 33.71588], [-84.48233, 33.7161], [-84.48272, 33.71622], [-84.48304, 33.71642], [-84.48325, 33.71657], [-84.48342, 33.71661], [-84.48358, 33.71668], [-84.48362, 33.71705], [-84.48371, 33.71717], [-84.48383, 33.71733], [-84.48398, 33.7176], [-84.48426, 33.71767], [-84.48431, 33.71774], [-84.48449, 33.71774], [-84.48481, 33.71779], [-84.48501, 33.7177], [-84.4853, 33.71752], [-84.48544, 33.71719], [-84.48567, 33.71705], [-84.48557, 33.71666], [-84.48559, 33.71651], [-84.48579, 33.71633], [-84.48595, 33.71631], [-84.48616, 33.71626], [-84.48638, 33.71598], [-84.4867, 33.71572], [-84.48674, 33.71545], [-84.48706, 33.71516], [-84.48745, 33.71499], [-84.48773, 33.71495], [-84.48789, 33.71495], [-84.48808, 33.715], [-84.48826, 33.71488], [-84.48836, 33.71478], [-84.48846, 33.71455], [-84.48861, 33.71447], [-84.48878, 33.71449], [-84.48903, 33.71449], [-84.48917, 33.71439], [-84.48933, 33.71437], [-84.48944, 33.71437], [-84.48962, 33.71448], [-84.48978, 33.7146], [-84.49004, 33.71466], [-84.49022, 33.71493], [-84.49059, 33.71522], [-84.49087, 33.71552], [-84.49103, 33.71577], [-84.49143, 33.7161], [-84.49182, 33.71639], [-84.49236, 33.7166], [-84.49301, 33.71681], [-84.49373, 33.71679], [-84.49419, 33.71662], [-84.49468, 33.71658], [-84.49507, 33.71652], [-84.49535, 33.71615], [-84.49581, 33.71594], [-84.49608, 33.71576], [-84.49644, 33.71562], [-84.49671, 33.71561], [-84.49692, 33.71554], [-84.49717, 33.71555], [-84.49731, 33.71562], [-84.49739, 33.71584], [-84.49756, 33.71593], [-84.49775, 33.71604], [-84.49789, 33.71615], [-84.49792, 33.71629], [-84.49826, 33.71655], [-84.49831, 33.7167], [-84.4985, 33.71677], [-84.49884, 33.7168], [-84.49923, 33.71726], [-84.49942, 33.71732], [-84.50002, 33.71747], [-84.50099, 33.71772], [-84.5014, 33.71795], [-84.50164, 33.71824], [-84.50231, 33.71827], [-84.5025, 33.71907], [-84.502, 33.71909], [-84.50211, 33.72002], [-84.50214, 33.72033], [-84.50215, 33.72051], [-84.50214, 33.72081], [-84.50216, 33.72091], [-84.50216, 33.72097], [-84.50211, 33.72137], [-84.50198, 33.72227], [-84.502, 33.723], [-84.50131, 33.723], [-84.50108, 33.72301], [-84.50058, 33.72301], [-84.50048, 33.72299], [-84.50026, 33.72297], [-84.50016, 33.72295], [-84.50011, 33.72294], [-84.50005, 33.72293], [-84.49999, 33.72291], [-84.49991, 33.72288], [-84.49986, 33.72286], [-84.49977, 33.72283], [-84.4997, 33.72281], [-84.49965, 33.72279], [-84.49954, 33.72275], [-84.49948, 33.72273], [-84.49939, 33.7227], [-84.49932, 33.72268], [-84.49924, 33.72265], [-84.49914, 33.72261], [-84.49902, 33.72257], [-84.49896, 33.72255], [-84.49891, 33.72253], [-84.49884, 33.7225], [-84.4988, 33.72248], [-84.49874, 33.72246], [-84.49868, 33.72244], [-84.49861, 33.72241], [-84.49852, 33.72238], [-84.49846, 33.72235], [-84.49841, 33.72235], [-84.49761, 33.72204], [-84.49752, 33.72201], [-84.49743, 33.72198], [-84.49705, 33.72184], [-84.49662, 33.72168], [-84.49653, 33.72164], [-84.49642, 33.7216], [-84.49637, 33.72337], [-84.49636, 33.72496], [-84.49643, 33.72487], [-84.49648, 33.72485], [-84.49663, 33.7249], [-84.49674, 33.72487], [-84.49679, 33.72492], [-84.49684, 33.72491], [-84.49689, 33.72489], [-84.49696, 33.72492], [-84.49702, 33.72492], [-84.49706, 33.72489], [-84.49714, 33.72492], [-84.49721, 33.72494], [-84.49727, 33.72496], [-84.49732, 33.72493], [-84.49739, 33.72488], [-84.49745, 33.72487], [-84.49751, 33.7249], [-84.49756, 33.72489], [-84.49761, 33.7249], [-84.49768, 33.72493], [-84.49785, 33.7249], [-84.49793, 33.72492], [-84.49801, 33.72498], [-84.49818, 33.72506], [-84.49825, 33.72504], [-84.4984, 33.72499], [-84.4986, 33.72499], [-84.49931, 33.72499], [-84.49958, 33.72499], [-84.50058, 33.72499], [-84.50065, 33.72491], [-84.50071, 33.72483], [-84.50076, 33.72474], [-84.50081, 33.72465], [-84.50085, 33.72456], [-84.50089, 33.72447], [-84.50091, 33.72438], [-84.50093, 33.72428], [-84.50094, 33.72418], [-84.50094, 33.72409], [-84.50093, 33.72399], [-84.50092, 33.72389], [-84.5012, 33.72389], [-84.50099, 33.72404], [-84.50108, 33.72413], [-84.50121, 33.72426], [-84.50158, 33.72399], [-84.5017, 33.7239], [-84.5019, 33.7239], [-84.50199, 33.72454], [-84.50208, 33.72521], [-84.50209, 33.72532], [-84.50206, 33.72672], [-84.50205, 33.72713], [-84.50211, 33.72713], [-84.50208, 33.72756], [-84.50203, 33.72827], [-84.50192, 33.73002], [-84.50187, 33.73081], [-84.50182, 33.73155], [-84.50226, 33.73155], [-84.50171, 33.73452], [-84.50097, 33.73715], [-84.49934, 33.74265], [-84.49893, 33.74403], [-84.49839, 33.74587], [-84.49822, 33.74661], [-84.49806, 33.74704], [-84.49665, 33.75074], [-84.49658, 33.75093], [-84.49651, 33.75112], [-84.49619, 33.7519], [-84.49615, 33.752], [-84.4957, 33.75301], [-84.49559, 33.75328], [-84.49548, 33.75356], [-84.4948, 33.75527], [-84.49441, 33.75626], [-84.49438, 33.75632], [-84.49423, 33.75645], [-84.49358, 33.75799], [-84.49342, 33.75844], [-84.49306, 33.75953], [-84.4929, 33.76011], [-84.49276, 33.76109], [-84.49265, 33.76181], [-84.49265, 33.76257], [-84.49265, 33.7629], [-84.49273, 33.76356], [-84.49279, 33.76411], [-84.49287, 33.76466], [-84.49291, 33.76495], [-84.49318, 33.76581], [-84.4936, 33.76698], [-84.4941, 33.7679], [-84.49433, 33.76831], [-84.4947, 33.76894], [-84.49479, 33.76911], [-84.49495, 33.76941], [-84.49544, 33.77054], [-84.49584, 33.77177], [-84.49607, 33.77269], [-84.49619, 33.77374], [-84.49618, 33.77512], [-84.49617, 33.77695], [-84.49617, 33.77956], [-84.49611, 33.78145], [-84.49573, 33.78306], [-84.49554, 33.78344], [-84.49511, 33.78433], [-84.49441, 33.78522], [-84.49305, 33.78688], [-84.49265, 33.78664], [-84.49228, 33.78644], [-84.49204, 33.78631], [-84.49129, 33.78609], [-84.49066, 33.7859], [-84.49017, 33.78571], [-84.48988, 33.78557], [-84.48952, 33.78538], [-84.48929, 33.78523], [-84.489, 33.785], [-84.48867, 33.78474], [-84.48848, 33.78455], [-84.48841, 33.78449], [-84.48805, 33.78405], [-84.48737, 33.78328], [-84.48695, 33.78282], [-84.48685, 33.78272], [-84.48662, 33.7825], [-84.48637, 33.78232], [-84.48613, 33.78215], [-84.48592, 33.78206], [-84.48584, 33.78204], [-84.48556, 33.78195], [-84.4849, 33.7818], [-84.48337, 33.78151], [-84.48308, 33.78144], [-84.48275, 33.78135], [-84.48247, 33.78125], [-84.48217, 33.7811], [-84.48168, 33.78081], [-84.48042, 33.78006], [-84.47971, 33.77958], [-84.47938, 33.77934], [-84.47924, 33.77924], [-84.47903, 33.77911], [-84.47808, 33.77839], [-84.47774, 33.77814], [-84.47745, 33.77796], [-84.47739, 33.77793], [-84.47718, 33.77781], [-84.47692, 33.77769], [-84.47658, 33.77754], [-84.47602, 33.7773], [-84.47572, 33.77717], [-84.4743, 33.77657], [-84.47388, 33.77637], [-84.47375, 33.7763], [-84.47373, 33.77613], [-84.47366, 33.77476], [-84.47363, 33.77419], [-84.47361, 33.77388], [-84.4736, 33.77367], [-84.47351, 33.77224], [-84.4735, 33.77176], [-84.47349, 33.77159], [-84.47344, 33.77097], [-84.47342, 33.77088], [-84.47341, 33.77083], [-84.47336, 33.77073], [-84.47334, 33.77069], [-84.47326, 33.77055], [-84.47321, 33.77048], [-84.47312, 33.77037], [-84.47301, 33.77026], [-84.47267, 33.76991], [-84.47194, 33.76914], [-84.47174, 33.76892], [-84.4712, 33.76836], [-84.47095, 33.76808], [-84.47068, 33.76778], [-84.4706, 33.76769], [-84.47052, 33.76756], [-84.47037, 33.76727], [-84.47025, 33.76696], [-84.47016, 33.76671], [-84.47014, 33.76662], [-84.47011, 33.76643], [-84.47006, 33.7662], [-84.47005, 33.76613], [-84.47003, 33.76554], [-84.47002, 33.7652], [-84.47002, 33.7646], [-84.47003, 33.76381], [-84.47003, 33.76362], [-84.47002, 33.76352], [-84.47002, 33.76344], [-84.46999, 33.76319], [-84.46998, 33.76308], [-84.46975, 33.76162], [-84.46971, 33.76142], [-84.46958, 33.7606], [-84.46951, 33.76022], [-84.46937, 33.75955], [-84.46934, 33.75944], [-84.46932, 33.75937], [-84.46928, 33.75903], [-84.46924, 33.75881], [-84.46921, 33.75868], [-84.46918, 33.75851], [-84.46914, 33.7582], [-84.4691, 33.75783], [-84.46895, 33.75701], [-84.4689, 33.75698], [-84.46809, 33.75644], [-84.46731, 33.75577], [-84.4672, 33.75569], [-84.46613, 33.75482], [-84.46588, 33.75461], [-84.46492, 33.75397], [-84.46396, 33.75349], [-84.46305, 33.75317], [-84.46283, 33.75309], [-84.46004, 33.75225], [-84.45794, 33.75162], [-84.45648, 33.75118], [-84.45597, 33.75104], [-84.4553, 33.75089], [-84.45469, 33.75077], [-84.45442, 33.75073], [-84.45404, 33.7507]]]}}, {"type": "Feature", "properties": {"npu": "J", "population": 11132, "acres": 2840.2, "sqmiles": 4.44}, "geometry": {"type": "Polygon", "coordinates": [[[-84.45038, 33.78578], [-84.45038, 33.78546], [-84.4505, 33.78502], [-84.45045, 33.78397], [-84.45051, 33.78378], [-84.45074, 33.78376], [-84.4509, 33.78372], [-84.45101, 33.78357], [-84.45083, 33.78325], [-84.45035, 33.78304], [-84.45001, 33.78306], [-84.44875, 33.78348], [-84.44852, 33.78349], [-84.44738, 33.78364], [-84.44716, 33.78352], [-84.44679, 33.78343], [-84.44649, 33.78354], [-84.44624, 33.78369], [-84.44589, 33.78384], [-84.44562, 33.7839], [-84.44552, 33.78389], [-84.4454, 33.78375], [-84.44527, 33.78355], [-84.44514, 33.7835], [-84.44501, 33.7834], [-84.44495, 33.78318], [-84.44502, 33.78286], [-84.44489, 33.78213], [-84.44471, 33.78199], [-84.44446, 33.7818], [-84.44436, 33.78138], [-84.44441, 33.78099], [-84.44427, 33.78058], [-84.44396, 33.78035], [-84.44371, 33.78004], [-84.44331, 33.77973], [-84.44309, 33.77941], [-84.44303, 33.77921], [-84.44295, 33.77897], [-84.44291, 33.77848], [-84.44257, 33.77835], [-84.4421, 33.77817], [-84.4416, 33.77815], [-84.44105, 33.77843], [-84.43991, 33.77842], [-84.43989, 33.77973], [-84.43664, 33.77974], [-84.43677, 33.78516], [-84.43255, 33.78514], [-84.43231, 33.78514], [-84.43224, 33.78444], [-84.4321, 33.78387], [-84.43189, 33.78327], [-84.43167, 33.78277], [-84.43154, 33.78231], [-84.43123, 33.78186], [-84.431, 33.78154], [-84.43072, 33.78123], [-84.43033, 33.78081], [-84.42985, 33.78034], [-84.42959, 33.78006], [-84.42926, 33.77968], [-84.42882, 33.77918], [-84.42844, 33.77874], [-84.42771, 33.77787], [-84.42728, 33.77732], [-84.42723, 33.77725], [-84.42704, 33.77671], [-84.42681, 33.77598], [-84.42671, 33.77557], [-84.42667, 33.77535], [-84.42664, 33.77516], [-84.42655, 33.77469], [-84.42631, 33.77189], [-84.42636, 33.77187], [-84.42642, 33.77185], [-84.42656, 33.77181], [-84.42664, 33.77179], [-84.42678, 33.77179], [-84.42683, 33.77179], [-84.42773, 33.77183], [-84.42811, 33.77185], [-84.42912, 33.77189], [-84.42953, 33.77191], [-84.42968, 33.77191], [-84.42989, 33.77193], [-84.42998, 33.77193], [-84.43015, 33.77193], [-84.43036, 33.77192], [-84.43048, 33.77191], [-84.43072, 33.77188], [-84.43119, 33.77182], [-84.43132, 33.7718], [-84.43155, 33.77175], [-84.43193, 33.77167], [-84.43239, 33.77157], [-84.43263, 33.77153], [-84.43374, 33.77133], [-84.43393, 33.7713], [-84.43394, 33.77103], [-84.43397, 33.76987], [-84.43397, 33.76979], [-84.43397, 33.76953], [-84.43395, 33.76947], [-84.43392, 33.76941], [-84.43344, 33.76879], [-84.43313, 33.76838], [-84.43295, 33.76801], [-84.43293, 33.7679], [-84.43276, 33.76749], [-84.43272, 33.76737], [-84.43257, 33.76698], [-84.43255, 33.76692], [-84.43252, 33.76684], [-84.43251, 33.7668], [-84.43245, 33.76652], [-84.43237, 33.76614], [-84.43236, 33.7661], [-84.43233, 33.76605], [-84.4323, 33.76601], [-84.43229, 33.76584], [-84.43227, 33.7653], [-84.43227, 33.76517], [-84.43227, 33.76486], [-84.43228, 33.76469], [-84.43229, 33.76461], [-84.4323, 33.76457], [-84.43232, 33.76446], [-84.43234, 33.76439], [-84.43241, 33.76427], [-84.43249, 33.76417], [-84.4326, 33.76404], [-84.43266, 33.76398], [-84.43271, 33.76393], [-84.43275, 33.76388], [-84.43279, 33.76384], [-84.43286, 33.76374], [-84.43292, 33.76364], [-84.43297, 33.76355], [-84.43355, 33.76356], [-84.43377, 33.76356], [-84.43404, 33.76356], [-84.43448, 33.76356], [-84.43477, 33.76356], [-84.43562, 33.76356], [-84.4363, 33.76356], [-84.43648, 33.76356], [-84.43756, 33.76357], [-84.4377, 33.76357], [-84.43774, 33.76221], [-84.43778, 33.76067], [-84.43779, 33.76026], [-84.43782, 33.75877], [-84.43783, 33.75846], [-84.43785, 33.75758], [-84.43785, 33.75741], [-84.43787, 33.75663], [-84.43789, 33.75543], [-84.43791, 33.7552], [-84.4379, 33.75509], [-84.44224, 33.75437], [-84.44437, 33.75377], [-84.44442, 33.75345], [-84.44438, 33.7532], [-84.44429, 33.75277], [-84.44417, 33.75248], [-84.44415, 33.75243], [-84.44414, 33.75218], [-84.44414, 33.75103], [-84.44414, 33.75077], [-84.44413, 33.75058], [-84.44427, 33.75067], [-84.44468, 33.75086], [-84.44475, 33.75089], [-84.44488, 33.75095], [-84.44543, 33.7512], [-84.4461, 33.75137], [-84.4464, 33.75146], [-84.44787, 33.75159], [-84.44899, 33.75149], [-84.45073, 33.75116], [-84.45153, 33.75097], [-84.45199, 33.75087], [-84.45254, 33.75078], [-84.45303, 33.75071], [-84.45321, 33.7507], [-84.45388, 33.75069], [-84.45404, 33.7507], [-84.45442, 33.75073], [-84.45469, 33.75077], [-84.4553, 33.75089], [-84.45597, 33.75104], [-84.45648, 33.75118], [-84.45794, 33.75162], [-84.46004, 33.75225], [-84.46283, 33.75309], [-84.46305, 33.75317], [-84.46396, 33.75349], [-84.46492, 33.75397], [-84.46588, 33.75461], [-84.46613, 33.75482], [-84.4672, 33.75569], [-84.46731, 33.75577], [-84.46809, 33.75644], [-84.4689, 33.75698], [-84.46895, 33.75701], [-84.4691, 33.75783], [-84.46914, 33.7582], [-84.46918, 33.75851], [-84.46921, 33.75868], [-84.46924, 33.75881], [-84.46928, 33.75903], [-84.46932, 33.75937], [-84.46934, 33.75944], [-84.46937, 33.75955], [-84.46951, 33.76022], [-84.46958, 33.7606], [-84.46971, 33.76142], [-84.46975, 33.76162], [-84.46998, 33.76308], [-84.46999, 33.76319], [-84.47002, 33.76344], [-84.47002, 33.76352], [-84.47003, 33.76362], [-84.47003, 33.76381], [-84.47002, 33.7646], [-84.47002, 33.7652], [-84.47003, 33.76554], [-84.47005, 33.76613], [-84.47006, 33.7662], [-84.47011, 33.76643], [-84.47014, 33.76662], [-84.47016, 33.76671], [-84.47025, 33.76696], [-84.47037, 33.76727], [-84.47052, 33.76756], [-84.4706, 33.76769], [-84.47068, 33.76778], [-84.47095, 33.76808], [-84.4712, 33.76836], [-84.47174, 33.76892], [-84.47194, 33.76914], [-84.47267, 33.76991], [-84.47301, 33.77026], [-84.47312, 33.77037], [-84.47321, 33.77048], [-84.47326, 33.77055], [-84.47334, 33.77069], [-84.47336, 33.77073], [-84.47341, 33.77083], [-84.47342, 33.77088], [-84.47344, 33.77097], [-84.47349, 33.77159], [-84.4735, 33.77176], [-84.47351, 33.77224], [-84.4736, 33.77367], [-84.47361, 33.77388], [-84.47363, 33.77419], [-84.47366, 33.77476], [-84.47373, 33.77613], [-84.47375, 33.7763], [-84.4738, 33.77666], [-84.47387, 33.77695], [-84.47388, 33.77699], [-84.47394, 33.77715], [-84.47403, 33.77733], [-84.47423, 33.77765], [-84.47421, 33.7778], [-84.47419, 33.77805], [-84.47428, 33.77834], [-84.47434, 33.77845], [-84.47451, 33.77867], [-84.47479, 33.77898], [-84.47501, 33.77939], [-84.47513, 33.77977], [-84.47516, 33.77996], [-84.47152, 33.77994], [-84.46869, 33.78], [-84.46845, 33.77999], [-84.46589, 33.77993], [-84.46502, 33.7799], [-84.46401, 33.77991], [-84.46386, 33.7799], [-84.46318, 33.77989], [-84.46251, 33.77988], [-84.46233, 33.77988], [-84.46224, 33.77988], [-84.46216, 33.77989], [-84.46201, 33.77989], [-84.45867, 33.77987], [-84.45779, 33.77984], [-84.45653, 33.77984], [-84.45653, 33.77994], [-84.45654, 33.78192], [-84.45716, 33.78217], [-84.45814, 33.78256], [-84.458, 33.78263], [-84.45737, 33.78292], [-84.4573, 33.78296], [-84.45709, 33.78312], [-84.45701, 33.78319], [-84.45702, 33.78324], [-84.45703, 33.78328], [-84.45697, 33.78385], [-84.45692, 33.78409], [-84.45657, 33.78571], [-84.45648, 33.78599], [-84.4558, 33.78598], [-84.45513, 33.78598], [-84.45502, 33.78597], [-84.45383, 33.78557], [-84.45263, 33.78718], [-84.45174, 33.78687], [-84.45074, 33.78664], [-84.45065, 33.78612], [-84.45038, 33.78578]]]}}, {"type": "Feature", "properties": {"npu": "K", "population": 10998, "acres": 1528.3, "sqmiles": 2.39}, "geometry": {"type": "Polygon", "coordinates": [[[-84.41737, 33.77219], [-84.41738, 33.77171], [-84.41738, 33.77138], [-84.41736, 33.77051], [-84.41738, 33.77024], [-84.4174, 33.77004], [-84.41741, 33.76892], [-84.41742, 33.76808], [-84.41742, 33.7671], [-84.41743, 33.76672], [-84.41743, 33.76647], [-84.41743, 33.76641], [-84.41744, 33.7662], [-84.41747, 33.76524], [-84.41745, 33.76497], [-84.41745, 33.76439], [-84.41745, 33.76428], [-84.41746, 33.76347], [-84.41747, 33.76295], [-84.41748, 33.76261], [-84.41748, 33.76224], [-84.41749, 33.76188], [-84.4175, 33.76071], [-84.4175, 33.76042], [-84.41751, 33.75977], [-84.41752, 33.75907], [-84.41752, 33.7588], [-84.41753, 33.75817], [-84.41754, 33.75778], [-84.41754, 33.75743], [-84.41754, 33.75662], [-84.41754, 33.75626], [-84.41754, 33.75609], [-84.41755, 33.75557], [-84.41755, 33.75472], [-84.41801, 33.75472], [-84.4186, 33.75473], [-84.41867, 33.75473], [-84.41986, 33.75475], [-84.41993, 33.75475], [-84.4204, 33.75475], [-84.42121, 33.75479], [-84.42132, 33.75479], [-84.42197, 33.75481], [-84.4222, 33.75481], [-84.42267, 33.75476], [-84.42274, 33.75475], [-84.42281, 33.75475], [-84.42327, 33.75464], [-84.42374, 33.75448], [-84.42389, 33.75441], [-84.42405, 33.75433], [-84.42444, 33.75415], [-84.42486, 33.75395], [-84.42537, 33.7537], [-84.42545, 33.75367], [-84.42573, 33.75359], [-84.42583, 33.75356], [-84.42634, 33.75171], [-84.42652, 33.75123], [-84.42674, 33.75072], [-84.42693, 33.75037], [-84.42717, 33.75007], [-84.42755, 33.74959], [-84.42782, 33.74928], [-84.42839, 33.74878], [-84.43084, 33.7466], [-84.43116, 33.74671], [-84.43263, 33.74693], [-84.43357, 33.74695], [-84.43471, 33.74693], [-84.43508, 33.74692], [-84.43593, 33.74694], [-84.43626, 33.74693], [-84.43697, 33.74703], [-84.43787, 33.74715], [-84.43839, 33.74728], [-84.43888, 33.74748], [-84.43963, 33.74772], [-84.43968, 33.74774], [-84.44003, 33.7479], [-84.44022, 33.74799], [-84.44124, 33.74848], [-84.44218, 33.74921], [-84.44265, 33.74957], [-84.44334, 33.75005], [-84.44413, 33.75058], [-84.44414, 33.75077], [-84.44414, 33.75103], [-84.44414, 33.75218], [-84.44415, 33.75243], [-84.44417, 33.75248], [-84.44429, 33.75277], [-84.44438, 33.7532], [-84.44442, 33.75345], [-84.44437, 33.75377], [-84.44224, 33.75437], [-84.4379, 33.75509], [-84.43791, 33.7552], [-84.43789, 33.75543], [-84.43787, 33.75663], [-84.43785, 33.75741], [-84.43785, 33.75758], [-84.43783, 33.75846], [-84.43782, 33.75877], [-84.43779, 33.76026], [-84.43778, 33.76067], [-84.43774, 33.76221], [-84.4377, 33.76357], [-84.43756, 33.76357], [-84.43648, 33.76356], [-84.4363, 33.76356], [-84.43562, 33.76356], [-84.43477, 33.76356], [-84.43448, 33.76356], [-84.43404, 33.76356], [-84.43377, 33.76356], [-84.43355, 33.76356], [-84.43297, 33.76355], [-84.43292, 33.76364], [-84.43286, 33.76374], [-84.43279, 33.76384], [-84.43275, 33.76388], [-84.43271, 33.76393], [-84.43266, 33.76398], [-84.4326, 33.76404], [-84.43249, 33.76417], [-84.43241, 33.76427], [-84.43234, 33.76439], [-84.43232, 33.76446], [-84.4323, 33.76457], [-84.43229, 33.76461], [-84.43228, 33.76469], [-84.43227, 33.76486], [-84.43227, 33.76517], [-84.43227, 33.7653], [-84.43229, 33.76584], [-84.4323, 33.76601], [-84.43233, 33.76605], [-84.43236, 33.7661], [-84.43237, 33.76614], [-84.43245, 33.76652], [-84.43251, 33.7668], [-84.43252, 33.76684], [-84.43255, 33.76692], [-84.43257, 33.76698], [-84.43272, 33.76737], [-84.43276, 33.76749], [-84.43293, 33.7679], [-84.43295, 33.76801], [-84.43313, 33.76838], [-84.43344, 33.76879], [-84.43392, 33.76941], [-84.43395, 33.76947], [-84.43397, 33.76953], [-84.43397, 33.76979], [-84.43397, 33.76987], [-84.43394, 33.77103], [-84.43393, 33.7713], [-84.43374, 33.77133], [-84.43263, 33.77153], [-84.43239, 33.77157], [-84.43193, 33.77167], [-84.43155, 33.77175], [-84.43132, 33.7718], [-84.43119, 33.77182], [-84.43072, 33.77188], [-84.43048, 33.77191], [-84.43036, 33.77192], [-84.43015, 33.77193], [-84.42998, 33.77193], [-84.42989, 33.77193], [-84.42968, 33.77191], [-84.42953, 33.77191], [-84.42912, 33.77189], [-84.42811, 33.77185], [-84.42773, 33.77183], [-84.42683, 33.77179], [-84.42678, 33.77179], [-84.42664, 33.77179], [-84.42656, 33.77181], [-84.42642, 33.77185], [-84.42636, 33.77187], [-84.42631, 33.77189], [-84.42655, 33.77469], [-84.42664, 33.77516], [-84.42667, 33.77535], [-84.42671, 33.77557], [-84.42681, 33.77598], [-84.42704, 33.77671], [-84.42723, 33.77725], [-84.42728, 33.77732], [-84.42771, 33.77787], [-84.42844, 33.77874], [-84.42882, 33.77918], [-84.42926, 33.77968], [-84.42959, 33.78006], [-84.42985, 33.78034], [-84.43033, 33.78081], [-84.43072, 33.78123], [-84.431, 33.78154], [-84.43123, 33.78186], [-84.43154, 33.78231], [-84.43167, 33.78277], [-84.43189, 33.78327], [-84.4321, 33.78387], [-84.43224, 33.78444], [-84.43231, 33.78514], [-84.43273, 33.78767], [-84.43183, 33.78742], [-84.43102, 33.78726], [-84.43032, 33.78717], [-84.4288, 33.78707], [-84.42833, 33.78703], [-84.4277, 33.78697], [-84.42678, 33.78686], [-84.42416, 33.78657], [-84.42222, 33.78613], [-84.41899, 33.78527], [-84.41867, 33.78501], [-84.41802, 33.78457], [-84.41731, 33.78391], [-84.41731, 33.78302], [-84.41731, 33.78246], [-84.41731, 33.78116], [-84.41732, 33.78027], [-84.41732, 33.78001], [-84.41732, 33.77965], [-84.41733, 33.7775], [-84.41734, 33.7768], [-84.41734, 33.7762], [-84.41735, 33.77597], [-84.41735, 33.7756], [-84.41735, 33.77514], [-84.41735, 33.77464], [-84.41735, 33.77412], [-84.41735, 33.77391], [-84.41736, 33.77303], [-84.41737, 33.77219]]]}}, {"type": "Feature", "properties": {"npu": "L", "population": 7359, "acres": 846.2, "sqmiles": 1.32}, "geometry": {"type": "Polygon", "coordinates": [[[-84.41587, 33.78257], [-84.41332, 33.7802], [-84.41307, 33.77996], [-84.41092, 33.77789], [-84.40956, 33.77659], [-84.40901, 33.77588], [-84.40849, 33.77507], [-84.40842, 33.77477], [-84.40828, 33.77455], [-84.4081, 33.77422], [-84.40691, 33.77287], [-84.40591, 33.77224], [-84.40506, 33.77192], [-84.40427, 33.77177], [-84.40333, 33.77172], [-84.40223, 33.77157], [-84.40115, 33.77122], [-84.40044, 33.77081], [-84.40025, 33.77068], [-84.40117, 33.77029], [-84.40165, 33.77016], [-84.40165, 33.76995], [-84.40167, 33.76818], [-84.40169, 33.76672], [-84.40169, 33.7664], [-84.40169, 33.766], [-84.40169, 33.7659], [-84.40168, 33.76545], [-84.40167, 33.76489], [-84.40225, 33.76491], [-84.40277, 33.76491], [-84.40362, 33.76491], [-84.40392, 33.76491], [-84.40371, 33.76467], [-84.40363, 33.76457], [-84.4034, 33.76425], [-84.40335, 33.76414], [-84.40315, 33.76389], [-84.40292, 33.76343], [-84.40283, 33.76325], [-84.40283, 33.76321], [-84.40272, 33.76235], [-84.40272, 33.76217], [-84.40271, 33.76207], [-84.40271, 33.76116], [-84.40271, 33.76096], [-84.40271, 33.76084], [-84.40271, 33.76074], [-84.40272, 33.76003], [-84.40274, 33.75922], [-84.40275, 33.75889], [-84.40276, 33.75816], [-84.40276, 33.75806], [-84.40277, 33.75741], [-84.40277, 33.75687], [-84.40279, 33.75657], [-84.40278, 33.75632], [-84.40279, 33.75464], [-84.40418, 33.75469], [-84.40488, 33.75468], [-84.40547, 33.75468], [-84.40652, 33.75469], [-84.40671, 33.75469], [-84.40738, 33.7547], [-84.40758, 33.7547], [-84.40765, 33.7547], [-84.40786, 33.7547], [-84.40947, 33.7547], [-84.41008, 33.75468], [-84.41179, 33.75469], [-84.41277, 33.75469], [-84.41345, 33.75469], [-84.41355, 33.75469], [-84.41373, 33.75469], [-84.41391, 33.75469], [-84.41423, 33.7547], [-84.41431, 33.7547], [-84.41438, 33.7547], [-84.41447, 33.7547], [-84.41453, 33.7547], [-84.41468, 33.75471], [-84.41508, 33.75471], [-84.41514, 33.75471], [-84.41755, 33.75472], [-84.41755, 33.75557], [-84.41754, 33.75609], [-84.41754, 33.75626], [-84.41754, 33.75662], [-84.41754, 33.75743], [-84.41754, 33.75778], [-84.41753, 33.75817], [-84.41752, 33.7588], [-84.41752, 33.75907], [-84.41751, 33.75977], [-84.4175, 33.76042], [-84.4175, 33.76071], [-84.41749, 33.76188], [-84.41748, 33.76224], [-84.41748, 33.76261], [-84.41747, 33.76295], [-84.41746, 33.76347], [-84.41745, 33.76428], [-84.41745, 33.76439], [-84.41745, 33.76497], [-84.41747, 33.76524], [-84.41744, 33.7662], [-84.41743, 33.76641], [-84.41743, 33.76647], [-84.41743, 33.76672], [-84.41742, 33.7671], [-84.41742, 33.76808], [-84.41741, 33.76892], [-84.4174, 33.77004], [-84.41738, 33.77024], [-84.41736, 33.77051], [-84.41738, 33.77138], [-84.41738, 33.77171], [-84.41737, 33.77219], [-84.41736, 33.77303], [-84.41735, 33.77391], [-84.41735, 33.77412], [-84.41735, 33.77464], [-84.41735, 33.77514], [-84.41735, 33.7756], [-84.41735, 33.77597], [-84.41734, 33.7762], [-84.41734, 33.7768], [-84.41733, 33.7775], [-84.41732, 33.77965], [-84.41732, 33.78001], [-84.41732, 33.78027], [-84.41731, 33.78116], [-84.41731, 33.78246], [-84.41731, 33.78302], [-84.41731, 33.78391], [-84.41648, 33.78314], [-84.41587, 33.78257]]]}}, {"type": "Feature", "properties": {"npu": "M", "population": 39261, "acres": 2421.9, "sqmiles": 3.78}, "geometry": {"type": "Polygon", "coordinates": [[[-84.36988, 33.77385], [-84.36976, 33.77384], [-84.36956, 33.77385], [-84.36932, 33.77378], [-84.36914, 33.77375], [-84.36843, 33.77363], [-84.36766, 33.77351], [-84.3675, 33.77349], [-84.36708, 33.77346], [-84.36693, 33.77345], [-84.36686, 33.77345], [-84.36616, 33.77341], [-84.36579, 33.77339], [-84.36558, 33.77338], [-84.36515, 33.77333], [-84.36498, 33.77332], [-84.36484, 33.77335], [-84.36474, 33.77334], [-84.36458, 33.77334], [-84.36449, 33.77287], [-84.36422, 33.77185], [-84.36387, 33.77097], [-84.36322, 33.76989], [-84.36262, 33.76915], [-84.36187, 33.76842], [-84.36056, 33.76706], [-84.36022, 33.76662], [-84.35995, 33.7661], [-84.35979, 33.76572], [-84.35969, 33.76528], [-84.35962, 33.76485], [-84.35965, 33.76439], [-84.35973, 33.76392], [-84.35986, 33.76351], [-84.35998, 33.76326], [-84.36021, 33.7628], [-84.36038, 33.76262], [-84.36145, 33.76149], [-84.36249, 33.76085], [-84.36318, 33.76036], [-84.3636, 33.76], [-84.36398, 33.75957], [-84.3643, 33.75912], [-84.36457, 33.75866], [-84.36478, 33.75821], [-84.36482, 33.75805], [-84.36489, 33.75776], [-84.36535, 33.75556], [-84.36543, 33.75509], [-84.36556, 33.75449], [-84.36563, 33.75431], [-84.36573, 33.75403], [-84.36597, 33.75361], [-84.36633, 33.75324], [-84.36669, 33.7529], [-84.36711, 33.75262], [-84.36843, 33.7521], [-84.37063, 33.75142], [-84.37098, 33.75131], [-84.37657, 33.74934], [-84.37807, 33.749], [-84.37861, 33.7489], [-84.37927, 33.74882], [-84.38017, 33.74877], [-84.38106, 33.74877], [-84.38325, 33.74912], [-84.38356, 33.74898], [-84.38518, 33.74827], [-84.38689, 33.74745], [-84.38772, 33.74682], [-84.38869, 33.74608], [-84.39009, 33.74491], [-84.39047, 33.74501], [-84.39095, 33.74515], [-84.39164, 33.74522], [-84.39187, 33.74524], [-84.39225, 33.74528], [-84.39334, 33.74531], [-84.39369, 33.74532], [-84.3942, 33.74533], [-84.39445, 33.74535], [-84.39552, 33.74542], [-84.39559, 33.74542], [-84.39714, 33.74522], [-84.39752, 33.74517], [-84.39804, 33.74504], [-84.39933, 33.74472], [-84.39997, 33.74442], [-84.40079, 33.74402], [-84.40135, 33.74376], [-84.40214, 33.74337], [-84.40266, 33.74313], [-84.40357, 33.74269], [-84.4038, 33.74318], [-84.40401, 33.74356], [-84.40436, 33.74419], [-84.40463, 33.74463], [-84.40474, 33.74473], [-84.40547, 33.74543], [-84.40595, 33.7458], [-84.40634, 33.74609], [-84.40656, 33.74626], [-84.40619, 33.74666], [-84.40581, 33.74707], [-84.40578, 33.74711], [-84.40561, 33.74735], [-84.40515, 33.748], [-84.40453, 33.74889], [-84.40421, 33.74934], [-84.4039, 33.74981], [-84.40363, 33.75023], [-84.4033, 33.75074], [-84.40313, 33.751], [-84.40293, 33.7513], [-84.40288, 33.75166], [-84.40281, 33.75223], [-84.4028, 33.75286], [-84.40279, 33.75325], [-84.4028, 33.75386], [-84.4028, 33.75439], [-84.4028, 33.75454], [-84.40279, 33.75464], [-84.40278, 33.75632], [-84.40279, 33.75657], [-84.40277, 33.75687], [-84.40277, 33.75741], [-84.40276, 33.75806], [-84.40276, 33.75816], [-84.40275, 33.75889], [-84.40274, 33.75922], [-84.40272, 33.76003], [-84.40271, 33.76074], [-84.40271, 33.76084], [-84.40271, 33.76096], [-84.40271, 33.76116], [-84.40271, 33.76207], [-84.40272, 33.76217], [-84.40272, 33.76235], [-84.40283, 33.76321], [-84.40283, 33.76325], [-84.40292, 33.76343], [-84.40315, 33.76389], [-84.40335, 33.76414], [-84.4034, 33.76425], [-84.40363, 33.76457], [-84.40371, 33.76467], [-84.40392, 33.76491], [-84.40362, 33.76491], [-84.40277, 33.76491], [-84.40225, 33.76491], [-84.40167, 33.76489], [-84.40168, 33.76545], [-84.40169, 33.7659], [-84.40169, 33.766], [-84.40169, 33.7664], [-84.40169, 33.76672], [-84.40167, 33.76818], [-84.40165, 33.76995], [-84.40165, 33.77016], [-84.40117, 33.77029], [-84.40025, 33.77068], [-84.4001, 33.77076], [-84.39948, 33.77102], [-84.39919, 33.77115], [-84.39907, 33.77119], [-84.39901, 33.77123], [-84.39857, 33.77131], [-84.39849, 33.77133], [-84.39805, 33.77137], [-84.39683, 33.77137], [-84.39672, 33.77137], [-84.39636, 33.77135], [-84.39622, 33.77135], [-84.39616, 33.77135], [-84.396, 33.77134], [-84.39566, 33.77133], [-84.39552, 33.77133], [-84.39509, 33.77133], [-84.3949, 33.77132], [-84.39466, 33.77132], [-84.39452, 33.77132], [-84.39374, 33.77132], [-84.3934, 33.77131], [-84.39317, 33.7713], [-84.3929, 33.77128], [-84.39273, 33.77128], [-84.39206, 33.77129], [-84.39104, 33.77129], [-84.39094, 33.77129], [-84.39085, 33.77129], [-84.39069, 33.77129], [-84.39055, 33.77129], [-84.39045, 33.77129], [-84.39006, 33.77128], [-84.38945, 33.77127], [-84.38885, 33.77126], [-84.38768, 33.77123], [-84.38741, 33.77128], [-84.3873, 33.7713], [-84.38677, 33.7713], [-84.38585, 33.77132], [-84.38576, 33.7713], [-84.38499, 33.77128], [-84.3848, 33.77128], [-84.38377, 33.77129], [-84.38345, 33.77129], [-84.38325, 33.77129], [-84.38306, 33.77129], [-84.38189, 33.77128], [-84.38049, 33.77127], [-84.38038, 33.77127], [-84.37916, 33.77127], [-84.37777, 33.77125], [-84.37772, 33.77256], [-84.37732, 33.77255], [-84.3768, 33.77248], [-84.37657, 33.77243], [-84.37607, 33.77234], [-84.37586, 33.77231], [-84.37568, 33.77231], [-84.37535, 33.77235], [-84.37524, 33.77238], [-84.37507, 33.77242], [-84.37476, 33.77252], [-84.37419, 33.77271], [-84.37346, 33.77295], [-84.37337, 33.77298], [-84.3728, 33.77315], [-84.37241, 33.77327], [-84.37166, 33.77347], [-84.37116, 33.77361], [-84.37091, 33.77367], [-84.37037, 33.77382], [-84.37022, 33.77383], [-84.3701, 33.77386], [-84.36988, 33.77385]]]}}, {"type": "Feature", "properties": {"npu": "N", "population": 23908, "acres": 2204.4, "sqmiles": 3.44}, "geometry": {"type": "Polygon", "coordinates": [[[-84.33869, 33.77927], [-84.33769, 33.7785], [-84.33745, 33.77872], [-84.33828, 33.77927], [-84.33782, 33.77927], [-84.33716, 33.77927], [-84.33684, 33.77927], [-84.33651, 33.77927], [-84.3357, 33.77927], [-84.33517, 33.77927], [-84.33293, 33.77927], [-84.33316, 33.77883], [-84.3322, 33.77824], [-84.33184, 33.77925], [-84.33007, 33.77924], [-84.33003, 33.77489], [-84.33001, 33.77351], [-84.33001, 33.77229], [-84.33045, 33.77269], [-84.33138, 33.77168], [-84.33069, 33.77164], [-84.33021, 33.77164], [-84.32883, 33.77165], [-84.32885, 33.77159], [-84.32903, 33.77105], [-84.32905, 33.771], [-84.32903, 33.77055], [-84.32861, 33.77057], [-84.32841, 33.77153], [-84.32843, 33.76888], [-84.32844, 33.76785], [-84.32831, 33.76788], [-84.3268, 33.76788], [-84.32679, 33.76919], [-84.32678, 33.76968], [-84.32504, 33.76964], [-84.32485, 33.76964], [-84.32297, 33.76963], [-84.32297, 33.7691], [-84.32296, 33.76778], [-84.32102, 33.76778], [-84.32102, 33.76757], [-84.31979, 33.76756], [-84.31956, 33.76711], [-84.31906, 33.76613], [-84.31704, 33.76613], [-84.31701, 33.76507], [-84.3162, 33.76506], [-84.31658, 33.76483], [-84.31642, 33.76463], [-84.31682, 33.76444], [-84.32258, 33.76104], [-84.32292, 33.76086], [-84.32327, 33.7607], [-84.32363, 33.76055], [-84.32401, 33.76042], [-84.32439, 33.7603], [-84.32479, 33.7602], [-84.3252, 33.76011], [-84.32561, 33.76004], [-84.32603, 33.75999], [-84.32645, 33.75996], [-84.32688, 33.75995], [-84.3273, 33.75995], [-84.32773, 33.75997], [-84.32815, 33.76008], [-84.32862, 33.76016], [-84.32911, 33.76033], [-84.32999, 33.76067], [-84.3311, 33.76115], [-84.33279, 33.76181], [-84.33439, 33.76222], [-84.33588, 33.76232], [-84.33708, 33.76224], [-84.33808, 33.76208], [-84.33873, 33.76202], [-84.33888, 33.762], [-84.33939, 33.76194], [-84.34001, 33.76182], [-84.34114, 33.7617], [-84.34285, 33.76138], [-84.34549, 33.76088], [-84.34734, 33.76049], [-84.34884, 33.76004], [-84.34915, 33.75994], [-84.34917, 33.75987], [-84.34918, 33.75915], [-84.3492, 33.75846], [-84.34917, 33.7583], [-84.34917, 33.75821], [-84.34917, 33.75753], [-84.34918, 33.75622], [-84.34918, 33.75542], [-84.34918, 33.75506], [-84.34921, 33.75355], [-84.34921, 33.75308], [-84.34922, 33.75241], [-84.34923, 33.75233], [-84.34922, 33.75108], [-84.34922, 33.75017], [-84.34921, 33.74934], [-84.34921, 33.74822], [-84.34921, 33.74807], [-84.34921, 33.74789], [-84.34921, 33.74778], [-84.34921, 33.74762], [-84.34921, 33.74711], [-84.34921, 33.74701], [-84.34921, 33.74666], [-84.34921, 33.7465], [-84.34922, 33.74622], [-84.34922, 33.74606], [-84.34922, 33.74551], [-84.34974, 33.74546], [-84.3512, 33.7452], [-84.35182, 33.74508], [-84.35187, 33.74507], [-84.3528, 33.74485], [-84.3544, 33.7444], [-84.35494, 33.74425], [-84.35567, 33.74408], [-84.35674, 33.74384], [-84.35831, 33.7436], [-84.35884, 33.74348], [-84.36232, 33.74338], [-84.36234, 33.74413], [-84.3623, 33.74667], [-84.36309, 33.74668], [-84.36376, 33.74669], [-84.36401, 33.74669], [-84.36468, 33.74669], [-84.36504, 33.7467], [-84.36522, 33.7467], [-84.36571, 33.74671], [-84.36612, 33.74671], [-84.36628, 33.74671], [-84.36668, 33.74672], [-84.36676, 33.74672], [-84.36742, 33.74672], [-84.36812, 33.74674], [-84.3681, 33.74798], [-84.36862, 33.74835], [-84.36878, 33.74849], [-84.36925, 33.74889], [-84.36951, 33.74915], [-84.36963, 33.74927], [-84.37017, 33.74985], [-84.37064, 33.75063], [-84.37072, 33.75081], [-84.37086, 33.75109], [-84.37098, 33.75131], [-84.37063, 33.75142], [-84.36843, 33.7521], [-84.36711, 33.75262], [-84.36669, 33.7529], [-84.36633, 33.75324], [-84.36597, 33.75361], [-84.36573, 33.75403], [-84.36563, 33.75431], [-84.36556, 33.75449], [-84.36543, 33.75509], [-84.36535, 33.75556], [-84.36489, 33.75776], [-84.36482, 33.75805], [-84.36478, 33.75821], [-84.36457, 33.75866], [-84.3643, 33.75912], [-84.36398, 33.75957], [-84.3636, 33.76], [-84.36318, 33.76036], [-84.36249, 33.76085], [-84.36145, 33.76149], [-84.36038, 33.76262], [-84.36021, 33.7628], [-84.35998, 33.76326], [-84.35986, 33.76351], [-84.35973, 33.76392], [-84.35965, 33.76439], [-84.35962, 33.76485], [-84.35969, 33.76528], [-84.35979, 33.76572], [-84.35995, 33.7661], [-84.36022, 33.76662], [-84.36056, 33.76706], [-84.36187, 33.76842], [-84.36262, 33.76915], [-84.36322, 33.76989], [-84.36387, 33.77097], [-84.36422, 33.77185], [-84.36449, 33.77287], [-84.36458, 33.77334], [-84.3641, 33.77349], [-84.36387, 33.77355], [-84.36374, 33.77358], [-84.36322, 33.77374], [-84.36314, 33.77376], [-84.36296, 33.77381], [-84.36236, 33.7738], [-84.36099, 33.77381], [-84.36025, 33.77382], [-84.35873, 33.77381], [-84.35823, 33.77382], [-84.35807, 33.77382], [-84.35747, 33.77382], [-84.35733, 33.77382], [-84.35623, 33.77382], [-84.35616, 33.77382], [-84.3556, 33.77382], [-84.35477, 33.77383], [-84.35435, 33.77383], [-84.35412, 33.77383], [-84.3535, 33.77383], [-84.35289, 33.77383], [-84.35262, 33.77383], [-84.35251, 33.77383], [-84.35241, 33.77383], [-84.35164, 33.77384], [-84.35075, 33.77384], [-84.34984, 33.77384], [-84.34916, 33.77384], [-84.34897, 33.77384], [-84.34898, 33.77393], [-84.34898, 33.77445], [-84.34898, 33.77473], [-84.34897, 33.775], [-84.34892, 33.77513], [-84.34882, 33.77529], [-84.34874, 33.77538], [-84.348, 33.77631], [-84.34737, 33.77709], [-84.34729, 33.77718], [-84.3468, 33.7777], [-84.34627, 33.77819], [-84.34577, 33.77863], [-84.34562, 33.77877], [-84.34544, 33.77895], [-84.34512, 33.77927], [-84.34519, 33.77933], [-84.3451, 33.77933], [-84.34419, 33.77932], [-84.34037, 33.77929], [-84.33927, 33.77928], [-84.33869, 33.77927]]]}}, {"type": "Feature", "properties": {"npu": "O", "population": 18592, "acres": 2489.0, "sqmiles": 3.89}, "geometry": {"type": "Polygon", "coordinates": [[[-84.31241, 33.76487], [-84.31237, 33.76372], [-84.31241, 33.76364], [-84.31243, 33.7611], [-84.31245, 33.75686], [-84.31246, 33.75535], [-84.31255, 33.75528], [-84.31048, 33.75527], [-84.31043, 33.75502], [-84.31038, 33.75491], [-84.31031, 33.75474], [-84.31025, 33.75464], [-84.31016, 33.75449], [-84.31011, 33.75443], [-84.30989, 33.75417], [-84.31053, 33.75366], [-84.31059, 33.75361], [-84.31068, 33.75354], [-84.31085, 33.7534], [-84.31127, 33.75306], [-84.31139, 33.75295], [-84.31158, 33.75277], [-84.31163, 33.75271], [-84.31252, 33.75175], [-84.31123, 33.75177], [-84.31119, 33.75235], [-84.30972, 33.75235], [-84.30852, 33.75235], [-84.30818, 33.75235], [-84.30664, 33.75235], [-84.3052, 33.75236], [-84.30465, 33.75236], [-84.30459, 33.75248], [-84.30406, 33.75355], [-84.30246, 33.75356], [-84.30248, 33.75478], [-84.30135, 33.75469], [-84.3003, 33.75459], [-84.29874, 33.75445], [-84.29813, 33.75439], [-84.29751, 33.75433], [-84.29727, 33.75433], [-84.29715, 33.7543], [-84.29701, 33.75428], [-84.29676, 33.75417], [-84.29659, 33.75406], [-84.29653, 33.754], [-84.29639, 33.75388], [-84.29623, 33.75377], [-84.29611, 33.75371], [-84.29599, 33.75364], [-84.29588, 33.7536], [-84.29576, 33.7536], [-84.29566, 33.75359], [-84.29559, 33.75359], [-84.29438, 33.75351], [-84.2934, 33.75345], [-84.29192, 33.75336], [-84.29057, 33.75314], [-84.2906, 33.75305], [-84.29082, 33.75239], [-84.29086, 33.75239], [-84.29089, 33.75167], [-84.29089, 33.7516], [-84.29091, 33.751], [-84.29093, 33.75055], [-84.29097, 33.74959], [-84.29097, 33.74951], [-84.29097, 33.74941], [-84.29097, 33.74934], [-84.29097, 33.74927], [-84.29097, 33.74917], [-84.29097, 33.74907], [-84.29097, 33.74899], [-84.29096, 33.74891], [-84.29096, 33.74883], [-84.29094, 33.74874], [-84.29092, 33.74867], [-84.2909, 33.74859], [-84.2908, 33.74787], [-84.29072, 33.74746], [-84.29072, 33.74741], [-84.29073, 33.74717], [-84.29064, 33.74703], [-84.29062, 33.74699], [-84.2904, 33.74652], [-84.28962, 33.74483], [-84.29017, 33.74483], [-84.2909, 33.74483], [-84.29096, 33.74477], [-84.2905, 33.74383], [-84.2901, 33.74299], [-84.29007, 33.74293], [-84.28971, 33.74217], [-84.29022, 33.74201], [-84.29018, 33.74194], [-84.29019, 33.74182], [-84.2902, 33.74129], [-84.28997, 33.74136], [-84.28989, 33.74117], [-84.28983, 33.74104], [-84.29021, 33.74091], [-84.29022, 33.74076], [-84.29024, 33.74057], [-84.29024, 33.74044], [-84.29025, 33.74033], [-84.29027, 33.73971], [-84.28989, 33.73984], [-84.28983, 33.73971], [-84.29027, 33.73955], [-84.29027, 33.73891], [-84.29026, 33.73887], [-84.29112, 33.73892], [-84.29182, 33.73894], [-84.29325, 33.73899], [-84.2933, 33.73899], [-84.29342, 33.739], [-84.294, 33.73908], [-84.29416, 33.7391], [-84.29421, 33.7391], [-84.29433, 33.73914], [-84.2953, 33.73943], [-84.29539, 33.73852], [-84.29783, 33.73859], [-84.29784, 33.73834], [-84.29678, 33.73829], [-84.2968, 33.7378], [-84.29681, 33.73756], [-84.2971, 33.73756], [-84.29711, 33.73731], [-84.29681, 33.73729], [-84.29683, 33.73704], [-84.2979, 33.73706], [-84.29789, 33.7371], [-84.29879, 33.73714], [-84.29878, 33.73768], [-84.29845, 33.73767], [-84.29842, 33.73859], [-84.2999, 33.73864], [-84.30046, 33.73866], [-84.30049, 33.73738], [-84.30246, 33.73743], [-84.3055, 33.73753], [-84.30549, 33.73885], [-84.30582, 33.73886], [-84.30582, 33.73838], [-84.30599, 33.73838], [-84.30598, 33.73886], [-84.30603, 33.73887], [-84.30603, 33.73894], [-84.30603, 33.73932], [-84.30668, 33.73934], [-84.30667, 33.73868], [-84.30716, 33.73869], [-84.30716, 33.7389], [-84.30684, 33.7389], [-84.30684, 33.73934], [-84.30765, 33.73938], [-84.30766, 33.73898], [-84.30782, 33.73898], [-84.30798, 33.73899], [-84.30798, 33.73939], [-84.30815, 33.73939], [-84.30815, 33.73899], [-84.30838, 33.739], [-84.30838, 33.73939], [-84.30858, 33.7394], [-84.30881, 33.73941], [-84.30881, 33.73901], [-84.30897, 33.73901], [-84.30897, 33.7394], [-84.30978, 33.73942], [-84.3111, 33.73946], [-84.31133, 33.73947], [-84.31394, 33.73955], [-84.31389, 33.73822], [-84.31269, 33.73822], [-84.31365, 33.73674], [-84.31533, 33.73742], [-84.31533, 33.73838], [-84.31532, 33.73962], [-84.31602, 33.73965], [-84.31828, 33.73973], [-84.32059, 33.73957], [-84.32061, 33.74004], [-84.32134, 33.73979], [-84.32132, 33.73969], [-84.32133, 33.73909], [-84.32201, 33.73908], [-84.32201, 33.73958], [-84.32202, 33.73972], [-84.32213, 33.73984], [-84.32279, 33.73985], [-84.32301, 33.73987], [-84.32297, 33.74104], [-84.32207, 33.74105], [-84.32048, 33.74157], [-84.32041, 33.74293], [-84.3204, 33.74357], [-84.32036, 33.74468], [-84.32032, 33.74561], [-84.31957, 33.74472], [-84.31874, 33.74474], [-84.31754, 33.74476], [-84.31703, 33.74477], [-84.317, 33.74656], [-84.31883, 33.74659], [-84.32, 33.74661], [-84.32002, 33.74735], [-84.32063, 33.74736], [-84.32182, 33.74737], [-84.32185, 33.74729], [-84.32186, 33.74693], [-84.32138, 33.74692], [-84.32139, 33.74548], [-84.32229, 33.74549], [-84.32224, 33.74729], [-84.3223, 33.74738], [-84.32307, 33.7474], [-84.3243, 33.74742], [-84.32523, 33.74743], [-84.32628, 33.74745], [-84.32724, 33.74746], [-84.32861, 33.74749], [-84.32867, 33.74607], [-84.32868, 33.74566], [-84.3287, 33.74515], [-84.3287, 33.74505], [-84.32871, 33.74496], [-84.3287, 33.74487], [-84.32868, 33.74478], [-84.32865, 33.74471], [-84.32862, 33.74463], [-84.32843, 33.74412], [-84.3283, 33.74384], [-84.32826, 33.74375], [-84.32824, 33.74368], [-84.32821, 33.74357], [-84.32818, 33.7435], [-84.32815, 33.7434], [-84.32811, 33.74332], [-84.32808, 33.74324], [-84.32788, 33.74256], [-84.32786, 33.74252], [-84.32784, 33.74245], [-84.3278, 33.74234], [-84.32779, 33.74223], [-84.32773, 33.74214], [-84.32769, 33.74204], [-84.32768, 33.742], [-84.32765, 33.74193], [-84.3276, 33.74183], [-84.32756, 33.74173], [-84.32751, 33.74162], [-84.32747, 33.74154], [-84.32744, 33.74146], [-84.32715, 33.74086], [-84.32712, 33.74079], [-84.32708, 33.74071], [-84.32705, 33.74062], [-84.32702, 33.74053], [-84.327, 33.74046], [-84.32699, 33.74039], [-84.32698, 33.7403], [-84.32697, 33.74023], [-84.32694, 33.73998], [-84.32693, 33.73993], [-84.32762, 33.73994], [-84.32859, 33.73997], [-84.32969, 33.74113], [-84.33017, 33.74166], [-84.33062, 33.74223], [-84.33119, 33.74282], [-84.3316, 33.74317], [-84.33168, 33.74325], [-84.33211, 33.74355], [-84.3324, 33.74376], [-84.33255, 33.74387], [-84.33312, 33.7442], [-84.33391, 33.74459], [-84.33408, 33.74467], [-84.33427, 33.74474], [-84.33471, 33.7449], [-84.33491, 33.74497], [-84.33584, 33.74525], [-84.33687, 33.74544], [-84.33801, 33.74555], [-84.33867, 33.74555], [-84.33876, 33.74555], [-84.33981, 33.74557], [-84.34067, 33.74559], [-84.34097, 33.74559], [-84.34127, 33.74559], [-84.34192, 33.74559], [-84.34319, 33.7456], [-84.34434, 33.7456], [-84.34457, 33.74559], [-84.34521, 33.7456], [-84.34695, 33.74564], [-84.34716, 33.74564], [-84.34863, 33.74557], [-84.34894, 33.74554], [-84.34922, 33.74551], [-84.34922, 33.74606], [-84.34922, 33.74622], [-84.34921, 33.7465], [-84.34921, 33.74666], [-84.34921, 33.74701], [-84.34921, 33.74711], [-84.34921, 33.74762], [-84.34921, 33.74778], [-84.34921, 33.74789], [-84.34921, 33.74807], [-84.34921, 33.74822], [-84.34921, 33.74934], [-84.34922, 33.75017], [-84.34922, 33.75108], [-84.34923, 33.75233], [-84.34922, 33.75241], [-84.34921, 33.75308], [-84.34921, 33.75355], [-84.34918, 33.75506], [-84.34918, 33.75542], [-84.34918, 33.75622], [-84.34917, 33.75753], [-84.34917, 33.75821], [-84.34917, 33.7583], [-84.3492, 33.75846], [-84.34918, 33.75915], [-84.34917, 33.75987], [-84.34915, 33.75994], [-84.34884, 33.76004], [-84.34734, 33.76049], [-84.34549, 33.76088], [-84.34285, 33.76138], [-84.34114, 33.7617], [-84.34001, 33.76182], [-84.33939, 33.76194], [-84.33888, 33.762], [-84.33873, 33.76202], [-84.33808, 33.76208], [-84.33708, 33.76224], [-84.33588, 33.76232], [-84.33439, 33.76222], [-84.33279, 33.76181], [-84.3311, 33.76115], [-84.32999, 33.76067], [-84.32911, 33.76033], [-84.32862, 33.76016], [-84.32815, 33.76008], [-84.32773, 33.75997], [-84.3273, 33.75995], [-84.32688, 33.75995], [-84.32645, 33.75996], [-84.32603, 33.75999], [-84.32561, 33.76004], [-84.3252, 33.76011], [-84.32479, 33.7602], [-84.32439, 33.7603], [-84.32401, 33.76042], [-84.32363, 33.76055], [-84.32327, 33.7607], [-84.32292, 33.76086], [-84.32258, 33.76104], [-84.31682, 33.76444], [-84.31642, 33.76463], [-84.31614, 33.76428], [-84.3155, 33.76453], [-84.31464, 33.76468], [-84.31411, 33.76477], [-84.31405, 33.76477], [-84.31241, 33.76487]]]}}, {"type": "Feature", "properties": {"npu": "P", "population": 18563, "acres": 6008.0, "sqmiles": 9.39}, "geometry": {"type": "Polygon", "coordinates": [[[-84.50298, 33.723], [-84.50284, 33.72122], [-84.50282, 33.72102], [-84.5028, 33.72093], [-84.5025, 33.71907], [-84.50231, 33.71827], [-84.50216, 33.71762], [-84.50192, 33.71685], [-84.50176, 33.71636], [-84.50136, 33.71558], [-84.50114, 33.71518], [-84.5011, 33.71509], [-84.50082, 33.71458], [-84.5006, 33.71408], [-84.50013, 33.71326], [-84.49933, 33.71175], [-84.49882, 33.71082], [-84.49798, 33.70855], [-84.49772, 33.70716], [-84.49756, 33.70529], [-84.49764, 33.70381], [-84.49787, 33.70213], [-84.49845, 33.70021], [-84.499, 33.69864], [-84.49911, 33.6983], [-84.4995, 33.69703], [-84.4996, 33.69661], [-84.49993, 33.69537], [-84.50008, 33.69389], [-84.5001, 33.69374], [-84.50009, 33.69333], [-84.50007, 33.69166], [-84.50006, 33.69084], [-84.50005, 33.69048], [-84.50005, 33.69033], [-84.50005, 33.69013], [-84.50004, 33.68986], [-84.49996, 33.68609], [-84.49995, 33.68562], [-84.49994, 33.68501], [-84.49992, 33.68402], [-84.4999, 33.68342], [-84.49991, 33.68334], [-84.49961, 33.67983], [-84.49915, 33.6769], [-84.49907, 33.67648], [-84.49872, 33.67431], [-84.49859, 33.67342], [-84.49858, 33.67338], [-84.49822, 33.67116], [-84.49803, 33.67005], [-84.49767, 33.66713], [-84.49765, 33.66614], [-84.49765, 33.6661], [-84.49803, 33.66611], [-84.49818, 33.66611], [-84.50055, 33.66615], [-84.50648, 33.66627], [-84.5065, 33.65992], [-84.50651, 33.65737], [-84.50651, 33.65687], [-84.50649, 33.65583], [-84.50649, 33.65519], [-84.50649, 33.65433], [-84.50648, 33.65428], [-84.50649, 33.65406], [-84.50678, 33.65407], [-84.50717, 33.65408], [-84.50727, 33.65409], [-84.50757, 33.65414], [-84.50805, 33.65422], [-84.50878, 33.6544], [-84.51045, 33.65479], [-84.51061, 33.65482], [-84.51113, 33.65495], [-84.51313, 33.65544], [-84.51435, 33.65573], [-84.5156, 33.65602], [-84.51632, 33.65619], [-84.51632, 33.65559], [-84.51639, 33.65559], [-84.51649, 33.6556], [-84.51671, 33.65559], [-84.51694, 33.65565], [-84.51703, 33.65569], [-84.51714, 33.65573], [-84.51729, 33.65574], [-84.51741, 33.65576], [-84.51752, 33.65577], [-84.51772, 33.65579], [-84.51796, 33.6558], [-84.51812, 33.65581], [-84.51823, 33.6558], [-84.51853, 33.65581], [-84.51875, 33.65582], [-84.51891, 33.65585], [-84.51914, 33.65581], [-84.51924, 33.65577], [-84.51942, 33.65571], [-84.51981, 33.65567], [-84.51987, 33.65569], [-84.52023, 33.6558], [-84.52041, 33.65583], [-84.52056, 33.65581], [-84.52098, 33.65578], [-84.52103, 33.6558], [-84.52108, 33.65583], [-84.52131, 33.65585], [-84.52162, 33.65579], [-84.52176, 33.65691], [-84.52215, 33.65691], [-84.52296, 33.65691], [-84.5259, 33.65691], [-84.52587, 33.65851], [-84.52585, 33.65891], [-84.5259, 33.65891], [-84.52651, 33.65902], [-84.5271, 33.65904], [-84.52845, 33.6591], [-84.52867, 33.65911], [-84.52869, 33.6597], [-84.52869, 33.65977], [-84.5286, 33.6602], [-84.5293, 33.6603], [-84.52924, 33.66052], [-84.52923, 33.66059], [-84.52909, 33.66145], [-84.52902, 33.66182], [-84.52897, 33.6619], [-84.52857, 33.66263], [-84.52799, 33.66314], [-84.52739, 33.6635], [-84.52721, 33.66361], [-84.52644, 33.66391], [-84.52625, 33.66399], [-84.52579, 33.66408], [-84.52578, 33.66486], [-84.52581, 33.6664], [-84.52588, 33.66952], [-84.52586, 33.67311], [-84.52985, 33.67315], [-84.53084, 33.67316], [-84.5315, 33.67316], [-84.53345, 33.67318], [-84.53565, 33.6732], [-84.53555, 33.67781], [-84.53549, 33.68063], [-84.53748, 33.68068], [-84.53767, 33.68068], [-84.53842, 33.68069], [-84.53936, 33.6807], [-84.54074, 33.68071], [-84.54167, 33.68072], [-84.54235, 33.68072], [-84.5434, 33.68073], [-84.54467, 33.68075], [-84.54555, 33.68075], [-84.54548, 33.68241], [-84.54545, 33.6832], [-84.54536, 33.68548], [-84.54535, 33.68556], [-84.54535, 33.6857], [-84.54535, 33.68587], [-84.54535, 33.68594], [-84.54534, 33.68602], [-84.54534, 33.68612], [-84.54534, 33.68623], [-84.54533, 33.68634], [-84.54532, 33.68671], [-84.54523, 33.68859], [-84.54524, 33.68897], [-84.54524, 33.68914], [-84.54524, 33.68922], [-84.54524, 33.68934], [-84.54524, 33.68947], [-84.54523, 33.68959], [-84.5452, 33.68982], [-84.54538, 33.68982], [-84.54526, 33.69365], [-84.54745, 33.69368], [-84.54745, 33.69372], [-84.54734, 33.69761], [-84.54513, 33.69754], [-84.54512, 33.69905], [-84.54547, 33.7], [-84.54513, 33.7001], [-84.5451, 33.70144], [-84.54525, 33.70157], [-84.54595, 33.70092], [-84.54606, 33.70092], [-84.54628, 33.70111], [-84.54504, 33.70276], [-84.54499, 33.70569], [-84.54498, 33.70611], [-84.54448, 33.7061], [-84.54453, 33.70626], [-84.53686, 33.70616], [-84.53646, 33.70616], [-84.53649, 33.706], [-84.53528, 33.70599], [-84.53525, 33.70783], [-84.53519, 33.71072], [-84.53515, 33.71241], [-84.53541, 33.71346], [-84.53579, 33.71346], [-84.53584, 33.71355], [-84.53596, 33.71356], [-84.53622, 33.71465], [-84.53642, 33.71551], [-84.53651, 33.71564], [-84.53559, 33.71567], [-84.53588, 33.71646], [-84.53573, 33.71657], [-84.53578, 33.71696], [-84.53538, 33.7173], [-84.53555, 33.71765], [-84.53579, 33.71746], [-84.53584, 33.71798], [-84.53593, 33.719], [-84.53611, 33.7215], [-84.53615, 33.72206], [-84.53616, 33.72221], [-84.52287, 33.72212], [-84.51911, 33.7221], [-84.51879, 33.72134], [-84.51899, 33.72127], [-84.51921, 33.72117], [-84.51925, 33.72113], [-84.51916, 33.72109], [-84.51867, 33.72062], [-84.51807, 33.72091], [-84.51844, 33.72149], [-84.5184, 33.72151], [-84.51835, 33.72153], [-84.51829, 33.72156], [-84.51824, 33.72159], [-84.51818, 33.72162], [-84.51813, 33.72165], [-84.51807, 33.72169], [-84.51799, 33.72174], [-84.51791, 33.7218], [-84.51783, 33.72186], [-84.51777, 33.7219], [-84.51769, 33.72197], [-84.51762, 33.72204], [-84.51755, 33.72211], [-84.51742, 33.72211], [-84.51724, 33.72211], [-84.51619, 33.72209], [-84.51597, 33.72209], [-84.51582, 33.72209], [-84.51495, 33.72208], [-84.51398, 33.72206], [-84.51397, 33.72183], [-84.51397, 33.72177], [-84.51397, 33.7216], [-84.51397, 33.72152], [-84.51398, 33.72142], [-84.51398, 33.72127], [-84.51399, 33.7212], [-84.514, 33.72108], [-84.51402, 33.72093], [-84.51407, 33.72063], [-84.5139, 33.72061], [-84.51406, 33.71994], [-84.51408, 33.71989], [-84.51265, 33.71976], [-84.51066, 33.71958], [-84.51015, 33.71954], [-84.50796, 33.71934], [-84.50808, 33.71853], [-84.5083, 33.71703], [-84.51469, 33.71734], [-84.51482, 33.7169], [-84.51486, 33.71678], [-84.51506, 33.71619], [-84.5153, 33.71548], [-84.51563, 33.71482], [-84.51584, 33.71441], [-84.51613, 33.71403], [-84.51627, 33.71385], [-84.5153, 33.71383], [-84.51229, 33.71377], [-84.51238, 33.71317], [-84.51186, 33.71316], [-84.51107, 33.71317], [-84.51096, 33.71317], [-84.51047, 33.71317], [-84.51023, 33.71314], [-84.51004, 33.71311], [-84.50601, 33.71301], [-84.506, 33.71322], [-84.50597, 33.71538], [-84.50587, 33.71538], [-84.50594, 33.7163], [-84.50544, 33.71674], [-84.50496, 33.71644], [-84.50491, 33.71641], [-84.50399, 33.7163], [-84.5036, 33.7169], [-84.50365, 33.7169], [-84.50422, 33.71717], [-84.50511, 33.71757], [-84.50539, 33.71708], [-84.50596, 33.717], [-84.50593, 33.7177], [-84.50588, 33.72154], [-84.50596, 33.72154], [-84.50605, 33.72154], [-84.50605, 33.72159], [-84.50604, 33.72205], [-84.50574, 33.72254], [-84.50573, 33.72292], [-84.5054, 33.72292], [-84.50536, 33.72286], [-84.50531, 33.72286], [-84.50533, 33.72292], [-84.50466, 33.72291], [-84.50459, 33.72291], [-84.50415, 33.72294], [-84.50343, 33.72293], [-84.50298, 33.723]]]}}, {"type": "Feature", "properties": {"npu": "Q", "population": 1701, "acres": 1068.3, "sqmiles": 1.67}, "geometry": {"type": "MultiPolygon", "coordinates": [[[[-84.52963, 33.73343], [-84.52949, 33.73338], [-84.52939, 33.73334], [-84.52928, 33.73329], [-84.52917, 33.73325], [-84.52909, 33.73321], [-84.52869, 33.73303], [-84.52853, 33.73296], [-84.52844, 33.73292], [-84.52834, 33.73288], [-84.52825, 33.73284], [-84.52811, 33.73277], [-84.52794, 33.7327], [-84.52774, 33.73446], [-84.52745, 33.73433], [-84.52767, 33.73259], [-84.52744, 33.73248], [-84.52735, 33.73244], [-84.52723, 33.73239], [-84.52714, 33.73236], [-84.52708, 33.73233], [-84.52703, 33.7323], [-84.52684, 33.73222], [-84.52714, 33.73011], [-84.52725, 33.73011], [-84.52725, 33.72992], [-84.52725, 33.72972], [-84.52725, 33.72919], [-84.52725, 33.72896], [-84.52725, 33.7288], [-84.52725, 33.72824], [-84.52725, 33.72794], [-84.52725, 33.72761], [-84.52725, 33.72716], [-84.52725, 33.72667], [-84.52725, 33.72624], [-84.52723, 33.72611], [-84.52719, 33.72611], [-84.52714, 33.72611], [-84.52712, 33.72611], [-84.52709, 33.72611], [-84.52704, 33.7261], [-84.52699, 33.7261], [-84.52694, 33.7261], [-84.5269, 33.7261], [-84.52685, 33.72609], [-84.52677, 33.72608], [-84.52672, 33.72608], [-84.52667, 33.72607], [-84.52664, 33.72607], [-84.5266, 33.72606], [-84.52657, 33.72606], [-84.52653, 33.72605], [-84.5265, 33.72605], [-84.52646, 33.72604], [-84.52643, 33.72604], [-84.52639, 33.72603], [-84.52636, 33.72602], [-84.52632, 33.72602], [-84.52629, 33.72601], [-84.52625, 33.726], [-84.52622, 33.726], [-84.52618, 33.72599], [-84.52615, 33.72598], [-84.52586, 33.72591], [-84.52558, 33.72584], [-84.52555, 33.72583], [-84.52553, 33.72583], [-84.52551, 33.72582], [-84.52548, 33.72582], [-84.52546, 33.72581], [-84.52543, 33.72581], [-84.5254, 33.72581], [-84.52538, 33.72581], [-84.52536, 33.72581], [-84.52534, 33.72581], [-84.52532, 33.72581], [-84.5253, 33.72581], [-84.52528, 33.7258], [-84.52525, 33.7258], [-84.52522, 33.7258], [-84.52477, 33.7258], [-84.52442, 33.7258], [-84.52417, 33.7258], [-84.52417, 33.72574], [-84.52417, 33.72563], [-84.52418, 33.72509], [-84.52418, 33.72487], [-84.52419, 33.72458], [-84.52419, 33.72449], [-84.52419, 33.72429], [-84.52419, 33.72423], [-84.52375, 33.72423], [-84.52299, 33.72423], [-84.52299, 33.7245], [-84.52297, 33.72573], [-84.5228, 33.72573], [-84.52283, 33.7245], [-84.52283, 33.72441], [-84.52287, 33.72211], [-84.53616, 33.72221], [-84.53616, 33.72259], [-84.53616, 33.7229], [-84.53616, 33.72318], [-84.53616, 33.72346], [-84.53616, 33.72375], [-84.53616, 33.72403], [-84.53616, 33.72431], [-84.53616, 33.72446], [-84.53617, 33.72465], [-84.53625, 33.72496], [-84.53632, 33.72525], [-84.5364, 33.72555], [-84.53651, 33.72597], [-84.53653, 33.72598], [-84.53691, 33.72616], [-84.53722, 33.72632], [-84.53727, 33.72635], [-84.5369, 33.72674], [-84.53683, 33.7268], [-84.53685, 33.72681], [-84.5371, 33.72697], [-84.53738, 33.72715], [-84.53746, 33.72719], [-84.53754, 33.72723], [-84.53762, 33.72726], [-84.53771, 33.72728], [-84.5378, 33.72729], [-84.53806, 33.72729], [-84.53925, 33.72723], [-84.53913, 33.72704], [-84.53898, 33.72669], [-84.53894, 33.72656], [-84.5389, 33.72646], [-84.53888, 33.72638], [-84.53886, 33.7263], [-84.53884, 33.72623], [-84.53881, 33.72608], [-84.53879, 33.72601], [-84.53878, 33.72592], [-84.53877, 33.72585], [-84.53876, 33.72578], [-84.53875, 33.72571], [-84.53875, 33.72564], [-84.53874, 33.72555], [-84.53874, 33.72547], [-84.53874, 33.72538], [-84.53875, 33.72531], [-84.53875, 33.72524], [-84.53876, 33.72514], [-84.53877, 33.72507], [-84.53882, 33.72482], [-84.5389, 33.72445], [-84.53898, 33.72411], [-84.53899, 33.72397], [-84.53902, 33.72365], [-84.53916, 33.72285], [-84.53926, 33.72223], [-84.53939, 33.72223], [-84.54021, 33.72223], [-84.54098, 33.72223], [-84.54123, 33.72223], [-84.54195, 33.72224], [-84.54233, 33.72224], [-84.54302, 33.72224], [-84.54319, 33.72224], [-84.54346, 33.72224], [-84.54346, 33.72216], [-84.54345, 33.72187], [-84.54345, 33.72168], [-84.54345, 33.72153], [-84.54344, 33.72113], [-84.54344, 33.72084], [-84.54343, 33.72021], [-84.54419, 33.72021], [-84.54451, 33.7202], [-84.54498, 33.7202], [-84.54541, 33.7202], [-84.54576, 33.72019], [-84.5459, 33.72019], [-84.5459, 33.72014], [-84.54625, 33.72015], [-84.54691, 33.72016], [-84.54713, 33.72017], [-84.54738, 33.72018], [-84.54827, 33.72019], [-84.54837, 33.72019], [-84.54843, 33.7202], [-84.54849, 33.7202], [-84.54855, 33.7202], [-84.54911, 33.72021], [-84.54947, 33.72021], [-84.54991, 33.72022], [-84.55004, 33.72022], [-84.55009, 33.72022], [-84.55059, 33.72022], [-84.55062, 33.72044], [-84.55069, 33.72107], [-84.55073, 33.72136], [-84.55076, 33.72166], [-84.5508, 33.72197], [-84.55083, 33.72227], [-84.55085, 33.72241], [-84.55085, 33.72259], [-84.55085, 33.72291], [-84.55085, 33.72324], [-84.55085, 33.72357], [-84.55085, 33.72384], [-84.55084, 33.72412], [-84.55084, 33.72441], [-84.55084, 33.72452], [-84.55084, 33.72481], [-84.55084, 33.7251], [-84.55084, 33.72541], [-84.55084, 33.7257], [-84.55084, 33.726], [-84.55084, 33.72645], [-84.55084, 33.72684], [-84.55083, 33.72837], [-84.55013, 33.72837], [-84.54858, 33.72837], [-84.54833, 33.72837], [-84.54712, 33.72836], [-84.54702, 33.72836], [-84.54628, 33.72836], [-84.54606, 33.72836], [-84.54567, 33.72836], [-84.54529, 33.72836], [-84.54499, 33.72835], [-84.54494, 33.72835], [-84.54473, 33.72835], [-84.5445, 33.72835], [-84.5441, 33.72835], [-84.54358, 33.72835], [-84.54312, 33.72835], [-84.54207, 33.72834], [-84.5417, 33.72834], [-84.54138, 33.72834], [-84.54105, 33.72834], [-84.54062, 33.72834], [-84.5401, 33.72833], [-84.54, 33.72833], [-84.53984, 33.72833], [-84.53997, 33.72859], [-84.54011, 33.72888], [-84.54012, 33.7289], [-84.54012, 33.72892], [-84.54014, 33.72894], [-84.54015, 33.72897], [-84.54016, 33.72898], [-84.54016, 33.72899], [-84.54017, 33.72902], [-84.54018, 33.72904], [-84.54019, 33.72905], [-84.54019, 33.72907], [-84.5402, 33.72909], [-84.54021, 33.72911], [-84.54022, 33.72913], [-84.54023, 33.72915], [-84.54023, 33.72917], [-84.54024, 33.72919], [-84.54025, 33.72922], [-84.54026, 33.72924], [-84.54026, 33.72926], [-84.54027, 33.72928], [-84.54027, 33.7293], [-84.54028, 33.72933], [-84.54036, 33.72965], [-84.54041, 33.72984], [-84.54046, 33.73005], [-84.54051, 33.73024], [-84.54054, 33.73037], [-84.54078, 33.73127], [-84.54081, 33.73137], [-84.54082, 33.73142], [-84.54086, 33.73156], [-84.54091, 33.73175], [-84.54107, 33.7325], [-84.54107, 33.73253], [-84.54108, 33.73256], [-84.54109, 33.73258], [-84.54109, 33.7326], [-84.54109, 33.73262], [-84.5411, 33.73264], [-84.5411, 33.73266], [-84.54111, 33.73269], [-84.54111, 33.73273], [-84.54111, 33.73275], [-84.54112, 33.73279], [-84.54112, 33.73281], [-84.54112, 33.73284], [-84.54113, 33.73287], [-84.54113, 33.7329], [-84.54113, 33.73292], [-84.54113, 33.73295], [-84.54113, 33.73298], [-84.54113, 33.73301], [-84.54113, 33.73304], [-84.54113, 33.73307], [-84.54113, 33.73309], [-84.54113, 33.73312], [-84.54113, 33.73315], [-84.54113, 33.73318], [-84.54113, 33.73321], [-84.54112, 33.73324], [-84.54112, 33.73327], [-84.54112, 33.73329], [-84.54111, 33.73331], [-84.54111, 33.73334], [-84.54111, 33.73337], [-84.5411, 33.7334], [-84.5411, 33.73343], [-84.54109, 33.73345], [-84.54085, 33.73347], [-84.5407, 33.73347], [-84.54062, 33.73348], [-84.54052, 33.73349], [-84.53991, 33.73356], [-84.53971, 33.7336], [-84.53916, 33.73372], [-84.53896, 33.73376], [-84.53888, 33.73378], [-84.53881, 33.7338], [-84.53864, 33.73384], [-84.53836, 33.73391], [-84.53752, 33.73417], [-84.53739, 33.73422], [-84.53721, 33.73428], [-84.53708, 33.73434], [-84.53673, 33.73448], [-84.53632, 33.73465], [-84.53596, 33.73472], [-84.53573, 33.73473], [-84.53559, 33.73471], [-84.53537, 33.73467], [-84.5344, 33.73445], [-84.534, 33.73435], [-84.53362, 33.73427], [-84.53269, 33.73406], [-84.53238, 33.734], [-84.5319, 33.73391], [-84.53178, 33.73389], [-84.53163, 33.73385], [-84.53135, 33.73381], [-84.53125, 33.73379], [-84.53116, 33.73378], [-84.53088, 33.73373], [-84.53056, 33.73366], [-84.5304, 33.73363], [-84.53026, 33.73361], [-84.53, 33.73356], [-84.5299, 33.73353], [-84.52975, 33.73348], [-84.52963, 33.73343]]], [[[-84.51733, 33.73191], [-84.51758, 33.73138], [-84.51847, 33.7314], [-84.52111, 33.73145], [-84.52133, 33.72903], [-84.52149, 33.72908], [-84.5214, 33.73005], [-84.52372, 33.73004], [-84.52355, 33.73131], [-84.52385, 33.73149], [-84.52408, 33.73034], [-84.52448, 33.73068], [-84.52422, 33.7323], [-84.5258, 33.73337], [-84.52541, 33.73771], [-84.52699, 33.73822], [-84.527, 33.73844], [-84.52095, 33.73639], [-84.51907, 33.73564], [-84.51835, 33.73535], [-84.51771, 33.735], [-84.5173, 33.73456], [-84.51697, 33.73403], [-84.51687, 33.73353], [-84.51691, 33.733], [-84.51707, 33.73246], [-84.51733, 33.73191]]], [[[-84.53649, 33.70599], [-84.53648, 33.70616], [-84.54453, 33.70626], [-84.54545, 33.70928], [-84.54486, 33.70924], [-84.54438, 33.70922], [-84.54419, 33.70935], [-84.54317, 33.70944], [-84.54304, 33.70946], [-84.54282, 33.70945], [-84.5427, 33.7094], [-84.5426, 33.70938], [-84.54244, 33.70931], [-84.54211, 33.70931], [-84.54186, 33.70936], [-84.54141, 33.70942], [-84.54117, 33.7094], [-84.54117, 33.70895], [-84.53619, 33.70893], [-84.53647, 33.70616], [-84.53646, 33.70616], [-84.53649, 33.70599]]]]}}, {"type": "Feature", "properties": {"npu": "R", "population": 18550, "acres": 3448.1, "sqmiles": 5.39}, "geometry": {"type": "Polygon", "coordinates": [[[-84.45466, 33.72122], [-84.45425, 33.72119], [-84.45387, 33.72123], [-84.45343, 33.72132], [-84.45309, 33.72143], [-84.45272, 33.72158], [-84.45232, 33.72184], [-84.45195, 33.72208], [-84.45199, 33.72197], [-84.45201, 33.72186], [-84.4525, 33.71958], [-84.45257, 33.71923], [-84.45288, 33.71775], [-84.45291, 33.71762], [-84.45324, 33.71601], [-84.45345, 33.71507], [-84.45349, 33.71486], [-84.45352, 33.71478], [-84.45355, 33.71468], [-84.45397, 33.71339], [-84.45402, 33.71323], [-84.45425, 33.71255], [-84.45457, 33.7116], [-84.45476, 33.71117], [-84.45486, 33.71096], [-84.45529, 33.71023], [-84.45548, 33.70981], [-84.45556, 33.70952], [-84.45562, 33.70922], [-84.45565, 33.7083], [-84.45566, 33.70797], [-84.45567, 33.70727], [-84.45567, 33.70712], [-84.45536, 33.70724], [-84.45522, 33.7073], [-84.45497, 33.70741], [-84.45484, 33.70746], [-84.45459, 33.70756], [-84.45381, 33.70787], [-84.45375, 33.70789], [-84.45339, 33.70803], [-84.45313, 33.70814], [-84.45189, 33.70862], [-84.45142, 33.7088], [-84.45135, 33.70883], [-84.45096, 33.70899], [-84.45073, 33.70907], [-84.45069, 33.70909], [-84.45058, 33.70913], [-84.45019, 33.70928], [-84.44882, 33.70982], [-84.44861, 33.70991], [-84.44836, 33.71003], [-84.44811, 33.71017], [-84.44791, 33.71031], [-84.44771, 33.71044], [-84.44727, 33.71069], [-84.44693, 33.71091], [-84.44672, 33.71101], [-84.44644, 33.7111], [-84.44597, 33.71118], [-84.44585, 33.7112], [-84.44547, 33.71126], [-84.44386, 33.71153], [-84.44368, 33.71156], [-84.4428, 33.71172], [-84.44241, 33.71179], [-84.44225, 33.71181], [-84.44211, 33.71184], [-84.44191, 33.71186], [-84.44196, 33.70565], [-84.44306, 33.70565], [-84.44376, 33.70564], [-84.44393, 33.70564], [-84.44619, 33.70568], [-84.44629, 33.70568], [-84.44638, 33.70568], [-84.44646, 33.70568], [-84.44702, 33.70568], [-84.44969, 33.70568], [-84.44967, 33.70241], [-84.44966, 33.70048], [-84.44968, 33.69857], [-84.44968, 33.69805], [-84.45135, 33.6985], [-84.45259, 33.69885], [-84.45381, 33.69919], [-84.45394, 33.69922], [-84.45406, 33.69925], [-84.45419, 33.69927], [-84.45432, 33.69929], [-84.45444, 33.69931], [-84.45451, 33.69932], [-84.45457, 33.69933], [-84.4547, 33.69934], [-84.45483, 33.69936], [-84.45496, 33.69937], [-84.45509, 33.69938], [-84.45515, 33.69939], [-84.45521, 33.69939], [-84.45534, 33.6994], [-84.45547, 33.6994], [-84.4556, 33.6994], [-84.45567, 33.69941], [-84.45573, 33.69941], [-84.45586, 33.69941], [-84.45599, 33.6994], [-84.45612, 33.6994], [-84.45625, 33.69939], [-84.45639, 33.69938], [-84.45651, 33.69937], [-84.45663, 33.69936], [-84.45676, 33.69935], [-84.45689, 33.69933], [-84.45702, 33.69931], [-84.45708, 33.6993], [-84.45714, 33.69929], [-84.45727, 33.69927], [-84.4574, 33.69925], [-84.45752, 33.69922], [-84.45765, 33.6992], [-84.45776, 33.69917], [-84.4579, 33.69914], [-84.45802, 33.69911], [-84.45814, 33.69907], [-84.45826, 33.69904], [-84.45839, 33.699], [-84.45851, 33.69896], [-84.45863, 33.69892], [-84.45874, 33.69888], [-84.45886, 33.69883], [-84.45898, 33.69878], [-84.45909, 33.69874], [-84.45921, 33.69869], [-84.45932, 33.69864], [-84.46128, 33.69774], [-84.46176, 33.69774], [-84.463, 33.69778], [-84.46318, 33.69774], [-84.46337, 33.69769], [-84.46457, 33.69771], [-84.46503, 33.69785], [-84.4667, 33.6979], [-84.46779, 33.69792], [-84.47615, 33.69803], [-84.47698, 33.69804], [-84.477, 33.69714], [-84.47708, 33.69311], [-84.47862, 33.69316], [-84.47969, 33.69318], [-84.48018, 33.69316], [-84.48178, 33.69321], [-84.48184, 33.69321], [-84.48243, 33.69322], [-84.48248, 33.691], [-84.48295, 33.69101], [-84.48301, 33.69101], [-84.48311, 33.69103], [-84.48401, 33.69093], [-84.48421, 33.69091], [-84.48568, 33.69075], [-84.48634, 33.69068], [-84.48635, 33.6901], [-84.48641, 33.68691], [-84.48642, 33.68633], [-84.48645, 33.68337], [-84.48645, 33.68258], [-84.48646, 33.68213], [-84.48647, 33.68146], [-84.48653, 33.67798], [-84.48654, 33.6772], [-84.48657, 33.67439], [-84.48756, 33.67442], [-84.48757, 33.67388], [-84.4919, 33.67396], [-84.49196, 33.67183], [-84.49201, 33.67004], [-84.49202, 33.66961], [-84.49212, 33.66611], [-84.49732, 33.66609], [-84.49743, 33.66609], [-84.49765, 33.6661], [-84.49765, 33.66614], [-84.49767, 33.66713], [-84.49803, 33.67005], [-84.49822, 33.67116], [-84.49858, 33.67338], [-84.49859, 33.67342], [-84.49872, 33.67431], [-84.49907, 33.67648], [-84.49915, 33.6769], [-84.49961, 33.67983], [-84.49991, 33.68334], [-84.4999, 33.68342], [-84.49992, 33.68402], [-84.49994, 33.68501], [-84.49995, 33.68562], [-84.49996, 33.68609], [-84.50004, 33.68986], [-84.50005, 33.69013], [-84.50005, 33.69033], [-84.50005, 33.69048], [-84.50006, 33.69084], [-84.50007, 33.69166], [-84.50009, 33.69333], [-84.5001, 33.69374], [-84.50008, 33.69389], [-84.49993, 33.69537], [-84.4996, 33.69661], [-84.4995, 33.69703], [-84.49911, 33.6983], [-84.499, 33.69864], [-84.49845, 33.70021], [-84.49787, 33.70213], [-84.49764, 33.70381], [-84.49756, 33.70529], [-84.49772, 33.70716], [-84.49798, 33.70855], [-84.49882, 33.71082], [-84.49933, 33.71175], [-84.50013, 33.71326], [-84.5006, 33.71408], [-84.50082, 33.71458], [-84.5011, 33.71509], [-84.50114, 33.71518], [-84.50136, 33.71558], [-84.50176, 33.71636], [-84.50192, 33.71685], [-84.50216, 33.71762], [-84.50231, 33.71827], [-84.50164, 33.71824], [-84.5014, 33.71795], [-84.50099, 33.71772], [-84.50002, 33.71747], [-84.49942, 33.71732], [-84.49923, 33.71726], [-84.49884, 33.7168], [-84.4985, 33.71677], [-84.49831, 33.7167], [-84.49826, 33.71655], [-84.49792, 33.71629], [-84.49789, 33.71615], [-84.49775, 33.71604], [-84.49756, 33.71593], [-84.49739, 33.71584], [-84.49731, 33.71562], [-84.49717, 33.71555], [-84.49692, 33.71554], [-84.49671, 33.71561], [-84.49644, 33.71562], [-84.49608, 33.71576], [-84.49581, 33.71594], [-84.49535, 33.71615], [-84.49507, 33.71652], [-84.49468, 33.71658], [-84.49419, 33.71662], [-84.49373, 33.71679], [-84.49301, 33.71681], [-84.49236, 33.7166], [-84.49182, 33.71639], [-84.49143, 33.7161], [-84.49103, 33.71577], [-84.49087, 33.71552], [-84.49059, 33.71522], [-84.49022, 33.71493], [-84.49004, 33.71466], [-84.48978, 33.7146], [-84.48962, 33.71448], [-84.48944, 33.71437], [-84.48933, 33.71437], [-84.48917, 33.71439], [-84.48903, 33.71449], [-84.48878, 33.71449], [-84.48861, 33.71447], [-84.48846, 33.71455], [-84.48836, 33.71478], [-84.48826, 33.71488], [-84.48808, 33.715], [-84.48789, 33.71495], [-84.48773, 33.71495], [-84.48745, 33.71499], [-84.48706, 33.71516], [-84.48674, 33.71545], [-84.4867, 33.71572], [-84.48638, 33.71598], [-84.48616, 33.71626], [-84.48595, 33.71631], [-84.48579, 33.71633], [-84.48559, 33.71651], [-84.48557, 33.71666], [-84.48567, 33.71705], [-84.48544, 33.71719], [-84.4853, 33.71752], [-84.48501, 33.7177], [-84.48481, 33.71779], [-84.48449, 33.71774], [-84.48431, 33.71774], [-84.48426, 33.71767], [-84.48398, 33.7176], [-84.48383, 33.71733], [-84.48371, 33.71717], [-84.48362, 33.71705], [-84.48358, 33.71668], [-84.48342, 33.71661], [-84.48325, 33.71657], [-84.48304, 33.71642], [-84.48272, 33.71622], [-84.48233, 33.7161], [-84.48223, 33.71588], [-84.48218, 33.71577], [-84.48205, 33.71574], [-84.48188, 33.71572], [-84.48178, 33.71564], [-84.48167, 33.7155], [-84.48133, 33.71532], [-84.4812, 33.71526], [-84.48116, 33.71508], [-84.4812, 33.7149], [-84.48121, 33.71456], [-84.48125, 33.71438], [-84.48095, 33.71429], [-84.48079, 33.7142], [-84.4807, 33.71406], [-84.48061, 33.71387], [-84.48031, 33.71385], [-84.48006, 33.71378], [-84.47997, 33.71366], [-84.47992, 33.71356], [-84.47997, 33.7135], [-84.4799, 33.71342], [-84.47979, 33.71334], [-84.47978, 33.7132], [-84.47978, 33.71309], [-84.47945, 33.7129], [-84.47681, 33.71292], [-84.47679, 33.7124], [-84.47617, 33.71242], [-84.47596, 33.71242], [-84.47541, 33.71243], [-84.47456, 33.71244], [-84.47454, 33.7124], [-84.47238, 33.71215], [-84.47237, 33.71228], [-84.46997, 33.71194], [-84.46991, 33.712], [-84.46978, 33.71213], [-84.46974, 33.71216], [-84.46963, 33.71225], [-84.46942, 33.71241], [-84.46889, 33.71284], [-84.46873, 33.71296], [-84.46865, 33.71306], [-84.4686, 33.71319], [-84.46858, 33.71332], [-84.46859, 33.71351], [-84.46863, 33.71422], [-84.46864, 33.71441], [-84.46865, 33.7146], [-84.46867, 33.71496], [-84.46869, 33.71515], [-84.4687, 33.71524], [-84.46874, 33.71549], [-84.46886, 33.71578], [-84.4689, 33.71588], [-84.46896, 33.71604], [-84.46902, 33.7162], [-84.46916, 33.71665], [-84.4692, 33.71685], [-84.46923, 33.71719], [-84.46922, 33.71755], [-84.46922, 33.71765], [-84.46922, 33.71803], [-84.46921, 33.71902], [-84.46921, 33.71924], [-84.4692, 33.72064], [-84.46852, 33.72079], [-84.46788, 33.72092], [-84.46721, 33.72107], [-84.4669, 33.72113], [-84.46675, 33.72119], [-84.46648, 33.72128], [-84.46589, 33.72149], [-84.4657, 33.72157], [-84.46489, 33.72189], [-84.46431, 33.72208], [-84.46419, 33.72212], [-84.46404, 33.72218], [-84.4634, 33.72244], [-84.463, 33.72251], [-84.46286, 33.72253], [-84.46276, 33.72254], [-84.46253, 33.72256], [-84.46226, 33.72254], [-84.46206, 33.72252], [-84.46174, 33.72246], [-84.46052, 33.72225], [-84.45997, 33.72215], [-84.45833, 33.72186], [-84.45788, 33.72178], [-84.45685, 33.72159], [-84.45646, 33.72152], [-84.45556, 33.72137], [-84.45547, 33.72135], [-84.45478, 33.72123], [-84.45466, 33.72122]]]}}, {"type": "Feature", "properties": {"npu": "S", "population": 9536, "acres": 2486.2, "sqmiles": 3.88}, "geometry": {"type": "Polygon", "coordinates": [[[-84.45199, 33.73369], [-84.45099, 33.73362], [-84.45093, 33.73362], [-84.45074, 33.73361], [-84.45067, 33.73362], [-84.45054, 33.73362], [-84.44995, 33.73369], [-84.44989, 33.73369], [-84.44953, 33.73372], [-84.44911, 33.73372], [-84.44898, 33.73372], [-84.4484, 33.73371], [-84.44824, 33.73371], [-84.44813, 33.7337], [-84.4475, 33.7337], [-84.44739, 33.7337], [-84.44526, 33.73369], [-84.44512, 33.73369], [-84.44396, 33.73368], [-84.44382, 33.73368], [-84.44148, 33.73367], [-84.44139, 33.73367], [-84.44079, 33.73367], [-84.44053, 33.73367], [-84.43909, 33.73365], [-84.43892, 33.73365], [-84.43884, 33.73365], [-84.43867, 33.73364], [-84.43846, 33.73363], [-84.4378, 33.73347], [-84.43765, 33.73342], [-84.43753, 33.73342], [-84.43744, 33.73341], [-84.43735, 33.73339], [-84.43729, 33.73338], [-84.43619, 33.73336], [-84.43541, 33.73335], [-84.43503, 33.73334], [-84.43389, 33.73332], [-84.43346, 33.73331], [-84.43164, 33.73327], [-84.4303, 33.73324], [-84.42988, 33.73323], [-84.42938, 33.73322], [-84.42752, 33.73318], [-84.42744, 33.73318], [-84.42712, 33.73316], [-84.42544, 33.73298], [-84.42484, 33.73285], [-84.42478, 33.73289], [-84.42446, 33.73278], [-84.42421, 33.73266], [-84.424, 33.73262], [-84.42104, 33.73072], [-84.41673, 33.72796], [-84.41551, 33.72711], [-84.41509, 33.72683], [-84.41469, 33.72651], [-84.41432, 33.72618], [-84.41396, 33.72582], [-84.41363, 33.72543], [-84.41332, 33.72503], [-84.41303, 33.72461], [-84.41278, 33.72418], [-84.41141, 33.7219], [-84.41097, 33.72131], [-84.41505, 33.7228], [-84.41645, 33.72344], [-84.41796, 33.72423], [-84.41802, 33.72218], [-84.41856, 33.72218], [-84.41875, 33.7222], [-84.41984, 33.72223], [-84.4207, 33.72224], [-84.42121, 33.72224], [-84.42245, 33.72227], [-84.42277, 33.72228], [-84.42322, 33.72164], [-84.4236, 33.72104], [-84.42396, 33.72033], [-84.42424, 33.71972], [-84.42449, 33.719], [-84.4247, 33.71826], [-84.42674, 33.71175], [-84.42685, 33.71134], [-84.42695, 33.71093], [-84.4288, 33.69974], [-84.4293, 33.69971], [-84.43492, 33.69973], [-84.43784, 33.69974], [-84.43784, 33.69983], [-84.43784, 33.70093], [-84.43796, 33.70093], [-84.44312, 33.70099], [-84.44306, 33.70565], [-84.44196, 33.70565], [-84.44191, 33.71186], [-84.44211, 33.71184], [-84.44225, 33.71181], [-84.44241, 33.71179], [-84.4428, 33.71172], [-84.44368, 33.71156], [-84.44386, 33.71153], [-84.44547, 33.71126], [-84.44585, 33.7112], [-84.44597, 33.71118], [-84.44644, 33.7111], [-84.44672, 33.71101], [-84.44693, 33.71091], [-84.44727, 33.71069], [-84.44771, 33.71044], [-84.44791, 33.71031], [-84.44811, 33.71017], [-84.44836, 33.71003], [-84.44861, 33.70991], [-84.44882, 33.70982], [-84.45019, 33.70928], [-84.45058, 33.70913], [-84.45069, 33.70909], [-84.45073, 33.70907], [-84.45096, 33.70899], [-84.45135, 33.70883], [-84.45142, 33.7088], [-84.45189, 33.70862], [-84.45313, 33.70814], [-84.45339, 33.70803], [-84.45375, 33.70789], [-84.45381, 33.70787], [-84.45459, 33.70756], [-84.45484, 33.70746], [-84.45497, 33.70741], [-84.45522, 33.7073], [-84.45536, 33.70724], [-84.45567, 33.70712], [-84.45567, 33.70727], [-84.45566, 33.70797], [-84.45565, 33.7083], [-84.45562, 33.70922], [-84.45556, 33.70952], [-84.45548, 33.70981], [-84.45529, 33.71023], [-84.45486, 33.71096], [-84.45476, 33.71117], [-84.45457, 33.7116], [-84.45425, 33.71255], [-84.45402, 33.71323], [-84.45397, 33.71339], [-84.45355, 33.71468], [-84.45352, 33.71478], [-84.45349, 33.71486], [-84.45345, 33.71507], [-84.45324, 33.71601], [-84.45291, 33.71762], [-84.45288, 33.71775], [-84.45257, 33.71923], [-84.4525, 33.71958], [-84.45201, 33.72186], [-84.45199, 33.72197], [-84.45195, 33.72208], [-84.45232, 33.72184], [-84.45272, 33.72158], [-84.45309, 33.72143], [-84.45343, 33.72132], [-84.45387, 33.72123], [-84.45425, 33.72119], [-84.45466, 33.72122], [-84.45478, 33.72123], [-84.45547, 33.72135], [-84.45556, 33.72137], [-84.45646, 33.72152], [-84.45685, 33.72159], [-84.45788, 33.72178], [-84.45833, 33.72186], [-84.45997, 33.72215], [-84.46052, 33.72225], [-84.46174, 33.72246], [-84.46206, 33.72252], [-84.46226, 33.72254], [-84.46253, 33.72256], [-84.46276, 33.72254], [-84.46286, 33.72253], [-84.463, 33.72251], [-84.4634, 33.72244], [-84.4635, 33.72245], [-84.46376, 33.7225], [-84.4642, 33.72257], [-84.46515, 33.72278], [-84.46571, 33.72461], [-84.46619, 33.72645], [-84.46631, 33.72697], [-84.46478, 33.72694], [-84.46381, 33.727], [-84.46355, 33.72691], [-84.46226, 33.72691], [-84.457, 33.7269], [-84.45707, 33.7311], [-84.45702, 33.73344], [-84.45702, 33.73352], [-84.45677, 33.73351], [-84.45624, 33.73349], [-84.45546, 33.73369], [-84.45389, 33.73402], [-84.45382, 33.73404], [-84.45326, 33.73395], [-84.45309, 33.73391], [-84.45255, 33.73378], [-84.45199, 33.73369]]]}}, {"type": "Feature", "properties": {"npu": "T", "population": 15549, "acres": 1750.9, "sqmiles": 2.74}, "geometry": {"type": "Polygon", "coordinates": [[[-84.41391, 33.75469], [-84.41373, 33.75469], [-84.41355, 33.75469], [-84.41345, 33.75469], [-84.41277, 33.75469], [-84.41179, 33.75469], [-84.41008, 33.75468], [-84.40947, 33.7547], [-84.40786, 33.7547], [-84.40765, 33.7547], [-84.40758, 33.7547], [-84.40738, 33.7547], [-84.40671, 33.75469], [-84.40652, 33.75469], [-84.40547, 33.75468], [-84.40488, 33.75468], [-84.40418, 33.75469], [-84.40279, 33.75464], [-84.4028, 33.75454], [-84.4028, 33.75439], [-84.4028, 33.75386], [-84.40279, 33.75325], [-84.4028, 33.75286], [-84.40281, 33.75223], [-84.40288, 33.75166], [-84.40293, 33.7513], [-84.40313, 33.751], [-84.4033, 33.75074], [-84.40363, 33.75023], [-84.4039, 33.74981], [-84.40421, 33.74934], [-84.40453, 33.74889], [-84.40515, 33.748], [-84.40561, 33.74735], [-84.40578, 33.74711], [-84.40581, 33.74707], [-84.40619, 33.74666], [-84.40656, 33.74626], [-84.40634, 33.74609], [-84.40595, 33.7458], [-84.40547, 33.74543], [-84.40474, 33.74473], [-84.4053, 33.74422], [-84.40537, 33.7442], [-84.4068, 33.74374], [-84.40752, 33.7435], [-84.40824, 33.74325], [-84.40837, 33.74321], [-84.40846, 33.74318], [-84.40907, 33.74297], [-84.4097, 33.7427], [-84.40981, 33.74264], [-84.4106, 33.74214], [-84.4112, 33.74167], [-84.4113, 33.7416], [-84.41156, 33.74128], [-84.41192, 33.74084], [-84.41207, 33.7406], [-84.41225, 33.74029], [-84.41244, 33.73986], [-84.41247, 33.73979], [-84.41271, 33.73917], [-84.41283, 33.73849], [-84.41284, 33.73824], [-84.41288, 33.73752], [-84.41283, 33.73548], [-84.41284, 33.73451], [-84.41296, 33.73399], [-84.41304, 33.73363], [-84.41321, 33.73322], [-84.41331, 33.73294], [-84.41358, 33.73221], [-84.4136, 33.73213], [-84.41445, 33.73094], [-84.415, 33.73017], [-84.4157, 33.72925], [-84.41616, 33.72869], [-84.41673, 33.72796], [-84.42104, 33.73072], [-84.424, 33.73262], [-84.42421, 33.73266], [-84.42446, 33.73278], [-84.42478, 33.73289], [-84.42484, 33.73285], [-84.42544, 33.73298], [-84.42712, 33.73316], [-84.42744, 33.73318], [-84.42752, 33.73318], [-84.42938, 33.73322], [-84.42988, 33.73323], [-84.4303, 33.73324], [-84.43164, 33.73327], [-84.43346, 33.73331], [-84.43389, 33.73332], [-84.43503, 33.73334], [-84.43541, 33.73335], [-84.43619, 33.73336], [-84.43729, 33.73338], [-84.43735, 33.73339], [-84.43744, 33.73341], [-84.43753, 33.73342], [-84.43765, 33.73342], [-84.4378, 33.73347], [-84.43846, 33.73363], [-84.43867, 33.73364], [-84.43884, 33.73365], [-84.43892, 33.73365], [-84.43909, 33.73365], [-84.44053, 33.73367], [-84.44079, 33.73367], [-84.44139, 33.73367], [-84.44148, 33.73367], [-84.44382, 33.73368], [-84.44396, 33.73368], [-84.44512, 33.73369], [-84.44526, 33.73369], [-84.44739, 33.7337], [-84.4475, 33.7337], [-84.44735, 33.73454], [-84.44731, 33.73479], [-84.4472, 33.73539], [-84.44704, 33.7363], [-84.44698, 33.73664], [-84.44691, 33.73704], [-84.44687, 33.73733], [-84.44669, 33.73843], [-84.44679, 33.7387], [-84.44681, 33.73884], [-84.44667, 33.74399], [-84.44025, 33.74398], [-84.44026, 33.74581], [-84.44022, 33.7475], [-84.44022, 33.74799], [-84.44003, 33.7479], [-84.43968, 33.74774], [-84.43963, 33.74772], [-84.43888, 33.74748], [-84.43839, 33.74728], [-84.43787, 33.74715], [-84.43697, 33.74703], [-84.43626, 33.74693], [-84.43593, 33.74694], [-84.43508, 33.74692], [-84.43471, 33.74693], [-84.43357, 33.74695], [-84.43263, 33.74693], [-84.43116, 33.74671], [-84.43084, 33.7466], [-84.42839, 33.74878], [-84.42782, 33.74928], [-84.42755, 33.74959], [-84.42717, 33.75007], [-84.42693, 33.75037], [-84.42674, 33.75072], [-84.42652, 33.75123], [-84.42634, 33.75171], [-84.42583, 33.75356], [-84.42573, 33.75359], [-84.42545, 33.75367], [-84.42537, 33.7537], [-84.42486, 33.75395], [-84.42444, 33.75415], [-84.42405, 33.75433], [-84.42389, 33.75441], [-84.42374, 33.75448], [-84.42327, 33.75464], [-84.42281, 33.75475], [-84.42274, 33.75475], [-84.42267, 33.75476], [-84.4222, 33.75481], [-84.42197, 33.75481], [-84.42132, 33.75479], [-84.42121, 33.75479], [-84.4204, 33.75475], [-84.41993, 33.75475], [-84.41986, 33.75475], [-84.41867, 33.75473], [-84.4186, 33.75473], [-84.41801, 33.75472], [-84.41755, 33.75472], [-84.41514, 33.75471], [-84.41508, 33.75471], [-84.41468, 33.75471], [-84.41453, 33.7547], [-84.41447, 33.7547], [-84.41438, 33.7547], [-84.41431, 33.7547], [-84.41423, 33.7547], [-84.41391, 33.75469]]]}}, {"type": "Feature", "properties": {"npu": "V", "population": 17531, "acres": 2027.1, "sqmiles": 3.17}, "geometry": {"type": "Polygon", "coordinates": [[[-84.38047, 33.74562], [-84.38048, 33.74396], [-84.38045, 33.74345], [-84.38104, 33.74344], [-84.38112, 33.74344], [-84.38154, 33.74344], [-84.38154, 33.74302], [-84.38153, 33.74241], [-84.38153, 33.74162], [-84.38153, 33.74157], [-84.38153, 33.74083], [-84.38153, 33.73998], [-84.38153, 33.73946], [-84.38153, 33.73856], [-84.38152, 33.73794], [-84.37986, 33.73792], [-84.37989, 33.73674], [-84.37984, 33.73666], [-84.37987, 33.7355], [-84.37989, 33.73433], [-84.3799, 33.73312], [-84.37991, 33.73233], [-84.37992, 33.73159], [-84.37993, 33.73155], [-84.37971, 33.73154], [-84.37851, 33.73151], [-84.37852, 33.73091], [-84.37852, 33.73032], [-84.37854, 33.72911], [-84.37855, 33.72841], [-84.37856, 33.72759], [-84.37856, 33.72744], [-84.37856, 33.72651], [-84.37855, 33.72482], [-84.37857, 33.72431], [-84.38026, 33.72433], [-84.38057, 33.72433], [-84.38098, 33.72433], [-84.3815, 33.7243], [-84.38183, 33.72428], [-84.38216, 33.72423], [-84.38245, 33.72418], [-84.38277, 33.72411], [-84.38314, 33.72402], [-84.38363, 33.72386], [-84.38394, 33.72373], [-84.38437, 33.72356], [-84.38506, 33.72322], [-84.38806, 33.72172], [-84.38855, 33.72147], [-84.3903, 33.72061], [-84.39144, 33.72015], [-84.3927, 33.71973], [-84.39319, 33.71958], [-84.39349, 33.71949], [-84.39385, 33.71941], [-84.39446, 33.71936], [-84.3951, 33.71938], [-84.39546, 33.71945], [-84.39579, 33.71946], [-84.39621, 33.7196], [-84.39659, 33.71969], [-84.39699, 33.7198], [-84.39788, 33.72], [-84.3987, 33.72013], [-84.40247, 33.72028], [-84.40607, 33.7204], [-84.40782, 33.72047], [-84.40844, 33.72053], [-84.40951, 33.72075], [-84.40989, 33.72089], [-84.41097, 33.72131], [-84.41141, 33.7219], [-84.41278, 33.72418], [-84.41303, 33.72461], [-84.41332, 33.72503], [-84.41363, 33.72543], [-84.41396, 33.72582], [-84.41432, 33.72618], [-84.41469, 33.72651], [-84.41509, 33.72683], [-84.41551, 33.72711], [-84.41673, 33.72796], [-84.41616, 33.72869], [-84.4157, 33.72925], [-84.415, 33.73017], [-84.41445, 33.73094], [-84.4136, 33.73213], [-84.41358, 33.73221], [-84.41331, 33.73294], [-84.41321, 33.73322], [-84.41304, 33.73363], [-84.41296, 33.73399], [-84.41284, 33.73451], [-84.41283, 33.73548], [-84.41288, 33.73752], [-84.41284, 33.73824], [-84.41283, 33.73849], [-84.41271, 33.73917], [-84.41247, 33.73979], [-84.41244, 33.73986], [-84.41225, 33.74029], [-84.41207, 33.7406], [-84.41192, 33.74084], [-84.41156, 33.74128], [-84.4113, 33.7416], [-84.4112, 33.74167], [-84.4106, 33.74214], [-84.40981, 33.74264], [-84.4097, 33.7427], [-84.40907, 33.74297], [-84.40846, 33.74318], [-84.40837, 33.74321], [-84.40824, 33.74325], [-84.40752, 33.7435], [-84.4068, 33.74374], [-84.40537, 33.7442], [-84.4053, 33.74422], [-84.40474, 33.74473], [-84.40463, 33.74463], [-84.40436, 33.74419], [-84.40401, 33.74356], [-84.4038, 33.74318], [-84.40357, 33.74269], [-84.40266, 33.74313], [-84.40214, 33.74337], [-84.40135, 33.74376], [-84.40079, 33.74402], [-84.39997, 33.74442], [-84.39933, 33.74472], [-84.39804, 33.74504], [-84.39752, 33.74517], [-84.39714, 33.74522], [-84.39559, 33.74542], [-84.39552, 33.74542], [-84.39445, 33.74535], [-84.3942, 33.74533], [-84.39369, 33.74532], [-84.39334, 33.74531], [-84.39225, 33.74528], [-84.39187, 33.74524], [-84.39164, 33.74522], [-84.39095, 33.74515], [-84.39047, 33.74501], [-84.39009, 33.74491], [-84.38869, 33.74608], [-84.38772, 33.74682], [-84.38689, 33.74745], [-84.38518, 33.74827], [-84.38388, 33.74785], [-84.38381, 33.74785], [-84.38353, 33.74778], [-84.38218, 33.74745], [-84.3815, 33.74743], [-84.3807, 33.74741], [-84.38071, 33.74734], [-84.38073, 33.74688], [-84.38057, 33.74687], [-84.38046, 33.74687], [-84.38047, 33.74562]]]}}, {"type": "Feature", "properties": {"npu": "W", "population": 26892, "acres": 3488.5, "sqmiles": 151960180.75}, "geometry": {"type": "Polygon", "coordinates": [[[-84.36925, 33.74889], [-84.36878, 33.74849], [-84.36862, 33.74835], [-84.3681, 33.74798], [-84.36812, 33.74674], [-84.36742, 33.74672], [-84.36676, 33.74672], [-84.36668, 33.74672], [-84.36628, 33.74671], [-84.36612, 33.74671], [-84.36571, 33.74671], [-84.36522, 33.7467], [-84.36504, 33.7467], [-84.36468, 33.74669], [-84.36401, 33.74669], [-84.36376, 33.74669], [-84.36309, 33.74668], [-84.3623, 33.74667], [-84.36234, 33.74413], [-84.36232, 33.74338], [-84.35884, 33.74348], [-84.35831, 33.7436], [-84.35674, 33.74384], [-84.35567, 33.74408], [-84.35494, 33.74425], [-84.3544, 33.7444], [-84.3528, 33.74485], [-84.35187, 33.74507], [-84.35182, 33.74508], [-84.3512, 33.7452], [-84.34974, 33.74546], [-84.34922, 33.74551], [-84.34894, 33.74554], [-84.34863, 33.74557], [-84.34716, 33.74564], [-84.34695, 33.74564], [-84.34521, 33.7456], [-84.34457, 33.74559], [-84.34434, 33.7456], [-84.34319, 33.7456], [-84.34192, 33.74559], [-84.34127, 33.74559], [-84.34097, 33.74559], [-84.34067, 33.74559], [-84.33981, 33.74557], [-84.33876, 33.74555], [-84.33867, 33.74555], [-84.33801, 33.74555], [-84.33687, 33.74544], [-84.33584, 33.74525], [-84.33491, 33.74497], [-84.33471, 33.7449], [-84.33427, 33.74474], [-84.33408, 33.74467], [-84.33391, 33.74459], [-84.33312, 33.7442], [-84.33255, 33.74387], [-84.3324, 33.74376], [-84.33211, 33.74355], [-84.33168, 33.74325], [-84.3316, 33.74317], [-84.33119, 33.74282], [-84.33062, 33.74223], [-84.33017, 33.74166], [-84.32969, 33.74113], [-84.32859, 33.73997], [-84.3296, 33.74], [-84.32953, 33.73978], [-84.32882, 33.73912], [-84.32874, 33.739], [-84.32916, 33.73877], [-84.32861, 33.73778], [-84.32929, 33.73778], [-84.32929, 33.73564], [-84.329, 33.73564], [-84.32899, 33.73588], [-84.32744, 33.73624], [-84.32578, 33.73662], [-84.32474, 33.73556], [-84.32468, 33.73549], [-84.32469, 33.73501], [-84.3245, 33.73499], [-84.32427, 33.73482], [-84.32397, 33.73444], [-84.32342, 33.73352], [-84.32299, 33.73243], [-84.32299, 33.7323], [-84.3237, 33.73215], [-84.32376, 33.73258], [-84.32472, 33.73383], [-84.32484, 33.73373], [-84.32456, 33.73339], [-84.32495, 33.73313], [-84.32489, 33.73301], [-84.32533, 33.73269], [-84.32603, 33.73233], [-84.326, 33.73227], [-84.32658, 33.73223], [-84.32658, 33.73249], [-84.32661, 33.73272], [-84.32762, 33.73266], [-84.32762, 33.7335], [-84.32821, 33.73349], [-84.32821, 33.73329], [-84.32928, 33.7333], [-84.32927, 33.73063], [-84.32902, 33.73063], [-84.32883, 33.73058], [-84.32877, 33.73056], [-84.32722, 33.72997], [-84.32673, 33.72978], [-84.32668, 33.72976], [-84.32609, 33.72953], [-84.32561, 33.72922], [-84.32485, 33.72874], [-84.32423, 33.72834], [-84.32419, 33.72832], [-84.32354, 33.72798], [-84.3229, 33.72758], [-84.32228, 33.72719], [-84.32103, 33.72641], [-84.31856, 33.72635], [-84.31895, 33.72582], [-84.3192, 33.72496], [-84.31794, 33.72399], [-84.31762, 33.72377], [-84.31715, 33.72377], [-84.31715, 33.72321], [-84.31709, 33.72318], [-84.31749, 33.72273], [-84.31849, 33.7234], [-84.31968, 33.7242], [-84.32036, 33.72461], [-84.32138, 33.72521], [-84.3218, 33.72471], [-84.32209, 33.72488], [-84.32262, 33.72524], [-84.3228, 33.72515], [-84.32364, 33.72471], [-84.32402, 33.72454], [-84.32407, 33.72452], [-84.3248, 33.72418], [-84.32545, 33.72387], [-84.32597, 33.72363], [-84.32628, 33.72343], [-84.32634, 33.7234], [-84.32675, 33.72309], [-84.32723, 33.72278], [-84.32761, 33.72232], [-84.32754, 33.72226], [-84.3275, 33.72224], [-84.32767, 33.72224], [-84.32842, 33.72127], [-84.32852, 33.7211], [-84.32861, 33.72085], [-84.3289, 33.72011], [-84.32904, 33.71972], [-84.32906, 33.71968], [-84.32918, 33.71937], [-84.32928, 33.71917], [-84.32928, 33.7191], [-84.32929, 33.71892], [-84.32929, 33.71845], [-84.32991, 33.71845], [-84.3306, 33.71839], [-84.33061, 33.71856], [-84.33062, 33.71869], [-84.33067, 33.7189], [-84.33073, 33.71913], [-84.33079, 33.71933], [-84.33104, 33.71966], [-84.33166, 33.7205], [-84.33192, 33.72077], [-84.33224, 33.72157], [-84.33228, 33.72167], [-84.3327, 33.72287], [-84.33272, 33.72292], [-84.33285, 33.72358], [-84.333, 33.72397], [-84.33301, 33.72405], [-84.33301, 33.72412], [-84.33301, 33.7242], [-84.33302, 33.72427], [-84.33303, 33.72435], [-84.33304, 33.72443], [-84.33306, 33.72451], [-84.33308, 33.72459], [-84.33309, 33.72466], [-84.33312, 33.72474], [-84.33314, 33.72481], [-84.33317, 33.7249], [-84.3332, 33.72499], [-84.33323, 33.72507], [-84.33327, 33.72515], [-84.33327, 33.72523], [-84.33329, 33.72531], [-84.33332, 33.72542], [-84.33348, 33.72579], [-84.3336, 33.72579], [-84.33359, 33.72575], [-84.33431, 33.72572], [-84.33431, 33.72598], [-84.33512, 33.72597], [-84.33512, 33.72589], [-84.33578, 33.72588], [-84.33652, 33.7259], [-84.33651, 33.72648], [-84.33666, 33.72648], [-84.33678, 33.7268], [-84.33678, 33.72699], [-84.33674, 33.72717], [-84.3367, 33.72717], [-84.3367, 33.72724], [-84.33653, 33.72731], [-84.33616, 33.72741], [-84.33588, 33.7274], [-84.33558, 33.72733], [-84.33545, 33.72733], [-84.33521, 33.72734], [-84.33534, 33.72792], [-84.33519, 33.72799], [-84.33505, 33.72771], [-84.33494, 33.72744], [-84.33422, 33.72746], [-84.33465, 33.72822], [-84.33496, 33.72809], [-84.33512, 33.72857], [-84.33486, 33.72871], [-84.33525, 33.72903], [-84.33564, 33.72934], [-84.33588, 33.72951], [-84.336, 33.7296], [-84.33635, 33.72985], [-84.33657, 33.73001], [-84.33661, 33.72996], [-84.33709, 33.73003], [-84.33726, 33.72998], [-84.33805, 33.73045], [-84.33793, 33.73093], [-84.33778, 33.73084], [-84.33768, 33.73097], [-84.33856, 33.73164], [-84.3388, 33.73138], [-84.3392, 33.73138], [-84.33918, 33.73189], [-84.33899, 33.73188], [-84.33893, 33.73195], [-84.33931, 33.73229], [-84.33979, 33.73273], [-84.33998, 33.7329], [-84.34006, 33.73298], [-84.34007, 33.73284], [-84.34008, 33.7324], [-84.34192, 33.73241], [-84.34191, 33.73189], [-84.34213, 33.7319], [-84.34213, 33.73241], [-84.34234, 33.73241], [-84.34235, 33.73194], [-84.34236, 33.73191], [-84.34237, 33.73186], [-84.34237, 33.73137], [-84.34265, 33.73137], [-84.34264, 33.73189], [-84.34277, 33.73189], [-84.34278, 33.73241], [-84.34481, 33.73243], [-84.34482, 33.7319], [-84.34416, 33.7319], [-84.34417, 33.7312], [-84.34541, 33.73122], [-84.34541, 33.73137], [-84.34527, 33.73138], [-84.34542, 33.73182], [-84.34556, 33.7318], [-84.34557, 33.73243], [-84.34802, 33.73246], [-84.34859, 33.73247], [-84.3486, 33.73136], [-84.34861, 33.7303], [-84.34861, 33.73015], [-84.34861, 33.72997], [-84.34861, 33.72981], [-84.34861, 33.72961], [-84.34861, 33.72945], [-84.34861, 33.72928], [-84.34861, 33.72913], [-84.34861, 33.72897], [-84.34862, 33.72882], [-84.34862, 33.72864], [-84.34862, 33.7285], [-84.34862, 33.72839], [-84.34863, 33.72829], [-84.34735, 33.72827], [-84.34682, 33.72857], [-84.34678, 33.72849], [-84.34676, 33.72832], [-84.34594, 33.72835], [-84.34593, 33.72761], [-84.3467, 33.72764], [-84.34672, 33.72727], [-84.34674, 33.72715], [-84.34679, 33.727], [-84.34685, 33.72685], [-84.34697, 33.7266], [-84.34707, 33.72648], [-84.34714, 33.72642], [-84.34721, 33.72637], [-84.34725, 33.72642], [-84.3477, 33.7271], [-84.34782, 33.7271], [-84.34748, 33.72631], [-84.34759, 33.7263], [-84.34775, 33.72633], [-84.34848, 33.72632], [-84.34863, 33.72633], [-84.34865, 33.72625], [-84.34867, 33.72563], [-84.34867, 33.72508], [-84.34867, 33.72492], [-84.34867, 33.72487], [-84.34867, 33.72476], [-84.34867, 33.72462], [-84.34868, 33.72444], [-84.34868, 33.7243], [-84.34868, 33.72415], [-84.34869, 33.72387], [-84.34869, 33.7238], [-84.34869, 33.72351], [-84.34869, 33.72342], [-84.3487, 33.72336], [-84.3487, 33.72276], [-84.3487, 33.72269], [-84.34873, 33.72201], [-84.34938, 33.72219], [-84.34946, 33.72221], [-84.34947, 33.72181], [-84.34947, 33.72135], [-84.34948, 33.72072], [-84.34949, 33.71948], [-84.34949, 33.71884], [-84.3495, 33.71835], [-84.3495, 33.71765], [-84.34951, 33.71601], [-84.3495, 33.71539], [-84.34937, 33.71539], [-84.34924, 33.71539], [-84.34866, 33.71543], [-84.34866, 33.71549], [-84.34799, 33.71554], [-84.34706, 33.7156], [-84.34672, 33.71563], [-84.34651, 33.71565], [-84.34629, 33.71567], [-84.34606, 33.7157], [-84.34584, 33.71574], [-84.34555, 33.7158], [-84.3445, 33.71579], [-84.3445, 33.71548], [-84.34451, 33.71537], [-84.34452, 33.71523], [-84.34452, 33.71513], [-84.34451, 33.71506], [-84.3445, 33.715], [-84.34448, 33.71493], [-84.34447, 33.71489], [-84.34443, 33.71483], [-84.34436, 33.71477], [-84.34432, 33.71474], [-84.34429, 33.71469], [-84.34427, 33.71463], [-84.34423, 33.71453], [-84.34421, 33.71445], [-84.34419, 33.71439], [-84.34419, 33.71436], [-84.3442, 33.71431], [-84.34421, 33.71424], [-84.34423, 33.71417], [-84.34427, 33.71407], [-84.3443, 33.714], [-84.34433, 33.71395], [-84.34436, 33.71391], [-84.34438, 33.71387], [-84.34441, 33.71382], [-84.34442, 33.7138], [-84.34442, 33.71377], [-84.34443, 33.71374], [-84.34444, 33.71372], [-84.34446, 33.71369], [-84.34447, 33.71367], [-84.34448, 33.71364], [-84.34448, 33.71359], [-84.34448, 33.71351], [-84.34448, 33.71345], [-84.34447, 33.71335], [-84.34446, 33.7133], [-84.34446, 33.71328], [-84.34448, 33.71325], [-84.3445, 33.71323], [-84.34451, 33.71318], [-84.34451, 33.71314], [-84.34452, 33.7131], [-84.34452, 33.71308], [-84.34454, 33.71306], [-84.34458, 33.71304], [-84.34459, 33.71302], [-84.34461, 33.71299], [-84.34483, 33.71271], [-84.34485, 33.71267], [-84.34486, 33.71263], [-84.34486, 33.71258], [-84.3449, 33.71252], [-84.34493, 33.71249], [-84.34659, 33.7125], [-84.34659, 33.71318], [-84.34812, 33.71319], [-84.34812, 33.71374], [-84.34811, 33.71374], [-84.34811, 33.71402], [-84.34841, 33.71402], [-84.34951, 33.714], [-84.34953, 33.7135], [-84.34953, 33.71113], [-84.34953, 33.70927], [-84.34953, 33.70833], [-84.34952, 33.70738], [-84.35013, 33.70736], [-84.35121, 33.70762], [-84.35172, 33.70759], [-84.35172, 33.70727], [-84.35185, 33.70727], [-84.35289, 33.70716], [-84.35284, 33.707], [-84.35497, 33.70733], [-84.35503, 33.70695], [-84.35485, 33.70676], [-84.35544, 33.70661], [-84.35695, 33.7066], [-84.35744, 33.70711], [-84.35827, 33.70798], [-84.35834, 33.70805], [-84.35922, 33.70877], [-84.35952, 33.70899], [-84.35962, 33.70907], [-84.35979, 33.70919], [-84.36057, 33.70975], [-84.36064, 33.70978], [-84.36067, 33.7098], [-84.36122, 33.7102], [-84.36144, 33.71037], [-84.36148, 33.71039], [-84.36262, 33.71108], [-84.3631, 33.7114], [-84.36319, 33.71146], [-84.36416, 33.71203], [-84.36523, 33.71267], [-84.36537, 33.71274], [-84.36567, 33.71289], [-84.36652, 33.71317], [-84.36671, 33.71324], [-84.36708, 33.71336], [-84.36809, 33.71367], [-84.36859, 33.71382], [-84.36858, 33.71422], [-84.36857, 33.71464], [-84.36855, 33.71507], [-84.36854, 33.71566], [-84.36854, 33.71588], [-84.36853, 33.7162], [-84.36853, 33.71632], [-84.36853, 33.7171], [-84.36852, 33.71831], [-84.3685, 33.71991], [-84.3685, 33.72], [-84.36849, 33.7219], [-84.36847, 33.72276], [-84.36847, 33.72342], [-84.36846, 33.72467], [-84.36846, 33.72484], [-84.36844, 33.7258], [-84.36842, 33.72625], [-84.37048, 33.72559], [-84.37298, 33.72481], [-84.37379, 33.72456], [-84.37419, 33.72447], [-84.3747, 33.7244], [-84.37519, 33.72433], [-84.37571, 33.72431], [-84.37675, 33.7243], [-84.37857, 33.72431], [-84.37855, 33.72482], [-84.37856, 33.72651], [-84.37856, 33.72744], [-84.37856, 33.72759], [-84.37855, 33.72841], [-84.37854, 33.72911], [-84.37852, 33.73032], [-84.37852, 33.73091], [-84.37851, 33.73151], [-84.37971, 33.73154], [-84.37993, 33.73155], [-84.37992, 33.73159], [-84.37991, 33.73233], [-84.3799, 33.73312], [-84.37989, 33.73433], [-84.37987, 33.7355], [-84.37984, 33.73666], [-84.37989, 33.73674], [-84.37986, 33.73792], [-84.38152, 33.73794], [-84.38153, 33.73856], [-84.38153, 33.73946], [-84.38153, 33.73998], [-84.38153, 33.74083], [-84.38153, 33.74157], [-84.38153, 33.74162], [-84.38153, 33.74241], [-84.38154, 33.74302], [-84.38154, 33.74344], [-84.38112, 33.74344], [-84.38104, 33.74344], [-84.38045, 33.74345], [-84.38048, 33.74396], [-84.38047, 33.74562], [-84.38046, 33.74687], [-84.38057, 33.74687], [-84.38073, 33.74688], [-84.38071, 33.74734], [-84.3807, 33.74741], [-84.3815, 33.74743], [-84.38218, 33.74745], [-84.38353, 33.74778], [-84.38381, 33.74785], [-84.38388, 33.74785], [-84.38518, 33.74827], [-84.38356, 33.74898], [-84.38325, 33.74912], [-84.38106, 33.74877], [-84.38017, 33.74877], [-84.37927, 33.74882], [-84.37861, 33.7489], [-84.37807, 33.749], [-84.37657, 33.74934], [-84.37098, 33.75131], [-84.37086, 33.75109], [-84.37072, 33.75081], [-84.37064, 33.75063], [-84.37017, 33.74985], [-84.36963, 33.74927], [-84.36951, 33.74915], [-84.36925, 33.74889]]]}}, {"type": "Feature", "properties": {"npu": "X", "population": 12399, "acres": 2789.2, "sqmiles": 4.36}, "geometry": {"type": "MultiPolygon", "coordinates": [[[[-84.41505, 33.7228], [-84.41097, 33.72131], [-84.40989, 33.72089], [-84.40951, 33.72075], [-84.40844, 33.72053], [-84.40782, 33.72047], [-84.40607, 33.7204], [-84.40247, 33.72028], [-84.3987, 33.72013], [-84.39788, 33.72], [-84.39699, 33.7198], [-84.39659, 33.71969], [-84.39746, 33.71858], [-84.39809, 33.71741], [-84.39863, 33.71589], [-84.39911, 33.71469], [-84.40094, 33.71236], [-84.40174, 33.71103], [-84.40185, 33.7107], [-84.40244, 33.70923], [-84.4031, 33.70745], [-84.40357, 33.7056], [-84.40381, 33.70469], [-84.40382, 33.70458], [-84.40396, 33.70314], [-84.40404, 33.70152], [-84.40447, 33.699], [-84.40487, 33.69713], [-84.40491, 33.697], [-84.40495, 33.69607], [-84.40457, 33.69488], [-84.4043, 33.69436], [-84.40135, 33.69048], [-84.40051, 33.68952], [-84.40011, 33.68902], [-84.39987, 33.68872], [-84.39959, 33.6883], [-84.39931, 33.6879], [-84.39884, 33.68693], [-84.39866, 33.68594], [-84.39887, 33.68449], [-84.39888, 33.68357], [-84.39858, 33.68144], [-84.39854, 33.68113], [-84.39833, 33.67959], [-84.39815, 33.67842], [-84.39795, 33.67702], [-84.39775, 33.67578], [-84.39767, 33.67518], [-84.39773, 33.67292], [-84.39782, 33.67292], [-84.39789, 33.67292], [-84.39795, 33.67292], [-84.39801, 33.67292], [-84.39807, 33.67292], [-84.39817, 33.67292], [-84.39821, 33.67293], [-84.39858, 33.67294], [-84.39867, 33.67294], [-84.39877, 33.67294], [-84.39885, 33.67294], [-84.39901, 33.67294], [-84.39911, 33.67294], [-84.39937, 33.67294], [-84.39946, 33.67294], [-84.39956, 33.67294], [-84.40066, 33.67295], [-84.40196, 33.67297], [-84.40296, 33.67298], [-84.40345, 33.67299], [-84.40539, 33.67302], [-84.40697, 33.67305], [-84.4085, 33.67307], [-84.41211, 33.6731], [-84.41315, 33.67311], [-84.41427, 33.67312], [-84.41648, 33.67314], [-84.41809, 33.67316], [-84.41812, 33.67698], [-84.41705, 33.67698], [-84.41704, 33.67725], [-84.41703, 33.67757], [-84.41552, 33.67751], [-84.41549, 33.67759], [-84.41545, 33.6777], [-84.41542, 33.67779], [-84.41539, 33.67787], [-84.4152, 33.67842], [-84.41518, 33.6785], [-84.41516, 33.67858], [-84.41515, 33.67862], [-84.41514, 33.67866], [-84.41512, 33.67874], [-84.41507, 33.67918], [-84.41506, 33.67927], [-84.41505, 33.67935], [-84.41505, 33.67941], [-84.41505, 33.67948], [-84.41505, 33.67955], [-84.41505, 33.67969], [-84.41505, 33.67977], [-84.41506, 33.67985], [-84.41507, 33.67993], [-84.41508, 33.68001], [-84.4151, 33.68008], [-84.41514, 33.68024], [-84.41515, 33.6803], [-84.41517, 33.6804], [-84.41517, 33.68048], [-84.41517, 33.68057], [-84.41517, 33.68066], [-84.41513, 33.68131], [-84.41595, 33.68134], [-84.41689, 33.68137], [-84.41689, 33.68251], [-84.41689, 33.68353], [-84.41689, 33.68421], [-84.41688, 33.6852], [-84.41688, 33.68661], [-84.41682, 33.68927], [-84.41688, 33.68927], [-84.41693, 33.68927], [-84.41684, 33.69218], [-84.41563, 33.69217], [-84.41555, 33.69217], [-84.41546, 33.69217], [-84.41546, 33.69272], [-84.41545, 33.69281], [-84.41541, 33.69485], [-84.41541, 33.6953], [-84.41531, 33.69724], [-84.41847, 33.69727], [-84.41866, 33.69727], [-84.41884, 33.69727], [-84.41957, 33.69727], [-84.42195, 33.69731], [-84.42245, 33.69732], [-84.42315, 33.69733], [-84.42737, 33.69737], [-84.42754, 33.69737], [-84.428, 33.69738], [-84.42878, 33.6974], [-84.42961, 33.69742], [-84.42949, 33.69797], [-84.42947, 33.69811], [-84.42945, 33.69823], [-84.42944, 33.69834], [-84.42942, 33.69846], [-84.42941, 33.69858], [-84.42939, 33.69869], [-84.42938, 33.69877], [-84.42937, 33.69889], [-84.42936, 33.69897], [-84.42935, 33.69905], [-84.42934, 33.69916], [-84.42933, 33.69924], [-84.42933, 33.69934], [-84.42932, 33.69944], [-84.42931, 33.69951], [-84.42931, 33.6996], [-84.4293, 33.69971], [-84.4288, 33.69974], [-84.42695, 33.71093], [-84.42685, 33.71134], [-84.42674, 33.71175], [-84.4247, 33.71826], [-84.42449, 33.719], [-84.42424, 33.71972], [-84.42396, 33.72033], [-84.4236, 33.72104], [-84.42322, 33.72164], [-84.42277, 33.72228], [-84.42245, 33.72227], [-84.42121, 33.72224], [-84.4207, 33.72224], [-84.41984, 33.72223], [-84.41875, 33.7222], [-84.41856, 33.72218], [-84.41802, 33.72218], [-84.41796, 33.72423], [-84.41645, 33.72344], [-84.41505, 33.7228]]], [[[-84.42135, 33.65887], [-84.4209, 33.65886], [-84.42068, 33.65886], [-84.42056, 33.65886], [-84.42072, 33.65853], [-84.4211, 33.65779], [-84.42146, 33.65722], [-84.42064, 33.65665], [-84.41919, 33.65564], [-84.41902, 33.65551], [-84.41901, 33.65468], [-84.41899, 33.65067], [-84.41899, 33.65017], [-84.41898, 33.64877], [-84.41906, 33.64877], [-84.42308, 33.64877], [-84.42325, 33.64877], [-84.42841, 33.64877], [-84.42842, 33.65341], [-84.42842, 33.6535], [-84.42842, 33.65496], [-84.42843, 33.65602], [-84.42843, 33.6566], [-84.42843, 33.65678], [-84.42842, 33.65747], [-84.42687, 33.65748], [-84.42687, 33.65759], [-84.42682, 33.65765], [-84.4269, 33.65898], [-84.42582, 33.65896], [-84.42272, 33.6589], [-84.42135, 33.65887]]]]}}, {"type": "Feature", "properties": {"npu": "Y", "population": 12580, "acres": 2106.6, "sqmiles": 3.29}, "geometry": {"type": "Polygon", "coordinates": [[[-84.36846, 33.72467], [-84.36847, 33.72342], [-84.36847, 33.72276], [-84.36849, 33.7219], [-84.3685, 33.72], [-84.3685, 33.71991], [-84.36852, 33.71831], [-84.36853, 33.7171], [-84.36853, 33.71632], [-84.36853, 33.7162], [-84.36854, 33.71588], [-84.36854, 33.71566], [-84.36855, 33.71507], [-84.36857, 33.71464], [-84.36858, 33.71422], [-84.36859, 33.71382], [-84.36809, 33.71367], [-84.36708, 33.71336], [-84.36671, 33.71324], [-84.36652, 33.71317], [-84.36567, 33.71289], [-84.36537, 33.71274], [-84.36523, 33.71267], [-84.36416, 33.71203], [-84.36319, 33.71146], [-84.3631, 33.7114], [-84.36262, 33.71108], [-84.36148, 33.71039], [-84.36144, 33.71037], [-84.36122, 33.7102], [-84.36067, 33.7098], [-84.36064, 33.70978], [-84.36409, 33.70724], [-84.36428, 33.70704], [-84.36731, 33.70493], [-84.36889, 33.70494], [-84.3689, 33.70307], [-84.37485, 33.70219], [-84.3747, 33.70211], [-84.3745, 33.70198], [-84.37421, 33.70171], [-84.37333, 33.70073], [-84.37283, 33.70018], [-84.37242, 33.69972], [-84.37346, 33.69971], [-84.37409, 33.6996], [-84.37515, 33.6996], [-84.37524, 33.69972], [-84.37564, 33.69957], [-84.37585, 33.69943], [-84.37604, 33.69932], [-84.37642, 33.69926], [-84.37695, 33.69925], [-84.37744, 33.6992], [-84.37774, 33.69913], [-84.37817, 33.69895], [-84.37812, 33.6977], [-84.38034, 33.69772], [-84.38036, 33.69799], [-84.38261, 33.69799], [-84.38262, 33.69699], [-84.38484, 33.69698], [-84.38843, 33.69702], [-84.38939, 33.69703], [-84.3896, 33.6975], [-84.391, 33.69889], [-84.3921, 33.6993], [-84.39216, 33.69931], [-84.39368, 33.69813], [-84.39989, 33.69805], [-84.40098, 33.69803], [-84.40205, 33.69781], [-84.40236, 33.69772], [-84.40373, 33.69734], [-84.40397, 33.69727], [-84.40428, 33.69719], [-84.40433, 33.69717], [-84.40491, 33.697], [-84.40487, 33.69713], [-84.40447, 33.699], [-84.40404, 33.70152], [-84.40396, 33.70314], [-84.40382, 33.70458], [-84.40381, 33.70469], [-84.40357, 33.7056], [-84.4031, 33.70745], [-84.40244, 33.70923], [-84.40185, 33.7107], [-84.40174, 33.71103], [-84.40094, 33.71236], [-84.39911, 33.71469], [-84.39863, 33.71589], [-84.39809, 33.71741], [-84.39746, 33.71858], [-84.39659, 33.71969], [-84.39621, 33.7196], [-84.39579, 33.71946], [-84.39546, 33.71945], [-84.3951, 33.71938], [-84.39446, 33.71936], [-84.39385, 33.71941], [-84.39349, 33.71949], [-84.39319, 33.71958], [-84.3927, 33.71973], [-84.39144, 33.72015], [-84.3903, 33.72061], [-84.38855, 33.72147], [-84.38806, 33.72172], [-84.38506, 33.72322], [-84.38437, 33.72356], [-84.38394, 33.72373], [-84.38363, 33.72386], [-84.38314, 33.72402], [-84.38277, 33.72411], [-84.38245, 33.72418], [-84.38216, 33.72423], [-84.38183, 33.72428], [-84.3815, 33.7243], [-84.38098, 33.72433], [-84.38057, 33.72433], [-84.38026, 33.72433], [-84.37857, 33.72431], [-84.37675, 33.7243], [-84.37571, 33.72431], [-84.37519, 33.72433], [-84.3747, 33.7244], [-84.37419, 33.72447], [-84.37379, 33.72456], [-84.37298, 33.72481], [-84.37048, 33.72559], [-84.36842, 33.72625], [-84.36844, 33.7258], [-84.36846, 33.72484], [-84.36846, 33.72467]]]}}, {"type": "Feature", "properties": {"npu": "Z", "population": 19254, "acres": 6704.4, "sqmiles": 10.48}, "geometry": {"type": "Polygon", "coordinates": [[[-84.35744, 33.70711], [-84.35695, 33.7066], [-84.35544, 33.70661], [-84.35485, 33.70676], [-84.35503, 33.70695], [-84.35497, 33.70733], [-84.35284, 33.707], [-84.35289, 33.70716], [-84.35185, 33.70727], [-84.35172, 33.70727], [-84.35172, 33.70759], [-84.35121, 33.70762], [-84.35013, 33.70736], [-84.34952, 33.70738], [-84.34952, 33.70467], [-84.34952, 33.70454], [-84.34952, 33.70412], [-84.34953, 33.70347], [-84.34953, 33.70127], [-84.34953, 33.70072], [-84.34953, 33.69982], [-84.34953, 33.69888], [-84.34954, 33.69832], [-84.34954, 33.69739], [-84.34954, 33.69729], [-84.34954, 33.69674], [-84.34955, 33.69541], [-84.34955, 33.69491], [-84.34958, 33.69238], [-84.34961, 33.68871], [-84.34964, 33.68473], [-84.34966, 33.68365], [-84.34969, 33.68033], [-84.34973, 33.67601], [-84.34978, 33.66991], [-84.34982, 33.66576], [-84.34983, 33.66467], [-84.34984, 33.66378], [-84.34984, 33.66309], [-84.34985, 33.66216], [-84.34986, 33.66155], [-84.34989, 33.65781], [-84.3499, 33.65622], [-84.3499, 33.65535], [-84.34989, 33.65276], [-84.34987, 33.64799], [-84.35022, 33.64799], [-84.35177, 33.648], [-84.3526, 33.64801], [-84.35402, 33.64802], [-84.35935, 33.64808], [-84.35967, 33.64809], [-84.35983, 33.64809], [-84.36027, 33.64809], [-84.36044, 33.64809], [-84.36061, 33.6481], [-84.361, 33.6481], [-84.36111, 33.6481], [-84.36529, 33.64811], [-84.36606, 33.64812], [-84.36904, 33.64816], [-84.36965, 33.64817], [-84.36972, 33.64817], [-84.37003, 33.64818], [-84.37016, 33.64818], [-84.37134, 33.64819], [-84.37512, 33.64824], [-84.37582, 33.64825], [-84.37947, 33.6483], [-84.38058, 33.6483], [-84.38547, 33.64834], [-84.38592, 33.64834], [-84.38929, 33.64832], [-84.39355, 33.6483], [-84.39386, 33.6483], [-84.39475, 33.6483], [-84.39582, 33.64829], [-84.39748, 33.64829], [-84.39766, 33.64828], [-84.39929, 33.64828], [-84.39931, 33.65011], [-84.39936, 33.65371], [-84.39755, 33.65333], [-84.39745, 33.65331], [-84.39736, 33.65341], [-84.3972, 33.65338], [-84.39696, 33.65348], [-84.39672, 33.65413], [-84.39668, 33.65416], [-84.39623, 33.65447], [-84.39588, 33.65484], [-84.39581, 33.65502], [-84.39578, 33.65508], [-84.39572, 33.65526], [-84.39559, 33.65569], [-84.39547, 33.65609], [-84.39541, 33.65632], [-84.3954, 33.6564], [-84.39539, 33.65649], [-84.39523, 33.6579], [-84.39517, 33.6585], [-84.39518, 33.65854], [-84.39518, 33.65859], [-84.39519, 33.6592], [-84.39521, 33.65966], [-84.39521, 33.65975], [-84.39521, 33.65986], [-84.39522, 33.65993], [-84.39522, 33.65998], [-84.39523, 33.66009], [-84.39524, 33.66021], [-84.39525, 33.66032], [-84.39527, 33.66043], [-84.39528, 33.66054], [-84.39529, 33.66057], [-84.3953, 33.66064], [-84.39532, 33.66074], [-84.39551, 33.66169], [-84.39561, 33.66222], [-84.39563, 33.66231], [-84.39566, 33.6624], [-84.3957, 33.6625], [-84.39574, 33.66258], [-84.39594, 33.6632], [-84.39613, 33.66357], [-84.39614, 33.66362], [-84.39615, 33.66367], [-84.39643, 33.66395], [-84.39662, 33.6644], [-84.39681, 33.66526], [-84.39698, 33.66599], [-84.397, 33.66606], [-84.39766, 33.66775], [-84.39769, 33.66785], [-84.39773, 33.66795], [-84.39776, 33.66805], [-84.39806, 33.66805], [-84.39809, 33.66822], [-84.3981, 33.6683], [-84.39813, 33.66863], [-84.39815, 33.669], [-84.39818, 33.66904], [-84.39821, 33.66908], [-84.3982, 33.66983], [-84.3982, 33.67024], [-84.39821, 33.6709], [-84.39821, 33.67095], [-84.39827, 33.67108], [-84.39819, 33.67148], [-84.39821, 33.6728], [-84.39821, 33.67293], [-84.39817, 33.67292], [-84.39807, 33.67292], [-84.39801, 33.67292], [-84.39795, 33.67292], [-84.39789, 33.67292], [-84.39782, 33.67292], [-84.39773, 33.67292], [-84.39767, 33.67518], [-84.39775, 33.67578], [-84.39795, 33.67702], [-84.39815, 33.67842], [-84.39833, 33.67959], [-84.39854, 33.68113], [-84.39858, 33.68144], [-84.39888, 33.68357], [-84.39887, 33.68449], [-84.39866, 33.68594], [-84.39884, 33.68693], [-84.39931, 33.6879], [-84.39959, 33.6883], [-84.39987, 33.68872], [-84.40011, 33.68902], [-84.40051, 33.68952], [-84.40135, 33.69048], [-84.4043, 33.69436], [-84.40457, 33.69488], [-84.40495, 33.69607], [-84.40491, 33.697], [-84.40433, 33.69717], [-84.40428, 33.69719], [-84.40397, 33.69727], [-84.40373, 33.69734], [-84.40236, 33.69772], [-84.40205, 33.69781], [-84.40098, 33.69803], [-84.39989, 33.69805], [-84.39368, 33.69813], [-84.39216, 33.69931], [-84.3921, 33.6993], [-84.391, 33.69889], [-84.3896, 33.6975], [-84.38939, 33.69703], [-84.38843, 33.69702], [-84.38484, 33.69698], [-84.38262, 33.69699], [-84.38261, 33.69799], [-84.38036, 33.69799], [-84.38034, 33.69772], [-84.37812, 33.6977], [-84.37817, 33.69895], [-84.37774, 33.69913], [-84.37744, 33.6992], [-84.37695, 33.69925], [-84.37642, 33.69926], [-84.37604, 33.69932], [-84.37585, 33.69943], [-84.37564, 33.69957], [-84.37524, 33.69972], [-84.37515, 33.6996], [-84.37409, 33.6996], [-84.37346, 33.69971], [-84.37242, 33.69972], [-84.37283, 33.70018], [-84.37333, 33.70073], [-84.37421, 33.70171], [-84.3745, 33.70198], [-84.3747, 33.70211], [-84.37485, 33.70219], [-84.3689, 33.70307], [-84.36889, 33.70494], [-84.36731, 33.70493], [-84.36428, 33.70704], [-84.36409, 33.70724], [-84.36064, 33.70978], [-84.36057, 33.70975], [-84.35979, 33.70919], [-84.35962, 33.70907], [-84.35952, 33.70899], [-84.35922, 33.70877], [-84.35834, 33.70805], [-84.35827, 33.70798], [-84.35744, 33.70711]]]}}]}