{"type":"FeatureCollection","features":[{"type":"Feature","geometry":{"type":"LineString","coordinates":[[-84.49044710005359,33.71597109998635],[-84.49022060040033,33.71596049967735],[-84.48994499956206,33.71594210044765]]},"properties":{"overall":33,"safety":100,"sidewalk":0,"sidewalk_present":0,"canopy":0.0,"comfort":0.0,"name":"","road_type":"service","osm_id":729875389}},{"type":"Feature","geometry":{"type":"LineString","coordinates":[[-84.49044069957858,33.71618640038213],[-84.49021789973625,33.71619790001313],[-84.49010489992116,33.716200699602666],[-84.48998029975098,33.71620300006845],[-84.48992310017093,33.716190399667255]]},"properties":{"overall":33,"safety":100,"sidewalk":0,"sidewalk_present":0,"canopy":0.0,"comfort":0.0,"name":"","road_type":"service","osm_id":830667751}},{"type":"Feature","geometry":{"type":"LineString","coordinates":[[-84.49042779970318,33.716622800002256],[-84.49007259987053,33.716605999767125],[-84.4899805002998,33.7165960002053],[-84.48994139957591,33.716578000274524],[-84.48992629995871,33.71652930018712],[-84.48995550004628,33.71648329986442],[-84.48998909961722,33.716468899919846],[-84.49004010017046,33.71646260016894],[-84.49043229991065,33.716470800187324]]},"properties":{"overall":33,"safety":100,"sidewalk":0,"sidewalk_present":0,"canopy":0.0,"comfort":0.0,"name":"","road_type":"service","osm_id":715385874}},{"type":"Feature","geometry":{"type":"LineString","coordinates":[[-84.49042130030273,33.71684209968322],[-84.48983060040183,33.71686950022729],[-84.48969609959528,33.7168968998721]]},"properties":{"overall":33,"safety":100,"sidewalk":0,"sidewalk_present":0,"canopy":0.0,"comfort":0.0,"name":"","road_type":"service","osm_id":830667749}},{"type":"Feature","geometry":{"type":"LineString","coordinates":[[-84.49040500009062,33.717390099773354],[-84.48987580032787,33.717369599727306],[-84.48978660017144,33.717344499649016]]},"properties":{"overall":33,"safety":100,"sidewalk":0,"sidewalk_present":0,"canopy":0.0,"comfort":0.0,"name":"","road_type":"service","osm_id":830667748}},{"type":"Feature","geometry":{"type":"LineString","coordinates":[[-84.48642039998145,33.716223500114495],[-84.48665089981915,33.71623740003605],[-84.48694880024692,33.716270200109705],[-84.48706590007117,33.716261699717734],[-84.48713720012165,33.71622679972705],[-84.48719699964181,33.716169600147],[-84.48729499966447,33.716042499861544],[-84.48736250007926,33.71598010040134],[-84.48741969965937,33.71595250020778],[-84.4875318001524,33.71595779991259],[-84.48758389967719,33.715989599940144],[-84.48755089995404,33.71609439973679]]},"properties":{"overall":33,"safety":100,"sidewalk":0,"sidewalk_present":0,"canopy":0.0,"comfort":0.0,"name":"","road_type":"service","osm_id":713017576}},{"type":"Feature","geometry":{"type":"LineString","coordinates":[[-84.48641909956177,33.71628150009121],[-84.48657609960725,33.716291999676116],[-84.48693200001173,33.71637790021998],[-84.48705169977609,33.71641559980014],[-84.48711820014478,33.716458099961415],[-84.4872060000568,33.716597699923966],[-84.48725710043482,33.71664909977619],[-84.48734590039294,33.71667309998361]]},"properties":{"overall":33,"safety":100,"sidewalk":0,"sidewalk_present":0,"canopy":0.0,"comfort":0.0,"name":"","road_type":"service","osm_id":713017577}},{"type":"Feature","geometry":{"type":"LineString","coordinates":[[-84.48734550019464,33.717055200337256],[-84.48726629960004,33.7170873996638],[-84.48715389963274,33.7170928000927],[-84.48706170023723,33.71706979993138],[-84.48698890011758,33.717013100374345],[-84.48690880020092,33.71687660037486],[-84.4868608996108,33.716775500389076],[-84.48682489974931,33.716729500066435],[-84.4867437997865,33.71670189987282],[-84.48656230040979,33.71668890017264],[-84.48640990039655,33.716687199554656]]},"properties":{"overall":33,"safety":100,"sidewalk":0,"sidewalk_present":0,"canopy":0.0,"comfort":0.0,"name":"","road_type":"service","osm_id":713017578}},{"type":"Feature","geometry":{"type":"LineString","coordinates":[[-84.48639699962177,33.71726100029497],[-84.48658269973174,33.71727349997212],[-84.48671719963903,33.717299799746],[-84.486761500243,33.71732439980127],[-84.48678959956032,33.71736439984721],[-84.48682129976311,33.71743500022512],[-84.48683759997522,33.71745219975924],[-84.48689300001189,33.71747500027112],[-84.48696759967493,33.71748909984211],[-84.48719820023672,33.71749159995744]]},"properties":{"overall":33,"safety":100,"sidewalk":0,"sidewalk_present":0,"canopy":0.0,"comfort":0.0,"name":"","road_type":"service","osm_id":831253499}},{"type":"Feature","geometry":{"type":"LineString","coordinates":[[-84.48638929962647,33.71760249985556],[-84.48651530004105,33.71760349990166],[-84.48656390030374,33.71761100024753],[-84.48660469984696,33.717629500201326],[-84.48663649987452,33.7176614000536],[-84.48666229962538,33.717700400053445],[-84.48668629983285,33.717735300044126],[-84.48671089988807,33.7177717999287],[-84.48675719968497,33.717814700288216],[-84.48678539972639,33.71782669994229],[-84.48682620016899,33.71784119971164],[-84.48690480001648,33.717852600417245],[-84.4870289999883,33.71785809977155],[-84.48716109960503,33.71785809977155]]},"properties":{"overall":33,"safety":100,"sidewalk":0,"sidewalk_present":0,"canopy":0.0,"comfort":0.0,"name":"","road_type":"service","osm_id":831253498}},{"type":"Feature","geometry":{"type":"LineString","coordinates":[[-84.4863594996911,33.718929999919624],[-84.48631100015251,33.71893559999802],[-84.48625450024497,33.71894210029774],[-84.48615049994555,33.71894210029774],[-84.48610429997342,33.71891679967064],[-84.48608360027788,33.718880299786065],[-84.48608010011651,33.718812900095315],[-84.4860812998121,33.71873879955598],[-84.48608010011651,33.71869390000353],[-84.48605969989518,33.71861079994852],[-84.48603809997832,33.71857539993482],[-84.48606360025491,33.71853100040539],[-84.48612940005171,33.71847560036872],[-84.4861874998532,33.71843760041497],[-84.48623779983456,33.7184240997924],[-84.48634519957125,33.71842469964025],[-84.48637079967261,33.71842459981548]]},"properties":{"overall":32,"safety":97,"sidewalk":0,"sidewalk_present":0,"canopy":0.0,"comfort":0.0,"name":"","road_type":"service","osm_id":795177048}},{"type":"Feature","geometry":{"type":"LineString","coordinates":[[-84.48699560006685,33.71889960013647],[-84.48682949978155,33.71887650015043],[-84.48665900001282,33.718852699592446],[-84.48661609965325,33.71918850014919]]},"properties":{"overall":43,"safety":93,"sidewalk":0,"sidewalk_present":0,"canopy":35.7,"comfort":56.8,"name":"","road_type":"service","osm_id":562935909}},{"type":"Feature","geometry":{"type":"LineString","coordinates":[[-84.48701440039423,33.71917400037984],[-84.48707479976218,33.71914609981269],[-84.48710699998804,33.719056899656266],[-84.48712039988652,33.718980999573546],[-84.48708420037553,33.71891519977669],[-84.48699560006685,33.71889960013647]]},"properties":{"overall":34,"safety":79,"sidewalk":0,"sidewalk_present":0,"canopy":23.2,"comfort":52.3,"name":"","road_type":"service","osm_id":562935910}},{"type":"Feature","geometry":{"type":"LineString","coordinates":[[-84.46919379985394,33.71260560036819],[-84.46928159976596,33.71265140014208],[-84.46936560004235,33.71267390028032],[-84.46944150012507,33.71269390030329],[-84.4694862998528,33.71271209988356],[-84.46959039997694,33.71276110034455],[-84.46965290016118,33.71277700035836],[-84.46973090016087,33.712774100044726]]},"properties":{"overall":33,"safety":100,"sidewalk":0,"sidewalk_present":0,"canopy":0.0,"comfort":0.0,"name":"","road_type":"service","osm_id":841271558}},{"type":"Feature","geometry":{"type":"LineString","coordinates":[[-84.47455200017464,33.71244400029042],[-84.4761813999516,33.712405199940065],[-84.47647990022716,33.71249109958461],[-84.47676659959888,33.71261459988392]]},"properties":{"overall":33,"safety":100,"sidewalk":0,"sidewalk_present":0,"canopy":0.0,"comfort":0.0,"name":"Head Road Southwest","road_type":"residential","osm_id":9264360}},{"type":"Feature","geometry":{"type":"LineString","coordinates":[[-84.47676659959888,33.71261459988392],[-84.4766775999912,33.71293749966594]]},"properties":{"overall":33,"safety":100,"sidewalk":0,"sidewalk_present":0,"canopy":0.0,"comfort":0.0,"name":"","road_type":"service","osm_id":1157440823}},{"type":"Feature","geometry":{"type":"LineString","coordinates":[[-84.47676659959888,33.71261459988392],[-84.47696650000393,33.71296950024231]]},"properties":{"overall":33,"safety":100,"sidewalk":0,"sidewalk_present":0,"canopy":0.0,"comfort":0.0,"name":"","road_type":"service","osm_id":1157440824}},{"type":"Feature","geometry":{"type":"LineString","coordinates":[[-84.47423850010665,33.713100300338624],[-84.47437430043357,33.7131122999927],[-84.47457129962572,33.71311070009881],[-84.4746666997084,33.71311349968829],[-84.47473239968048,33.713151100343055],[-84.47476590032602,33.713191100389]]},"properties":{"overall":33,"safety":100,"sidewalk":0,"sidewalk_present":0,"canopy":0.0,"comfort":0.0,"name":"","road_type":"service","osm_id":734425015}},{"type":"Feature","geometry":{"type":"LineString","coordinates":[[-84.47532249973352,33.71410710036247],[-84.47503979964699,33.71412320002571],[-84.47487859976752,33.714153699633584],[-84.47477170005385,33.71415490022849],[-84.47466030013271,33.71415490022849],[-84.47455629983335,33.71414270002566],[-84.47450349973667,33.71412689983663],[-84.4743935998847,33.71413170041768],[-84.47435840041982,33.71417810003936],[-84.47428810041549,33.71425240022813],[-84.47417089986709,33.71431820002499],[-84.47410050003799,33.714337700024885],[-84.47401999992303,33.71434869963281],[-84.47394380036604,33.71434749993722],[-84.47377379972102,33.71427679973459],[-84.47369610009491,33.71425330044951]]},"properties":{"overall":33,"safety":100,"sidewalk":0,"sidewalk_present":0,"canopy":0.0,"comfort":0.0,"name":"","road_type":"service","osm_id":619229842}},{"type":"Feature","geometry":{"type":"LineString","coordinates":[[-84.47183900006974,33.71703000043425],[-84.47173699986263,33.716999999950076],[-84.47128799984131,33.716999999950076],[-84.47112799965743,33.71696600018083],[-84.47103399981921,33.71691499962759],[-84.47095399972727,33.71683999976625],[-84.47090400011945,33.71675700043528],[-84.47088099995813,33.71665900041256],[-84.470899999935,33.71502000037276],[-84.47091199958908,33.71491299993505],[-84.47095499977337,33.714780000096994],[-84.47102700039574,33.71465699982076],[-84.47110799963446,33.714564000028645],[-84.47143300023276,33.71425600021428],[-84.47151999974812,33.714138000168646],[-84.4715850000477,33.71400999966181],[-84.47162169958176,33.71386860015582],[-84.47163200041643,33.71382900030818],[-84.47164400007051,33.71356799996329],[-84.47162500009364,33.71341600014836],[-84.47157799972484,33.713282000264144],[-84.47151300032465,33.71316900044906],[-84.47142800000216,33.7130650001497],[-84.47131200004873,33.712965000034785],[-84.47119199991084,33.712890000173445],[-84.4709709996119,33.712783999781834],[-84.46963690032266,33.71225920040183],[-84.46941299971013,33.71218199989943],[-84.46919699964178,33.712139999761234],[-84.46849799978281,33.71211500040698],[-84.46832299980656,33.712088000061215],[-84.4676890002471,33.711953000130904],[-84.4674760003171,33.71193400015403],[-84.46713390000946,33.71191519982665]]},"properties":{"overall":33,"safety":100,"sidewalk":0,"sidewalk_present":0,"canopy":0.0,"comfort":0.0,"name":"Mill Acres Drive Southwest","road_type":"residential","osm_id":9267078}},{"type":"Feature","geometry":{"type":"LineString","coordinates":[[-84.46863749992065,33.71413569970281],[-84.46875640018766,33.714096400228755],[-84.46883650010437,33.714005399629514],[-84.46891199998879,33.71392719998033],[-84.46897979987784,33.7139003003586],[-84.46920199987238,33.713906199911264],[-84.46931770035155,33.71386560001747],[-84.46943880036031,33.71372600005492],[-84.46942879989916,33.71364130010596]]},"properties":{"overall":32,"safety":95,"sidewalk":0,"sidewalk_present":0,"canopy":0.0,"comfort":0.0,"name":"","road_type":"service","osm_id":1348932628}},{"type":"Feature","geometry":{"type":"LineString","coordinates":[[-84.47162169958176,33.71386860015582],[-84.47173599981647,33.71395580022005],[-84.47181099967787,33.71402550037658],[-84.47189309968678,33.71415619974886],[-84.47191580037384,33.714199699956225]]},"properties":{"overall":33,"safety":100,"sidewalk":0,"sidewalk_present":0,"canopy":0.0,"comfort":0.0,"name":"","road_type":"service","osm_id":828041042}},{"type":"Feature","geometry":{"type":"LineString","coordinates":[[-84.46920039997843,33.7168723996416],[-84.4693498996781,33.716850500250416],[-84.46942560011132,33.71682809993689],[-84.46948079959918,33.716800399918554],[-84.4695083997928,33.716751600006376],[-84.46951830042917,33.71669150011269],[-84.4695083997928,33.7166414996056],[-84.46947869968221,33.71660499972103],[-84.46943270025889,33.71658609956887],[-84.46933570028233,33.71658790001163],[-84.46915160006625,33.71662430007143]]},"properties":{"overall":33,"safety":100,"sidewalk":0,"sidewalk_present":0,"canopy":0.0,"comfort":0.0,"name":"","road_type":"service","osm_id":1267943883}},{"type":"Feature","geometry":{"type":"LineString","coordinates":[[-84.4715439999556,33.7201610000302],[-84.47152299988647,33.72003599966172],[-84.47153999977115,33.718099000268694],[-84.47155499956352,33.71775799983186],[-84.47157699967875,33.717623999947705],[-84.47161799977084,33.717492000155744],[-84.47183900006974,33.71703000043425],[-84.47226199979144,33.71621299963027],[-84.47241399960637,33.7159799996773],[-84.47254600029765,33.71584699983924],[-84.4728259997201,33.715627999632545],[-84.47294099962738,33.71551499981746],[-84.47314890040138,33.71523639974009],[-84.4732230000414,33.715137000372295],[-84.47340600038655,33.714857000050586],[-84.47356599967111,33.71457200039754],[-84.4736489999014,33.71439000009849],[-84.47369610009491,33.71425330044951],[-84.47371100006256,33.71420999989164],[-84.4737930002467,33.713890999570026],[-84.47384599999288,33.71375400044684],[-84.47423850010665,33.713100300338624],[-84.47447400017495,33.71270799987434],[-84.47452699992107,33.712580000266826],[-84.47455200017464,33.71244400029042],[-84.47461699957483,33.71118299969572],[-84.47462900012823,33.710279000275705],[-84.47460630034044,33.70979050023146],[-84.47458099971334,33.7092450002566],[-84.47451660016094,33.70814130008097]]},"properties":{"overall":32,"safety":96,"sidewalk":0,"sidewalk_present":0,"canopy":0.0,"comfort":0.0,"name":"Dodson Drive Southwest","road_type":"residential","osm_id":9253377}},{"type":"Feature","geometry":{"type":"LineString","coordinates":[[-84.47314890040138,33.71523639974009],[-84.47332410002718,33.71525550044106],[-84.47353769980498,33.715262300215045],[-84.4737151998965,33.715233600150555],[-84.47385160007127,33.71519670006768]]},"properties":{"overall":33,"safety":100,"sidewalk":0,"sidewalk_present":0,"canopy":0.0,"comfort":0.0,"name":"","road_type":"service","osm_id":729863478}},{"type":"Feature","geometry":{"type":"LineString","coordinates":[[-84.47372389993802,33.715902899898936],[-84.47381360011752,33.715866300189646],[-84.47389219996501,33.715853400314245],[-84.47410360000111,33.71584699983924],[-84.47426090042018,33.71583309991769],[-84.47447999955227,33.71582659961791]]},"properties":{"overall":33,"safety":100,"sidewalk":0,"sidewalk_present":0,"canopy":0.0,"comfort":0.0,"name":"","road_type":"service","osm_id":828041041}},{"type":"Feature","geometry":{"type":"LineString","coordinates":[[-84.47371300015482,33.71972699980125],[-84.47370299969367,33.71963600010139],[-84.47373200013169,33.71765400043182],[-84.4737510001085,33.71632000006798],[-84.4737570003852,33.71592599988503],[-84.47372389993802,33.715902899898936],[-84.47371400020091,33.71589600030023],[-84.47263499990527,33.71588799993128],[-84.4725850002975,33.71587400018501],[-84.47254600029765,33.71584699983924]]},"properties":{"overall":57,"safety":99,"sidewalk":0,"sidewalk_present":0,"canopy":71.7,"comfort":78.1,"name":"Woodland Terrace Southwest","road_type":"residential","osm_id":9268673}},{"type":"Feature","geometry":{"type":"LineString","coordinates":[[-84.48090299987354,33.719688999847506],[-84.48075669996172,33.719415499825516],[-84.48059900024361,33.71929449964148],[-84.4804386996862,33.71927189967846],[-84.48019959963176,33.719357999871875],[-84.47999000003841,33.71940319979791],[-84.47983719982687,33.71939079994553],[-84.4796226998277,33.7192800996969],[-84.47955370024306,33.71917140043985],[-84.47952409995719,33.7190751001358],[-84.47950679969898,33.71900940016371],[-84.47928990030863,33.71911200021867],[-84.47908029981596,33.71927189967846],[-84.47885110039795,33.71935599977962],[-84.47852070027005,33.719509800037315],[-84.47820760040042,33.71961440018447],[-84.4778599998391,33.719700500377826],[-84.47756170011235,33.719714799598364],[-84.47732999967968,33.719763999708846],[-84.47753950034763,33.71963490023052],[-84.47767760024101,33.71952000014795],[-84.47787479998198,33.719398999963914],[-84.47797589996776,33.71928629962309],[-84.47796359994015,33.71903820005292],[-84.47798080037359,33.71886389974924],[-84.4778674003602,33.71862190028054],[-84.47778609984857,33.71843119993997],[-84.47774409971038,33.71814620028698],[-84.47783539978383,33.71800060004773],[-84.47785019992676,33.717955400121696],[-84.47783780007438,33.71792469996501],[-84.47773920020387,33.717930800066426],[-84.47769240038394,33.71797390007549],[-84.47757650025522,33.71798420001085],[-84.47747049986361,33.717957500038665],[-84.47745080021423,33.717926700057205],[-84.47744579998363,33.7177790997257],[-84.47738910042659,33.71767859958777],[-84.4773052997997,33.71765810044104],[-84.47723139980923,33.7175781003491],[-84.47727819962915,33.717516600210956],[-84.4773990001637,33.717401799953166],[-84.47730290040852,33.71723569966787],[-84.47708840040929,33.717180299631195],[-84.476913299709,33.717176199621974],[-84.47672599970508,33.71709830034632],[-84.47660760036041,33.717006000226775],[-84.47659780044808,33.71712090030934],[-84.47667419965455,33.7172643997323],[-84.47654109999172,33.717440700128236],[-84.47635129987253,33.71755760030305],[-84.4762871997944,33.717762699688876],[-84.47617620007156,33.71779759967956],[-84.47591979975891,33.71780169968872],[-84.47580150023902,33.71767250038562],[-84.47581869977313,33.71728079976913],[-84.4757620002161,33.71704500022662],[-84.4756363001751,33.71682559982162],[-84.47564619991215,33.71656310030687],[-84.4756781995892,33.71649540024259],[-84.47579659983319,33.71643800011367],[-84.47604310040873,33.71633749997568],[-84.47611460010864,33.716280099846756],[-84.47616139992863,33.71609139959844],[-84.4764523000336,33.716239099754716],[-84.47668160017565,33.71618989964418],[-84.4773052997997,33.71629239987442],[-84.47756170011235,33.716093500414786],[-84.4776653002134,33.71604840031347],[-84.47770959991806,33.716058600424105],[-84.47788960012491,33.715845399945295],[-84.47836539994324,33.71571619974287],[-84.47874510000634,33.71564649958634],[-84.47891519957676,33.71561159959572],[-84.47910990010178,33.71563619965093],[-84.47921100008756,33.71549880032944],[-84.47931949969512,33.715488600218805],[-84.47943289970851,33.71590480016647],[-84.47955370024306,33.71596020020314],[-84.47984460034797,33.715995100193766],[-84.48014779958123,33.71612629958912],[-84.4805520996996,33.71651800020561],[-84.48075920007699,33.7167086996468],[-84.4807813998417,33.71688910005196],[-84.48097620019144,33.71703270019901],[-84.48125470044403,33.71711470038315],[-84.48166640018417,33.71708800041097],[-84.48179959967177,33.71696500013468],[-84.481893200211,33.71677639971114],[-84.48187599977751,33.71649540024259],[-84.48152099959441,33.71626369980993],[-84.48135330031454,33.71607499956161],[-84.48165160004129,33.71599710028602],[-84.48183160024814,33.71592940022168],[-84.4820732004178,33.71610580044239],[-84.48231229957292,33.71620009975487],[-84.48324919979069,33.71678869973874],[-84.48325160008125,33.71690760000581],[-84.48320230014599,33.717106500364764],[-84.48319989985544,33.71728899978757],[-84.4829533003545,33.71766629956011],[-84.48279060040585,33.71789799999277],[-84.48247010001506,33.71822199964561],[-84.48184640039102,33.71837989991252],[-84.48152339988496,33.718482400142705],[-84.48086030006277,33.7185009000965],[-84.48057919987014,33.718558300225425],[-84.4800911000242,33.7188186998232],[-84.47950679969898,33.71900940016371],[-84.47950190019247,33.71871830040931],[-84.47925539961699,33.71844140005061],[-84.47884119976152,33.71823019966405],[-84.47821259973165,33.71772779969825],[-84.47843689964316,33.717662199550944],[-84.47837030034907,33.71752690014637],[-84.4784762998413,33.71738329999937],[-84.47862919987762,33.71734229990727],[-84.47902859959015,33.7173586999441],[-84.47943529999907,33.71759450038593],[-84.47994320021849,33.71760070031212],[-84.48006399985366,33.71755760030305],[-84.48010590016713,33.71728699969532],[-84.48025139968229,33.717256199713916],[-84.48059900024361,33.7173053998244],[-84.48069760011413,33.717303399732145],[-84.48072720039994,33.71719669966802],[-84.48066060020648,33.717079800392526],[-84.480712400257,33.716967100051704],[-84.4807813998417,33.71688910005196]]},"properties":{"overall":67,"safety":100,"sidewalk":100,"sidewalk_present":1,"canopy":0.0,"comfort":0.0,"name":"","road_type":"path","osm_id":352907926}},{"type":"Feature","geometry":{"type":"LineString","coordinates":[[-84.47770959991806,33.716058600424105],[-84.47769479977518,33.71609889994431],[-84.47773260007938,33.71624939969007],[-84.47767069974299,33.71639730039516],[-84.47768359961839,33.71651230030244],[-84.4775597000201,33.716589900103884],[-84.47746160017266,33.71658720033906],[-84.47738360017297,33.71662000041272],[-84.47734660026538,33.716684200315626],[-84.47738920025137,33.71681799965103],[-84.47751950032466,33.71696519978417],[-84.47752029982195,33.71710899958072],[-84.47730290040852,33.71723569966787]]},"properties":{"overall":67,"safety":100,"sidewalk":100,"sidewalk_present":1,"canopy":0.0,"comfort":0.0,"name":"","road_type":"path","osm_id":352907927}},{"type":"Feature","geometry":{"type":"LineString","coordinates":[[-84.4773990001637,33.717401799953166],[-84.4774698001911,33.71745219975924],[-84.47760139978476,33.71747030041411],[-84.47776240001468,33.71747720001281],[-84.47796419978795,33.71759439966189],[-84.47804820006434,33.717707500201016],[-84.47821259973165,33.71772779969825]]},"properties":{"overall":67,"safety":100,"sidewalk":100,"sidewalk_present":1,"canopy":0.0,"comfort":0.0,"name":"","road_type":"path","osm_id":352907928}},{"type":"Feature","geometry":{"type":"LineString","coordinates":[[-84.47441710006905,33.71976899993945],[-84.47458239995774,33.71966150037798],[-84.47502760034342,33.71943609969628],[-84.47556669984328,33.71923089958642]]},"properties":{"overall":50,"safety":100,"sidewalk":0,"sidewalk_present":0,"canopy":51.1,"comfort":62.3,"name":"","road_type":"residential","osm_id":562942821}},{"type":"Feature","geometry":{"type":"LineString","coordinates":[[-84.47228399990661,33.720009000215214],[-84.47352699967126,33.71975400014702],[-84.47371300015482,33.71972699980125],[-84.47395799976186,33.71972000037778],[-84.47427299989897,33.71974599977813],[-84.47441710006905,33.71976899993945],[-84.47456099969037,33.71979200010077],[-84.47489299971215,33.71987500033106],[-84.47559399966332,33.72006400005364],[-84.47588100030788,33.72010800028403],[-84.4761100000764,33.72011000037628],[-84.47676799984328,33.72005499963859],[-84.47717100044127,33.72006199996139],[-84.47736439964729,33.72008130031179],[-84.4775118003293,33.720096099555406],[-84.47753099995566,33.72009799982288],[-84.47778700006995,33.720123000076455],[-84.47830980025702,33.7202098997671],[-84.47850830041767,33.72024290038962],[-84.4787952003382,33.72029060043093],[-84.47884600034263,33.720299000098805],[-84.47925899960313,33.72033199982201],[-84.47968699955533,33.720325000398475],[-84.48048860036857,33.72022989979007],[-84.48230699986811,33.72007200042253],[-84.48307900039549,33.72000120039513]]},"properties":{"overall":51,"safety":98,"sidewalk":0,"sidewalk_present":0,"canopy":53.8,"comfort":64.5,"name":"Cascade Road","road_type":"secondary","osm_id":79424659}},{"type":"Feature","geometry":{"type":"LineString","coordinates":[[-84.47367600024717,33.720326799941915],[-84.47366039970763,33.72030069981747],[-84.47363590037645,33.720279900297214],[-84.47360480002146,33.72026639967464],[-84.47357030022914,33.720261500168135],[-84.47353559988801,33.72026570000213],[-84.47350420005876,33.720278699702305],[-84.47347919980518,33.72029909992358],[-84.47346289959313,33.72032489967444],[-84.47345709986524,33.72035359973887],[-84.47346219992056,33.72038250035217],[-84.47347769973601,33.72040859957724],[-84.4735021999665,33.720429399996874],[-84.47353330032149,33.72044289972007],[-84.47356780011387,33.72044780012595],[-84.47360249955568,33.72044360029196],[-84.47363390028426,33.72043059969246],[-84.47365889963845,33.72041020037051],[-84.47367519985056,33.72038439972033],[-84.47368110030249,33.72035569965584],[-84.47367600024717,33.720326799941915]]},"properties":{"overall":45,"safety":100,"sidewalk":0,"sidewalk_present":0,"canopy":34.8,"comfort":52.7,"name":"Spring Creek Southwest","road_type":"residential","osm_id":562953690}},{"type":"Feature","geometry":{"type":"LineString","coordinates":[[-84.47073279977883,33.720327499614484],[-84.47072049975122,33.72022500028356],[-84.47071529987113,33.72014269972584],[-84.47071660029081,33.720076599555455],[-84.47073229975581,33.71988490006811]]},"properties":{"overall":33,"safety":100,"sidewalk":0,"sidewalk_present":0,"canopy":0.0,"comfort":0.0,"name":"","road_type":"service","osm_id":864578467}},{"type":"Feature","geometry":{"type":"LineString","coordinates":[[-84.47075999977415,33.72284959972927],[-84.47103490004059,33.72277340017234],[-84.47125679966155,33.72269320043091],[-84.47140149967942,33.722596900126916],[-84.47146420041247,33.722500599822865],[-84.4715075998958,33.722392299864794],[-84.4715075998958,33.722299999745246],[-84.47147870018182,33.722183700317544],[-84.47143529979923,33.722067300165804],[-84.47136289987787,33.72201519974175],[-84.47120379991537,33.721907200157204],[-84.47096500023451,33.72180290038358],[-84.4708517000459,33.721758800328416],[-84.47073589974195,33.72173070011178],[-84.47062980042489,33.72172269974283],[-84.4705164004115,33.721734700296224],[-84.47040069993233,33.72176679979805],[-84.47026319988674,33.72178889973799],[-84.47012090015937,33.721792899922434],[-84.46993760033996,33.721758800328416],[-84.46973269970431,33.72168459996436],[-84.46955900014768,33.72156819981262],[-84.46943599987145,33.72143379973011],[-84.46938540041583,33.72131150002576],[-84.46929859965064,33.721010600358966],[-84.46921499957256,33.72063899959022]]},"properties":{"overall":39,"safety":95,"sidewalk":0,"sidewalk_present":0,"canopy":20.7,"comfort":46.3,"name":"Audubon Court","road_type":"residential","osm_id":243346519}},{"type":"Feature","geometry":{"type":"LineString","coordinates":[[-84.46732299955676,33.72200839996776],[-84.46731960011942,33.72187230016658],[-84.46731900027163,33.72184439959943],[-84.46721969982923,33.72161019995082],[-84.46697389982558,33.72110960042778]]},"properties":{"overall":47,"safety":100,"sidewalk":0,"sidewalk_present":0,"canopy":42.0,"comfort":48.2,"name":"","road_type":"service","osm_id":562953687}},{"type":"Feature","geometry":{"type":"LineString","coordinates":[[-84.47367600024717,33.720326799941915],[-84.47411799994569,33.720379000190746],[-84.47437400006004,33.72043600012137],[-84.47461899966709,33.720520000397755],[-84.47494700040369,33.72056980035603]]},"properties":{"overall":41,"safety":100,"sidewalk":0,"sidewalk_present":0,"canopy":22.3,"comfort":48.5,"name":"Spring Creek Southwest","road_type":"residential","osm_id":9252087}},{"type":"Feature","geometry":{"type":"LineString","coordinates":[[-84.4775118003293,33.720096099555406],[-84.47750179986815,33.72024360006213],[-84.47750749977126,33.720305899697564],[-84.47755590038446,33.72040210017684],[-84.47756439987711,33.72044859962324],[-84.47756160028757,33.720477000213464],[-84.47754070004322,33.72048809964616],[-84.4775056004031,33.72048890004277],[-84.47747059968839,33.72046909966929],[-84.47744300039409,33.72043519972476],[-84.47744300039409,33.720397400319825],[-84.47743929968391,33.720285399651516],[-84.4774165000714,33.720230200163655],[-84.47736439964729,33.72008130031179]]},"properties":{"overall":33,"safety":100,"sidewalk":0,"sidewalk_present":0,"canopy":0.0,"comfort":0.0,"name":"","road_type":"service","osm_id":793770309}},{"type":"Feature","geometry":{"type":"LineString","coordinates":[[-84.47494700040369,33.72056980035603],[-84.47494579980878,33.720600999636474],[-84.474956300293,33.72063090029587],[-84.47497740018684,33.72065660022196],[-84.47500699957334,33.720675700023605],[-84.47504229976226,33.720686300332545],[-84.47507969986822,33.720687199654606],[-84.47511569972971,33.72067849961314],[-84.47514660043521,33.720660999705444],[-84.47516959969721,33.7206362998254],[-84.47518229992318,33.72060699991317],[-84.47518339979405,33.720575899558185],[-84.47517290020915,33.72054589997333],[-84.4751518003153,33.72052020004725],[-84.47512220002949,33.720501100245656],[-84.47508699966528,33.72049059976143],[-84.47504949973461,33.72048959971528],[-84.47501359969783,33.7204982997568],[-84.47498260006688,33.7205157996645],[-84.47495959990556,33.7205405004438],[-84.47494700040369,33.72056980035603]]},"properties":{"overall":45,"safety":100,"sidewalk":0,"sidewalk_present":0,"canopy":33.6,"comfort":53.2,"name":"Spring Creek Southwest","road_type":"residential","osm_id":562942822}},{"type":"Feature","geometry":{"type":"LineString","coordinates":[[-84.4787952003382,33.72029060043093],[-84.4787952003382,33.72047740041177],[-84.47879070013067,33.72054410042995],[-84.47878390035669,33.72058549982103],[-84.47877149960499,33.7206109002729],[-84.47876180041669,33.72063610017591],[-84.47876240026454,33.72066780037875],[-84.4787666999232,33.72072519960835]]},"properties":{"overall":33,"safety":100,"sidewalk":0,"sidewalk_present":0,"canopy":0.0,"comfort":0.0,"name":"","road_type":"service","osm_id":828446142}},{"type":"Feature","geometry":{"type":"LineString","coordinates":[[-84.47830980025702,33.7202098997671],[-84.47831049992959,33.72027659978528],[-84.47833130034917,33.720369599577396],[-84.4783700998002,33.720445300010624],[-84.4784050996156,33.72051069960918],[-84.47840830030276,33.72052999995958],[-84.4784090998001,33.720561899811855],[-84.47840270022442,33.72061300018987],[-84.47838909977708,33.720639600337336],[-84.47836840008154,33.720661499728465],[-84.4783515998464,33.720675500374114],[-84.47833240022004,33.72068280017112],[-84.47830210026166,33.720680800078924],[-84.47824859959314,33.72065489960397]]},"properties":{"overall":33,"safety":100,"sidewalk":0,"sidewalk_present":0,"canopy":0.0,"comfort":0.0,"name":"","road_type":"service","osm_id":828446141}},{"type":"Feature","geometry":{"type":"LineString","coordinates":[[-84.47753700023236,33.72167399965542],[-84.47751119958218,33.721616200227515],[-84.47749280035242,33.7215636996051],[-84.47747960010344,33.72150240001582],[-84.47747480042165,33.72142859985007],[-84.47747309980366,33.72137879989174],[-84.47746959964229,33.721339100219325],[-84.47744300039409,33.72125300002597]]},"properties":{"overall":33,"safety":100,"sidewalk":0,"sidewalk_present":0,"canopy":0.0,"comfort":0.0,"name":"","road_type":"service","osm_id":828446146}},{"type":"Feature","geometry":{"type":"LineString","coordinates":[[-84.47352200033998,33.72133900039461],[-84.47420999969171,33.721535000439985],[-84.47438599971406,33.72159999984018],[-84.47461600042806,33.72164600016282],[-84.47481799985076,33.721641999978374],[-84.47511299996495,33.721607000162976],[-84.47539300028672,33.72153899972511],[-84.47596100039982,33.72133600025626]]},"properties":{"overall":44,"safety":100,"sidewalk":0,"sidewalk_present":0,"canopy":33.4,"comfort":54.0,"name":"Springhouse Lane Southwest","road_type":"residential","osm_id":9247140}},{"type":"Feature","geometry":{"type":"LineString","coordinates":[[-84.47809499988432,33.7218699997008],[-84.47790099993114,33.721826000369674],[-84.47780099981622,33.72178200013923],[-84.47766099965537,33.721698999908995],[-84.47753700023236,33.72167399965542],[-84.4774410003019,33.721692999632296],[-84.4773650003944,33.72173799990884],[-84.47731199974896,33.7218080004389]]},"properties":{"overall":47,"safety":100,"sidewalk":0,"sidewalk_present":0,"canopy":40.8,"comfort":60.0,"name":"Veltre Place Southwest","road_type":"residential","osm_id":441660120}},{"type":"Feature","geometry":{"type":"LineString","coordinates":[[-84.47539300028672,33.72153899972511],[-84.47542800010211,33.72170700027789],[-84.47550400000955,33.72186400032342],[-84.47566500023953,33.72205700023045],[-84.47580100021594,33.722173000183886]]},"properties":{"overall":45,"safety":100,"sidewalk":0,"sidewalk_present":0,"canopy":33.8,"comfort":54.5,"name":"Spring Hollow Southwest","road_type":"residential","osm_id":9253563}},{"type":"Feature","geometry":{"type":"LineString","coordinates":[[-84.47809499988432,33.7218699997008],[-84.47813130011934,33.72186960040182],[-84.48047599996738,33.72184400030045]]},"properties":{"overall":48,"safety":100,"sidewalk":0,"sidewalk_present":0,"canopy":43.4,"comfort":57.0,"name":"Veltre Place Southwest","road_type":"residential","osm_id":9249716}},{"type":"Feature","geometry":{"type":"LineString","coordinates":[[-84.46555430019077,33.72161899981705],[-84.46555459966498,33.72180079956729],[-84.4655523999233,33.722697699739115]]},"properties":{"overall":31,"safety":91,"sidewalk":0,"sidewalk_present":0,"canopy":2.1,"comfort":26.6,"name":"","road_type":"residential","osm_id":562953682}},{"type":"Feature","geometry":{"type":"LineString","coordinates":[[-84.46632569997104,33.7213335999657],[-84.46633010035379,33.72134949997951],[-84.46636949965267,33.72149079966073],[-84.46633459966199,33.72164030025971],[-84.46633189989723,33.721742900314666],[-84.46635599992942,33.721838900245075],[-84.46643109961553,33.72201059970945],[-84.46650620020097,33.72207979984296],[-84.46659879979472,33.72212330005033],[-84.46673829993256,33.72218580023457]]},"properties":{"overall":41,"safety":98,"sidewalk":0,"sidewalk_present":0,"canopy":26.4,"comfort":38.7,"name":"","road_type":"service","osm_id":562953689}},{"type":"Feature","geometry":{"type":"LineString","coordinates":[[-84.46523970025191,33.721735599618285],[-84.46529389969368,33.721852200318835]]},"properties":{"overall":22,"safety":66,"sidewalk":0,"sidewalk_present":0,"canopy":0.0,"comfort":27.2,"name":"","road_type":"service","osm_id":562953685}},{"type":"Feature","geometry":{"type":"LineString","coordinates":[[-84.4648857001149,33.721868800005154],[-84.46493309978268,33.72197940042906]]},"properties":{"overall":30,"safety":89,"sidewalk":0,"sidewalk_present":0,"canopy":0.0,"comfort":23.8,"name":"","road_type":"service","osm_id":562953676}},{"type":"Feature","geometry":{"type":"LineString","coordinates":[[-84.46535499963346,33.722145900013345],[-84.4654830001403,33.722090900174976],[-84.46547480012191,33.72164850027809]]},"properties":{"overall":27,"safety":79,"sidewalk":0,"sidewalk_present":0,"canopy":2.4,"comfort":26.6,"name":"","road_type":"service","osm_id":562953683}},{"type":"Feature","geometry":{"type":"LineString","coordinates":[[-84.46529389969368,33.721852200318835],[-84.46535499963346,33.722145900013345],[-84.46537299956424,33.7222326000545]]},"properties":{"overall":26,"safety":78,"sidewalk":0,"sidewalk_present":0,"canopy":0.0,"comfort":24.8,"name":"","road_type":"service","osm_id":562953684}},{"type":"Feature","geometry":{"type":"LineString","coordinates":[[-84.46470510006026,33.72255940019619],[-84.46464610003744,33.722261599593196]]},"properties":{"overall":32,"safety":96,"sidewalk":0,"sidewalk_present":0,"canopy":0.0,"comfort":22.4,"name":"","road_type":"service","osm_id":562953673}},{"type":"Feature","geometry":{"type":"LineString","coordinates":[[-84.46716179967729,33.72325809968163],[-84.46718560023521,33.722673999905226],[-84.46718009998159,33.722502900288646],[-84.46710500029548,33.722387199809475],[-84.46702159986688,33.72233169994803],[-84.46640179970325,33.72234750013706],[-84.46633049965283,33.7224156003997],[-84.46631859982347,33.72293240031007],[-84.46627659968527,33.72303429979314]]},"properties":{"overall":42,"safety":97,"sidewalk":0,"sidewalk_present":0,"canopy":30.5,"comfort":42.9,"name":"","road_type":"service","osm_id":713062128}},{"type":"Feature","geometry":{"type":"LineString","coordinates":[[-84.49030309970823,33.72015620034841],[-84.4903399997911,33.71964699970931],[-84.49037470013229,33.71841320000925],[-84.4903749996065,33.71840199985246],[-84.49038869987857,33.71793959993266],[-84.49040059970787,33.71753960037233],[-84.49040500009062,33.717390099773354],[-84.49042130030273,33.71684209968322],[-84.49042779970318,33.716622800002256],[-84.49043229991065,33.716470800187324],[-84.49044069957858,33.71618640038213],[-84.49044710005359,33.71597109998635],[-84.49047100043629,33.715164999864896]]},"properties":{"overall":31,"safety":93,"sidewalk":0,"sidewalk_present":0,"canopy":0.0,"comfort":0.0,"name":"Childress Drive Southwest","road_type":"tertiary","osm_id":9252387}},{"type":"Feature","geometry":{"type":"LineString","coordinates":[[-84.49040059970787,33.71753960037233],[-84.48977520036516,33.717459799929884]]},"properties":{"overall":33,"safety":100,"sidewalk":0,"sidewalk_present":0,"canopy":0.0,"comfort":0.0,"name":"","road_type":"service","osm_id":830667747}},{"type":"Feature","geometry":{"type":"LineString","coordinates":[[-84.49098139987166,33.71784100006215],[-84.49080709956797,33.71784100006215]]},"properties":{"overall":33,"safety":100,"sidewalk":0,"sidewalk_present":0,"canopy":0.0,"comfort":0.0,"name":"","road_type":"service","osm_id":562935923}},{"type":"Feature","geometry":{"type":"LineString","coordinates":[[-84.49098139987166,33.718435499598684],[-84.49098139987166,33.71784100006215]]},"properties":{"overall":33,"safety":100,"sidewalk":0,"sidewalk_present":0,"canopy":0.0,"comfort":0.0,"name":"","road_type":"service","osm_id":562935924}},{"type":"Feature","geometry":{"type":"LineString","coordinates":[[-84.49038869987857,33.71793959993266],[-84.48992489971431,33.717930600416935],[-84.48985070024958,33.717922299674456],[-84.48976109989479,33.71789370033406],[-84.48968049995506,33.71784179955944]]},"properties":{"overall":33,"safety":100,"sidewalk":0,"sidewalk_present":0,"canopy":0.0,"comfort":0.0,"name":"","road_type":"service","osm_id":830667750}},{"type":"Feature","geometry":{"type":"LineString","coordinates":[[-84.49208040019028,33.718146599585964],[-84.49180420040346,33.71800379983557]]},"properties":{"overall":33,"safety":100,"sidewalk":0,"sidewalk_present":0,"canopy":0.0,"comfort":0.0,"name":"","road_type":"service","osm_id":562935913}},{"type":"Feature","geometry":{"type":"LineString","coordinates":[[-84.49402499975389,33.71881399996619],[-84.49394999989255,33.718449000221256],[-84.49390100033088,33.71837000017541],[-84.49375199975492,33.71820699985324],[-84.49350099987123,33.71803299992308],[-84.49338800005614,33.71793099971592],[-84.49329300017178,33.7178100004312],[-84.49316299957275,33.71752800001724]]},"properties":{"overall":40,"safety":100,"sidewalk":0,"sidewalk_present":0,"canopy":20.7,"comfort":44.2,"name":"High Falls Court Southwest","road_type":"residential","osm_id":9275928}},{"type":"Feature","geometry":{"type":"LineString","coordinates":[[-84.49237469973258,33.71861249966719],[-84.49222860036957,33.718462900142754],[-84.49219239995927,33.71838530034137],[-84.49217570044817,33.71827820007894],[-84.49213270026388,33.71817950038371],[-84.49208040019028,33.718146599585964]]},"properties":{"overall":33,"safety":100,"sidewalk":0,"sidewalk_present":0,"canopy":0.0,"comfort":0.0,"name":"","road_type":"service","osm_id":562935914}},{"type":"Feature","geometry":{"type":"LineString","coordinates":[[-84.49080709956797,33.71784100006215],[-84.49079230032436,33.71836640018927],[-84.49078429995546,33.718416600345904]]},"properties":{"overall":33,"safety":100,"sidewalk":0,"sidewalk_present":0,"canopy":0.0,"comfort":0.0,"name":"","road_type":"service","osm_id":562935922}},{"type":"Feature","geometry":{"type":"LineString","coordinates":[[-84.49105989989442,33.718662000151255],[-84.49093450022696,33.71849580004118],[-84.49078429995546,33.718416600345904],[-84.49037470013229,33.71841320000925]]},"properties":{"overall":33,"safety":100,"sidewalk":0,"sidewalk_present":0,"canopy":0.0,"comfort":0.0,"name":"","road_type":"service","osm_id":562935926}},{"type":"Feature","geometry":{"type":"LineString","coordinates":[[-84.49093450022696,33.71849580004118],[-84.49098139987166,33.718435499598684]]},"properties":{"overall":33,"safety":100,"sidewalk":0,"sidewalk_present":0,"canopy":0.0,"comfort":0.0,"name":"","road_type":"service","osm_id":562935925}},{"type":"Feature","geometry":{"type":"LineString","coordinates":[[-84.49093450022696,33.71849580004118],[-84.49089019962298,33.7185594000963]]},"properties":{"overall":33,"safety":100,"sidewalk":0,"sidewalk_present":0,"canopy":0.0,"comfort":0.0,"name":"","road_type":"service","osm_id":562935921}},{"type":"Feature","geometry":{"type":"LineString","coordinates":[[-84.49105989989442,33.718662000151255],[-84.49115310023535,33.718756800386075]]},"properties":{"overall":33,"safety":100,"sidewalk":0,"sidewalk_present":0,"canopy":0.0,"comfort":0.0,"name":"","road_type":"service","osm_id":562935931}},{"type":"Feature","geometry":{"type":"LineString","coordinates":[[-84.4933849999178,33.719242999964536],[-84.4930365000344,33.71912010041234],[-84.49287480013186,33.719022700237474],[-84.49275000031224,33.71892299959683],[-84.4925628001331,33.71874009997566],[-84.49237469973258,33.71861249966719]]},"properties":{"overall":46,"safety":100,"sidewalk":0,"sidewalk_present":0,"canopy":37.9,"comfort":50.2,"name":"Victoria Falls Court Southwest","road_type":"residential","osm_id":9259355}},{"type":"Feature","geometry":{"type":"LineString","coordinates":[[-84.49115310023535,33.718756800386075],[-84.49135359958893,33.71893080031623]]},"properties":{"overall":33,"safety":100,"sidewalk":0,"sidewalk_present":0,"canopy":0.0,"comfort":0.0,"name":"","road_type":"service","osm_id":562935930}},{"type":"Feature","geometry":{"type":"LineString","coordinates":[[-84.49135359958893,33.71893080031623],[-84.49145619964384,33.71901340034822]]},"properties":{"overall":33,"safety":100,"sidewalk":0,"sidewalk_present":0,"canopy":0.0,"comfort":0.0,"name":"","road_type":"service","osm_id":562935929}},{"type":"Feature","geometry":{"type":"LineString","coordinates":[[-84.49145619964384,33.71901340034822],[-84.49165869998899,33.7191684003015]]},"properties":{"overall":33,"safety":100,"sidewalk":0,"sidewalk_present":0,"canopy":0.0,"comfort":0.0,"name":"","road_type":"service","osm_id":562935928}},{"type":"Feature","geometry":{"type":"LineString","coordinates":[[-84.49165869998899,33.7191684003015],[-84.49178470040357,33.71920750012606]]},"properties":{"overall":33,"safety":100,"sidewalk":0,"sidewalk_present":0,"canopy":0.0,"comfort":0.0,"name":"","road_type":"service","osm_id":562935927}},{"type":"Feature","geometry":{"type":"LineString","coordinates":[[-84.49166869955081,33.719880100386376],[-84.49114099985724,33.71978809974104],[-84.4909626004436,33.71974509955675],[-84.49087479963225,33.71966589986147],[-84.49085729972455,33.71954269993569],[-84.49087610005193,33.7191973998402],[-84.49089960023633,33.7189448000625],[-84.49105989989442,33.718662000151255]]},"properties":{"overall":33,"safety":100,"sidewalk":0,"sidewalk_present":0,"canopy":0.0,"comfort":0.0,"name":"","road_type":"service","osm_id":562935932}},{"type":"Feature","geometry":{"type":"LineString","coordinates":[[-84.49089019962298,33.7185594000963],[-84.49070379984045,33.718877299647716],[-84.49067030009422,33.71934130036078],[-84.49067559979903,33.71965140009212],[-84.49073729958667,33.71979200010077],[-84.49085130034717,33.719883399998935],[-84.49110080016175,33.71995710033997],[-84.49156749974026,33.720033999569466],[-84.49175390042211,33.72006750021501]]},"properties":{"overall":33,"safety":100,"sidewalk":0,"sidewalk_present":0,"canopy":0.0,"comfort":0.0,"name":"","road_type":"service","osm_id":562935920}},{"type":"Feature","geometry":{"type":"LineString","coordinates":[[-84.49573140038376,33.71768669978144],[-84.49496780042364,33.71740899992545]]},"properties":{"overall":33,"safety":100,"sidewalk":0,"sidewalk_present":0,"canopy":0.0,"comfort":0.0,"name":"Cascade Court","road_type":"residential","osm_id":9273774}},{"type":"Feature","geometry":{"type":"LineString","coordinates":[[-84.49651600041307,33.71730699971829],[-84.49685299976608,33.71730000029481],[-84.49719600029516,33.71731600013334],[-84.49742900024813,33.71732100036394],[-84.49764799955551,33.7174459998331],[-84.49798499980784,33.71768400001662],[-84.49810299985353,33.717826000269724],[-84.49813100024545,33.71800300033823],[-84.49809100019945,33.71824299971473],[-84.49800900001532,33.71839000019838],[-84.4977269996013,33.718542000013315],[-84.4975139996713,33.71860300012838],[-84.49710499969592,33.71856600022079],[-84.49688600038854,33.71845100031345]]},"properties":{"overall":40,"safety":100,"sidewalk":0,"sidewalk_present":0,"canopy":18.6,"comfort":47.8,"name":"","road_type":"residential","osm_id":9235736}},{"type":"Feature","geometry":{"type":"LineString","coordinates":[[-84.49278400008149,33.72059600030525],[-84.49284400015046,33.72022500028356],[-84.492911999689,33.72007200042253],[-84.49302999973469,33.71989500035403],[-84.4932720001027,33.71962400044731],[-84.4933849999178,33.719242999964536],[-84.49349599964063,33.71909999966533],[-84.49374899961663,33.71891199998885],[-84.49394200042292,33.718843500427226],[-84.49402499975389,33.71881399996619],[-84.49463500000519,33.718820000242886],[-84.49493300025773,33.71877099978184],[-84.495058999773,33.71870400028945],[-84.49516800030295,33.718650999643955],[-84.49528600034859,33.71862000001306],[-84.49539700007148,33.71848500008275],[-84.49548899981744,33.718395000428984],[-84.49556999995548,33.7182760003372],[-84.49561900041653,33.71812799980739],[-84.49563500025499,33.717943000269315],[-84.49573140038376,33.71768669978144],[-84.49579689980703,33.717584699574275],[-84.49587889999123,33.7174994996023],[-84.49598500020755,33.71742239982393],[-84.49610770011026,33.717364600396024],[-84.49626889998973,33.71732210023481],[-84.4964079999292,33.71730899981054],[-84.49651600041307,33.71730699971829]]},"properties":{"overall":43,"safety":97,"sidewalk":0,"sidewalk_present":0,"canopy":30.9,"comfort":47.9,"name":"Cascade Falls Drive Southwest","road_type":"residential","osm_id":9266334}},{"type":"Feature","geometry":{"type":"LineString","coordinates":[[-84.49394200042292,33.718843500427226],[-84.49404899996136,33.71909479978524]]},"properties":{"overall":44,"safety":100,"sidewalk":0,"sidewalk_present":0,"canopy":32.5,"comfort":47.1,"name":"Lovell Drive Southwest","road_type":"service","osm_id":9272223}},{"type":"Feature","geometry":{"type":"LineString","coordinates":[[-84.49796499978487,33.7190869999651],[-84.49796399973877,33.719111000172575],[-84.49793900038452,33.71970999991663]]},"properties":{"overall":44,"safety":100,"sidewalk":0,"sidewalk_present":0,"canopy":30.5,"comfort":53.7,"name":"","road_type":"residential","osm_id":9238944}},{"type":"Feature","geometry":{"type":"LineString","coordinates":[[-84.49567999963222,33.72061999961335],[-84.49570900007024,33.72020000003005],[-84.49570499988579,33.72005499963859],[-84.49563500025499,33.719916000423154],[-84.49560399972478,33.71982499982391],[-84.49549099990969,33.71974000040075],[-84.4952309996109,33.719597000101544],[-84.49482299968167,33.71945799998679],[-84.49473800025845,33.71939099959502],[-84.49465399998206,33.71922199989541],[-84.49461499998222,33.71903500026508],[-84.49463500000519,33.718820000242886]]},"properties":{"overall":41,"safety":100,"sidewalk":0,"sidewalk_present":0,"canopy":22.8,"comfort":47.1,"name":"Angel Falls Lane Southwest","road_type":"residential","osm_id":9245526}},{"type":"Feature","geometry":{"type":"LineString","coordinates":[[-84.49439699982167,33.72023699993764],[-84.49445199966004,33.72001599963875],[-84.49456600042055,33.71976299966275],[-84.49482299968167,33.71945799998679]]},"properties":{"overall":41,"safety":100,"sidewalk":0,"sidewalk_present":0,"canopy":22.6,"comfort":46.5,"name":"Desoto Falls Court Southwest","road_type":"residential","osm_id":9277366}},{"type":"Feature","geometry":{"type":"LineString","coordinates":[[-84.49409050007648,33.720867100036685],[-84.4940252003027,33.72106679989298],[-84.49395209980952,33.721268800215]]},"properties":{"overall":54,"safety":99,"sidewalk":0,"sidewalk_present":0,"canopy":63.0,"comfort":63.5,"name":"","road_type":"service","osm_id":713381031}},{"type":"Feature","geometry":{"type":"LineString","coordinates":[[-84.4977553003668,33.72208930028103],[-84.4979520000847,33.72164600016282],[-84.49798699990009,33.72152900016329],[-84.49800599987697,33.7214049998409],[-84.49800499983081,33.72125600016432],[-84.49793600024617,33.720737999659036],[-84.4979170002693,33.720490999959736],[-84.49793900038452,33.71970999991663]]},"properties":{"overall":52,"safety":97,"sidewalk":0,"sidewalk_present":0,"canopy":58.4,"comfort":62.2,"name":"Melbenan Drive Southwest","road_type":"residential","osm_id":9240766}},{"type":"Feature","geometry":{"type":"LineString","coordinates":[[-84.49461900016667,33.7210010999209],[-84.49464439971922,33.721108100358606],[-84.49469530044775,33.72119380035366],[-84.49472539985726,33.72126549970312],[-84.4947514999817,33.7213327995691],[-84.49475540034143,33.721375199905594],[-84.4947410003968,33.721430599942266]]},"properties":{"overall":33,"safety":100,"sidewalk":0,"sidewalk_present":0,"canopy":0.0,"comfort":0.0,"name":"","road_type":"service","osm_id":713381030}},{"type":"Feature","geometry":{"type":"LineString","coordinates":[[-84.48682949978155,33.71887650015043],[-84.48685619975379,33.71922309976628]]},"properties":{"overall":36,"safety":86,"sidewalk":0,"sidewalk_present":0,"canopy":23.4,"comfort":52.5,"name":"","road_type":"service","osm_id":562935907}},{"type":"Feature","geometry":{"type":"LineString","coordinates":[[-84.4865316002531,33.719254299946044],[-84.48660450019747,33.71924729962325],[-84.48685619975379,33.71922309976628],[-84.48692589991032,33.71921639981707],[-84.48701440039423,33.71917400037984]]},"properties":{"overall":36,"safety":86,"sidewalk":0,"sidewalk_present":0,"canopy":23.4,"comfort":52.9,"name":"","road_type":"service","osm_id":562935911}},{"type":"Feature","geometry":{"type":"LineString","coordinates":[[-84.48661609965325,33.71918850014919],[-84.48660450019747,33.71924729962325]]},"properties":{"overall":42,"safety":100,"sidewalk":0,"sidewalk_present":0,"canopy":24.9,"comfort":53.5,"name":"","road_type":"service","osm_id":562935908}},{"type":"Feature","geometry":{"type":"LineString","coordinates":[[-84.48635210006933,33.71925880015357],[-84.4865316002531,33.719254299946044]]},"properties":{"overall":42,"safety":100,"sidewalk":0,"sidewalk_present":0,"canopy":26.7,"comfort":54.5,"name":"","road_type":"service","osm_id":562935912}},{"type":"Feature","geometry":{"type":"LineString","coordinates":[[-84.4812960998351,33.719482000194205],[-84.48164049970927,33.719448899746965]]},"properties":{"overall":33,"safety":100,"sidewalk":0,"sidewalk_present":0,"canopy":0.0,"comfort":0.0,"name":"","road_type":"service","osm_id":1327509667}},{"type":"Feature","geometry":{"type":"LineString","coordinates":[[-84.48128670012107,33.71966610041028],[-84.4812960998351,33.719482000194205],[-84.48090979964752,33.71951230015259]]},"properties":{"overall":33,"safety":100,"sidewalk":0,"sidewalk_present":0,"canopy":0.0,"comfort":0.0,"name":"","road_type":"service","osm_id":1327509666}},{"type":"Feature","geometry":{"type":"LineString","coordinates":[[-84.48449940042696,33.7199015995792],[-84.48456420017766,33.719491200258744]]},"properties":{"overall":33,"safety":98,"sidewalk":0,"sidewalk_present":0,"canopy":0.0,"comfort":0.0,"name":"","road_type":"service","osm_id":796843428}},{"type":"Feature","geometry":{"type":"LineString","coordinates":[[-84.48370410026399,33.719652199589405],[-84.48355440001552,33.719597699774056],[-84.4834324996101,33.719637900368866],[-84.4834209999791,33.71980909981016],[-84.48347709968834,33.7199604997773]]},"properties":{"overall":30,"safety":90,"sidewalk":0,"sidewalk_present":0,"canopy":0.0,"comfort":0.0,"name":"","road_type":"service","osm_id":1521257402}},{"type":"Feature","geometry":{"type":"LineString","coordinates":[[-84.48821210040808,33.719284199706124],[-84.48821780031119,33.71973469979662],[-84.48820400021441,33.71989129964379]]},"properties":{"overall":30,"safety":90,"sidewalk":0,"sidewalk_present":0,"canopy":0.0,"comfort":0.0,"name":"","road_type":"service","osm_id":824092911}},{"type":"Feature","geometry":{"type":"LineString","coordinates":[[-84.48048860036857,33.72022989979007],[-84.48042899959859,33.72002600009989],[-84.48045399985216,33.7199140003309],[-84.4805050004054,33.71981999959337],[-84.48060200038196,33.719758000331524],[-84.48072399971278,33.71971300005498],[-84.48090299987354,33.719688999847506]]},"properties":{"overall":65,"safety":94,"sidewalk":100,"sidewalk_present":1,"canopy":0.0,"comfort":0.0,"name":"","road_type":"residential","osm_id":9239440}},{"type":"Feature","geometry":{"type":"LineString","coordinates":[[-84.49188459979439,33.71978530015156],[-84.4918196003942,33.71980199966259],[-84.49175390042211,33.71989960038633]]},"properties":{"overall":44,"safety":100,"sidewalk":0,"sidewalk_present":0,"canopy":32.3,"comfort":49.2,"name":"","road_type":"service","osm_id":562935933}},{"type":"Feature","geometry":{"type":"LineString","coordinates":[[-84.49175390042211,33.71989960038633],[-84.49166869955081,33.719880100386376]]},"properties":{"overall":40,"safety":100,"sidewalk":0,"sidewalk_present":0,"canopy":19.1,"comfort":44.8,"name":"","road_type":"service","osm_id":562935916}},{"type":"Feature","geometry":{"type":"LineString","coordinates":[[-84.49209790009797,33.72003570018745],[-84.49203620031034,33.7198900999482],[-84.49188459979439,33.71978530015156]]},"properties":{"overall":48,"safety":100,"sidewalk":0,"sidewalk_present":0,"canopy":43.9,"comfort":53.0,"name":"","road_type":"service","osm_id":562935934}},{"type":"Feature","geometry":{"type":"LineString","coordinates":[[-84.49189339966063,33.7200841997261],[-84.49186380027413,33.720032899698595],[-84.49175390042211,33.71989960038633]]},"properties":{"overall":44,"safety":100,"sidewalk":0,"sidewalk_present":0,"canopy":32.5,"comfort":49.4,"name":"","road_type":"service","osm_id":562935918}},{"type":"Feature","geometry":{"type":"LineString","coordinates":[[-84.49182499992378,33.72008309985523],[-84.49186380027413,33.720032899698595]]},"properties":{"overall":33,"safety":100,"sidewalk":0,"sidewalk_present":0,"canopy":0.0,"comfort":0.0,"name":"","road_type":"service","osm_id":562935917}},{"type":"Feature","geometry":{"type":"LineString","coordinates":[[-84.49201670031044,33.72008700021496],[-84.49209790009797,33.72003570018745]]},"properties":{"overall":49,"safety":100,"sidewalk":0,"sidewalk_present":0,"canopy":46.9,"comfort":54.0,"name":"","road_type":"service","osm_id":562935935}},{"type":"Feature","geometry":{"type":"LineString","coordinates":[[-84.49175390042211,33.72006750021501],[-84.49182499992378,33.72008309985523]]},"properties":{"overall":33,"safety":100,"sidewalk":0,"sidewalk_present":0,"canopy":0.0,"comfort":0.0,"name":"","road_type":"service","osm_id":562935919}},{"type":"Feature","geometry":{"type":"LineString","coordinates":[[-84.49181920019589,33.72041409983092],[-84.49189339966063,33.7200841997261]]},"properties":{"overall":33,"safety":99,"sidewalk":0,"sidewalk_present":0,"canopy":0.0,"comfort":0.0,"name":"","road_type":"service","osm_id":562935937}},{"type":"Feature","geometry":{"type":"LineString","coordinates":[[-84.49189339966063,33.7200841997261],[-84.49201670031044,33.72008700021496]]},"properties":{"overall":33,"safety":100,"sidewalk":0,"sidewalk_present":0,"canopy":0.0,"comfort":0.0,"name":"","road_type":"service","osm_id":562935936}},{"type":"Feature","geometry":{"type":"LineString","coordinates":[[-84.49182499992378,33.72008309985523],[-84.49174049962431,33.720400899581875]]},"properties":{"overall":33,"safety":99,"sidewalk":0,"sidewalk_present":0,"canopy":0.0,"comfort":0.0,"name":"","road_type":"service","osm_id":562935915}},{"type":"Feature","geometry":{"type":"LineString","coordinates":[[-84.4836679996784,33.71994099977735],[-84.484311999699,33.71990299982366],[-84.48449940042696,33.7199015995792],[-84.48451249995185,33.719901499754485],[-84.48471300020475,33.71989999968531],[-84.48633799959896,33.71988599993898],[-84.4876010002859,33.71987500033106],[-84.48807599970758,33.719883999846786]]},"properties":{"overall":40,"safety":80,"sidewalk":0,"sidewalk_present":0,"canopy":38.9,"comfort":61.3,"name":"Cascade Road","road_type":"secondary","osm_id":629329230}},{"type":"Feature","geometry":{"type":"LineString","coordinates":[[-84.48307900039549,33.72000120039513],[-84.48347709968834,33.7199604997773],[-84.4836679996784,33.71994099977735]]},"properties":{"overall":26,"safety":78,"sidewalk":0,"sidewalk_present":0,"canopy":0.0,"comfort":0.0,"name":"Cascade Road","road_type":"secondary","osm_id":1394584709}},{"type":"Feature","geometry":{"type":"LineString","coordinates":[[-84.48091699961981,33.71975600023927],[-84.48090299987354,33.719688999847506],[-84.48128670012107,33.71966610041028],[-84.4812729000243,33.71981400021599],[-84.48123399984917,33.719921999800476],[-84.48116900044897,33.71996399993867],[-84.48108300008033,33.71997000021537],[-84.48099100033437,33.719955000423],[-84.48093499955053,33.71989799959306],[-84.48092099980425,33.71983600033121],[-84.48091699961981,33.71975600023927]]},"properties":{"overall":67,"safety":100,"sidewalk":100,"sidewalk_present":1,"canopy":0.0,"comfort":0.0,"name":"","road_type":"residential","osm_id":9239380}},{"type":"Feature","geometry":{"type":"LineString","coordinates":[[-84.48685299996595,33.72033499996036],[-84.48675440009544,33.72035519963282],[-84.48657899992088,33.72034780001104],[-84.486461200424,33.72033180017252],[-84.48634750003708,33.72030749959151]]},"properties":{"overall":38,"safety":100,"sidewalk":0,"sidewalk_present":0,"canopy":12.8,"comfort":50.1,"name":"","road_type":"service","osm_id":797342169}},{"type":"Feature","geometry":{"type":"LineString","coordinates":[[-84.48802600009981,33.7222730002988],[-84.486772999874,33.7222670000221],[-84.48667900003579,33.72224800004523],[-84.48658500019758,33.72220900004538],[-84.48649899982894,33.722147999930314],[-84.48644099985222,33.7220839996769],[-84.48639200029055,33.72199199993088],[-84.48637400035977,33.72189900013882],[-84.48639999976012,33.720950999589036],[-84.4863829998755,33.72063100012059],[-84.48634750003708,33.72030749959151],[-84.48633600040608,33.7202030001684],[-84.48633799959896,33.71988599993898]]},"properties":{"overall":44,"safety":92,"sidewalk":0,"sidewalk_present":0,"canopy":38.5,"comfort":60.0,"name":"Lynway Lane Southwest","road_type":"residential","osm_id":9245502}},{"type":"Feature","geometry":{"type":"LineString","coordinates":[[-84.4822427999652,33.72294089980272],[-84.48226969958694,33.72290690003348],[-84.48230699986811,33.72007200042253]]},"properties":{"overall":27,"safety":81,"sidewalk":0,"sidewalk_present":0,"canopy":0.0,"comfort":0.0,"name":"Shore Drive Southwest","road_type":"residential","osm_id":9266657}},{"type":"Feature","geometry":{"type":"LineString","coordinates":[[-84.48462020006212,33.72281459991393],[-84.48488359979825,33.722918500388516],[-84.4849640000885,33.72295390040222],[-84.48505449976534,33.72304149976543],[-84.48508960030478,33.72310680043853]]},"properties":{"overall":33,"safety":100,"sidewalk":0,"sidewalk_present":0,"canopy":0.0,"comfort":0.0,"name":"","road_type":"service","osm_id":733258166}},{"type":"Feature","geometry":{"type":"LineString","coordinates":[[-84.4822427999652,33.72294089980272],[-84.48221409990077,33.722923100420815],[-84.48218019995625,33.72291359998269],[-84.48214449956896,33.72291319978439],[-84.48211030015017,33.72292210037466],[-84.48208119988743,33.722939200084056],[-84.48205979962,33.72296309956744],[-84.482048299989,33.722991199784076],[-84.4820478997907,33.72302099971944],[-84.48205850009964,33.723049400309606],[-84.48207909997046,33.72307369999129],[-84.4821078000349,33.7230914004478],[-84.48214169997942,33.72310099981132],[-84.48217740036671,33.72310130018491],[-84.48221159978544,33.72309250031867],[-84.48224079987295,33.72307529988524],[-84.48226210031567,33.72305150022663],[-84.48227359994667,33.72302330018522],[-84.48227400014497,33.72299360007463],[-84.48226339983597,33.722965200383726],[-84.4822427999652,33.72294089980272]]},"properties":{"overall":33,"safety":100,"sidewalk":0,"sidewalk_present":0,"canopy":0.0,"comfort":0.0,"name":"","road_type":"residential","osm_id":562942823}},{"type":"Feature","geometry":{"type":"LineString","coordinates":[[-84.48542740005445,33.723403400446614],[-84.48532279990724,33.72345700004058],[-84.48521819976008,33.723480400400206],[-84.48511759979738,33.723480400400206],[-84.48501699983461,33.723480400400206],[-84.48495129986259,33.723465899731536],[-84.48490030020866,33.72345249983306],[-84.48482259968318,33.723435800321965],[-84.4847634998356,33.723435800321965],[-84.4847019996975,33.72343950013288]]},"properties":{"overall":33,"safety":100,"sidewalk":0,"sidewalk_present":0,"canopy":0.0,"comfort":0.0,"name":"","road_type":"service","osm_id":849681830}},{"type":"Feature","geometry":{"type":"LineString","coordinates":[[-84.48783340039108,33.72357800022456],[-84.48817489995162,33.7236346997816],[-84.48827420039402,33.7236161998278],[-84.48841149989079,33.723502000317126]]},"properties":{"overall":33,"safety":100,"sidewalk":0,"sidewalk_present":0,"canopy":0.0,"comfort":0.0,"name":"","road_type":"service","osm_id":729834737}},{"type":"Feature","geometry":{"type":"LineString","coordinates":[[-84.49642170020127,33.7215936002645],[-84.49649410012256,33.72154850016318],[-84.49655770017768,33.72152039994654],[-84.4966251996932,33.7214993000527],[-84.49667880018643,33.72148320038946],[-84.49681919964632,33.721433100057595],[-84.49694190044829,33.7213981002422],[-84.49701550006523,33.72137369983642],[-84.49704420012972,33.72135989973964],[-84.49707629963149,33.72132959978126],[-84.49710609956679,33.72129180037632],[-84.49712449969587,33.72125640036262],[-84.49713910018926,33.72121049986475],[-84.4971473002077,33.721162399625086],[-84.49714420024463,33.72112279977745],[-84.49713779976963,33.721086299892875],[-84.49712759965894,33.721047200068256],[-84.49711240021708,33.721017699607216],[-84.49708830018488,33.72098810022072],[-84.49702670022202,33.72095380007784]]},"properties":{"overall":53,"safety":100,"sidewalk":0,"sidewalk_present":0,"canopy":58.7,"comfort":62.7,"name":"","road_type":"service","osm_id":729896495}},{"type":"Feature","geometry":{"type":"LineString","coordinates":[[-84.49499739981013,33.72111099977286],[-84.49495289955661,33.72122100034892],[-84.49493720009167,33.72128289978605],[-84.49493980003172,33.72134260038075],[-84.49497250028065,33.72139689964723],[-84.49504559987452,33.721429500071395],[-84.49510430042307,33.721456600241936]]},"properties":{"overall":33,"safety":100,"sidewalk":0,"sidewalk_present":0,"canopy":0.0,"comfort":0.0,"name":"","road_type":"service","osm_id":713381029}},{"type":"Feature","geometry":{"type":"LineString","coordinates":[[-84.49721150011061,33.72188699958542],[-84.49721619996762,33.721733300051824],[-84.49719030039199,33.721579599618906],[-84.49718690005534,33.72149629991435],[-84.49719900043351,33.7214454000852]]},"properties":{"overall":51,"safety":98,"sidewalk":0,"sidewalk_present":0,"canopy":56.3,"comfort":61.2,"name":"","road_type":"service","osm_id":713381028}},{"type":"Feature","geometry":{"type":"LineString","coordinates":[[-84.49546139962388,33.72218080000397],[-84.49532450032541,33.72201540029056],[-84.49526069972148,33.721930399968016],[-84.49523530016893,33.72188160005584],[-84.49523530016893,33.72181900004688],[-84.49526500027952,33.7217237996137]]},"properties":{"overall":53,"safety":100,"sidewalk":0,"sidewalk_present":0,"canopy":57.7,"comfort":65.4,"name":"","road_type":"service","osm_id":841137483}},{"type":"Feature","geometry":{"type":"LineString","coordinates":[[-84.49721150011061,33.72188699958542],[-84.4977553003668,33.72208930028103],[-84.49872320021547,33.72243809963862]]},"properties":{"overall":45,"safety":95,"sidewalk":0,"sidewalk_present":0,"canopy":41.2,"comfort":55.1,"name":"Cascade Road","road_type":"secondary","osm_id":719265957}},{"type":"Feature","geometry":{"type":"LineString","coordinates":[[-84.49774983878399,33.72210219386119],[-84.4977553003668,33.72208930028103]]},"properties":{"overall":51,"safety":91,"sidewalk":0,"sidewalk_present":0,"canopy":61.6,"comfort":62.3,"name":"Beechcrest Road","road_type":"residential","osm_id":9260102}},{"type":"Feature","geometry":{"type":"LineString","coordinates":[[-84.49112600006481,33.72227600043715],[-84.49204180038873,33.72228519960231],[-84.4950179996809,33.72231500043699],[-84.49517000039515,33.7223019998375],[-84.49528300021024,33.7222730002988],[-84.49539700007148,33.722222999791654],[-84.49543769978999,33.722196299819416],[-84.49546139962388,33.72218080000397],[-84.49548999986354,33.72216199967659],[-84.49557600023218,33.72208100043787],[-84.49564699990907,33.721979000230704],[-84.49593399965431,33.721420999679424]]},"properties":{"overall":44,"safety":93,"sidewalk":0,"sidewalk_present":0,"canopy":38.7,"comfort":60.3,"name":"Kingsdale Drive Southwest","road_type":"residential","osm_id":9272255}},{"type":"Feature","geometry":{"type":"LineString","coordinates":[[-84.49872320021547,33.72243809963862],[-84.49881979999373,33.722470700062786]]},"properties":{"overall":36,"safety":88,"sidewalk":0,"sidewalk_present":0,"canopy":20.8,"comfort":46.7,"name":"Cascade Road","road_type":"secondary","osm_id":1414012867}},{"type":"Feature","geometry":{"type":"LineString","coordinates":[[-84.49543769978999,33.722196299819416],[-84.49551540031541,33.72228790026645],[-84.49564790013045,33.722433899804685],[-84.49574330021312,33.72254779984115],[-84.49575980007467,33.722601099960855],[-84.49569369990428,33.722634499882304]]},"properties":{"overall":48,"safety":100,"sidewalk":0,"sidewalk_present":0,"canopy":44.1,"comfort":60.7,"name":"","road_type":"service","osm_id":841137484}},{"type":"Feature","geometry":{"type":"LineString","coordinates":[[-84.49881979999373,33.722470700062786],[-84.49924319991374,33.722625500366576]]},"properties":{"overall":28,"safety":68,"sidewalk":0,"sidewalk_present":0,"canopy":17.5,"comfort":43.7,"name":"Cascade Road","road_type":"secondary","osm_id":1414012866}},{"type":"Feature","geometry":{"type":"LineString","coordinates":[[-84.48807599970758,33.719883999846786],[-84.48820400021441,33.71989129964379],[-84.48860399977474,33.7199140003309],[-84.48915800014157,33.71997000021537],[-84.48967199956309,33.720042999984514],[-84.49030309970823,33.72015620034841],[-84.49093800038838,33.72027399984529],[-84.49133339991641,33.720340100015676],[-84.49155099987871,33.720376500075474],[-84.49174049962431,33.720400899581875],[-84.49181920019589,33.72041409983092],[-84.49208290030555,33.7204528003565],[-84.49278400008149,33.72059600030525],[-84.49308050026485,33.72065560017586],[-84.49326570035174,33.72069289955772],[-84.49378300028519,33.72079699968185],[-84.49409050007648,33.720867100036685],[-84.49437499970645,33.72093199961216],[-84.49461900016667,33.7210010999209],[-84.49493999968121,33.72109199979599],[-84.49499739981013,33.72111099977286],[-84.49593399965431,33.721420999679424],[-84.49642170020127,33.7215936002645],[-84.49643700036722,33.72159899979408],[-84.49721150011061,33.72188699958542]]},"properties":{"overall":49,"safety":92,"sidewalk":0,"sidewalk_present":0,"canopy":55.4,"comfort":61.3,"name":"Cascade Road","road_type":"secondary","osm_id":629329231}},{"type":"Feature","geometry":{"type":"LineString","coordinates":[[-84.49133339991641,33.720340100015676],[-84.49135880036829,33.72041269958646],[-84.49140620003607,33.72050249959074],[-84.49146670012806,33.72059739965033],[-84.4914992996529,33.720666499959066],[-84.49157929974484,33.72074070032312],[-84.49164759965697,33.720792399649554],[-84.49168609963374,33.72084900028119],[-84.49169259993351,33.72091890008721]]},"properties":{"overall":33,"safety":99,"sidewalk":0,"sidewalk_present":0,"canopy":0.0,"comfort":0.0,"name":"","road_type":"service","osm_id":713381035}},{"type":"Feature","geometry":{"type":"LineString","coordinates":[[-84.49181920019589,33.72041409983092],[-84.49184609981762,33.720477699885976],[-84.4918474002373,33.72057219974727],[-84.49183689975308,33.72070249982056],[-84.49185779999743,33.72077410024457],[-84.49190220042618,33.72082080023978],[-84.49195959965579,33.72084149993532],[-84.492113700287,33.720866400364116]]},"properties":{"overall":33,"safety":98,"sidewalk":0,"sidewalk_present":0,"canopy":0.0,"comfort":0.0,"name":"","road_type":"service","osm_id":713381034}},{"type":"Feature","geometry":{"type":"LineString","coordinates":[[-84.49326570035174,33.72069289955772],[-84.49325750033336,33.720763800309214],[-84.49326270021339,33.720853999612416],[-84.49328359955842,33.720935399948814],[-84.49334619956744,33.72099189985636],[-84.49347029971455,33.721039599897665],[-84.49362560004136,33.72108090036329],[-84.493680500055,33.72109830044627]]},"properties":{"overall":54,"safety":100,"sidewalk":0,"sidewalk_present":0,"canopy":62.8,"comfort":61.5,"name":"","road_type":"service","osm_id":713381032}},{"type":"Feature","geometry":{"type":"LineString","coordinates":[[-84.49308050026485,33.72065560017586],[-84.4929846001591,33.7210190000269],[-84.49296889979485,33.721083100105034]]},"properties":{"overall":55,"safety":98,"sidewalk":0,"sidewalk_present":0,"canopy":67.4,"comfort":62.2,"name":"","road_type":"service","osm_id":713381033}},{"type":"Feature","geometry":{"type":"LineString","coordinates":[[-84.4910599997192,33.72349299990208],[-84.49110409977436,33.72267919978532],[-84.49112600006481,33.72227600043715],[-84.49116500006465,33.72155200032461],[-84.49116099988021,33.72140099965645],[-84.49112299992646,33.72119900023375],[-84.49100399983467,33.720856999750765],[-84.49096399978873,33.72069999970529],[-84.49092399974273,33.72035099979888],[-84.49093800038838,33.72027399984529]]},"properties":{"overall":46,"safety":95,"sidewalk":0,"sidewalk_present":0,"canopy":42.6,"comfort":60.3,"name":"Clearbrook Drive Southwest","road_type":"residential","osm_id":9258976}},{"type":"Feature","geometry":{"type":"LineString","coordinates":[[-84.49204180038873,33.72228519960231],[-84.49205110027799,33.72236280030302],[-84.49208269975674,33.72243659956945],[-84.49217020019455,33.722551200177804],[-84.49218069977945,33.72260069976255]]},"properties":{"overall":43,"safety":99,"sidewalk":0,"sidewalk_present":0,"canopy":30.9,"comfort":58.9,"name":"","road_type":"service","osm_id":782910509}},{"type":"Feature","geometry":{"type":"LineString","coordinates":[[-84.49110409977436,33.72267919978532],[-84.4909196002593,33.72276660039836],[-84.49075330032451,33.72286179993216],[-84.49065680037103,33.72287819996899],[-84.49058529977174,33.72286029986299],[-84.4905352003392,33.72281419971557]]},"properties":{"overall":44,"safety":99,"sidewalk":0,"sidewalk_present":0,"canopy":33.5,"comfort":59.2,"name":"","road_type":"service","osm_id":858355757}},{"type":"Feature","geometry":{"type":"LineString","coordinates":[[-84.48800230026592,33.72283929979392],[-84.48835170037063,33.7228695997523],[-84.48859460006071,33.72288589996435],[-84.48864690013431,33.72289910021334],[-84.4886786003371,33.72291540042545],[-84.4886953996729,33.72296210042066],[-84.48871970025391,33.72323470022127]]},"properties":{"overall":33,"safety":100,"sidewalk":0,"sidewalk_present":0,"canopy":0.0,"comfort":0.0,"name":"","road_type":"service","osm_id":1281389458}},{"type":"Feature","geometry":{"type":"LineString","coordinates":[[-84.48939800041734,33.724890999620015],[-84.48954399995557,33.72412300017635],[-84.48964600016274,33.72392600008487],[-84.48971699983963,33.72383699957794],[-84.4898129997701,33.72374499983192],[-84.48992400039225,33.72366499973998],[-84.49004699976916,33.72359800024759],[-84.49017999960728,33.723545999648195],[-84.49031999976813,33.7235099997867],[-84.49053799992873,33.72348799967148],[-84.4910599997192,33.72349299990208],[-84.49267999978213,33.723520000247845],[-84.49300100019599,33.723548999786544],[-84.4938770001234,33.72366799987833],[-84.49410799998418,33.723680999578505],[-84.49444500023651,33.72365600022431],[-84.49487500028101,33.72356100033994],[-84.49511599970356,33.72352400043235],[-84.49536000016383,33.72350699964835],[-84.49568199972447,33.723507999694505],[-84.49637648049014,33.72351376344949]]},"properties":{"overall":46,"safety":100,"sidewalk":0,"sidewalk_present":0,"canopy":38.0,"comfort":60.0,"name":"Oakcrest Drive Southwest","road_type":"residential","osm_id":9245253}},{"type":"Feature","geometry":{"type":"LineString","coordinates":[[-84.4877910998793,33.723740100325415],[-84.48830379978051,33.72389019987287]]},"properties":{"overall":33,"safety":100,"sidewalk":0,"sidewalk_present":0,"canopy":0.0,"comfort":0.0,"name":"","road_type":"service","osm_id":829665116}},{"type":"Feature","geometry":{"type":"LineString","coordinates":[[-84.4850762004063,33.724098400121136],[-84.48519130013835,33.72407410043945],[-84.48561620012748,33.72401909970176]]},"properties":{"overall":32,"safety":97,"sidewalk":0,"sidewalk_present":0,"canopy":0.0,"comfort":0.0,"name":"","road_type":"service","osm_id":729834738}},{"type":"Feature","geometry":{"type":"LineString","coordinates":[[-84.48777169970413,33.72413099964598],[-84.48764830012891,33.72413170021787],[-84.48752870018933,33.724175499899445],[-84.48742550028658,33.72419280015765],[-84.48735530010697,33.72418920017151],[-84.4872884004393,33.72419459970109],[-84.48715889986329,33.72422289956722],[-84.48702060032042,33.7242776997561]]},"properties":{"overall":33,"safety":100,"sidewalk":0,"sidewalk_present":0,"canopy":0.0,"comfort":0.0,"name":"","road_type":"service","osm_id":733258164}},{"type":"Feature","geometry":{"type":"LineString","coordinates":[[-84.4832904004316,33.72416250019927],[-84.48326449995665,33.72418319989481],[-84.48324750007203,33.72420960039278],[-84.48324109959702,33.724239000129785],[-84.48324600000285,33.72426870024037],[-84.48326159964307,33.7242955998621],[-84.48328650007187,33.72431719977902],[-84.48331820027471,33.72433130024933],[-84.48335360028841,33.7243365999542],[-84.4833891999516,33.724332599769696],[-84.48342159982695,33.72431960006952],[-84.48344760012662,33.72429890037398],[-84.48346460001125,33.72427249987601],[-84.48347089976215,33.724243100139006],[-84.48346610008042,33.72421340002842],[-84.48345039971616,33.724186500406745],[-84.48342550018663,33.724164899590505],[-84.48339379998384,33.72415080001946],[-84.48335849979492,33.72414550031465],[-84.48332280030695,33.724149499599775],[-84.4832904004316,33.72416250019927]]},"properties":{"overall":33,"safety":100,"sidewalk":0,"sidewalk_present":0,"canopy":0.0,"comfort":0.0,"name":"North Shore Drive Southwest","road_type":"residential","osm_id":562942824}},{"type":"Feature","geometry":{"type":"LineString","coordinates":[[-84.48524090044714,33.72431220044774],[-84.48536530006851,33.72429449999123],[-84.48548540003117,33.7242970001065],[-84.48556239998476,33.724329099608326],[-84.48567789991512,33.72440720033211],[-84.48576259986407,33.724446900004466]]},"properties":{"overall":33,"safety":100,"sidewalk":0,"sidewalk_present":0,"canopy":0.0,"comfort":0.0,"name":"","road_type":"service","osm_id":824071468}},{"type":"Feature","geometry":{"type":"LineString","coordinates":[[-84.48557699957883,33.73182099993926],[-84.48561100024745,33.72771500034702],[-84.48561570010446,33.727184699814075],[-84.48561589975395,33.72716109980496],[-84.48562680043648,33.725797000031605],[-84.48563000022432,33.72539899966415],[-84.48562569966629,33.72536170028229],[-84.48559100022442,33.72505900017279],[-84.48553340044606,33.72486259992911],[-84.48550430018327,33.724799999920094],[-84.48539200004075,33.724539999621356],[-84.48526699967226,33.724345999668174],[-84.48524090044714,33.72431220044774],[-84.4850762004063,33.724098400121136],[-84.48493100036535,33.72391000024635],[-84.48479000015834,33.723668999924485],[-84.48470880037081,33.723457199690074],[-84.4847019996975,33.72343950013288],[-84.48467999958228,33.72338200017924],[-84.48462799988226,33.723117999696],[-84.48461800032044,33.722883999696876],[-84.48462020006212,33.72281459991393],[-84.48471300020475,33.71989999968531]]},"properties":{"overall":32,"safety":96,"sidewalk":0,"sidewalk_present":0,"canopy":0.0,"comfort":0.0,"name":"Tuckawanna Drive Southwest","road_type":"residential","osm_id":9269735}},{"type":"Feature","geometry":{"type":"LineString","coordinates":[[-84.48864440001898,33.72479749980482],[-84.48791200023857,33.72480600019679],[-84.48782599986998,33.72481799985087]]},"properties":{"overall":41,"safety":95,"sidewalk":0,"sidewalk_present":0,"canopy":26.9,"comfort":54.7,"name":"Mangum Lane Southwest","road_type":"residential","osm_id":9269801}},{"type":"Feature","geometry":{"type":"LineString","coordinates":[[-84.48553340044606,33.72486259992911],[-84.48565300038564,33.72484510002141],[-84.48599719971094,33.724910100320926]]},"properties":{"overall":33,"safety":100,"sidewalk":0,"sidewalk_present":0,"canopy":0.0,"comfort":0.0,"name":"","road_type":"service","osm_id":824071469}},{"type":"Feature","geometry":{"type":"LineString","coordinates":[[-84.48785689967616,33.72498629987791],[-84.48760589979241,33.72500269991474],[-84.48728669982131,33.72499659981327],[-84.48709570000653,33.72497120026071]]},"properties":{"overall":32,"safety":96,"sidewalk":0,"sidewalk_present":0,"canopy":0.0,"comfort":0.0,"name":"","road_type":"service","osm_id":729834739}},{"type":"Feature","geometry":{"type":"LineString","coordinates":[[-84.48786959990207,33.725055500011365],[-84.48775750030836,33.725071999872966],[-84.4872928997475,33.7251356997528]]},"properties":{"overall":30,"safety":91,"sidewalk":0,"sidewalk_present":0,"canopy":0.0,"comfort":0.0,"name":"","road_type":"service","osm_id":714407766}},{"type":"Feature","geometry":{"type":"LineString","coordinates":[[-84.48216699970726,33.72538890027755],[-84.48264900035105,33.72516999989563],[-84.48290400041924,33.72509199989594],[-84.48318900007223,33.725046999619394],[-84.48355800000166,33.72503700005757]]},"properties":{"overall":33,"safety":100,"sidewalk":0,"sidewalk_present":0,"canopy":0.0,"comfort":0.0,"name":"Sandpiper Circle Southwest","road_type":"residential","osm_id":9256484}},{"type":"Feature","geometry":{"type":"LineString","coordinates":[[-84.48216699970726,33.72538890027755],[-84.4820774002518,33.725253299600126],[-84.48185890006812,33.725047899840774]]},"properties":{"overall":33,"safety":100,"sidewalk":0,"sidewalk_present":0,"canopy":0.0,"comfort":0.0,"name":"","road_type":"service","osm_id":730209973}},{"type":"Feature","geometry":{"type":"LineString","coordinates":[[-84.48493339975653,33.725425599811615],[-84.48502130039265,33.72544609985766],[-84.48515709982024,33.725433399631754],[-84.48528780009184,33.72538750003315],[-84.48562569966629,33.72536170028229]]},"properties":{"overall":33,"safety":100,"sidewalk":0,"sidewalk_present":0,"canopy":0.0,"comfort":0.0,"name":"","road_type":"service","osm_id":858121294}},{"type":"Feature","geometry":{"type":"LineString","coordinates":[[-84.48794859994791,33.72548619972838],[-84.48774249961662,33.72548709994976],[-84.48768200042394,33.72551680006035],[-84.48762699968626,33.725559900069356],[-84.48757080015224,33.72564529969088]]},"properties":{"overall":33,"safety":100,"sidewalk":0,"sidewalk_present":0,"canopy":0.0,"comfort":0.0,"name":"","road_type":"service","osm_id":733258165}},{"type":"Feature","geometry":{"type":"LineString","coordinates":[[-84.48216699970726,33.72538890027755],[-84.48221109976242,33.725539900046385],[-84.48229190025097,33.72578889983794]]},"properties":{"overall":33,"safety":100,"sidewalk":0,"sidewalk_present":0,"canopy":0.0,"comfort":0.0,"name":"","road_type":"service","osm_id":730209974}},{"type":"Feature","geometry":{"type":"LineString","coordinates":[[-84.48216699970726,33.72538890027755],[-84.48203220032576,33.72548729959925],[-84.48194560010933,33.72558810011077],[-84.48183980026653,33.72573830038232],[-84.48148370021255,33.726070500053595]]},"properties":{"overall":33,"safety":100,"sidewalk":0,"sidewalk_present":0,"canopy":0.0,"comfort":0.0,"name":"","road_type":"service","osm_id":712992352}},{"type":"Feature","geometry":{"type":"LineString","coordinates":[[-84.48562680043648,33.725797000031605],[-84.48555570003549,33.72581390009145],[-84.48551829992954,33.72582599957025],[-84.48545650031718,33.725838199773136],[-84.48540849990229,33.725857799597804],[-84.48532970040532,33.7259052001649],[-84.48527519969065,33.725941000376906],[-84.4852297002904,33.725962600293826],[-84.48518660028134,33.72597080031221],[-84.48511180006949,33.72597409992483]]},"properties":{"overall":33,"safety":99,"sidewalk":0,"sidewalk_present":0,"canopy":0.0,"comfort":0.0,"name":"","road_type":"service","osm_id":1465284728}},{"type":"Feature","geometry":{"type":"LineString","coordinates":[[-84.48350900044,33.72771100016257],[-84.48319600039508,33.72694299981964],[-84.48318659978173,33.72688349977375],[-84.48315700039524,33.72669600012034],[-84.48318499988778,33.72649599989052],[-84.48325999974918,33.72633200042151],[-84.48346500020955,33.72603400016902],[-84.4835379999787,33.72584699963937],[-84.48356000009392,33.72568100007817],[-84.48355800000166,33.72503700005757],[-84.48354800043984,33.72481599975862],[-84.48347410044931,33.72448709969996],[-84.48342159982695,33.72431960006952]]},"properties":{"overall":54,"safety":100,"sidewalk":0,"sidewalk_present":0,"canopy":62.2,"comfort":66.3,"name":"North Shore Drive Southwest","road_type":"residential","osm_id":9264380}},{"type":"Feature","geometry":{"type":"LineString","coordinates":[[-84.48028300006035,33.728876999973636],[-84.48057700012839,33.72822100029896],[-84.48068999994348,33.728026000299735],[-84.48079100010455,33.72789499965455],[-84.48134599961816,33.7272590000029],[-84.48147700026334,33.72713299958832],[-84.4820430002842,33.726688999797545],[-84.48218000030676,33.72660500042048],[-84.48232899998334,33.72653800002871],[-84.48252900021316,33.7264779999598],[-84.48275900002778,33.72644700032885],[-84.48301800028042,33.726450999613974],[-84.48312399977272,33.726470999637],[-84.48318499988778,33.72649599989052]]},"properties":{"overall":46,"safety":96,"sidewalk":0,"sidewalk_present":0,"canopy":41.9,"comfort":59.0,"name":"Bob White Drive Southwest","road_type":"residential","osm_id":9245604}},{"type":"Feature","geometry":{"type":"LineString","coordinates":[[-84.48318659978173,33.72688349977375],[-84.48358749956344,33.72685579975541],[-84.4837174003377,33.72681879984776],[-84.48375419969653,33.72678730019379],[-84.48377359987171,33.72674940006482],[-84.48377359987171,33.726703499566895],[-84.48377359987171,33.72663900018978]]},"properties":{"overall":33,"safety":100,"sidewalk":0,"sidewalk_present":0,"canopy":0.0,"comfort":0.0,"name":"","road_type":"service","osm_id":993971239}},{"type":"Feature","geometry":{"type":"LineString","coordinates":[[-84.45727650031023,33.73363299986312],[-84.45729600031012,33.7333280001871]]},"properties":{"overall":33,"safety":99,"sidewalk":0,"sidewalk_present":0,"canopy":0.0,"comfort":0.0,"name":"Beecher Circle Southwest","road_type":"residential","osm_id":1470823771}},{"type":"Feature","geometry":{"type":"LineString","coordinates":[[-84.45682200003523,33.733542000163254],[-84.45704479987756,33.733589399830976],[-84.45727650031023,33.73363299986312]]},"properties":{"overall":33,"safety":99,"sidewalk":0,"sidewalk_present":0,"canopy":0.0,"comfort":0.0,"name":"Beecher Circle Southwest","road_type":"residential","osm_id":1470823772}},{"type":"Feature","geometry":{"type":"LineString","coordinates":[[-84.45310000016485,33.73391500027708],[-84.45341169979008,33.73400430025828],[-84.45363820034265,33.73405300034574],[-84.45389199981588,33.73403550043804],[-84.45550060007258,33.73366269997365]]},"properties":{"overall":32,"safety":96,"sidewalk":0,"sidewalk_present":0,"canopy":0.0,"comfort":0.0,"name":"Beecher Road Southwest","road_type":"tertiary","osm_id":9249882}},{"type":"Feature","geometry":{"type":"LineString","coordinates":[[-84.45391099979275,33.734845500019844],[-84.45406310033178,33.73484900018127],[-84.45421400027584,33.73488130023185],[-84.45436929970339,33.734942300346916],[-84.45440810005374,33.73495299958131],[-84.45448789959687,33.73495480002407],[-84.45473580041681,33.73491179983972]]},"properties":{"overall":33,"safety":100,"sidewalk":0,"sidewalk_present":0,"canopy":0.0,"comfort":0.0,"name":"","road_type":"service","osm_id":716671895}},{"type":"Feature","geometry":{"type":"LineString","coordinates":[[-84.45390500041538,33.73884300000452],[-84.45390720015712,33.73742949957182],[-84.45391800011555,33.735914999877366],[-84.453912999885,33.73495799981191],[-84.45391099979275,33.734845500019844],[-84.45389800009258,33.734094000437835],[-84.45389199981588,33.73403550043804]]},"properties":{"overall":32,"safety":97,"sidewalk":0,"sidewalk_present":0,"canopy":0.0,"comfort":0.0,"name":"Ferris Street Southwest","road_type":"residential","osm_id":9274679}},{"type":"Feature","geometry":{"type":"LineString","coordinates":[[-84.44381700015441,33.73451900025174],[-84.44735100034836,33.734542999559835]]},"properties":{"overall":48,"safety":99,"sidewalk":0,"sidewalk_present":0,"canopy":45.7,"comfort":51.9,"name":"Alvarado Terrace Southwest","road_type":"residential","osm_id":9250249}},{"type":"Feature","geometry":{"type":"LineString","coordinates":[[-84.45052500012861,33.73486600006589],[-84.45060400017445,33.73489799974294],[-84.45068300022024,33.73491000029634],[-84.453912999885,33.73495799981191]]},"properties":{"overall":46,"safety":99,"sidewalk":0,"sidewalk_present":0,"canopy":40.2,"comfort":51.4,"name":"Handley Avenue Southwest","road_type":"residential","osm_id":9244321}},{"type":"Feature","geometry":{"type":"LineString","coordinates":[[-84.44897999992702,33.73878800016615],[-84.44897999992702,33.73735799987185],[-84.44897999992702,33.73371600009341]]},"properties":{"overall":53,"safety":100,"sidewalk":0,"sidewalk_present":0,"canopy":58.7,"comfort":54.1,"name":"Kennolia Drive Southwest","road_type":"residential","osm_id":9270028}},{"type":"Feature","geometry":{"type":"LineString","coordinates":[[-84.45160599961713,33.73881799975095],[-84.45160799970938,33.73739699987169],[-84.45161800017053,33.73587799996977]]},"properties":{"overall":44,"safety":96,"sidewalk":0,"sidewalk_present":0,"canopy":35.6,"comfort":47.8,"name":"Montevista Street Southwest","road_type":"residential","osm_id":9277705}},{"type":"Feature","geometry":{"type":"LineString","coordinates":[[-84.4466050001206,33.738798999774076],[-84.44682100018895,33.738775999612756],[-84.4470219995656,33.73877699965885],[-84.44897999992702,33.73878800016615],[-84.45045300040562,33.73880099986633],[-84.45160599961713,33.73881799975095],[-84.45275500044289,33.73883000030435],[-84.45390500041538,33.73884300000452],[-84.45505400034182,33.73885499965854],[-84.45621399987618,33.73886800025804]]},"properties":{"overall":33,"safety":100,"sidewalk":0,"sidewalk_present":0,"canopy":0.0,"comfort":0.0,"name":"Westwood Avenue Southwest","road_type":"residential","osm_id":629329068}},{"type":"Feature","geometry":{"type":"LineString","coordinates":[[-84.45073730038604,33.74305330026965],[-84.4506144997593,33.743018699753236],[-84.45053770035457,33.74280359990627],[-84.45050330038697,33.74264399992069],[-84.45049250042854,33.742224700009956],[-84.45045449957547,33.742121699756694],[-84.45031009993113,33.74204629969705],[-84.45012999989956,33.74207720040255],[-84.45000300033814,33.742166299834935],[-84.44918140040124,33.74283349966635]]},"properties":{"overall":33,"safety":100,"sidewalk":0,"sidewalk_present":0,"canopy":0.0,"comfort":35.8,"name":"","road_type":"service","osm_id":743349452}},{"type":"Feature","geometry":{"type":"LineString","coordinates":[[-84.44981029990538,33.74343069986696],[-84.4497137999519,33.74343520007449],[-84.44961639977697,33.74341610027284],[-84.44955560021077,33.74339419998239],[-84.44949410007263,33.74335100014861]]},"properties":{"overall":33,"safety":100,"sidewalk":0,"sidewalk_present":0,"canopy":0.0,"comfort":38.6,"name":"","road_type":"service","osm_id":743349453}},{"type":"Feature","geometry":{"type":"LineString","coordinates":[[-84.4466050001206,33.738798999774076],[-84.44662819993147,33.738744099760424],[-84.44665999995897,33.73866900007437],[-84.44686219993054,33.73739670039748],[-84.44687199984287,33.73733499971053],[-84.44688090043314,33.737280700444046],[-84.4470410004418,33.736302999783675],[-84.44719899963411,33.73538999994861],[-84.44735100034836,33.734542999559835],[-84.4474969998866,33.733697000116535]]},"properties":{"overall":47,"safety":100,"sidewalk":0,"sidewalk_present":0,"canopy":42.1,"comfort":47.0,"name":"South Gordon Street Southwest","road_type":"tertiary","osm_id":603442149}},{"type":"Feature","geometry":{"type":"LineString","coordinates":[[-84.4357220000702,33.73720800014917],[-84.43583819967313,33.73723160015828],[-84.43586000013886,33.73723599964171],[-84.4359504998157,33.73723689986309],[-84.43607919999505,33.73723809955868],[-84.43622280014205,33.737239399978364],[-84.43636900022915,33.73724080022282],[-84.43892400024237,33.73726500007973],[-84.44101200030354,33.7372910003794],[-84.44266700018187,33.73730800026408],[-84.44680960038272,33.73733460041154],[-84.44687199984287,33.73733499971053],[-84.44694670023,33.73733539990883],[-84.44831499983735,33.73734300007942],[-84.44897999992702,33.73735799987185],[-84.45045699969074,33.73738100003317],[-84.45160799970938,33.73739699987169],[-84.45273899970505,33.73740300014839],[-84.45390720015712,33.73742949957182],[-84.45448490035784,33.73743520037425],[-84.4550603999175,33.73744810024965],[-84.455438900285,33.73745490002369],[-84.4562130996548,33.73746810027268]]},"properties":{"overall":78,"safety":100,"sidewalk":100,"sidewalk_present":1,"canopy":33.9,"comfort":44.8,"name":"Rogers Avenue Southwest","road_type":"residential","osm_id":9276436}},{"type":"Feature","geometry":{"type":"LineString","coordinates":[[-84.44673359957591,33.738728400295486],[-84.44682029961712,33.738189000422096],[-84.44685390008738,33.73796859997094],[-84.44691800016551,33.73755940034613],[-84.44694050030381,33.73739020009771]]},"properties":{"overall":66,"safety":99,"sidewalk":100,"sidewalk_present":1,"canopy":0.0,"comfort":0.0,"name":"","road_type":"footway","osm_id":1395889768}},{"type":"Feature","geometry":{"type":"LineString","coordinates":[[-84.45045999982909,33.735868999554725],[-84.45161800017053,33.73587799996977],[-84.45272199982043,33.7358929997622],[-84.45391800011555,33.735914999877366],[-84.45429500041388,33.73590500031554]]},"properties":{"overall":33,"safety":100,"sidewalk":0,"sidewalk_present":0,"canopy":0.0,"comfort":0.0,"name":"Pine Oak Drive Southwest","road_type":"residential","osm_id":9272641}},{"type":"Feature","geometry":{"type":"LineString","coordinates":[[-84.45466999972069,33.73594799960057],[-84.45457199969798,33.735918000015715],[-84.45444400009052,33.73590100013109],[-84.45429500041388,33.73590500031554]]},"properties":{"overall":32,"safety":97,"sidewalk":0,"sidewalk_present":0,"canopy":0.0,"comfort":0.0,"name":"Brennan Lane Southwest","road_type":"residential","osm_id":9274692}},{"type":"Feature","geometry":{"type":"LineString","coordinates":[[-84.45275500044289,33.73883000030435],[-84.45273899970505,33.73740300014839],[-84.45272199982043,33.7358929997622]]},"properties":{"overall":46,"safety":100,"sidewalk":0,"sidewalk_present":0,"canopy":36.7,"comfort":50.7,"name":"Clover Street Southwest","road_type":"residential","osm_id":9277307}},{"type":"Feature","geometry":{"type":"LineString","coordinates":[[-84.45505400034182,33.73885499965854],[-84.4550603999175,33.73744810024965]]},"properties":{"overall":33,"safety":100,"sidewalk":0,"sidewalk_present":0,"canopy":0.0,"comfort":0.0,"name":"Brennan Lane Southwest","road_type":"residential","osm_id":9274694}},{"type":"Feature","geometry":{"type":"LineString","coordinates":[[-84.45621399987618,33.73886800025804],[-84.45620100017595,33.73817299968425],[-84.4562130996548,33.73746810027268],[-84.45621099973783,33.73665499982843]]},"properties":{"overall":66,"safety":97,"sidewalk":100,"sidewalk_present":1,"canopy":0.0,"comfort":0.0,"name":"Handley Avenue Southwest","road_type":"residential","osm_id":9244322}},{"type":"Feature","geometry":{"type":"LineString","coordinates":[[-84.45768999959375,33.73885210024429],[-84.45768490043776,33.738742900064835],[-84.4576627995985,33.73867930000972],[-84.45757150042436,33.73857879987179],[-84.45749050028633,33.738489400065816],[-84.45742719970548,33.73837800014462],[-84.45739190041581,33.73822369986391],[-84.45717250001081,33.737763300036306],[-84.45714599968812,33.73765919991217],[-84.45712529999258,33.737598000147614],[-84.45703549998831,33.737522000240176],[-84.45691919966129,33.73748529980679],[-84.45676900028911,33.73746939979304],[-84.45658490007304,33.73746939979304],[-84.45628450042932,33.73747549989446],[-84.4562130996548,33.73746810027268]]},"properties":{"overall":67,"safety":100,"sidewalk":100,"sidewalk_present":1,"canopy":0.0,"comfort":0.0,"name":"","road_type":"path","osm_id":1118096570}},{"type":"Feature","geometry":{"type":"LineString","coordinates":[[-84.45621399987618,33.73886800025804],[-84.45648399973675,33.73887200044254]]},"properties":{"overall":33,"safety":100,"sidewalk":0,"sidewalk_present":0,"canopy":0.0,"comfort":0.0,"name":"","road_type":"residential","osm_id":9234820}},{"type":"Feature","geometry":{"type":"LineString","coordinates":[[-84.45240420009372,33.74448279964156],[-84.45246680010268,33.74436109978495],[-84.45242649968316,33.74388880012805],[-84.45230789978973,33.74347169995906],[-84.45212329955058,33.74309900021876],[-84.45196109962501,33.74287580017807],[-84.45176320021147,33.74271089958842],[-84.4516191000414,33.742653000335736],[-84.45073730038604,33.74305330026965],[-84.45063260041417,33.74313450005718]]},"properties":{"overall":35,"safety":100,"sidewalk":0,"sidewalk_present":0,"canopy":5.5,"comfort":39.6,"name":"","road_type":"service","osm_id":444688930}},{"type":"Feature","geometry":{"type":"LineString","coordinates":[[-84.45505229972383,33.744945699584434],[-84.45520249999532,33.7447138004016],[-84.4550952000834,33.744330199978776],[-84.45478129981711,33.743961500422984]]},"properties":{"overall":33,"safety":100,"sidewalk":0,"sidewalk_present":0,"canopy":0.0,"comfort":34.7,"name":"","road_type":"service","osm_id":444689241}},{"type":"Feature","geometry":{"type":"LineString","coordinates":[[-84.45957829979864,33.743835500008345],[-84.4593595001408,33.74386050026192],[-84.45913320013705,33.744119700164106],[-84.45892280014709,33.744347500236984],[-84.45870239969594,33.744504299733705],[-84.45845630021802,33.7446066003144],[-84.45821810038501,33.74463299991305],[-84.45812080003486,33.74463140001916]]},"properties":{"overall":51,"safety":100,"sidewalk":0,"sidewalk_present":0,"canopy":52.9,"comfort":61.7,"name":"","road_type":"track","osm_id":743349469}},{"type":"Feature","geometry":{"type":"LineString","coordinates":[[-84.44963789986917,33.74366140025347],[-84.4495680000631,33.74348800017111],[-84.44949410007263,33.74335100014861],[-84.44918140040124,33.74283349966635],[-84.4491645003414,33.74280529962493],[-84.4490118997793,33.74254980043298],[-84.44899689998692,33.74252470035469],[-84.4489046996921,33.74242100042886],[-84.44871190033388,33.74227950019883],[-84.4484970001364,33.742180099931716],[-84.44820569983312,33.74212839970596],[-84.44791760021701,33.74212660016252],[-84.44759869972017,33.74223240000532],[-84.44703779975464,33.74251019968602],[-84.44685979963998,33.74265420003138],[-84.44678029957112,33.742947399702814],[-84.44686760035944,33.743615999778626],[-84.44699390024829,33.74398370018764],[-84.44739849984086,33.74436710006165],[-84.44782100043881,33.74468699970532],[-84.44809150032245,33.74484470032269],[-84.4482496002388,33.74493679989348],[-84.4483492001554,33.74500900016528],[-84.44841109959253,33.74510629961611],[-84.44839030007228,33.74528069974457],[-84.44835259959274,33.74536460019618],[-84.44816440026682,33.74573079963676]]},"properties":{"overall":39,"safety":100,"sidewalk":0,"sidewalk_present":0,"canopy":16.2,"comfort":45.5,"name":"","road_type":"service","osm_id":444688991}},{"type":"Feature","geometry":{"type":"LineString","coordinates":[[-84.44660469974707,33.745522499563776],[-84.446745199931,33.74543640026968],[-84.44671830030927,33.7450195995749],[-84.44664409994522,33.74466069993139],[-84.44662719988531,33.744432100361166],[-84.44663510042949,33.74435229991877],[-84.44699390024829,33.74398370018764]]},"properties":{"overall":48,"safety":100,"sidewalk":0,"sidewalk_present":0,"canopy":43.7,"comfort":57.5,"name":"","road_type":"service","osm_id":743349466}},{"type":"Feature","geometry":{"type":"LineString","coordinates":[[-84.44671830030927,33.7450195995749],[-84.44640630031046,33.74524760019665],[-84.44596750039977,33.74545850020968]]},"properties":{"overall":52,"safety":100,"sidewalk":0,"sidewalk_present":0,"canopy":54.9,"comfort":61.7,"name":"","road_type":"service","osm_id":841171230}},{"type":"Feature","geometry":{"type":"LineString","coordinates":[[-84.44304069996826,33.746517799956564],[-84.44311300006484,33.74645910030728],[-84.4436711004409,33.74600619992623],[-84.4442375995855,33.745757600333036],[-84.44512810018165,33.74559140022302],[-84.44596750039977,33.74545850020968],[-84.44629240027399,33.74546749972541],[-84.44660469974707,33.745522499563776],[-84.44667310038324,33.74553450011712],[-84.44679370036891,33.74553259984964],[-84.44725239957853,33.74552560042616],[-84.44816440026682,33.74573079963676],[-84.44868199967453,33.74594490033695],[-84.44895499967345,33.74614090038227],[-84.44916660025837,33.74629280037249],[-84.44946070015118,33.74650399985978],[-84.44952690014628,33.7465515002516],[-84.45004930013505,33.74698780004701],[-84.45025329965,33.74707340021729],[-84.45088830015487,33.74618079970418]]},"properties":{"overall":73,"safety":100,"sidewalk":100,"sidewalk_present":1,"canopy":19.6,"comfort":46.9,"name":"","road_type":"service","osm_id":444688838}},{"type":"Feature","geometry":{"type":"LineString","coordinates":[[-84.44679370036891,33.74553259984964],[-84.44645849965997,33.74611330018871]]},"properties":{"overall":38,"safety":100,"sidewalk":0,"sidewalk_present":0,"canopy":13.6,"comfort":43.2,"name":"","road_type":"service","osm_id":444688992}},{"type":"Feature","geometry":{"type":"LineString","coordinates":[[-84.44316339987097,33.74584099986231],[-84.44315479965422,33.7458665001389],[-84.44312239977887,33.74636609961584],[-84.44311300006484,33.74645910030728]]},"properties":{"overall":76,"safety":100,"sidewalk":100,"sidewalk_present":1,"canopy":28.7,"comfort":53.3,"name":"","road_type":"footway","osm_id":1090674145}},{"type":"Feature","geometry":{"type":"LineString","coordinates":[[-84.45139680022214,33.74413389955987],[-84.45138209990392,33.74401750030745],[-84.45135079989944,33.74386300037719],[-84.45126500007967,33.74363430008293],[-84.45106289993282,33.74339610024987],[-84.45077149980483,33.7432150001722],[-84.45063260041417,33.74313450005718],[-84.45047429994895,33.74316970042139],[-84.45025650033716,33.743209900116824],[-84.45001840032887,33.743305099650684],[-84.44981029990538,33.74343069986696],[-84.44963789986917,33.74366140025347],[-84.44960230020592,33.74385190004523],[-84.44962349992454,33.74398599975416],[-84.44952969973582,33.744099999615344],[-84.44945179956085,33.744276600384865],[-84.44946880034485,33.74454050014401],[-84.44951889977739,33.744742100267786],[-84.44958829956033,33.744827499889254],[-84.44949440044621,33.745170399694246]]},"properties":{"overall":35,"safety":100,"sidewalk":0,"sidewalk_present":0,"canopy":4.5,"comfort":41.8,"name":"","road_type":"service","osm_id":444688990}},{"type":"Feature","geometry":{"type":"LineString","coordinates":[[-84.44962349992454,33.74398599975416],[-84.44974199999325,33.743975799643465],[-84.45139680022214,33.74413389955987],[-84.45142309999602,33.74443620037039],[-84.4512409998722,33.7447422000925]]},"properties":{"overall":41,"safety":100,"sidewalk":0,"sidewalk_present":0,"canopy":23.7,"comfort":50.8,"name":"","road_type":"service","osm_id":444688928}},{"type":"Feature","geometry":{"type":"LineString","coordinates":[[-84.4497200997028,33.74614119985654],[-84.44974600017775,33.745995200318305],[-84.44970629960602,33.74580490017604],[-84.44958580034438,33.74555600020932],[-84.44953620003554,33.745355800329946],[-84.44949440044621,33.745170399694246],[-84.44941440035427,33.74483200009678],[-84.44899520026826,33.74429589983595],[-84.4489390996597,33.74422409976245],[-84.4485490996612,33.74394160022473],[-84.44832379970353,33.74377840025301],[-84.44796020020306,33.74333319986732],[-84.44768129975216,33.74301540014068],[-84.44755809982638,33.74288789965692],[-84.44703779975464,33.74251019968602]]},"properties":{"overall":35,"safety":100,"sidewalk":0,"sidewalk_present":0,"canopy":5.1,"comfort":42.1,"name":"","road_type":"service","osm_id":444688925}},{"type":"Feature","geometry":{"type":"LineString","coordinates":[[-84.4485490996612,33.74394160022473],[-84.4477791999501,33.744507500420866]]},"properties":{"overall":33,"safety":100,"sidewalk":0,"sidewalk_present":0,"canopy":0.0,"comfort":41.1,"name":"","road_type":"footway","osm_id":743349467}},{"type":"Feature","geometry":{"type":"LineString","coordinates":[[-84.4516370001474,33.74510750021102],[-84.45156959955733,33.74499269995317],[-84.45141680024511,33.74485750037337],[-84.4512409998722,33.7447422000925],[-84.45107150014957,33.74471600014334],[-84.45087340018722,33.744701899672975],[-84.45066479974065,33.744724700184804],[-84.45058889965793,33.74475400009709],[-84.45052590034999,33.744798500350555],[-84.45042519966319,33.744914000280914],[-84.45029779990352,33.745118200344734]]},"properties":{"overall":33,"safety":100,"sidewalk":0,"sidewalk_present":0,"canopy":0.0,"comfort":41.3,"name":"","road_type":"service","osm_id":444688926}},{"type":"Feature","geometry":{"type":"LineString","coordinates":[[-84.45064760020654,33.74562599984006],[-84.45029779990352,33.745118200344734],[-84.45008820031018,33.74493429977815],[-84.44990839975281,33.74482880030894],[-84.44979439989163,33.74481429964027],[-84.44966009963383,33.7448310998754],[-84.44958829956033,33.744827499889254],[-84.44941440035427,33.74483200009678]]},"properties":{"overall":33,"safety":100,"sidewalk":0,"sidewalk_present":0,"canopy":0.0,"comfort":40.9,"name":"","road_type":"service","osm_id":444688927}},{"type":"Feature","geometry":{"type":"LineString","coordinates":[[-84.45107960034323,33.745893299935915],[-84.45105219979916,33.74582809998685],[-84.45095929983177,33.74572549993195],[-84.4509097004223,33.74568210044862],[-84.45083580043183,33.74564740010749],[-84.45076980008616,33.74563529972937],[-84.45071809986041,33.745625599641755],[-84.45064760020654,33.74562599984006],[-84.45057840007308,33.74565050007055],[-84.4497200997028,33.74614119985654],[-84.44968340016874,33.746151200317684],[-84.44916660025837,33.74629280037249]]},"properties":{"overall":35,"safety":100,"sidewalk":0,"sidewalk_present":0,"canopy":4.2,"comfort":40.9,"name":"","road_type":"service","osm_id":444688924}},{"type":"Feature","geometry":{"type":"LineString","coordinates":[[-84.44895499967345,33.74614090038227],[-84.4488460000428,33.74611080007344],[-84.44876900008927,33.74613530030393],[-84.44868280007114,33.746191599662666]]},"properties":{"overall":34,"safety":100,"sidewalk":0,"sidewalk_present":0,"canopy":2.4,"comfort":39.3,"name":"","road_type":"service","osm_id":1090641573}},{"type":"Feature","geometry":{"type":"LineString","coordinates":[[-84.44946070015118,33.74650399985978],[-84.44968340016874,33.746151200317684]]},"properties":{"overall":35,"safety":100,"sidewalk":0,"sidewalk_present":0,"canopy":6.2,"comfort":41.3,"name":"","road_type":"service","osm_id":1090641576}},{"type":"Feature","geometry":{"type":"LineString","coordinates":[[-84.44868199967453,33.74594490033695],[-84.44868280007114,33.746191599662666],[-84.44862639998831,33.746587500113094],[-84.44851669978584,33.74679620038438],[-84.44846570013192,33.746870399849115]]},"properties":{"overall":33,"safety":100,"sidewalk":0,"sidewalk_present":0,"canopy":0.0,"comfort":38.4,"name":"","road_type":"service","osm_id":444688834}},{"type":"Feature","geometry":{"type":"LineString","coordinates":[[-84.45344780037567,33.74488530021648],[-84.45362679963705,33.74477920000015],[-84.45371699983963,33.744718199885085],[-84.45383819967316,33.74462539974246],[-84.45396870029526,33.74449080001045],[-84.45401380039652,33.74438950037518]]},"properties":{"overall":33,"safety":100,"sidewalk":0,"sidewalk_present":0,"canopy":0.0,"comfort":34.1,"name":"","road_type":"service","osm_id":444689242}},{"type":"Feature","geometry":{"type":"LineString","coordinates":[[-84.45644589995828,33.74507029975456],[-84.45634300042911,33.7449906000362],[-84.45624420000979,33.74486869963084],[-84.45546860039553,33.74377509974113]]},"properties":{"overall":34,"safety":100,"sidewalk":0,"sidewalk_present":0,"canopy":1.2,"comfort":38.4,"name":"","road_type":"service","osm_id":444689244}},{"type":"Feature","geometry":{"type":"LineString","coordinates":[[-84.4571422998772,33.74476299961282],[-84.45725860020417,33.74482430010141],[-84.45743980010667,33.7448594995663],[-84.45757360034133,33.744871900318],[-84.45774899961663,33.74489770006886],[-84.45795700021534,33.74492740017945],[-84.45808049961533,33.744961800146996],[-84.4582122997578,33.744984099736484],[-84.45891000009641,33.74498569963038],[-84.45911749977273,33.74491009992124]]},"properties":{"overall":41,"safety":100,"sidewalk":0,"sidewalk_present":0,"canopy":24.4,"comfort":50.5,"name":"","road_type":"service","osm_id":841142292}},{"type":"Feature","geometry":{"type":"LineString","coordinates":[[-84.45252310036074,33.745322000210194],[-84.45266520043862,33.74526629979994],[-84.45273870023078,33.745209100219824],[-84.45277749968182,33.74513470020628],[-84.45278490020297,33.744945699584434],[-84.4527074002263,33.74471259980669],[-84.45255250009774,33.74454429977965],[-84.45240420009372,33.74448279964156],[-84.45142309999602,33.74443620037039]]},"properties":{"overall":33,"safety":100,"sidewalk":0,"sidewalk_present":0,"canopy":0.0,"comfort":39.6,"name":"","road_type":"service","osm_id":444688929}},{"type":"Feature","geometry":{"type":"LineString","coordinates":[[-84.45587319998816,33.74521489994771],[-84.45644589995828,33.74507029975456],[-84.45697790020989,33.745025099828524]]},"properties":{"overall":40,"safety":100,"sidewalk":0,"sidewalk_present":0,"canopy":21.0,"comfort":47.6,"name":"","road_type":"service","osm_id":444689243}},{"type":"Feature","geometry":{"type":"LineString","coordinates":[[-84.45624420000979,33.74486869963084],[-84.45621990032811,33.74493889981045],[-84.45605389986753,33.74508989957923],[-84.45587319998816,33.74521489994771]]},"properties":{"overall":33,"safety":100,"sidewalk":0,"sidewalk_present":0,"canopy":0.0,"comfort":39.7,"name":"","road_type":"service","osm_id":743349454}},{"type":"Feature","geometry":{"type":"LineString","coordinates":[[-84.45804499977686,33.74596700027689],[-84.45806129998897,33.745680800028936]]},"properties":{"overall":39,"safety":67,"sidewalk":0,"sidewalk_present":0,"canopy":51.0,"comfort":57.8,"name":"Betsy Avenue Southwest","road_type":"residential","osm_id":1468334017}},{"type":"Feature","geometry":{"type":"LineString","coordinates":[[-84.45249610001497,33.74581160012531],[-84.4526191002912,33.7457778000055],[-84.45304600037258,33.74573079963676],[-84.45380240036047,33.745884599894396],[-84.45414840012853,33.74577989992247],[-84.45446219967073,33.745802200411276],[-84.45536789970879,33.74570480023641],[-84.45570670040388,33.745668400176555],[-84.45587319998816,33.74521489994771],[-84.45505229972383,33.744945699584434],[-84.45438879970328,33.74503269999917]]},"properties":{"overall":33,"safety":100,"sidewalk":0,"sidewalk_present":0,"canopy":0.1,"comfort":37.3,"name":"","road_type":"service","osm_id":444689240}},{"type":"Feature","geometry":{"type":"LineString","coordinates":[[-84.45717199998779,33.74841699994465],[-84.45725700031028,33.74604500027658],[-84.45722000040269,33.745906000161824],[-84.45714489981725,33.74582490019901]]},"properties":{"overall":44,"safety":97,"sidewalk":0,"sidewalk_present":0,"canopy":34.9,"comfort":51.9,"name":"Henry Aaron Avenue Southwest","road_type":"residential","osm_id":9271842}},{"type":"Feature","geometry":{"type":"LineString","coordinates":[[-84.45088830015487,33.74618079970418],[-84.45107960034323,33.745893299935915],[-84.4516370001474,33.74510750021102],[-84.45178809974095,33.74522490040886],[-84.45194089995255,33.74526689964773],[-84.45222379968857,33.74531959991964],[-84.45252310036074,33.745322000210194],[-84.452523399835,33.745629500001485],[-84.45249610001497,33.74581160012531],[-84.4522236998638,33.74619869981018],[-84.45214479964272,33.74631069957917],[-84.45188719963454,33.74650110044547],[-84.45174370021158,33.74659029970263],[-84.45165790039175,33.74663820029275],[-84.45160689983851,33.746653899757746],[-84.4515412996912,33.74666190012664],[-84.45146209999587,33.74664719980848],[-84.45141120016672,33.746618499744045],[-84.45088830015487,33.74618079970418]]},"properties":{"overall":33,"safety":100,"sidewalk":0,"sidewalk_present":0,"canopy":0.0,"comfort":39.4,"name":"","road_type":"service","osm_id":444688923}},{"type":"Feature","geometry":{"type":"LineString","coordinates":[[-84.46419729966561,33.72259499985938],[-84.46369129971367,33.722491399758326],[-84.46360859985697,33.72242309984625],[-84.46357269982019,33.72236869985568]]},"properties":{"overall":21,"safety":63,"sidewalk":0,"sidewalk_present":0,"canopy":0.0,"comfort":23.3,"name":"Benjamin E Mays Drive Southwest","road_type":"tertiary","osm_id":629329071}},{"type":"Feature","geometry":{"type":"LineString","coordinates":[[-84.46493309978268,33.72197940042906],[-84.46501230037734,33.722437800164414]]},"properties":{"overall":32,"safety":96,"sidewalk":0,"sidewalk_present":0,"canopy":0.0,"comfort":23.0,"name":"","road_type":"service","osm_id":562953675}},{"type":"Feature","geometry":{"type":"LineString","coordinates":[[-84.46419729966561,33.72259499985938],[-84.4642269997762,33.72246500015967],[-84.46421430044956,33.72214029993495]]},"properties":{"overall":20,"safety":59,"sidewalk":0,"sidewalk_present":0,"canopy":0.0,"comfort":23.6,"name":"Beecher Road Southwest","road_type":"tertiary","osm_id":629329070}},{"type":"Feature","geometry":{"type":"LineString","coordinates":[[-84.46501230037734,33.722437800164414],[-84.4650391001743,33.72260629984089],[-84.46470510006026,33.72255940019619],[-84.46467399970527,33.722680000181924]]},"properties":{"overall":33,"safety":99,"sidewalk":0,"sidewalk_present":0,"canopy":0.0,"comfort":22.7,"name":"","road_type":"service","osm_id":562953674}},{"type":"Feature","geometry":{"type":"LineString","coordinates":[[-84.4655523999233,33.722697699739115],[-84.46554700039371,33.72273469964671],[-84.46552870008941,33.72285130034726]]},"properties":{"overall":33,"safety":100,"sidewalk":0,"sidewalk_present":0,"canopy":0.0,"comfort":24.7,"name":"","road_type":"residential","osm_id":562953680}},{"type":"Feature","geometry":{"type":"LineString","coordinates":[[-84.46623589996676,33.72302399985779],[-84.46624040017429,33.72290799990435],[-84.46624329958854,33.72283149997378],[-84.4662461000774,33.722759100052485],[-84.46627160035405,33.72203740040578],[-84.46627730025716,33.72144950009442],[-84.46627809975445,33.72135119969818]]},"properties":{"overall":39,"safety":97,"sidewalk":0,"sidewalk_present":0,"canopy":19.5,"comfort":36.2,"name":"","road_type":"residential","osm_id":562953677}},{"type":"Feature","geometry":{"type":"LineString","coordinates":[[-84.4655523999233,33.722697699739115],[-84.46624329958854,33.72283149997378]]},"properties":{"overall":36,"safety":100,"sidewalk":0,"sidewalk_present":0,"canopy":9.5,"comfort":31.0,"name":"","road_type":"residential","osm_id":562953678}},{"type":"Feature","geometry":{"type":"LineString","coordinates":[[-84.47346999974064,33.72227899967612],[-84.47420799959946,33.722276999583926],[-84.47426699962227,33.7222680000682],[-84.47432699969124,33.72223899963018],[-84.47437199996779,33.722194000252955],[-84.47438999989856,33.722144999791965],[-84.47438799980631,33.72209700027639],[-84.47434399957586,33.72196899976956],[-84.47433400001404,33.72187399988525],[-84.47438599971406,33.72159999984018],[-84.4744720000827,33.72135600027923],[-84.4745019996675,33.721227999772395],[-84.47451600031314,33.72109099974989],[-84.47451000003645,33.72089899988896],[-84.47452499982882,33.72077999979723],[-84.47461899966709,33.720520000397755],[-84.47489299971215,33.71987500033106]]},"properties":{"overall":44,"safety":99,"sidewalk":0,"sidewalk_present":0,"canopy":32.4,"comfort":52.8,"name":"Spring Park Drive Southwest","road_type":"residential","osm_id":9259873}},{"type":"Feature","geometry":{"type":"LineString","coordinates":[[-84.47731199974896,33.7218080004389],[-84.47729699995654,33.72188500039249],[-84.47731900007176,33.72196499958511],[-84.47737299986403,33.72202899983853],[-84.47744400044024,33.72206899988447],[-84.47754899988638,33.72208599976915],[-84.47765999960927,33.7220610004149],[-84.47790800025399,33.72192200030014],[-84.47809499988432,33.7218699997008]]},"properties":{"overall":49,"safety":100,"sidewalk":0,"sidewalk_present":0,"canopy":48.0,"comfort":62.2,"name":"Veltre Place Southwest","road_type":"residential","osm_id":9235122}},{"type":"Feature","geometry":{"type":"LineString","coordinates":[[-84.47813130011934,33.72186960040182],[-84.47806720004121,33.72196060010168],[-84.4779742002491,33.72210020006423],[-84.47791759961751,33.72221300022983],[-84.47791439982967,33.722235600192846],[-84.47791670029545,33.72226649999902]]},"properties":{"overall":46,"safety":95,"sidewalk":0,"sidewalk_present":0,"canopy":43.7,"comfort":59.6,"name":"","road_type":"service","osm_id":828446143}},{"type":"Feature","geometry":{"type":"LineString","coordinates":[[-84.47791670029545,33.72226649999902],[-84.47793389982957,33.72235420008633]]},"properties":{"overall":31,"safety":92,"sidewalk":0,"sidewalk_present":0,"canopy":0.0,"comfort":0.0,"name":"","road_type":"service","osm_id":828446144}},{"type":"Feature","geometry":{"type":"LineString","coordinates":[[-84.47793389982957,33.72235420008633],[-84.47794760010163,33.722376600399855],[-84.47798019962647,33.72238989957424],[-84.47801690005986,33.72238989957424],[-84.47806269983369,33.72238319962503]]},"properties":{"overall":31,"safety":92,"sidewalk":0,"sidewalk_present":0,"canopy":0.0,"comfort":0.0,"name":"","road_type":"service","osm_id":828446145}},{"type":"Feature","geometry":{"type":"LineString","coordinates":[[-84.48074790009548,33.72330600027175],[-84.4805529000962,33.72336629981493],[-84.48025870037867,33.72345049974081],[-84.48003439956784,33.72350269998964],[-84.47965819966612,33.723486600326396],[-84.47818949974555,33.72345249983306],[-84.47721759971245,33.72343239998531],[-84.47705920032178,33.72344369996682]]},"properties":{"overall":40,"safety":100,"sidewalk":0,"sidewalk_present":0,"canopy":18.6,"comfort":45.5,"name":"Veltre Terrace","road_type":"residential","osm_id":243346521}},{"type":"Feature","geometry":{"type":"LineString","coordinates":[[-84.47705920032178,33.72344369996682],[-84.47702140001758,33.72342699955641],[-84.47697860038204,33.72342460016523],[-84.47693839978729,33.72343690019284],[-84.4769076996306,33.7234616998976],[-84.47689169979208,33.723494699620744],[-84.47689329968597,33.723530300183256],[-84.47691210001335,33.723562299860305],[-84.47694499991178,33.723585100372134],[-84.47698619965337,33.72359490028447],[-84.47702859998986,33.72358980022915],[-84.47706480040017,33.72357090007705],[-84.47708869988355,33.72354129979118],[-84.47709610040465,33.72350629997584],[-84.47708559992049,33.72347170035874],[-84.47705920032178,33.72344369996682]]},"properties":{"overall":39,"safety":100,"sidewalk":0,"sidewalk_present":0,"canopy":18.4,"comfort":50.0,"name":"Veltre Terrace","road_type":"residential","osm_id":243346520}},{"type":"Feature","geometry":{"type":"LineString","coordinates":[[-84.47212999999948,33.72427099980683],[-84.47220900004527,33.72427399994518],[-84.47256589959653,33.72419149973797],[-84.47332400020241,33.72401499969254],[-84.4736419995786,33.7239409998773],[-84.4737921998501,33.72389429988209],[-84.4740470002688,33.72381500036204],[-84.4744360002212,33.72365600022431],[-84.47500200024206,33.72336100011012],[-84.47517199998777,33.72324200001833],[-84.47526699987213,33.72314800018012],[-84.47535600037907,33.72303000013443],[-84.4754949995945,33.722733999974196]]},"properties":{"overall":50,"safety":100,"sidewalk":0,"sidewalk_present":0,"canopy":50.0,"comfort":58.1,"name":"Cardinal Way Southwest","road_type":"residential","osm_id":9242270}},{"type":"Feature","geometry":{"type":"LineString","coordinates":[[-84.47316430039211,33.72360649974024],[-84.47332400020241,33.72401499969254]]},"properties":{"overall":32,"safety":95,"sidewalk":0,"sidewalk_present":0,"canopy":0.0,"comfort":0.0,"name":"","road_type":"service","osm_id":769931994}},{"type":"Feature","geometry":{"type":"LineString","coordinates":[[-84.4737921998501,33.72389429988209],[-84.47383639973003,33.72397220005706],[-84.47391560032463,33.72407099957701],[-84.47400309986313,33.72417390000555],[-84.47413110036996,33.72427750010661]]},"properties":{"overall":33,"safety":100,"sidewalk":0,"sidewalk_present":0,"canopy":0.0,"comfort":0.0,"name":"","road_type":"service","osm_id":729895449}},{"type":"Feature","geometry":{"type":"LineString","coordinates":[[-84.46565669969692,33.72287769994597],[-84.46564529989064,33.723322400308575],[-84.46568820025021,33.7234216998516]]},"properties":{"overall":36,"safety":99,"sidewalk":0,"sidewalk_present":0,"canopy":9.4,"comfort":31.5,"name":"","road_type":"service","osm_id":562953628}},{"type":"Feature","geometry":{"type":"LineString","coordinates":[[-84.46568820025021,33.7234216998516],[-84.465883899922,33.7234192995611],[-84.46606499999973,33.723417199644075],[-84.46610120041004,33.723336900077925],[-84.46610640029013,33.72299129960885]]},"properties":{"overall":39,"safety":99,"sidewalk":0,"sidewalk_present":0,"canopy":17.0,"comfort":37.1,"name":"","road_type":"service","osm_id":562953627}},{"type":"Feature","geometry":{"type":"LineString","coordinates":[[-84.46589579975131,33.72368730022879],[-84.465883899922,33.7234192995611]]},"properties":{"overall":44,"safety":99,"sidewalk":0,"sidewalk_present":0,"canopy":32.2,"comfort":44.2,"name":"","road_type":"service","osm_id":562953624}},{"type":"Feature","geometry":{"type":"LineString","coordinates":[[-84.46571629956753,33.72368380006736],[-84.46568820025021,33.7234216998516]]},"properties":{"overall":44,"safety":99,"sidewalk":0,"sidewalk_present":0,"canopy":33.6,"comfort":44.4,"name":"","road_type":"service","osm_id":562953623}},{"type":"Feature","geometry":{"type":"LineString","coordinates":[[-84.46659879979472,33.72212330005033],[-84.46731960011942,33.72187230016658]]},"properties":{"overall":41,"safety":100,"sidewalk":0,"sidewalk_present":0,"canopy":21.6,"comfort":39.2,"name":"","road_type":"service","osm_id":562953686}},{"type":"Feature","geometry":{"type":"LineString","coordinates":[[-84.46673829993256,33.72218580023457],[-84.46732299955676,33.72200839996776]]},"properties":{"overall":44,"safety":100,"sidewalk":0,"sidewalk_present":0,"canopy":31.4,"comfort":43.2,"name":"","road_type":"service","osm_id":562953688}},{"type":"Feature","geometry":{"type":"LineString","coordinates":[[-84.4721888003728,33.723361500133194],[-84.47227920022488,33.72334550029467],[-84.47233250034458,33.72332889970903],[-84.47239549965258,33.7232851000274],[-84.47250519985505,33.72324939964011],[-84.47261180009446,33.723236399939935],[-84.47267039991897,33.7232266000276],[-84.4727221999695,33.723189000272214],[-84.4727859996741,33.72313470010636],[-84.4728044996279,33.723106400240226],[-84.4727986000753,33.72307620010662],[-84.47273709993715,33.72304909993608],[-84.4725985000207,33.72301090033284],[-84.47246290024259,33.72298249974261],[-84.47220289994385,33.722957899687344]]},"properties":{"overall":33,"safety":100,"sidewalk":0,"sidewalk_present":0,"canopy":0.0,"comfort":0.0,"name":"","road_type":"service","osm_id":729895450}},{"type":"Feature","geometry":{"type":"LineString","coordinates":[[-84.46972399966279,33.72422970024053],[-84.46985739969921,33.72413330011176],[-84.46999169995695,33.724044599978356],[-84.470095300058,33.72396659997867],[-84.4701662997349,33.72389520010347]]},"properties":{"overall":33,"safety":100,"sidewalk":0,"sidewalk_present":0,"canopy":0.0,"comfort":0.0,"name":"","road_type":"service","osm_id":828465196}},{"type":"Feature","geometry":{"type":"LineString","coordinates":[[-84.47294799995018,33.72456020019314],[-84.47288420024563,33.72447519987065],[-84.47285970001508,33.7244392000091],[-84.47281369969244,33.72441109979246],[-84.47279979977088,33.72438930022605],[-84.47278520017682,33.72434260023084],[-84.47275430037064,33.724327300064886],[-84.47270379984047,33.7243186998482],[-84.47263880044022,33.72428529992669],[-84.47258360005304,33.7242436999868],[-84.47256589959653,33.72419149973797]]},"properties":{"overall":33,"safety":100,"sidewalk":0,"sidewalk_present":0,"canopy":0.0,"comfort":0.0,"name":"","road_type":"service","osm_id":733543261}},{"type":"Feature","geometry":{"type":"LineString","coordinates":[[-84.47023249973006,33.72497289997938],[-84.47042949982153,33.72487990018732],[-84.47059319981628,33.72479110022914],[-84.47072929961746,33.72473370010022],[-84.47089470023019,33.7246807003541],[-84.47099809978243,33.72462480029435],[-84.47110140040928,33.72454890021163],[-84.47120139962487,33.724460000428735],[-84.47127550016415,33.724415599999986],[-84.47135639957816,33.7243784004429]]},"properties":{"overall":44,"safety":99,"sidewalk":0,"sidewalk_present":0,"canopy":32.5,"comfort":49.6,"name":"","road_type":"service","osm_id":828448185}},{"type":"Feature","geometry":{"type":"LineString","coordinates":[[-84.47060699991306,33.727761999816494],[-84.47056499977487,33.72771400030092],[-84.47054699984415,33.72765100009366],[-84.47061999961323,33.72547699966384],[-84.47063000007438,33.72535400028693],[-84.4706809997283,33.72524199961862],[-84.47074280023998,33.72521219968331],[-84.47115800014154,33.725011999803996],[-84.47133600025614,33.724911999689084],[-84.47152199984038,33.72478099994322],[-84.47168900034706,33.72463300031279],[-84.47186000013886,33.724437000267415],[-84.47199700016137,33.72422300029126],[-84.47209800032243,33.72399499966957],[-84.47217600032212,33.7237279999473],[-84.4721888003728,33.723361500133194],[-84.47220289994385,33.722957899687344],[-84.47230199983738,33.7201209999842],[-84.47228399990661,33.720009000215214]]},"properties":{"overall":49,"safety":98,"sidewalk":0,"sidewalk_present":0,"canopy":50.0,"comfort":58.4,"name":"Willis Mill Road Southwest","road_type":"residential","osm_id":9273041}},{"type":"Feature","geometry":{"type":"LineString","coordinates":[[-84.47144959991908,33.72572169979668],[-84.4718048995764,33.72498550038057],[-84.47177809977944,33.72484719993838],[-84.47191759991728,33.724687699777576]]},"properties":{"overall":48,"safety":100,"sidewalk":0,"sidewalk_present":0,"canopy":44.4,"comfort":55.5,"name":"","road_type":"service","osm_id":562698211}},{"type":"Feature","geometry":{"type":"LineString","coordinates":[[-84.47868719985433,33.72850969976287],[-84.47801690005986,33.728409199624934],[-84.47705010008201,33.728264299957516],[-84.47701710035886,33.72825929972697],[-84.47694010040527,33.72824780009597],[-84.47692430021624,33.72824539980542],[-84.47594100037685,33.728098000022726],[-84.47561999996299,33.72800800036896],[-84.47522999996448,33.72784099986228],[-84.47514699973419,33.72780399995469],[-84.47495969973033,33.727719899853525],[-84.4748696002518,33.7276799996323],[-84.47438420017068,33.72746289969314],[-84.47423700003748,33.72739700007156],[-84.47408250010727,33.72731769965219],[-84.47350999978664,33.72702399995768],[-84.47317370010614,33.72684630021661],[-84.47310859998186,33.72681190024906],[-84.4720289000137,33.726243499937596],[-84.47171079991347,33.726073500191944],[-84.47149600044003,33.72596000035378],[-84.47106899963461,33.72567599984757],[-84.47084850025806,33.72551429994502],[-84.47063000007438,33.72535400028693],[-84.47042799975236,33.7251950001492],[-84.47027699998353,33.725038000103666],[-84.47023249973006,33.72497289997938],[-84.46984499984683,33.72440659958494],[-84.46972399966279,33.72422970024053],[-84.46970299959372,33.72419900008384],[-84.4696099998016,33.72409799992283],[-84.46949599994042,33.72401299960029],[-84.46935299964116,33.7239419999234],[-84.46876820019224,33.723730199689044],[-84.46838099978328,33.72358999987864],[-84.467972999854,33.723467999648506],[-84.46750599990196,33.72334660016554],[-84.46730000029476,33.72329299967225],[-84.46716179967729,33.72325809968163],[-84.46627659968527,33.72303429979314],[-84.46623589996676,33.72302399985779],[-84.46610640029013,33.72299129960885],[-84.46591550030007,33.722943100443786],[-84.46565669969692,33.72287769994597],[-84.46564200027808,33.72287400013505],[-84.46552870008941,33.72285130034726],[-84.46501960017434,33.72274920031538],[-84.46479919972325,33.722705100260214],[-84.46467399970527,33.722680000181924],[-84.46452800016704,33.72265070026964],[-84.46419729966561,33.72259499985938]]},"properties":{"overall":43,"safety":88,"sidewalk":0,"sidewalk_present":0,"canopy":41.5,"comfort":51.8,"name":"Benjamin E Mays Drive Southwest","road_type":"tertiary","osm_id":79424658}},{"type":"Feature","geometry":{"type":"LineString","coordinates":[[-84.47177809977944,33.72484719993838],[-84.47165880021345,33.72492300019633],[-84.47141069974396,33.72512599966518],[-84.47097260040516,33.725385999963976]]},"properties":{"overall":48,"safety":99,"sidewalk":0,"sidewalk_present":0,"canopy":43.8,"comfort":55.1,"name":"","road_type":"service","osm_id":562698209}},{"type":"Feature","geometry":{"type":"LineString","coordinates":[[-84.46605699963078,33.72369050001663],[-84.46589579975131,33.72368730022879],[-84.46571629956753,33.72368380006736]]},"properties":{"overall":49,"safety":100,"sidewalk":0,"sidewalk_present":0,"canopy":46.3,"comfort":51.1,"name":"","road_type":"service","osm_id":562953625}},{"type":"Feature","geometry":{"type":"LineString","coordinates":[[-84.46606499999973,33.723417199644075],[-84.46605699963078,33.72369050001663]]},"properties":{"overall":47,"safety":100,"sidewalk":0,"sidewalk_present":0,"canopy":40.2,"comfort":48.8,"name":"","road_type":"service","osm_id":562953626}},{"type":"Feature","geometry":{"type":"LineString","coordinates":[[-84.50215630007312,33.71801840032896],[-84.5022567003864,33.71844459983845]]},"properties":{"overall":27,"safety":81,"sidewalk":0,"sidewalk_present":0,"canopy":0.0,"comfort":0.0,"name":"Atlanta Bypass / The Perimeter","road_type":"motorway","osm_id":230248003}},{"type":"Feature","geometry":{"type":"LineString","coordinates":[[-84.5022567003864,33.71844459983845],[-84.50230000004495,33.718682000174226],[-84.50239060044584,33.71906349978076],[-84.50239378404586,33.71908383974744]]},"properties":{"overall":24,"safety":72,"sidewalk":0,"sidewalk_present":0,"canopy":0.0,"comfort":0.0,"name":"Atlanta Bypass / The Perimeter","road_type":"motorway","osm_id":230248006}},{"type":"Feature","geometry":{"type":"LineString","coordinates":[[-84.49793900038452,33.71970999991663],[-84.49960199973248,33.71972699980125],[-84.50047500042092,33.7197370002624]]},"properties":{"overall":45,"safety":97,"sidewalk":0,"sidewalk_present":0,"canopy":36.9,"comfort":55.6,"name":"Laren Lane Southwest","road_type":"residential","osm_id":9240989}},{"type":"Feature","geometry":{"type":"LineString","coordinates":[[-84.49924319991374,33.722625500366576],[-84.49947700026331,33.72199099988478],[-84.49953000000943,33.72183299979315],[-84.49956299973263,33.72167699979377],[-84.49957500028597,33.72151799965599],[-84.49960199973248,33.71972699980125]]},"properties":{"overall":39,"safety":77,"sidewalk":0,"sidewalk_present":0,"canopy":39.4,"comfort":52.3,"name":"Shanter Trail Southwest","road_type":"residential","osm_id":9272143}},{"type":"Feature","geometry":{"type":"LineString","coordinates":[[-84.50018399959185,33.72287269971537],[-84.5002585003295,33.72238180027989],[-84.49997730031214,33.72235050027541]]},"properties":{"overall":50,"safety":97,"sidewalk":0,"sidewalk_present":0,"canopy":54.5,"comfort":60.2,"name":"","road_type":"service","osm_id":1460738102}},{"type":"Feature","geometry":{"type":"LineString","coordinates":[[-84.50089779959376,33.72277190010317],[-84.50081120027664,33.72276889996482],[-84.50081070025357,33.72297340040217]]},"properties":{"overall":4,"safety":4,"sidewalk":0,"sidewalk_present":0,"canopy":8.8,"comfort":43.3,"name":"","road_type":"service","osm_id":765940668}},{"type":"Feature","geometry":{"type":"LineString","coordinates":[[-84.50100890004069,33.7227762995866],[-84.50089779959376,33.72277190010317]]},"properties":{"overall":9,"safety":15,"sidewalk":0,"sidewalk_present":0,"canopy":12.4,"comfort":45.7,"name":"","road_type":"service","osm_id":765940667}},{"type":"Feature","geometry":{"type":"LineString","coordinates":[[-84.5010920000957,33.72297190033299],[-84.5010987000449,33.72278079979412],[-84.50100890004069,33.7227762995866]]},"properties":{"overall":17,"safety":41,"sidewalk":0,"sidewalk_present":0,"canopy":10.5,"comfort":43.4,"name":"","road_type":"service","osm_id":765940666}},{"type":"Feature","geometry":{"type":"LineString","coordinates":[[-84.500310699679,33.72291130041623],[-84.50018399959185,33.72287269971537],[-84.49971620014247,33.722730099614466]]},"properties":{"overall":38,"safety":91,"sidewalk":0,"sidewalk_present":0,"canopy":23.0,"comfort":46.8,"name":"Cascade Road","road_type":"secondary","osm_id":1014045554}},{"type":"Feature","geometry":{"type":"LineString","coordinates":[[-84.50081070025357,33.72297340040217],[-84.5005363000102,33.72295179958593],[-84.500310699679,33.72291130041623]]},"properties":{"overall":19,"safety":53,"sidewalk":0,"sidewalk_present":0,"canopy":5.0,"comfort":41.2,"name":"Cascade Road","road_type":"secondary","osm_id":1029605327}},{"type":"Feature","geometry":{"type":"LineString","coordinates":[[-84.50200423640632,33.72296721396583],[-84.50124540015503,33.72297109993639]]},"properties":{"overall":19,"safety":48,"sidewalk":0,"sidewalk_present":0,"canopy":9.5,"comfort":43.2,"name":"Cascade Road","road_type":"secondary","osm_id":573750242}},{"type":"Feature","geometry":{"type":"LineString","coordinates":[[-84.49971620014247,33.722730099614466],[-84.49943240018507,33.722629100352776],[-84.49924319991374,33.722625500366576]]},"properties":{"overall":30,"safety":71,"sidewalk":0,"sidewalk_present":0,"canopy":19.6,"comfort":44.8,"name":"Cascade Road","road_type":"secondary","osm_id":1029605328}},{"type":"Feature","geometry":{"type":"LineString","coordinates":[[-84.49533220032077,33.72898999978872],[-84.49537700004845,33.727517000209446],[-84.49540000020983,33.72627999982217],[-84.49542999979462,33.725449000171295],[-84.49546399956387,33.72532199971056],[-84.4955570002553,33.72513099989578],[-84.4956459000382,33.72494009990572],[-84.49568199972447,33.723507999694505]]},"properties":{"overall":48,"safety":100,"sidewalk":0,"sidewalk_present":0,"canopy":45.3,"comfort":63.2,"name":"Braemar Avenue Southwest","road_type":"residential","osm_id":759562753}},{"type":"Feature","geometry":{"type":"LineString","coordinates":[[-84.4968162004073,33.72666400044329],[-84.49684219980765,33.725515499640665]]},"properties":{"overall":39,"safety":97,"sidewalk":0,"sidewalk_present":0,"canopy":20.1,"comfort":45.6,"name":"Arbor Park Lane Southwest","road_type":"residential","osm_id":241396971}},{"type":"Feature","geometry":{"type":"LineString","coordinates":[[-84.49876359956045,33.72585419961166],[-84.49879219980016,33.72582689979163],[-84.49880809981391,33.72579320039591],[-84.49880950005837,33.725756999985606],[-84.49879619998461,33.72572240036851],[-84.49876959983715,33.725693499755266],[-84.4987330001278,33.72567370028111],[-84.49869040014181,33.72566529971385],[-84.49864699975922,33.7256692998983],[-84.49860759956101,33.72568519991211],[-84.49857709995314,33.72571120021178],[-84.49855879964883,33.72574419993492],[-84.4985544001654,33.72577270034992],[-84.49855940039595,33.72580110004077],[-84.4985733003175,33.72582729998993],[-84.498602000382,33.725854499985246],[-84.49864000033568,33.725872200441756],[-84.49868289979594,33.725878199819135],[-84.4987257003308,33.725871999892945],[-84.49876359956045,33.72585419961166]]},"properties":{"overall":33,"safety":100,"sidewalk":0,"sidewalk_present":0,"canopy":0.0,"comfort":0.0,"name":"Cascade Parkway Southwest","road_type":"residential","osm_id":241396972}},{"type":"Feature","geometry":{"type":"LineString","coordinates":[[-84.49855879964883,33.72574419993492],[-84.49829799985275,33.725773099648904],[-84.49820049985317,33.725783899607336]]},"properties":{"overall":41,"safety":100,"sidewalk":0,"sidewalk_present":0,"canopy":22.5,"comfort":46.2,"name":"Cascade Parkway Southwest","road_type":"residential","osm_id":241396974}},{"type":"Feature","geometry":{"type":"LineString","coordinates":[[-84.49821220003298,33.72586780005895],[-84.49831000040615,33.72585679955171],[-84.4985733003175,33.72582729998993]]},"properties":{"overall":41,"safety":100,"sidewalk":0,"sidewalk_present":0,"canopy":23.2,"comfort":46.5,"name":"Cascade Parkway Southwest","road_type":"residential","osm_id":241396975}},{"type":"Feature","geometry":{"type":"LineString","coordinates":[[-84.49654399990561,33.72666400044329],[-84.4968162004073,33.72666400044329],[-84.49698510028213,33.72666400044329],[-84.49706329993131,33.726625299917714],[-84.49717050001851,33.72657230017154],[-84.49810189998266,33.726045399975305],[-84.4981817004251,33.725965399883364],[-84.49821220003298,33.72586780005895],[-84.49820049985317,33.725783899607336],[-84.49815119991791,33.72568629978298],[-84.4980455997246,33.72561410041044],[-84.49788139970678,33.725561499963305],[-84.49765850003973,33.725530199958826],[-84.49684219980765,33.725515499640665],[-84.49646659975372,33.7255087996914]]},"properties":{"overall":43,"safety":100,"sidewalk":0,"sidewalk_present":0,"canopy":29.9,"comfort":49.1,"name":"Regent Place Southwest","road_type":"residential","osm_id":241396980}},{"type":"Feature","geometry":{"type":"LineString","coordinates":[[-84.49710010018941,33.72690209955232],[-84.49710480004643,33.726685499636176],[-84.49706329993131,33.726625299917714]]},"properties":{"overall":48,"safety":100,"sidewalk":0,"sidewalk_present":0,"canopy":42.6,"comfort":54.5,"name":"Regent Place Southwest","road_type":"residential","osm_id":241396981}},{"type":"Feature","geometry":{"type":"LineString","coordinates":[[-84.50124540015503,33.72297109993639],[-84.5010920000957,33.72297190033299],[-84.50081070025357,33.72297340040217]]},"properties":{"overall":10,"safety":31,"sidewalk":0,"sidewalk_present":0,"canopy":0.0,"comfort":39.4,"name":"Cascade Road","road_type":"secondary","osm_id":1029607212}},{"type":"Feature","geometry":{"type":"LineString","coordinates":[[-84.50081243504582,33.723012804197595],[-84.50081070025357,33.72297340040217]]},"properties":{"overall":0,"safety":0,"sidewalk":0,"sidewalk_present":0,"canopy":0.0,"comfort":39.1,"name":"Cascade Parkway Southwest","road_type":"residential","osm_id":949281321}},{"type":"Feature","geometry":{"type":"LineString","coordinates":[[-84.50064729973303,33.725615599580294],[-84.5008021998616,33.72561620032741],[-84.50091500002719,33.72557749980183],[-84.50097969995318,33.72552509990351],[-84.50103939964856,33.72544369956711],[-84.50108969962992,33.72535329971504]]},"properties":{"overall":33,"safety":100,"sidewalk":0,"sidewalk_present":0,"canopy":0.0,"comfort":0.0,"name":"","road_type":"service","osm_id":241521157}},{"type":"Feature","geometry":{"type":"LineString","coordinates":[[-84.50015790036679,33.72547029971463],[-84.50036480019531,33.72565969963546],[-84.50049139955843,33.72569089981522],[-84.50059699975168,33.72564989972312],[-84.50064729973303,33.725615599580294],[-84.50087149981982,33.725462599719265],[-84.50108969962992,33.72535329971504],[-84.50130330030703,33.725269400162745],[-84.50154489957742,33.72524010025046],[-84.50169979970593,33.72529279962305],[-84.50179359989465,33.72538060043439],[-84.5018257002958,33.725478700281826],[-84.50184520029575,33.725538700350796],[-84.50185169969615,33.72586830008203],[-84.50185629972839,33.72610649991509],[-84.50185929986674,33.726260700371085],[-84.5018381999729,33.72631139965142],[-84.50177950032366,33.726342599831185],[-84.5010874000634,33.72660219993162],[-84.50102170009137,33.7265846001992],[-84.50091419963059,33.726450999613974],[-84.50082229970934,33.7263368001033],[-84.50082460017512,33.72628020037098],[-84.5008785999674,33.72623529991921],[-84.50185169969615,33.72586830008203]]},"properties":{"overall":45,"safety":100,"sidewalk":0,"sidewalk_present":0,"canopy":34.9,"comfort":48.8,"name":"","road_type":"service","osm_id":241521156}},{"type":"Feature","geometry":{"type":"LineString","coordinates":[[-84.49880950005837,33.725756999985606],[-84.49899660041274,33.72574329971354],[-84.49939919991311,33.72579599998545],[-84.49960540006913,33.7257811000178],[-84.49987000040016,33.725688000400964],[-84.49997130003544,33.7256149997325],[-84.50010050023786,33.725521900115666],[-84.50015790036679,33.72547029971463],[-84.50029860020021,33.725343700351516],[-84.50052430035612,33.72502229973941],[-84.5005392282028,33.724994302944765]]},"properties":{"overall":33,"safety":100,"sidewalk":0,"sidewalk_present":0,"canopy":0.0,"comfort":0.0,"name":"Cascade Parkway Southwest","road_type":"residential","osm_id":241396973}},{"type":"Feature","geometry":{"type":"LineString","coordinates":[[-84.5018257002958,33.725478700281826],[-84.5013643004221,33.725651899815375]]},"properties":{"overall":51,"safety":100,"sidewalk":0,"sidewalk_present":0,"canopy":52.8,"comfort":54.7,"name":"","road_type":"service","osm_id":241521155}},{"type":"Feature","geometry":{"type":"LineString","coordinates":[[-84.50185629972839,33.72610649991509],[-84.50091419963059,33.726450999613974]]},"properties":{"overall":43,"safety":100,"sidewalk":0,"sidewalk_present":0,"canopy":28.4,"comfort":45.1,"name":"","road_type":"service","osm_id":241521154}},{"type":"Feature","geometry":{"type":"LineString","coordinates":[[-84.49997130003544,33.7256149997325],[-84.50012610033923,33.72583170037274],[-84.50040609976168,33.72628609992364],[-84.50071280005562,33.726659500235826],[-84.50091640027159,33.72691109996737],[-84.50105440034025,33.72688680028568],[-84.50139460038048,33.7267453000556],[-84.50170980016713,33.72663509983005]]},"properties":{"overall":46,"safety":100,"sidewalk":0,"sidewalk_present":0,"canopy":37.0,"comfort":50.2,"name":"","road_type":"service","osm_id":819359848}},{"type":"Feature","geometry":{"type":"LineString","coordinates":[[-84.50109000000344,33.73095899975806],[-84.50110699988812,33.73000389996008],[-84.50110899998032,33.72988899987752],[-84.5011269999111,33.72881899999692],[-84.50115000007241,33.7276920001857]]},"properties":{"overall":45,"safety":100,"sidewalk":0,"sidewalk_present":0,"canopy":33.9,"comfort":48.7,"name":"Redbud Lane Southwest","road_type":"residential","osm_id":9244033}},{"type":"Feature","geometry":{"type":"LineString","coordinates":[[-84.49692100020394,33.72986000033882],[-84.50110899998032,33.72988899987752]]},"properties":{"overall":43,"safety":100,"sidewalk":0,"sidewalk_present":0,"canopy":29.5,"comfort":48.7,"name":"Elmtree Drive Southwest","road_type":"residential","osm_id":9277059}},{"type":"Feature","geometry":{"type":"LineString","coordinates":[[-84.50157220029678,33.73001030043508],[-84.50151399977125,33.72998520035674],[-84.50142040013134,33.72998230004316],[-84.50128519965222,33.72999820005691],[-84.50117250021066,33.73000099964645],[-84.50110699988812,33.73000389996008]]},"properties":{"overall":43,"safety":100,"sidewalk":0,"sidewalk_present":0,"canopy":30.3,"comfort":47.0,"name":"","road_type":"service","osm_id":824115273}},{"type":"Feature","geometry":{"type":"LineString","coordinates":[[-84.499808000239,33.7320790001458],[-84.49982500012362,33.73095000024239]]},"properties":{"overall":46,"safety":100,"sidewalk":0,"sidewalk_present":0,"canopy":36.9,"comfort":56.6,"name":"Redbud Lane Southwest","road_type":"residential","osm_id":9244031}},{"type":"Feature","geometry":{"type":"LineString","coordinates":[[-84.49319500014911,33.73212799970747],[-84.49327800037935,33.73213700012252],[-84.49530200018711,33.7320850004225],[-84.49647600036707,33.73205499993833],[-84.49687800001965,33.73205499993833],[-84.499808000239,33.7320790001458],[-84.50025600021422,33.7320800001919],[-84.50039700042117,33.73209399993817],[-84.50050099982127,33.73211800014565],[-84.50061399963636,33.73216300042219],[-84.50069099958995,33.73221300002996],[-84.50076999963574,33.7322869998452],[-84.50084699958933,33.73238800000627],[-84.50091099984274,33.732544000005646],[-84.50091500002719,33.73270999956685],[-84.50068300012032,33.73349099961001],[-84.50018499963801,33.73514100015706],[-84.49978900026213,33.73645399955251],[-84.49973000023931,33.73675599998944],[-84.49968600000886,33.736903999619926],[-84.49931900017168,33.7377099999166]]},"properties":{"overall":46,"safety":97,"sidewalk":0,"sidewalk_present":0,"canopy":42.0,"comfort":60.4,"name":"Lynfield Drive Southwest","road_type":"residential","osm_id":9261133}},{"type":"Feature","geometry":{"type":"LineString","coordinates":[[-84.47074280023998,33.72521219968331],[-84.47083940001824,33.725292199775254]]},"properties":{"overall":40,"safety":94,"sidewalk":0,"sidewalk_present":0,"canopy":25.2,"comfort":47.9,"name":"","road_type":"service","osm_id":562698216}},{"type":"Feature","geometry":{"type":"LineString","coordinates":[[-84.47060699991306,33.727761999816494],[-84.47090219967674,33.727163699745006],[-84.47096240029452,33.72704170041419],[-84.47110060001262,33.72676160026771],[-84.47149600044003,33.72596000035378],[-84.4718040002544,33.725335000310054],[-84.47192500043838,33.725048999711646],[-84.47204899986144,33.72466299989759],[-84.47212999999948,33.72427099980683],[-84.47215999958428,33.72402400010759],[-84.47217600032212,33.7237279999473]]},"properties":{"overall":47,"safety":99,"sidewalk":0,"sidewalk_present":0,"canopy":40.6,"comfort":55.4,"name":"Audubon Circle Southwest","road_type":"residential","osm_id":9258016}},{"type":"Feature","geometry":{"type":"LineString","coordinates":[[-84.47083940001824,33.725292199775254],[-84.47097260040516,33.725385999963976],[-84.47144959991908,33.72572169979668]]},"properties":{"overall":43,"safety":97,"sidewalk":0,"sidewalk_present":0,"canopy":32.0,"comfort":51.0,"name":"","road_type":"service","osm_id":562698213}},{"type":"Feature","geometry":{"type":"LineString","coordinates":[[-84.4720289000137,33.726243499937596],[-84.47171749986268,33.72668100032797]]},"properties":{"overall":47,"safety":96,"sidewalk":0,"sidewalk_present":0,"canopy":45.9,"comfort":57.2,"name":"","road_type":"service","osm_id":1460055545}},{"type":"Feature","geometry":{"type":"LineString","coordinates":[[-84.47110060001262,33.72676160026771],[-84.47095780026223,33.72670250042012],[-84.4707817004151,33.72662959957643]]},"properties":{"overall":43,"safety":100,"sidewalk":0,"sidewalk_present":0,"canopy":28.3,"comfort":51.7,"name":"","road_type":"service","osm_id":562698225}},{"type":"Feature","geometry":{"type":"LineString","coordinates":[[-84.4709184998888,33.72678129991709],[-84.47095780026223,33.72670250042012]]},"properties":{"overall":42,"safety":100,"sidewalk":0,"sidewalk_present":0,"canopy":25.0,"comfort":50.6,"name":"","road_type":"service","osm_id":562698219}},{"type":"Feature","geometry":{"type":"LineString","coordinates":[[-84.47084090008741,33.72697749961196],[-84.4709184998888,33.72678129991709]]},"properties":{"overall":47,"safety":100,"sidewalk":0,"sidewalk_present":0,"canopy":40.5,"comfort":56.7,"name":"","road_type":"service","osm_id":562698221}},{"type":"Feature","geometry":{"type":"LineString","coordinates":[[-84.4707817004151,33.72662959957643],[-84.47076290008772,33.726851599921474],[-84.47077899975102,33.726929599921164],[-84.47084090008741,33.72697749961196],[-84.4708756004286,33.72700440013301]]},"properties":{"overall":45,"safety":100,"sidewalk":0,"sidewalk_present":0,"canopy":34.2,"comfort":54.2,"name":"","road_type":"service","osm_id":562698223}},{"type":"Feature","geometry":{"type":"LineString","coordinates":[[-84.47310859998186,33.72681190024906],[-84.47305880002358,33.726876000327195],[-84.47297119976105,33.72698159962118],[-84.47291660012098,33.72705000025735],[-84.47284420019963,33.727159300261576]]},"properties":{"overall":42,"safety":99,"sidewalk":0,"sidewalk_present":0,"canopy":27.5,"comfort":51.0,"name":"","road_type":"service","osm_id":934209734}},{"type":"Feature","geometry":{"type":"LineString","coordinates":[[-84.4708756004286,33.72700440013301],[-84.47096240029452,33.72704170041419]]},"properties":{"overall":49,"safety":100,"sidewalk":0,"sidewalk_present":0,"canopy":48.0,"comfort":59.7,"name":"","road_type":"service","osm_id":562698218}},{"type":"Feature","geometry":{"type":"LineString","coordinates":[[-84.47548709994965,33.725063100181956],[-84.47545949975608,33.72500749959647],[-84.47552690034615,33.724860900210444],[-84.47553470016624,33.72476059972195],[-84.47551520016634,33.724641999828464],[-84.47546340011576,33.724549199685896],[-84.47541150024051,33.72448239984294]]},"properties":{"overall":33,"safety":100,"sidewalk":0,"sidewalk_present":0,"canopy":0.0,"comfort":0.0,"name":"","road_type":"service","osm_id":714391678}},{"type":"Feature","geometry":{"type":"LineString","coordinates":[[-84.47514699973419,33.72780399995469],[-84.47630099989118,33.72607800039947],[-84.47643000044411,33.72593500010021],[-84.47659199982093,33.72581399991623],[-84.47670399958986,33.725754999893354],[-84.47684099961242,33.72570200014724],[-84.47710300000341,33.72564600026277],[-84.47721000044112,33.72563999998607],[-84.47757529966032,33.725648000354965],[-84.47780299990848,33.72565299968625],[-84.47844599988298,33.72563199961712],[-84.47869200043544,33.72559999994007],[-84.4789299997197,33.72553699973281],[-84.47910499969595,33.725467000102014],[-84.47926900006428,33.72537999968728],[-84.48041499985231,33.72468900019726],[-84.48083999966622,33.724420000382736],[-84.48090800010408,33.72436200040602],[-84.48095599961965,33.724290999829805],[-84.48098199991932,33.724194999899396],[-84.48097399955043,33.72402700024594],[-84.48094199987338,33.723855999554814],[-84.48079300019674,33.72340300024831],[-84.48074790009548,33.72330600027175],[-84.48069400012798,33.72319000031831],[-84.48053800012855,33.722913000134895],[-84.48049700003651,33.72278000029684],[-84.48047599996738,33.72184400030045],[-84.48048860036857,33.72022989979007]]},"properties":{"overall":51,"safety":84,"sidewalk":0,"sidewalk_present":0,"canopy":67.8,"comfort":66.3,"name":"Veltre Circle Southwest","road_type":"tertiary","osm_id":9278158}},{"type":"Feature","geometry":{"type":"LineString","coordinates":[[-84.47548709994965,33.725063100181956],[-84.47585869981913,33.725397499594976]]},"properties":{"overall":33,"safety":100,"sidewalk":0,"sidewalk_present":0,"canopy":0.0,"comfort":0.0,"name":"","road_type":"service","osm_id":858087220}},{"type":"Feature","geometry":{"type":"LineString","coordinates":[[-84.47473160018319,33.725541999963355],[-84.47482140018741,33.72560560001847],[-84.47491459962902,33.72564850037804],[-84.47500720012215,33.725670799967475],[-84.47507430033863,33.725671399815326],[-84.47519080031515,33.725667799829125],[-84.47524120012127,33.72565020009671],[-84.47526520032869,33.72561380003691],[-84.47525109985833,33.725557399954084],[-84.47522780022274,33.72552390020786],[-84.47501380024664,33.725337000402305]]},"properties":{"overall":33,"safety":100,"sidewalk":0,"sidewalk_present":0,"canopy":0.0,"comfort":0.0,"name":"","road_type":"service","osm_id":729895448}},{"type":"Feature","geometry":{"type":"LineString","coordinates":[[-84.47757529966032,33.725648000354965],[-84.4776224996786,33.72572350023938],[-84.47773820015777,33.72577259962583],[-84.47785859959464,33.72578429980564],[-84.47813490010554,33.72596499968506]]},"properties":{"overall":55,"safety":100,"sidewalk":0,"sidewalk_present":0,"canopy":64.4,"comfort":69.4,"name":"","road_type":"service","osm_id":827258925}},{"type":"Feature","geometry":{"type":"LineString","coordinates":[[-84.47250069964753,33.731285899724526],[-84.47247199958309,33.73067200001282],[-84.47243759961549,33.72896520008396],[-84.47243499967544,33.72883699992764],[-84.47244700022884,33.72867799978991],[-84.47247499972144,33.728543999905696],[-84.4725379999287,33.728371000021696],[-84.47264300027422,33.728186999630395],[-84.47350999978664,33.72702399995768],[-84.47409649985354,33.7262404997993],[-84.47430799971437,33.72595800026153],[-84.474465999806,33.72577900010083],[-84.47463999973616,33.72561199959415],[-84.47473160018319,33.725541999963355],[-84.47495499987332,33.72537100017155],[-84.47501380024664,33.725337000402305],[-84.47548709994965,33.725063100181956],[-84.47674510040605,33.72433519970974],[-84.47723380009978,33.7244677004241],[-84.47750170004338,33.72450980038701],[-84.4782519999298,33.724548800386856]]},"properties":{"overall":50,"safety":100,"sidewalk":0,"sidewalk_present":0,"canopy":51.0,"comfort":61.2,"name":"Oriole Drive Southwest","road_type":"residential","osm_id":9243524}},{"type":"Feature","geometry":{"type":"LineString","coordinates":[[-84.47409649985354,33.7262404997993],[-84.47422679992684,33.72631239969752],[-84.47424439965926,33.72632130028785],[-84.47426689979756,33.72632760003876],[-84.47439340023521,33.72635809964663],[-84.47442420021662,33.72636989965122],[-84.4744551000228,33.72638779975722],[-84.47451119973204,33.726427299780084],[-84.4745962998793,33.726478300333326]]},"properties":{"overall":33,"safety":100,"sidewalk":0,"sidewalk_present":0,"canopy":0.0,"comfort":0.0,"name":"","road_type":"service","osm_id":864534279}},{"type":"Feature","geometry":{"type":"LineString","coordinates":[[-84.47408250010727,33.72731769965219],[-84.4741453995905,33.727191100289076],[-84.47423499994528,33.727085799570034],[-84.47430050026782,33.72705849975],[-84.47438349959879,33.727062099736145],[-84.47447970007806,33.72709300044164],[-84.47456270030835,33.72716750027996],[-84.47456270030835,33.72722379963869],[-84.47448620037778,33.727323799753606],[-84.47438420017068,33.72746289969314]]},"properties":{"overall":33,"safety":99,"sidewalk":0,"sidewalk_present":0,"canopy":0.0,"comfort":0.0,"name":"","road_type":"service","osm_id":903700518}},{"type":"Feature","geometry":{"type":"LineString","coordinates":[[-84.47801690005986,33.728409199624934],[-84.47803730028113,33.728192999907094],[-84.47804619997214,33.72799570034135],[-84.47802390038265,33.72784690031426],[-84.47796869999547,33.72779479989015]]},"properties":{"overall":33,"safety":99,"sidewalk":0,"sidewalk_present":0,"canopy":0.0,"comfort":0.0,"name":"","road_type":"service","osm_id":713586687}},{"type":"Feature","geometry":{"type":"LineString","coordinates":[[-84.47705010008201,33.728264299957516],[-84.47707999984209,33.7281863997826],[-84.4771983002613,33.72812000013795],[-84.47730670004415,33.7280631000321],[-84.47739650004843,33.727999099778685],[-84.47744780007588,33.72795399967737]]},"properties":{"overall":33,"safety":99,"sidewalk":0,"sidewalk_present":0,"canopy":0.0,"comfort":0.0,"name":"","road_type":"service","osm_id":714391676}},{"type":"Feature","geometry":{"type":"LineString","coordinates":[[-84.4672971998059,33.724991099559645],[-84.46706800038788,33.72498329973956],[-84.46678530030135,33.72490770003037],[-84.46674609975264,33.724867600159655]]},"properties":{"overall":33,"safety":99,"sidewalk":0,"sidewalk_present":0,"canopy":0.0,"comfort":0.0,"name":"","road_type":"service","osm_id":729920255}},{"type":"Feature","geometry":{"type":"LineString","coordinates":[[-84.46139179979167,33.72773589969205],[-84.46148760007264,33.72743819981315],[-84.46150540035393,33.72738570009005],[-84.46150540035393,33.72736369997483],[-84.46146419971302,33.72732119981356],[-84.46142709998065,33.72729909987362],[-84.46141789991611,33.72728820009041],[-84.46141270003602,33.727269299938314],[-84.46141749971781,33.72725609968933],[-84.46142760000367,33.72724479970782],[-84.46144070042794,33.72723819958327],[-84.46145980022953,33.72723559964328],[-84.461477399962,33.7272364998646],[-84.46148889959301,33.727241500095204],[-84.46149799983277,33.72724779984611],[-84.46150500015557,33.72725950002598],[-84.4615075002709,33.72727490001665],[-84.46150450013255,33.72728920013651],[-84.4614944996714,33.72730210001197],[-84.46148090012338,33.72731220029783],[-84.46146419971302,33.72732119981356]]},"properties":{"overall":45,"safety":99,"sidewalk":0,"sidewalk_present":0,"canopy":35.9,"comfort":53.0,"name":"","road_type":"service","osm_id":899722152}},{"type":"Feature","geometry":{"type":"LineString","coordinates":[[-84.46276079997091,33.727792100125384],[-84.46269970003107,33.727706999978125],[-84.46264670028495,33.727617299798624],[-84.46258560034516,33.72750360031097],[-84.46255409979182,33.727434900200535],[-84.46253879962586,33.72727409962005]]},"properties":{"overall":33,"safety":99,"sidewalk":0,"sidewalk_present":0,"canopy":0.0,"comfort":0.0,"name":"","road_type":"service","osm_id":923405463}},{"type":"Feature","geometry":{"type":"LineString","coordinates":[[-84.4653038003301,33.73103480001606],[-84.46533699970274,33.73016800015313],[-84.46520800004913,33.72875899992795],[-84.46520399986468,33.728715999743656],[-84.46518099970336,33.72862199990544],[-84.46509600028014,33.72841100006764],[-84.46501700023435,33.72825800020661],[-84.46491299993494,33.72811299981515],[-84.46480500035045,33.727996999861716],[-84.46462800028195,33.72784099986228],[-84.46440800002915,33.727670000070475],[-84.46421700021438,33.72750100037092],[-84.46403900009972,33.72731699997962],[-84.4636249998938,33.72676199956669]]},"properties":{"overall":33,"safety":99,"sidewalk":0,"sidewalk_present":0,"canopy":0.0,"comfort":0.0,"name":"Mount Airy Drive Southwest","road_type":"residential","osm_id":9250487}},{"type":"Feature","geometry":{"type":"LineString","coordinates":[[-84.45803619991068,33.73291380033169],[-84.45815000012237,33.73031199959917],[-84.45818499993777,33.73014099980736],[-84.45825499956851,33.72995200008478],[-84.45835499968348,33.72977299992408],[-84.45848300019026,33.72960700036282],[-84.46031099995264,33.72778099979337],[-84.4604839998367,33.7276920001857],[-84.46066500008965,33.727643999770805],[-84.46084100011205,33.72763300016288],[-84.4610580002265,33.72765999960933],[-84.46132499994877,33.72771600039317],[-84.46139179979167,33.72773589969205],[-84.46159399976324,33.72779599958574],[-84.46185500010813,33.72789499965455],[-84.46235899996782,33.72814400034537],[-84.46245399985219,33.72830299958383],[-84.46289000017333,33.72896200029612],[-84.46301399959634,33.72910599974216],[-84.46321900005677,33.72931000015643],[-84.46335700012543,33.729433000432664],[-84.46348299964069,33.729528399616015],[-84.463555000263,33.7295830001554],[-84.46397699993855,33.72982100033897],[-84.46420899984543,33.72992399969286],[-84.46446099977527,33.73001300019985],[-84.46453220000097,33.73003159997842],[-84.4646949997744,33.730074000314914],[-84.46500599972705,33.73012700006103],[-84.46533699970274,33.73016800015313]]},"properties":{"overall":50,"safety":98,"sidewalk":0,"sidewalk_present":0,"canopy":53.2,"comfort":63.9,"name":"Highview Road Southwest","road_type":"residential","osm_id":9253893}},{"type":"Feature","geometry":{"type":"LineString","coordinates":[[-84.46348299964069,33.729528399616015],[-84.46333349994103,33.72967120026573],[-84.46314400019543,33.72982780011296]]},"properties":{"overall":32,"safety":97,"sidewalk":0,"sidewalk_present":0,"canopy":0.0,"comfort":0.0,"name":"","road_type":"service","osm_id":904900834}},{"type":"Feature","geometry":{"type":"LineString","coordinates":[[-84.46453220000097,33.73003159997842],[-84.46456869988555,33.729883999646916],[-84.46458519974715,33.72972110004878],[-84.46456319963193,33.729616699551116]]},"properties":{"overall":33,"safety":100,"sidewalk":0,"sidewalk_present":0,"canopy":0.0,"comfort":0.0,"name":"","road_type":"service","osm_id":828037135}},{"type":"Feature","geometry":{"type":"LineString","coordinates":[[-84.45568389989205,33.733626200089134],[-84.45622460018512,33.7335281002417],[-84.45648399973675,33.73352000004803],[-84.45678300003539,33.733540000071],[-84.45682200003523,33.733542000163254],[-84.45700560022823,33.733470600288],[-84.45707399996508,33.73344400014054],[-84.45729600031012,33.7333280001871],[-84.45803619991068,33.73291380033169],[-84.45870499963598,33.7325399998212],[-84.45897029963959,33.73237250019076],[-84.4591310003953,33.732271000006676],[-84.45920870002146,33.73219479955043],[-84.45943199988687,33.73197599989254],[-84.45952000034771,33.73185299961631],[-84.45963700034724,33.7316490001013],[-84.45964270025036,33.73163820014287],[-84.45971960037923,33.731492199705315],[-84.45981639980698,33.731317900300894],[-84.46014699958431,33.730507999644544],[-84.46039800036738,33.73016800015313],[-84.46078700031978,33.729798000177595],[-84.46089699999652,33.72969199978604],[-84.46155299967114,33.72904899981154],[-84.46204800001516,33.72847000009051],[-84.46235899996782,33.72814400034537],[-84.46243599992141,33.72806300020733],[-84.46276079997091,33.727792100125384],[-84.46301399959634,33.72758099956354],[-84.46332300035613,33.72729199972605],[-84.46345099996364,33.72714500014172],[-84.46353600028613,33.72700199984246],[-84.4636249998938,33.72676199956669],[-84.46375699968576,33.726294999614595],[-84.46405409971692,33.72513419968362],[-84.46410300035313,33.724943000219355],[-84.46417199993783,33.7245910001746],[-84.46420200042195,33.724184000291416],[-84.46419479955034,33.72360789998464],[-84.46418920037127,33.72315620019856],[-84.46418980021906,33.72307140042483],[-84.46418300044508,33.72266200025115],[-84.46419729966561,33.72259499985938]]},"properties":{"overall":44,"safety":89,"sidewalk":0,"sidewalk_present":0,"canopy":42.2,"comfort":52.4,"name":"Beecher Road Southwest","road_type":"tertiary","osm_id":230253366}},{"type":"Feature","geometry":{"type":"LineString","coordinates":[[-84.47495969973033,33.727719899853525],[-84.47471930015553,33.72807239992136],[-84.47471210018324,33.728084899598514]]},"properties":{"overall":31,"safety":92,"sidewalk":0,"sidewalk_present":0,"canopy":0.0,"comfort":0.0,"name":"","road_type":"service","osm_id":714391677}},{"type":"Feature","geometry":{"type":"LineString","coordinates":[[-84.47704009962087,33.727732100056414],[-84.47705370006815,33.72792769990349],[-84.47704159969004,33.728126999561425],[-84.47701710035886,33.72825929972697]]},"properties":{"overall":33,"safety":100,"sidewalk":0,"sidewalk_present":0,"canopy":0.0,"comfort":0.0,"name":"","road_type":"service","osm_id":826917340}},{"type":"Feature","geometry":{"type":"LineString","coordinates":[[-84.47691870013784,33.72868669983137],[-84.47692430021624,33.72824539980542]]},"properties":{"overall":32,"safety":97,"sidewalk":0,"sidewalk_present":0,"canopy":0.0,"comfort":0.0,"name":"","road_type":"service","osm_id":734745027}},{"type":"Feature","geometry":{"type":"LineString","coordinates":[[-84.47964639966159,33.728172999884066],[-84.47949809965752,33.728249599639355],[-84.4794151003266,33.72830499967603],[-84.47927360009652,33.72841040021984],[-84.47909769989889,33.72852039989658],[-84.4790735998667,33.72856759991487]]},"properties":{"overall":33,"safety":98,"sidewalk":0,"sidewalk_present":0,"canopy":0.0,"comfort":0.0,"name":"","road_type":"service","osm_id":826917341}},{"type":"Feature","geometry":{"type":"LineString","coordinates":[[-84.47924520040561,33.72859329984095],[-84.47908370015261,33.72856909998404],[-84.4790735998667,33.72856759991487],[-84.47883790014896,33.728532299725885],[-84.47868719985433,33.72850969976287]]},"properties":{"overall":33,"safety":100,"sidewalk":0,"sidewalk_present":0,"canopy":0.0,"comfort":0.0,"name":"Benjamin E Mays Drive Southwest","road_type":"tertiary","osm_id":506741413}},{"type":"Feature","geometry":{"type":"LineString","coordinates":[[-84.48028300006035,33.728876999973636],[-84.47994199962352,33.72873599976663],[-84.47956999955579,33.72864199992841],[-84.47924520040561,33.72859329984095]]},"properties":{"overall":32,"safety":96,"sidewalk":0,"sidewalk_present":0,"canopy":0.0,"comfort":0.0,"name":"Benjamin E Mays Drive Southwest","road_type":"tertiary","osm_id":1118675606}},{"type":"Feature","geometry":{"type":"LineString","coordinates":[[-84.47565370025802,33.72865710044488],[-84.4762224000437,33.728692399734484]]},"properties":{"overall":33,"safety":100,"sidewalk":0,"sidewalk_present":0,"canopy":0.0,"comfort":0.0,"name":"","road_type":"service","osm_id":862408342}},{"type":"Feature","geometry":{"type":"LineString","coordinates":[[-84.47840020010909,33.728888499604636],[-84.47844149967545,33.72884379970162],[-84.47847750043627,33.728822099959984],[-84.47852859991491,33.728813800116825],[-84.47859100027438,33.728808700061506],[-84.47862459984538,33.72879480013995],[-84.47869310030632,33.72873330000186],[-84.4787481999694,33.72867749976683],[-84.4787897999093,33.728622199554934],[-84.47883790014896,33.728532299725885]]},"properties":{"overall":33,"safety":100,"sidewalk":0,"sidewalk_present":0,"canopy":0.0,"comfort":0.0,"name":"","road_type":"service","osm_id":895497244}},{"type":"Feature","geometry":{"type":"LineString","coordinates":[[-84.4757483997688,33.72883349976627],[-84.47569599987048,33.7288503000014],[-84.47565139979224,33.728860199738506],[-84.47558819993543,33.728864899595465],[-84.47552219958982,33.72886889977997],[-84.47545379985297,33.72886569999213],[-84.47540440009294,33.72886410009818],[-84.47537310008846,33.72885740014897],[-84.47533319986724,33.72883969969246],[-84.47530139983968,33.728808500412015],[-84.47528809976598,33.72878359998322]]},"properties":{"overall":33,"safety":99,"sidewalk":0,"sidewalk_present":0,"canopy":0.0,"comfort":0.0,"name":"","road_type":"service","osm_id":975646731}},{"type":"Feature","geometry":{"type":"LineString","coordinates":[[-84.47550480040616,33.72978219998856],[-84.47542650003294,33.72973900015478],[-84.47531340039308,33.729718799583],[-84.47520609958178,33.72971399990121],[-84.47514150037989,33.72973419957373],[-84.4750560998591,33.72980039956883],[-84.47497530026988,33.72985419971161],[-84.47488300015027,33.729891599817506]]},"properties":{"overall":33,"safety":100,"sidewalk":0,"sidewalk_present":0,"canopy":0.0,"comfort":0.0,"name":"","road_type":"service","osm_id":729878880}},{"type":"Feature","geometry":{"type":"LineString","coordinates":[[-84.47090219967674,33.727163699745006],[-84.47149870020479,33.72737940033909]]},"properties":{"overall":53,"safety":100,"sidewalk":0,"sidewalk_present":0,"canopy":58.5,"comfort":64.3,"name":"","road_type":"service","osm_id":1341467812}},{"type":"Feature","geometry":{"type":"LineString","coordinates":[[-84.46775139970731,33.72804000004601],[-84.46768280032092,33.72804569994912],[-84.4676063003904,33.728032200225925],[-84.46750080002187,33.72799880030442],[-84.46740549976397,33.72793820038771],[-84.46733140012395,33.72789959968685],[-84.46723349992607,33.72788290017576],[-84.46710670001414,33.72788080025879]]},"properties":{"overall":33,"safety":100,"sidewalk":0,"sidewalk_present":0,"canopy":0.0,"comfort":0.0,"name":"","road_type":"service","osm_id":829659625}},{"type":"Feature","geometry":{"type":"LineString","coordinates":[[-84.4677425000163,33.72809230011961],[-84.46760130015986,33.728069700156595],[-84.46745820003588,33.72805930039647],[-84.4673100996813,33.728051999700085],[-84.4672159001936,33.728032200225925],[-84.4671330996128,33.72798939969107],[-84.46696240019457,33.72795799986187]]},"properties":{"overall":33,"safety":100,"sidewalk":0,"sidewalk_present":0,"canopy":0.0,"comfort":0.0,"name":"","road_type":"service","osm_id":829659624}},{"type":"Feature","geometry":{"type":"LineString","coordinates":[[-84.46783790009897,33.728780699669585],[-84.46776740044515,33.72878629974798],[-84.46770969994265,33.72877830027841],[-84.46760299987852,33.72872590038003],[-84.46747939975444,33.728646299587126],[-84.46733559995795,33.72853910039919],[-84.46728320005963,33.728512699901216],[-84.46723700008744,33.728500700247196],[-84.46718649955727,33.728500700247196],[-84.46713459968197,33.728500300048836]]},"properties":{"overall":33,"safety":99,"sidewalk":0,"sidewalk_present":0,"canopy":0.0,"comfort":0.0,"name":"","road_type":"service","osm_id":729913832}},{"type":"Feature","geometry":{"type":"LineString","coordinates":[[-84.4719287002493,33.728874999881384],[-84.47200630005068,33.72884710021356],[-84.47204270011048,33.7288503000014],[-84.47226309966226,33.7289404003792],[-84.4723541002615,33.72896110007474],[-84.47243759961549,33.72896520008396]]},"properties":{"overall":33,"safety":100,"sidewalk":0,"sidewalk_present":0,"canopy":0.0,"comfort":0.0,"name":"","road_type":"service","osm_id":858076366}},{"type":"Feature","geometry":{"type":"LineString","coordinates":[[-84.46791669959595,33.72903540026357],[-84.46783590000672,33.72903219957641],[-84.46779570031129,33.729029099613285],[-84.4677235998642,33.72899910002849],[-84.46768149990129,33.728990200337535],[-84.46763749967084,33.72898899974257],[-84.4675884002844,33.72900069992244],[-84.4675411004414,33.72901900022674],[-84.46747229960692,33.729067300115844],[-84.46734730013776,33.72920039977868],[-84.4672382996078,33.729336600303895]]},"properties":{"overall":33,"safety":100,"sidewalk":0,"sidewalk_present":0,"canopy":0.0,"comfort":0.0,"name":"","road_type":"service","osm_id":729913831}},{"type":"Feature","geometry":{"type":"LineString","coordinates":[[-84.46966279989823,33.729817500177546],[-84.46967900028562,33.72970799962451],[-84.46975900037751,33.72947999990214],[-84.47060699991306,33.727761999816494]]},"properties":{"overall":33,"safety":99,"sidewalk":0,"sidewalk_present":0,"canopy":0.0,"comfort":0.0,"name":"Willis Mill Road Southwest","road_type":"residential","osm_id":9273045}},{"type":"Feature","geometry":{"type":"LineString","coordinates":[[-84.47062370032347,33.73004880041185],[-84.47064060038338,33.7299156998497],[-84.47063899959011,33.729801000315945],[-84.47062280010209,33.72972949971671],[-84.47047190015803,33.7294772003126],[-84.47047030026408,33.7294164996718]]},"properties":{"overall":33,"safety":100,"sidewalk":0,"sidewalk_present":0,"canopy":0.0,"comfort":0.0,"name":"","road_type":"service","osm_id":733245655}},{"type":"Feature","geometry":{"type":"LineString","coordinates":[[-84.46966279989823,33.729817500177546],[-84.4696171997739,33.73002719959561],[-84.4696171997739,33.73012979965057],[-84.46971109978739,33.730377400096984],[-84.46974330001325,33.73051569963985],[-84.46982909983308,33.73085930001673],[-84.46989219986511,33.73101670026057]]},"properties":{"overall":33,"safety":100,"sidewalk":0,"sidewalk_present":0,"canopy":0.0,"comfort":0.0,"name":"Lionel Hampton Trail","road_type":"cycleway","osm_id":1409906182}},{"type":"Feature","geometry":{"type":"LineString","coordinates":[[-84.46967900028562,33.72970799962451],[-84.47062370032347,33.73004880041185],[-84.47171899993185,33.73044400029045],[-84.47234099983723,33.730651999989846],[-84.47247199958309,33.73067200001282]]},"properties":{"overall":33,"safety":100,"sidewalk":0,"sidewalk_present":0,"canopy":0.0,"comfort":0.0,"name":"Jenny Wren Lane Southwest","road_type":"residential","osm_id":9262874}},{"type":"Feature","geometry":{"type":"LineString","coordinates":[[-84.46661150002069,33.730818100275144],[-84.46661560002985,33.73070589995734],[-84.46663130039417,33.73028250003739]]},"properties":{"overall":33,"safety":100,"sidewalk":0,"sidewalk_present":0,"canopy":0.0,"comfort":0.0,"name":"","road_type":"service","osm_id":818190751}},{"type":"Feature","geometry":{"type":"LineString","coordinates":[[-84.4612536998983,33.73061440023446],[-84.46125970017499,33.73081820009992],[-84.46125560016577,33.73088499994287],[-84.46124070019812,33.73092140000267],[-84.46122180004602,33.730937899864216],[-84.46117810018916,33.73093870026088],[-84.46112780020775,33.73092759992886],[-84.46108179988511,33.73091060004418],[-84.46105659998204,33.73089029964768],[-84.46104200038798,33.730871000196544],[-84.46103709998215,33.7308131000446],[-84.4610161997378,33.73062560039119],[-84.46101790035578,33.730493499875195]]},"properties":{"overall":33,"safety":100,"sidewalk":0,"sidewalk_present":0,"canopy":0.0,"comfort":0.0,"name":"","road_type":"service","osm_id":967415719}},{"type":"Feature","geometry":{"type":"LineString","coordinates":[[-84.46404560022421,33.73193489997573],[-84.46480350028128,33.731300199844384],[-84.46505910019727,33.731148799877246],[-84.4653038003301,33.73103480001606],[-84.46570189962296,33.73094319956908],[-84.46621699981466,33.73087489965695],[-84.46661150002069,33.730818100275144],[-84.46839400038277,33.730561600137776]]},"properties":{"overall":33,"safety":99,"sidewalk":0,"sidewalk_present":0,"canopy":0.0,"comfort":0.0,"name":"Bollingbrook Drive Southwest","road_type":"residential","osm_id":9244741}},{"type":"Feature","geometry":{"type":"LineString","coordinates":[[-84.46148619982824,33.73076799994328],[-84.4614679004232,33.73089939988745],[-84.46146459991132,33.730999999850155],[-84.46145739993904,33.73103089965633],[-84.46143560037262,33.73107520026036],[-84.4614017004281,33.7311168002002],[-84.46137100027141,33.73114700033386]]},"properties":{"overall":33,"safety":100,"sidewalk":0,"sidewalk_present":0,"canopy":0.0,"comfort":0.0,"name":"","road_type":"service","osm_id":967415718}},{"type":"Feature","geometry":{"type":"LineString","coordinates":[[-84.4666057002928,33.73129009955852],[-84.466589800279,33.731218000010756],[-84.466589800279,33.73117399978031],[-84.46660460042193,33.73112910022786],[-84.46662580014055,33.73105620028349],[-84.46663850036646,33.73099639986401],[-84.4666421003526,33.73094459981348],[-84.46663379961012,33.730890500196494],[-84.46661150002069,33.730818100275144]]},"properties":{"overall":33,"safety":100,"sidewalk":0,"sidewalk_present":0,"canopy":0.0,"comfort":0.0,"name":"","road_type":"service","osm_id":967415712}},{"type":"Feature","geometry":{"type":"LineString","coordinates":[[-84.46089699999652,33.72969199978604],[-84.46126099969536,33.729929999969556],[-84.46214900017617,33.730543000359205],[-84.46232900038302,33.730685999759146],[-84.46248799962143,33.73083999966633],[-84.46273500022005,33.731157999941786],[-84.46284299980454,33.73127700003357],[-84.46297300040362,33.73138300042518],[-84.46307299961921,33.731445999733126],[-84.46404560022421,33.73193489997573],[-84.46447140043472,33.73207790027493],[-84.4647547003691,33.73219540029754],[-84.46500539987926,33.732344399974124],[-84.46521369995224,33.73248640022723],[-84.46540469976702,33.73264330044799],[-84.46556920015843,33.73282710029048]]},"properties":{"overall":33,"safety":99,"sidewalk":0,"sidewalk_present":0,"canopy":0.0,"comfort":0.0,"name":"Edgewater Drive Southwest","road_type":"residential","osm_id":9246061}},{"type":"Feature","geometry":{"type":"LineString","coordinates":[[-84.45981639980698,33.731317900300894],[-84.4599635001154,33.73138880015307],[-84.46012150020704,33.731457699912994],[-84.46020499956103,33.73148770039711],[-84.4602997997959,33.73151769998191]]},"properties":{"overall":33,"safety":100,"sidewalk":0,"sidewalk_present":0,"canopy":0.0,"comfort":0.0,"name":"","road_type":"service","osm_id":803594206}},{"type":"Feature","geometry":{"type":"LineString","coordinates":[[-84.4618102003804,33.73163579985231],[-84.46198880034285,33.731604900046136],[-84.46204769964157,33.7315946999355]]},"properties":{"overall":33,"safety":100,"sidewalk":0,"sidewalk_present":0,"canopy":0.0,"comfort":0.0,"name":"","road_type":"service","osm_id":967415715}},{"type":"Feature","geometry":{"type":"LineString","coordinates":[[-84.46200180004303,33.73151950042467],[-84.4618102003804,33.73163579985231],[-84.46153759968047,33.73175200035456]]},"properties":{"overall":33,"safety":100,"sidewalk":0,"sidewalk_present":0,"canopy":0.0,"comfort":0.0,"name":"","road_type":"service","osm_id":967415714}},{"type":"Feature","geometry":{"type":"LineString","coordinates":[[-84.46009139989815,33.73180159976408],[-84.46007840019797,33.731812399722514],[-84.46006460010119,33.73181890002229],[-84.46004040024422,33.73182030026669],[-84.46002179956633,33.73181489983779],[-84.45964270025036,33.73163820014287]]},"properties":{"overall":32,"safety":97,"sidewalk":0,"sidewalk_present":0,"canopy":0.0,"comfort":0.0,"name":"","road_type":"service","osm_id":967415713}},{"type":"Feature","geometry":{"type":"LineString","coordinates":[[-84.46989219986511,33.73101670026057],[-84.46992440009097,33.73109709965149]]},"properties":{"overall":33,"safety":100,"sidewalk":0,"sidewalk_present":0,"canopy":0.0,"comfort":0.0,"name":"Lionel Hampton Trail","road_type":"cycleway","osm_id":1409906183}},{"type":"Feature","geometry":{"type":"LineString","coordinates":[[-84.4723434999525,33.73143209981163],[-84.47215829986561,33.73141159976558],[-84.47212439992109,33.73139890043893],[-84.47210580014251,33.73138610038825],[-84.47208609959381,33.73135700012551],[-84.47208389985207,33.73133430033772],[-84.47207069960308,33.73130060004269],[-84.47205209982451,33.73126510020427],[-84.47202150039192,33.731217800361264],[-84.47196789989863,33.731187700052374],[-84.47186389959927,33.73117769959123]]},"properties":{"overall":33,"safety":100,"sidewalk":0,"sidewalk_present":0,"canopy":0.0,"comfort":0.0,"name":"","road_type":"service","osm_id":834549019}},{"type":"Feature","geometry":{"type":"LineString","coordinates":[[-84.47250069964753,33.731285899724526],[-84.47255470033912,33.731290700305635],[-84.47260410009909,33.7313094997337],[-84.47264369994673,33.73134050026391],[-84.4726693000481,33.7313802997611],[-84.47267829956382,33.73142489983928],[-84.47266980007117,33.73146949991752],[-84.47264460016811,33.73150959978824],[-84.47260529979474,33.731540799968],[-84.4725560996842,33.73155999959437],[-84.47250209989198,33.731565099649686],[-84.472448899597,33.731555699935655],[-84.47240529956491,33.73153469986653],[-84.47237110014612,33.73150380006035],[-84.47234940040448,33.73146599975615],[-84.4723434999525,33.73143209981163],[-84.4723422004322,33.73142449964098],[-84.472350100077,33.73138300042518],[-84.47237250039052,33.73134539977042],[-84.4724072996571,33.73131499998732],[-84.47245129988755,33.731294599766045],[-84.47250069964753,33.731285899724526]]},"properties":{"overall":33,"safety":100,"sidewalk":0,"sidewalk_present":0,"canopy":0.0,"comfort":0.0,"name":"","road_type":"service","osm_id":834549018}},{"type":"Feature","geometry":{"type":"LineString","coordinates":[[-84.47292220019932,33.738130600247075],[-84.47254600029765,33.73804500007674],[-84.4724070001829,33.73797200030759],[-84.47229100022946,33.737888000031205],[-84.47220199972247,33.73780199966262],[-84.47212799990723,33.737706999778254],[-84.47199299997692,33.73743399977934],[-84.47171199960906,33.736754999943344],[-84.47159200037049,33.73656300008241],[-84.47144399984069,33.736386000013965],[-84.47050110024554,33.73556509974958],[-84.4701847996887,33.73528970035943],[-84.47003000028423,33.735154999903386],[-84.4699952999431,33.735124699945004],[-84.46999100028438,33.735121000134086],[-84.46966200040094,33.73487699967387],[-84.46930469975206,33.73465350015897],[-84.4687523001785,33.73432629981892],[-84.46802400040724,33.73389500025411],[-84.46791599992343,33.733798000277545],[-84.46783399973924,33.73369600007038],[-84.46776700024685,33.73357099970195],[-84.4677290002931,33.73345199961017],[-84.46771599969361,33.733354100311544],[-84.46771299955526,33.73327500044098],[-84.46774900031608,33.73308599981908],[-84.46790689968361,33.732697700438564],[-84.46802820024124,33.73239949963727],[-84.46803409979384,33.732384900043144],[-84.46828950006034,33.731757200234654],[-84.46850800024396,33.73122000010295],[-84.46851599971359,33.73112900040309],[-84.46850099992116,33.73093699964289],[-84.46839400038277,33.730561600137776],[-84.467941000177,33.72911400011105],[-84.46791669959595,33.72903540026357],[-84.46783790009897,33.728780699669585],[-84.46779099955495,33.72862900022824],[-84.46773499967048,33.728380000436744],[-84.46772700020085,33.728184000391366],[-84.4677425000163,33.72809230011961],[-84.46775139970731,33.72804000004601],[-84.467759999924,33.727989000392085],[-84.4678060002467,33.727856999700805],[-84.46805600008429,33.727295999910496],[-84.46808599966909,33.72717299963426],[-84.46808899980743,33.72705100030345],[-84.46806699969227,33.72693000011947],[-84.46802100026889,33.72681400016603],[-84.46767599964761,33.72627000026034],[-84.46757000015532,33.72605700033034],[-84.46751300022476,33.725889999823664],[-84.4673259996951,33.72516899984953],[-84.4672971998059,33.724991099559645],[-84.46725299992596,33.72471799973596],[-84.46722300034116,33.72423499994534],[-84.46722999976464,33.72391799971598],[-84.46726799971839,33.72340300024831],[-84.46730000029476,33.72329299967225]]},"properties":{"overall":58,"safety":98,"sidewalk":0,"sidewalk_present":0,"canopy":75.1,"comfort":78.4,"name":"Flamingo Drive Southwest","road_type":"residential","osm_id":9266696}},{"type":"Feature","geometry":{"type":"LineString","coordinates":[[-84.46828950006034,33.731757200234654],[-84.46822449976082,33.73174109967209],[-84.46818859972404,33.73174559987956],[-84.4681385002915,33.73175310022543],[-84.46805600008429,33.731821599787054],[-84.467977199688,33.73187980031258],[-84.4678947003801,33.731908100178714],[-84.4678068995687,33.73192889969903],[-84.46765460027956,33.73193489997573],[-84.46758290003078,33.73192739962985],[-84.46746590003124,33.73191110031706],[-84.46741839963937,33.73189289983753],[-84.46740189977783,33.73185339981461],[-84.4673613997088,33.73176550007781]]},"properties":{"overall":32,"safety":96,"sidewalk":0,"sidewalk_present":0,"canopy":0.0,"comfort":0.0,"name":"","road_type":"service","osm_id":800196357}},{"type":"Feature","geometry":{"type":"LineString","coordinates":[[-84.46992440009097,33.73109709965149],[-84.46996320044133,33.731193899978564],[-84.47002219956482,33.73147490034643],[-84.47019389992852,33.7317783001285],[-84.47038699966026,33.73211290009033],[-84.47039240008917,33.73236049963742],[-84.4703842998955,33.73263039967327],[-84.47028500035242,33.7326900004432]]},"properties":{"overall":33,"safety":100,"sidewalk":0,"sidewalk_present":0,"canopy":0.0,"comfort":0.0,"name":"Lionel Hampton Trail","road_type":"cycleway","osm_id":79424664}},{"type":"Feature","geometry":{"type":"LineString","coordinates":[[-84.46803409979384,33.732384900043144],[-84.46799669968789,33.732362999752695],[-84.46797340005236,33.73233319981739],[-84.46792500033848,33.73219910010846],[-84.4679070004077,33.732157400343795],[-84.46788550031556,33.732133499961094],[-84.46785869961923,33.73210970030249],[-84.46777980029754,33.73207240002131],[-84.46760059958797,33.732017300358166]]},"properties":{"overall":33,"safety":100,"sidewalk":0,"sidewalk_present":0,"canopy":0.0,"comfort":0.0,"name":"","road_type":"service","osm_id":800196358}},{"type":"Feature","geometry":{"type":"LineString","coordinates":[[-84.46948419993583,33.73207559980915],[-84.46978790009149,33.73209569965684],[-84.46993699959285,33.732138799665904],[-84.47006659999357,33.732214199725604],[-84.47014810015469,33.73228349968383],[-84.47020639960562,33.732416799895475],[-84.47025730033408,33.73249760038402],[-84.47029159957759,33.732576899904075],[-84.47028500035242,33.7326900004432]]},"properties":{"overall":33,"safety":100,"sidewalk":0,"sidewalk_present":0,"canopy":0.0,"comfort":0.0,"name":"","road_type":"service","osm_id":729929052}},{"type":"Feature","geometry":{"type":"LineString","coordinates":[[-84.46865449980527,33.73256480042522],[-84.46856610004545,33.732588400434395],[-84.46850059972286,33.73259570023146],[-84.46845279985678,33.73256779966425],[-84.46832189993569,33.73246769972462],[-84.46818740002846,33.73242359966946],[-84.46802820024124,33.73239949963727]]},"properties":{"overall":33,"safety":100,"sidewalk":0,"sidewalk_present":0,"canopy":0.0,"comfort":0.0,"name":"","road_type":"service","osm_id":774610298}},{"type":"Feature","geometry":{"type":"LineString","coordinates":[[-84.46963440020738,33.732513600222546],[-84.46972730017472,33.73251880010258],[-84.46997560029371,33.73265039969624],[-84.47020889972089,33.73284550041956]]},"properties":{"overall":33,"safety":100,"sidewalk":0,"sidewalk_present":0,"canopy":0.0,"comfort":0.0,"name":"","road_type":"service","osm_id":729929051}},{"type":"Feature","geometry":{"type":"LineString","coordinates":[[-84.46224939959006,33.73193869961136],[-84.46186070001124,33.732102199956614]]},"properties":{"overall":33,"safety":100,"sidewalk":0,"sidewalk_present":0,"canopy":0.0,"comfort":0.0,"name":"","road_type":"service","osm_id":967415716}},{"type":"Feature","geometry":{"type":"LineString","coordinates":[[-84.45920870002146,33.73219479955043],[-84.45930000009491,33.73226830024191],[-84.45938379982249,33.7323279999373],[-84.45945299995594,33.73238259957736],[-84.45959040017681,33.7324271996556],[-84.45963279961398,33.73241930001075]]},"properties":{"overall":32,"safety":97,"sidewalk":0,"sidewalk_present":0,"canopy":0.0,"comfort":0.0,"name":"","road_type":"service","osm_id":802434720}},{"type":"Feature","geometry":{"type":"LineString","coordinates":[[-84.45727650031023,33.73363299986312],[-84.45739899966406,33.73366100025498],[-84.457781000193,33.73382000039277],[-84.45798499970795,33.73392399979281],[-84.45818399989162,33.73404700006904],[-84.45824099982224,33.73406900018426],[-84.45843799991371,33.734119999838185],[-84.45864699965927,33.73413899981506],[-84.4599409999771,33.734089000207234],[-84.4617020002471,33.73402499995382],[-84.46179399999306,33.734014000345894],[-84.46193500020007,33.7339730002538],[-84.46215999978415,33.73386599981609],[-84.46235099959893,33.73371299995506],[-84.46248999971368,33.73352999960986],[-84.46252100024395,33.73346900039411],[-84.46254599959815,33.7333630000025],[-84.46257600008232,33.733104999795955],[-84.46256899975947,33.732864000373354],[-84.46252699962128,33.73259000032829],[-84.46249010043772,33.73244640018129],[-84.46247299982906,33.73237999963732],[-84.46239499982931,33.73216399956897],[-84.46224939959006,33.73193869961136],[-84.46204769964157,33.7315946999355],[-84.46200180004303,33.73151950042467],[-84.46163599990143,33.73092399994272],[-84.46153099955598,33.73080599989703],[-84.46148619982824,33.73076799994328],[-84.46142600010978,33.73071700028936],[-84.4612536998983,33.73061440023446],[-84.46121100008753,33.73058899978258],[-84.46101790035578,33.730493499875195],[-84.46092799962742,33.73044899962167],[-84.4608470003887,33.730388000405924],[-84.46077399972029,33.73030200003734],[-84.46072700025081,33.73019599964573],[-84.46071299960522,33.730091000199536],[-84.46072600020472,33.73000099964645],[-84.46078700031978,33.729798000177595]]},"properties":{"overall":33,"safety":99,"sidewalk":0,"sidewalk_present":0,"canopy":0.0,"comfort":0.0,"name":"Beecher Circle Southwest","road_type":"residential","osm_id":9275642}},{"type":"Feature","geometry":{"type":"LineString","coordinates":[[-84.46249010043772,33.73244640018129],[-84.46214840032837,33.73253770025474]]},"properties":{"overall":33,"safety":99,"sidewalk":0,"sidewalk_present":0,"canopy":0.0,"comfort":0.0,"name":"","road_type":"service","osm_id":967415717}},{"type":"Feature","geometry":{"type":"LineString","coordinates":[[-84.45897029963959,33.73237250019076],[-84.45924290033952,33.73263680014827],[-84.45939299988697,33.73275449982037],[-84.45946110014961,33.732864899695414]]},"properties":{"overall":33,"safety":100,"sidewalk":0,"sidewalk_present":0,"canopy":0.0,"comfort":0.0,"name":"","road_type":"service","osm_id":904112053}},{"type":"Feature","geometry":{"type":"LineString","coordinates":[[-84.46771599969361,33.733354100311544],[-84.4674337996301,33.733372700090115],[-84.46729740035471,33.7333748998318],[-84.46718839982475,33.73336710001172],[-84.46705769955315,33.733344199675116],[-84.46695739996397,33.73333770027472]]},"properties":{"overall":33,"safety":100,"sidewalk":0,"sidewalk_present":0,"canopy":0.0,"comfort":0.0,"name":"","road_type":"service","osm_id":734406071}},{"type":"Feature","geometry":{"type":"LineString","coordinates":[[-84.46757670010459,33.73662159990698],[-84.46744740007739,33.73653870040073],[-84.46731979976892,33.736430199893846],[-84.46722560028121,33.73617710009313],[-84.4671749001015,33.73602040042118],[-84.46714729990794,33.73586129955936],[-84.46720100022594,33.7356166003259],[-84.46721259968172,33.73543939970858],[-84.46724229979225,33.73530759956611],[-84.46728019992128,33.73515359965893],[-84.4673764004005,33.73502150004225],[-84.46741860018818,33.73492579958605],[-84.467367599635,33.73480700004308],[-84.4671853996864,33.73467970010813],[-84.46702660009748,33.73462639998843],[-84.46691720026854,33.73455729967969],[-84.46680650001991,33.734462699993685],[-84.46673799955897,33.734341500160156],[-84.4667189995821,33.7342129996303],[-84.46668699990511,33.73415239971354],[-84.46658930025598,33.73412340017484],[-84.46647269955542,33.73413670024854],[-84.46623509957016,33.73424819999451],[-84.46609379988894,33.734260300372625],[-84.46597419994936,33.734247000298865],[-84.4657716996042,33.73424209989304],[-84.46549620038928,33.73421670034048],[-84.46525720015961,33.73422519983313],[-84.46506480010038,33.73433549988346],[-84.46487530035478,33.73440460019219],[-84.46482870018434,33.73454029979507],[-84.4647892999862,33.73476699999708],[-84.4647790998755,33.73499849988093],[-84.4647426998157,33.73525659991219],[-84.46468329959458,33.735441899823854],[-84.46471320025393,33.73568049985522],[-84.46488179975523,33.73586539956858],[-84.4651226004276,33.73620360041588],[-84.46520940029353,33.736514200170234],[-84.4653418002838,33.736769899910996],[-84.46549499979437,33.737025200352775]]},"properties":{"overall":33,"safety":100,"sidewalk":0,"sidewalk_present":0,"canopy":0.0,"comfort":0.0,"name":"","road_type":"path","osm_id":1289214566}},{"type":"Feature","geometry":{"type":"LineString","coordinates":[[-84.46324760029648,33.73496540033301],[-84.46327280019955,33.734995200268315],[-84.46334189960896,33.73500860016679],[-84.4634109999177,33.73505370026811],[-84.46352089976966,33.7351363003001],[-84.46359870011986,33.7352499997877]]},"properties":{"overall":33,"safety":99,"sidewalk":0,"sidewalk_present":0,"canopy":0.0,"comfort":0.0,"name":"","road_type":"service","osm_id":562696941}},{"type":"Feature","geometry":{"type":"LineString","coordinates":[[-84.45824099982224,33.73406900018426],[-84.45819899968404,33.73500900036515],[-84.45821500042189,33.73508500027259],[-84.45824700009894,33.73515699999558],[-84.45829000028323,33.73521700006455],[-84.45835699977567,33.73528000027187],[-84.45849099965989,33.73535199999486],[-84.45862899972849,33.735382999625756],[-84.45989699974672,33.735330999925736],[-84.46226300003741,33.735230999810824],[-84.46242899959861,33.73521099978785],[-84.46280959988309,33.73518639973264],[-84.46295959960582,33.735151599566734],[-84.46306019956853,33.73509299974222],[-84.46316850042592,33.73502839964101],[-84.46324760029648,33.73496540033301],[-84.463364999595,33.73483799967397],[-84.46344799982529,33.73473700041228]]},"properties":{"overall":67,"safety":100,"sidewalk":100,"sidewalk_present":1,"canopy":0.0,"comfort":0.0,"name":"Bollingbrook Drive Southwest","road_type":"residential","osm_id":9244739}},{"type":"Feature","geometry":{"type":"LineString","coordinates":[[-84.46311790007098,33.73539889963956],[-84.4630274003942,33.73529409984286],[-84.46295959960582,33.735151599566734]]},"properties":{"overall":29,"safety":87,"sidewalk":0,"sidewalk_present":0,"canopy":0.0,"comfort":0.0,"name":"","road_type":"service","osm_id":562696935}},{"type":"Feature","geometry":{"type":"LineString","coordinates":[[-84.48786170025721,33.72501249982707],[-84.48855119967811,33.72488009983681],[-84.48861760022203,33.72483639997995],[-84.48864440001898,33.72479749980482]]},"properties":{"overall":41,"safety":97,"sidewalk":0,"sidewalk_present":0,"canopy":26.9,"comfort":54.5,"name":"Mangum Lane Southwest","road_type":"residential","osm_id":908275487}},{"type":"Feature","geometry":{"type":"LineString","coordinates":[[-84.48864440001898,33.72479749980482],[-84.48877400041977,33.72479599973565],[-84.48908100018798,33.724826000219764],[-84.48939800041734,33.724890999620015],[-84.48967199956309,33.72493399980431],[-84.48994200032303,33.724951999735026],[-84.49017700036825,33.72494799955058],[-84.49051199962906,33.72492200015023],[-84.49100299978858,33.72491099964299],[-84.4933029997336,33.7249759999425],[-84.49372300021622,33.72496000010398],[-84.49449299975208,33.724880000012035],[-84.49468499961301,33.72487599982759],[-84.49487600032711,33.72489299971221],[-84.49508299998041,33.72493900003485],[-84.49523899997985,33.724991999781025],[-84.4955570002553,33.72513099989578]]},"properties":{"overall":46,"safety":100,"sidewalk":0,"sidewalk_present":0,"canopy":38.2,"comfort":57.5,"name":"Mangum Lane Southwest","road_type":"residential","osm_id":908275488}},{"type":"Feature","geometry":{"type":"LineString","coordinates":[[-84.49297900008077,33.72749500009422],[-84.49300100019599,33.72625699966085]]},"properties":{"overall":33,"safety":100,"sidewalk":0,"sidewalk_present":0,"canopy":0.0,"comfort":0.0,"name":"Crestmont Lane Southwest","road_type":"residential","osm_id":9258229}},{"type":"Feature","geometry":{"type":"LineString","coordinates":[[-84.48818000000693,33.72653800002871],[-84.48829399986818,33.72651800000574],[-84.49101400029582,33.72653699998261],[-84.49118700017988,33.72650899959069],[-84.4916010003858,33.72634600016784],[-84.49193000026924,33.72627000026034],[-84.49219499989931,33.72625000023737],[-84.49300100019599,33.72625699966085],[-84.49540000020983,33.72627999982217],[-84.49631300004489,33.726289000237216]]},"properties":{"overall":47,"safety":100,"sidewalk":0,"sidewalk_present":0,"canopy":41.5,"comfort":55.0,"name":"Valleydale Drive Southwest","road_type":"residential","osm_id":9272770}},{"type":"Feature","geometry":{"type":"LineString","coordinates":[[-84.48927900032555,33.72936900017925],[-84.48978200013914,33.729272000202684],[-84.48994300036912,33.729222999741694],[-84.49014599983798,33.7291170002494],[-84.4903819999293,33.728918000065676],[-84.49049699983664,33.72884400025049],[-84.49066500038941,33.728776999858724],[-84.49086499971992,33.72874300008942],[-84.4911670001569,33.72875000041222],[-84.4914220002251,33.728773999720374],[-84.49163800029345,33.72881299972022],[-84.49204099999213,33.728908999650685],[-84.49233500006017,33.728949999742724],[-84.49346099982523,33.7289739999502],[-84.49533220032077,33.72898999978872]]},"properties":{"overall":44,"safety":100,"sidewalk":0,"sidewalk_present":0,"canopy":32.3,"comfort":54.8,"name":"Ardley Road Southwest","road_type":"residential","osm_id":9261969}},{"type":"Feature","geometry":{"type":"LineString","coordinates":[[-84.4902333995517,33.73058610036827],[-84.49023079961165,33.73062849980545],[-84.49022530025735,33.73070820042318],[-84.49021820010984,33.730773699846395],[-84.49020769962561,33.730908400302496],[-84.49020869967171,33.73100030022374]]},"properties":{"overall":48,"safety":100,"sidewalk":0,"sidewalk_present":0,"canopy":43.6,"comfort":57.4,"name":"","road_type":"service","osm_id":983092759}},{"type":"Feature","geometry":{"type":"LineString","coordinates":[[-84.48911940034003,33.73083410011367],[-84.48891890008713,33.73085150019665],[-84.48861920011598,33.73086349985067],[-84.48845209978452,33.730779600298376],[-84.48837140002007,33.7307316997082],[-84.48817549979941,33.73071250008189],[-84.48805160020117,33.73066460039104]]},"properties":{"overall":33,"safety":99,"sidewalk":0,"sidewalk_present":0,"canopy":0.0,"comfort":0.0,"name":"","road_type":"service","osm_id":715769940}},{"type":"Feature","geometry":{"type":"LineString","coordinates":[[-84.48916499956505,33.73048300029029],[-84.4902333995517,33.73058610036827],[-84.49055399976726,33.73061700017445],[-84.49092799992724,33.730683999666894],[-84.49153500004019,33.73082599992],[-84.49183000015432,33.730870000150446],[-84.49210000001494,33.73088599998897],[-84.4932390003795,33.73089500040402],[-84.49532100016398,33.73091200028864],[-84.49690100018097,33.730924999988815],[-84.49982500012362,33.73095000024239],[-84.50109000000344,33.73095899975806],[-84.50171500004717,33.73096199989641]]},"properties":{"overall":45,"safety":99,"sidewalk":0,"sidewalk_present":0,"canopy":36.2,"comfort":54.9,"name":"Spreading Oak Drive Southwest","road_type":"residential","osm_id":9249877}},{"type":"Feature","geometry":{"type":"LineString","coordinates":[[-84.48903170025272,33.731508999940445],[-84.48926480003047,33.731536100110986]]},"properties":{"overall":48,"safety":100,"sidewalk":0,"sidewalk_present":0,"canopy":43.5,"comfort":55.9,"name":"","road_type":"service","osm_id":562680961}},{"type":"Feature","geometry":{"type":"LineString","coordinates":[[-84.48926480003047,33.731536100110986],[-84.48949810035703,33.731568400161564]]},"properties":{"overall":42,"safety":100,"sidewalk":0,"sidewalk_present":0,"canopy":27.3,"comfort":48.6,"name":"","road_type":"service","osm_id":562680960}},{"type":"Feature","geometry":{"type":"LineString","coordinates":[[-84.48561589975395,33.72716109980496],[-84.48538210030364,33.727159800284596],[-84.48518699958032,33.72714660003561],[-84.48504739961777,33.72714040010942],[-84.48485670017652,33.72714550016474],[-84.48480480030128,33.727154499680466],[-84.48474370036143,33.72719790006306],[-84.48473360007557,33.72721720041352]]},"properties":{"overall":33,"safety":100,"sidewalk":0,"sidewalk_present":0,"canopy":0.0,"comfort":0.0,"name":"","road_type":"service","osm_id":858072564}},{"type":"Feature","geometry":{"type":"LineString","coordinates":[[-84.48561570010446,33.727184699814075],[-84.48615300006088,33.72718910019688]]},"properties":{"overall":33,"safety":100,"sidewalk":0,"sidewalk_present":0,"canopy":0.0,"comfort":0.0,"name":"","road_type":"service","osm_id":807929118}},{"type":"Feature","geometry":{"type":"LineString","coordinates":[[-84.48359120027362,33.72803559966326],[-84.48353330012168,33.72797389987562],[-84.48350379966058,33.72791980025863],[-84.48348350016335,33.72786149990833],[-84.48347129996051,33.72780399995469],[-84.4834676001496,33.727725599756695]]},"properties":{"overall":33,"safety":100,"sidewalk":0,"sidewalk_present":0,"canopy":0.0,"comfort":0.0,"name":"","road_type":"service","osm_id":755210267}},{"type":"Feature","geometry":{"type":"LineString","coordinates":[[-84.48147700026334,33.72957399974035],[-84.48226870044016,33.728654399780794],[-84.48246730042553,33.728423700293604],[-84.48259100037433,33.72828000032183],[-84.48273299972811,33.72813399988422],[-84.48289600005035,33.728003000138415],[-84.48304110026652,33.72791110021717],[-84.48307600025714,33.72788900027717],[-84.48327100025642,33.72779500043896],[-84.4834676001496,33.727725599756695],[-84.48350900044,33.72771100016257],[-84.48378999990854,33.72765100009366],[-84.48411100032234,33.72762699988618],[-84.48545800038636,33.72771500034702],[-84.48561100024745,33.72771500034702]]},"properties":{"overall":46,"safety":99,"sidewalk":0,"sidewalk_present":0,"canopy":39.6,"comfort":59.0,"name":"Mockingbird Lane Southwest","road_type":"residential","osm_id":9274303}},{"type":"Feature","geometry":{"type":"LineString","coordinates":[[-84.48304110026652,33.72791110021717],[-84.48325889987831,33.728159900359174]]},"properties":{"overall":42,"safety":99,"sidewalk":0,"sidewalk_present":0,"canopy":27.4,"comfort":52.2,"name":"","road_type":"service","osm_id":755210266}},{"type":"Feature","geometry":{"type":"LineString","coordinates":[[-84.48246730042553,33.728423700293604],[-84.48280600039658,33.72864180027892]]},"properties":{"overall":46,"safety":93,"sidewalk":0,"sidewalk_present":0,"canopy":46.2,"comfort":59.6,"name":"","road_type":"service","osm_id":755210268}},{"type":"Feature","geometry":{"type":"LineString","coordinates":[[-84.48226870044016,33.728654399780794],[-84.48258059971488,33.728862600029004]]},"properties":{"overall":54,"safety":100,"sidewalk":0,"sidewalk_present":0,"canopy":61.6,"comfort":66.1,"name":"","road_type":"service","osm_id":755210269}},{"type":"Feature","geometry":{"type":"LineString","coordinates":[[-84.48072670037686,33.72913610005105],[-84.48058579999463,33.72905380039265],[-84.48028300006035,33.728876999973636]]},"properties":{"overall":50,"safety":96,"sidewalk":0,"sidewalk_present":0,"canopy":54.9,"comfort":62.2,"name":"Benjamin E Mays Drive Southwest","road_type":"tertiary","osm_id":1118675607}},{"type":"Feature","geometry":{"type":"LineString","coordinates":[[-84.4833135004177,33.72982749973937],[-84.48324549997983,33.72978200033907],[-84.48318740017834,33.729768999739576],[-84.48309369981433,33.72978019989637],[-84.48295419967656,33.72979230027448],[-84.48286610029027,33.729818199850115],[-84.48272989976505,33.729888800228025],[-84.48244859992292,33.7301686998257]]},"properties":{"overall":51,"safety":100,"sidewalk":0,"sidewalk_present":0,"canopy":53.2,"comfort":67.6,"name":"","road_type":"service","osm_id":766122163}},{"type":"Feature","geometry":{"type":"LineString","coordinates":[[-84.483431499564,33.73124949966473],[-84.48336300000238,33.73125869972927],[-84.48328449997967,33.731257400208904],[-84.48320830042269,33.73124360011212],[-84.48311329963906,33.73121030001539],[-84.48299159978245,33.73113129996955],[-84.48290050025787,33.731058200375685],[-84.48288949975057,33.73102350003455],[-84.48288560029016,33.73094130020087],[-84.4829107003685,33.73074730024774],[-84.48296949984251,33.73070339984207]]},"properties":{"overall":32,"safety":96,"sidewalk":0,"sidewalk_present":0,"canopy":0.0,"comfort":0.0,"name":"","road_type":"service","osm_id":714391675}},{"type":"Feature","geometry":{"type":"LineString","coordinates":[[-84.47543360018045,33.72990510044008],[-84.4755647995758,33.72994759970203],[-84.47573449984725,33.73001739968328],[-84.47581059957946,33.7300397999968],[-84.47592720028001,33.7300926999182]]},"properties":{"overall":33,"safety":100,"sidewalk":0,"sidewalk_present":0,"canopy":0.0,"comfort":0.0,"name":"","road_type":"service","osm_id":729878881}},{"type":"Feature","geometry":{"type":"LineString","coordinates":[[-84.47855179972572,33.731036100435745],[-84.47903330034649,33.73091370000731]]},"properties":{"overall":33,"safety":100,"sidewalk":0,"sidewalk_present":0,"canopy":0.0,"comfort":0.0,"name":"","road_type":"service","osm_id":733296976}},{"type":"Feature","geometry":{"type":"LineString","coordinates":[[-84.47872740044915,33.731229499641756],[-84.47888600038857,33.73123929955409],[-84.47904630004666,33.73126710029652],[-84.47938650008689,33.73124920019046]]},"properties":{"overall":33,"safety":99,"sidewalk":0,"sidewalk_present":0,"canopy":0.0,"comfort":0.0,"name":"","road_type":"service","osm_id":733296975}},{"type":"Feature","geometry":{"type":"LineString","coordinates":[[-84.47946840044631,33.731453099880696],[-84.47886710023647,33.73143300003295]]},"properties":{"overall":32,"safety":97,"sidewalk":0,"sidewalk_present":0,"canopy":0.0,"comfort":0.0,"name":"","road_type":"service","osm_id":729858223}},{"type":"Feature","geometry":{"type":"LineString","coordinates":[[-84.47991269971129,33.73210830005803],[-84.47945570022034,33.73208810038557],[-84.47935210011929,33.73208550044552],[-84.47924120022117,33.73210500044547]]},"properties":{"overall":33,"safety":100,"sidewalk":0,"sidewalk_present":0,"canopy":0.0,"comfort":0.0,"name":"","road_type":"service","osm_id":826017901}},{"type":"Feature","geometry":{"type":"LineString","coordinates":[[-84.47926619957542,33.738986699976294],[-84.47945399960236,33.73891199958916],[-84.47994699985412,33.73876900018928],[-84.48033299966818,33.738620999659474],[-84.48052500042837,33.73851800030553],[-84.48058300040509,33.73846100037491],[-84.48062100035884,33.738400000259844],[-84.4806770002433,33.738212999730194],[-84.480705999782,33.73789999968528],[-84.48071090018783,33.737805900022295],[-84.48071590041843,33.737710400114906],[-84.48073250010475,33.737392100365184],[-84.48076790011845,33.73671299980515],[-84.48080599989692,33.73598200026913],[-84.48084299980457,33.73554099971739],[-84.48084640014122,33.73548599987902],[-84.48085999968919,33.73519599999548],[-84.48084680033952,33.73490740035629],[-84.48080299975857,33.73395300023083],[-84.48077800040437,33.73383100000069],[-84.48072799989723,33.73373199993188],[-84.48066899987441,33.73365800011669],[-84.48028090014338,33.73329100027951],[-84.4801439999456,33.73315800044139],[-84.47987600017723,33.73288100025803],[-84.47974110007169,33.73273339992653],[-84.47954800033989,33.73252199989042],[-84.47931600043302,33.732222999591784],[-84.47930030006876,33.7321982997118],[-84.47924120022117,33.73210500044547],[-84.4791079998343,33.7318949997545],[-84.47886710023647,33.73143300003295],[-84.4788529997661,33.73140599968718],[-84.47875299965119,33.73126000014895],[-84.47872740044915,33.731229499641756],[-84.47863899978995,33.73112400017254],[-84.47855179972572,33.731036100435745],[-84.47822999981463,33.730712000058816],[-84.47795999995401,33.73048899966767],[-84.47775200025455,33.73036800038295],[-84.47745500004817,33.73026199999134],[-84.4768980004423,33.73007200022266],[-84.47664499956704,33.729966999877206],[-84.47651699995953,33.72989700024641],[-84.47641099956792,33.72981600010837],[-84.47631899982196,33.72972400036235],[-84.47605900042248,33.72935599957975],[-84.47590000028475,33.729116000203305],[-84.4757483997688,33.72883349976627],[-84.47565370025802,33.72865710044488],[-84.47563699984761,33.72862600008989],[-84.4752590004025,33.72799000043824],[-84.47523300010283,33.72792400009257],[-84.47522999996448,33.72784099986228]]},"properties":{"overall":30,"safety":89,"sidewalk":0,"sidewalk_present":0,"canopy":0.0,"comfort":0.0,"name":"Peyton Road Southwest","road_type":"tertiary","osm_id":230252941}},{"type":"Feature","geometry":{"type":"LineString","coordinates":[[-84.4754003999085,33.7321089997306],[-84.4753235996044,33.732119900413124],[-84.47524489993214,33.732176000122365],[-84.47516809962804,33.732272599900625],[-84.47509359978977,33.73234749993725],[-84.47502749961939,33.732393600084606],[-84.47498920019137,33.73240239995084]]},"properties":{"overall":33,"safety":100,"sidewalk":0,"sidewalk_present":0,"canopy":0.0,"comfort":0.0,"name":"","road_type":"service","osm_id":828474112}},{"type":"Feature","geometry":{"type":"LineString","coordinates":[[-84.47724700034877,33.73551100013259],[-84.47726400023339,33.735440999602474],[-84.47728200016417,33.73476599995098],[-84.47740200030205,33.73409000025339],[-84.47741900018667,33.7333680002331],[-84.47737800009457,33.73306499975001],[-84.47723399974927,33.73265299963629],[-84.4771860002337,33.73242700000611],[-84.47717599977256,33.73226000039875],[-84.4771880003259,33.73149600024027],[-84.4772159998185,33.73118200014926],[-84.47731199974896,33.73062699973627],[-84.47735299984106,33.730493999898215],[-84.47745500004817,33.73026199999134]]},"properties":{"overall":43,"safety":100,"sidewalk":0,"sidewalk_present":0,"canopy":29.6,"comfort":56.8,"name":"Rodney Drive Southwest","road_type":"residential","osm_id":9259035}},{"type":"Feature","geometry":{"type":"LineString","coordinates":[[-84.4754008001068,33.732719300355484],[-84.4753398998165,33.732712200207914],[-84.47529469989047,33.7327005000281],[-84.47521989967856,33.73267820043867],[-84.47514510036603,33.732651200092846],[-84.47505900017268,33.732621800355844],[-84.47498980003922,33.73259720030063]]},"properties":{"overall":33,"safety":100,"sidewalk":0,"sidewalk_present":0,"canopy":0.0,"comfort":0.0,"name":"","road_type":"service","osm_id":975646730}},{"type":"Feature","geometry":{"type":"LineString","coordinates":[[-84.4757260003546,33.73515399985723],[-84.47572800044685,33.73467100006667],[-84.47577399987017,33.73465900041259],[-84.47572999963973,33.73397500034605],[-84.4757139998012,33.733826999816245],[-84.47562400014743,33.73358899963267],[-84.47553160020317,33.73341499970252],[-84.47546299991745,33.733286000048906],[-84.47542199982541,33.73314799998025],[-84.47540099975629,33.73300599972714],[-84.4754008001068,33.732719300355484],[-84.4754003999085,33.7321089997306],[-84.4753989996641,33.730041999738546],[-84.47543360018045,33.72990510044008],[-84.47544099980229,33.72987600017734],[-84.47550480040616,33.72978219998856],[-84.4755409999172,33.729728999693634],[-84.47562800033194,33.729653999832294],[-84.47605900042248,33.72935599957975]]},"properties":{"overall":33,"safety":100,"sidewalk":0,"sidewalk_present":0,"canopy":0.0,"comfort":0.0,"name":"Falcon Drive Southwest","road_type":"residential","osm_id":9242648}},{"type":"Feature","geometry":{"type":"LineString","coordinates":[[-84.48847500012113,33.72755700025539],[-84.48858099961342,33.72753500014022],[-84.49152499957904,33.72755900034764],[-84.49166599978605,33.7275479998404],[-84.49204099999213,33.727485999679175],[-84.49297900008077,33.72749500009422],[-84.49537700004845,33.727517000209446],[-84.49571300025474,33.72752999990962],[-84.49603699990757,33.72760899995541],[-84.49620400041425,33.72763400020898],[-84.49696100024994,33.72764499981696],[-84.50115000007241,33.7276920001857],[-84.50146719995126,33.72769980000584]]},"properties":{"overall":44,"safety":99,"sidewalk":0,"sidewalk_present":0,"canopy":34.4,"comfort":52.7,"name":"Hazelwood Drive Southwest","road_type":"residential","osm_id":9253638}},{"type":"Feature","geometry":{"type":"LineString","coordinates":[[-84.49694960044366,33.72887530025497],[-84.49696100024994,33.72764499981696]]},"properties":{"overall":46,"safety":100,"sidewalk":0,"sidewalk_present":0,"canopy":38.4,"comfort":57.1,"name":"Burnt Hickory Drive Southwest","road_type":"residential","osm_id":759562754}},{"type":"Feature","geometry":{"type":"LineString","coordinates":[[-84.49694960044366,33.72887530025497],[-84.49722299974161,33.72880900043509],[-84.49752300008635,33.72877899995092],[-84.5011269999111,33.72881899999692]]},"properties":{"overall":45,"safety":100,"sidewalk":0,"sidewalk_present":0,"canopy":36.3,"comfort":49.4,"name":"Ardley Road Southwest","road_type":"residential","osm_id":759562755}},{"type":"Feature","geometry":{"type":"LineString","coordinates":[[-84.49690100018097,33.730924999988815],[-84.49692100020394,33.72986000033882],[-84.49694960044366,33.72887530025497]]},"properties":{"overall":47,"safety":100,"sidewalk":0,"sidewalk_present":0,"canopy":41.5,"comfort":58.2,"name":"Burnt Hickory Drive Southwest","road_type":"residential","osm_id":9248029}},{"type":"Feature","geometry":{"type":"LineString","coordinates":[[-84.4924879999212,33.73361199979399],[-84.49261500038193,33.733640000185915],[-84.49443699986762,33.733660000208886],[-84.49475200000478,33.73370799972446],[-84.4949459999579,33.733761000369896],[-84.49515199956511,33.73383800032349],[-84.49527299974909,33.73384799988531]]},"properties":{"overall":33,"safety":100,"sidewalk":0,"sidewalk_present":0,"canopy":0.0,"comfort":0.0,"name":"Hollydale Drive Southwest","road_type":"residential","osm_id":9276447}},{"type":"Feature","geometry":{"type":"LineString","coordinates":[[-84.49582669974234,33.73382160028666],[-84.49548889999272,33.733816400406624],[-84.4952732002979,33.73383490036042]]},"properties":{"overall":33,"safety":100,"sidewalk":0,"sidewalk_present":0,"canopy":0.0,"comfort":0.0,"name":"","road_type":"service","osm_id":905647254}},{"type":"Feature","geometry":{"type":"LineString","coordinates":[[-84.49508900025711,33.73618599978414],[-84.49515499970346,33.736079000245695],[-84.49521799991072,33.7358579999468],[-84.49524500025655,33.73568299997055],[-84.49527299974909,33.73384799988531],[-84.4952732002979,33.73383490036042],[-84.49530200018711,33.7320850004225],[-84.49532100016398,33.73091200028864],[-84.49533220032077,33.72898999978872]]},"properties":{"overall":49,"safety":100,"sidewalk":0,"sidewalk_present":0,"canopy":45.7,"comfort":64.1,"name":"Braemar Avenue Southwest","road_type":"residential","osm_id":9270320}},{"type":"Feature","geometry":{"type":"LineString","coordinates":[[-84.49687800001965,33.73205499993833],[-84.49687299978905,33.732788999612694],[-84.49689599995042,33.73295500007322],[-84.49694400036526,33.73311200011875],[-84.49703099988068,33.733292000325605],[-84.4973359995567,33.73377600016232],[-84.4974369997177,33.73386899995444],[-84.49760300017829,33.73395300023083],[-84.4977309997858,33.73399000013842],[-84.49786599971605,33.734004999930846],[-84.49800099964637,33.73399799960805],[-84.49814399994563,33.7339669999771],[-84.4982660001757,33.73391800041543],[-84.49918000005692,33.73343999995609],[-84.49933700010246,33.733380999933274],[-84.49952199964054,33.73333999984118],[-84.49969300033166,33.73332500004875],[-84.49988400014644,33.73333499961058],[-84.50068300012032,33.73349099961001]]},"properties":{"overall":45,"safety":100,"sidewalk":0,"sidewalk_present":0,"canopy":35.4,"comfort":57.4,"name":"Pamlico Drive Southwest","road_type":"residential","osm_id":9243180}},{"type":"Feature","geometry":{"type":"LineString","coordinates":[[-84.49646299976757,33.73682799971249],[-84.49678600027363,33.736096000130374],[-84.49681899999683,33.73590999964682],[-84.49681199967398,33.73554800004024],[-84.49682200013518,33.735445999833075],[-84.4968759999274,33.73529500006424],[-84.49697399995011,33.73515699999558],[-84.49703900024963,33.73510500029556],[-84.4971219995806,33.73506200011127],[-84.49721300017978,33.73503299967325],[-84.49731799962592,33.73502200006533],[-84.49743100034033,33.735030999581],[-84.49782200038499,33.73511699994964],[-84.49818399999157,33.73513599992651],[-84.49837899999079,33.735138000018765],[-84.49854000022077,33.735124000272435],[-84.49868999994351,33.73509299974222],[-84.49902500010364,33.7349959997656],[-84.49927499994124,33.734971999558184],[-84.49948999996349,33.734991999581155],[-84.50018499963801,33.73514100015706]]},"properties":{"overall":49,"safety":97,"sidewalk":0,"sidewalk_present":0,"canopy":49.7,"comfort":60.2,"name":"Annelaine Drive Southwest","road_type":"residential","osm_id":9253406}},{"type":"Feature","geometry":{"type":"LineString","coordinates":[[-84.49388730005882,33.73620609963183],[-84.49388730005882,33.73607450003817],[-84.49387390016034,33.735956199618954],[-84.4938363004049,33.73582240028361],[-84.4938063997455,33.73575849985491],[-84.49379819972711,33.73573019998878],[-84.49380269993463,33.73570559993357],[-84.49386810043245,33.73556070026615]]},"properties":{"overall":33,"safety":100,"sidewalk":0,"sidewalk_present":0,"canopy":0.0,"comfort":0.0,"name":"","road_type":"service","osm_id":793722595}},{"type":"Feature","geometry":{"type":"LineString","coordinates":[[-84.48946459971148,33.73178590029909],[-84.48922859962016,33.73175799973194],[-84.48926480003047,33.731536100110986]]},"properties":{"overall":39,"safety":100,"sidewalk":0,"sidewalk_present":0,"canopy":17.5,"comfort":43.7,"name":"","road_type":"service","osm_id":562680958}},{"type":"Feature","geometry":{"type":"LineString","coordinates":[[-84.49200099994613,33.7346039996749],[-84.4924879999212,33.73361199979399],[-84.49283899991985,33.732912999935024],[-84.49316000033372,33.732230999960734],[-84.49319500014911,33.73212799970747],[-84.49322299964166,33.731781999939415],[-84.4932390003795,33.73089500040402],[-84.49328199966453,33.73058100031295],[-84.49340800007911,33.73016099983033],[-84.49344900017121,33.72994299966973],[-84.49346099982523,33.7289739999502]]},"properties":{"overall":51,"safety":98,"sidewalk":0,"sidewalk_present":0,"canopy":53.9,"comfort":60.7,"name":"Laurelmont Drive Southwest","road_type":"residential","osm_id":9242216}},{"type":"Feature","geometry":{"type":"LineString","coordinates":[[-84.48949810035703,33.731568400161564],[-84.48946459971148,33.73178590029909]]},"properties":{"overall":39,"safety":100,"sidewalk":0,"sidewalk_present":0,"canopy":16.8,"comfort":42.8,"name":"","road_type":"service","osm_id":562680959}},{"type":"Feature","geometry":{"type":"LineString","coordinates":[[-84.48994880009701,33.73229230044933],[-84.48999709998611,33.73218069997938]]},"properties":{"overall":35,"safety":100,"sidewalk":0,"sidewalk_present":0,"canopy":4.9,"comfort":33.2,"name":"","road_type":"steps","osm_id":190748649}},{"type":"Feature","geometry":{"type":"LineString","coordinates":[[-84.48956519967419,33.732419399835464],[-84.48965639992286,33.73234130001106]]},"properties":{"overall":35,"safety":100,"sidewalk":0,"sidewalk_present":0,"canopy":3.7,"comfort":33.8,"name":"","road_type":"steps","osm_id":190748647}},{"type":"Feature","geometry":{"type":"LineString","coordinates":[[-84.49044230037185,33.73249079971072],[-84.4905066999242,33.73237030044908]]},"properties":{"overall":34,"safety":100,"sidewalk":0,"sidewalk_present":0,"canopy":2.4,"comfort":29.4,"name":"","road_type":"steps","osm_id":190748646}},{"type":"Feature","geometry":{"type":"LineString","coordinates":[[-84.48982539962248,33.732508599991945],[-84.48986560021723,33.732419399835464]]},"properties":{"overall":36,"safety":100,"sidewalk":0,"sidewalk_present":0,"canopy":7.7,"comfort":32.7,"name":"","road_type":"steps","osm_id":190748648}},{"type":"Feature","geometry":{"type":"LineString","coordinates":[[-84.48929700025633,33.73286329980152],[-84.48899530019293,33.732752899926425],[-84.48900450025747,33.73250960003804],[-84.48901189987924,33.732311500075696]]},"properties":{"overall":35,"safety":100,"sidewalk":0,"sidewalk_present":0,"canopy":6.2,"comfort":34.8,"name":"","road_type":"footway","osm_id":190764640}},{"type":"Feature","geometry":{"type":"LineString","coordinates":[[-84.4889254003869,33.732494799895164],[-84.48900450025747,33.73250960003804],[-84.48906570002202,33.732515499590704],[-84.4891325996897,33.73252120039314],[-84.48928539990123,33.732548199839584]]},"properties":{"overall":34,"safety":99,"sidewalk":0,"sidewalk_present":0,"canopy":2.2,"comfort":34.1,"name":"","road_type":"service","osm_id":1230531104}},{"type":"Feature","geometry":{"type":"LineString","coordinates":[[-84.49032969985575,33.7327005000281],[-84.4903645000216,33.73261570025443]]},"properties":{"overall":35,"safety":100,"sidewalk":0,"sidewalk_present":0,"canopy":5.7,"comfort":29.6,"name":"","road_type":"steps","osm_id":190748651}},{"type":"Feature","geometry":{"type":"LineString","coordinates":[[-84.48965639992286,33.73234130001106],[-84.48986560021723,33.732419399835464],[-84.4903645000216,33.73261570025443],[-84.49049330002572,33.73265589994986],[-84.49041820033966,33.733010499934664],[-84.49058979997926,33.73307750032643]]},"properties":{"overall":35,"safety":100,"sidewalk":0,"sidewalk_present":0,"canopy":4.3,"comfort":30.1,"name":"","road_type":"footway","osm_id":190748653}},{"type":"Feature","geometry":{"type":"LineString","coordinates":[[-84.4901874999531,33.73303839960249],[-84.49022160044649,33.73298069999936],[-84.49032700009093,33.73281869972328],[-84.490276000437,33.73279859987554],[-84.49032969985575,33.7327005000281],[-84.48982539962248,33.732508599991945],[-84.48956519967419,33.732419399835464],[-84.4894865998267,33.732474299849116]]},"properties":{"overall":68,"safety":100,"sidewalk":100,"sidewalk_present":1,"canopy":4.7,"comfort":30.7,"name":"","road_type":"footway","osm_id":190748652}},{"type":"Feature","geometry":{"type":"LineString","coordinates":[[-84.49087950038859,33.73365960001058],[-84.49100549990385,33.733623899623296],[-84.49107529988515,33.733558099826496],[-84.4914400999806,33.73294920034539],[-84.4915392996989,33.732790800055454],[-84.4915473000678,33.73273389994955],[-84.49149640023865,33.732687100129624],[-84.4911732000831,33.73256550009779]]},"properties":{"overall":41,"safety":100,"sidewalk":0,"sidewalk_present":0,"canopy":23.8,"comfort":42.2,"name":"","road_type":"service","osm_id":562680962}},{"type":"Feature","geometry":{"type":"LineString","coordinates":[[-84.48989900013873,33.732858699769224],[-84.48975049958585,33.73285109959863],[-84.48962169958173,33.73285440011051]]},"properties":{"overall":65,"safety":91,"sidewalk":100,"sidewalk_present":1,"canopy":3.7,"comfort":28.9,"name":"","road_type":"footway","osm_id":190765356}},{"type":"Feature","geometry":{"type":"LineString","coordinates":[[-84.48966180035177,33.7327718999033],[-84.48989900013873,33.732858699769224],[-84.49022160044649,33.73298069999936]]},"properties":{"overall":65,"safety":91,"sidewalk":100,"sidewalk_present":1,"canopy":4.2,"comfort":29.4,"name":"","road_type":"footway","osm_id":190764536}},{"type":"Feature","geometry":{"type":"LineString","coordinates":[[-84.48964090010742,33.73330280028404],[-84.4896349996555,33.73329830007651],[-84.48901809980543,33.73299939960265],[-84.48899530019293,33.732752899926425]]},"properties":{"overall":31,"safety":87,"sidewalk":0,"sidewalk_present":0,"canopy":6.3,"comfort":32.3,"name":"","road_type":"footway","osm_id":190765818}},{"type":"Feature","geometry":{"type":"LineString","coordinates":[[-84.49075280030144,33.73313760022012],[-84.49058979997926,33.73307750032643]]},"properties":{"overall":34,"safety":100,"sidewalk":0,"sidewalk_present":0,"canopy":1.7,"comfort":30.0,"name":"","road_type":"steps","osm_id":190748650}},{"type":"Feature","geometry":{"type":"LineString","coordinates":[[-84.48959489978478,33.733369500302274],[-84.48964090010742,33.73330280028404],[-84.48972839964591,33.73317340043212],[-84.48975220020384,33.73313760022012]]},"properties":{"overall":35,"safety":98,"sidewalk":0,"sidewalk_present":0,"canopy":7.7,"comfort":30.7,"name":"","road_type":"footway","osm_id":190765567}},{"type":"Feature","geometry":{"type":"LineString","coordinates":[[-84.49082720031498,33.73360720011226],[-84.48980589962252,33.733219100381234],[-84.48972900039303,33.733256600311904]]},"properties":{"overall":37,"safety":97,"sidewalk":0,"sidewalk_present":0,"canopy":12.6,"comfort":33.0,"name":"","road_type":"service","osm_id":562680097}},{"type":"Feature","geometry":{"type":"LineString","coordinates":[[-84.48983740017582,33.7333161003578],[-84.4897944998163,33.733279300099696],[-84.48972900039303,33.733256600311904]]},"properties":{"overall":35,"safety":95,"sidewalk":0,"sidewalk_present":0,"canopy":9.7,"comfort":30.4,"name":"","road_type":"service","osm_id":562680094}},{"type":"Feature","geometry":{"type":"LineString","coordinates":[[-84.49075340014929,33.733773400222276],[-84.48983740017582,33.7333161003578]]},"properties":{"overall":38,"safety":97,"sidewalk":0,"sidewalk_present":0,"canopy":16.3,"comfort":35.0,"name":"","road_type":"service","osm_id":562680095}},{"type":"Feature","geometry":{"type":"LineString","coordinates":[[-84.48972900039303,33.733256600311904],[-84.48962519974316,33.73338500011772]]},"properties":{"overall":35,"safety":95,"sidewalk":0,"sidewalk_present":0,"canopy":11.2,"comfort":31.5,"name":"","road_type":"service","osm_id":1184393941}},{"type":"Feature","geometry":{"type":"LineString","coordinates":[[-84.48886540031793,33.73363669967398],[-84.48862029998679,33.73362810035661],[-84.48849429957221,33.733606000416614],[-84.48832899968357,33.733571399900256]]},"properties":{"overall":45,"safety":99,"sidewalk":0,"sidewalk_present":0,"canopy":35.4,"comfort":44.8,"name":"","road_type":"service","osm_id":714391670}},{"type":"Feature","geometry":{"type":"LineString","coordinates":[[-84.49002129984308,33.733588299960104],[-84.48993130018931,33.73371319960455]]},"properties":{"overall":41,"safety":100,"sidewalk":0,"sidewalk_present":0,"canopy":21.9,"comfort":36.2,"name":"","road_type":"service","osm_id":562680112}},{"type":"Feature","geometry":{"type":"LineString","coordinates":[[-84.49073159968356,33.733952799682015],[-84.49082239973393,33.73382449970097],[-84.49083660002901,33.73380460040204],[-84.49089019962298,33.73371650011643],[-84.49087950038859,33.73365960001058],[-84.49082720031498,33.73360720011226]]},"properties":{"overall":40,"safety":100,"sidewalk":0,"sidewalk_present":0,"canopy":18.5,"comfort":39.7,"name":"","road_type":"service","osm_id":562680098}},{"type":"Feature","geometry":{"type":"LineString","coordinates":[[-84.49082239973393,33.73382449970097],[-84.49075340014929,33.733773400222276]]},"properties":{"overall":39,"safety":100,"sidewalk":0,"sidewalk_present":0,"canopy":17.7,"comfort":39.6,"name":"","road_type":"service","osm_id":562680096}},{"type":"Feature","geometry":{"type":"LineString","coordinates":[[-84.48993130018931,33.73371319960455],[-84.48999299997695,33.73385929986682]]},"properties":{"overall":41,"safety":100,"sidewalk":0,"sidewalk_present":0,"canopy":21.7,"comfort":36.7,"name":"","road_type":"service","osm_id":562680111}},{"type":"Feature","geometry":{"type":"LineString","coordinates":[[-84.48885089964926,33.7339016003786],[-84.48869770013869,33.73388420029568],[-84.48853650025922,33.73386670038798],[-84.4884769003886,33.73386089976077],[-84.48840880012597,33.7338716997192],[-84.48830129966518,33.733896699972775],[-84.48810009973977,33.73396209957127]]},"properties":{"overall":47,"safety":99,"sidewalk":0,"sidewalk_present":0,"canopy":42.4,"comfort":50.4,"name":"","road_type":"service","osm_id":714391669}},{"type":"Feature","geometry":{"type":"LineString","coordinates":[[-84.48999299997695,33.73426750034491],[-84.49000079979703,33.734109699902774],[-84.49000630005065,33.73397000011545],[-84.48999900025365,33.73395269985724],[-84.48999049986162,33.733936000346205],[-84.4899805002998,33.73390919964987],[-84.48998289969103,33.73388809975603],[-84.48999299997695,33.73385929986682]]},"properties":{"overall":45,"safety":100,"sidewalk":0,"sidewalk_present":0,"canopy":33.6,"comfort":44.4,"name":"","road_type":"service","osm_id":562680100}},{"type":"Feature","geometry":{"type":"LineString","coordinates":[[-84.48999299997695,33.73385929986682],[-84.48952759991874,33.73406220041028]]},"properties":{"overall":38,"safety":100,"sidewalk":0,"sidewalk_present":0,"canopy":14.5,"comfort":37.2,"name":"","road_type":"service","osm_id":562680110}},{"type":"Feature","geometry":{"type":"LineString","coordinates":[[-84.48794299986952,33.73249970030099],[-84.4880330004226,33.7322690997392],[-84.48803610038567,33.73216649968424],[-84.48797439969877,33.732035699587925],[-84.48786339997588,33.73193830031238],[-84.48776480010542,33.73191270021101],[-84.48770000035472,33.73192800037697],[-84.48753659983419,33.73201010038588],[-84.4874071001575,33.73208439967533],[-84.48724240011666,33.732260399697736]]},"properties":{"overall":33,"safety":100,"sidewalk":0,"sidewalk_present":0,"canopy":0.0,"comfort":0.0,"name":"","road_type":"service","osm_id":800713194}},{"type":"Feature","geometry":{"type":"LineString","coordinates":[[-84.47930030006876,33.7321982997118],[-84.47937930011454,33.732181100177684],[-84.47950080032166,33.73218179985025],[-84.47976060007159,33.732222700117575],[-84.48000849999227,33.73222689995151],[-84.48003610018583,33.732244100385],[-84.48007679990434,33.73233419986349],[-84.48009360013947,33.73238549989094],[-84.48009500038393,33.73242159957721],[-84.48008380022713,33.732478700231866],[-84.480066999992,33.732561499913345],[-84.48005150017656,33.73257660042981],[-84.47984980022807,33.73266979987142],[-84.47974110007169,33.73273339992653]]},"properties":{"overall":33,"safety":100,"sidewalk":0,"sidewalk_present":0,"canopy":0.0,"comfort":0.0,"name":"","road_type":"service","osm_id":729858224}},{"type":"Feature","geometry":{"type":"LineString","coordinates":[[-84.48546599985599,33.73181110020215],[-84.48545910025723,33.73188650026185],[-84.4854602001281,33.732399299987776],[-84.48546070015118,33.73241839978937]]},"properties":{"overall":33,"safety":98,"sidewalk":0,"sidewalk_present":0,"canopy":0.0,"comfort":0.0,"name":"","road_type":"service","osm_id":714391674}},{"type":"Feature","geometry":{"type":"LineString","coordinates":[[-84.4877908004051,33.73244769970165],[-84.48775190022997,33.73255809957669],[-84.48771219965823,33.73263549972859],[-84.48765120044249,33.732741400295424],[-84.48754210008781,33.732847399787715]]},"properties":{"overall":33,"safety":100,"sidewalk":0,"sidewalk_present":0,"canopy":0.0,"comfort":0.0,"name":"","road_type":"service","osm_id":714391672}},{"type":"Feature","geometry":{"type":"LineString","coordinates":[[-84.49625299997592,33.73674500038152],[-84.49595559957123,33.73661330006382],[-84.49575600043903,33.73652500012872],[-84.49522069967549,33.73625300017585],[-84.49508900025711,33.73618599978414],[-84.49496390006391,33.73612189970595],[-84.49470889999571,33.735991300158446],[-84.49437480005696,33.735820199642546],[-84.49386810043245,33.73556070026615],[-84.49311040002493,33.7351727003599],[-84.49295840020994,33.735094800184925],[-84.49292159995184,33.73507599985754],[-84.49279139970332,33.73500929983936],[-84.49250769957064,33.7348639999737],[-84.49241400010601,33.734815999558805],[-84.49200099994613,33.7346039996749],[-84.49174799997019,33.734474199624685],[-84.49150799969442,33.734350999698904],[-84.49110919982968,33.73414650016093],[-84.49088399969679,33.734031000230516],[-84.49073159968356,33.733952799682015],[-84.49002129984308,33.733588299960104],[-84.48979080000538,33.73347000044021],[-84.48962519974316,33.73338500011772],[-84.48959489978478,33.733369500302274],[-84.48889920043769,33.73301700023444],[-84.48867799958998,33.732846000442635],[-84.4885649997749,33.73276999963582],[-84.48834010001559,33.73265149956711],[-84.48832400035229,33.73264300007446],[-84.48810200000725,33.73255399956747],[-84.48794299986952,33.73249970030099],[-84.4877908004051,33.73244769970165],[-84.48762660038727,33.73239159999241],[-84.48759480035972,33.732380700209205],[-84.48724240011666,33.732260399697736],[-84.4866030001283,33.73204200023815],[-84.48635100019845,33.731963000192366],[-84.48610100036086,33.731899999985046],[-84.48583399973927,33.731851999570154],[-84.48557699957883,33.73182099993926],[-84.48546599985599,33.73181110020215],[-84.48448129977214,33.731723099741316],[-84.48426700032178,33.731703999939725],[-84.48400900011524,33.731640999732406],[-84.48378999990854,33.731545999848095],[-84.48363099977081,33.73144299959483],[-84.483491999656,33.73132100026402],[-84.483431499564,33.73124949966473],[-84.48324919979069,33.731033999619456],[-84.48296949984251,33.73070339984207],[-84.48275599988943,33.73045099971392],[-84.48254099986724,33.73023899983002],[-84.48244859992292,33.7301686998257],[-84.48227900037551,33.73004699996915],[-84.48147700026334,33.72957399974035],[-84.4811800000569,33.72940070038209],[-84.48072670037686,33.72913610005105]]},"properties":{"overall":47,"safety":98,"sidewalk":0,"sidewalk_present":0,"canopy":42.1,"comfort":56.4,"name":"Benjamin E Mays Drive Southwest","road_type":"tertiary","osm_id":506741414}},{"type":"Feature","geometry":{"type":"LineString","coordinates":[[-84.48759480035972,33.732380700209205],[-84.4875052998297,33.73254369963206],[-84.4874350996501,33.73267160031418],[-84.48739649984856,33.73269049956696],[-84.48735530010697,33.732695599622275],[-84.48732729971505,33.73268390034178],[-84.48729399961837,33.73266280044794],[-84.4872818003148,33.73264309989918],[-84.48727999987204,33.73261909969176],[-84.48728790041622,33.732591399673424],[-84.48730800026397,33.732560800240776],[-84.48733959974271,33.73254330033308],[-84.48737899994086,33.73254109969207],[-84.4874420999729,33.73254480040225],[-84.4875052998297,33.73254369963206]]},"properties":{"overall":33,"safety":100,"sidewalk":0,"sidewalk_present":0,"canopy":0.0,"comfort":0.0,"name":"","road_type":"service","osm_id":714391673}},{"type":"Feature","geometry":{"type":"LineString","coordinates":[[-84.48834010001559,33.73265149956711],[-84.48832839983572,33.732700199654516],[-84.4883642998725,33.732765500327616],[-84.48839249991391,33.732834699561806],[-84.48840620018598,33.7328790999905],[-84.4884047001168,33.732922199999564],[-84.48837950021374,33.732969099644265],[-84.48830100019097,33.733029999934615],[-84.48821630024202,33.73308330005432],[-84.48813549975347,33.73309219974527]]},"properties":{"overall":46,"safety":99,"sidewalk":0,"sidewalk_present":0,"canopy":37.5,"comfort":49.5,"name":"","road_type":"service","osm_id":714391671}},{"type":"Feature","geometry":{"type":"LineString","coordinates":[[-84.48028090014338,33.73329100027951],[-84.4803155995852,33.73324609982768],[-84.48038600031362,33.73316699995712],[-84.48043459967698,33.733111199722146],[-84.48048500038243,33.733037600105206],[-84.48051769973205,33.732977100013215],[-84.48054999978262,33.732942799870386]]},"properties":{"overall":33,"safety":100,"sidewalk":0,"sidewalk_present":0,"canopy":0.0,"comfort":0.0,"name":"","road_type":"service","osm_id":983199536}},{"type":"Feature","geometry":{"type":"LineString","coordinates":[[-84.48084680033952,33.73490740035629],[-84.48205669965694,33.734892100190336],[-84.4821057999427,33.73487179979378],[-84.48215500005318,33.734805199600316],[-84.48217269961037,33.73474940026466],[-84.48217269961037,33.73470349976674]]},"properties":{"overall":33,"safety":99,"sidewalk":0,"sidewalk_present":0,"canopy":0.0,"comfort":0.0,"name":"","road_type":"service","osm_id":983199537}},{"type":"Feature","geometry":{"type":"LineString","coordinates":[[-84.48084640014122,33.73548599987902],[-84.48097909960575,33.73554130009097],[-84.481064199753,33.73561450040893],[-84.48115320025994,33.73567780009046],[-84.48122360008904,33.73570280034403],[-84.48130939990887,33.73571759958759]]},"properties":{"overall":33,"safety":99,"sidewalk":0,"sidewalk_present":0,"canopy":0.0,"comfort":0.0,"name":"","road_type":"service","osm_id":735220008}},{"type":"Feature","geometry":{"type":"LineString","coordinates":[[-84.48952759991874,33.73406220041028],[-84.48946649997896,33.734084800373296],[-84.489334500187,33.734133600285475]]},"properties":{"overall":35,"safety":100,"sidewalk":0,"sidewalk_present":0,"canopy":4.2,"comfort":35.8,"name":"","road_type":"service","osm_id":562680109}},{"type":"Feature","geometry":{"type":"LineString","coordinates":[[-84.49000079979703,33.734109699902774],[-84.48946649997896,33.734084800373296]]},"properties":{"overall":37,"safety":100,"sidewalk":0,"sidewalk_present":0,"canopy":11.8,"comfort":38.2,"name":"","road_type":"service","osm_id":562680099}},{"type":"Feature","geometry":{"type":"LineString","coordinates":[[-84.48927690040858,33.73424960023891],[-84.4890811000127,33.734246299726976]]},"properties":{"overall":35,"safety":100,"sidewalk":0,"sidewalk_present":0,"canopy":5.9,"comfort":38.3,"name":"","road_type":"service","osm_id":562680102}},{"type":"Feature","geometry":{"type":"LineString","coordinates":[[-84.489334500187,33.734133600285475],[-84.48927690040858,33.73424960023891]]},"properties":{"overall":35,"safety":100,"sidewalk":0,"sidewalk_present":0,"canopy":3.7,"comfort":36.4,"name":"","road_type":"service","osm_id":562680108}},{"type":"Feature","geometry":{"type":"LineString","coordinates":[[-84.48897539999467,33.73426910023886],[-84.48883100035033,33.73426619992523]]},"properties":{"overall":42,"safety":99,"sidewalk":0,"sidewalk_present":0,"canopy":27.9,"comfort":46.3,"name":"","road_type":"service","osm_id":1084630460}},{"type":"Feature","geometry":{"type":"LineString","coordinates":[[-84.48927690040858,33.73424960023891],[-84.48999299997695,33.73426750034491]]},"properties":{"overall":41,"safety":99,"sidewalk":0,"sidewalk_present":0,"canopy":24.0,"comfort":44.6,"name":"","road_type":"service","osm_id":562680107}},{"type":"Feature","geometry":{"type":"LineString","coordinates":[[-84.4890811000127,33.734246299726976],[-84.48897539999467,33.73426910023886],[-84.48896300014229,33.734357800372266]]},"properties":{"overall":40,"safety":99,"sidewalk":0,"sidewalk_present":0,"canopy":20.6,"comfort":43.8,"name":"","road_type":"service","osm_id":562680101}},{"type":"Feature","geometry":{"type":"LineString","coordinates":[[-84.48882619976928,33.73435349981423],[-84.48896300014229,33.734357800372266]]},"properties":{"overall":46,"safety":99,"sidewalk":0,"sidewalk_present":0,"canopy":38.8,"comfort":50.4,"name":"","road_type":"service","osm_id":1084630459}},{"type":"Feature","geometry":{"type":"LineString","coordinates":[[-84.48896300014229,33.73457969999322],[-84.48896300014229,33.73440689975865],[-84.48896300014229,33.734357800372266]]},"properties":{"overall":49,"safety":99,"sidewalk":0,"sidewalk_present":0,"canopy":48.3,"comfort":54.2,"name":"","road_type":"service","osm_id":562680104}},{"type":"Feature","geometry":{"type":"LineString","coordinates":[[-84.48999299997695,33.73426750034491],[-84.48998849976942,33.73442920024746],[-84.48998360026292,33.7346053999193]]},"properties":{"overall":52,"safety":100,"sidewalk":0,"sidewalk_present":0,"canopy":56.2,"comfort":56.9,"name":"","road_type":"service","osm_id":562680106}},{"type":"Feature","geometry":{"type":"LineString","coordinates":[[-84.48896300014229,33.73440689975865],[-84.48998849976942,33.73442920024746]]},"properties":{"overall":46,"safety":100,"sidewalk":0,"sidewalk_present":0,"canopy":37.7,"comfort":49.9,"name":"","road_type":"service","osm_id":562680103}},{"type":"Feature","geometry":{"type":"LineString","coordinates":[[-84.49250769957064,33.7348639999737],[-84.49269610034474,33.73443709989232]]},"properties":{"overall":31,"safety":93,"sidewalk":0,"sidewalk_present":0,"canopy":0.0,"comfort":0.0,"name":"","road_type":"service","osm_id":828476691}},{"type":"Feature","geometry":{"type":"LineString","coordinates":[[-84.48998360026292,33.7346053999193],[-84.48896300014229,33.73457969999322]]},"properties":{"overall":55,"safety":99,"sidewalk":0,"sidewalk_present":0,"canopy":65.3,"comfort":60.7,"name":"","road_type":"service","osm_id":562680105}},{"type":"Feature","geometry":{"type":"LineString","coordinates":[[-84.49292159995184,33.73507599985754],[-84.49300799961946,33.734883199600006],[-84.49306479990054,33.7348004997433],[-84.49310050028782,33.73472630027857],[-84.49316349959577,33.734575400334506]]},"properties":{"overall":32,"safety":97,"sidewalk":0,"sidewalk_present":0,"canopy":0.0,"comfort":0.0,"name":"","road_type":"service","osm_id":828476692}},{"type":"Feature","geometry":{"type":"LineString","coordinates":[[-84.49311040002493,33.7351727003599],[-84.4932248999092,33.73497360035145],[-84.49329569993654,33.73487429990905],[-84.49335620002859,33.73475240040301],[-84.493438100388,33.73454610042222]]},"properties":{"overall":32,"safety":97,"sidewalk":0,"sidewalk_present":0,"canopy":0.0,"comfort":0.0,"name":"","road_type":"service","osm_id":828476693}},{"type":"Feature","geometry":{"type":"LineString","coordinates":[[-84.49043849983684,33.73581959979475],[-84.49031889989726,33.73540720038204],[-84.49037639985096,33.73524679999986],[-84.4904584000351,33.73516639970961],[-84.49061699997452,33.735080000042046],[-84.49087429960917,33.73504850038802],[-84.49084999992749,33.73475200020471],[-84.49085700025034,33.73413000029933],[-84.49088399969679,33.734031000230516]]},"properties":{"overall":55,"safety":99,"sidewalk":0,"sidewalk_present":0,"canopy":66.5,"comfort":61.6,"name":"Shamrock Circle Southwest","road_type":"residential","osm_id":9268915}},{"type":"Feature","geometry":{"type":"LineString","coordinates":[[-84.49236299955277,33.736805999597266],[-84.49235299999094,33.73577699980876],[-84.49230000024477,33.735374000110085],[-84.49228499955302,33.73515199976504],[-84.4923139999911,33.735008000319],[-84.49241400010601,33.734815999558805]]},"properties":{"overall":45,"safety":100,"sidewalk":0,"sidewalk_present":0,"canopy":35.6,"comfort":54.4,"name":"West Manor Circle Southwest","road_type":"residential","osm_id":9269489}},{"type":"Feature","geometry":{"type":"LineString","coordinates":[[-84.49087429960917,33.73504850038802],[-84.49096799997318,33.73512620001418],[-84.49111420006022,33.73518870019842],[-84.49127110028104,33.735234400147476],[-84.49140920017442,33.735234400147476]]},"properties":{"overall":33,"safety":100,"sidewalk":0,"sidewalk_present":0,"canopy":0.0,"comfort":0.0,"name":"","road_type":"service","osm_id":562680114}},{"type":"Feature","geometry":{"type":"LineString","coordinates":[[-84.49140920017442,33.735234400147476],[-84.49171500024704,33.735226600327394]]},"properties":{"overall":33,"safety":100,"sidewalk":0,"sidewalk_present":0,"canopy":0.0,"comfort":0.0,"name":"","road_type":"service","osm_id":562680113}},{"type":"Feature","geometry":{"type":"LineString","coordinates":[[-84.49040009968479,33.735482600441685],[-84.49049410042238,33.73542780025281],[-84.49059649992847,33.73537850031761],[-84.49067990035707,33.73534749978734],[-84.4907894998355,33.735329599681336],[-84.49086969957693,33.73533069955221],[-84.49095839971034,33.735334000064086],[-84.49104649999595,33.735329599681336],[-84.49114559988948,33.73532370012873],[-84.49125580011503,33.73532420015175],[-84.49131260039616,33.73532689991657],[-84.49134720001325,33.73533719985193],[-84.49137449983328,33.73535729969967],[-84.49140389957029,33.73540339984709],[-84.4914574002388,33.735534100118684],[-84.49148799967139,33.73560730043664]]},"properties":{"overall":67,"safety":100,"sidewalk":100,"sidewalk_present":1,"canopy":0.0,"comfort":0.0,"name":"","road_type":"footway","osm_id":1091975962}},{"type":"Feature","geometry":{"type":"LineString","coordinates":[[-84.50216171399188,33.731555424743135],[-84.50213420013318,33.73177179982878],[-84.50201369997222,33.73257489981182],[-84.50192640008328,33.73305340029424],[-84.50180299960869,33.733683000370206],[-84.50158799958649,33.73458199955968],[-84.50131429991495,33.73557470001242],[-84.50074000005094,33.73756279978346],[-84.50005330021958,33.73991369955763],[-84.49985320016503,33.74058789971184],[-84.49948930029092,33.741839700242],[-84.49924889981685,33.742660800155875],[-84.49898490023293,33.74354939958516],[-84.49881889977235,33.74413410010868]]},"properties":{"overall":30,"safety":91,"sidewalk":0,"sidewalk_present":0,"canopy":0.0,"comfort":0.0,"name":"Atlanta Bypass / The Perimeter","road_type":"motorway","osm_id":573750244}},{"type":"Feature","geometry":{"type":"LineString","coordinates":[[-84.50109970009106,33.738073799965946],[-84.50024199956857,33.737898299966616]]},"properties":{"overall":33,"safety":99,"sidewalk":0,"sidewalk_present":0,"canopy":0.0,"comfort":0.0,"name":"Benjamin E Mays Drive Southwest","road_type":"tertiary","osm_id":42004046}},{"type":"Feature","geometry":{"type":"LineString","coordinates":[[-84.46730239968593,33.732544900227026],[-84.46747689963917,33.73255980019468],[-84.46751400027085,33.73257770030068],[-84.4675331000725,33.73261249956727],[-84.46754139991566,33.732665199839175],[-84.46756769968954,33.73269199963613],[-84.46762270042723,33.73270989974213],[-84.46767050029331,33.73270490041085],[-84.46780329958256,33.7326707000928],[-84.46790689968361,33.732697700438564]]},"properties":{"overall":33,"safety":100,"sidewalk":0,"sidewalk_present":0,"canopy":0.0,"comfort":0.0,"name":"","road_type":"service","osm_id":729929050}},{"type":"Feature","geometry":{"type":"LineString","coordinates":[[-84.46930469975206,33.73465350015897],[-84.46935499973341,33.73458299960578],[-84.46991899966207,33.73343799986384],[-84.47020889972089,33.73284550041956],[-84.47028500035242,33.7326900004432]]},"properties":{"overall":33,"safety":100,"sidewalk":0,"sidewalk_present":0,"canopy":0.0,"comfort":0.0,"name":"Willis Mill Road Southwest","road_type":"residential","osm_id":79424663}},{"type":"Feature","geometry":{"type":"LineString","coordinates":[[-84.47193819978804,33.734795000389],[-84.47157200034752,33.734200999976224],[-84.47145799958696,33.73406900018426],[-84.47131800032543,33.73395700041527],[-84.47119099986469,33.73388199965461],[-84.47106999968071,33.733828999908496],[-84.46991899966207,33.73343799986384]]},"properties":{"overall":33,"safety":100,"sidewalk":0,"sidewalk_present":0,"canopy":0.0,"comfort":0.0,"name":"Chickadee Court Southwest","road_type":"residential","osm_id":9276665}},{"type":"Feature","geometry":{"type":"LineString","coordinates":[[-84.46845839993517,33.73465999955937],[-84.4687523001785,33.73432629981892]]},"properties":{"overall":33,"safety":100,"sidewalk":0,"sidewalk_present":0,"canopy":0.0,"comfort":0.0,"name":"","road_type":"service","osm_id":827262461}},{"type":"Feature","geometry":{"type":"LineString","coordinates":[[-84.4701847996887,33.73528970035943],[-84.47024620000207,33.7352435003873],[-84.47030699956832,33.735165600212326],[-84.47032820018626,33.735102199806704],[-84.47035240004317,33.73502130039276],[-84.47037070034753,33.73497249958126],[-84.47036479989555,33.734943900240864],[-84.47033919979418,33.73493899983504],[-84.4703143002647,33.73495489984879],[-84.4702901004078,33.734985299631944],[-84.47028210003884,33.73501460044349],[-84.4702901004078,33.73504679977003],[-84.47032820018626,33.735102199806704]]},"properties":{"overall":33,"safety":99,"sidewalk":0,"sidewalk_present":0,"canopy":0.0,"comfort":0.0,"name":"","road_type":"service","osm_id":905283381}},{"type":"Feature","geometry":{"type":"LineString","coordinates":[[-84.47034410020001,33.73475879997869],[-84.470336800403,33.734793500319824],[-84.47031599998337,33.73484280025508],[-84.47017099959191,33.73496219964585],[-84.47006259980907,33.73506209993599],[-84.4699952999431,33.735124699945004]]},"properties":{"overall":33,"safety":99,"sidewalk":0,"sidewalk_present":0,"canopy":0.0,"comfort":0.0,"name":"","road_type":"service","osm_id":905283382}},{"type":"Feature","geometry":{"type":"LineString","coordinates":[[-84.46857380004082,33.73563050024745],[-84.46896539993321,33.73523800013368],[-84.46930469975206,33.73465350015897]]},"properties":{"overall":33,"safety":100,"sidewalk":0,"sidewalk_present":0,"canopy":0.0,"comfort":0.0,"name":"Lionel Hampton Trail","road_type":"cycleway","osm_id":9273040}},{"type":"Feature","geometry":{"type":"LineString","coordinates":[[-84.47003000028423,33.735154999903386],[-84.4699886998186,33.735238900355],[-84.46998609987855,33.73531380039162],[-84.46998080017374,33.73539979986094],[-84.4699707997126,33.73545379965316],[-84.46995029966655,33.735491299583884],[-84.46992509976349,33.73551720005878],[-84.46988070023411,33.73554309963441],[-84.4698469001143,33.735549699758906],[-84.46982239988381,33.735541399915746]]},"properties":{"overall":33,"safety":100,"sidewalk":0,"sidewalk_present":0,"canopy":0.0,"comfort":0.0,"name":"","road_type":"service","osm_id":905283380}},{"type":"Feature","geometry":{"type":"LineString","coordinates":[[-84.46851270010097,33.735701499924346],[-84.46857380004082,33.73563050024745]]},"properties":{"overall":33,"safety":100,"sidewalk":0,"sidewalk_present":0,"canopy":0.0,"comfort":0.0,"name":"Lionel Hampton Trail","road_type":"cycleway","osm_id":230280489}},{"type":"Feature","geometry":{"type":"LineString","coordinates":[[-84.46845510032256,33.73575630011322],[-84.46851270010097,33.735701499924346]]},"properties":{"overall":33,"safety":100,"sidewalk":0,"sidewalk_present":0,"canopy":0.0,"comfort":0.0,"name":"Lionel Hampton Trail","road_type":"cycleway","osm_id":230280490}},{"type":"Feature","geometry":{"type":"LineString","coordinates":[[-84.47957769955116,33.734182300372936],[-84.47958700033973,33.733445000186634],[-84.47960700036276,33.73330299993353],[-84.47964300022426,33.73319300025679],[-84.47970500038542,33.733076000257256],[-84.47978699967024,33.73296799977345],[-84.47987600017723,33.73288100025803]]},"properties":{"overall":33,"safety":100,"sidewalk":0,"sidewalk_present":0,"canopy":0.0,"comfort":0.0,"name":"McKenzie Court Southwest","road_type":"residential","osm_id":9256479}},{"type":"Feature","geometry":{"type":"LineString","coordinates":[[-84.47553160020317,33.73341499970252],[-84.47547329985287,33.73344049997917],[-84.47543699961778,33.73344689955485],[-84.47540619963638,33.73344689955485],[-84.47535550035605,33.733426799707104],[-84.47528620039782,33.73340669985936],[-84.47523669991375,33.73340479959188],[-84.4751882003751,33.73341220011298],[-84.47511890041687,33.73345149958709],[-84.47507380031561,33.73350000002506],[-84.47500439963329,33.73358329972956],[-84.47496700042672,33.73362450037047],[-84.47494279967043,33.73364279977545]]},"properties":{"overall":33,"safety":100,"sidewalk":0,"sidewalk_present":0,"canopy":0.0,"comfort":0.0,"name":"","road_type":"service","osm_id":930675767}},{"type":"Feature","geometry":{"type":"LineString","coordinates":[[-84.47955840010007,33.73436419994795],[-84.4795862997679,33.73436689971271],[-84.47962679983692,33.734360199763444],[-84.47965599992443,33.734345699994094],[-84.47968389959226,33.73431680028017],[-84.47969599997037,33.73427969964848],[-84.4796940997029,33.7342568002112],[-84.47968169985052,33.73422889964405],[-84.47967159956465,33.734216599616445],[-84.47964920015045,33.73419899988397],[-84.47962419989688,33.73418800027605],[-84.47957769955116,33.734182300372936],[-84.47952009977274,33.73419959973177],[-84.47948740042318,33.73423050043732],[-84.47947649974066,33.734254999768496],[-84.47947399962533,33.73427670040945],[-84.47948240019258,33.73430979995737],[-84.47950049994807,33.734334400012585],[-84.47952269971279,33.734350999698904],[-84.47955840010007,33.73436419994795]]},"properties":{"overall":33,"safety":100,"sidewalk":0,"sidewalk_present":0,"canopy":0.0,"comfort":0.0,"name":"McKenzie Court Southwest","road_type":"residential","osm_id":243347091}},{"type":"Feature","geometry":{"type":"LineString","coordinates":[[-84.47644700032879,33.7354679999483],[-84.47691200018863,33.73547600031719],[-84.47724700034877,33.73551100013259],[-84.47763900043947,33.73558199980948],[-84.47783699967778,33.73560600001696],[-84.47867899983595,33.735627000086026],[-84.47900499958104,33.735613000339754],[-84.47950900034004,33.73554499990189],[-84.4797109997628,33.735529000063366],[-84.48084299980457,33.73554099971739]]},"properties":{"overall":45,"safety":99,"sidewalk":0,"sidewalk_present":0,"canopy":37.4,"comfort":56.7,"name":"Harrington Place Southwest","road_type":"residential","osm_id":9261415}},{"type":"Feature","geometry":{"type":"LineString","coordinates":[[-84.47477420016918,33.73818760017764],[-84.47517969998313,33.7376333003366],[-84.47568820005034,33.73720149984939],[-84.47577499991627,33.73694370019166],[-84.47552569975119,33.73633939984347],[-84.47522470025967,33.73597509977111],[-84.47435259979261,33.73573909967973],[-84.47412209995491,33.73585580020506],[-84.4739223002739,33.736321399912754],[-84.47385479985911,33.737151500241566],[-84.47363590037645,33.7379460998327],[-84.4738199996932,33.73855340031923],[-84.47428930011108,33.739085899694544]]},"properties":{"overall":33,"safety":100,"sidewalk":0,"sidewalk_present":0,"canopy":0.0,"comfort":0.0,"name":"","road_type":"path","osm_id":1189533853}},{"type":"Feature","geometry":{"type":"LineString","coordinates":[[-84.47774469955817,33.73653639993495],[-84.47779760037889,33.73653270012409],[-84.47782259973314,33.73652159979207],[-84.4778445000236,33.73650350003658],[-84.4778608002357,33.73647510034567],[-84.47786330035098,33.73646440021196],[-84.47786330035098,33.736443300318115],[-84.47784860003281,33.736409000175286],[-84.47782740031425,33.736389000152315],[-84.47779959957182,33.73637539970497],[-84.47774609980263,33.736370900396764],[-84.47771570001953,33.73637949971419],[-84.47769190036087,33.73639400038286],[-84.47767350023179,33.73641479990317],[-84.47766640008427,33.736429100022974],[-84.47766199970147,33.736454799949115],[-84.4776669001073,33.736479599653876],[-84.47768709977981,33.73650919993969],[-84.47770380019017,33.73652180034088],[-84.47772180012095,33.73653039965825],[-84.47774469955817,33.73653639993495]]},"properties":{"overall":48,"safety":100,"sidewalk":0,"sidewalk_present":0,"canopy":42.9,"comfort":58.1,"name":"Peyton Crossing Drive Southwest","road_type":"residential","osm_id":243347094}},{"type":"Feature","geometry":{"type":"LineString","coordinates":[[-84.48076790011845,33.73671299980515],[-84.47786330035098,33.73646440021196]]},"properties":{"overall":42,"safety":100,"sidewalk":0,"sidewalk_present":0,"canopy":25.2,"comfort":50.7,"name":"Peyton Crossing Drive Southwest","road_type":"residential","osm_id":243347093}},{"type":"Feature","geometry":{"type":"LineString","coordinates":[[-84.48073250010475,33.737392100365184],[-84.48056949978258,33.73739409955812],[-84.480492999852,33.73739220018996],[-84.48027680013416,33.73735100044837],[-84.47986249955466,33.737279800222666],[-84.47981750017743,33.73728729966922],[-84.47973869978114,33.73745959988071],[-84.47969819971212,33.73757569965886],[-84.47969359967982,33.73763369963558],[-84.47972520005789,33.737667399930615],[-84.47991429960518,33.7377085996722],[-84.48002239991376,33.737721700096415],[-84.48013500042987,33.73771049993968],[-84.48061009967631,33.7377853999763],[-84.48071090018783,33.737805900022295]]},"properties":{"overall":33,"safety":98,"sidewalk":0,"sidewalk_present":0,"canopy":0.0,"comfort":0.0,"name":"","road_type":"service","osm_id":718304314}},{"type":"Feature","geometry":{"type":"LineString","coordinates":[[-84.47529410004262,33.73822779987313],[-84.47529639960914,33.73825930042642],[-84.47531129957679,33.73828829996512],[-84.47533710022697,33.73831149977593],[-84.4753706997979,33.738326100269376],[-84.47540829955335,33.738330499752806],[-84.47544550000976,33.7383242000019],[-84.47546369959002,33.73831499993736],[-84.4754778998851,33.73830789978979],[-84.4755004000234,33.738285600200356],[-84.47551350044768,33.73825859985453],[-84.47551589983885,33.73822960031583],[-84.4755074003462,33.73820140027448],[-84.47548879966831,33.73817680021921],[-84.47546190004664,33.73815820044064],[-84.47542940034651,33.738147399582886],[-84.47539450035589,33.738145600039445],[-84.47535789974722,33.73815380005789],[-84.47532669956752,33.738171799988606],[-84.47530459962752,33.73819740008997],[-84.47529410004262,33.73822779987313]]},"properties":{"overall":33,"safety":100,"sidewalk":0,"sidewalk_present":0,"canopy":0.0,"comfort":0.0,"name":"Cativo Drive Southwest","road_type":"residential","osm_id":1473744442}},{"type":"Feature","geometry":{"type":"LineString","coordinates":[[-84.47911180036925,33.73906500034951],[-84.47926619957542,33.738986699976294]]},"properties":{"overall":32,"safety":96,"sidewalk":0,"sidewalk_present":0,"canopy":0.0,"comfort":0.0,"name":"Peyton Road Southwest","road_type":"tertiary","osm_id":230252940}},{"type":"Feature","geometry":{"type":"LineString","coordinates":[[-84.46327280019955,33.734995200268315],[-84.4632647998306,33.73506209993599],[-84.46343309985764,33.735171399940214],[-84.46346730017575,33.73525840035495],[-84.46347469979753,33.7353782997688],[-84.46346389983904,33.73546079997601],[-84.46339090006995,33.73550149969452],[-84.46328360015798,33.735502100441636]]},"properties":{"overall":46,"safety":95,"sidewalk":0,"sidewalk_present":0,"canopy":43.2,"comfort":62.6,"name":"","road_type":"service","osm_id":562696937}},{"type":"Feature","geometry":{"type":"LineString","coordinates":[[-84.46359870011986,33.7352499997877],[-84.46357059990322,33.73529690033172],[-84.46358930040583,33.73537939963961],[-84.46395280008164,33.73560020028907],[-84.46405010043173,33.73561429986012]]},"properties":{"overall":33,"safety":100,"sidewalk":0,"sidewalk_present":0,"canopy":0.0,"comfort":0.0,"name":"","road_type":"service","osm_id":562696938}},{"type":"Feature","geometry":{"type":"LineString","coordinates":[[-84.46328360015798,33.735502100441636],[-84.46311790007098,33.73539889963956]]},"properties":{"overall":40,"safety":93,"sidewalk":0,"sidewalk_present":0,"canopy":26.7,"comfort":56.1,"name":"","road_type":"service","osm_id":562696936}},{"type":"Feature","geometry":{"type":"LineString","coordinates":[[-84.46359870011986,33.7352499997877],[-84.46402520000294,33.73551319987433]]},"properties":{"overall":33,"safety":100,"sidewalk":0,"sidewalk_present":0,"canopy":0.0,"comfort":0.0,"name":"","road_type":"service","osm_id":562696940}},{"type":"Feature","geometry":{"type":"LineString","coordinates":[[-84.46402520000294,33.73551319987433],[-84.46405010043173,33.73561429986012],[-84.46410699963826,33.73584560009442]]},"properties":{"overall":45,"safety":100,"sidewalk":0,"sidewalk_present":0,"canopy":35.4,"comfort":60.9,"name":"","road_type":"service","osm_id":562696939}},{"type":"Feature","geometry":{"type":"LineString","coordinates":[[-84.46114639998632,33.736275199940565],[-84.46117810018916,33.73626349976075],[-84.46120339991694,33.736243899936085],[-84.46121979995377,33.7362186002083],[-84.46122540003216,33.736190099793305],[-84.46121960030428,33.73616170010246],[-84.46120299971864,33.73613640037462],[-84.46117739961727,33.73611700019944],[-84.46114559958971,33.73610549966912],[-84.46111109979739,33.73610329992738],[-84.4610775002264,33.73611040007495],[-84.46104859961315,33.736126300088756],[-84.46102739989453,33.736149099701265],[-84.46101629956252,33.73617640042062],[-84.46101650011133,33.736205200309826],[-84.46102780009284,33.736232400305084],[-84.46104920036026,33.73625510009282],[-84.46107829972374,33.73627069973304],[-84.461111900194,33.73627770005584],[-84.46114639998632,33.736275199940565]]},"properties":{"overall":33,"safety":100,"sidewalk":0,"sidewalk_present":0,"canopy":0.0,"comfort":0.0,"name":"","road_type":"residential","osm_id":908254355}},{"type":"Feature","geometry":{"type":"LineString","coordinates":[[-84.46288680038549,33.737725800105636],[-84.46290790027933,33.73766160020273],[-84.46299739991002,33.737414800152976],[-84.46304119959166,33.73731609955843],[-84.46308180038477,33.73726939956322],[-84.46313590000176,33.737223499964614],[-84.46318899957265,33.737163700444455],[-84.4632462998768,33.73712740020943],[-84.46348370021258,33.73704509965165],[-84.46363679989838,33.73700609965181],[-84.46377210020222,33.73700349971182],[-84.46395230005857,33.737010500034614],[-84.46408350035324,33.73698969961498],[-84.46420220007144,33.73695329955518],[-84.46433860024615,33.736883999596955],[-84.46444480028725,33.736786200123106],[-84.46454269958588,33.73666500028958],[-84.46458850025903,33.73657399969039],[-84.46459990006531,33.73651339977363],[-84.46458540029596,33.736458899958336],[-84.46450309973824,33.73626580022653],[-84.46445520004738,33.736156699871856],[-84.46443229971084,33.73607269959547],[-84.4644280998769,33.735968800020146],[-84.46443019979387,33.73587869964234],[-84.46441360010755,33.73580600024678],[-84.464375000306,33.73570209977214],[-84.46434690008931,33.735625900215155],[-84.46433030040299,33.73555140037689],[-84.46422200044492,33.73540070008232],[-84.4640344998922,33.73521020029057],[-84.46391270021093,33.735074300138876],[-84.46385649977759,33.735030100258996],[-84.46375649966268,33.734991100259094],[-84.46369930008257,33.734929699945724],[-84.46365140039177,33.73491060014413],[-84.463617999571,33.73487599962772],[-84.46358470037359,33.734801499789455],[-84.46356079999089,33.73475650041223],[-84.46351600026316,33.73473999965131],[-84.46344799982529,33.73473700041228]]},"properties":{"overall":67,"safety":100,"sidewalk":100,"sidewalk_present":1,"canopy":0.0,"comfort":0.0,"name":"","road_type":"path","osm_id":1118096571}},{"type":"Feature","geometry":{"type":"LineString","coordinates":[[-84.46121979995377,33.7362186002083],[-84.46164400027038,33.73631500033707],[-84.46181900024663,33.73637899969111],[-84.46198499980784,33.73645699969086]]},"properties":{"overall":33,"safety":99,"sidewalk":0,"sidewalk_present":0,"canopy":0.0,"comfort":0.0,"name":"Fleetwood Court Southwest","road_type":"residential","osm_id":9252412}},{"type":"Feature","geometry":{"type":"LineString","coordinates":[[-84.46715719964499,33.73702630022365],[-84.46701709965936,33.73695710009014],[-84.46689100031938,33.73690990007191],[-84.46674979956356,33.736884700168844],[-84.46666149962846,33.73687629960159],[-84.46657450011304,33.73687529955549],[-84.46647609989208,33.73687629960159],[-84.46635499988332,33.73686789993371],[-84.46623399969928,33.73684379990152],[-84.46613179984263,33.7368217997863],[-84.46604730044254,33.7368103001553],[-84.46597040031367,33.736828100436526],[-84.46590859980199,33.73685850021968],[-84.46582790003754,33.736925600436166],[-84.46574589985335,33.73698120012233],[-84.46567280025948,33.737013699822455],[-84.46560970022745,33.73702630022365],[-84.46549499979437,33.737025200352775],[-84.46540290022364,33.737021100343554],[-84.46527679998428,33.73703679980849],[-84.46510399974977,33.73709660022797],[-84.46481649998145,33.737219300130675],[-84.4643460996927,33.73736920002864],[-84.46415569972572,33.73744050007906],[-84.4640876003624,33.73748460013422],[-84.4640144000445,33.73757690025377],[-84.4639210998788,33.73766499964006],[-84.46379120000381,33.73776559960277],[-84.46367400035479,33.737829599856184],[-84.46354780029071,33.73788199975456],[-84.46336250037905,33.73794290004486],[-84.46320360006604,33.73798059962502],[-84.46307370019105,33.73800469965721],[-84.46293870026079,33.73805510036266],[-84.46276849996627,33.738139999961106],[-84.46269860016025,33.738173399882555],[-84.46263230034037,33.73820510008534],[-84.46235740007393,33.73838119993246],[-84.46222240014362,33.73845359985381],[-84.4621455000148,33.738505999752135],[-84.46201560013981,33.73863400025897],[-84.46186179988212,33.73876299991258],[-84.46174699962427,33.738837399926126],[-84.46167259961072,33.738867799709226],[-84.46159289989237,33.738867799709226]]},"properties":{"overall":67,"safety":100,"sidewalk":100,"sidewalk_present":1,"canopy":0.0,"comfort":0.0,"name":"Lionel Hampton Trail","road_type":"cycleway","osm_id":352907258}},{"type":"Feature","geometry":{"type":"LineString","coordinates":[[-84.46226300003741,33.735230999810824],[-84.4622710004063,33.735771000431384],[-84.46224900029108,33.73594300026929],[-84.46215499955355,33.736191000014685],[-84.46198499980784,33.73645699969086],[-84.46178699967027,33.736743000289266],[-84.46165199973996,33.73687199994288],[-84.46151100043227,33.73696099955055],[-84.46121000004143,33.73708299978068],[-84.46110999992652,33.737145999987945],[-84.46103900024963,33.73721300037971],[-84.46096599958116,33.7373260001948],[-84.46091399988114,33.737531999802],[-84.4608759999274,33.73760200033212],[-84.46081899999683,33.737665999686214],[-84.46074099999714,33.73772299961678],[-84.4605920003205,33.7377809995935],[-84.46043800041338,33.7377859998241],[-84.46030299958375,33.737732000031826],[-84.4602360000913,33.73767900028571],[-84.46017199983788,33.737600000239865],[-84.46015099976881,33.73755199982497],[-84.46010300025324,33.73681099982781],[-84.46004000004592,33.73642500001381],[-84.45996300009233,33.73606000026882],[-84.45989699974672,33.735330999925736],[-84.4599409999771,33.734089000207234]]},"properties":{"overall":33,"safety":100,"sidewalk":0,"sidewalk_present":0,"canopy":0.0,"comfort":0.0,"name":"Fleetwood Circle Southwest","road_type":"residential","osm_id":9253136}},{"type":"Feature","geometry":{"type":"LineString","coordinates":[[-84.47050110024554,33.73556509974958],[-84.47045989960463,33.73561959956493],[-84.4704396001074,33.73568299997055],[-84.47041009964636,33.73581420026517],[-84.47038560031518,33.73588240035252],[-84.47036429987253,33.735925100163286]]},"properties":{"overall":33,"safety":100,"sidewalk":0,"sidewalk_present":0,"canopy":0.0,"comfort":0.0,"name":"","road_type":"service","osm_id":890785337}},{"type":"Feature","geometry":{"type":"LineString","coordinates":[[-84.47530459962752,33.73819740008997],[-84.47522070007523,33.73815149959211],[-84.47511340016325,33.73810929980442],[-84.47504090041718,33.738106900413186],[-84.47489459960605,33.73813100044538],[-84.47477420016918,33.73818760017764],[-84.47470319959297,33.73824550032964],[-84.47466840032638,33.73831540013566],[-84.47465679997129,33.73843709999221],[-84.47470469966214,33.738575699908665],[-84.4747553998418,33.738711900433884],[-84.47474669980033,33.73881920034586],[-84.47467279980981,33.73891559957531],[-84.47456259958426,33.73896379963969],[-84.47437130029522,33.739010899833204],[-84.47428930011108,33.739085899694544],[-84.47424229974229,33.73912899970361],[-84.47414229962737,33.73927359989676],[-84.47394230029687,33.739412199813216],[-84.47374509965658,33.739495399693],[-84.47355530043671,33.73954600004794],[-84.47340739973168,33.73955930012164],[-84.47311169994498,33.739495399693],[-84.47284940007972,33.73942909987312],[-84.47264789978072,33.7393652003438],[-84.47245949990594,33.73926999991062],[-84.47240330037198,33.7392184004089],[-84.47234790033531,33.739167499680434],[-84.4721710999163,33.739085600220335],[-84.47198699970022,33.738899999935086],[-84.47181740015287,33.738726400203234],[-84.47156380032908,33.738620299986906],[-84.47135650030219,33.73851550019026],[-84.47123330037647,33.73843109971551],[-84.4711535997588,33.73833590018171],[-84.47105790020191,33.73829130010347],[-84.47080709996766,33.73831180014952],[-84.47053469981648,33.738349100430696],[-84.47042300042108,33.73834550044455],[-84.4702374999606,33.73829249979906],[-84.47002879968932,33.738197300265256],[-84.46983019970389,33.73805139965242],[-84.46969979980588,33.73787660022498],[-84.4696330997877,33.73772959974127],[-84.4694620999959,33.73750899964068],[-84.46935339983952,33.7373306002271],[-84.46921710038885,33.737090799600765],[-84.46907800044931,33.73693650021937],[-84.46886060013657,33.73683399998919],[-84.46872140037232,33.736779799648104],[-84.46855620030834,33.73677740025687],[-84.46838220037819,33.736870200399494],[-84.46823589956705,33.73687140009508],[-84.4680546996646,33.73683399998919],[-84.46793869971117,33.73678699962039],[-84.46775029983644,33.73669060039094],[-84.46757670010459,33.73662159990698]]},"properties":{"overall":33,"safety":100,"sidewalk":0,"sidewalk_present":0,"canopy":0.0,"comfort":0.0,"name":"","road_type":"path","osm_id":352907364}},{"type":"Feature","geometry":{"type":"LineString","coordinates":[[-84.4671843996403,33.74389209974066],[-84.46743639957015,33.74372789972284],[-84.46764199987837,33.743396600272945],[-84.46769179983664,33.74300110002082],[-84.46726060009655,33.742809600182966],[-84.46702739959477,33.742651899565544],[-84.46713020019854,33.742446200331926],[-84.46765689984602,33.74200469975716],[-84.46772109974893,33.741688300274916],[-84.46744949999442,33.74141769966718],[-84.46712390044763,33.74087419978457],[-84.46698459995929,33.740505900427024],[-84.46711089984814,33.740255600215846],[-84.46776359991014,33.74037399956046],[-84.4681606002315,33.74009920001811],[-84.46864240032647,33.740112099893565],[-84.46922140004756,33.7403178000265],[-84.46951830042917,33.740035299589465],[-84.46932740043917,33.73968350009352],[-84.4691536001585,33.7392884000397],[-84.4694735996269,33.739166800007865],[-84.47030269990961,33.73911740024789],[-84.47038730003385,33.73896939971809],[-84.4696750999259,33.738778999751105],[-84.46955580035984,33.7383954002276],[-84.46904029996983,33.73799300037672],[-84.4682314002589,33.737510499709856],[-84.46777449969335,33.73715689977115],[-84.46793869971117,33.73678699962039]]},"properties":{"overall":33,"safety":100,"sidewalk":0,"sidewalk_present":0,"canopy":0.0,"comfort":0.0,"name":"","road_type":"path","osm_id":1189535193}},{"type":"Feature","geometry":{"type":"LineString","coordinates":[[-84.47051700025929,33.749103000103446],[-84.47054099956745,33.74800900001537],[-84.47052899991337,33.747745999578285],[-84.47048799982127,33.74738199987945],[-84.47049800028248,33.74586199993138],[-84.47051400012094,33.74369499982441],[-84.47055100002859,33.74350600010189],[-84.47061000005141,33.743385999964005],[-84.47069699956683,33.743277000333364],[-84.47116899974952,33.742863000127386],[-84.47165699977069,33.74242799985234],[-84.47174800036987,33.74231500003725],[-84.47201800023049,33.7419149995776],[-84.47214399974575,33.741783999831796],[-84.47227799962997,33.74169500022413],[-84.47268200027406,33.741497000086554],[-84.47285300006587,33.741399000063836],[-84.47350499955604,33.74090599981207],[-84.47367100001662,33.740822000435],[-84.47385300031567,33.74076799974347],[-84.47451800040534,33.74071099981285],[-84.47474900026612,33.74065299983613],[-84.47494100012699,33.74055199967512],[-84.47539799961794,33.74022599993003],[-84.47549300040163,33.74014299969974],[-84.47559299961722,33.74000799976943],[-84.47565199964004,33.7398559999545],[-84.47566600028563,33.739753999747336],[-84.47566800037788,33.73942199972555],[-84.47564800035491,33.739256000164346],[-84.47552700017087,33.73879499958963],[-84.4755130004246,33.7383950000293],[-84.47546369959002,33.73831499993736]]},"properties":{"overall":48,"safety":99,"sidewalk":0,"sidewalk_present":0,"canopy":45.2,"comfort":56.9,"name":"Cativo Drive Southwest","road_type":"residential","osm_id":9265189}},{"type":"Feature","geometry":{"type":"LineString","coordinates":[[-84.47054099956745,33.742340000290824],[-84.47001069993382,33.74208979990442],[-84.47016519986403,33.741948500223145],[-84.46989129964373,33.74180690016834],[-84.46947590009268,33.7420346004165],[-84.46900899996535,33.742099199618394],[-84.4684804000504,33.743222899817],[-84.46818909974712,33.743415700074536],[-84.46813550015315,33.743000799647234],[-84.46792629985879,33.742811000427366],[-84.46769179983664,33.74300110002082]]},"properties":{"overall":33,"safety":100,"sidewalk":0,"sidewalk_present":0,"canopy":0.0,"comfort":0.0,"name":"Cativo Dr Connector Trail","road_type":"path","osm_id":1289214565}},{"type":"Feature","geometry":{"type":"LineString","coordinates":[[-84.46955299987098,33.74326120014433],[-84.46955919979717,33.74323159985852],[-84.46954029964508,33.74317710004317],[-84.46951590013862,33.743154699729644],[-84.46948679987588,33.743140399609786],[-84.46943670044334,33.74313340018631],[-84.46938590043891,33.74314570021397],[-84.46935020005168,33.74317159978955],[-84.46933129989952,33.7432029996188],[-84.46933520025925,33.74326630019965],[-84.46936350012538,33.74330060034248],[-84.46938639956267,33.74331440043926],[-84.46942129955329,33.74332499984894],[-84.4694550996731,33.74332609971975],[-84.46951149975587,33.74330809978903],[-84.46955299987098,33.74326120014433]]},"properties":{"overall":33,"safety":100,"sidewalk":0,"sidewalk_present":0,"canopy":0.0,"comfort":0.0,"name":"Dogwood Court Southwest","road_type":"residential","osm_id":9269486}},{"type":"Feature","geometry":{"type":"LineString","coordinates":[[-84.46955299987098,33.74326120014433],[-84.47055100002859,33.74350600010189]]},"properties":{"overall":33,"safety":100,"sidewalk":0,"sidewalk_present":0,"canopy":0.0,"comfort":0.0,"name":"Dogwood Court Southwest","road_type":"residential","osm_id":243347357}},{"type":"Feature","geometry":{"type":"LineString","coordinates":[[-84.47198100032284,33.74894590023314],[-84.47179399979319,33.74822700017597],[-84.47173799990873,33.74783900026972],[-84.47174100004707,33.74617099979184],[-84.47177799995472,33.745933999654426],[-84.47193109964047,33.74521220018295],[-84.47190510024012,33.74469169956234],[-84.47192770020314,33.744600699862474],[-84.4720663001196,33.744483600038166],[-84.47226619962538,33.74444479968781],[-84.47273530039377,33.74445809976157],[-84.47286589994127,33.74448850044399],[-84.47303150020355,33.744587299963996]]},"properties":{"overall":49,"safety":100,"sidewalk":0,"sidewalk_present":0,"canopy":48.3,"comfort":57.0,"name":"Harris Manor Drive Southwest","road_type":"residential","osm_id":9252230}},{"type":"Feature","geometry":{"type":"LineString","coordinates":[[-84.47303150020355,33.744587299963996],[-84.47300209956722,33.74461800012068],[-84.47298909986705,33.74465569970084],[-84.47299439957186,33.74469469970069],[-84.4730172999084,33.74472899984352],[-84.47305419999128,33.744753400249294],[-84.47309949974209,33.744764200207726],[-84.47314629956202,33.744759799824976],[-84.4731876000277,33.7447407998481],[-84.4732169997647,33.74471009969142],[-84.4732300003642,33.744672400111256],[-84.47322469976007,33.74463349993613],[-84.47320180032278,33.7445991997933],[-84.47316490023991,33.744574699562804],[-84.47311959958984,33.744563899604316],[-84.47307269994513,33.74456829998712],[-84.47303150020355,33.744587299963996]]},"properties":{"overall":33,"safety":100,"sidewalk":0,"sidewalk_present":0,"canopy":0.0,"comfort":0.0,"name":"Harris Manor Drive Southwest","road_type":"residential","osm_id":331459618}},{"type":"Feature","geometry":{"type":"LineString","coordinates":[[-84.46886739991055,33.74534570004408],[-84.46888560039008,33.74536820018233],[-84.46890549968901,33.74538260012696],[-84.46894530008547,33.74539690024682],[-84.4689725999055,33.745399099988504],[-84.46900649985002,33.74539390010847],[-84.46904049961933,33.74537829956893],[-84.46907369989128,33.74534169985964],[-84.46908230010803,33.74531320034396],[-84.46908110041244,33.74528899958773],[-84.46906499984982,33.745254399970634],[-84.46903999959625,33.74523129998454],[-84.4690182000299,33.74521990017831],[-84.46897829980867,33.745211100312076],[-84.4689422001224,33.74521360042735],[-84.46890949987346,33.74522510005835],[-84.46889180031627,33.74523640003986],[-84.46887619977679,33.745251600381096],[-84.46885709997514,33.74529320032099],[-84.46885810002124,33.74532190038542],[-84.46886739991055,33.74534570004408]]},"properties":{"overall":36,"safety":100,"sidewalk":0,"sidewalk_present":0,"canopy":7.0,"comfort":39.8,"name":"","road_type":"residential","osm_id":243347362}},{"type":"Feature","geometry":{"type":"LineString","coordinates":[[-84.46280930040882,33.73789729992052],[-84.46288680038549,33.737725800105636]]},"properties":{"overall":67,"safety":100,"sidewalk":100,"sidewalk_present":1,"canopy":0.0,"comfort":0.0,"name":"","road_type":"path","osm_id":1157440822}},{"type":"Feature","geometry":{"type":"LineString","coordinates":[[-84.46269860016025,33.738173399882555],[-84.46275069968499,33.7380347999661],[-84.46280930040882,33.73789729992052]]},"properties":{"overall":67,"safety":100,"sidewalk":100,"sidewalk_present":1,"canopy":0.0,"comfort":0.0,"name":"","road_type":"path","osm_id":1157440821}},{"type":"Feature","geometry":{"type":"LineString","coordinates":[[-84.46141770026662,33.738849000281164],[-84.46111009975124,33.73877760040597],[-84.46094489968732,33.738741999843455],[-84.46083649990453,33.738725199608325],[-84.46068140012648,33.73871789981126],[-84.46053260009938,33.73871889985742],[-84.46036859973105,33.73871679994039],[-84.46019840033586,33.738693699954354],[-84.46003690008286,33.73866440004207],[-84.45973679991334,33.73864449984387],[-84.45943159968851,33.738599399742554],[-84.45933830042219,33.73858780028678],[-84.4592374000859,33.73858570036981],[-84.45913270011397,33.738595199908616],[-84.45904950023419,33.73863610017594],[-84.45892470041457,33.73873360017558],[-84.45883889969542,33.73879339969568],[-84.45878720036899,33.738820599690996],[-84.45873049991258,33.738830100129064],[-84.45861190001915,33.73882169956181],[-84.4584781996092,33.73881749972787],[-84.45824109964701,33.73883639988003],[-84.4580531997953,33.73884790041035],[-84.45789690032166,33.738854200161256],[-84.45768999959375,33.73885210024429],[-84.45734199973344,33.738845799594],[-84.45701409972088,33.73883110017516],[-84.4568055999984,33.738839499843095],[-84.45648399973675,33.73887200044254]]},"properties":{"overall":67,"safety":100,"sidewalk":100,"sidewalk_present":1,"canopy":0.0,"comfort":0.0,"name":"Lionel Hampton Trail","road_type":"cycleway","osm_id":1409906180}},{"type":"Feature","geometry":{"type":"LineString","coordinates":[[-84.46159289989237,33.738867799709226],[-84.46141770026662,33.738849000281164]]},"properties":{"overall":33,"safety":100,"sidewalk":0,"sidewalk_present":0,"canopy":0.0,"comfort":0.0,"name":"Lionel Hampton Trail","road_type":"cycleway","osm_id":1409906181}},{"type":"Feature","geometry":{"type":"LineString","coordinates":[[-84.4670128000007,33.74494929957058],[-84.46711470038309,33.74449869965531],[-84.4671843996403,33.74389209974066],[-84.46709330011566,33.74353970039692],[-84.46703149960399,33.74335479978424],[-84.46687870029177,33.742897300270215],[-84.46666470031562,33.74216639965965],[-84.46658899988239,33.7413584001701],[-84.46656220008543,33.739904200018884],[-84.46658360035286,33.737803100432814],[-84.4667714003798,33.73740159990399],[-84.46705029993137,33.737129400301626],[-84.46715719964499,33.73702630022365],[-84.46757670010459,33.73662159990698],[-84.46798910041662,33.736223899913114],[-84.46832709981578,33.73588479974376],[-84.46845510032256,33.73575630011322]]},"properties":{"overall":33,"safety":100,"sidewalk":0,"sidewalk_present":0,"canopy":0.0,"comfort":0.0,"name":"Lionel Hampton Trail","road_type":"cycleway","osm_id":79424672}},{"type":"Feature","geometry":{"type":"LineString","coordinates":[[-84.45911749977273,33.74491009992124],[-84.45983780007435,33.74452260003801],[-84.46043639962011,33.74411739969827],[-84.46091830043918,33.74365049957095],[-84.4610349002404,33.74352719982045],[-84.46128380020718,33.74319690041665],[-84.46125729988444,33.7426772001927],[-84.46115140021692,33.742131100370045],[-84.46105600013425,33.74185360016355],[-84.46096599958116,33.741483600188076],[-84.46082300018128,33.74085819994605],[-84.46066939957308,33.74028559980064],[-84.46051579986425,33.739915699649885],[-84.46045159996135,33.7391397996621],[-84.46111009975124,33.73877760040597]]},"properties":{"overall":60,"safety":100,"sidewalk":0,"sidewalk_present":0,"canopy":80.7,"comfort":77.6,"name":"","road_type":"track","osm_id":444289383}},{"type":"Feature","geometry":{"type":"LineString","coordinates":[[-84.46345159981144,33.743539900046414],[-84.4635007000972,33.7433751001808],[-84.46349209988045,33.743154599904926],[-84.46307999994201,33.742287100369424]]},"properties":{"overall":33,"safety":100,"sidewalk":0,"sidewalk_present":0,"canopy":0.0,"comfort":0.0,"name":"","road_type":"track","osm_id":743349470}},{"type":"Feature","geometry":{"type":"LineString","coordinates":[[-84.45067480020185,33.741082800231084],[-84.45168120002734,33.74130300013343],[-84.45231149977587,33.74136030043758],[-84.45361439978467,33.74144839982387],[-84.45481669983081,33.74160249955577],[-84.45561119959717,33.74183160004833],[-84.45660700001298,33.742020900144496],[-84.45733789972428,33.74206939968309],[-84.45806880033484,33.74197689991405],[-84.45853490006556,33.74206500019966],[-84.45865669974688,33.7423336996406],[-84.45873619981575,33.742611100022316],[-84.45899040038665,33.742756499712755],[-84.45945120041256,33.74295470039914],[-84.45954120006627,33.74326740007052],[-84.4595147995683,33.743628500355044],[-84.45957829979864,33.743835500008345],[-84.46006030044248,33.74383990039115],[-84.46062170043109,33.74367260041021],[-84.4610349002404,33.74352719982045],[-84.46132089993955,33.74355360031848],[-84.46162810025658,33.743734200373126],[-84.46191939966053,33.74398530008159],[-84.46207059997818,33.744028200441164],[-84.46236960027682,33.74411300021484],[-84.46274559962967,33.74396320014165],[-84.4633335997658,33.74361530010606],[-84.46345159981144,33.743539900046414],[-84.46369899970904,33.743381899954784],[-84.46427100000659,33.74310439974829],[-84.46457300044358,33.74283570030735],[-84.46470540043384,33.74254509967665],[-84.4646948001249,33.7421046000473],[-84.46492250037306,33.74179190037597],[-84.46488010003657,33.74146599955628],[-84.4647370997373,33.741285400400955]]},"properties":{"overall":59,"safety":100,"sidewalk":0,"sidewalk_present":0,"canopy":77.2,"comfort":78.0,"name":"","road_type":"track","osm_id":444289384}},{"type":"Feature","geometry":{"type":"LineString","coordinates":[[-84.46207059997818,33.744028200441164],[-84.46176489973033,33.744400099784855]]},"properties":{"overall":33,"safety":100,"sidewalk":0,"sidewalk_present":0,"canopy":0.0,"comfort":0.0,"name":"","road_type":"track","osm_id":743349471}},{"type":"Feature","geometry":{"type":"LineString","coordinates":[[-84.46678209961419,33.746532799748934],[-84.46684650006591,33.7457299003147],[-84.46690550008873,33.74535959996564],[-84.4670128000007,33.74494929957058]]},"properties":{"overall":53,"safety":100,"sidewalk":0,"sidewalk_present":0,"canopy":58.8,"comfort":63.8,"name":"Willis Mill Road Southwest","road_type":"residential","osm_id":79424662}},{"type":"Feature","geometry":{"type":"LineString","coordinates":[[-84.47751879975277,33.74322050042582],[-84.47768680030555,33.743247800245854],[-84.47775090038368,33.74325820000598],[-84.4780904996768,33.743404200443536],[-84.4781512003176,33.743436399770076]]},"properties":{"overall":33,"safety":100,"sidewalk":0,"sidewalk_present":0,"canopy":0.0,"comfort":0.0,"name":"","road_type":"service","osm_id":729888612}},{"type":"Feature","geometry":{"type":"LineString","coordinates":[[-84.47054099956745,33.742340000290824],[-84.47116899974952,33.742863000127386],[-84.47146700000201,33.743109999826686],[-84.47157599963265,33.74318399964193],[-84.47176100007005,33.74327000001057],[-84.47194999979263,33.743320999664434],[-84.4721469998841,33.74333999964131],[-84.47387599957767,33.74335100014861],[-84.47455500031299,33.743354000286956],[-84.47479199955109,33.74331899957224],[-84.47491299973512,33.743279999572394],[-84.47502500040343,33.743227999872374],[-84.4754650000097,33.74295099968896],[-84.47559499970941,33.742903000173385],[-84.47574600037757,33.742871999643114],[-84.47587299993899,33.74286500021964],[-84.47654019977034,33.742875200330275],[-84.47753180035227,33.74289039977219],[-84.47916899994937,33.742908999550764]]},"properties":{"overall":48,"safety":96,"sidewalk":0,"sidewalk_present":0,"canopy":48.3,"comfort":58.1,"name":"Peyton Woods Trail Southwest","road_type":"residential","osm_id":9268957}},{"type":"Feature","geometry":{"type":"LineString","coordinates":[[-84.47753180035227,33.74289039977219],[-84.47752739996952,33.743128399955765],[-84.47751879975277,33.74322050042582],[-84.47750739994649,33.743341899908785],[-84.47745800018652,33.743589799829465],[-84.47736210008082,33.74398570027989],[-84.47722900041799,33.74413519997955]]},"properties":{"overall":33,"safety":100,"sidewalk":0,"sidewalk_present":0,"canopy":0.0,"comfort":0.0,"name":"Hope Court Southwest","road_type":"residential","osm_id":9258181}},{"type":"Feature","geometry":{"type":"LineString","coordinates":[[-84.47722900041799,33.74413519997955],[-84.47712300002638,33.74397839958351],[-84.47700979966248,33.74389149989287],[-84.47688409962149,33.74380770016529],[-84.47677619986172,33.743778199704195]]},"properties":{"overall":33,"safety":100,"sidewalk":0,"sidewalk_present":0,"canopy":0.0,"comfort":0.0,"name":"","road_type":"service","osm_id":869981138}},{"type":"Feature","geometry":{"type":"LineString","coordinates":[[-84.47890600041154,33.74437399966041],[-84.4788236000291,33.74435349961436],[-84.47871759963749,33.74429499961457],[-84.47866319964692,33.74427229982683],[-84.47859179977172,33.74426059964702],[-84.47841639959711,33.74428090004358]]},"properties":{"overall":32,"safety":97,"sidewalk":0,"sidewalk_present":0,"canopy":0.0,"comfort":0.0,"name":"","road_type":"service","osm_id":729888613}},{"type":"Feature","geometry":{"type":"LineString","coordinates":[[-84.47722900041799,33.74413519997955],[-84.47729370034398,33.74428500005274],[-84.47727759978136,33.74438090015849],[-84.47721049956488,33.74446119972464],[-84.4771461998372,33.7445458996736],[-84.47714879977724,33.74478680017074]]},"properties":{"overall":33,"safety":100,"sidewalk":0,"sidewalk_present":0,"canopy":0.0,"comfort":0.0,"name":"","road_type":"service","osm_id":869981137}},{"type":"Feature","geometry":{"type":"LineString","coordinates":[[-84.47418670005612,33.74433339976662],[-84.47414939977494,33.744355700255426],[-84.47412519991798,33.744388199955495],[-84.47411790012097,33.74442600025975],[-84.47412839970582,33.74446319981689],[-84.47415530022687,33.744494200347106],[-84.47419440005149,33.74451430019485],[-84.47423979962701,33.74452050012104],[-84.47428460025407,33.744511700254805],[-84.47432189963592,33.74448929994128],[-84.47434610039215,33.74445680024121],[-84.47435340018922,33.74441909976167],[-84.474342899705,33.74438190020459],[-84.47431600008332,33.7443507998496],[-84.4742769002587,33.74433070000185],[-84.47423149978385,33.74432459990044],[-84.47418670005612,33.74433339976662]]},"properties":{"overall":33,"safety":100,"sidewalk":0,"sidewalk_present":0,"canopy":0.0,"comfort":0.0,"name":"Kimberly Court Southwest","road_type":"residential","osm_id":331459619}},{"type":"Feature","geometry":{"type":"LineString","coordinates":[[-84.47881690007983,33.7448465996909],[-84.47845460009967,33.744840100290446],[-84.4784054998139,33.74483119970017],[-84.4783875997079,33.74479660008308],[-84.47837939968952,33.744733400226266],[-84.4783875997079,33.744650599645524],[-84.47841290033506,33.74458739978871],[-84.47844640008128,33.744555400111665],[-84.47851009996111,33.74453370037003],[-84.47858609986855,33.74452419993196],[-84.4786890002971,33.7445227996875],[-84.47887680032403,33.74453110042998]]},"properties":{"overall":32,"safety":97,"sidewalk":0,"sidewalk_present":0,"canopy":0.0,"comfort":0.0,"name":"","road_type":"service","osm_id":729888614}},{"type":"Feature","geometry":{"type":"LineString","coordinates":[[-84.47556500012462,33.74581870027288],[-84.47543000019431,33.745635000255106],[-84.47530199968747,33.74550499965608],[-84.47518499968794,33.74542200032511],[-84.47481399966631,33.745207000302855],[-84.47464769973152,33.74508890043245],[-84.47428460025407,33.744511700254805]]},"properties":{"overall":50,"safety":100,"sidewalk":0,"sidewalk_present":0,"canopy":51.4,"comfort":61.1,"name":"Kimberly Court Southwest","road_type":"residential","osm_id":331459620}},{"type":"Feature","geometry":{"type":"LineString","coordinates":[[-84.46991300028469,33.74585799974693],[-84.47049800028248,33.74586199993138],[-84.47128299961071,33.74587000030033],[-84.47177799995472,33.745933999654426],[-84.47241699974472,33.74602100006916],[-84.47264400032032,33.74602900043806],[-84.47286999995049,33.746016999884716],[-84.47309300034163,33.74598500020767],[-84.47331299969517,33.74593499970052],[-84.47352300038614,33.74586600011588],[-84.47372899999334,33.74577799965499],[-84.4739800997018,33.74564819960477],[-84.47464769973152,33.74508890043245],[-84.47508599961913,33.744711999958895],[-84.47522799987223,33.74462799968251],[-84.47538299982557,33.74456400032841],[-84.4755490002861,33.744520000097964],[-84.475721000124,33.744499000028895],[-84.47638200002922,33.744502000167245]]},"properties":{"overall":46,"safety":100,"sidewalk":0,"sidewalk_present":0,"canopy":39.5,"comfort":56.1,"name":"Lisa Drive Southwest","road_type":"residential","osm_id":9263693}},{"type":"Feature","geometry":{"type":"LineString","coordinates":[[-84.46246600040558,33.7475640001785],[-84.46245399985219,33.74547099988678]]},"properties":{"overall":45,"safety":90,"sidewalk":0,"sidewalk_present":0,"canopy":43.8,"comfort":59.7,"name":"Addington Street Southwest","road_type":"residential","osm_id":9268329}},{"type":"Feature","geometry":{"type":"LineString","coordinates":[[-84.45960899995532,33.747535999786635],[-84.45966399979369,33.74575799963202]]},"properties":{"overall":39,"safety":94,"sidewalk":0,"sidewalk_present":0,"canopy":24.4,"comfort":48.3,"name":"Autumn Lane Southwest","road_type":"residential","osm_id":9249903}},{"type":"Feature","geometry":{"type":"LineString","coordinates":[[-84.4648070004427,33.747610999647975],[-84.46485399991212,33.74610000011495]]},"properties":{"overall":44,"safety":100,"sidewalk":0,"sidewalk_present":0,"canopy":31.9,"comfort":53.9,"name":"Lilla Drive Southwest","road_type":"residential","osm_id":9269985}},{"type":"Feature","geometry":{"type":"LineString","coordinates":[[-84.46428099956842,33.74608600036868],[-84.46485399991212,33.74610000011495],[-84.46518399984166,33.74611099972293],[-84.46542939964706,33.74616930007318]]},"properties":{"overall":49,"safety":97,"sidewalk":0,"sidewalk_present":0,"canopy":49.3,"comfort":61.6,"name":"Lilla Circle Southwest","road_type":"residential","osm_id":9258441}},{"type":"Feature","geometry":{"type":"LineString","coordinates":[[-84.46129129965374,33.74596979986643],[-84.46124680029953,33.745974800096974],[-84.46120790012446,33.745993600424356],[-84.46118070012915,33.746023299635624],[-84.46116919959883,33.74605940022121],[-84.46117519987553,33.74609649995358],[-84.46119779983854,33.74612880000416],[-84.46123350022583,33.746151399967175],[-84.4612770004332,33.74616100023002],[-84.46132159961212,33.74615599999947],[-84.46136039996247,33.74613719967209],[-84.4613876997825,33.746107499561504],[-84.46139920031283,33.74607130005052],[-84.46139320003613,33.74603430014287],[-84.46137060007311,33.74600200009229],[-84.4613347998611,33.7459793003045],[-84.46129129965374,33.74596979986643]]},"properties":{"overall":33,"safety":100,"sidewalk":0,"sidewalk_present":0,"canopy":0.0,"comfort":0.0,"name":"Camfield Court Southwest","road_type":"residential","osm_id":359244707}},{"type":"Feature","geometry":{"type":"LineString","coordinates":[[-84.46542939964706,33.74616930007318],[-84.46542190020051,33.7462032000177],[-84.46543060024197,33.74623690031274],[-84.46545420025109,33.74626530000364],[-84.465489000417,33.746284100331025],[-84.465529899785,33.746290300257215],[-84.46557039985402,33.74628299956083],[-84.46560460017213,33.746263399736165],[-84.46562710031037,33.74623450002218],[-84.46563459975692,33.74620050025294],[-84.46562589971546,33.746166799957905],[-84.46560229970635,33.746138400267],[-84.46556750043976,33.74611969976439],[-84.46552669999716,33.7461134998382],[-84.46548610010342,33.74612069981049],[-84.46545189978531,33.74614029963516],[-84.46542939964706,33.74616930007318]]},"properties":{"overall":47,"safety":100,"sidewalk":0,"sidewalk_present":0,"canopy":40.1,"comfort":58.3,"name":"Lilla Circle Southwest","road_type":"residential","osm_id":359243264}},{"type":"Feature","geometry":{"type":"LineString","coordinates":[[-84.45943450000215,33.7463747996573],[-84.45901100025742,33.74624649967626]]},"properties":{"overall":39,"safety":100,"sidewalk":0,"sidewalk_present":0,"canopy":17.2,"comfort":44.9,"name":"","road_type":"service","osm_id":776189524}},{"type":"Feature","geometry":{"type":"LineString","coordinates":[[-84.45882509959864,33.74620680000385],[-84.45901100025742,33.74624649967626]]},"properties":{"overall":40,"safety":98,"sidewalk":0,"sidewalk_present":0,"canopy":21.0,"comfort":45.8,"name":"","road_type":"service","osm_id":776189523}},{"type":"Feature","geometry":{"type":"LineString","coordinates":[[-84.45901100025742,33.74624649967626],[-84.45901660033581,33.74640709970794],[-84.45903079973158,33.74657019985489],[-84.45907399956536,33.74660919985473],[-84.45935280019154,33.74658869980868],[-84.45943450000215,33.7463747996573]]},"properties":{"overall":40,"safety":100,"sidewalk":0,"sidewalk_present":0,"canopy":20.2,"comfort":45.5,"name":"","road_type":"service","osm_id":776189525}},{"type":"Feature","geometry":{"type":"LineString","coordinates":[[-84.4610519999498,33.74754300010943],[-84.46109700022635,33.74684999962784],[-84.46114499974192,33.74665499962856],[-84.46126199974145,33.746354000137046],[-84.4612770004332,33.74616100023002]]},"properties":{"overall":43,"safety":95,"sidewalk":0,"sidewalk_present":0,"canopy":33.6,"comfort":54.6,"name":"Camfield Court Southwest","road_type":"residential","osm_id":9276668}},{"type":"Feature","geometry":{"type":"LineString","coordinates":[[-84.47556500012462,33.74581870027288],[-84.47553420014316,33.745835600332725],[-84.47551350044768,33.74586099988528],[-84.47550609992652,33.74589110019417],[-84.47551320007409,33.74592130032778],[-84.47553349957133,33.745946900429146],[-84.47556409990324,33.74596409996332],[-84.47560030031354,33.74597020006473],[-84.4756365996493,33.745964400336845],[-84.47566739963077,33.745947399552904],[-84.47568800040085,33.74592200000035],[-84.47569540002263,33.74589189969146],[-84.47568839969983,33.74586180028189],[-84.47566800037788,33.7458361003558],[-84.47563740004591,33.74581899974709],[-84.4756011996356,33.7458127998209],[-84.47556500012462,33.74581870027288]]},"properties":{"overall":33,"safety":100,"sidewalk":0,"sidewalk_present":0,"canopy":0.0,"comfort":0.0,"name":"Kimberly Court Southwest","road_type":"residential","osm_id":9271022}},{"type":"Feature","geometry":{"type":"LineString","coordinates":[[-84.47446349969073,33.74670069957767],[-84.47419099971484,33.7463439996759],[-84.47372899999334,33.74577799965499]]},"properties":{"overall":33,"safety":100,"sidewalk":0,"sidewalk_present":0,"canopy":0.0,"comfort":0.0,"name":"Lisa Court Southwest","road_type":"residential","osm_id":331459621}},{"type":"Feature","geometry":{"type":"LineString","coordinates":[[-84.47788919992661,33.74665460032958],[-84.47811320036385,33.746800699692585]]},"properties":{"overall":33,"safety":99,"sidewalk":0,"sidewalk_present":0,"canopy":0.0,"comfort":0.0,"name":"","road_type":"service","osm_id":562686148}},{"type":"Feature","geometry":{"type":"LineString","coordinates":[[-84.47446349969073,33.74670069957767],[-84.47442899989841,33.746725900380056],[-84.47440870040117,33.746760199623566],[-84.47440570026282,33.74679830030135],[-84.47442050040576,33.746834499812394],[-84.47445080036408,33.74686319987683],[-84.47449200010567,33.74688009993673],[-84.47453789970427,33.746882600052004],[-84.47458139991164,33.7468703000244],[-84.47461589970396,33.746845100121334],[-84.47463620010052,33.746810799978505],[-84.47463920023887,33.74677270019998],[-84.47462440009593,33.74673649978968],[-84.47459410013755,33.74670779972524],[-84.47455290039602,33.74669089966534],[-84.4745069998981,33.746688400449386],[-84.47446349969073,33.74670069957767]]},"properties":{"overall":33,"safety":100,"sidewalk":0,"sidewalk_present":0,"canopy":0.0,"comfort":0.0,"name":"Lisa Court Southwest","road_type":"residential","osm_id":9242342}},{"type":"Feature","geometry":{"type":"LineString","coordinates":[[-84.47811320036385,33.746800699692585],[-84.47817950018373,33.74681110035203],[-84.47839269976322,33.746844400448765],[-84.47861810044492,33.74687969973843],[-84.47886109995977,33.74691769969212],[-84.4790900997283,33.7469535997289],[-84.47848499988282,33.74752970003567],[-84.47833879979572,33.74742569973631]]},"properties":{"overall":39,"safety":100,"sidewalk":0,"sidewalk_present":0,"canopy":18.0,"comfort":50.6,"name":"","road_type":"service","osm_id":386967565}},{"type":"Feature","geometry":{"type":"LineString","coordinates":[[-84.4775181000802,33.74742579956103],[-84.47787239969148,33.74709429956232],[-84.47817950018373,33.74681110035203]]},"properties":{"overall":38,"safety":100,"sidewalk":0,"sidewalk_present":0,"canopy":14.7,"comfort":49.4,"name":"","road_type":"service","osm_id":386967586}},{"type":"Feature","geometry":{"type":"LineString","coordinates":[[-84.47803089980613,33.747206900078424],[-84.47787239969148,33.74709429956232]]},"properties":{"overall":43,"safety":100,"sidewalk":0,"sidewalk_present":0,"canopy":29.9,"comfort":54.6,"name":"","road_type":"service","osm_id":562686154}},{"type":"Feature","geometry":{"type":"LineString","coordinates":[[-84.47818899972253,33.74731930004572],[-84.47803089980613,33.747206900078424]]},"properties":{"overall":46,"safety":100,"sidewalk":0,"sidewalk_present":0,"canopy":38.2,"comfort":57.5,"name":"","road_type":"service","osm_id":562686150}},{"type":"Feature","geometry":{"type":"LineString","coordinates":[[-84.47839269976322,33.746844400448765],[-84.47803089980613,33.747206900078424]]},"properties":{"overall":39,"safety":100,"sidewalk":0,"sidewalk_present":0,"canopy":16.2,"comfort":49.5,"name":"","road_type":"service","osm_id":386967569}},{"type":"Feature","geometry":{"type":"LineString","coordinates":[[-84.4788949999043,33.74443499977548],[-84.47887680032403,33.74453110042998],[-84.47881690007983,33.7448465996909],[-84.4788129997201,33.744866999912176],[-84.4787169997897,33.74521599981858],[-84.47850299981354,33.74577799965499],[-84.47838599981401,33.74600300013839],[-84.47815199981488,33.74634699981425],[-84.47788919992661,33.74665460032958],[-84.47787000030024,33.746676999743784],[-84.47750999988654,33.747022000365064],[-84.47717029986939,33.74730680036862],[-84.47710729966212,33.747359599565925],[-84.47704600007279,33.74741100031747],[-84.47685960029031,33.747531200104845],[-84.47669400002803,33.74763799999374],[-84.47648600032863,33.74772699960141],[-84.47639720037046,33.74774400038535],[-84.47626600007578,33.747768999739606],[-84.4753700001254,33.7478109998778],[-84.4751170001494,33.74785099992374],[-84.47475399959734,33.747974000199974],[-84.47380699999303,33.748385000267604]]},"properties":{"overall":41,"safety":86,"sidewalk":0,"sidewalk_present":0,"canopy":37.3,"comfort":57.2,"name":"Peyton Road Southwest","road_type":"tertiary","osm_id":9250821}},{"type":"Feature","geometry":{"type":"LineString","coordinates":[[-84.46885810002124,33.74532190038542],[-84.46846850022109,33.74540150027906],[-84.46826659972373,33.745438600011425],[-84.46801800013054,33.745493099826774],[-84.46783289986837,33.74554160026469],[-84.46770939956912,33.74563739964634],[-84.46763599960167,33.7457289002686],[-84.46760929962943,33.74585649967776],[-84.46758630036743,33.74628489982831]]},"properties":{"overall":34,"safety":100,"sidewalk":0,"sidewalk_present":0,"canopy":2.9,"comfort":37.3,"name":"","road_type":"residential","osm_id":243347363}},{"type":"Feature","geometry":{"type":"LineString","coordinates":[[-84.46928149994125,33.746185200086984],[-84.46931920042073,33.746221799796274],[-84.46935859971956,33.74623619974085],[-84.46938579971487,33.74623840038191],[-84.46941959983462,33.74623340015137],[-84.46945359960392,33.74621800016064],[-84.46948710024947,33.74618160010084],[-84.46949569956683,33.74615309968584],[-84.46949459969596,33.74612880000416],[-84.46947850003272,33.746094099663026],[-84.46945339995443,33.746070899852214],[-84.46943149966393,33.746059599870705],[-84.46939149961798,33.74605089982924],[-84.46935539993171,33.74605349976923],[-84.46932290023165,33.746065199949044],[-84.46930540032395,33.74607659975533],[-84.46928989960912,33.74609170027179],[-84.46927120000583,33.74613309966287],[-84.46928149994125,33.746185200086984]]},"properties":{"overall":35,"safety":100,"sidewalk":0,"sidewalk_present":0,"canopy":6.3,"comfort":40.5,"name":"","road_type":"residential","osm_id":243347359}},{"type":"Feature","geometry":{"type":"LineString","coordinates":[[-84.46901500024205,33.746300899666835],[-84.46928149994125,33.746185200086984]]},"properties":{"overall":36,"safety":100,"sidewalk":0,"sidewalk_present":0,"canopy":8.2,"comfort":39.1,"name":"","road_type":"residential","osm_id":243347360}},{"type":"Feature","geometry":{"type":"LineString","coordinates":[[-84.46826659972373,33.745438600011425],[-84.46830669959445,33.74564389994606],[-84.46837040037366,33.74579689980715],[-84.46846950026719,33.74591070001884],[-84.46858579969484,33.745991100309084],[-84.46876100021996,33.74608269985674],[-84.46887109972141,33.746150700294606],[-84.46892439984111,33.746193699579635],[-84.46899950042655,33.74627409986988],[-84.46901500024205,33.746300899666835],[-84.46904289990988,33.746348999906445],[-84.46908790018642,33.74647799956006],[-84.4690962998543,33.74665699972081],[-84.46908640011725,33.746891999766035]]},"properties":{"overall":38,"safety":100,"sidewalk":0,"sidewalk_present":0,"canopy":14.9,"comfort":42.3,"name":"Rose Mill Court Southwest","road_type":"residential","osm_id":243347358}},{"type":"Feature","geometry":{"type":"LineString","coordinates":[[-84.46748089982361,33.74642799995229],[-84.46750389998493,33.746450400265815],[-84.4675341001186,33.746465800256544],[-84.46756859991092,33.746472699855246],[-84.46760390009985,33.74647029956475],[-84.46763660034878,33.74645910030728],[-84.46766359979523,33.74643989978159],[-84.46768209974908,33.7464147997033],[-84.46769029976747,33.746386200362906],[-84.46768750017793,33.746356799726584],[-84.46767399955542,33.74632959973127],[-84.46765089956932,33.74630720031712],[-84.46762070033503,33.74629180032639],[-84.46758630036743,33.74628489982831],[-84.4675510001785,33.74628720029409],[-84.46751820010479,33.7462985002756],[-84.4674912995838,33.746317699901965],[-84.46747279962995,33.74634279998031],[-84.46746449978679,33.74637140021997],[-84.46746730027564,33.74640079995703],[-84.46748089982361,33.74642799995229]]},"properties":{"overall":38,"safety":100,"sidewalk":0,"sidewalk_present":0,"canopy":15.2,"comfort":42.9,"name":"","road_type":"residential","osm_id":243347361}},{"type":"Feature","geometry":{"type":"LineString","coordinates":[[-84.46798100022295,33.74686999965081],[-84.46796500038442,33.74720499981095]]},"properties":{"overall":42,"safety":96,"sidewalk":0,"sidewalk_present":0,"canopy":30.6,"comfort":49.3,"name":"Prairie View Place Southwest","road_type":"residential","osm_id":9250332}},{"type":"Feature","geometry":{"type":"LineString","coordinates":[[-84.46796300029217,33.747255000318034],[-84.46796500038442,33.74720499981095]]},"properties":{"overall":40,"safety":94,"sidewalk":0,"sidewalk_present":0,"canopy":27.0,"comfort":48.6,"name":"Prairie View Drive Southwest","road_type":"residential","osm_id":9255856}},{"type":"Feature","geometry":{"type":"LineString","coordinates":[[-84.46674699997402,33.74724799999524],[-84.46796300029217,33.747255000318034]]},"properties":{"overall":39,"safety":95,"sidewalk":0,"sidewalk_present":0,"canopy":22.9,"comfort":46.7,"name":"Prairie View Drive Southwest","road_type":"residential","osm_id":9255855}},{"type":"Feature","geometry":{"type":"LineString","coordinates":[[-84.47286999995049,33.746016999884716],[-84.47309300034163,33.74711600020328],[-84.47314600008781,33.74728800004124],[-84.4732310004103,33.74746099992524],[-84.47380699999303,33.748385000267604]]},"properties":{"overall":40,"safety":89,"sidewalk":0,"sidewalk_present":0,"canopy":32.0,"comfort":51.4,"name":"Peyton Place Southwest","road_type":"residential","osm_id":630643965}},{"type":"Feature","geometry":{"type":"LineString","coordinates":[[-84.46796300029217,33.747255000318034],[-84.46793900008475,33.74780699969335],[-84.46788700038474,33.74792099955454],[-84.4677881001407,33.74803360007064]]},"properties":{"overall":43,"safety":96,"sidewalk":0,"sidewalk_present":0,"canopy":33.4,"comfort":49.8,"name":"Prairie View Place Southwest","road_type":"residential","osm_id":9250335}},{"type":"Feature","geometry":{"type":"LineString","coordinates":[[-84.45539919971327,33.74735300034075],[-84.4553862000131,33.747375200105466],[-84.45537669957497,33.74737400040982],[-84.4553687001054,33.747376399801055],[-84.45536140030833,33.74738190005468],[-84.45536140030833,33.747388600003944],[-84.45536500029448,33.7473964996488],[-84.45537160041897,33.747400099634945],[-84.45538329969946,33.747400099634945],[-84.45539280013759,33.74739520012844],[-84.45539499987933,33.74738609988867],[-84.45539130006841,33.747379399939405],[-84.4553862000131,33.747375200105466]]},"properties":{"overall":68,"safety":100,"sidewalk":100,"sidewalk_present":1,"canopy":4.2,"comfort":37.4,"name":"","road_type":"footway","osm_id":1090639232}},{"type":"Feature","geometry":{"type":"LineString","coordinates":[[-84.45563290023813,33.746981699945536],[-84.45553240010014,33.74734969982882],[-84.45551779960675,33.74740319959801],[-84.45549650006336,33.74748090012349],[-84.45533180002252,33.748083900051995]]},"properties":{"overall":69,"safety":100,"sidewalk":100,"sidewalk_present":1,"canopy":5.6,"comfort":38.2,"name":"","road_type":"service","osm_id":1090637327}},{"type":"Feature","geometry":{"type":"LineString","coordinates":[[-84.45537160041897,33.747400099634945],[-84.45535900001778,33.74742159972709]]},"properties":{"overall":68,"safety":100,"sidewalk":100,"sidewalk_present":1,"canopy":4.2,"comfort":37.4,"name":"","road_type":"footway","osm_id":1090639233}},{"type":"Feature","geometry":{"type":"LineString","coordinates":[[-84.45530100004106,33.7473964996488],[-84.45535900001778,33.74742159972709],[-84.45549650006336,33.74748090012349]]},"properties":{"overall":68,"safety":100,"sidewalk":100,"sidewalk_present":1,"canopy":2.8,"comfort":37.0,"name":"","road_type":"footway","osm_id":1090639230}},{"type":"Feature","geometry":{"type":"LineString","coordinates":[[-84.46170600043155,33.74755000043223],[-84.4610519999498,33.74754300010943],[-84.45960899995532,33.747535999786635],[-84.45878699982012,33.747532999648286],[-84.45861299989002,33.747550999579005],[-84.45843399972927,33.74763199971704]]},"properties":{"overall":76,"safety":94,"sidewalk":100,"sidewalk_present":1,"canopy":33.5,"comfort":53.0,"name":"Larchwood Road Southwest","road_type":"residential","osm_id":630643960}},{"type":"Feature","geometry":{"type":"LineString","coordinates":[[-84.45485629967845,33.748244000060595],[-84.45485190019502,33.74812190000574],[-84.45463390003442,33.74802349978472],[-84.45419269983319,33.74771240000729],[-84.45408129991205,33.74766860032571],[-84.45394849972342,33.74763070019668],[-84.45380369988078,33.7476094995788],[-84.45369380002882,33.7475919996711],[-84.45208169961069,33.74747789998514],[-84.45194220037223,33.74744810004984]]},"properties":{"overall":34,"safety":100,"sidewalk":0,"sidewalk_present":0,"canopy":0.8,"comfort":36.4,"name":"","road_type":"service","osm_id":444689236}},{"type":"Feature","geometry":{"type":"LineString","coordinates":[[-84.45802499975389,33.747876000177314],[-84.45799200003074,33.747768999739606],[-84.45804499977686,33.74596700027689]]},"properties":{"overall":41,"safety":87,"sidewalk":0,"sidewalk_present":0,"canopy":36.2,"comfort":52.3,"name":"Betsy Avenue Southwest","road_type":"residential","osm_id":9264606}},{"type":"Feature","geometry":{"type":"LineString","coordinates":[[-84.45533180002252,33.748083900051995],[-84.4551076997605,33.74812750008414],[-84.45485190019502,33.74812190000574]]},"properties":{"overall":35,"safety":100,"sidewalk":0,"sidewalk_present":0,"canopy":4.6,"comfort":38.2,"name":"","road_type":"service","osm_id":1090637324}},{"type":"Feature","geometry":{"type":"LineString","coordinates":[[-84.45272459976042,33.74904550014975],[-84.45276600005081,33.748607399911634],[-84.45268470043851,33.74848810034558],[-84.45271110003722,33.748096100254884]]},"properties":{"overall":35,"safety":100,"sidewalk":0,"sidewalk_present":0,"canopy":4.9,"comfort":35.8,"name":"","road_type":"service","osm_id":444689245}},{"type":"Feature","geometry":{"type":"LineString","coordinates":[[-84.45294169969964,33.74811810037011],[-84.45288340024871,33.74850169989361],[-84.45276600005081,33.748607399911634]]},"properties":{"overall":34,"safety":100,"sidewalk":0,"sidewalk_present":0,"canopy":1.5,"comfort":35.3,"name":"","road_type":"service","osm_id":743349455}},{"type":"Feature","geometry":{"type":"LineString","coordinates":[[-84.4921369999226,33.734736899688244],[-84.4921313998442,33.73547569994366]]},"properties":{"overall":67,"safety":100,"sidewalk":100,"sidewalk_present":1,"canopy":0.0,"comfort":0.0,"name":"","road_type":"footway","osm_id":1091975960}},{"type":"Feature","geometry":{"type":"LineString","coordinates":[[-84.49295840020994,33.735094800184925],[-84.49289299971213,33.73528839993975],[-84.4927951004135,33.735529300436895],[-84.49275489981875,33.735602900053834],[-84.49266640023416,33.73561069987397],[-84.49260869973165,33.735603999924706],[-84.49259529983317,33.735561700312246]]},"properties":{"overall":33,"safety":99,"sidewalk":0,"sidewalk_present":0,"canopy":0.0,"comfort":0.0,"name":"","road_type":"service","osm_id":767490387}},{"type":"Feature","geometry":{"type":"LineString","coordinates":[[-84.48896999956577,33.735903000223345],[-84.48925500011813,33.7358640002235],[-84.48950039992349,33.735800499993104]]},"properties":{"overall":33,"safety":100,"sidewalk":0,"sidewalk_present":0,"canopy":0.0,"comfort":0.0,"name":"Shamrock Circle Southwest","road_type":"residential","osm_id":562680093}},{"type":"Feature","geometry":{"type":"LineString","coordinates":[[-84.49040009968479,33.735482600441685],[-84.4904998003255,33.73583320024204],[-84.49052250011323,33.73586150010817],[-84.49057740012688,33.73589210044014],[-84.49094260042062,33.73605220044874],[-84.49120700020285,33.73615109979346],[-84.49133549983344,33.73619290028216]]},"properties":{"overall":67,"safety":100,"sidewalk":100,"sidewalk_present":1,"canopy":0.0,"comfort":0.0,"name":"","road_type":"footway","osm_id":1091975963}},{"type":"Feature","geometry":{"type":"LineString","coordinates":[[-84.48896999956577,33.735903000223345],[-84.48879760042888,33.73594019978043],[-84.48860299972864,33.735934099679014],[-84.48835299989099,33.73593380020475],[-84.4880611995647,33.73590569998811]]},"properties":{"overall":33,"safety":99,"sidewalk":0,"sidewalk_present":0,"canopy":0.0,"comfort":0.0,"name":"","road_type":"service","osm_id":734496575}},{"type":"Feature","geometry":{"type":"LineString","coordinates":[[-84.48923800023351,33.73681800015066],[-84.4893590004175,33.736803000358236],[-84.4907659996511,33.736811999873964],[-84.49149900017869,33.736808999735615],[-84.49236299955277,33.736805999597266]]},"properties":{"overall":54,"safety":99,"sidewalk":0,"sidewalk_present":0,"canopy":64.2,"comfort":63.6,"name":"West Manor Circle Southwest","road_type":"residential","osm_id":9269488}},{"type":"Feature","geometry":{"type":"LineString","coordinates":[[-84.48796490015997,33.75152949958681],[-84.48799739986009,33.75139820036668],[-84.48803739990603,33.751241899993715],[-84.48805539983681,33.75116630028458],[-84.48815470027915,33.7507673996958],[-84.48821089981311,33.75055999984414],[-84.48823540004366,33.75046969981685],[-84.4888081998385,33.74835630020317],[-84.48896429966265,33.74778010007162],[-84.48898510008229,33.747703500316334],[-84.4889909996349,33.747681600025885],[-84.48904400028033,33.74748600017881],[-84.48917600007229,33.746911999789006],[-84.48929400011798,33.74639600027524],[-84.48937900044047,33.746146999584425],[-84.48950199981738,33.74590199997738],[-84.48963699974769,33.745630000024505],[-84.48983599993142,33.745347999610544],[-84.49036600009077,33.744818000350506],[-84.4905569999056,33.74458899968266],[-84.49065900011271,33.74443299968323],[-84.49074899976648,33.744262999937575],[-84.49083099995067,33.744067999938295],[-84.4910209997193,33.74324699984919],[-84.49107570008346,33.74301070028366],[-84.4910959995807,33.742923000196356],[-84.49119899983395,33.74244799987537],[-84.49126540037787,33.742140599908794],[-84.49133029995335,33.74184030008985],[-84.4914169999945,33.741439000109835],[-84.49142999969467,33.74122700022593],[-84.49140400029432,33.74101899962716],[-84.49136319985178,33.74088349967383],[-84.49128800034089,33.740633999859256],[-84.49117899981093,33.74041699974481],[-84.49073090001099,33.739858400245055],[-84.49014230002706,33.73912460022018],[-84.49006510042403,33.7390283997409],[-84.48998300041512,33.738926000234756],[-84.489973499977,33.73891060024408],[-84.48983199974697,33.73868199977454],[-84.48971999997798,33.73841800019062],[-84.48956659991859,33.73790879955152],[-84.48923800023351,33.73681800015066],[-84.48915500000322,33.73653499969055],[-84.48896999956577,33.735903000223345],[-84.48890900035008,33.73569200038554],[-84.48884500009666,33.73540699983323],[-84.48880800018901,33.735121000134086],[-84.48879999982012,33.73483200029665],[-84.48882619976928,33.73435349981423],[-84.48883100035033,33.73426619992523],[-84.48885089964926,33.7339016003786],[-84.48886540031793,33.73363669967398],[-84.48889920043769,33.73301700023444],[-84.4889254003869,33.732494799895164],[-84.48893899993487,33.732222999591784],[-84.48903170025272,33.731508999940445],[-84.48911940034003,33.73083410011367],[-84.48916499956505,33.73048300029029],[-84.4892800003717,33.72959199967107],[-84.48927900032555,33.72936900017925],[-84.48924799979534,33.729211000087616],[-84.48919400000307,33.72905800022659],[-84.48855700030526,33.72774900011632],[-84.48847500012113,33.72755700025539],[-84.48840799972936,33.72735800007172],[-84.48818000000693,33.72653800002871],[-84.48805100035332,33.726044999776946],[-84.48794859994791,33.72548619972838],[-84.48786959990207,33.725055500011365],[-84.48786170025721,33.72501249982707],[-84.48785689967616,33.72498629987791],[-84.48782599986998,33.72481799985087],[-84.48777200007771,33.72422200024516],[-84.48777169970413,33.72413099964598],[-84.48777100003161,33.72387000020041],[-84.4877910998793,33.723740100325415],[-84.48779600028513,33.72371600029322],[-84.48783340039108,33.72357800022456],[-84.48795100023841,33.72314399999567],[-84.48799000023826,33.72295300018084],[-84.48800230026592,33.72283929979392],[-84.48801599963866,33.72271299990507],[-84.48802600009981,33.7222730002988],[-84.48807599970758,33.719883999846786]]},"properties":{"overall":30,"safety":45,"sidewalk":0,"sidewalk_present":0,"canopy":44.5,"comfort":55.7,"name":"Lynhurst Drive Southwest","road_type":"tertiary","osm_id":9269651}},{"type":"Feature","geometry":{"type":"LineString","coordinates":[[-84.49236299955277,33.736805999597266],[-84.49258800003611,33.73681700010451],[-84.49278199998929,33.73686899980453],[-84.4929109996429,33.73693200001185],[-84.49327700033325,33.73716800010317]]},"properties":{"overall":48,"safety":100,"sidewalk":0,"sidewalk_present":0,"canopy":45.3,"comfort":55.2,"name":"West Manor Lane Southwest","road_type":"residential","osm_id":9264336}},{"type":"Feature","geometry":{"type":"LineString","coordinates":[[-84.49072670017705,33.73780180001313],[-84.49068319996968,33.73784809981004],[-84.49061359963787,33.73790599996198],[-84.49050920003953,33.73790449989281],[-84.49010899993038,33.73789250023873],[-84.48988729995887,33.73789749957001],[-84.48956659991859,33.73790879955152]]},"properties":{"overall":33,"safety":100,"sidewalk":0,"sidewalk_present":0,"canopy":0.0,"comfort":0.0,"name":"","road_type":"service","osm_id":714391668}},{"type":"Feature","geometry":{"type":"LineString","coordinates":[[-84.48907700000353,33.73842720025516],[-84.48913869979111,33.73867269988523]]},"properties":{"overall":47,"safety":99,"sidewalk":0,"sidewalk_present":0,"canopy":43.0,"comfort":57.7,"name":"","road_type":"service","osm_id":562680088}},{"type":"Feature","geometry":{"type":"LineString","coordinates":[[-84.49437480005696,33.735820199642546],[-84.49433870037069,33.735938199688235],[-84.4941774995919,33.736367599884886]]},"properties":{"overall":33,"safety":100,"sidewalk":0,"sidewalk_present":0,"canopy":0.0,"comfort":0.0,"name":"","road_type":"service","osm_id":922636932}},{"type":"Feature","geometry":{"type":"LineString","coordinates":[[-84.49818399999157,33.73513599992651],[-84.49819699969174,33.735763000062434],[-84.49823999987603,33.735874999831424],[-84.49831899992188,33.73596500038451],[-84.49838800040584,33.736011999853986],[-84.49846699955236,33.73604599962323],[-84.49978900026213,33.73645399955251]]},"properties":{"overall":33,"safety":100,"sidewalk":0,"sidewalk_present":0,"canopy":0.0,"comfort":0.0,"name":"Bobolink Circle Southwest","road_type":"residential","osm_id":9242713}},{"type":"Feature","geometry":{"type":"LineString","coordinates":[[-84.49488890020257,33.73668400026645],[-84.49487770004578,33.73650109974602],[-84.49490189990274,33.736370900396764],[-84.49492239994873,33.73618489991327],[-84.49494249979648,33.736147499807316],[-84.49496390006391,33.73612189970595]]},"properties":{"overall":33,"safety":99,"sidewalk":0,"sidewalk_present":0,"canopy":0.0,"comfort":0.0,"name":"","road_type":"service","osm_id":829663629}},{"type":"Feature","geometry":{"type":"LineString","coordinates":[[-84.49522069967549,33.73625300017585],[-84.49520150004918,33.7363489002816],[-84.4952118998093,33.73645660039182],[-84.49521489994765,33.736586600091584],[-84.49520300011835,33.7366460003127],[-84.49518810015064,33.73671659979129]]},"properties":{"overall":31,"safety":93,"sidewalk":0,"sidewalk_present":0,"canopy":0.0,"comfort":0.0,"name":"","road_type":"service","osm_id":828154526}},{"type":"Feature","geometry":{"type":"LineString","coordinates":[[-84.50024199956857,33.737898299966616],[-84.50009900016869,33.73787100014658],[-84.49990500021556,33.73783000005449],[-84.49931900017168,33.7377099999166],[-84.49869300008186,33.73755600000942],[-84.4980940003378,33.73738400017152],[-84.49706670026796,33.737033799670144],[-84.49646299976757,33.73682799971249],[-84.49625299997592,33.73674500038152]]},"properties":{"overall":48,"safety":98,"sidewalk":0,"sidewalk_present":0,"canopy":45.3,"comfort":58.4,"name":"Benjamin E Mays Drive Southwest","road_type":"tertiary","osm_id":42004038}},{"type":"Feature","geometry":{"type":"LineString","coordinates":[[-84.49869300008186,33.73755600000942],[-84.49851230020244,33.73805360029348],[-84.49859020037741,33.73807279991985],[-84.49860329990236,33.73809940006731],[-84.49870659962983,33.738126699887346]]},"properties":{"overall":45,"safety":100,"sidewalk":0,"sidewalk_present":0,"canopy":35.2,"comfort":52.0,"name":"","road_type":"service","osm_id":1316305618}},{"type":"Feature","geometry":{"type":"LineString","coordinates":[[-84.49612899965359,33.738747000074056],[-84.49624399956087,33.73873500041998],[-84.49905599973454,33.738771000281474],[-84.49923699998755,33.738750000212406],[-84.4993430003791,33.738716000443105],[-84.49944999991754,33.73866099970542],[-84.4995429997096,33.73859100007462],[-84.499617999571,33.73850699979823],[-84.49967699959382,33.73840300039819],[-84.49988700028479,33.73790099973138],[-84.49990500021556,33.73783000005449]]},"properties":{"overall":47,"safety":96,"sidewalk":0,"sidewalk_present":0,"canopy":46.4,"comfort":58.0,"name":"Cedar Island Drive Southwest","road_type":"residential","osm_id":9266137}},{"type":"Feature","geometry":{"type":"LineString","coordinates":[[-84.49304799966541,33.73740999957187],[-84.49327700033325,33.73716800010317],[-84.49378999970867,33.73752899966365],[-84.49389600010028,33.737634000009166],[-84.49398599975405,33.73776499975497],[-84.49404399973076,33.73790800005423],[-84.49406899998434,33.73807100037641],[-84.49406299970764,33.738370999821825],[-84.49404799991521,33.738437000167494],[-84.49400999996146,33.73850999993658],[-84.49394899984645,33.7385790004206],[-84.49386999980061,33.738633000212815],[-84.4937709997318,33.738672000212716],[-84.49368500026253,33.738687000005086],[-84.4924150001521,33.73866800002821],[-84.49233299996791,33.73865700042029],[-84.49225099978378,33.73862699993617],[-84.49218500033749,33.738583999751825],[-84.49214000006094,33.738537000282406],[-84.49210600029164,33.73847900030569],[-84.49208700031477,33.738410999867824],[-84.49212200013017,33.73810500014571],[-84.49216500031446,33.738002999938544],[-84.49225800010657,33.737914000330875],[-84.4927349996205,33.73764699970934],[-84.49290100008108,33.7375370000326],[-84.49304799966541,33.73740999957187]]},"properties":{"overall":48,"safety":100,"sidewalk":0,"sidewalk_present":0,"canopy":43.8,"comfort":54.1,"name":"West Manor Lane Southwest","road_type":"residential","osm_id":9264334}},{"type":"Feature","geometry":{"type":"LineString","coordinates":[[-84.49140400029432,33.74101899962716],[-84.49374400028535,33.740585000297585],[-84.49397800028447,33.740532999698246],[-84.4941659999609,33.74045699979075],[-84.49433399961435,33.74035400043681],[-84.49454000012088,33.74017000004551],[-84.49463700009744,33.74010099956155],[-84.49477200002775,33.74003099993075],[-84.49493500034993,33.73997700013848],[-84.49515499970346,33.73994799970046],[-84.49542310019586,33.73994179977427],[-84.49653500038994,33.73992899972359]]},"properties":{"overall":48,"safety":98,"sidewalk":0,"sidewalk_present":0,"canopy":47.2,"comfort":60.8,"name":"Rabun Drive Southwest","road_type":"residential","osm_id":9255586}},{"type":"Feature","geometry":{"type":"LineString","coordinates":[[-84.4933389995951,33.743726000354684],[-84.49327600028715,33.74322100044884],[-84.49328599984898,33.74290500026558],[-84.4937460003776,33.74078100034296],[-84.49375599993942,33.7406800001819],[-84.49374400028535,33.740585000297585]]},"properties":{"overall":46,"safety":100,"sidewalk":0,"sidewalk_present":0,"canopy":37.9,"comfort":62.8,"name":"Hiawassee Drive Southwest","road_type":"residential","osm_id":9268528}},{"type":"Feature","geometry":{"type":"LineString","coordinates":[[-84.4845239995829,33.73690499966608],[-84.48445700009046,33.73657499973649],[-84.48442999974463,33.736259999599326],[-84.48448599962916,33.735242000318124]]},"properties":{"overall":33,"safety":100,"sidewalk":0,"sidewalk_present":0,"canopy":0.0,"comfort":0.0,"name":"Lynn Valley Road Southwest","road_type":"residential","osm_id":9250085}},{"type":"Feature","geometry":{"type":"LineString","coordinates":[[-84.48915500000322,33.73653499969055],[-84.48846799979833,33.73664899955173],[-84.48822100009903,33.73667299975921],[-84.4863540003368,33.73668999964383],[-84.48525299992599,33.73678699962039],[-84.48489799974288,33.73683399998919],[-84.4845239995829,33.73690499966608]]},"properties":{"overall":33,"safety":98,"sidewalk":0,"sidewalk_present":0,"canopy":0.0,"comfort":0.0,"name":"Lynn Drive Southwest","road_type":"residential","osm_id":9268663}},{"type":"Feature","geometry":{"type":"LineString","coordinates":[[-84.48971999997798,33.73841800019062],[-84.48958400000157,33.738437000167494],[-84.48907700000353,33.73842720025516],[-84.48756970028143,33.73839800016765],[-84.48751900010171,33.738397000121495],[-84.48737799989476,33.738379000190776],[-84.48722900021812,33.7383260004446],[-84.48709600038006,33.73823799998377],[-84.48700599982698,33.73813899991495],[-84.48653799982878,33.737317999825905],[-84.4864179996909,33.73703000003451],[-84.4863540003368,33.73668999964383],[-84.48636900012923,33.735712999555346],[-84.48654400010548,33.73440699958343],[-84.48655100042828,33.734194999699525],[-84.48653199955208,33.73403200027667],[-84.48649399959834,33.73387700032333],[-84.48619500019907,33.7331429997497],[-84.4861709999916,33.732989999888616],[-84.48618999996847,33.732889999773704],[-84.48625999959927,33.73271599984355],[-84.4866030001283,33.73204200023815]]},"properties":{"overall":49,"safety":98,"sidewalk":0,"sidewalk_present":0,"canopy":49.9,"comfort":61.6,"name":"Lynn Circle Southwest","road_type":"residential","osm_id":9246414}},{"type":"Feature","geometry":{"type":"LineString","coordinates":[[-84.48220349959178,33.73772199957068],[-84.48148299964066,33.73776780024383],[-84.48071590041843,33.737710400114906]]},"properties":{"overall":33,"safety":98,"sidewalk":0,"sidewalk_present":0,"canopy":0.0,"comfort":0.0,"name":"","road_type":"service","osm_id":713070536}},{"type":"Feature","geometry":{"type":"LineString","coordinates":[[-84.48458399965182,33.73717799966499],[-84.4845239995829,33.73690499966608],[-84.48308699986512,33.73718499998779],[-84.48255100032839,33.73724600010286],[-84.48244299984452,33.73727899982606],[-84.48233800039839,33.73734200003332],[-84.48225300007584,33.73744000005598],[-84.4822079997993,33.73756100024002],[-84.48220349959178,33.73772199957068],[-84.48218599968408,33.738347999660505],[-84.48220100037582,33.73844799977542],[-84.48223700023732,33.738542999659785],[-84.48229500021404,33.73863200016672],[-84.48237200016763,33.73870900012031],[-84.4824740003748,33.73877799970495],[-84.48260099993615,33.738831000350444],[-84.48273900000481,33.738858999843046],[-84.48288100025792,33.738859999889144],[-84.48403999974613,33.73870900012031],[-84.48423399969931,33.73864599991299],[-84.48439800006759,33.738542999659785],[-84.48455400006702,33.738373999960174],[-84.48460399967479,33.738161000030175],[-84.48462799988226,33.7379649999848],[-84.48463300011281,33.73776000042375],[-84.48460999995149,33.73736800033299],[-84.48458399965182,33.73717799966499]]},"properties":{"overall":33,"safety":100,"sidewalk":0,"sidewalk_present":0,"canopy":0.0,"comfort":0.0,"name":"Lynn Valley Road Southwest","road_type":"residential","osm_id":9250086}},{"type":"Feature","geometry":{"type":"LineString","coordinates":[[-84.48756970028143,33.73839800016765],[-84.48742610013437,33.73877980014771],[-84.48734970002857,33.73893039971824],[-84.4872947001902,33.738994999819454],[-84.4871860998586,33.73904750044187],[-84.4869915998824,33.73905530026195],[-84.48652629964897,33.739046299846905],[-84.48611860009328,33.739057500003696],[-84.48597640019068,33.73904970018356],[-84.485885199942,33.73903070020668],[-84.48581280002065,33.739057500003696],[-84.48577790003003,33.73911879959297],[-84.4857604999471,33.73920139962496],[-84.48578459997924,33.73923819988306]]},"properties":{"overall":33,"safety":100,"sidewalk":0,"sidewalk_present":0,"canopy":0.0,"comfort":0.0,"name":"","road_type":"service","osm_id":562680081}},{"type":"Feature","geometry":{"type":"LineString","coordinates":[[-84.47997510007076,33.73980329968259],[-84.48006120026412,33.73983830039731],[-84.48018969989471,33.73988450036944],[-84.48035790009698,33.739925399737444],[-84.4804402995801,33.73994160012478],[-84.48052289961208,33.739975500069306],[-84.48058160016069,33.740012499976956],[-84.4806641003679,33.74004410035502],[-84.48085450033489,33.740070499953674],[-84.48098149989625,33.74008239978298]]},"properties":{"overall":33,"safety":100,"sidewalk":0,"sidewalk_present":0,"canopy":0.0,"comfort":0.0,"name":"","road_type":"service","osm_id":713447078}},{"type":"Feature","geometry":{"type":"LineString","coordinates":[[-84.47974200029302,33.747232000156714],[-84.48050000017486,33.747232000156714],[-84.48204400033029,33.74723300020287],[-84.48365600002433,33.747234000248966],[-84.48416900029906,33.74723300020287],[-84.48433799999867,33.7472009996265],[-84.48445099981376,33.747147999880326],[-84.48453500009015,33.74708599971916],[-84.48460999995149,33.746996000065394],[-84.48465800036638,33.746894999904384],[-84.4846740002049,33.74681799995079],[-84.48472499985883,33.74607499986138],[-84.48461900036654,33.745528999863495],[-84.48459600020522,33.74515299961132],[-84.48460599976704,33.744901999727574],[-84.4846689999743,33.74461900016678],[-84.48471300020475,33.744332999568314],[-84.48472299976657,33.74391600012336],[-84.48472020017704,33.742850799924554],[-84.48471899958213,33.74240799982937],[-84.48468799995118,33.74222100019904],[-84.48461400013593,33.742037999853835],[-84.48451800020553,33.74189000022341],[-84.4843539998372,33.74171000001655],[-84.48428700034475,33.74161099994774],[-84.48423599979151,33.741450999763856],[-84.48423299965316,33.741194999649565],[-84.48422099999914,33.74112800015712],[-84.48416199997627,33.741036999557934],[-84.4840660000458,33.74097100011164],[-84.48393000006939,33.74094199967362],[-84.48202200021512,33.740927999927294],[-84.48174199989336,33.74096599988104],[-84.48113299968816,33.741134999580595],[-84.48093899973503,33.741166000110866],[-84.48074199964356,33.74118299999549],[-84.48057299994394,33.74118500008774],[-84.48053600003635,33.74118500008774],[-84.48033000042915,33.74117100034147],[-84.47937200031754,33.741041999788536],[-84.47930299983352,33.741044999926885],[-84.47922499983383,33.74106700004205]]},"properties":{"overall":48,"safety":100,"sidewalk":0,"sidewalk_present":0,"canopy":43.9,"comfort":60.0,"name":"Fielding Lane Southwest","road_type":"residential","osm_id":9278018}},{"type":"Feature","geometry":{"type":"LineString","coordinates":[[-84.48337299956427,33.74392599968519],[-84.48337499965646,33.74206200006131]]},"properties":{"overall":33,"safety":100,"sidewalk":0,"sidewalk_present":0,"canopy":0.0,"comfort":0.0,"name":"Thackeray Place Southwest","road_type":"residential","osm_id":9253280}},{"type":"Feature","geometry":{"type":"LineString","coordinates":[[-84.48202500035347,33.74205099955401],[-84.48337499965646,33.74206200006131],[-84.48450000027475,33.7420700004302],[-84.48461400013593,33.742037999853835]]},"properties":{"overall":33,"safety":100,"sidewalk":0,"sidewalk_present":0,"canopy":0.0,"comfort":0.0,"name":"Keats Drive Southwest","road_type":"residential","osm_id":9240313}},{"type":"Feature","geometry":{"type":"LineString","coordinates":[[-84.48913869979111,33.73867269988523],[-84.48955579996016,33.738681700300276]]},"properties":{"overall":41,"safety":100,"sidewalk":0,"sidewalk_present":0,"canopy":24.1,"comfort":50.5,"name":"","road_type":"service","osm_id":562680089}},{"type":"Feature","geometry":{"type":"LineString","coordinates":[[-84.48964159977999,33.73895599981961],[-84.489973499977,33.73891060024408]]},"properties":{"overall":37,"safety":97,"sidewalk":0,"sidewalk_present":0,"canopy":14.5,"comfort":44.9,"name":"","road_type":"service","osm_id":562680091}},{"type":"Feature","geometry":{"type":"LineString","coordinates":[[-84.48955579996016,33.738681700300276],[-84.48964159977999,33.73895599981961]]},"properties":{"overall":35,"safety":99,"sidewalk":0,"sidewalk_present":0,"canopy":6.6,"comfort":43.0,"name":"","road_type":"service","osm_id":562680090}},{"type":"Feature","geometry":{"type":"LineString","coordinates":[[-84.49010139975974,33.73900979996233],[-84.49006510042403,33.7390283997409],[-84.49003040008284,33.73904610019741]]},"properties":{"overall":40,"safety":96,"sidewalk":0,"sidewalk_present":0,"canopy":22.9,"comfort":48.3,"name":"","road_type":"footway","osm_id":1354308559}},{"type":"Feature","geometry":{"type":"LineString","coordinates":[[-84.4900921996952,33.73921919990619],[-84.49005409991673,33.73917319958355]]},"properties":{"overall":41,"safety":99,"sidewalk":0,"sidewalk_present":0,"canopy":25.4,"comfort":48.6,"name":"","road_type":"service","osm_id":562680083}},{"type":"Feature","geometry":{"type":"LineString","coordinates":[[-84.49000510035506,33.739200199929314],[-84.48991390010639,33.7391890995973],[-84.48958530042125,33.73923710001219],[-84.48933050000255,33.73928720034405],[-84.48920039957875,33.73927500014122],[-84.4890328001236,33.73937870006699],[-84.48931979986884,33.73968090015347]]},"properties":{"overall":40,"safety":100,"sidewalk":0,"sidewalk_present":0,"canopy":18.7,"comfort":47.5,"name":"","road_type":"service","osm_id":562680082}},{"type":"Feature","geometry":{"type":"LineString","coordinates":[[-84.49014230002706,33.73912460022018],[-84.49005409991673,33.73917319958355],[-84.49000510035506,33.739200199929314],[-84.48996350041517,33.73932740003954],[-84.4899714998848,33.73944449986385],[-84.49039940001228,33.73990279977443],[-84.49048390031169,33.73993740029084]]},"properties":{"overall":35,"safety":66,"sidewalk":0,"sidewalk_present":0,"canopy":38.3,"comfort":53.8,"name":"","road_type":"service","osm_id":562680087}},{"type":"Feature","geometry":{"type":"LineString","coordinates":[[-84.49063470043103,33.739907700180254],[-84.49047980030252,33.739712100333236]]},"properties":{"overall":33,"safety":100,"sidewalk":0,"sidewalk_present":0,"canopy":0.0,"comfort":0.0,"name":"","road_type":"service","osm_id":562680085}},{"type":"Feature","geometry":{"type":"LineString","coordinates":[[-84.4900921996952,33.73921919990619],[-84.49047980030252,33.739712100333236]]},"properties":{"overall":43,"safety":100,"sidewalk":0,"sidewalk_present":0,"canopy":29.5,"comfort":50.8,"name":"","road_type":"service","osm_id":562680084}},{"type":"Feature","geometry":{"type":"LineString","coordinates":[[-84.49048390031169,33.73993740029084],[-84.49057239989628,33.739939600032585],[-84.49063470043103,33.739907700180254],[-84.49073090001099,33.739858400245055]]},"properties":{"overall":33,"safety":100,"sidewalk":0,"sidewalk_present":0,"canopy":0.0,"comfort":0.0,"name":"","road_type":"service","osm_id":562680086}},{"type":"Feature","geometry":{"type":"LineString","coordinates":[[-84.47899729958567,33.7391411999065],[-84.47885480020881,33.73910460019721],[-84.47849700043616,33.73906389957938],[-84.47825440022035,33.73904660022049],[-84.47780220041119,33.73903740015595],[-84.47707859959763,33.73900800041895]]},"properties":{"overall":33,"safety":98,"sidewalk":0,"sidewalk_present":0,"canopy":0.0,"comfort":0.0,"name":"","road_type":"service","osm_id":729892113}},{"type":"Feature","geometry":{"type":"LineString","coordinates":[[-84.47707859959763,33.73900800041895],[-84.4766124000422,33.73899049961193],[-84.47655060042985,33.73901719958417],[-84.47650090029629,33.73923609996609],[-84.47650329968747,33.73939589960116],[-84.47655060042985,33.73942110040349],[-84.47683950044257,33.73948519958236],[-84.47697610026677,33.739162399625116],[-84.4770104004096,33.739079400294145],[-84.47707859959763,33.73900800041895]]},"properties":{"overall":33,"safety":100,"sidewalk":0,"sidewalk_present":0,"canopy":0.0,"comfort":0.0,"name":"","road_type":"service","osm_id":734376249}},{"type":"Feature","geometry":{"type":"LineString","coordinates":[[-84.47894439966427,33.73920560035822],[-84.47899109965948,33.739224100312015],[-84.47910110023554,33.739267499795346],[-84.47921679981545,33.73933870002105],[-84.47933439966278,33.73943720006679],[-84.47943830013742,33.73952740026937],[-84.47951849987885,33.739569100033975],[-84.47964240037646,33.739625900315104],[-84.47976999978562,33.73967749981682],[-84.47988029983594,33.739740400199366],[-84.47997510007076,33.73980329968259]]},"properties":{"overall":33,"safety":98,"sidewalk":0,"sidewalk_present":0,"canopy":0.0,"comfort":0.0,"name":"","road_type":"service","osm_id":713447075}},{"type":"Feature","geometry":{"type":"LineString","coordinates":[[-84.47892860037456,33.739868999654675],[-84.47906480000046,33.73985709982537],[-84.47923489957094,33.73983259959482],[-84.47932869975966,33.73982560017134],[-84.47943759956553,33.739833599640974],[-84.47953139975425,33.73984910035574],[-84.47968110000272,33.73989359970989],[-84.47983750020046,33.739943100193955]]},"properties":{"overall":33,"safety":100,"sidewalk":0,"sidewalk_present":0,"canopy":0.0,"comfort":0.0,"name":"","road_type":"service","osm_id":713447076}},{"type":"Feature","geometry":{"type":"LineString","coordinates":[[-84.47997510007076,33.73980329968259],[-84.47996690005237,33.73983959991767],[-84.47992859972504,33.73987830044325],[-84.47983750020046,33.739943100193955],[-84.47978639982244,33.74001400004613],[-84.47973170035766,33.74011169969526],[-84.47972169989652,33.74019050009156],[-84.47973170035766,33.74029510023871]]},"properties":{"overall":33,"safety":100,"sidewalk":0,"sidewalk_present":0,"canopy":0.0,"comfort":0.0,"name":"","road_type":"service","osm_id":713447077}},{"type":"Feature","geometry":{"type":"LineString","coordinates":[[-84.47911180036925,33.73906500034951],[-84.47900899976548,33.739126999611415],[-84.47899729958567,33.7391411999065],[-84.47894439966427,33.73920560035822],[-84.47893499995024,33.7392170001645],[-84.4789020002271,33.739317000279414],[-84.47892600043451,33.739828999608676],[-84.47892860037456,33.739868999654675],[-84.47894899969651,33.74019000006848],[-84.47898799969641,33.740418999837004],[-84.47904599967313,33.740607999559586],[-84.47922499983383,33.74106700004205],[-84.47934700006397,33.74149199985595],[-84.47936299990249,33.741706999878204],[-84.47929650043312,33.742118699618345],[-84.47916899994937,33.742908999550764],[-84.47890600041154,33.74437399966041],[-84.4788949999043,33.74443499977548]]},"properties":{"overall":31,"safety":94,"sidewalk":0,"sidewalk_present":0,"canopy":0.0,"comfort":0.0,"name":"Peyton Road Southwest","road_type":"tertiary","osm_id":630643967}},{"type":"Feature","geometry":{"type":"LineString","coordinates":[[-84.4768197998938,33.74121639991699],[-84.47684880033182,33.741147400332295],[-84.47689600035011,33.741062999857604],[-84.47695260008237,33.740992400379014],[-84.4770327998238,33.740970799562774],[-84.47717199958805,33.740992400379014],[-84.47729470039008,33.741041399940684],[-84.47737020027449,33.741066900217334],[-84.47741740029278,33.74110220040626],[-84.47743619972078,33.74115329988496],[-84.47743149986377,33.741214100350476],[-84.47741500000222,33.741267000271876],[-84.47738200027908,33.741302400285576],[-84.47734419997482,33.74133769957524],[-84.47730650039466,33.741347500386894],[-84.47724510008129,33.74134550029464],[-84.47718610005842,33.741329799930384],[-84.47708230030787,33.74130040019338],[-84.47699500041892,33.74127489991673],[-84.47686289990287,33.74122979981547],[-84.4768197998938,33.74121639991699]]},"properties":{"overall":42,"safety":97,"sidewalk":0,"sidewalk_present":0,"canopy":29.8,"comfort":56.6,"name":"Peyton Woods Court Southwest","road_type":"residential","osm_id":243347096}},{"type":"Feature","geometry":{"type":"LineString","coordinates":[[-84.47387599957767,33.74335100014861],[-84.47387999976212,33.74293799998878],[-84.47390099983124,33.74280900033517],[-84.47393999983109,33.74268299992059],[-84.4739979998078,33.74256199973655],[-84.47408400017645,33.74243200003684],[-84.47419099971484,33.74231299994506],[-84.47431700012942,33.742206999553446],[-84.47476300001239,33.74189999978523],[-84.47535300024072,33.74167700029341],[-84.47557299959419,33.74161900031669],[-84.47640100000609,33.74148699962541],[-84.47652319988572,33.74146129969927],[-84.47662460024509,33.74144949969468],[-84.47673319967737,33.741376900123896],[-84.47679450016602,33.741276900008984],[-84.4768197998938,33.74121639991699]]},"properties":{"overall":45,"safety":100,"sidewalk":0,"sidewalk_present":0,"canopy":34.2,"comfort":52.9,"name":"Peyton Woods Court Southwest","road_type":"residential","osm_id":9260926}},{"type":"Feature","geometry":{"type":"LineString","coordinates":[[-84.47929650043312,33.742118699618345],[-84.47917059984326,33.742093399890564],[-84.47908410035092,33.74207459956318],[-84.47899180023137,33.742059599770755],[-84.47889759984434,33.74204920001063],[-84.47888119980746,33.74211230004266],[-84.47886190035638,33.74217559972419]]},"properties":{"overall":33,"safety":100,"sidewalk":0,"sidewalk_present":0,"canopy":0.0,"comfort":0.0,"name":"","road_type":"service","osm_id":980078180}},{"type":"Feature","geometry":{"type":"LineString","coordinates":[[-84.47654019977034,33.742875200330275],[-84.47652340043453,33.742731600183276],[-84.47649819963215,33.74261360013759],[-84.4764466999552,33.7424885997691],[-84.4764404002043,33.742350599700444],[-84.4764466999552,33.7422447998577]]},"properties":{"overall":33,"safety":100,"sidewalk":0,"sidewalk_present":0,"canopy":0.0,"comfort":0.0,"name":"","road_type":"service","osm_id":729888611}},{"type":"Feature","geometry":{"type":"LineString","coordinates":[[-84.49136319985178,33.74088349967383],[-84.49127110028104,33.74082070001532],[-84.49117589984786,33.740735900241646],[-84.49109140044771,33.740676800394056],[-84.49098809982092,33.74064329974851],[-84.4908607000612,33.740640000135954],[-84.49076279986326,33.74065340003443],[-84.49068100022794,33.74069800011267],[-84.49062600038957,33.74077380037062],[-84.49058849955958,33.740875299655386],[-84.49055630023304,33.74095229960898],[-84.49048920001655,33.74101019976098],[-84.49036719978642,33.741059300046686],[-84.49026790024334,33.741067099866825],[-84.49014990019771,33.74106149978843]]},"properties":{"overall":32,"safety":97,"sidewalk":0,"sidewalk_present":0,"canopy":0.0,"comfort":0.0,"name":"","road_type":"service","osm_id":562680080}},{"type":"Feature","geometry":{"type":"LineString","coordinates":[[-84.4914169999945,33.741439000109835],[-84.49123549971853,33.74143830043727],[-84.4911307997466,33.741437000017584],[-84.4909536000286,33.74148060004973],[-84.4908134002182,33.74152289966213],[-84.4907056002832,33.7415318002524],[-84.49048529965683,33.741517699782094],[-84.49031889989726,33.741515199666765],[-84.49016950002238,33.74154329988346]]},"properties":{"overall":31,"safety":94,"sidewalk":0,"sidewalk_present":0,"canopy":0.0,"comfort":0.0,"name":"","road_type":"service","osm_id":673590024}},{"type":"Feature","geometry":{"type":"LineString","coordinates":[[-84.49196369966495,33.74188609986368],[-84.49177439956884,33.741880899983585],[-84.49156570019687,33.74186480032034],[-84.49140119980547,33.741850799674694],[-84.49133029995335,33.74184030008985]]},"properties":{"overall":33,"safety":99,"sidewalk":0,"sidewalk_present":0,"canopy":0.0,"comfort":0.0,"name":"","road_type":"service","osm_id":729895051}},{"type":"Feature","geometry":{"type":"LineString","coordinates":[[-84.49126540037787,33.742140599908794],[-84.49192369961901,33.74218620003313]]},"properties":{"overall":33,"safety":98,"sidewalk":0,"sidewalk_present":0,"canopy":0.0,"comfort":0.0,"name":"","road_type":"service","osm_id":841282634}},{"type":"Feature","geometry":{"type":"LineString","coordinates":[[-84.49119899983395,33.74244799987537],[-84.49188080015875,33.742441399750874]]},"properties":{"overall":33,"safety":98,"sidewalk":0,"sidewalk_present":0,"canopy":0.0,"comfort":0.0,"name":"Westport Way Southwest","road_type":"residential","osm_id":9269353}},{"type":"Feature","geometry":{"type":"LineString","coordinates":[[-84.4883230003062,33.74285499975849],[-84.48854399970577,33.74284200005832],[-84.49097300020378,33.742908999550764],[-84.4910959995807,33.742923000196356]]},"properties":{"overall":33,"safety":99,"sidewalk":0,"sidewalk_present":0,"canopy":0.0,"comfort":0.0,"name":"Ivan Hill Drive Southwest","road_type":"residential","osm_id":9274407}},{"type":"Feature","geometry":{"type":"LineString","coordinates":[[-84.49180880043576,33.742970600412946],[-84.49148930009108,33.74295549989648],[-84.4910959995807,33.742923000196356]]},"properties":{"overall":33,"safety":100,"sidewalk":0,"sidewalk_present":0,"canopy":0.0,"comfort":0.0,"name":"","road_type":"service","osm_id":729895050}},{"type":"Feature","geometry":{"type":"LineString","coordinates":[[-84.49181789977621,33.74324520030581],[-84.49177329969797,33.743212800430456],[-84.49172070015015,33.74316699975731],[-84.49165750029334,33.743117199798974],[-84.49156029976797,33.743088200260274],[-84.49107570008346,33.74301070028366]]},"properties":{"overall":32,"safety":96,"sidewalk":0,"sidewalk_present":0,"canopy":0.0,"comfort":0.0,"name":"","road_type":"service","osm_id":729895049}},{"type":"Feature","geometry":{"type":"LineString","coordinates":[[-84.49180299980856,33.74352430040619],[-84.4916941998274,33.743487000125015],[-84.49155729962962,33.74343830003755],[-84.49139299978708,33.74335799957208],[-84.49127289982442,33.74329720000583],[-84.49115119996787,33.743271900278046],[-84.4910209997193,33.74324699984919]]},"properties":{"overall":32,"safety":96,"sidewalk":0,"sidewalk_present":0,"canopy":0.0,"comfort":0.0,"name":"","road_type":"service","osm_id":729895048}},{"type":"Feature","geometry":{"type":"LineString","coordinates":[[-84.49083099995067,33.744067999938295],[-84.49089700029629,33.74406899998439],[-84.49114700013394,33.744101999707595],[-84.49128200006419,33.74411300021484],[-84.49148300034017,33.74412199973057],[-84.491634000109,33.74415300026078],[-84.491806999993,33.74422800012218],[-84.49194299996941,33.74432500009874],[-84.49206500019955,33.74453399984429],[-84.49220899964558,33.744818000350506],[-84.4922800002218,33.744974000349885],[-84.4922800002218,33.74509200039557],[-84.49224000017585,33.745160999980214],[-84.4922030002682,33.74528400025645]]},"properties":{"overall":45,"safety":100,"sidewalk":0,"sidewalk_present":0,"canopy":36.2,"comfort":61.8,"name":"Westport Way Southwest","road_type":"residential","osm_id":9269356}},{"type":"Feature","geometry":{"type":"LineString","coordinates":[[-84.48066599973606,33.742350999898804],[-84.48080470037661,33.74233640030468],[-84.48094569968424,33.7423294998066],[-84.48122310006596,33.74234329990344]]},"properties":{"overall":33,"safety":100,"sidewalk":0,"sidewalk_present":0,"canopy":0.0,"comfort":0.0,"name":"","road_type":"service","osm_id":980078181}},{"type":"Feature","geometry":{"type":"LineString","coordinates":[[-84.48066920042322,33.742596899727175],[-84.4812323001305,33.742607000013095]]},"properties":{"overall":31,"safety":93,"sidewalk":0,"sidewalk_present":0,"canopy":0.0,"comfort":0.0,"name":"","road_type":"service","osm_id":980078182}},{"type":"Feature","geometry":{"type":"LineString","coordinates":[[-84.48472020017704,33.742850799924554],[-84.48495530004703,33.74285940014124],[-84.48528169999042,33.74289940018724],[-84.48533529958439,33.74289230003967],[-84.48544909979609,33.74286319977688],[-84.48551119978202,33.742828000312045],[-84.48559200027057,33.742782699661916],[-84.485660700381,33.74275220005404],[-84.48572929976734,33.74275610041377],[-84.48578529965181,33.74278119959274]]},"properties":{"overall":33,"safety":100,"sidewalk":0,"sidewalk_present":0,"canopy":0.0,"comfort":0.0,"name":"","road_type":"service","osm_id":729878238}},{"type":"Feature","geometry":{"type":"LineString","coordinates":[[-84.48066599973606,33.742350999898804],[-84.48066920042322,33.742596899727175],[-84.48066899987441,33.742678999736086],[-84.48068199957459,33.742748000220104],[-84.4807469998741,33.742853999712395],[-84.48085300026571,33.7429270003808],[-84.4809249999887,33.7429499996428],[-84.4810019999423,33.74296000010395],[-84.48202700044567,33.7429620001962]]},"properties":{"overall":33,"safety":98,"sidewalk":0,"sidewalk_present":0,"canopy":0.0,"comfort":0.0,"name":"Monica Court Southwest","road_type":"residential","osm_id":9267144}},{"type":"Feature","geometry":{"type":"LineString","coordinates":[[-84.48841650012133,33.743408099903945],[-84.48838639981244,33.74322999996457],[-84.4883230003062,33.74285499975849],[-84.48822400023738,33.74189599960073]]},"properties":{"overall":33,"safety":100,"sidewalk":0,"sidewalk_present":0,"canopy":0.0,"comfort":0.0,"name":"Ivan Hill Circle Southwest","road_type":"residential","osm_id":9247508}},{"type":"Feature","geometry":{"type":"LineString","coordinates":[[-84.48838639981244,33.74322999996457],[-84.48815249963809,33.743257699982905],[-84.48809120004881,33.74324949996452],[-84.48803870032572,33.743244100434936],[-84.4878624997545,33.74325409999676]]},"properties":{"overall":33,"safety":100,"sidewalk":0,"sidewalk_present":0,"canopy":0.0,"comfort":0.0,"name":"","road_type":"service","osm_id":735095678}},{"type":"Feature","geometry":{"type":"LineString","coordinates":[[-84.48841650012133,33.743408099903945],[-84.48839650009836,33.74350319961303],[-84.48834339962815,33.74356660001865],[-84.48830520002491,33.74360939965413],[-84.48826050012195,33.743608000308996],[-84.4881394001132,33.74360390029983],[-84.48807970041781,33.743625900415]]},"properties":{"overall":33,"safety":100,"sidewalk":0,"sidewalk_present":0,"canopy":0.0,"comfort":0.0,"name":"","road_type":"service","osm_id":735095677}},{"type":"Feature","geometry":{"type":"LineString","coordinates":[[-84.48200999966173,33.74451499986742],[-84.4820299996847,33.74440900037513],[-84.4820289996386,33.743936000146334],[-84.48202889981383,33.74390220002658],[-84.48202700044567,33.7429620001962],[-84.48202500035347,33.74205099955401],[-84.48202200021512,33.740927999927294]]},"properties":{"overall":32,"safety":96,"sidewalk":0,"sidewalk_present":0,"canopy":0.0,"comfort":0.0,"name":"Haldane Drive Southwest","road_type":"residential","osm_id":9255387}},{"type":"Feature","geometry":{"type":"LineString","coordinates":[[-84.4820289996386,33.743936000146334],[-84.48337299956427,33.74392599968519],[-84.48472299976657,33.74391600012336]]},"properties":{"overall":33,"safety":99,"sidewalk":0,"sidewalk_present":0,"canopy":0.0,"comfort":0.0,"name":"Shelly Drive Southwest","road_type":"residential","osm_id":9256155}},{"type":"Feature","geometry":{"type":"LineString","coordinates":[[-84.48202889981383,33.74390220002658],[-84.48190850037696,33.74392220004955],[-84.48182819991143,33.743929800220144],[-84.48161369991226,33.74393190013711],[-84.48157390041513,33.74394320011862]]},"properties":{"overall":33,"safety":99,"sidewalk":0,"sidewalk_present":0,"canopy":0.0,"comfort":0.0,"name":"","road_type":"service","osm_id":830664578}},{"type":"Feature","geometry":{"type":"LineString","coordinates":[[-84.48252409980734,33.74470150037399],[-84.48257839997314,33.744654699654745],[-84.48270850039694,33.74454260006098],[-84.48280789976474,33.74452140034242],[-84.48320830042269,33.74453080005645],[-84.4835209002693,33.74451339997347],[-84.48365929963694,33.744508200093435],[-84.48373719981191,33.74453189992727],[-84.4837741997195,33.74460279977944]]},"properties":{"overall":33,"safety":98,"sidewalk":0,"sidewalk_present":0,"canopy":0.0,"comfort":0.0,"name":"","road_type":"service","osm_id":733272863}},{"type":"Feature","geometry":{"type":"LineString","coordinates":[[-84.48459600020522,33.74515299961132],[-84.48455290019615,33.74516159982801],[-84.48451049985965,33.74519899993396],[-84.48443950018276,33.7452681002427],[-84.48435730034907,33.745332099596794],[-84.4843139997912,33.74535519958283],[-84.48424650027573,33.74536520004398]]},"properties":{"overall":33,"safety":100,"sidewalk":0,"sidewalk_present":0,"canopy":0.0,"comfort":0.0,"name":"","road_type":"service","osm_id":1235103775}},{"type":"Feature","geometry":{"type":"LineString","coordinates":[[-84.48050000017486,33.747232000156714],[-84.48049700003651,33.74660299992854],[-84.48049240000421,33.746575899758],[-84.48041499985231,33.74612300027627],[-84.48040600033659,33.746006000276736],[-84.48041399980622,33.745738999655146],[-84.48043900005979,33.745672000162756],[-84.48048400033633,33.74561300013988],[-84.48058300040509,33.74554499970202],[-84.480705999782,33.74551500011722],[-84.48171100026241,33.745528999863495],[-84.4818579998468,33.74551500011722],[-84.48194800039988,33.74549500009425],[-84.482001000146,33.745483000440174],[-84.48215099986874,33.745425999610234],[-84.48229900039848,33.74534000014097],[-84.48283299984303,33.74489700039629]]},"properties":{"overall":49,"safety":100,"sidewalk":0,"sidewalk_present":0,"canopy":46.2,"comfort":58.7,"name":"Chaucer Drive Southwest","road_type":"residential","osm_id":9255555}},{"type":"Feature","geometry":{"type":"LineString","coordinates":[[-84.48678200028905,33.74618720017918],[-84.48678229976326,33.74602679979705],[-84.48674899966659,33.745966699903306],[-84.48668639965757,33.74592080030476],[-84.4865557002853,33.74581269999618]]},"properties":{"overall":33,"safety":100,"sidewalk":0,"sidewalk_present":0,"canopy":0.0,"comfort":0.0,"name":"","road_type":"service","osm_id":826102867}},{"type":"Feature","geometry":{"type":"LineString","coordinates":[[-84.4820420002381,33.746438000413434],[-84.4819539997772,33.74628370013272],[-84.48187849989284,33.7461838996673],[-84.48181809962557,33.74610710026252],[-84.48175589981491,33.746067899713864],[-84.4816812003271,33.74605239989836],[-84.48161009992612,33.74605309957093],[-84.48157810024907,33.74607900004588]]},"properties":{"overall":33,"safety":100,"sidewalk":0,"sidewalk_present":0,"canopy":0.0,"comfort":0.0,"name":"","road_type":"service","osm_id":729836831}},{"type":"Feature","geometry":{"type":"LineString","coordinates":[[-84.48678200028905,33.74618720017918],[-84.48657730020221,33.74609080005041],[-84.48630259958526,33.74594910017089]]},"properties":{"overall":33,"safety":100,"sidewalk":0,"sidewalk_present":0,"canopy":0.0,"comfort":0.0,"name":"","road_type":"service","osm_id":734405147}},{"type":"Feature","geometry":{"type":"LineString","coordinates":[[-84.48348150007115,33.74605220024887],[-84.48304249961166,33.746050200156674],[-84.48301049993461,33.74610219985669],[-84.48301049993461,33.74616960044676]]},"properties":{"overall":33,"safety":100,"sidewalk":0,"sidewalk_present":0,"canopy":0.0,"comfort":0.0,"name":"","road_type":"service","osm_id":961787820}},{"type":"Feature","geometry":{"type":"LineString","coordinates":[[-84.48358400030133,33.74638399972184],[-84.48350820004333,33.74637700029837],[-84.48305119965312,33.7463918004413],[-84.48296010012848,33.74637550022919],[-84.48291369960754,33.746338399597505]]},"properties":{"overall":48,"safety":100,"sidewalk":0,"sidewalk_present":0,"canopy":44.9,"comfort":60.3,"name":"","road_type":"service","osm_id":961787819}},{"type":"Feature","geometry":{"type":"LineString","coordinates":[[-84.4820420002381,33.746438000413434],[-84.48225300007584,33.74642930037197],[-84.48254299995943,33.746417500367386]]},"properties":{"overall":33,"safety":100,"sidewalk":0,"sidewalk_present":0,"canopy":0.0,"comfort":0.0,"name":"","road_type":"service","osm_id":961787818}},{"type":"Feature","geometry":{"type":"LineString","coordinates":[[-84.48204400033029,33.74723300020287],[-84.48204219988759,33.74651210005345],[-84.4820420002381,33.746438000413434]]},"properties":{"overall":33,"safety":100,"sidewalk":0,"sidewalk_present":0,"canopy":0.0,"comfort":0.0,"name":"Fielding Court Southwest","road_type":"residential","osm_id":9256671}},{"type":"Feature","geometry":{"type":"LineString","coordinates":[[-84.4976919997859,33.74658399995167],[-84.49768899964755,33.746284999653085],[-84.49762500029351,33.74598800034602],[-84.49758960027981,33.745891200018946],[-84.4975209999941,33.74570399983975],[-84.49722299974161,33.74498580035447]]},"properties":{"overall":49,"safety":95,"sidewalk":0,"sidewalk_present":0,"canopy":53.4,"comfort":57.7,"name":"Brownlee Road Southwest","road_type":"residential","osm_id":629329072}},{"type":"Feature","geometry":{"type":"LineString","coordinates":[[-84.49758960027981,33.745891200018946],[-84.4974954997175,33.74592059975595],[-84.49743859961166,33.745938400037176],[-84.49738349994851,33.74593260030929],[-84.49726449985673,33.745735299844284],[-84.4971662003598,33.74570480023641]]},"properties":{"overall":49,"safety":99,"sidewalk":0,"sidewalk_present":0,"canopy":49.0,"comfort":57.0,"name":"","road_type":"service","osm_id":1092570514}},{"type":"Feature","geometry":{"type":"LineString","coordinates":[[-84.49675489991864,33.7465340003439],[-84.49687209956772,33.746178400313],[-84.49685940024108,33.74609030002739],[-84.49675349967424,33.74591229991279],[-84.4971662003598,33.74570480023641]]},"properties":{"overall":41,"safety":99,"sidewalk":0,"sidewalk_present":0,"canopy":24.4,"comfort":43.7,"name":"","road_type":"unclassified","osm_id":243347921}},{"type":"Feature","geometry":{"type":"LineString","coordinates":[[-84.49576929961347,33.74637250009084],[-84.49585549963155,33.746126100239394]]},"properties":{"overall":25,"safety":50,"sidewalk":0,"sidewalk_present":0,"canopy":25.5,"comfort":45.9,"name":"","road_type":"service","osm_id":795143188}},{"type":"Feature","geometry":{"type":"LineString","coordinates":[[-84.49480000041967,33.74871400015104],[-84.49463700009744,33.74852300033626],[-84.494521000144,33.74837099962201],[-84.49444100005206,33.74818700013003],[-84.49441299966014,33.748007999969275],[-84.49443599982152,33.747798000177625],[-84.49447399977521,33.74769499992436],[-84.49457099975177,33.74743200038654],[-84.49463700009744,33.74714899992648],[-84.49466000025876,33.746886000388656],[-84.49465330030955,33.74659999979019],[-84.49464999979762,33.74645700039031],[-84.49468599965911,33.74636899992947],[-84.49475700023532,33.74629199997588],[-84.49489000007338,33.74622699967637],[-84.49504299993447,33.74621399997619],[-84.49567539959997,33.746352000044794],[-84.49576929961347,33.74637250009084],[-84.49596900036903,33.74641600029821],[-84.49675489991864,33.7465340003439],[-84.49681990021816,33.746543800256234],[-84.49706100036485,33.74657999976722],[-84.49728199976443,33.746595999605745],[-84.4976919997859,33.74658399995167]]},"properties":{"overall":38,"safety":83,"sidewalk":0,"sidewalk_present":0,"canopy":29.9,"comfort":46.5,"name":"Scott Street Southwest","road_type":"residential","osm_id":9273152}},{"type":"Feature","geometry":{"type":"LineString","coordinates":[[-84.49497989990243,33.746840000066015],[-84.49497500039593,33.74673899990495],[-84.4949586003591,33.74668450008966],[-84.49492740017934,33.74664900025124],[-84.49488640008724,33.74662450002069],[-84.4947929002721,33.746603999974695],[-84.49465330030955,33.74659999979019],[-84.49425479991902,33.74662450002069]]},"properties":{"overall":49,"safety":100,"sidewalk":0,"sidewalk_present":0,"canopy":47.1,"comfort":56.4,"name":"London Towne Homes","road_type":"residential","osm_id":359645960}},{"type":"Feature","geometry":{"type":"LineString","coordinates":[[-84.49868110025255,33.74459840029601],[-84.49856999980562,33.744993799824044],[-84.49817100029139,33.74631199999885],[-84.4980266995725,33.74675959977577],[-84.49766500033945,33.747796400283676],[-84.49704250041106,33.74940539983936],[-84.4967024001956,33.75026740002056]]},"properties":{"overall":25,"safety":66,"sidewalk":0,"sidewalk_present":0,"canopy":8.9,"comfort":38.4,"name":"Atlanta Bypass / The Perimeter","road_type":"motorway","osm_id":230250691}},{"type":"Feature","geometry":{"type":"LineString","coordinates":[[-84.49681990021816,33.746543800256234],[-84.49681439996453,33.74660230025603],[-84.49681439996453,33.74666209977613],[-84.49683990024118,33.746726900426154],[-84.4969387995859,33.746789200061585],[-84.4969761996918,33.746821599936936],[-84.49698370003767,33.74684150013519],[-84.49695530034677,33.746944899687435]]},"properties":{"overall":42,"safety":99,"sidewalk":0,"sidewalk_present":0,"canopy":27.0,"comfort":42.3,"name":"","road_type":"unclassified","osm_id":243347926}},{"type":"Feature","geometry":{"type":"LineString","coordinates":[[-84.49567539959997,33.746352000044794],[-84.4957217002962,33.746536000436095],[-84.49562630021353,33.746819599844684],[-84.49558389987703,33.74696760037449],[-84.495592400269,33.747318200174846]]},"properties":{"overall":38,"safety":96,"sidewalk":0,"sidewalk_present":0,"canopy":17.8,"comfort":39.5,"name":"","road_type":"unclassified","osm_id":243347922}},{"type":"Feature","geometry":{"type":"LineString","coordinates":[[-84.49601709970932,33.74783629960558],[-84.49607430018875,33.74690960039777],[-84.49609549990737,33.746862100005956],[-84.49617180018839,33.74684269983078],[-84.49695530034677,33.746944899687435],[-84.49719929990772,33.74698710037444],[-84.49725019973687,33.74702589982547],[-84.49725439957086,33.7470716995993],[-84.49694300031916,33.747875000131216],[-84.49689199976592,33.74790599976211],[-84.49686460012117,33.747922600347806],[-84.49609120024866,33.74791200003881],[-84.49601709970932,33.74783629960558]]},"properties":{"overall":41,"safety":100,"sidewalk":0,"sidewalk_present":0,"canopy":22.4,"comfort":38.2,"name":"","road_type":"unclassified","osm_id":243347883}},{"type":"Feature","geometry":{"type":"LineString","coordinates":[[-84.48705200014967,33.744324000052586],[-84.48823799998365,33.744445000236624],[-84.48840799972936,33.74447799995977],[-84.48859400021291,33.74453599993649],[-84.4887490001662,33.74460400037435],[-84.48889199956608,33.74468699970532],[-84.48983599993142,33.745347999610544]]},"properties":{"overall":45,"safety":100,"sidewalk":0,"sidewalk_present":0,"canopy":34.0,"comfort":54.7,"name":"Rebecca Drive Southwest","road_type":"residential","osm_id":9277178}},{"type":"Feature","geometry":{"type":"LineString","coordinates":[[-84.48896429966265,33.74778010007162],[-84.48864470039257,33.74777049980878],[-84.4885408997427,33.74775879962897],[-84.4884889998674,33.747729700265495],[-84.48848060019952,33.74767139991525],[-84.48850160026859,33.747613099564944],[-84.4885549003883,33.747575800183085],[-84.488641800079,33.74758510007234],[-84.48898510008229,33.747703500316334]]},"properties":{"overall":41,"safety":100,"sidewalk":0,"sidewalk_present":0,"canopy":24.1,"comfort":54.5,"name":"","road_type":"service","osm_id":922486664}},{"type":"Feature","geometry":{"type":"LineString","coordinates":[[-84.4889909996349,33.747681600025885],[-84.48941109994229,33.747756599887225],[-84.48960569974321,33.74780749971637],[-84.48969530009799,33.7478638997992],[-84.48978040024525,33.74796420028764],[-84.48990949972358,33.74811649957684],[-84.49034440017391,33.74871440034934],[-84.49037680004926,33.748725800155626]]},"properties":{"overall":44,"safety":99,"sidewalk":0,"sidewalk_present":0,"canopy":32.1,"comfort":56.4,"name":"King Walk Drive Southwest","road_type":"residential","osm_id":243347925}},{"type":"Feature","geometry":{"type":"LineString","coordinates":[[-84.49174849999326,33.74907670032951],[-84.49183489966083,33.74807899964617],[-84.49174520038065,33.74804299978467],[-84.49113630000022,33.74800959986317]]},"properties":{"overall":50,"safety":100,"sidewalk":0,"sidewalk_present":0,"canopy":49.5,"comfort":58.7,"name":"","road_type":"unclassified","osm_id":243347919}},{"type":"Feature","geometry":{"type":"LineString","coordinates":[[-84.48918429991545,33.74819839993626],[-84.48915359975877,33.748160499807284],[-84.48915120036759,33.74811920024098],[-84.48916699965724,33.74808950013039],[-84.48919500004916,33.74806769966466],[-84.48922439978617,33.748057700102834],[-84.4892391999291,33.74805779992755],[-84.48927049993358,33.74805820012591],[-84.48931319974434,33.74807810032411],[-84.48933819999792,33.7481112996968],[-84.48934060028841,33.74815389968279],[-84.48932559959673,33.74818240009773],[-84.48929919999807,33.74820369964107],[-84.48926909968918,33.74821460032359],[-84.48923500009516,33.74821639986703],[-84.48920360026591,33.748208799696386],[-84.48918429991545,33.74819839993626]]},"properties":{"overall":39,"safety":99,"sidewalk":0,"sidewalk_present":0,"canopy":18.0,"comfort":51.4,"name":"King Walk Circle Southwest","road_type":"residential","osm_id":243347887}},{"type":"Feature","geometry":{"type":"LineString","coordinates":[[-84.48978040024525,33.74796420028764],[-84.48955810042594,33.74809200024566],[-84.48945150018653,33.74813319998725],[-84.48934060028841,33.74815389968279]]},"properties":{"overall":42,"safety":100,"sidewalk":0,"sidewalk_present":0,"canopy":25.7,"comfort":54.1,"name":"King Walk Circle Southwest","road_type":"residential","osm_id":243347920}},{"type":"Feature","geometry":{"type":"LineString","coordinates":[[-84.49247429964919,33.748770000035506],[-84.49247829983364,33.7482842995808]]},"properties":{"overall":15,"safety":33,"sidewalk":0,"sidewalk_present":0,"canopy":10.8,"comfort":44.1,"name":"","road_type":"residential","osm_id":243347907}},{"type":"Feature","geometry":{"type":"LineString","coordinates":[[-84.49279780017832,33.748275700263434],[-84.49247829983364,33.7482842995808],[-84.49219890025898,33.74829380001893],[-84.49212450024544,33.74830479962685],[-84.49209389991353,33.74834109986193],[-84.49208300013032,33.74845919973234],[-84.49207770042551,33.74897060011318],[-84.49207649983055,33.7490839003018]]},"properties":{"overall":43,"safety":100,"sidewalk":0,"sidewalk_present":0,"canopy":28.0,"comfort":50.7,"name":"","road_type":"unclassified","osm_id":243347928}},{"type":"Feature","geometry":{"type":"LineString","coordinates":[[-84.49040989959713,33.748804999850904],[-84.49037920033976,33.74876709972193],[-84.49037680004926,33.748725800155626],[-84.4903926002383,33.748696000220264],[-84.49042059973084,33.74867429957931],[-84.49045000036716,33.74866420019276],[-84.49046479961078,33.748664399842255],[-84.49049609961526,33.74866480004056],[-84.49053880032534,33.748684700238755],[-84.49056379967959,33.748717799786675],[-84.49056619997009,33.748760399772664],[-84.49055120017772,33.74878890018766],[-84.49052479967975,33.748810299555714],[-84.49049470027018,33.74882110041352],[-84.49046059977684,33.748822899956906],[-84.49042919994758,33.748815299786315],[-84.49040989959713,33.748804999850904]]},"properties":{"overall":47,"safety":99,"sidewalk":0,"sidewalk_present":0,"canopy":41.8,"comfort":59.0,"name":"King Walk Drive Southwest","road_type":"residential","osm_id":243347888}},{"type":"Feature","geometry":{"type":"LineString","coordinates":[[-84.49076799974335,33.74905499968855],[-84.49090790007949,33.749057499803826],[-84.4912687998152,33.74906610002057],[-84.49174849999326,33.74907670032951],[-84.49207649983055,33.7490839003018],[-84.49310599964213,33.74910669991431],[-84.49343699961781,33.74911399971137],[-84.49358400010146,33.74914300014939],[-84.49372100012403,33.74919699994166],[-84.49383600003137,33.7492709997569],[-84.49393700019237,33.74937199991791]]},"properties":{"overall":41,"safety":81,"sidewalk":0,"sidewalk_present":0,"canopy":42.1,"comfort":53.9,"name":"Cushman Circle Southwest","road_type":"residential","osm_id":9271794}},{"type":"Feature","geometry":{"type":"LineString","coordinates":[[-84.49710270012946,33.74463619970089],[-84.49687900006575,33.74408599986907],[-84.49678500022753,33.74377399987026],[-84.49674950038911,33.7435645999264],[-84.49674600022769,33.743544000055635],[-84.4967319995821,33.7432932996461],[-84.49672700025081,33.7432029996188],[-84.49674950038911,33.742693000381735],[-84.49675000041213,33.74268270044632],[-84.49677439991859,33.74180959993316],[-84.49678400018144,33.741467999648535],[-84.49678200008918,33.74092899997345],[-84.49669200043542,33.74038600011386],[-84.49664600011278,33.7402120001837],[-84.49653500038994,33.73992899972359],[-84.49631800027544,33.73937800039448],[-84.49624899979148,33.73919299995703],[-84.49612899965359,33.738747000074056],[-84.49610400029934,33.73844200039804],[-84.49612100018396,33.73774299963975],[-84.49616100022996,33.73694000038074],[-84.49618999976866,33.73682200033511],[-84.49625299997592,33.73674500038152]]},"properties":{"overall":57,"safety":98,"sidewalk":0,"sidewalk_present":0,"canopy":73.8,"comfort":73.0,"name":"Brownlee Road Southwest","road_type":"residential","osm_id":230250708}},{"type":"Feature","geometry":{"type":"LineString","coordinates":[[-84.49678200008918,33.74092899997345],[-84.49701879967785,33.74091150006575],[-84.49715689957122,33.740915500250196],[-84.49734719971343,33.7409334003562],[-84.4974715004094,33.74093860023629],[-84.49776250033909,33.74096060035146],[-84.49798749992317,33.7409732996781],[-84.4980151999415,33.740974400448295]]},"properties":{"overall":33,"safety":100,"sidewalk":0,"sidewalk_present":0,"canopy":0.0,"comfort":0.0,"name":"","road_type":"service","osm_id":842623828}},{"type":"Feature","geometry":{"type":"LineString","coordinates":[[-84.49677439991859,33.74180959993316],[-84.49690290044845,33.74180669961953],[-84.49701850020358,33.74181059997926],[-84.49716559961269,33.741831900421914],[-84.49723569996752,33.74184650001604]]},"properties":{"overall":32,"safety":95,"sidewalk":0,"sidewalk_present":0,"canopy":0.0,"comfort":0.0,"name":"","road_type":"service","osm_id":1289343939}},{"type":"Feature","geometry":{"type":"LineString","coordinates":[[-84.49675000041213,33.74268270044632],[-84.49860549964404,33.74269749968988]]},"properties":{"overall":30,"safety":89,"sidewalk":0,"sidewalk_present":0,"canopy":0.0,"comfort":0.0,"name":"Dameron Circle Southwest","road_type":"residential","osm_id":9275630}},{"type":"Feature","geometry":{"type":"LineString","coordinates":[[-84.49674950038911,33.742693000381735],[-84.49660619971633,33.74269520012342],[-84.4965198000487,33.74270609990663],[-84.49645169978606,33.742716499666756],[-84.49639679977247,33.742731700007994],[-84.4963017998881,33.74277039963431],[-84.49623569971772,33.74279920042284],[-84.4961775000915,33.74282970003071],[-84.49612050016094,33.74285089974927],[-84.49607080002738,33.74286719996138],[-84.4960360996862,33.74288410002123]]},"properties":{"overall":32,"safety":96,"sidewalk":0,"sidewalk_present":0,"canopy":0.0,"comfort":0.0,"name":"","road_type":"service","osm_id":842623827}},{"type":"Feature","geometry":{"type":"LineString","coordinates":[[-84.4967319995821,33.7432932996461],[-84.49654349988259,33.7432797999229],[-84.49635879981872,33.74327669995978],[-84.49630449965292,33.74329479971527],[-84.49622479993451,33.743345999918006],[-84.49612699956134,33.743406300360505]]},"properties":{"overall":33,"safety":100,"sidewalk":0,"sidewalk_present":0,"canopy":0.0,"comfort":0.0,"name":"","road_type":"service","osm_id":713659829}},{"type":"Feature","geometry":{"type":"LineString","coordinates":[[-84.49674950038911,33.7435645999264],[-84.49654609982264,33.74358030029066],[-84.49641719999374,33.74358690041515],[-84.49633569983263,33.74365899996292],[-84.49623580044181,33.743755200442195]]},"properties":{"overall":33,"safety":100,"sidewalk":0,"sidewalk_present":0,"canopy":0.0,"comfort":0.0,"name":"","road_type":"service","osm_id":713659828}},{"type":"Feature","geometry":{"type":"LineString","coordinates":[[-84.49881889977235,33.74413410010868],[-84.49868110025255,33.74459840029601]]},"properties":{"overall":31,"safety":94,"sidewalk":0,"sidewalk_present":0,"canopy":0.0,"comfort":0.0,"name":"Atlanta Bypass / The Perimeter","road_type":"motorway","osm_id":230250693}},{"type":"Feature","geometry":{"type":"LineString","coordinates":[[-84.49722299974161,33.74498580035447],[-84.49710270012946,33.74463619970089]]},"properties":{"overall":33,"safety":98,"sidewalk":0,"sidewalk_present":0,"canopy":0.0,"comfort":0.0,"name":"Brownlee Road Southwest","road_type":"residential","osm_id":230250709}},{"type":"Feature","geometry":{"type":"LineString","coordinates":[[-84.47679789960335,33.74739119994399],[-84.47683410001366,33.74731760032705],[-84.47678849988932,33.74677339987255]]},"properties":{"overall":33,"safety":98,"sidewalk":0,"sidewalk_present":0,"canopy":0.0,"comfort":0.0,"name":"","road_type":"service","osm_id":562686168}},{"type":"Feature","geometry":{"type":"LineString","coordinates":[[-84.47861810044492,33.74687969973843],[-84.47818899972253,33.74731930004572]]},"properties":{"overall":41,"safety":100,"sidewalk":0,"sidewalk_present":0,"canopy":22.0,"comfort":51.5,"name":"","road_type":"service","osm_id":386967582}},{"type":"Feature","geometry":{"type":"LineString","coordinates":[[-84.47833879979572,33.74742569973631],[-84.47818899972253,33.74731930004572]]},"properties":{"overall":47,"safety":100,"sidewalk":0,"sidewalk_present":0,"canopy":40.5,"comfort":58.3,"name":"","road_type":"service","osm_id":562686152}},{"type":"Feature","geometry":{"type":"LineString","coordinates":[[-84.4767012998251,33.74730979960759],[-84.4767535998987,33.747355499556704],[-84.47679789960335,33.74739119994399]]},"properties":{"overall":33,"safety":98,"sidewalk":0,"sidewalk_present":0,"canopy":0.0,"comfort":0.0,"name":"","road_type":"service","osm_id":562686160}},{"type":"Feature","geometry":{"type":"LineString","coordinates":[[-84.4764303997431,33.74744579958406],[-84.47658200025904,33.747387900331375],[-84.4767012998251,33.74730979960759]]},"properties":{"overall":33,"safety":100,"sidewalk":0,"sidewalk_present":0,"canopy":0.0,"comfort":0.0,"name":"","road_type":"service","osm_id":562686162}},{"type":"Feature","geometry":{"type":"LineString","coordinates":[[-84.47685960029031,33.747531200104845],[-84.47679789960335,33.74739119994399]]},"properties":{"overall":33,"safety":98,"sidewalk":0,"sidewalk_present":0,"canopy":0.0,"comfort":0.0,"name":"","road_type":"service","osm_id":562686170}},{"type":"Feature","geometry":{"type":"LineString","coordinates":[[-84.47679789960335,33.74739119994399],[-84.4767495997142,33.747424699690214]]},"properties":{"overall":33,"safety":98,"sidewalk":0,"sidewalk_present":0,"canopy":0.0,"comfort":0.0,"name":"","road_type":"service","osm_id":562686166}},{"type":"Feature","geometry":{"type":"LineString","coordinates":[[-84.47886109995977,33.74691769969212],[-84.47833879979572,33.74742569973631]]},"properties":{"overall":41,"safety":100,"sidewalk":0,"sidewalk_present":0,"canopy":23.1,"comfort":52.2,"name":"","road_type":"service","osm_id":386967581}},{"type":"Feature","geometry":{"type":"LineString","coordinates":[[-84.47740839987773,33.74752230041389],[-84.4775181000802,33.74742579956103]]},"properties":{"overall":43,"safety":100,"sidewalk":0,"sidewalk_present":0,"canopy":27.8,"comfort":54.7,"name":"","road_type":"service","osm_id":562686156}},{"type":"Feature","geometry":{"type":"LineString","coordinates":[[-84.47717029986939,33.74730680036862],[-84.47724390038564,33.74737489973188],[-84.47740839987773,33.74752230041389],[-84.47748589985434,33.7475929997172]]},"properties":{"overall":66,"safety":99,"sidewalk":100,"sidewalk_present":1,"canopy":0.0,"comfort":0.0,"name":"","road_type":"service","osm_id":386967591}},{"type":"Feature","geometry":{"type":"LineString","coordinates":[[-84.481055300062,33.7466527000621],[-84.4808517996708,33.7466527000621],[-84.48082559972164,33.74664490024202],[-84.48061550010522,33.7465808999886],[-84.48057419963959,33.7465754995597],[-84.48049240000421,33.746575899758]]},"properties":{"overall":46,"safety":100,"sidewalk":0,"sidewalk_present":0,"canopy":37.0,"comfort":54.1,"name":"","road_type":"service","osm_id":769208712}},{"type":"Feature","geometry":{"type":"LineString","coordinates":[[-84.48115199966503,33.75443100029048],[-84.48115890016305,33.75421660011608],[-84.48118899957262,33.753287999741474],[-84.48122500033344,33.75313199974204],[-84.48127299984901,33.75303000043425],[-84.48134799971041,33.75292400004264],[-84.48183499968547,33.75244100025202],[-84.48198600035357,33.752235999791594],[-84.48204500037644,33.75211000027633],[-84.48215829966574,33.75180120006536],[-84.48251100028239,33.75083399988921],[-84.48305540038638,33.749328899908846],[-84.48353580023695,33.7480004996234],[-84.4835980000476,33.74784899983155],[-84.48365900016267,33.74755199962516],[-84.48365600002433,33.747234000248966],[-84.48362000016283,33.74660299992854],[-84.48358400030133,33.74638399972184],[-84.48348150007115,33.74605220024887],[-84.48333499961052,33.745578000324485],[-84.4832419998184,33.74537499995631],[-84.48313400023386,33.745207000302855],[-84.48300200044196,33.74505100030348],[-84.48283299984303,33.74489700039629],[-84.48265000039714,33.74476899988946],[-84.48252409980734,33.74470150037399],[-84.48245799963695,33.744665999636254],[-84.48225300007584,33.74458200025913],[-84.48200999966173,33.74451499986742],[-84.48181399961635,33.74448100009812],[-84.48158599989392,33.7444640002135],[-84.47898000022678,33.744444000190526],[-84.4788949999043,33.74443499977548]]},"properties":{"overall":46,"safety":76,"sidewalk":0,"sidewalk_present":0,"canopy":61.4,"comfort":64.9,"name":"Harlan Road Southwest","road_type":"residential","osm_id":9268250}},{"type":"Feature","geometry":{"type":"LineString","coordinates":[[-84.48204219988759,33.74651210005345],[-84.48195470034909,33.74654480030233],[-84.48185420021116,33.74658419960116],[-84.48170190002264,33.746636700223576],[-84.48160759981084,33.74666309982223],[-84.48158819963567,33.746667299656224],[-84.48151329959904,33.746665699762275]]},"properties":{"overall":33,"safety":100,"sidewalk":0,"sidewalk_present":0,"canopy":0.0,"comfort":0.0,"name":"","road_type":"service","osm_id":769208711}},{"type":"Feature","geometry":{"type":"LineString","coordinates":[[-84.48741780029121,33.74646659975383],[-84.48731089967822,33.74647700041328],[-84.48721770023661,33.74651539966601],[-84.48718829960029,33.746564999974794],[-84.48719460025058,33.746621700431206],[-84.48721870028277,33.74666790040334],[-84.48724390018583,33.74669659956845],[-84.48726380038403,33.746720199577624],[-84.48727320009806,33.74674800032],[-84.48728059971984,33.74687380018577]]},"properties":{"overall":33,"safety":100,"sidewalk":0,"sidewalk_present":0,"canopy":0.0,"comfort":0.0,"name":"","road_type":"service","osm_id":829658572}},{"type":"Feature","geometry":{"type":"LineString","coordinates":[[-84.48652269966283,33.7472249000092],[-84.48686699971222,33.746750500435326]]},"properties":{"overall":33,"safety":100,"sidewalk":0,"sidewalk_present":0,"canopy":0.0,"comfort":0.0,"name":"","road_type":"service","osm_id":730183892}},{"type":"Feature","geometry":{"type":"LineString","coordinates":[[-84.48678200028905,33.74618720017918],[-84.48676899968956,33.746420499606415],[-84.48677549998928,33.746539899896504],[-84.48679800012758,33.746661999951414],[-84.486844999597,33.74673000038928],[-84.48686699971222,33.746750500435326],[-84.48690299957372,33.74678400018149],[-84.48697300010383,33.74682700036584],[-84.48705899957315,33.746857999996735],[-84.48715799964191,33.746871999743064],[-84.48728059971984,33.74687380018577],[-84.48909299984206,33.74690100018108],[-84.48917600007229,33.746911999789006]]},"properties":{"overall":33,"safety":99,"sidewalk":0,"sidewalk_present":0,"canopy":0.0,"comfort":0.0,"name":"Lynhurst Circle Southwest","road_type":"residential","osm_id":9245647}},{"type":"Feature","geometry":{"type":"LineString","coordinates":[[-84.48418529961185,33.74805360009361],[-84.48385540040636,33.748056700056736],[-84.48376250043901,33.748051900374946],[-84.48353580023695,33.7480004996234]]},"properties":{"overall":33,"safety":100,"sidewalk":0,"sidewalk_present":0,"canopy":0.0,"comfort":0.0,"name":"","road_type":"service","osm_id":730183893}},{"type":"Feature","geometry":{"type":"LineString","coordinates":[[-84.4888081998385,33.74835630020317],[-84.48861569995455,33.74830960020796],[-84.48849230037933,33.74827170007893],[-84.48829380021868,33.74823940002835],[-84.4881034002517,33.74819370007924],[-84.48784049963933,33.74813789984427],[-84.4877063999304,33.7481022003563],[-84.48759509983392,33.7480408998677]]},"properties":{"overall":55,"safety":99,"sidewalk":0,"sidewalk_present":0,"canopy":64.7,"comfort":69.0,"name":"","road_type":"service","osm_id":765287860}},{"type":"Feature","geometry":{"type":"LineString","coordinates":[[-84.48305540038638,33.749328899908846],[-84.48268669993121,33.749245200006044],[-84.48257660042975,33.74923430022284],[-84.48250230024092,33.749238300407285],[-84.48243079964163,33.749248600342696],[-84.48233789967429,33.74928930006121]]},"properties":{"overall":33,"safety":100,"sidewalk":0,"sidewalk_present":0,"canopy":0.0,"comfort":0.0,"name":"","road_type":"service","osm_id":916305088}},{"type":"Feature","geometry":{"type":"LineString","coordinates":[[-84.48748090032325,33.750154400205474],[-84.48748009992664,33.74996619998018],[-84.4874783003832,33.74953319979738],[-84.4865245999303,33.749520499571474],[-84.4865326002992,33.74996729985105],[-84.48653570026232,33.75013879966593]]},"properties":{"overall":45,"safety":100,"sidewalk":0,"sidewalk_present":0,"canopy":35.3,"comfort":47.3,"name":"","road_type":"service","osm_id":395713502}},{"type":"Feature","geometry":{"type":"LineString","coordinates":[[-84.4767495997142,33.747424699690214],[-84.47656589969648,33.74753060025705],[-84.47643709969236,33.74758860023377],[-84.4764303997431,33.74744579958406]]},"properties":{"overall":33,"safety":99,"sidewalk":0,"sidewalk_present":0,"canopy":0.0,"comfort":0.0,"name":"","road_type":"service","osm_id":562686164}},{"type":"Feature","geometry":{"type":"LineString","coordinates":[[-84.4780682000873,33.74683869964633],[-84.47792400009251,33.746753999697376],[-84.477933200157,33.74678369980796],[-84.47792800027696,33.74681670043043],[-84.47790409989426,33.74685850001981],[-84.47787639987592,33.74689699999658],[-84.47761979991378,33.74714439989418],[-84.47755760010313,33.74719390037825],[-84.47751400007098,33.74721369985241],[-84.47745969990518,33.74723129958488],[-84.47741080016823,33.74724780034575],[-84.47738300032518,33.74726540007822],[-84.47724390038564,33.74737489973188],[-84.47721239983235,33.74739959961187],[-84.47701799968092,33.74757769955124],[-84.4769915002575,33.74759640005385],[-84.47688840017946,33.747638199643234],[-84.47674020000017,33.74769649999354],[-84.47660000018982,33.74774710034848],[-84.47649690011184,33.747786700196116],[-84.47640130037968,33.74780429992853],[-84.47623649961474,33.747834599886914],[-84.47565589999977,33.74785989961475],[-84.47564440036876,33.74786039963777],[-84.47544299989448,33.747869800251124],[-84.47524980033796,33.74788189972992],[-84.47506599959615,33.74792919957298],[-84.47490200012714,33.74798969966497],[-84.4745488003868,33.748132600139456],[-84.4739152999511,33.74841380015681]]},"properties":{"overall":75,"safety":91,"sidewalk":100,"sidewalk_present":1,"canopy":33.2,"comfort":54.7,"name":"","road_type":"footway","osm_id":1091975650}},{"type":"Feature","geometry":{"type":"LineString","coordinates":[[-84.47748589985434,33.7475929997172],[-84.47757540038441,33.74767340000744],[-84.47723520034418,33.74766999967079]]},"properties":{"overall":33,"safety":100,"sidewalk":0,"sidewalk_present":0,"canopy":0.0,"comfort":0.0,"name":"","road_type":"service","osm_id":562686157}},{"type":"Feature","geometry":{"type":"LineString","coordinates":[[-84.47639720037046,33.74774400038535],[-84.47640130037968,33.74780429992853],[-84.4764062997109,33.747878500292586],[-84.47648670000115,33.747981100347545],[-84.47664770023113,33.74800120019529],[-84.47694270034532,33.74796099960048],[-84.47729409964296,33.747929800320094],[-84.47777689978403,33.74791869998808],[-84.47830260028474,33.74792089972976],[-84.47883640007979,33.7479342996283],[-84.47935389966273,33.74792759967903],[-84.47953110028004,33.74792539993729],[-84.47961420033505,33.74796099960048]]},"properties":{"overall":81,"safety":100,"sidewalk":100,"sidewalk_present":1,"canopy":43.5,"comfort":60.9,"name":"","road_type":"service","osm_id":562686145}},{"type":"Feature","geometry":{"type":"LineString","coordinates":[[-84.47564440036876,33.74786039963777],[-84.475649000401,33.74803229965096],[-84.47565239983834,33.7480829000059],[-84.47567539999966,33.74812869977973],[-84.47570979996726,33.748179300134666],[-84.475743100064,33.748212700056115],[-84.4757604003222,33.74822130027286],[-84.47576980003623,33.748220300226706],[-84.4759084997774,33.748205099885524]]},"properties":{"overall":67,"safety":100,"sidewalk":100,"sidewalk_present":1,"canopy":0.0,"comfort":0.0,"name":"","road_type":"footway","osm_id":1091975651}},{"type":"Feature","geometry":{"type":"LineString","coordinates":[[-84.47935239959355,33.74823759958559],[-84.4788658996415,33.74823310027739],[-84.47883640007979,33.7479342996283]]},"properties":{"overall":38,"safety":100,"sidewalk":0,"sidewalk_present":0,"canopy":13.4,"comfort":48.9,"name":"","road_type":"service","osm_id":562686139}},{"type":"Feature","geometry":{"type":"LineString","coordinates":[[-84.47935129972268,33.74846059997674],[-84.47935239959355,33.74823759958559],[-84.47935389966273,33.74792759967903]]},"properties":{"overall":38,"safety":100,"sidewalk":0,"sidewalk_present":0,"canopy":12.9,"comfort":48.7,"name":"","road_type":"service","osm_id":562686141}},{"type":"Feature","geometry":{"type":"LineString","coordinates":[[-84.47961210041808,33.74846949966775],[-84.47935129972268,33.74846059997674]]},"properties":{"overall":36,"safety":100,"sidewalk":0,"sidewalk_present":0,"canopy":9.3,"comfort":47.1,"name":"","road_type":"service","osm_id":562686138}},{"type":"Feature","geometry":{"type":"LineString","coordinates":[[-84.47961420033505,33.74796099960048],[-84.47961210041808,33.74846949966775],[-84.47961149967091,33.74862339975016]]},"properties":{"overall":39,"safety":100,"sidewalk":0,"sidewalk_present":0,"canopy":17.2,"comfort":50.7,"name":"","road_type":"service","osm_id":562686143}},{"type":"Feature","geometry":{"type":"LineString","coordinates":[[-84.47576980003623,33.748220300226706],[-84.47578219988856,33.74831299964529],[-84.47574770009624,33.748332999668264],[-84.4757558002899,33.74839409960805],[-84.47572820009634,33.74840369987089],[-84.47571330012863,33.74841699994465],[-84.47570979996726,33.74843039984313],[-84.47573280012858,33.748589900003935],[-84.47574200019312,33.74860699971333],[-84.4757499996627,33.74862610041424],[-84.47574770009624,33.74864520021589],[-84.47573740016082,33.74867099996675],[-84.47572939979193,33.74869009976834],[-84.47573509969504,33.748793199846375],[-84.47582810038648,33.74878370030757],[-84.47587059964843,33.74879700038133],[-84.47576839979178,33.74903089965636],[-84.47572820009634,33.74903949987305],[-84.4757143999995,33.74905100040337],[-84.47566850040096,33.74908059978992],[-84.47569719956607,33.749108299808256],[-84.47558009974176,33.74919799998776]]},"properties":{"overall":67,"safety":100,"sidewalk":100,"sidewalk_present":1,"canopy":0.0,"comfort":0.0,"name":"","road_type":"footway","osm_id":1091975652}},{"type":"Feature","geometry":{"type":"LineString","coordinates":[[-84.49447399977521,33.74769499992436],[-84.49506459985139,33.747682500247265]]},"properties":{"overall":45,"safety":100,"sidewalk":0,"sidewalk_present":0,"canopy":36.2,"comfort":46.9,"name":"","road_type":"unclassified","osm_id":243347897}},{"type":"Feature","geometry":{"type":"LineString","coordinates":[[-84.4972110999123,33.74796590000631],[-84.49698589977942,33.747923600393904],[-84.49689199976592,33.74790599976211]]},"properties":{"overall":40,"safety":100,"sidewalk":0,"sidewalk_present":0,"canopy":20.1,"comfort":39.1,"name":"","road_type":"unclassified","osm_id":380848007}},{"type":"Feature","geometry":{"type":"LineString","coordinates":[[-84.49672400011247,33.74915599984956],[-84.49661239964252,33.7491247996698],[-84.4963172997036,33.74904240018668],[-84.49617340008228,33.748990100113076],[-84.49612550039149,33.748945300385344],[-84.49611049969974,33.748828199661716],[-84.49613449990721,33.74823279990386],[-84.49615850011463,33.74809820017185],[-84.49619440015141,33.74804840021358],[-84.4962842999804,33.74802850001532],[-84.49658990040354,33.74803340042115],[-84.49697020031448,33.74812080013487],[-84.49713510000481,33.74815870026384]]},"properties":{"overall":38,"safety":100,"sidewalk":0,"sidewalk_present":0,"canopy":15.5,"comfort":35.7,"name":"Brownlee Villa Apartments","road_type":"unclassified","osm_id":243347885}},{"type":"Feature","geometry":{"type":"LineString","coordinates":[[-84.49358400010146,33.74914300014939],[-84.49369609969523,33.74892080015485],[-84.49371359960293,33.748784499804856],[-84.49370050007798,33.74845010039189],[-84.49365020009662,33.7483138000419],[-84.4935692997833,33.748201200425115],[-84.49348409981133,33.748106699664504],[-84.49327209992742,33.74801579978936]]},"properties":{"overall":44,"safety":98,"sidewalk":0,"sidewalk_present":0,"canopy":32.8,"comfort":51.0,"name":"","road_type":"unclassified","osm_id":243347931}},{"type":"Feature","geometry":{"type":"LineString","coordinates":[[-84.49456689974261,33.74899279987784],[-84.49435709960045,33.748845900118226],[-84.4942074002513,33.74867369973151],[-84.49411999963826,33.748510800133374],[-84.49406389992902,33.748348000359954],[-84.49402649982306,33.7480254000522]]},"properties":{"overall":42,"safety":98,"sidewalk":0,"sidewalk_present":0,"canopy":29.5,"comfort":46.0,"name":"","road_type":"service","osm_id":713659830}},{"type":"Feature","geometry":{"type":"LineString","coordinates":[[-84.49559639955413,33.74786039963777],[-84.49559429963716,33.74833260036928],[-84.4955371000571,33.748427700078366],[-84.49546499961002,33.74851750008264],[-84.49534849963351,33.748607399911634],[-84.49527649991052,33.748637299671714],[-84.49513029982342,33.74865669984689],[-84.49495870018382,33.74862849980548],[-84.49492089987956,33.74859850022068],[-84.49481669993071,33.748515800363975],[-84.49478489990315,33.748219800203685]]},"properties":{"overall":37,"safety":98,"sidewalk":0,"sidewalk_present":0,"canopy":11.6,"comfort":32.0,"name":"","road_type":"unclassified","osm_id":243347884}},{"type":"Feature","geometry":{"type":"LineString","coordinates":[[-84.49492089987956,33.74859850022068],[-84.49480000041967,33.74871400015104]]},"properties":{"overall":33,"safety":86,"sidewalk":0,"sidewalk_present":0,"canopy":12.3,"comfort":34.5,"name":"","road_type":"unclassified","osm_id":243347891}},{"type":"Feature","geometry":{"type":"LineString","coordinates":[[-84.49393700019237,33.74937199991791],[-84.49424500000669,33.749239000079854],[-84.49443000044414,33.74912200008032],[-84.49456000014385,33.74900099989628],[-84.49456689974261,33.74899279987784],[-84.49480000041967,33.74871400015104]]},"properties":{"overall":38,"safety":78,"sidewalk":0,"sidewalk_present":0,"canopy":37.1,"comfort":47.3,"name":"Wilkins Lane Southwest","road_type":"residential","osm_id":9266603}},{"type":"Feature","geometry":{"type":"LineString","coordinates":[[-84.49604200013817,33.74980400005461],[-84.49599189980631,33.74974979971353],[-84.49596219969573,33.74967339960773],[-84.49578519962722,33.749558500424484],[-84.49542599961018,33.74932300035624],[-84.49519980033051,33.74912639956375],[-84.4949900001883,33.74881899959723],[-84.49487899956614,33.74873500022011],[-84.49480000041967,33.74871400015104]]},"properties":{"overall":40,"safety":88,"sidewalk":0,"sidewalk_present":0,"canopy":31.1,"comfort":42.9,"name":"Scott Street Southwest","road_type":"residential","osm_id":629329073}},{"type":"Feature","geometry":{"type":"LineString","coordinates":[[-84.49596219969573,33.74967339960773],[-84.4962784004278,33.74935910004251]]},"properties":{"overall":42,"safety":90,"sidewalk":0,"sidewalk_present":0,"canopy":37.1,"comfort":47.5,"name":"","road_type":"service","osm_id":1469031621}},{"type":"Feature","geometry":{"type":"LineString","coordinates":[[-84.49529399981822,33.750801000166064],[-84.49529399981822,33.750713999751326],[-84.49531599993344,33.75063599975164],[-84.49541800014055,33.750412000213714],[-84.4955560002092,33.75018399959197],[-84.49579200030053,33.74996700037684],[-84.49604200013817,33.74980400005461],[-84.4962430004141,33.74967200026265],[-84.49639900041348,33.749552000124766],[-84.49657200029753,33.74937500005626],[-84.49672400011247,33.74915599984956],[-84.49688799958147,33.74878599987403],[-84.49713510000481,33.74815870026384],[-84.4972110999123,33.74796590000631],[-84.49760300017829,33.74697099981182],[-84.49766400029336,33.74676600025077],[-84.4976919997859,33.74658399995167]]},"properties":{"overall":45,"safety":93,"sidewalk":0,"sidewalk_present":0,"canopy":43.0,"comfort":51.2,"name":"Brownlee Road Southwest","road_type":"residential","osm_id":9260734}},{"type":"Feature","geometry":{"type":"LineString","coordinates":[[-84.49393700019237,33.74937199991791],[-84.49401300009981,33.749500000424746],[-84.49405100005356,33.74964900010133],[-84.4940531997953,33.74984569981922],[-84.49406399975373,33.75081399986624]]},"properties":{"overall":38,"safety":74,"sidewalk":0,"sidewalk_present":0,"canopy":40.0,"comfort":51.8,"name":"Cushman Circle Southwest","road_type":"residential","osm_id":629329074}},{"type":"Feature","geometry":{"type":"LineString","coordinates":[[-84.4934256996363,33.74990040018338],[-84.49346879964537,33.749886699911315],[-84.49387769979597,33.74986099998523],[-84.4940531997953,33.74984569981922]]},"properties":{"overall":32,"safety":66,"sidewalk":0,"sidewalk_present":0,"canopy":30.3,"comfort":46.1,"name":"","road_type":"unclassified","osm_id":243347902}},{"type":"Feature","geometry":{"type":"LineString","coordinates":[[-84.49503019988379,33.75033400021397],[-84.49507039957922,33.74995149966202]]},"properties":{"overall":51,"safety":100,"sidewalk":0,"sidewalk_present":0,"canopy":53.7,"comfort":59.1,"name":"","road_type":"service","osm_id":562678602}},{"type":"Feature","geometry":{"type":"LineString","coordinates":[[-84.49502890036342,33.750397500444365],[-84.49503019988379,33.75033400021397]]},"properties":{"overall":50,"safety":100,"sidewalk":0,"sidewalk_present":0,"canopy":49.1,"comfort":58.9,"name":"","road_type":"service","osm_id":562678603}},{"type":"Feature","geometry":{"type":"LineString","coordinates":[[-84.4949940003728,33.7504321000614],[-84.49502890036342,33.750397500444365]]},"properties":{"overall":33,"safety":100,"sidewalk":0,"sidewalk_present":0,"canopy":0.0,"comfort":0.0,"name":"","road_type":"service","osm_id":562678604}},{"type":"Feature","geometry":{"type":"LineString","coordinates":[[-84.49478079989399,33.75062610001453],[-84.4949940003728,33.7504321000614]]},"properties":{"overall":33,"safety":100,"sidewalk":0,"sidewalk_present":0,"canopy":0.0,"comfort":0.0,"name":"","road_type":"service","osm_id":562678605}},{"type":"Feature","geometry":{"type":"LineString","coordinates":[[-84.49476739999545,33.75080660024446],[-84.49478079989399,33.75062610001453]]},"properties":{"overall":33,"safety":99,"sidewalk":0,"sidewalk_present":0,"canopy":0.0,"comfort":0.0,"name":"","road_type":"service","osm_id":562678606}},{"type":"Feature","geometry":{"type":"LineString","coordinates":[[-84.49301399989616,33.74948039970076],[-84.493084100251,33.7491955996972],[-84.49310599964213,33.74910669991431]]},"properties":{"overall":39,"safety":96,"sidewalk":0,"sidewalk_present":0,"canopy":20.2,"comfort":45.5,"name":"","road_type":"unclassified","osm_id":243347906}},{"type":"Feature","geometry":{"type":"LineString","coordinates":[[-84.4912687998152,33.74906610002057],[-84.49123420019816,33.74928930006121],[-84.49121830018436,33.749336500079494],[-84.49120249999532,33.74936720023618],[-84.49117339973259,33.749380399585846],[-84.49092110032848,33.749357400323845],[-84.49089209989046,33.749342000333115],[-84.49088680018565,33.74930899971059],[-84.4908908003701,33.74921790018601],[-84.49090790007949,33.749057499803826]]},"properties":{"overall":47,"safety":91,"sidewalk":0,"sidewalk_present":0,"canopy":49.9,"comfort":60.0,"name":"","road_type":"service","osm_id":1295966823}},{"type":"Feature","geometry":{"type":"LineString","coordinates":[[-84.49290250015025,33.7499584001601],[-84.49294009990564,33.74958690011539],[-84.49294410009009,33.74954769956673],[-84.49297900008077,33.74949860018029],[-84.49301399989616,33.74948039970076],[-84.49308610034319,33.74947860015732],[-84.49320199957259,33.74950039972373],[-84.49355610043364,33.7496675998799]]},"properties":{"overall":43,"safety":100,"sidewalk":0,"sidewalk_present":0,"canopy":30.4,"comfort":47.5,"name":"","road_type":"unclassified","osm_id":243347929}},{"type":"Feature","geometry":{"type":"LineString","coordinates":[[-84.49294009990564,33.74958690011539],[-84.4924085996771,33.749591299598876]]},"properties":{"overall":45,"safety":93,"sidewalk":0,"sidewalk_present":0,"canopy":41.4,"comfort":54.6,"name":"","road_type":"unclassified","osm_id":243347890}},{"type":"Feature","geometry":{"type":"LineString","coordinates":[[-84.49015469987944,33.75122320039043],[-84.49011769997185,33.750904899741386],[-84.49014990019771,33.74979649970874],[-84.49037229984174,33.74980099991626],[-84.49037799974485,33.74960339997699]]},"properties":{"overall":20,"safety":41,"sidewalk":0,"sidewalk_present":0,"canopy":20.1,"comfort":41.4,"name":"","road_type":"residential","osm_id":562678601}},{"type":"Feature","geometry":{"type":"LineString","coordinates":[[-84.48941510012673,33.75011170039471],[-84.48911669967589,33.75010010003962]]},"properties":{"overall":36,"safety":100,"sidewalk":0,"sidewalk_present":0,"canopy":8.4,"comfort":38.2,"name":"","road_type":"residential","osm_id":357759718}},{"type":"Feature","geometry":{"type":"LineString","coordinates":[[-84.48938540001615,33.75112930037699],[-84.48941510012673,33.75011170039471]]},"properties":{"overall":38,"safety":97,"sidewalk":0,"sidewalk_present":0,"canopy":17.2,"comfort":38.9,"name":"","road_type":"residential","osm_id":357758129}},{"type":"Feature","geometry":{"type":"LineString","coordinates":[[-84.49310400044925,33.7509463998565],[-84.49310959962827,33.75079780037822],[-84.49313669979881,33.75026649979918],[-84.49315469972959,33.7502305997624],[-84.49319509997383,33.750199799781],[-84.49328499980288,33.75018399959197],[-84.49330950003338,33.75017550009932],[-84.49332759978887,33.750162899698125],[-84.49338979959953,33.74993170018786],[-84.4934256996363,33.74990040018338]]},"properties":{"overall":35,"safety":67,"sidewalk":0,"sidewalk_present":0,"canopy":39.2,"comfort":53.1,"name":"","road_type":"unclassified","osm_id":243347916}},{"type":"Feature","geometry":{"type":"LineString","coordinates":[[-84.4913447997227,33.750850200276545],[-84.49121210025817,33.75071869960834]]},"properties":{"overall":42,"safety":100,"sidewalk":0,"sidewalk_present":0,"canopy":26.2,"comfort":45.8,"name":"","road_type":"service","osm_id":562678592}},{"type":"Feature","geometry":{"type":"LineString","coordinates":[[-84.48911669967589,33.75010010003962],[-84.48910980007719,33.75062080030972],[-84.48914789985565,33.750775200415205],[-84.48915500000322,33.75114980042298]]},"properties":{"overall":39,"safety":97,"sidewalk":0,"sidewalk_present":0,"canopy":18.6,"comfort":40.2,"name":"","road_type":"residential","osm_id":357759719}},{"type":"Feature","geometry":{"type":"LineString","coordinates":[[-84.48748009992664,33.74996619998018],[-84.48706480020036,33.749966700003256],[-84.4865326002992,33.74996729985105]]},"properties":{"overall":37,"safety":100,"sidewalk":0,"sidewalk_present":0,"canopy":10.0,"comfort":35.9,"name":"","road_type":"service","osm_id":395713499}},{"type":"Feature","geometry":{"type":"LineString","coordinates":[[-84.48706480020036,33.749966700003256],[-84.48706580024646,33.750147499707396]]},"properties":{"overall":34,"safety":100,"sidewalk":0,"sidewalk_present":0,"canopy":2.2,"comfort":30.4,"name":"","road_type":"service","osm_id":395713489}},{"type":"Feature","geometry":{"type":"LineString","coordinates":[[-84.48653570026232,33.75013879966593],[-84.48706580024646,33.750147499707396],[-84.48717269996007,33.750148899951796],[-84.48748090032325,33.750154400205474]]},"properties":{"overall":34,"safety":100,"sidewalk":0,"sidewalk_present":0,"canopy":3.1,"comfort":29.2,"name":"","road_type":"service","osm_id":562678600}},{"type":"Feature","geometry":{"type":"LineString","coordinates":[[-84.48631269987118,33.75034120018631],[-84.48706680029255,33.75034359957749],[-84.4878383997223,33.75033560010792]]},"properties":{"overall":34,"safety":100,"sidewalk":0,"sidewalk_present":0,"canopy":3.3,"comfort":27.7,"name":"","road_type":"service","osm_id":395713498}},{"type":"Feature","geometry":{"type":"LineString","coordinates":[[-84.48084540009512,33.75063840004219],[-84.48086320037635,33.750522900111775],[-84.48088320039932,33.75044909994608],[-84.48091699961981,33.750409300448894],[-84.48097279985478,33.750361300034],[-84.48101260025129,33.7502951000389],[-84.48104779971612,33.750199500306735]]},"properties":{"overall":33,"safety":98,"sidewalk":0,"sidewalk_present":0,"canopy":0.0,"comfort":0.0,"name":"","road_type":"service","osm_id":730163485}},{"type":"Feature","geometry":{"type":"LineString","coordinates":[[-84.48823540004366,33.75046969981685],[-84.48786409964845,33.7504660998307]]},"properties":{"overall":34,"safety":92,"sidewalk":0,"sidewalk_present":0,"canopy":10.5,"comfort":34.1,"name":"","road_type":"service","osm_id":395713487}},{"type":"Feature","geometry":{"type":"LineString","coordinates":[[-84.48786599991593,33.75051589978898],[-84.48706769961461,33.75051370004729],[-84.48631429976507,33.75051370004729]]},"properties":{"overall":34,"safety":100,"sidewalk":0,"sidewalk_present":0,"canopy":1.8,"comfort":26.0,"name":"","road_type":"service","osm_id":395713497}},{"type":"Feature","geometry":{"type":"LineString","coordinates":[[-84.4878674999851,33.75055410029154],[-84.48821089981311,33.75055999984414]]},"properties":{"overall":31,"safety":83,"sidewalk":0,"sidewalk_present":0,"canopy":9.8,"comfort":32.1,"name":"","road_type":"service","osm_id":395713481}},{"type":"Feature","geometry":{"type":"LineString","coordinates":[[-84.48830810033854,33.75081170029978],[-84.48836889990474,33.750584900273]]},"properties":{"overall":5,"safety":0,"sidewalk":0,"sidewalk_present":0,"canopy":15.7,"comfort":35.2,"name":"","road_type":"service","osm_id":562678589}},{"type":"Feature","geometry":{"type":"LineString","coordinates":[[-84.4778260000698,33.75062900032816],[-84.48084540009512,33.75063840004219],[-84.48105100040328,33.750638999889986],[-84.48241000012138,33.75080500035051],[-84.48251100028239,33.75083399988921]]},"properties":{"overall":33,"safety":100,"sidewalk":0,"sidewalk_present":0,"canopy":0.0,"comfort":0.0,"name":"Tee Road Southwest","road_type":"residential","osm_id":9267183}},{"type":"Feature","geometry":{"type":"LineString","coordinates":[[-84.48631589965902,33.75069089976529],[-84.48706850001122,33.750690799940514],[-84.487872900414,33.7506921003602]]},"properties":{"overall":29,"safety":86,"sidewalk":0,"sidewalk_present":0,"canopy":1.2,"comfort":24.4,"name":"","road_type":"service","osm_id":395713493}},{"type":"Feature","geometry":{"type":"LineString","coordinates":[[-84.48815470027915,33.7507673996958],[-84.48825359962387,33.75078779991708]]},"properties":{"overall":15,"safety":32,"sidewalk":0,"sidewalk_present":0,"canopy":13.6,"comfort":32.9,"name":"","road_type":"service","osm_id":562678591}},{"type":"Feature","geometry":{"type":"LineString","coordinates":[[-84.48825359962387,33.75078779991708],[-84.48830810033854,33.75081170029978],[-84.48865319988522,33.750962899718104]]},"properties":{"overall":15,"safety":33,"sidewalk":0,"sidewalk_present":0,"canopy":12.0,"comfort":33.3,"name":"","road_type":"service","osm_id":562678590}},{"type":"Feature","geometry":{"type":"LineString","coordinates":[[-84.4878798000127,33.750868100382604],[-84.4870694002326,33.75086219993062],[-84.48631749955291,33.75087030012429]]},"properties":{"overall":24,"safety":72,"sidewalk":0,"sidewalk_present":0,"canopy":0.7,"comfort":23.4,"name":"","road_type":"service","osm_id":395713496}},{"type":"Feature","geometry":{"type":"LineString","coordinates":[[-84.48631910034618,33.75104509955173],[-84.48707029955466,33.75104859971316]]},"properties":{"overall":22,"safety":67,"sidewalk":0,"sidewalk_present":0,"canopy":0.0,"comfort":21.8,"name":"","road_type":"service","osm_id":395713492}},{"type":"Feature","geometry":{"type":"LineString","coordinates":[[-84.48805539983681,33.75116630028458],[-84.48814779978107,33.7511814997265],[-84.48821070016362,33.75117650039522],[-84.4883592996419,33.75109710015113],[-84.48845559994595,33.75109140024796],[-84.4885648001254,33.75112670043694],[-84.4886422002773,33.75126790029344]]},"properties":{"overall":10,"safety":26,"sidewalk":0,"sidewalk_present":0,"canopy":4.1,"comfort":28.2,"name":"","road_type":"service","osm_id":908277268}},{"type":"Feature","geometry":{"type":"LineString","coordinates":[[-84.48706580024646,33.750147499707396],[-84.48706680029255,33.75034359957749],[-84.48706769961461,33.75051370004729],[-84.48706850001122,33.750690799940514],[-84.4870694002326,33.75086219993062],[-84.48707029955466,33.75104859971316],[-84.48707119977604,33.75121410015066],[-84.48707209999736,33.75139470020531],[-84.48707300021874,33.75158610021839],[-84.48711119982198,33.75162339960025],[-84.48724819984449,33.75175740038378],[-84.48741620039732,33.75187250011584]]},"properties":{"overall":26,"safety":78,"sidewalk":0,"sidewalk_present":0,"canopy":0.6,"comfort":23.7,"name":"","road_type":"service","osm_id":395713480}},{"type":"Feature","geometry":{"type":"LineString","coordinates":[[-84.48707119977604,33.75121410015066],[-84.48632070024007,33.75122449991079]]},"properties":{"overall":11,"safety":33,"sidewalk":0,"sidewalk_present":0,"canopy":0.0,"comfort":21.5,"name":"","road_type":"service","osm_id":395713486}},{"type":"Feature","geometry":{"type":"LineString","coordinates":[[-84.48833159962356,33.75137709957352],[-84.48822560013133,33.751360999910275],[-84.48817830028827,33.75135050032537],[-84.48814169967966,33.751332000371576],[-84.48810579964288,33.75131270002112],[-84.48807780015034,33.751289500210305],[-84.48803739990603,33.751241899993715]]},"properties":{"overall":0,"safety":0,"sidewalk":0,"sidewalk_present":0,"canopy":0.0,"comfort":25.4,"name":"","road_type":"secondary_link","osm_id":1280097366}},{"type":"Feature","geometry":{"type":"LineString","coordinates":[[-84.48816950042209,33.75131930014561],[-84.48814169967966,33.751332000371576],[-84.48810040011335,33.75135100034845]]},"properties":{"overall":0,"safety":0,"sidewalk":0,"sidewalk_present":0,"canopy":0.0,"comfort":25.3,"name":"","road_type":"footway","osm_id":1354659781}},{"type":"Feature","geometry":{"type":"LineString","coordinates":[[-84.49140119980547,33.75109689960226],[-84.4913447997227,33.750850200276545]]},"properties":{"overall":42,"safety":99,"sidewalk":0,"sidewalk_present":0,"canopy":28.3,"comfort":45.5,"name":"","road_type":"service","osm_id":562678593}},{"type":"Feature","geometry":{"type":"LineString","coordinates":[[-84.49049680018715,33.751367500209994],[-84.4906279995825,33.75121500037204],[-84.49068999974367,33.75114900002637],[-84.49078200038895,33.751111000072626],[-84.49087099999662,33.751096000280256],[-84.49140119980547,33.75109689960226],[-84.49208300013032,33.75109800037245],[-84.49233700015242,33.75108299968076],[-84.49256399982869,33.75105100000371],[-84.49310400044925,33.7509463998565],[-84.49363799989374,33.75084300030426],[-84.49384899973154,33.75082000014294],[-84.49406399975373,33.75081399986624]]},"properties":{"overall":30,"safety":42,"sidewalk":0,"sidewalk_present":0,"canopy":47.6,"comfort":54.4,"name":"Boulder Park Drive Southwest","road_type":"tertiary","osm_id":9243220}},{"type":"Feature","geometry":{"type":"LineString","coordinates":[[-84.48796490015997,33.75152949958681],[-84.488010100086,33.75150970011265],[-84.48833159962356,33.75137709957352],[-84.48841600009831,33.751340999887304],[-84.48854330003326,33.751299899970434],[-84.4886422002773,33.75126790029344],[-84.48880600009682,33.75121500037204],[-84.48905800002666,33.75115999963435],[-84.48915500000322,33.75114980042298],[-84.4893530001408,33.7511290000034],[-84.48938540001615,33.75112930037699],[-84.48959279986781,33.75113140029396]]},"properties":{"overall":19,"safety":40,"sidewalk":0,"sidewalk_present":0,"canopy":17.5,"comfort":34.2,"name":"Martin Luther King Junior Drive Southwest","road_type":"secondary","osm_id":629329078}},{"type":"Feature","geometry":{"type":"LineString","coordinates":[[-84.48959279986781,33.75113140029396],[-84.48965100039334,33.75113200014175],[-84.48994499956206,33.751171000141596],[-84.49015469987944,33.75122320039043],[-84.49023000011437,33.75124199981849],[-84.49049680018715,33.751367500209994]]},"properties":{"overall":17,"safety":24,"sidewalk":0,"sidewalk_present":0,"canopy":27.9,"comfort":40.9,"name":"Martin Luther King Junior Drive Southwest","road_type":"secondary","osm_id":1380612070}},{"type":"Feature","geometry":{"type":"LineString","coordinates":[[-84.49197520019527,33.7517500996874],[-84.49195909963271,33.7516842998906],[-84.49186919980372,33.75165759991836],[-84.4917941001176,33.75166090043024],[-84.49171100006254,33.751715500070304],[-84.49159280036741,33.751874100009786]]},"properties":{"overall":17,"safety":40,"sidewalk":0,"sidewalk_present":0,"canopy":11.6,"comfort":34.1,"name":"","road_type":"service","osm_id":562678597}},{"type":"Feature","geometry":{"type":"LineString","coordinates":[[-84.49049680018715,33.751367500209994],[-84.49088360039781,33.75156910033377],[-84.49118600013378,33.75173600011635],[-84.49136879993011,33.751832800443424]]},"properties":{"overall":8,"safety":7,"sidewalk":0,"sidewalk_present":0,"canopy":18.0,"comfort":35.8,"name":"Martin Luther King Junior Drive Southwest","road_type":"secondary","osm_id":1020456377}},{"type":"Feature","geometry":{"type":"LineString","coordinates":[[-84.4919000996099,33.751924099617554],[-84.49197520019527,33.7517500996874]]},"properties":{"overall":3,"safety":0,"sidewalk":0,"sidewalk_present":0,"canopy":9.0,"comfort":32.8,"name":"","road_type":"service","osm_id":562678598}},{"type":"Feature","geometry":{"type":"LineString","coordinates":[[-84.4916983996614,33.751976299866385],[-84.4916822999981,33.75191329965912],[-84.49159280036741,33.751874100009786],[-84.49155459986486,33.75185750032341],[-84.49144289957013,33.75180920043431],[-84.49136879993011,33.751832800443424]]},"properties":{"overall":23,"safety":60,"sidewalk":0,"sidewalk_present":0,"canopy":8.8,"comfort":32.0,"name":"Martin Luther King Junior Drive Southwest","road_type":"secondary","osm_id":1020456379}},{"type":"Feature","geometry":{"type":"LineString","coordinates":[[-84.49136879993011,33.751832800443424],[-84.4913811997825,33.75189080042014],[-84.49151319957446,33.751948900221635]]},"properties":{"overall":26,"safety":67,"sidewalk":0,"sidewalk_present":0,"canopy":11.1,"comfort":32.7,"name":"Martin Luther King Junior Drive Southwest","road_type":"secondary","osm_id":1020456378}},{"type":"Feature","geometry":{"type":"LineString","coordinates":[[-84.49183820017277,33.75203589973705],[-84.4919000996099,33.751924099617554]]},"properties":{"overall":1,"safety":0,"sidewalk":0,"sidewalk_present":0,"canopy":4.0,"comfort":29.9,"name":"","road_type":"service","osm_id":562678599}},{"type":"Feature","geometry":{"type":"LineString","coordinates":[[-84.487790699681,33.75141589992387],[-84.48768189969985,33.75135999986418],[-84.48747800000967,33.75135880016853],[-84.48711119982198,33.75162339960025]]},"properties":{"overall":22,"safety":67,"sidewalk":0,"sidewalk_present":0,"canopy":0.0,"comfort":22.6,"name":"","road_type":"service","osm_id":395713500}},{"type":"Feature","geometry":{"type":"LineString","coordinates":[[-84.48810040011335,33.75135100034845],[-84.4880635998552,33.75136779968426]]},"properties":{"overall":0,"safety":0,"sidewalk":0,"sidewalk_present":0,"canopy":0.0,"comfort":25.2,"name":"","road_type":"footway","osm_id":1354659780}},{"type":"Feature","geometry":{"type":"LineString","coordinates":[[-84.48570099990121,33.75237039987411],[-84.48519809991234,33.752168600100845],[-84.48513130006938,33.752092199995104],[-84.48516260007392,33.75186179998212],[-84.48546199967149,33.75137789997018],[-84.4853005003178,33.75086160008283],[-84.48529769982895,33.75014620018703],[-84.48631090032774,33.7501350000303]]},"properties":{"overall":42,"safety":100,"sidewalk":0,"sidewalk_present":0,"canopy":24.5,"comfort":37.8,"name":"","road_type":"service","osm_id":395713503}},{"type":"Feature","geometry":{"type":"LineString","coordinates":[[-84.48748090032325,33.750154400205474],[-84.48763910006437,33.750157000145464],[-84.48773099998562,33.750175599924034],[-84.48778530015142,33.75022420018672],[-84.48782289990686,33.750286700370964],[-84.4878383997223,33.75033560010792],[-84.48786180008199,33.75040940027367],[-84.48786409964845,33.7504660998307],[-84.48786599991593,33.75051589978898],[-84.4878674999851,33.75055410029154],[-84.487872900414,33.7506921003602],[-84.4878798000127,33.750868100382604],[-84.48789109999421,33.751157200044815],[-84.48782980040494,33.751391100219166],[-84.487790699681,33.75141589992387],[-84.48771710006406,33.75146279956857],[-84.48724819984449,33.75175740038378],[-84.48715880003857,33.75181359991774],[-84.48703450024198,33.75190399976981],[-84.4870340002189,33.75190439996811],[-84.48689390023327,33.75200630035056],[-84.48675249982796,33.752109199879726],[-84.48660910022977,33.75221349965335],[-84.48644070037795,33.75233599990651],[-84.48628900003729,33.75244629995683],[-84.48614410036993,33.752551800325364]]},"properties":{"overall":27,"safety":77,"sidewalk":0,"sidewalk_present":0,"canopy":4.2,"comfort":26.6,"name":"","road_type":"service","osm_id":395713501}},{"type":"Feature","geometry":{"type":"LineString","coordinates":[[-84.4880635998552,33.75136779968426],[-84.48799739986009,33.75139820036668],[-84.48794829957433,33.7514208003297]]},"properties":{"overall":0,"safety":0,"sidewalk":0,"sidewalk_present":0,"canopy":0.0,"comfort":24.6,"name":"","road_type":"footway","osm_id":1354659779}},{"type":"Feature","geometry":{"type":"LineString","coordinates":[[-84.48707209999736,33.75139470020531],[-84.48632239995874,33.75140400009457]]},"properties":{"overall":32,"safety":97,"sidewalk":0,"sidewalk_present":0,"canopy":0.0,"comfort":21.5,"name":"","road_type":"service","osm_id":395713485}},{"type":"Feature","geometry":{"type":"LineString","coordinates":[[-84.48811780019628,33.7516374002459],[-84.488010100086,33.75150970011265]]},"properties":{"overall":1,"safety":0,"sidewalk":0,"sidewalk_present":0,"canopy":2.4,"comfort":25.8,"name":"","road_type":"service","osm_id":922514175}},{"type":"Feature","geometry":{"type":"LineString","coordinates":[[-84.48598300031517,33.75266299969775],[-84.48570099990121,33.75237039987411],[-84.48572679965207,33.75233499986041],[-84.48582269975776,33.75220309989322],[-84.4859340996789,33.752050100032136],[-84.48604060009359,33.7519037002956],[-84.48613350006093,33.75177600016235],[-84.48623119971006,33.751641600079836],[-84.48627510011573,33.75158129963734],[-84.48632340000489,33.751514899992685],[-84.48632239995874,33.75140400009457],[-84.48632070024007,33.75122449991079],[-84.48631910034618,33.75104509955173],[-84.48631749955291,33.75087030012429],[-84.48631589965902,33.75069089976529],[-84.48631429976507,33.75051370004729],[-84.48631269987118,33.75034120018631],[-84.48631090032774,33.7501350000303],[-84.48653570026232,33.75013879966593]]},"properties":{"overall":33,"safety":94,"sidewalk":0,"sidewalk_present":0,"canopy":5.1,"comfort":25.2,"name":"","road_type":"service","osm_id":1278993858}},{"type":"Feature","geometry":{"type":"LineString","coordinates":[[-84.48707300021874,33.75158610021839],[-84.48644070037795,33.751582299683434],[-84.48627510011573,33.75158129963734]]},"properties":{"overall":33,"safety":100,"sidewalk":0,"sidewalk_present":0,"canopy":0.0,"comfort":21.6,"name":"","road_type":"service","osm_id":395713495}},{"type":"Feature","geometry":{"type":"LineString","coordinates":[[-84.48703450024198,33.75190399976981],[-84.48644070037795,33.751582299683434]]},"properties":{"overall":32,"safety":95,"sidewalk":0,"sidewalk_present":0,"canopy":1.3,"comfort":22.2,"name":"","road_type":"service","osm_id":395713482}},{"type":"Feature","geometry":{"type":"LineString","coordinates":[[-84.46673400027385,33.74764999964782],[-84.46527799967993,33.74762100010912],[-84.4648070004427,33.747610999647975],[-84.46314900042597,33.74757799992483],[-84.46246600040558,33.7475640001785],[-84.46170600043155,33.74755000043223]]},"properties":{"overall":78,"safety":99,"sidewalk":100,"sidewalk_present":1,"canopy":34.0,"comfort":53.4,"name":"Larchwood Road Southwest","road_type":"residential","osm_id":630643964}},{"type":"Feature","geometry":{"type":"LineString","coordinates":[[-84.45844500023651,33.748721999620614],[-84.46169399987815,33.74874299968974]]},"properties":{"overall":73,"safety":84,"sidewalk":100,"sidewalk_present":1,"canopy":35.0,"comfort":53.0,"name":"Wingate Street Southwest","road_type":"residential","osm_id":9266132}},{"type":"Feature","geometry":{"type":"LineString","coordinates":[[-84.46350699984811,33.748989000242204],[-84.46359400026284,33.74897999982716],[-84.46525300032567,33.749014999642554]]},"properties":{"overall":40,"safety":93,"sidewalk":0,"sidewalk_present":0,"canopy":27.6,"comfort":48.5,"name":"Beach Way Southwest","road_type":"residential","osm_id":9251260}},{"type":"Feature","geometry":{"type":"LineString","coordinates":[[-84.46435200014463,33.75221899990697],[-84.46402000012284,33.7509509998888],[-84.46376080022071,33.74998090029834],[-84.46350699984811,33.748989000242204],[-84.46315399975725,33.7476390000399],[-84.46314900042597,33.74757799992483]]},"properties":{"overall":40,"safety":81,"sidewalk":0,"sidewalk_present":0,"canopy":38.5,"comfort":51.2,"name":"Florida Avenue Southwest","road_type":"residential","osm_id":9259801}},{"type":"Feature","geometry":{"type":"LineString","coordinates":[[-84.46684690026422,33.75060939960417],[-84.46685629997825,33.74966270037339]]},"properties":{"overall":33,"safety":93,"sidewalk":0,"sidewalk_present":0,"canopy":6.8,"comfort":26.8,"name":"","road_type":"service","osm_id":562695659}},{"type":"Feature","geometry":{"type":"LineString","coordinates":[[-84.46685629997825,33.74966270037339],[-84.46710300020328,33.749663800244264]]},"properties":{"overall":38,"safety":90,"sidewalk":0,"sidewalk_present":0,"canopy":23.3,"comfort":36.0,"name":"","road_type":"service","osm_id":562695658}},{"type":"Feature","geometry":{"type":"LineString","coordinates":[[-84.46710300020328,33.749663800244264],[-84.46709900001878,33.749866699888344],[-84.46735519978262,33.749883500123474]]},"properties":{"overall":38,"safety":97,"sidewalk":0,"sidewalk_present":0,"canopy":16.6,"comfort":32.9,"name":"","road_type":"service","osm_id":562695657}},{"type":"Feature","geometry":{"type":"LineString","coordinates":[[-84.45843699986762,33.74992800037694],[-84.46168300027023,33.74994500026162]]},"properties":{"overall":83,"safety":98,"sidewalk":100,"sidewalk_present":1,"canopy":51.5,"comfort":59.0,"name":"Telhurst Street Southwest","road_type":"residential","osm_id":9254014}},{"type":"Feature","geometry":{"type":"LineString","coordinates":[[-84.46168300027023,33.749994999869386],[-84.46208879955839,33.75004500037653],[-84.46225360032338,33.75004550039955],[-84.46239709974634,33.74999030001237],[-84.4627725999755,33.74995470034918],[-84.46376080022071,33.74998090029834]]},"properties":{"overall":85,"safety":99,"sidewalk":100,"sidewalk_present":1,"canopy":56.4,"comfort":59.7,"name":"","road_type":"path","osm_id":9254016}},{"type":"Feature","geometry":{"type":"LineString","coordinates":[[-84.461621000109,33.751893000161886],[-84.46166500033945,33.75178599972418],[-84.46167270033482,33.7510242002067],[-84.46168300027023,33.749994999869386],[-84.46168300027023,33.74994500026162],[-84.46169399987815,33.74874299968974],[-84.46170600043155,33.74755000043223]]},"properties":{"overall":77,"safety":88,"sidewalk":100,"sidewalk_present":1,"canopy":42.0,"comfort":51.7,"name":"Barfield Avenue Southwest","road_type":"residential","osm_id":9255254}},{"type":"Feature","geometry":{"type":"LineString","coordinates":[[-84.46898799989623,33.749462299945264],[-84.4689711996611,33.74937850021769],[-84.46898740004843,33.74796439993713],[-84.469005999827,33.74740299994852],[-84.46908640011725,33.746891999766035]]},"properties":{"overall":41,"safety":89,"sidewalk":0,"sidewalk_present":0,"canopy":33.6,"comfort":48.5,"name":"Kelso Drive Southwest","road_type":"residential","osm_id":9255723}},{"type":"Feature","geometry":{"type":"LineString","coordinates":[[-84.4677881001407,33.74803360007064],[-84.46776069959657,33.74801619998772],[-84.4677281998965,33.748006599724874],[-84.46769370010412,33.748005900052306],[-84.46766070038097,33.74801410007069],[-84.46763229979075,33.74803029955871],[-84.46761140044572,33.748053100070535],[-84.4675998999154,33.74808010041636],[-84.46759899969402,33.748108699756756],[-84.46760890033045,33.7481362001256],[-84.4676284003304,33.748159800134715],[-84.46765579997515,33.74817720021764],[-84.46768829967527,33.74818679958116],[-84.46772269964282,33.74818750015305],[-84.46775570026534,33.748179300134666],[-84.46778409995619,33.74816309974733],[-84.46780510002532,33.74814030013482],[-84.46781659965632,33.748113299789],[-84.46781740005292,33.7480847004486],[-84.46780760014059,33.74805720007976],[-84.4677881001407,33.74803360007064]]},"properties":{"overall":46,"safety":100,"sidewalk":0,"sidewalk_present":0,"canopy":38.9,"comfort":50.9,"name":"","road_type":"service","osm_id":562695652}},{"type":"Feature","geometry":{"type":"LineString","coordinates":[[-84.46898740004843,33.74796439993713],[-84.46856789958883,33.74794580015862],[-84.46854280040986,33.74878280008619],[-84.46828549987589,33.74877109990638],[-84.46809199994578,33.74881279967104],[-84.46799190000615,33.74887339958775],[-84.46792119980347,33.74894080017782],[-84.4679072000572,33.74907349964235],[-84.46787640007574,33.75002799959253]]},"properties":{"overall":43,"safety":90,"sidewalk":0,"sidewalk_present":0,"canopy":38.0,"comfort":49.3,"name":"Kelso at Peyton Southwest","road_type":"residential","osm_id":9268903}},{"type":"Feature","geometry":{"type":"LineString","coordinates":[[-84.47380699999303,33.748385000267604],[-84.47333599985649,33.74858699969036],[-84.47289300011181,33.74874599982809],[-84.47251399972129,33.74884909990607],[-84.47198100032284,33.74894590023314],[-84.4716139995864,33.748992000380554],[-84.47051700025929,33.749103000103446],[-84.46986199973145,33.74917199968809],[-84.46958500044735,33.74921800001073],[-84.4692969997567,33.74930400037937],[-84.46898799989623,33.749462299945264],[-84.46877299987403,33.74955600030921],[-84.46867259956076,33.749617600272074],[-84.46856600022068,33.74968299987057],[-84.46840709990772,33.74980929975942],[-84.46816199957658,33.750004000284434]]},"properties":{"overall":39,"safety":88,"sidewalk":0,"sidewalk_present":0,"canopy":28.1,"comfort":43.1,"name":"Peyton Road Southwest","road_type":"tertiary","osm_id":630643966}},{"type":"Feature","geometry":{"type":"LineString","coordinates":[[-84.46867259956076,33.749617600272074],[-84.46857489991169,33.749511599880464]]},"properties":{"overall":39,"safety":100,"sidewalk":0,"sidewalk_present":0,"canopy":16.3,"comfort":37.5,"name":"","road_type":"service","osm_id":562695664}},{"type":"Feature","geometry":{"type":"LineString","coordinates":[[-84.46857489991169,33.749511599880464],[-84.46828520040162,33.74970170037324]]},"properties":{"overall":40,"safety":99,"sidewalk":0,"sidewalk_present":0,"canopy":22.4,"comfort":40.6,"name":"","road_type":"service","osm_id":562695662}},{"type":"Feature","geometry":{"type":"LineString","coordinates":[[-84.46828520040162,33.74970170037324],[-84.46840709990772,33.74980929975942]]},"properties":{"overall":41,"safety":98,"sidewalk":0,"sidewalk_present":0,"canopy":24.9,"comfort":41.9,"name":"","road_type":"service","osm_id":562695661}},{"type":"Feature","geometry":{"type":"LineString","coordinates":[[-84.46735519978262,33.749883500123474],[-84.4674812001972,33.749958199611285],[-84.4674633000912,33.750691700161894]]},"properties":{"overall":37,"safety":100,"sidewalk":0,"sidewalk_present":0,"canopy":11.0,"comfort":27.9,"name":"","road_type":"service","osm_id":562695656}},{"type":"Feature","geometry":{"type":"LineString","coordinates":[[-84.46965040004591,33.7507804002953],[-84.46927699973372,33.75077139988025],[-84.46894689997941,33.750763500235394],[-84.46894689997941,33.75038790018152],[-84.46895960020532,33.75028720039404],[-84.46900749989618,33.7501293999519],[-84.46903829987758,33.75004190041341],[-84.46907600035712,33.749934499777396],[-84.46910309962828,33.749851000423405],[-84.46910149973439,33.749760900045544],[-84.46909360008954,33.74969589974603],[-84.46906170023726,33.749613699912345],[-84.46898799989623,33.749462299945264]]},"properties":{"overall":35,"safety":86,"sidewalk":0,"sidewalk_present":0,"canopy":19.3,"comfort":35.8,"name":"","road_type":"residential","osm_id":243348247}},{"type":"Feature","geometry":{"type":"LineString","coordinates":[[-84.46909360008954,33.74969589974603],[-84.46931799982582,33.74970030012878],[-84.4693086999365,33.75005499993836],[-84.46903829987758,33.75004190041341]]},"properties":{"overall":38,"safety":97,"sidewalk":0,"sidewalk_present":0,"canopy":15.6,"comfort":36.6,"name":"","road_type":"residential","osm_id":386967593}},{"type":"Feature","geometry":{"type":"LineString","coordinates":[[-84.47421330020359,33.74897439974882],[-84.47431619973281,33.7488984996661]]},"properties":{"overall":32,"safety":91,"sidewalk":0,"sidewalk_present":0,"canopy":5.6,"comfort":32.9,"name":"","road_type":"service","osm_id":1053625353}},{"type":"Feature","geometry":{"type":"LineString","coordinates":[[-84.47961149967091,33.74862339975016],[-84.4795927002429,33.748908900325546]]},"properties":{"overall":38,"safety":100,"sidewalk":0,"sidewalk_present":0,"canopy":12.7,"comfort":48.6,"name":"","road_type":"service","osm_id":562686086}},{"type":"Feature","geometry":{"type":"LineString","coordinates":[[-84.47533119977498,33.74880830036284],[-84.47463739979611,33.748258700378756],[-84.47459450033591,33.748237999783896],[-84.47454769961661,33.74823880018056],[-84.47448590000425,33.748267000221915],[-84.47414200015317,33.74842529978781],[-84.47412200013014,33.748448499598624],[-84.47412200013014,33.74848169987058],[-84.47413699992256,33.74852060004571],[-84.47416090030526,33.74855960004555],[-84.47419979958107,33.74860680006384],[-84.47428050024484,33.74866239975],[-84.474425100438,33.74877259997555],[-84.47469720021559,33.74897489977184],[-84.47484169968465,33.749103299577655],[-84.47491149966595,33.74916879990025],[-84.47494240037145,33.749187000379834],[-84.47496629985483,33.74919199971106],[-84.47499919975326,33.74918619998317],[-84.47503209965163,33.74917049961891],[-84.47510990000183,33.74911000042624],[-84.47525350014888,33.74899649968876],[-84.47533119977498,33.74893510027471],[-84.47536409967341,33.74890769973064],[-84.47537799959497,33.748876999573895],[-84.47537300026369,33.748842200307365],[-84.47533119977498,33.74880830036284]]},"properties":{"overall":42,"safety":95,"sidewalk":0,"sidewalk_present":0,"canopy":29.7,"comfort":47.6,"name":"","road_type":"cycleway","osm_id":1091975653}},{"type":"Feature","geometry":{"type":"LineString","coordinates":[[-84.47397470017222,33.74907310034337],[-84.47419480024979,33.74898800019611],[-84.47421330020359,33.74897439974882]]},"properties":{"overall":34,"safety":91,"sidewalk":0,"sidewalk_present":0,"canopy":10.8,"comfort":33.6,"name":"","road_type":"service","osm_id":562686113}},{"type":"Feature","geometry":{"type":"LineString","coordinates":[[-84.47546490018493,33.74903599971168],[-84.47537319991324,33.749108799831276],[-84.47507590023258,33.74934489974737]]},"properties":{"overall":41,"safety":88,"sidewalk":0,"sidewalk_present":0,"canopy":35.8,"comfort":51.4,"name":"","road_type":"service","osm_id":386967572}},{"type":"Feature","geometry":{"type":"LineString","coordinates":[[-84.47525350014888,33.74899649968876],[-84.47537319991324,33.749108799831276]]},"properties":{"overall":33,"safety":100,"sidewalk":0,"sidewalk_present":0,"canopy":0.0,"comfort":0.0,"name":"","road_type":"cycleway","osm_id":1410134820}},{"type":"Feature","geometry":{"type":"LineString","coordinates":[[-84.4795927002429,33.748908900325546],[-84.47957730025217,33.74914529971585],[-84.4795404001693,33.74920329969257],[-84.47943990003131,33.749232300130586],[-84.47918039975559,33.749228899793934]]},"properties":{"overall":36,"safety":100,"sidewalk":0,"sidewalk_present":0,"canopy":6.8,"comfort":46.7,"name":"","road_type":"service","osm_id":562686084}},{"type":"Feature","geometry":{"type":"LineString","coordinates":[[-84.47157310021834,33.7496925003087],[-84.47265669964696,33.74951419982051],[-84.47335509965808,33.74932329983045],[-84.47397470017222,33.74907310034337]]},"properties":{"overall":41,"safety":97,"sidewalk":0,"sidewalk_present":0,"canopy":25.1,"comfort":37.4,"name":"","road_type":"service","osm_id":562686115}},{"type":"Feature","geometry":{"type":"LineString","coordinates":[[-84.47507590023258,33.74934489974737],[-84.47496639967954,33.7494381000883]]},"properties":{"overall":27,"safety":64,"sidewalk":0,"sidewalk_present":0,"canopy":17.0,"comfort":41.2,"name":"","road_type":"service","osm_id":562686136}},{"type":"Feature","geometry":{"type":"LineString","coordinates":[[-84.47492140030232,33.74946520025884],[-84.47487609965225,33.749462499594756],[-84.4747681000677,33.749567900138516]]},"properties":{"overall":28,"safety":64,"sidewalk":0,"sidewalk_present":0,"canopy":19.5,"comfort":40.9,"name":"","road_type":"service","osm_id":562686128}},{"type":"Feature","geometry":{"type":"LineString","coordinates":[[-84.45843399972927,33.74763199971704],[-84.45802499975389,33.747876000177314],[-84.45717199998779,33.74841699994465],[-84.45702699959634,33.74850999973677],[-84.45696600038059,33.7485640004283],[-84.45690700035772,33.748645999713176],[-84.4568779999197,33.74872899994347],[-84.45687199964306,33.74874499978199],[-84.45685559960617,33.749386600411356],[-84.4568466000905,33.74973830008253],[-84.45684340030266,33.74986319972692],[-84.4568349997354,33.75018999986867],[-84.45683089972619,33.75020759960108],[-84.45681499971244,33.75027600023725]]},"properties":{"overall":74,"safety":88,"sidewalk":100,"sidewalk_present":1,"canopy":32.7,"comfort":51.6,"name":"Larchwood Road Southwest","road_type":"residential","osm_id":9246380}},{"type":"Feature","geometry":{"type":"LineString","coordinates":[[-84.45370910019477,33.74903420016824],[-84.45382820011133,33.74908080033873],[-84.45438709998461,33.74929919979826],[-84.45458419990086,33.74935690030077],[-84.45478799976632,33.749397000171484],[-84.45497989980248,33.74941850026363],[-84.45516090005543,33.749414900277486],[-84.45529899994887,33.749403700120695],[-84.45542369994376,33.74938029976107],[-84.45552570015093,33.74935159969664],[-84.45564770038101,33.749295599812115],[-84.45570670040388,33.74925850007975],[-84.4557522996289,33.749229800015314],[-84.45585019982684,33.749153899932594],[-84.45590020033393,33.749099400117245],[-84.45593479995102,33.74906159981305],[-84.45597489982174,33.74900559992852],[-84.45601110023205,33.74894099982731],[-84.45603659960932,33.74887289956473],[-84.45605670035638,33.748805999897],[-84.4560620000612,33.748778100229174],[-84.4560714996,33.7487283002709],[-84.45607680020413,33.7486454996901],[-84.45607010025486,33.74855509983803],[-84.45605670035638,33.748472599630816],[-84.45604059979382,33.74838229960352],[-84.45602049994608,33.74829420021723],[-84.45599499966949,33.748196100369796],[-84.45596819987247,33.74811360016258],[-84.45592669975736,33.748024599655594],[-84.45588359974829,33.747959899729665],[-84.45582430025121,33.74787080029722]]},"properties":{"overall":34,"safety":100,"sidewalk":0,"sidewalk_present":0,"canopy":2.3,"comfort":36.3,"name":"","road_type":"service","osm_id":444689237}},{"type":"Feature","geometry":{"type":"LineString","coordinates":[[-84.45685559960617,33.749386600411356],[-84.4569292999472,33.74939199994088],[-84.45694510013624,33.749376500125436],[-84.45694860029761,33.74930229976138],[-84.4572602999229,33.749319299646004]]},"properties":{"overall":42,"safety":100,"sidewalk":0,"sidewalk_present":0,"canopy":27.0,"comfort":49.3,"name":"","road_type":"service","osm_id":806328014}},{"type":"Feature","geometry":{"type":"LineString","coordinates":[[-84.45760669988925,33.74997830035835],[-84.45761470025815,33.74970170037324]]},"properties":{"overall":51,"safety":100,"sidewalk":0,"sidewalk_present":0,"canopy":51.6,"comfort":59.1,"name":"","road_type":"service","osm_id":560703148}},{"type":"Feature","geometry":{"type":"LineString","coordinates":[[-84.45695220028375,33.749739899976475],[-84.4568466000905,33.74973830008253]]},"properties":{"overall":40,"safety":100,"sidewalk":0,"sidewalk_present":0,"canopy":19.6,"comfort":46.9,"name":"","road_type":"service","osm_id":560703152}},{"type":"Feature","geometry":{"type":"LineString","coordinates":[[-84.4572130999046,33.74974390016092],[-84.45695220028375,33.749739899976475]]},"properties":{"overall":42,"safety":100,"sidewalk":0,"sidewalk_present":0,"canopy":24.9,"comfort":48.8,"name":"","road_type":"service","osm_id":560703153}},{"type":"Feature","geometry":{"type":"LineString","coordinates":[[-84.45721030031507,33.74986879980531],[-84.4572130999046,33.74974390016092]]},"properties":{"overall":42,"safety":100,"sidewalk":0,"sidewalk_present":0,"canopy":26.0,"comfort":49.3,"name":"","road_type":"service","osm_id":560703155}},{"type":"Feature","geometry":{"type":"LineString","coordinates":[[-84.4572130999046,33.74974390016092],[-84.45739749959489,33.749744099810414]]},"properties":{"overall":43,"safety":100,"sidewalk":0,"sidewalk_present":0,"canopy":30.3,"comfort":50.9,"name":"","road_type":"service","osm_id":560703151}},{"type":"Feature","geometry":{"type":"LineString","coordinates":[[-84.45684340030266,33.74986319972692],[-84.45695490004857,33.7498649003449]]},"properties":{"overall":41,"safety":100,"sidewalk":0,"sidewalk_present":0,"canopy":22.6,"comfort":48.1,"name":"","road_type":"service","osm_id":560703157}},{"type":"Feature","geometry":{"type":"LineString","coordinates":[[-84.45695490004857,33.7498649003449],[-84.45721030031507,33.74986879980531]]},"properties":{"overall":41,"safety":100,"sidewalk":0,"sidewalk_present":0,"canopy":22.7,"comfort":48.2,"name":"","road_type":"service","osm_id":560703156}},{"type":"Feature","geometry":{"type":"LineString","coordinates":[[-84.47496639967954,33.7494381000883],[-84.47492140030232,33.74946520025884]]},"properties":{"overall":27,"safety":64,"sidewalk":0,"sidewalk_present":0,"canopy":17.6,"comfort":40.7,"name":"","road_type":"service","osm_id":562686122}},{"type":"Feature","geometry":{"type":"LineString","coordinates":[[-84.4747681000677,33.749567900138516],[-84.47491160038999,33.7495099001618],[-84.47492140030232,33.74946520025884]]},"properties":{"overall":28,"safety":64,"sidewalk":0,"sidewalk_present":0,"canopy":19.2,"comfort":40.9,"name":"","road_type":"service","osm_id":562686134}},{"type":"Feature","geometry":{"type":"LineString","coordinates":[[-84.47472180027086,33.74960690013836],[-84.47465010002207,33.749586300267595],[-84.47462230017896,33.74959750042433]]},"properties":{"overall":33,"safety":83,"sidewalk":0,"sidewalk_present":0,"canopy":15.7,"comfort":38.2,"name":"","road_type":"service","osm_id":1053625354}},{"type":"Feature","geometry":{"type":"LineString","coordinates":[[-84.4747681000677,33.749567900138516],[-84.47472180027086,33.74960690013836]]},"properties":{"overall":28,"safety":65,"sidewalk":0,"sidewalk_present":0,"canopy":19.7,"comfort":40.6,"name":"","road_type":"service","osm_id":562686124}},{"type":"Feature","geometry":{"type":"LineString","coordinates":[[-84.47462230017896,33.74959750042433],[-84.47460290000379,33.74960530024447],[-84.47454430017928,33.749628800428866],[-84.4744965003132,33.74969329980598]]},"properties":{"overall":38,"safety":100,"sidewalk":0,"sidewalk_present":0,"canopy":13.2,"comfort":36.1,"name":"","road_type":"service","osm_id":562686126}},{"type":"Feature","geometry":{"type":"LineString","coordinates":[[-84.47472180027086,33.74960690013836],[-84.47463560025272,33.74963989986156]]},"properties":{"overall":33,"safety":83,"sidewalk":0,"sidewalk_present":0,"canopy":16.1,"comfort":38.2,"name":"","road_type":"service","osm_id":1053625355}},{"type":"Feature","geometry":{"type":"LineString","coordinates":[[-84.47463560025272,33.74963989986156],[-84.47461539968089,33.749647699681645],[-84.4744965003132,33.74969329980598]]},"properties":{"overall":39,"safety":100,"sidewalk":0,"sidewalk_present":0,"canopy":16.1,"comfort":36.8,"name":"","road_type":"service","osm_id":562686130}},{"type":"Feature","geometry":{"type":"LineString","coordinates":[[-84.47465050022038,33.74969360017957],[-84.47469839991118,33.74967379980609],[-84.47472180027086,33.74960690013836]]},"properties":{"overall":31,"safety":74,"sidewalk":0,"sidewalk_present":0,"canopy":19.3,"comfort":39.5,"name":"","road_type":"service","osm_id":1053625356}},{"type":"Feature","geometry":{"type":"LineString","coordinates":[[-84.4744965003132,33.74969329980598],[-84.47460249980548,33.74971339965373],[-84.47463660029882,33.74969930008268],[-84.47465050022038,33.74969360017957]]},"properties":{"overall":39,"safety":100,"sidewalk":0,"sidewalk_present":0,"canopy":16.1,"comfort":36.9,"name":"","road_type":"service","osm_id":562686132}},{"type":"Feature","geometry":{"type":"LineString","coordinates":[[-84.47516420016768,33.74994500026162],[-84.4750165000114,33.74981549968561],[-84.47489930036238,33.74971269998116],[-84.47477320012302,33.74975549961664],[-84.47456080004088,33.749931299989555]]},"properties":{"overall":37,"safety":93,"sidewalk":0,"sidewalk_present":0,"canopy":18.9,"comfort":39.8,"name":"","road_type":"service","osm_id":386967564}},{"type":"Feature","geometry":{"type":"LineString","coordinates":[[-84.4744965003132,33.74969329980598],[-84.4743463000417,33.749779700372926]]},"properties":{"overall":38,"safety":100,"sidewalk":0,"sidewalk_present":0,"canopy":13.5,"comfort":35.4,"name":"","road_type":"service","osm_id":562686111}},{"type":"Feature","geometry":{"type":"LineString","coordinates":[[-84.4744120998385,33.74989189979141],[-84.4743463000417,33.749779700372926]]},"properties":{"overall":38,"safety":100,"sidewalk":0,"sidewalk_present":0,"canopy":14.7,"comfort":34.6,"name":"","road_type":"service","osm_id":562686094}},{"type":"Feature","geometry":{"type":"LineString","coordinates":[[-84.47406340030562,33.750158100016336],[-84.4744120998385,33.74989189979141]]},"properties":{"overall":40,"safety":100,"sidewalk":0,"sidewalk_present":0,"canopy":18.9,"comfort":35.3,"name":"","road_type":"service","osm_id":562686092}},{"type":"Feature","geometry":{"type":"LineString","coordinates":[[-84.4744120998385,33.74989189979141],[-84.47447920005499,33.749909700072635],[-84.47456080004088,33.749931299989555]]},"properties":{"overall":40,"safety":100,"sidewalk":0,"sidewalk_present":0,"canopy":18.6,"comfort":36.5,"name":"","road_type":"service","osm_id":562686090}},{"type":"Feature","geometry":{"type":"LineString","coordinates":[[-84.4750165000114,33.74981549968561],[-84.47470399998957,33.750058000076706]]},"properties":{"overall":38,"safety":97,"sidewalk":0,"sidewalk_present":0,"canopy":17.8,"comfort":38.5,"name":"","road_type":"service","osm_id":386967579}},{"type":"Feature","geometry":{"type":"LineString","coordinates":[[-84.47383999971618,33.75015750016854],[-84.47389889991427,33.75009740027485],[-84.47383069982692,33.749988600293705]]},"properties":{"overall":39,"safety":100,"sidewalk":0,"sidewalk_present":0,"canopy":17.4,"comfort":33.6,"name":"","road_type":"service","osm_id":243348772}},{"type":"Feature","geometry":{"type":"LineString","coordinates":[[-84.47389889991427,33.75009740027485],[-84.47406340030562,33.750158100016336]]},"properties":{"overall":40,"safety":100,"sidewalk":0,"sidewalk_present":0,"canopy":19.1,"comfort":34.7,"name":"","road_type":"service","osm_id":243348781}},{"type":"Feature","geometry":{"type":"LineString","coordinates":[[-84.47456080004088,33.749931299989555],[-84.47470399998957,33.750058000076706],[-84.47483339984149,33.75017249996097],[-84.47516420016768,33.74994500026162]]},"properties":{"overall":37,"safety":97,"sidewalk":0,"sidewalk_present":0,"canopy":14.7,"comfort":37.5,"name":"","road_type":"service","osm_id":562686088}},{"type":"Feature","geometry":{"type":"LineString","coordinates":[[-84.47342040033118,33.75028969960999],[-84.47349559984201,33.750265999776104],[-84.47383999971618,33.75015750016854]]},"properties":{"overall":39,"safety":100,"sidewalk":0,"sidewalk_present":0,"canopy":15.7,"comfort":33.1,"name":"","road_type":"service","osm_id":562686098}},{"type":"Feature","geometry":{"type":"LineString","coordinates":[[-84.47447920005499,33.749909700072635],[-84.47447929987976,33.75007409973995],[-84.47419209958571,33.750287800241836],[-84.47406340030562,33.750158100016336]]},"properties":{"overall":38,"safety":100,"sidewalk":0,"sidewalk_present":0,"canopy":15.2,"comfort":34.5,"name":"","road_type":"service","osm_id":386967588}},{"type":"Feature","geometry":{"type":"LineString","coordinates":[[-84.47188179970527,33.75047400037488],[-84.47170259989502,33.7504835997384],[-84.47157820027371,33.75045729996447],[-84.47146080007582,33.75036799998327],[-84.47139069972098,33.750193000007016],[-84.47138110035746,33.74992779982813],[-84.47143849958707,33.74977139963045],[-84.47157310021834,33.7496925003087]]},"properties":{"overall":45,"safety":100,"sidewalk":0,"sidewalk_present":0,"canopy":35.8,"comfort":44.4,"name":"","road_type":"service","osm_id":243348248}},{"type":"Feature","geometry":{"type":"LineString","coordinates":[[-84.47318030023064,33.75031329961911],[-84.47316240012464,33.75026449970693],[-84.47313119994487,33.75019450007619]]},"properties":{"overall":40,"safety":100,"sidewalk":0,"sidewalk_present":0,"canopy":19.1,"comfort":34.0,"name":"","road_type":"service","osm_id":562686103}},{"type":"Feature","geometry":{"type":"LineString","coordinates":[[-84.47023969970235,33.75025779975772],[-84.47050759964594,33.750204800011545],[-84.47085680010122,33.75028170014042],[-84.47072440011095,33.75066610006053]]},"properties":{"overall":39,"safety":100,"sidewalk":0,"sidewalk_present":0,"canopy":17.4,"comfort":36.3,"name":"","road_type":"service","osm_id":562693115}},{"type":"Feature","geometry":{"type":"LineString","coordinates":[[-84.4743463000417,33.749779700372926],[-84.47383069982692,33.749988600293705],[-84.47336779988404,33.75011869981819],[-84.47313119994487,33.75019450007619],[-84.4725086001917,33.75033949956833],[-84.47249089973519,33.75034409960057],[-84.47238500006767,33.750366699563585],[-84.47188179970527,33.75047400037488]]},"properties":{"overall":38,"safety":100,"sidewalk":0,"sidewalk_present":0,"canopy":15.3,"comfort":34.7,"name":"","road_type":"service","osm_id":562686120}},{"type":"Feature","geometry":{"type":"LineString","coordinates":[[-84.47266040035714,33.750464199563226],[-84.47309649960374,33.75037750042134]]},"properties":{"overall":42,"safety":100,"sidewalk":0,"sidewalk_present":0,"canopy":26.1,"comfort":39.0,"name":"","road_type":"service","osm_id":562686108}},{"type":"Feature","geometry":{"type":"LineString","coordinates":[[-84.47019880033434,33.75055949982112],[-84.47016479966572,33.75048049977528],[-84.47016159987788,33.75037849956817],[-84.47018069967953,33.75033600030622],[-84.47023969970235,33.75025779975772]]},"properties":{"overall":34,"safety":100,"sidewalk":0,"sidewalk_present":0,"canopy":2.3,"comfort":29.8,"name":"","road_type":"service","osm_id":562693116}},{"type":"Feature","geometry":{"type":"LineString","coordinates":[[-84.4725086001917,33.75033949956833],[-84.4726270004357,33.75041760029205]]},"properties":{"overall":42,"safety":100,"sidewalk":0,"sidewalk_present":0,"canopy":25.4,"comfort":39.4,"name":"","road_type":"service","osm_id":562686106}},{"type":"Feature","geometry":{"type":"LineString","coordinates":[[-84.47164669983528,33.75058259980716],[-84.47170259989502,33.7504835997384]]},"properties":{"overall":41,"safety":100,"sidewalk":0,"sidewalk_present":0,"canopy":22.2,"comfort":40.4,"name":"","road_type":"service","osm_id":562686118}},{"type":"Feature","geometry":{"type":"LineString","coordinates":[[-84.46797850010768,33.75083440008757],[-84.46797950015377,33.750520300171786]]},"properties":{"overall":38,"safety":100,"sidewalk":0,"sidewalk_present":0,"canopy":15.4,"comfort":29.1,"name":"","road_type":"service","osm_id":386967574}},{"type":"Feature","geometry":{"type":"LineString","coordinates":[[-84.47072440011095,33.75066610006053],[-84.47019880033434,33.75055949982112]]},"properties":{"overall":40,"safety":100,"sidewalk":0,"sidewalk_present":0,"canopy":18.8,"comfort":36.7,"name":"","road_type":"service","osm_id":562693114}},{"type":"Feature","geometry":{"type":"LineString","coordinates":[[-84.47188179970527,33.75047400037488],[-84.47196189962193,33.750564300402175],[-84.4720162996125,33.75060290020372],[-84.47230759991578,33.7505614000886],[-84.47236340015075,33.750536200185536],[-84.4723905003213,33.75050039997353],[-84.47238500006767,33.750366699563585]]},"properties":{"overall":38,"safety":100,"sidewalk":0,"sidewalk_present":0,"canopy":13.1,"comfort":36.9,"name":"","road_type":"service","osm_id":243348779}},{"type":"Feature","geometry":{"type":"LineString","coordinates":[[-84.47154309973422,33.750743900410725],[-84.47164669983528,33.75058259980716]]},"properties":{"overall":44,"safety":100,"sidewalk":0,"sidewalk_present":0,"canopy":33.0,"comfort":44.8,"name":"","road_type":"service","osm_id":386967577}},{"type":"Feature","geometry":{"type":"LineString","coordinates":[[-84.4726270004357,33.75041760029205],[-84.47266040035714,33.750464199563226],[-84.47279550011223,33.75062769990848],[-84.47309649960374,33.75037750042134],[-84.47318030023064,33.75031329961911]]},"properties":{"overall":41,"safety":100,"sidewalk":0,"sidewalk_present":0,"canopy":24.0,"comfort":38.1,"name":"","road_type":"service","osm_id":243348770}},{"type":"Feature","geometry":{"type":"LineString","coordinates":[[-84.46765040044556,33.75071180000964],[-84.4674633000912,33.750691700161894],[-84.46743429965318,33.75068860019877],[-84.46688180025484,33.75067289983451],[-84.46684690026422,33.75060939960417]]},"properties":{"overall":35,"safety":100,"sidewalk":0,"sidewalk_present":0,"canopy":4.6,"comfort":22.2,"name":"","road_type":"service","osm_id":562695660}},{"type":"Feature","geometry":{"type":"LineString","coordinates":[[-84.4674168995702,33.75087139999516],[-84.46738470024366,33.750816800355096],[-84.46731760002717,33.750785600175334],[-84.46723979967697,33.750801199815555]]},"properties":{"overall":1,"safety":0,"sidewalk":0,"sidewalk_present":0,"canopy":1.6,"comfort":20.0,"name":"","road_type":"service","osm_id":562693161}},{"type":"Feature","geometry":{"type":"LineString","coordinates":[[-84.46746699990206,33.75187700032336],[-84.46748029997582,33.75175769985799],[-84.46749079956072,33.751663500370285],[-84.4675095998881,33.751495099619206],[-84.4675351001647,33.75126719972155],[-84.46754349983263,33.751191500187645],[-84.46756599997087,33.750989999888645],[-84.46761589975392,33.75082560022133],[-84.46765040044556,33.75071180000964],[-84.46766099985524,33.75067699984373],[-84.46774199999328,33.750510000236375],[-84.46784200010819,33.75035100009865],[-84.46795900010773,33.75020000032981],[-84.46810599969211,33.75004899966166],[-84.46816199957658,33.750004000284434]]},"properties":{"overall":16,"safety":39,"sidewalk":0,"sidewalk_present":0,"canopy":8.6,"comfort":26.5,"name":"Hightower Road","road_type":"tertiary","osm_id":9248515}},{"type":"Feature","geometry":{"type":"LineString","coordinates":[[-84.46776619985019,33.750835199584856],[-84.46761589975392,33.75082560022133]]},"properties":{"overall":27,"safety":75,"sidewalk":0,"sidewalk_present":0,"canopy":5.5,"comfort":22.3,"name":"","road_type":"service","osm_id":562695668}},{"type":"Feature","geometry":{"type":"LineString","coordinates":[[-84.46814360034682,33.750838400272016],[-84.46804300038411,33.750834300262795],[-84.46797850010768,33.75083440008757]]},"properties":{"overall":37,"safety":100,"sidewalk":0,"sidewalk_present":0,"canopy":12.2,"comfort":28.0,"name":"","road_type":"service","osm_id":562695669}},{"type":"Feature","geometry":{"type":"LineString","coordinates":[[-84.46797850010768,33.75083440008757],[-84.46776619985019,33.750835199584856]]},"properties":{"overall":26,"safety":66,"sidewalk":0,"sidewalk_present":0,"canopy":10.7,"comfort":25.0,"name":"","road_type":"service","osm_id":386967585}},{"type":"Feature","geometry":{"type":"LineString","coordinates":[[-84.46740210032664,33.751087800261814],[-84.4674168995702,33.75087139999516]]},"properties":{"overall":0,"safety":0,"sidewalk":0,"sidewalk_present":0,"canopy":1.0,"comfort":20.3,"name":"","road_type":"service","osm_id":562693158}},{"type":"Feature","geometry":{"type":"LineString","coordinates":[[-84.47318030023064,33.75031329961911],[-84.47342040033118,33.75028969960999]]},"properties":{"overall":40,"safety":100,"sidewalk":0,"sidewalk_present":0,"canopy":19.6,"comfort":34.5,"name":"","road_type":"service","osm_id":562686100}},{"type":"Feature","geometry":{"type":"LineString","coordinates":[[-84.47349559984201,33.750265999776104],[-84.47362480004443,33.750370799572806],[-84.47383999971618,33.75015750016854]]},"properties":{"overall":39,"safety":100,"sidewalk":0,"sidewalk_present":0,"canopy":16.0,"comfort":33.2,"name":"","road_type":"service","osm_id":562686096}},{"type":"Feature","geometry":{"type":"LineString","coordinates":[[-84.47380699999303,33.748385000267604],[-84.47391899976202,33.74855600005941],[-84.47406800033792,33.74871500019714],[-84.47431619973281,33.7488984996661],[-84.47442100042878,33.74897599964271],[-84.47470900022017,33.749207000402805],[-84.47496639967954,33.7494381000883],[-84.47560200003221,33.75001099970791],[-84.4757620002161,33.75020100037591],[-84.47586069991132,33.750371900343],[-84.47588100030788,33.75040699998311],[-84.47595900030757,33.750642000028336],[-84.4760987000949,33.751292000325634],[-84.47612060038534,33.75139399963342],[-84.47640400014444,33.75271200015874],[-84.47642300012131,33.75292800022709],[-84.47642460001526,33.75301239980246],[-84.47644009983071,33.753809899707164],[-84.47644460003823,33.75404279983542],[-84.47644920007048,33.75428080001893]]},"properties":{"overall":33,"safety":64,"sidewalk":0,"sidewalk_present":0,"canopy":35.3,"comfort":47.6,"name":"Peyton Place Southwest","road_type":"residential","osm_id":9256935}},{"type":"Feature","geometry":{"type":"LineString","coordinates":[[-84.47463920023887,33.75171440019949],[-84.47463040037263,33.75092050028093],[-84.47466640023413,33.750834300262795],[-84.47468449998962,33.75081370039203],[-84.47554130029073,33.750624299571825],[-84.47562929985224,33.7506261998393],[-84.4757374999856,33.75068240027258],[-84.47579609981011,33.75075370032306],[-84.47585240006816,33.75101450011914]]},"properties":{"overall":40,"safety":99,"sidewalk":0,"sidewalk_present":0,"canopy":19.6,"comfort":38.7,"name":"","road_type":"residential","osm_id":243348783}},{"type":"Feature","geometry":{"type":"LineString","coordinates":[[-84.47656899965955,33.75062559999151],[-84.47659149979785,33.75099500011919],[-84.47717060024297,33.75103180037735],[-84.47735370041289,33.75103250004992]]},"properties":{"overall":35,"safety":100,"sidewalk":0,"sidewalk_present":0,"canopy":6.2,"comfort":38.7,"name":"","road_type":"residential","osm_id":243348768}},{"type":"Feature","geometry":{"type":"LineString","coordinates":[[-84.47586069991132,33.750371900343],[-84.47670420013867,33.750324800149485],[-84.47734200023308,33.750677400042036],[-84.47735370041289,33.75103250004992],[-84.4773451001962,33.75188649986211],[-84.47689229963987,33.75191300018486]]},"properties":{"overall":40,"safety":100,"sidewalk":0,"sidewalk_present":0,"canopy":20.7,"comfort":42.6,"name":"","road_type":"residential","osm_id":243348774}},{"type":"Feature","geometry":{"type":"LineString","coordinates":[[-84.4760987000949,33.751292000325634],[-84.47595400007702,33.75130679956919],[-84.47591769984194,33.751317300053415],[-84.47576920018838,33.7513604998872]]},"properties":{"overall":40,"safety":97,"sidewalk":0,"sidewalk_present":0,"canopy":21.6,"comfort":38.4,"name":"","road_type":"residential","osm_id":1053625358}},{"type":"Feature","geometry":{"type":"LineString","coordinates":[[-84.47585240006816,33.75101450011914],[-84.47591769984194,33.751317300053415]]},"properties":{"overall":41,"safety":95,"sidewalk":0,"sidewalk_present":0,"canopy":29.1,"comfort":42.3,"name":"","road_type":"residential","osm_id":1053625359}},{"type":"Feature","geometry":{"type":"LineString","coordinates":[[-84.47312190005562,33.75230209996198],[-84.47324440030877,33.751943800166316],[-84.47328150004114,33.751755699765795],[-84.47328209988893,33.75171900023173],[-84.47328450017949,33.75157680032913],[-84.47329229999963,33.751437599665564],[-84.47325210030414,33.75134619976734],[-84.47314750015698,33.75130600007191],[-84.47294580020849,33.751303099758275],[-84.47294359956743,33.75130600007191],[-84.47268279977135,33.75129420006732],[-84.47264860035261,33.751292699998146],[-84.47217119974101,33.75123470002143]]},"properties":{"overall":48,"safety":100,"sidewalk":0,"sidewalk_present":0,"canopy":43.1,"comfort":48.7,"name":"Cox Drive Southwest","road_type":"residential","osm_id":9248841}},{"type":"Feature","geometry":{"type":"LineString","coordinates":[[-84.47612060038534,33.75139399963342],[-84.47635160024612,33.751354600334594],[-84.47666749970529,33.75134569974432]]},"properties":{"overall":40,"safety":98,"sidewalk":0,"sidewalk_present":0,"canopy":21.7,"comfort":39.4,"name":"","road_type":"residential","osm_id":713037970}},{"type":"Feature","geometry":{"type":"LineString","coordinates":[[-84.46402000012284,33.7509509998888],[-84.4649069996583,33.750821000189035],[-84.46506199961158,33.75074800041995],[-84.46517000009538,33.750636999797734],[-84.46521000014138,33.750555999659696],[-84.465227000026,33.75046800009818],[-84.46525300032567,33.749014999642554],[-84.46527799967993,33.74762100010912]]},"properties":{"overall":43,"safety":99,"sidewalk":0,"sidewalk_present":0,"canopy":28.7,"comfort":46.2,"name":"Silver Springs Circle Southwest","road_type":"residential","osm_id":9269923}},{"type":"Feature","geometry":{"type":"LineString","coordinates":[[-84.46691999985808,33.75117419992944],[-84.46691799976583,33.75093719979196]]},"properties":{"overall":33,"safety":95,"sidewalk":0,"sidewalk_present":0,"canopy":4.7,"comfort":21.5,"name":"","road_type":"service","osm_id":562695654}},{"type":"Feature","geometry":{"type":"LineString","coordinates":[[-84.45840100000612,33.750633999659385],[-84.45851630028699,33.750666600083605],[-84.45879369976939,33.7507448995575],[-84.4591660002107,33.750849999727734],[-84.45955450014003,33.750985899879424],[-84.45965400023186,33.75101800028057],[-84.46012999969969,33.75120800004919],[-84.46091359968284,33.75156300023235],[-84.46149070003577,33.75183309991769],[-84.461621000109,33.751893000161886]]},"properties":{"overall":64,"safety":74,"sidewalk":100,"sidewalk_present":1,"canopy":19.3,"comfort":39.6,"name":"Martin Luther King Junior Drive Southwest","road_type":"secondary","osm_id":630643957}},{"type":"Feature","geometry":{"type":"LineString","coordinates":[[-84.46167270033482,33.7510242002067],[-84.46232469982499,33.75108330005429]]},"properties":{"overall":80,"safety":100,"sidewalk":100,"sidewalk_present":1,"canopy":39.0,"comfort":46.3,"name":"","road_type":"service","osm_id":562375875}},{"type":"Feature","geometry":{"type":"LineString","coordinates":[[-84.46570959961826,33.75136760003477],[-84.46570160014869,33.751136799823485]]},"properties":{"overall":0,"safety":0,"sidewalk":0,"sidewalk_present":0,"canopy":0.0,"comfort":23.2,"name":"","road_type":"service","osm_id":562693143}},{"type":"Feature","geometry":{"type":"LineString","coordinates":[[-84.46723979967697,33.750801199815555],[-84.46718749960337,33.750859199792274],[-84.46718219989856,33.751144599643624],[-84.4672318002074,33.75118809985099],[-84.4672786998521,33.75121820015988]]},"properties":{"overall":12,"safety":33,"sidewalk":0,"sidewalk_present":0,"canopy":1.8,"comfort":19.7,"name":"","road_type":"service","osm_id":562693160}},{"type":"Feature","geometry":{"type":"LineString","coordinates":[[-84.46667000002043,33.75175700018548],[-84.46667479970222,33.75144900037111],[-84.4666766999697,33.75132979973051],[-84.46667920008497,33.751169199698836],[-84.46673400027385,33.74764999964782],[-84.46674699997402,33.74724799999524],[-84.46678209961419,33.746532799748934]]},"properties":{"overall":29,"safety":62,"sidewalk":0,"sidewalk_present":0,"canopy":24.9,"comfort":40.2,"name":"Willis Mill Road Southwest","road_type":"residential","osm_id":9273038}},{"type":"Feature","geometry":{"type":"LineString","coordinates":[[-84.46667920008497,33.751169199698836],[-84.46691999985808,33.75117419992944]]},"properties":{"overall":30,"safety":86,"sidewalk":0,"sidewalk_present":0,"canopy":4.7,"comfort":21.7,"name":"","road_type":"service","osm_id":562695655}},{"type":"Feature","geometry":{"type":"LineString","coordinates":[[-84.46659209984551,33.751320800214785],[-84.46596440003697,33.75130969988277],[-84.46594830037373,33.75127949974916],[-84.46594570043368,33.75114349977275]]},"properties":{"overall":25,"safety":70,"sidewalk":0,"sidewalk_present":0,"canopy":5.6,"comfort":23.7,"name":"","road_type":"service","osm_id":562693145}},{"type":"Feature","geometry":{"type":"LineString","coordinates":[[-84.4666766999697,33.75132979973051],[-84.46659209984551,33.751320800214785]]},"properties":{"overall":15,"safety":40,"sidewalk":0,"sidewalk_present":0,"canopy":4.8,"comfort":22.3,"name":"","road_type":"service","osm_id":562693146}},{"type":"Feature","geometry":{"type":"LineString","coordinates":[[-84.46799089996,33.75119570002158],[-84.46799969982624,33.750940100105595],[-84.46800389966018,33.75089449998126],[-84.46804189961392,33.75087259969075]]},"properties":{"overall":24,"safety":66,"sidewalk":0,"sidewalk_present":0,"canopy":6.6,"comfort":25.3,"name":"","road_type":"service","osm_id":562695666}},{"type":"Feature","geometry":{"type":"LineString","coordinates":[[-84.4674042002436,33.75117479977723],[-84.46740210032664,33.751087800261814]]},"properties":{"overall":0,"safety":0,"sidewalk":0,"sidewalk_present":0,"canopy":1.2,"comfort":19.5,"name":"","road_type":"service","osm_id":562693159}},{"type":"Feature","geometry":{"type":"LineString","coordinates":[[-84.47015749986866,33.75179740042972],[-84.47015060026996,33.751732699604474],[-84.47012750028387,33.751552399923355],[-84.47015449973031,33.751400599757915],[-84.47024920014042,33.75114930039996],[-84.47023969970235,33.75065549975159],[-84.47022539958249,33.750621099783984],[-84.47019880033434,33.75055949982112]]},"properties":{"overall":35,"safety":100,"sidewalk":0,"sidewalk_present":0,"canopy":6.2,"comfort":30.2,"name":"","road_type":"service","osm_id":243348249}},{"type":"Feature","geometry":{"type":"LineString","coordinates":[[-84.46776619985019,33.750835199584856],[-84.46772600015476,33.75115670002174]]},"properties":{"overall":9,"safety":25,"sidewalk":0,"sidewalk_present":0,"canopy":3.4,"comfort":21.8,"name":"","road_type":"service","osm_id":1301696974}},{"type":"Feature","geometry":{"type":"LineString","coordinates":[[-84.46754349983263,33.751191500187645],[-84.4674042002436,33.75117479977723],[-84.46738470024366,33.75117250021077],[-84.4672786998521,33.75121820015988]]},"properties":{"overall":22,"safety":64,"sidewalk":0,"sidewalk_present":0,"canopy":2.4,"comfort":20.6,"name":"","road_type":"service","osm_id":562693164}},{"type":"Feature","geometry":{"type":"LineString","coordinates":[[-84.46772600015476,33.75115670002174],[-84.46774319968887,33.751198200136855],[-84.46779020005766,33.75124009955101],[-84.46785280006662,33.75124519960633],[-84.46790519996495,33.75124309968936],[-84.46799089996,33.75119570002158],[-84.46803409979384,33.75116189990183],[-84.46804189961392,33.75087259969075],[-84.46804300038411,33.750834300262795]]},"properties":{"overall":13,"safety":33,"sidewalk":0,"sidewalk_present":0,"canopy":5.2,"comfort":24.2,"name":"","road_type":"service","osm_id":1301696976}},{"type":"Feature","geometry":{"type":"LineString","coordinates":[[-84.46927699973372,33.75077139988025],[-84.46926760001969,33.75125169990605]]},"properties":{"overall":30,"safety":76,"sidewalk":0,"sidewalk_present":0,"canopy":14.6,"comfort":31.0,"name":"","road_type":"residential","osm_id":562695670}},{"type":"Feature","geometry":{"type":"LineString","coordinates":[[-84.46845370007816,33.751259100427205],[-84.46828049964529,33.751257999657014]]},"properties":{"overall":32,"safety":92,"sidewalk":0,"sidewalk_present":0,"canopy":3.0,"comfort":24.8,"name":"","road_type":"service","osm_id":1490089852}},{"type":"Feature","geometry":{"type":"LineString","coordinates":[[-84.46828049964529,33.751257999657014],[-84.46813429955824,33.75126180019197]]},"properties":{"overall":33,"safety":98,"sidewalk":0,"sidewalk_present":0,"canopy":0.0,"comfort":23.1,"name":"","road_type":"service","osm_id":1490089849}},{"type":"Feature","geometry":{"type":"LineString","coordinates":[[-84.46811700019936,33.75204800011517],[-84.46812189970586,33.75182389985315],[-84.46813080029614,33.75142200002534],[-84.46813429955824,33.75126180019197],[-84.46814360034682,33.750838400272016],[-84.46816199957658,33.750004000284434]]},"properties":{"overall":25,"safety":64,"sidewalk":0,"sidewalk_present":0,"canopy":11.9,"comfort":29.6,"name":"Peyton Road Southwest","road_type":"unclassified","osm_id":629305910}},{"type":"Feature","geometry":{"type":"LineString","coordinates":[[-84.46232469982499,33.75108330005429],[-84.46237160036901,33.75133420011332]]},"properties":{"overall":43,"safety":100,"sidewalk":0,"sidewalk_present":0,"canopy":28.6,"comfort":42.0,"name":"","road_type":"service","osm_id":562375874}},{"type":"Feature","geometry":{"type":"LineString","coordinates":[[-84.45919299965715,33.75174200039305],[-84.45918150002615,33.75136319965202],[-84.4591660002107,33.750849999727734]]},"properties":{"overall":36,"safety":82,"sidewalk":0,"sidewalk_present":0,"canopy":24.7,"comfort":42.7,"name":"Lamar Avenue Southwest","road_type":"residential","osm_id":9255937}},{"type":"Feature","geometry":{"type":"LineString","coordinates":[[-84.45955450014003,33.750985899879424],[-84.45949409987276,33.75137079982261],[-84.45918150002615,33.75136319965202]]},"properties":{"overall":39,"safety":91,"sidewalk":0,"sidewalk_present":0,"canopy":25.6,"comfort":42.2,"name":"","road_type":"service","osm_id":1460019549}},{"type":"Feature","geometry":{"type":"LineString","coordinates":[[-84.46237160036901,33.75133420011332],[-84.46253919982416,33.75139329996085]]},"properties":{"overall":40,"safety":100,"sidewalk":0,"sidewalk_present":0,"canopy":19.1,"comfort":37.5,"name":"","road_type":"service","osm_id":562375873}},{"type":"Feature","geometry":{"type":"LineString","coordinates":[[-84.46570820027318,33.75139570025141],[-84.465410600219,33.751403300422055]]},"properties":{"overall":40,"safety":100,"sidewalk":0,"sidewalk_present":0,"canopy":20.1,"comfort":30.6,"name":"","road_type":"service","osm_id":562693142}},{"type":"Feature","geometry":{"type":"LineString","coordinates":[[-84.46253740028078,33.7515549998634],[-84.46222810004673,33.75141890006222]]},"properties":{"overall":37,"safety":100,"sidewalk":0,"sidewalk_present":0,"canopy":10.2,"comfort":34.0,"name":"","road_type":"service","osm_id":562375869}},{"type":"Feature","geometry":{"type":"LineString","coordinates":[[-84.46686800015806,33.751479499978984],[-84.46667479970222,33.75144900037111]]},"properties":{"overall":28,"safety":80,"sidewalk":0,"sidewalk_present":0,"canopy":3.1,"comfort":22.3,"name":"","road_type":"service","osm_id":562693154}},{"type":"Feature","geometry":{"type":"LineString","coordinates":[[-84.46685219996903,33.75164860040263],[-84.46686800015806,33.751479499978984],[-84.46686969987672,33.75146130039877],[-84.46690590028703,33.75141560044966],[-84.46710040026323,33.75143010021901]]},"properties":{"overall":9,"safety":23,"sidewalk":0,"sidewalk_present":0,"canopy":2.9,"comfort":21.9,"name":"","road_type":"service","osm_id":562693155}},{"type":"Feature","geometry":{"type":"LineString","coordinates":[[-84.46568329984439,33.75184849990842],[-84.46568279982131,33.75160510019526],[-84.46568889992278,33.75157270031991],[-84.46570289966905,33.751498099757555],[-84.46570820027318,33.75139570025141],[-84.46570959961826,33.75136760003477]]},"properties":{"overall":20,"safety":56,"sidewalk":0,"sidewalk_present":0,"canopy":3.8,"comfort":24.6,"name":"","road_type":"service","osm_id":562693144}},{"type":"Feature","geometry":{"type":"LineString","coordinates":[[-84.46253919982416,33.75139329996085],[-84.46253740028078,33.7515549998634],[-84.46253499999023,33.75177240017615]]},"properties":{"overall":37,"safety":100,"sidewalk":0,"sidewalk_present":0,"canopy":11.6,"comfort":34.9,"name":"","road_type":"service","osm_id":562375872}},{"type":"Feature","geometry":{"type":"LineString","coordinates":[[-84.4675351001647,33.75126719972155],[-84.46774450010855,33.75126449995673],[-84.46779020005766,33.75124009955101]]},"properties":{"overall":11,"safety":31,"sidewalk":0,"sidewalk_present":0,"canopy":1.2,"comfort":20.8,"name":"","road_type":"service","osm_id":1301696975}},{"type":"Feature","geometry":{"type":"LineString","coordinates":[[-84.46805860002434,33.751429600195934],[-84.46793390002944,33.75141699979474],[-84.46783699987759,33.751423599919235],[-84.46775609956433,33.75144679973005],[-84.4677125004315,33.75145909975771],[-84.46767780009037,33.75146879984527],[-84.46760890033045,33.75148540043091],[-84.4675095998881,33.751495099619206]]},"properties":{"overall":21,"safety":62,"sidewalk":0,"sidewalk_present":0,"canopy":0.9,"comfort":20.8,"name":"","road_type":"service","osm_id":917224162}},{"type":"Feature","geometry":{"type":"LineString","coordinates":[[-84.46770559993342,33.75167509982606],[-84.4677125004315,33.75145909975771]]},"properties":{"overall":21,"safety":63,"sidewalk":0,"sidewalk_present":0,"canopy":0.0,"comfort":20.1,"name":"","road_type":"service","osm_id":917224166}},{"type":"Feature","geometry":{"type":"LineString","coordinates":[[-84.46812189970586,33.75182389985315],[-84.46806859958616,33.75182919955796],[-84.46803800015357,33.75180730016683],[-84.46803020033343,33.75173230030549],[-84.46802880008903,33.75146750032491],[-84.46803519966471,33.7514473995779],[-84.46805860002434,33.751429600195934],[-84.46813080029614,33.75142200002534]]},"properties":{"overall":0,"safety":0,"sidewalk":0,"sidewalk_present":0,"canopy":0.0,"comfort":21.4,"name":"","road_type":"service","osm_id":917224161}},{"type":"Feature","geometry":{"type":"LineString","coordinates":[[-84.47294580020849,33.751303099758275],[-84.47293109989033,33.75138099993325],[-84.47292349971968,33.75142800030204],[-84.47290320022245,33.75146319976693],[-84.4728509001489,33.75149659968838],[-84.4727795002737,33.75149659968838],[-84.4727286004445,33.751465900431015],[-84.47269499997424,33.75140180035288],[-84.47268279977135,33.75129420006732]]},"properties":{"overall":48,"safety":100,"sidewalk":0,"sidewalk_present":0,"canopy":42.8,"comfort":48.4,"name":"","road_type":"service","osm_id":1305148266}},{"type":"Feature","geometry":{"type":"LineString","coordinates":[[-84.4672786998521,33.75121820015988],[-84.46726400043326,33.75152929993732]]},"properties":{"overall":21,"safety":58,"sidewalk":0,"sidewalk_present":0,"canopy":3.7,"comfort":21.2,"name":"","road_type":"service","osm_id":562693162}},{"type":"Feature","geometry":{"type":"LineString","coordinates":[[-84.46845370007816,33.751259100427205],[-84.46853100040533,33.75120869972176],[-84.46877039993399,33.75119829996163],[-84.46882270000754,33.75154510012629],[-84.46879030013218,33.75213089962136],[-84.46872019977735,33.7522647996808]]},"properties":{"overall":22,"safety":61,"sidewalk":0,"sidewalk_present":0,"canopy":5.3,"comfort":28.1,"name":"","road_type":"service","osm_id":1490089850}},{"type":"Feature","geometry":{"type":"LineString","coordinates":[[-84.4718712002956,33.75228650032176],[-84.4718688000051,33.75176370013469],[-84.4718533001896,33.75170060010265],[-84.47180500030049,33.75166470006593],[-84.47174109987185,33.75165180019047],[-84.4716809999781,33.7516672001812],[-84.47165630009812,33.75169950023178],[-84.47165139969229,33.7517321995814],[-84.47165239973845,33.752227399574906]]},"properties":{"overall":63,"safety":100,"sidewalk":0,"sidewalk_present":0,"canopy":90.0,"comfort":70.4,"name":"","road_type":"service","osm_id":1311978019}},{"type":"Feature","geometry":{"type":"LineString","coordinates":[[-84.46910530026935,33.75166200030111],[-84.4688947995553,33.751667600379506]]},"properties":{"overall":24,"safety":61,"sidewalk":0,"sidewalk_present":0,"canopy":10.3,"comfort":30.3,"name":"","road_type":"service","osm_id":562693137}},{"type":"Feature","geometry":{"type":"LineString","coordinates":[[-84.46776280041286,33.751845399945296],[-84.46777999994703,33.75177280037451],[-84.46776919998854,33.75169929968297],[-84.46772180032082,33.75167600004744],[-84.46770559993342,33.75167509982606],[-84.46749079956072,33.751663500370285]]},"properties":{"overall":1,"safety":4,"sidewalk":0,"sidewalk_present":0,"canopy":0.0,"comfort":20.8,"name":"","road_type":"service","osm_id":917224165}},{"type":"Feature","geometry":{"type":"LineString","coordinates":[[-84.47561170011983,33.75135239969353],[-84.47556769988938,33.75134180028391],[-84.47551620021244,33.75136390022385],[-84.47545649961774,33.751390000348295]]},"properties":{"overall":38,"safety":100,"sidewalk":0,"sidewalk_present":0,"canopy":13.0,"comfort":34.5,"name":"","road_type":"residential","osm_id":1426638687}},{"type":"Feature","geometry":{"type":"LineString","coordinates":[[-84.47576920018838,33.7513604998872],[-84.47569139983818,33.75134409985037],[-84.47561170011983,33.75135239969353],[-84.47559110024906,33.75138479956888],[-84.47553999987105,33.75140729970718],[-84.47548600007883,33.75143110026511]]},"properties":{"overall":40,"safety":100,"sidewalk":0,"sidewalk_present":0,"canopy":18.7,"comfort":37.2,"name":"","road_type":"residential","osm_id":1426638692}},{"type":"Feature","geometry":{"type":"LineString","coordinates":[[-84.47551620021244,33.75147430009895],[-84.47556569979719,33.75145310038033],[-84.4756896002948,33.751400099734894],[-84.47576920018838,33.7513604998872]]},"properties":{"overall":40,"safety":100,"sidewalk":0,"sidewalk_present":0,"canopy":18.7,"comfort":37.2,"name":"","road_type":"residential","osm_id":1426638690}},{"type":"Feature","geometry":{"type":"LineString","coordinates":[[-84.47556569979719,33.75145310038033],[-84.47553999987105,33.75140729970718],[-84.47551620021244,33.75136390022385]]},"properties":{"overall":38,"safety":100,"sidewalk":0,"sidewalk_present":0,"canopy":12.8,"comfort":34.5,"name":"","road_type":"residential","osm_id":1426638694}},{"type":"Feature","geometry":{"type":"LineString","coordinates":[[-84.47545649961774,33.751390000348295],[-84.47539910038813,33.751414800053055],[-84.47537179966878,33.751457400039044]]},"properties":{"overall":38,"safety":100,"sidewalk":0,"sidewalk_present":0,"canopy":12.9,"comfort":34.3,"name":"","road_type":"residential","osm_id":1426638693}},{"type":"Feature","geometry":{"type":"LineString","coordinates":[[-84.47548600007883,33.75143110026511],[-84.47543710034188,33.751452600357254],[-84.47537179966878,33.751457400039044],[-84.47531700037922,33.75144180039882],[-84.47526819956772,33.751453499679315],[-84.4752361000659,33.75147909978068],[-84.47521669989072,33.75150350018646],[-84.47521269970628,33.751546899669734],[-84.47522210031963,33.75157409966499],[-84.47524139977077,33.75160489964645]]},"properties":{"overall":38,"safety":100,"sidewalk":0,"sidewalk_present":0,"canopy":13.1,"comfort":34.9,"name":"","road_type":"residential","osm_id":1426638688}},{"type":"Feature","geometry":{"type":"LineString","coordinates":[[-84.47543710034188,33.751452600357254],[-84.47546690027718,33.75149880032944]]},"properties":{"overall":38,"safety":100,"sidewalk":0,"sidewalk_present":0,"canopy":12.9,"comfort":35.0,"name":"","road_type":"residential","osm_id":1426638689}},{"type":"Feature","geometry":{"type":"LineString","coordinates":[[-84.47524139977077,33.75160489964645],[-84.47500019979935,33.75167049979376],[-84.47470030017865,33.75171359980283],[-84.47463920023887,33.75171440019949],[-84.4736021002567,33.75172859959525],[-84.47357729965262,33.75165919981225],[-84.47356389975414,33.75158379975261],[-84.47358870035822,33.75155380016781],[-84.4737037002655,33.75153130002951],[-84.47387069987286,33.751525000278605],[-84.47410279960445,33.75151630023714],[-84.47409380008878,33.75098010015154],[-84.47404190021348,33.75095380037766],[-84.47395849978489,33.75095380037766],[-84.47388859997886,33.75101569981473],[-84.4738682995823,33.751101999657635],[-84.47387069987286,33.751525000278605]]},"properties":{"overall":38,"safety":100,"sidewalk":0,"sidewalk_present":0,"canopy":14.3,"comfort":35.8,"name":"","road_type":"residential","osm_id":243348766}},{"type":"Feature","geometry":{"type":"LineString","coordinates":[[-84.47524139977077,33.75160489964645],[-84.47533019972889,33.751610600448885],[-84.4753752998302,33.75159549993242],[-84.47540359969634,33.75156489960051],[-84.4754311998899,33.75152360003415],[-84.47546690027718,33.75149880032944],[-84.47551620021244,33.75147430009895]]},"properties":{"overall":38,"safety":100,"sidewalk":0,"sidewalk_present":0,"canopy":12.9,"comfort":34.9,"name":"","road_type":"residential","osm_id":1426638691}},{"type":"Feature","geometry":{"type":"LineString","coordinates":[[-84.47529579976134,33.751796400383625],[-84.4754307996916,33.75177450009318],[-84.47557890004617,33.75166999977074],[-84.47586470009577,33.75169630044394],[-84.4758312003496,33.75155230009864],[-84.47563470028115,33.75160960040279],[-84.47557890004617,33.75166999977074]]},"properties":{"overall":44,"safety":100,"sidewalk":0,"sidewalk_present":0,"canopy":33.4,"comfort":44.1,"name":"","road_type":"residential","osm_id":386967598}},{"type":"Feature","geometry":{"type":"LineString","coordinates":[[-84.46595799956197,33.75178439983023],[-84.46595789973725,33.75167209968771],[-84.46595770008776,33.75156610019542],[-84.46598990031362,33.7515370997574],[-84.4659912996587,33.75139220009004]]},"properties":{"overall":34,"safety":96,"sidewalk":0,"sidewalk_present":0,"canopy":4.8,"comfort":23.7,"name":"","road_type":"service","osm_id":562693152}},{"type":"Feature","geometry":{"type":"LineString","coordinates":[[-84.46598990031362,33.7515370997574],[-84.46604890033643,33.75156949963275]]},"properties":{"overall":33,"safety":95,"sidewalk":0,"sidewalk_present":0,"canopy":3.8,"comfort":23.4,"name":"","road_type":"service","osm_id":562693149}},{"type":"Feature","geometry":{"type":"LineString","coordinates":[[-84.46568889992278,33.75157270031991],[-84.46541589992381,33.75157499988637]]},"properties":{"overall":37,"safety":100,"sidewalk":0,"sidewalk_present":0,"canopy":12.1,"comfort":27.8,"name":"","road_type":"service","osm_id":562693141}},{"type":"Feature","geometry":{"type":"LineString","coordinates":[[-84.46595789973725,33.75167209968771],[-84.46604890033643,33.75164420001988]]},"properties":{"overall":32,"safety":92,"sidewalk":0,"sidewalk_present":0,"canopy":3.1,"comfort":22.9,"name":"","road_type":"service","osm_id":562693147}},{"type":"Feature","geometry":{"type":"LineString","coordinates":[[-84.46604890033643,33.75156949963275],[-84.46604890033643,33.75164420001988]]},"properties":{"overall":32,"safety":93,"sidewalk":0,"sidewalk_present":0,"canopy":3.1,"comfort":23.4,"name":"","road_type":"service","osm_id":562693148}},{"type":"Feature","geometry":{"type":"LineString","coordinates":[[-84.46708490044779,33.75167790031492],[-84.46685219996903,33.75164860040263]]},"properties":{"overall":1,"safety":0,"sidewalk":0,"sidewalk_present":0,"canopy":1.9,"comfort":22.7,"name":"","road_type":"service","osm_id":562693156}},{"type":"Feature","geometry":{"type":"LineString","coordinates":[[-84.46683689980307,33.75177600016235],[-84.46685219996903,33.75164860040263]]},"properties":{"overall":1,"safety":0,"sidewalk":0,"sidewalk_present":0,"canopy":1.9,"comfort":23.2,"name":"","road_type":"service","osm_id":562693153}},{"type":"Feature","geometry":{"type":"LineString","coordinates":[[-84.46707580020797,33.7518033998071],[-84.46708490044779,33.75167790031492]]},"properties":{"overall":1,"safety":0,"sidewalk":0,"sidewalk_present":0,"canopy":1.6,"comfort":23.0,"name":"","road_type":"service","osm_id":562693157}},{"type":"Feature","geometry":{"type":"LineString","coordinates":[[-84.46604890033643,33.75164420001988],[-84.46609320004109,33.7516842998906],[-84.46611150034545,33.751761200019416]]},"properties":{"overall":33,"safety":91,"sidewalk":0,"sidewalk_present":0,"canopy":7.1,"comfort":24.8,"name":"","road_type":"service","osm_id":562693150}},{"type":"Feature","geometry":{"type":"LineString","coordinates":[[-84.46090300027322,33.75173009966443],[-84.46080579974785,33.75170449956306]]},"properties":{"overall":36,"safety":95,"sidewalk":0,"sidewalk_present":0,"canopy":11.7,"comfort":33.6,"name":"","road_type":"service","osm_id":1416466076}},{"type":"Feature","geometry":{"type":"LineString","coordinates":[[-84.45879369976939,33.7507448995575],[-84.45883009982919,33.75064379957172],[-84.45885719999973,33.750565000074744]]},"properties":{"overall":36,"safety":81,"sidewalk":0,"sidewalk_present":0,"canopy":26.9,"comfort":45.7,"name":"","road_type":"service","osm_id":1418920149}},{"type":"Feature","geometry":{"type":"LineString","coordinates":[[-84.45681499971244,33.75027600023725],[-84.45677480001694,33.75042950012141],[-84.45677480001694,33.75057239969652],[-84.45677279992475,33.75074539958058],[-84.45675539984177,33.75089380030869],[-84.45675739993402,33.751006599574964]]},"properties":{"overall":39,"safety":84,"sidewalk":0,"sidewalk_present":0,"canopy":31.8,"comfort":52.4,"name":"Wilson Avenue Northwest","road_type":"service","osm_id":841184950}},{"type":"Feature","geometry":{"type":"LineString","coordinates":[[-84.458055000238,33.75055589983498],[-84.45805950044553,33.75062600018981],[-84.45806070014117,33.750662500074384],[-84.45805140025186,33.75070679977904],[-84.45804389990604,33.75074629980196],[-84.45803689958319,33.750802100036935],[-84.45803409999365,33.75085070029962],[-84.45803229955095,33.75095559992104],[-84.45803460001673,33.751046099597886],[-84.4580294001367,33.75115200016472],[-84.4580294001367,33.75125350034881],[-84.45803750033036,33.751318499749004],[-84.45804509960163,33.75134350000258],[-84.45807340036708,33.75137279991486],[-84.45812840020545,33.751385400315996],[-84.45828869986354,33.751431600288186],[-84.45843799991371,33.75148109987293],[-84.45848379968754,33.75149459959613],[-84.45852829994107,33.75150860024178],[-84.45857640018068,33.75152350020943],[-84.45860760036044,33.7515181996053],[-84.45863020032346,33.75150369983595],[-84.45864119993138,33.751484500209585],[-84.45864639981147,33.75146329959165],[-84.4586447000928,33.751440199605554],[-84.45863140001904,33.75141039967025],[-84.45860010001456,33.751381999979344],[-84.45856310010697,33.75135649970275],[-84.45853530026386,33.751323800353134],[-84.4585214003423,33.75129389969379],[-84.45850629982584,33.75125250030271],[-84.45850290038851,33.75120349984172],[-84.4585022996414,33.75115050009555],[-84.45850059992273,33.75105519983765],[-84.4585081002686,33.751036000211286],[-84.4585399002961,33.75101240020217],[-84.45855669963197,33.75098689992552],[-84.45856539967343,33.75095659996714],[-84.45856479982564,33.75092000025785],[-84.45856829998701,33.750865600267275],[-84.45856600042055,33.75083480028587],[-84.45855030005629,33.750790600405935],[-84.45853759983032,33.750759800424476],[-84.45851909987653,33.75072460006032],[-84.45851389999643,33.7506985997606],[-84.45851630028699,33.750666600083605]]},"properties":{"overall":34,"safety":80,"sidewalk":0,"sidewalk_present":0,"canopy":21.0,"comfort":44.3,"name":"","road_type":"service","osm_id":715693662}},{"type":"Feature","geometry":{"type":"LineString","coordinates":[[-84.47027880042629,33.751729999839654],[-84.47035240004317,33.751731099710526],[-84.47050079987196,33.751724700134844],[-84.47074960001402,33.751724700134844]]},"properties":{"overall":24,"safety":67,"sidewalk":0,"sidewalk_present":0,"canopy":6.2,"comfort":30.2,"name":"","road_type":"service","osm_id":243348250}},{"type":"Feature","geometry":{"type":"LineString","coordinates":[[-84.47015060026996,33.751732699604474],[-84.47027880042629,33.751729999839654]]},"properties":{"overall":35,"safety":100,"sidewalk":0,"sidewalk_present":0,"canopy":4.4,"comfort":28.6,"name":"","road_type":"service","osm_id":562693121}},{"type":"Feature","geometry":{"type":"LineString","coordinates":[[-84.47047850028252,33.752048099939884],[-84.47035240004317,33.751731099710526]]},"properties":{"overall":34,"safety":100,"sidewalk":0,"sidewalk_present":0,"canopy":2.4,"comfort":28.0,"name":"","road_type":"service","osm_id":562693117}},{"type":"Feature","geometry":{"type":"LineString","coordinates":[[-84.46734029981496,33.75175230032846],[-84.4673104998796,33.75173690033773],[-84.46727840037784,33.75172039957681]]},"properties":{"overall":1,"safety":0,"sidewalk":0,"sidewalk_present":0,"canopy":1.9,"comfort":22.5,"name":"","road_type":"footway","osm_id":1354658387}},{"type":"Feature","geometry":{"type":"LineString","coordinates":[[-84.46735529960733,33.751760299798036],[-84.46734029981496,33.75175230032846]]},"properties":{"overall":0,"safety":0,"sidewalk":0,"sidewalk_present":0,"canopy":0.0,"comfort":22.1,"name":"","road_type":"footway","osm_id":1354658397}},{"type":"Feature","geometry":{"type":"LineString","coordinates":[[-84.46737419975949,33.751753599848826],[-84.46748029997582,33.75175769985799],[-84.46758990035357,33.751761899691985]]},"properties":{"overall":33,"safety":0,"sidewalk":100,"sidewalk_present":1,"canopy":0.0,"comfort":21.5,"name":"","road_type":"footway","osm_id":1354658391}},{"type":"Feature","geometry":{"type":"LineString","coordinates":[[-84.46734809963505,33.751773400222305],[-84.46735529960733,33.751760299798036],[-84.46737419975949,33.751753599848826]]},"properties":{"overall":0,"safety":0,"sidewalk":0,"sidewalk_present":0,"canopy":0.0,"comfort":22.1,"name":"","road_type":"footway","osm_id":1354658392}},{"type":"Feature","geometry":{"type":"LineString","coordinates":[[-84.47328209988893,33.75171900023173],[-84.47311649962671,33.751789099687244]]},"properties":{"overall":46,"safety":100,"sidewalk":0,"sidewalk_present":0,"canopy":38.7,"comfort":46.7,"name":"","road_type":"service","osm_id":562693074}},{"type":"Feature","geometry":{"type":"LineString","coordinates":[[-84.46758990035357,33.751761899691985],[-84.46759069985086,33.751788800213035],[-84.46760380027513,33.75180990010688],[-84.4676284003304,33.75182339983007]]},"properties":{"overall":33,"safety":0,"sidewalk":100,"sidewalk_present":1,"canopy":0.0,"comfort":22.1,"name":"","road_type":"footway","osm_id":1354658390}},{"type":"Feature","geometry":{"type":"LineString","coordinates":[[-84.4701960996702,33.751893000161886],[-84.47019640004379,33.7518727995901],[-84.47019699989158,33.75183150002374],[-84.47015749986866,33.75179740042972]]},"properties":{"overall":35,"safety":100,"sidewalk":0,"sidewalk_present":0,"canopy":4.4,"comfort":28.8,"name":"","road_type":"service","osm_id":1053625352}},{"type":"Feature","geometry":{"type":"LineString","coordinates":[[-84.46091359968284,33.75156300023235],[-84.46090589968748,33.75168560031028],[-84.46090300027322,33.75173009966443],[-84.46087790019487,33.75211329988895]]},"properties":{"overall":39,"safety":93,"sidewalk":0,"sidewalk_present":0,"canopy":22.8,"comfort":38.8,"name":"","road_type":"service","osm_id":1416466075}},{"type":"Feature","geometry":{"type":"LineString","coordinates":[[-84.46611150034545,33.751761200019416],[-84.46632500029847,33.75173700016251]]},"properties":{"overall":12,"safety":29,"sidewalk":0,"sidewalk_present":0,"canopy":6.3,"comfort":24.6,"name":"Martin Luther King Junior Drive Southwest","road_type":"secondary","osm_id":972178790}},{"type":"Feature","geometry":{"type":"LineString","coordinates":[[-84.46632500029847,33.75173700016251],[-84.46645940038098,33.75174479998259]]},"properties":{"overall":2,"safety":0,"sidewalk":0,"sidewalk_present":0,"canopy":5.5,"comfort":23.5,"name":"Martin Luther King Junior Drive Southwest","road_type":"secondary","osm_id":1378239608}},{"type":"Feature","geometry":{"type":"LineString","coordinates":[[-84.46645940038098,33.75174479998259],[-84.46667000002043,33.75175700018548]]},"properties":{"overall":1,"safety":0,"sidewalk":0,"sidewalk_present":0,"canopy":3.4,"comfort":23.2,"name":"Martin Luther King Junior Drive Southwest","road_type":"secondary","osm_id":972178789}},{"type":"Feature","geometry":{"type":"LineString","coordinates":[[-84.46675079960966,33.75176620025002],[-84.46671400025087,33.75176200041602],[-84.46667000002043,33.75175700018548]]},"properties":{"overall":1,"safety":0,"sidewalk":0,"sidewalk_present":0,"canopy":2.4,"comfort":23.3,"name":"Martin Luther King Junior Drive Southwest","road_type":"secondary","osm_id":1378239609}},{"type":"Feature","geometry":{"type":"LineString","coordinates":[[-84.46268320016952,33.751833699765484],[-84.46268599975906,33.7517735998718],[-84.46270599978203,33.75136760003477]]},"properties":{"overall":40,"safety":100,"sidewalk":0,"sidewalk_present":0,"canopy":19.5,"comfort":38.7,"name":"","road_type":"service","osm_id":562375870}},{"type":"Feature","geometry":{"type":"LineString","coordinates":[[-84.46253499999023,33.75177240017615],[-84.46268599975906,33.7517735998718]]},"properties":{"overall":36,"safety":100,"sidewalk":0,"sidewalk_present":0,"canopy":9.3,"comfort":34.1,"name":"","road_type":"service","osm_id":562375871}},{"type":"Feature","geometry":{"type":"LineString","coordinates":[[-84.46746699990206,33.75187700032336],[-84.46733149994873,33.75185119967318],[-84.46708999960379,33.75180499970105],[-84.46707580020797,33.7518033998071],[-84.46683689980307,33.75177600016235],[-84.46675079960966,33.75176620025002]]},"properties":{"overall":0,"safety":0,"sidewalk":0,"sidewalk_present":0,"canopy":1.0,"comfort":23.0,"name":"Martin Luther King Junior Drive Southwest","road_type":"secondary","osm_id":629305911}},{"type":"Feature","geometry":{"type":"LineString","coordinates":[[-84.4631270003108,33.75236999967581],[-84.46340399959485,33.7523840003214],[-84.46369000019331,33.75236600039068],[-84.46393499980036,33.752324000252486],[-84.46435200014463,33.75221899990697],[-84.46537770032057,33.75192490001416],[-84.4654749997714,33.75189700034633],[-84.46568329984439,33.75184849990842],[-84.46595799956197,33.75178439983023],[-84.46600700002301,33.751773000024],[-84.46611150034545,33.751761200019416]]},"properties":{"overall":29,"safety":70,"sidewalk":0,"sidewalk_present":0,"canopy":18.3,"comfort":33.0,"name":"Martin Luther King Junior Drive Southwest","road_type":"secondary","osm_id":79424665}},{"type":"Feature","geometry":{"type":"LineString","coordinates":[[-84.46537770032057,33.75192490001416],[-84.46570560033314,33.75188950000046],[-84.46593899958515,33.751864999769964],[-84.46601810035503,33.7518627002035],[-84.46606900018418,33.75187610010198],[-84.4661039001748,33.751909599848204],[-84.46610929970439,33.751954199926445],[-84.46608650009188,33.75199770013381],[-84.46603689978303,33.75202549997687],[-84.46585850036945,33.752083499953585],[-84.465785100402,33.752121400082615],[-84.46576189969187,33.752168299727316]]},"properties":{"overall":33,"safety":85,"sidewalk":0,"sidewalk_present":0,"canopy":14.4,"comfort":28.9,"name":"","road_type":"service","osm_id":560686803}},{"type":"Feature","geometry":{"type":"LineString","coordinates":[[-84.4679132003339,33.75187589955317],[-84.46780369978086,33.7518462003419],[-84.46776280041286,33.751845399945296],[-84.46773150040838,33.751858799843774],[-84.4676927998828,33.75193639964516]]},"properties":{"overall":0,"safety":0,"sidewalk":0,"sidewalk_present":0,"canopy":0.0,"comfort":22.4,"name":"","road_type":"service","osm_id":917224164}},{"type":"Feature","geometry":{"type":"LineString","coordinates":[[-84.4673042001287,33.751978999631206],[-84.46733149994873,33.75185119967318],[-84.46734809963505,33.751773400222305]]},"properties":{"overall":34,"safety":0,"sidewalk":100,"sidewalk_present":1,"canopy":1.7,"comfort":23.9,"name":"","road_type":"footway","osm_id":1354658393}},{"type":"Feature","geometry":{"type":"LineString","coordinates":[[-84.47015749986866,33.75179740042972],[-84.47012190020547,33.75183259989461],[-84.47012240022855,33.751873699811426],[-84.47012259987804,33.75189109989441]]},"properties":{"overall":35,"safety":100,"sidewalk":0,"sidewalk_present":0,"canopy":4.4,"comfort":28.8,"name":"","road_type":"service","osm_id":1053625351}},{"type":"Feature","geometry":{"type":"LineString","coordinates":[[-84.46803800015357,33.75180730016683],[-84.46796400033833,33.75184320020355],[-84.4679132003339,33.75187589955317],[-84.46787299973909,33.751935600147874],[-84.46785129999745,33.751978100309145]]},"properties":{"overall":5,"safety":15,"sidewalk":0,"sidewalk_present":0,"canopy":0.0,"comfort":21.6,"name":"","road_type":"service","osm_id":917224163}},{"type":"Feature","geometry":{"type":"LineString","coordinates":[[-84.47019430012682,33.75200659982477],[-84.4701960996702,33.751893000161886]]},"properties":{"overall":35,"safety":100,"sidewalk":0,"sidewalk_present":0,"canopy":5.8,"comfort":29.4,"name":"","road_type":"service","osm_id":1006400174}},{"type":"Feature","geometry":{"type":"LineString","coordinates":[[-84.4676284003304,33.75182339983007],[-84.46760769973554,33.75191410005573],[-84.46758759988779,33.75200209961724]]},"properties":{"overall":33,"safety":0,"sidewalk":100,"sidewalk_present":1,"canopy":0.0,"comfort":22.6,"name":"","road_type":"footway","osm_id":1354658389}},{"type":"Feature","geometry":{"type":"LineString","coordinates":[[-84.46828049964529,33.751257999657014],[-84.46827069973295,33.75193340040613],[-84.46829109995429,33.75196900006932]]},"properties":{"overall":16,"safety":49,"sidewalk":0,"sidewalk_present":0,"canopy":0.0,"comfort":23.1,"name":"","road_type":"service","osm_id":1490089851}},{"type":"Feature","geometry":{"type":"LineString","coordinates":[[-84.46803929967388,33.75202759989389],[-84.46785129999745,33.751978100309145],[-84.4676927998828,33.75193639964516],[-84.46760769973554,33.75191410005573],[-84.46746699990206,33.75187700032336]]},"properties":{"overall":0,"safety":0,"sidewalk":0,"sidewalk_present":0,"canopy":0.0,"comfort":23.2,"name":"Martin Luther King Junior Drive Southwest","road_type":"secondary","osm_id":629305912}},{"type":"Feature","geometry":{"type":"LineString","coordinates":[[-84.47311649962671,33.751789099687244],[-84.47288720038398,33.75195639966819]]},"properties":{"overall":27,"safety":33,"sidewalk":0,"sidewalk_present":0,"canopy":47.4,"comfort":50.7,"name":"","road_type":"service","osm_id":562693072}},{"type":"Feature","geometry":{"type":"LineString","coordinates":[[-84.46733419971349,33.752011699880086],[-84.46732260025777,33.751993100101515],[-84.4673042001287,33.751978999631206]]},"properties":{"overall":34,"safety":0,"sidewalk":100,"sidewalk_present":1,"canopy":2.7,"comfort":26.0,"name":"","road_type":"footway","osm_id":1354658394}},{"type":"Feature","geometry":{"type":"LineString","coordinates":[[-84.47019430012682,33.75200659982477],[-84.47012390029772,33.75201129968178]]},"properties":{"overall":35,"safety":100,"sidewalk":0,"sidewalk_present":0,"canopy":5.8,"comfort":29.6,"name":"","road_type":"service","osm_id":562693123}},{"type":"Feature","geometry":{"type":"LineString","coordinates":[[-84.47012259987804,33.75189109989441],[-84.47012390029772,33.75201129968178]]},"properties":{"overall":35,"safety":100,"sidewalk":0,"sidewalk_present":0,"canopy":5.8,"comfort":29.5,"name":"","road_type":"service","osm_id":562693122}},{"type":"Feature","geometry":{"type":"LineString","coordinates":[[-84.46746699990206,33.75187700032336],[-84.46745450022496,33.752021800166006],[-84.46743200008672,33.75228300016039]]},"properties":{"overall":9,"safety":25,"sidewalk":0,"sidewalk_present":0,"canopy":3.4,"comfort":25.4,"name":"Hamilton E Holmes Drive Northwest","road_type":"secondary","osm_id":629305909}},{"type":"Feature","geometry":{"type":"LineString","coordinates":[[-84.46756220033524,33.75203090040577],[-84.46745450022496,33.752021800166006],[-84.46733419971349,33.752011699880086]]},"properties":{"overall":34,"safety":0,"sidewalk":100,"sidewalk_present":1,"canopy":1.9,"comfort":24.4,"name":"","road_type":"footway","osm_id":1354658395}},{"type":"Feature","geometry":{"type":"LineString","coordinates":[[-84.46829109995429,33.75196900006932],[-84.46843460027657,33.75202590017523],[-84.46845370007816,33.751259100427205]]},"properties":{"overall":14,"safety":40,"sidewalk":0,"sidewalk_present":0,"canopy":1.2,"comfort":24.2,"name":"","road_type":"service","osm_id":386967595}},{"type":"Feature","geometry":{"type":"LineString","coordinates":[[-84.46758759988779,33.75200209961724],[-84.46758709986472,33.75202700004604],[-84.46756220033524,33.75203090040577]]},"properties":{"overall":1,"safety":0,"sidewalk":0,"sidewalk_present":0,"canopy":2.3,"comfort":24.0,"name":"","road_type":"footway","osm_id":1354658398}},{"type":"Feature","geometry":{"type":"LineString","coordinates":[[-84.46758709986472,33.75202700004604],[-84.46760380027513,33.752044599778515]]},"properties":{"overall":0,"safety":0,"sidewalk":0,"sidewalk_present":0,"canopy":0.0,"comfort":23.4,"name":"","road_type":"footway","osm_id":1354658388}},{"type":"Feature","geometry":{"type":"LineString","coordinates":[[-84.47076070034603,33.752139599662826],[-84.47047850028252,33.752048099939884]]},"properties":{"overall":35,"safety":100,"sidewalk":0,"sidewalk_present":0,"canopy":4.5,"comfort":29.9,"name":"","road_type":"service","osm_id":562693119}},{"type":"Feature","geometry":{"type":"LineString","coordinates":[[-84.46760380027513,33.752044599778515],[-84.46762369957406,33.752063699580106],[-84.46764729958318,33.75208630044244]]},"properties":{"overall":0,"safety":1,"sidewalk":0,"sidewalk_present":0,"canopy":0.0,"comfort":23.5,"name":"","road_type":"footway","osm_id":1354658396}},{"type":"Feature","geometry":{"type":"LineString","coordinates":[[-84.46743200008672,33.75228300016039],[-84.46753620003557,33.75213150036848],[-84.46762369957406,33.752063699580106],[-84.46776960018684,33.75202220036431],[-84.46803929967388,33.75202759989389]]},"properties":{"overall":13,"safety":38,"sidewalk":0,"sidewalk_present":0,"canopy":2.3,"comfort":24.9,"name":"","road_type":"secondary_link","osm_id":629305913}},{"type":"Feature","geometry":{"type":"LineString","coordinates":[[-84.49588969994966,33.75076679984801],[-84.4964970004362,33.7507319996821],[-84.49698000022681,33.7506965996684]]},"properties":{"overall":20,"safety":60,"sidewalk":0,"sidewalk_present":0,"canopy":0.0,"comfort":0.0,"name":"Boulder Park Drive Southwest","road_type":"tertiary","osm_id":42003876}},{"type":"Feature","geometry":{"type":"LineString","coordinates":[[-84.49406399975373,33.75081399986624],[-84.49476739999545,33.75080660024446],[-84.49529399981822,33.750801000166064],[-84.49588969994966,33.75076679984801]]},"properties":{"overall":27,"safety":82,"sidewalk":0,"sidewalk_present":0,"canopy":0.0,"comfort":0.0,"name":"Boulder Park Drive Southwest","road_type":"tertiary","osm_id":629329075}},{"type":"Feature","geometry":{"type":"LineString","coordinates":[[-84.4967024001956,33.75026740002056],[-84.49636229998015,33.75112930037699]]},"properties":{"overall":11,"safety":34,"sidewalk":0,"sidewalk_present":0,"canopy":0.0,"comfort":0.0,"name":"Atlanta Bypass / The Perimeter","road_type":"motorway","osm_id":573729736}},{"type":"Feature","geometry":{"type":"LineString","coordinates":[[-84.49636229998015,33.75112930037699],[-84.49617270040977,33.75132249993345],[-84.49609780037315,33.75140440029287],[-84.49602290033653,33.75148619992825],[-84.49596159984793,33.75154379970667],[-84.49588640033704,33.75160129966031],[-84.49579660033282,33.7516553003519],[-84.49569750043923,33.751709300144114],[-84.49560179998304,33.75175290017626],[-84.49549440024634,33.75179030028221],[-84.49540450041735,33.751813900291324],[-84.49530369990578,33.751831900222044],[-84.49487129957078,33.7518930999866],[-84.49475970000015,33.751920399806636],[-84.49466449956697,33.7519515999864],[-84.49454260006092,33.75200840026753],[-84.49442870002446,33.75208580041942]]},"properties":{"overall":28,"safety":70,"sidewalk":0,"sidewalk_present":0,"canopy":12.8,"comfort":41.5,"name":"","road_type":"motorway_link","osm_id":9239176}},{"type":"Feature","geometry":{"type":"LineString","coordinates":[[-84.49445890015807,33.75307819959926],[-84.49436740043512,33.75297620029147],[-84.49431470016327,33.75290249995044],[-84.4942736002464,33.75282490014905],[-84.49424519965618,33.75273569999263],[-84.49422680042647,33.752643300048305],[-84.49422769974854,33.75255690038068],[-84.49425200032954,33.75243879961096],[-84.49426900021416,33.75236069978649],[-84.49431100035235,33.75230229961147],[-84.49436240020458,33.752244000160545],[-84.49442789962785,33.75218159980102],[-84.49451669958597,33.75211999983816],[-84.49460439967328,33.75208039999052],[-84.49470250042003,33.752046900244295],[-84.49480990015672,33.75202559980164],[-84.49492089987956,33.75202189999072],[-84.49503839990217,33.75203260012444],[-84.49514300004938,33.75205500043796],[-84.49524989976305,33.752096600377854],[-84.49533340001636,33.75214219960287],[-84.4954089997255,33.75219599974565],[-84.4954777996607,33.75226810019274],[-84.49551380042152,33.75231309956996],[-84.49554079986797,33.752356499952555],[-84.49556010021843,33.752399500136846],[-84.49557230042132,33.752442500321195],[-84.49558869955882,33.75251969992428],[-84.49559309994157,33.75260740001153],[-84.49558330002924,33.75269429970223],[-84.49552210026468,33.75298240021766],[-84.49549450007106,33.75327120040561]]},"properties":{"overall":51,"safety":48,"sidewalk":100,"sidewalk_present":1,"canopy":5.5,"comfort":34.6,"name":"","road_type":"motorway_link","osm_id":9239173}},{"type":"Feature","geometry":{"type":"LineString","coordinates":[[-84.49636229998015,33.75112930037699],[-84.49621700011443,33.75149230002967],[-84.49597199960806,33.75213100034546],[-84.495692900407,33.75280209963722],[-84.49549450007106,33.75327120040561]]},"properties":{"overall":12,"safety":30,"sidewalk":0,"sidewalk_present":0,"canopy":5.7,"comfort":34.5,"name":"Atlanta Bypass / The Perimeter","road_type":"motorway","osm_id":1022511639}},{"type":"Feature","geometry":{"type":"LineString","coordinates":[[-84.49442870002446,33.75208580041942],[-84.4941853003113,33.75233130004949],[-84.4940847003486,33.75246660035339]]},"properties":{"overall":33,"safety":90,"sidewalk":0,"sidewalk_present":0,"canopy":8.6,"comfort":37.3,"name":"","road_type":"motorway_link","osm_id":573729734}},{"type":"Feature","geometry":{"type":"LineString","coordinates":[[-84.49442870002446,33.75208580041942],[-84.4943142001402,33.752140300234714],[-84.49422159964706,33.75220829977326],[-84.49415460015462,33.752279699648454],[-84.49409689965216,33.75235220029384],[-84.49403519986453,33.752443600192066],[-84.49396680012768,33.752550900103984],[-84.49392310027082,33.7526195003897],[-84.49388549961606,33.75265429965623]]},"properties":{"overall":27,"safety":71,"sidewalk":0,"sidewalk_present":0,"canopy":8.6,"comfort":36.6,"name":"","road_type":"motorway_link","osm_id":573729731}},{"type":"Feature","geometry":{"type":"LineString","coordinates":[[-84.48215829966574,33.75180120006536],[-84.48163410013359,33.751717299613745],[-84.48124410013509,33.75170029972912],[-84.48071510002183,33.75168930012114],[-84.47993789961436,33.751686200158076],[-84.47881120017672,33.75168880009812]]},"properties":{"overall":32,"safety":96,"sidewalk":0,"sidewalk_present":0,"canopy":0.0,"comfort":0.0,"name":"Emerald Court Southwest","road_type":"residential","osm_id":9244037}},{"type":"Feature","geometry":{"type":"LineString","coordinates":[[-84.48675249982796,33.752109199879726],[-84.48613350006093,33.75177600016235]]},"properties":{"overall":33,"safety":97,"sidewalk":0,"sidewalk_present":0,"canopy":1.6,"comfort":22.3,"name":"","road_type":"service","osm_id":395713484}},{"type":"Feature","geometry":{"type":"LineString","coordinates":[[-84.48607500006119,33.75282240003378],[-84.48658829981014,33.75245890035802],[-84.48741620039732,33.75187250011584],[-84.48752000014787,33.75179900032367],[-84.48756090041519,33.75177330039753],[-84.4877800004466,33.75163600000144],[-84.48796490015997,33.75152949958681]]},"properties":{"overall":12,"safety":29,"sidewalk":0,"sidewalk_present":0,"canopy":6.0,"comfort":26.0,"name":"Martin Luther King Junior Drive Southwest","road_type":"secondary","osm_id":1278993856}},{"type":"Feature","geometry":{"type":"LineString","coordinates":[[-84.4885418997888,33.75146989971614],[-84.48811780019628,33.7516374002459],[-84.48793500039989,33.75174999986268],[-84.48772370018855,33.75185290029117],[-84.48768549968605,33.75185379961323],[-84.48764160017964,33.75184349967782],[-84.48756090041519,33.75177330039753]]},"properties":{"overall":18,"safety":49,"sidewalk":0,"sidewalk_present":0,"canopy":5.8,"comfort":26.1,"name":"","road_type":"service","osm_id":922514174}},{"type":"Feature","geometry":{"type":"LineString","coordinates":[[-84.48623119971006,33.751641600079836],[-84.48689390023327,33.75200630035056]]},"properties":{"overall":29,"safety":85,"sidewalk":0,"sidewalk_present":0,"canopy":1.5,"comfort":22.2,"name":"","road_type":"service","osm_id":395713488}},{"type":"Feature","geometry":{"type":"LineString","coordinates":[[-84.48628900003729,33.75244629995683],[-84.48582269975776,33.75220309989322]]},"properties":{"overall":33,"safety":98,"sidewalk":0,"sidewalk_present":0,"canopy":1.2,"comfort":23.9,"name":"","road_type":"service","osm_id":395713483}},{"type":"Feature","geometry":{"type":"LineString","coordinates":[[-84.48604060009359,33.7519037002956],[-84.48660910022977,33.75221349965335]]},"properties":{"overall":29,"safety":85,"sidewalk":0,"sidewalk_present":0,"canopy":1.6,"comfort":22.5,"name":"","road_type":"service","osm_id":395713491}},{"type":"Feature","geometry":{"type":"LineString","coordinates":[[-84.48614410036993,33.752551800325364],[-84.48572679965207,33.75233499986041]]},"properties":{"overall":34,"safety":95,"sidewalk":0,"sidewalk_present":0,"canopy":6.0,"comfort":26.7,"name":"","road_type":"service","osm_id":395713490}},{"type":"Feature","geometry":{"type":"LineString","coordinates":[[-84.4859340996789,33.752050100032136],[-84.48644070037795,33.75233599990651]]},"properties":{"overall":28,"safety":83,"sidewalk":0,"sidewalk_present":0,"canopy":1.3,"comfort":23.0,"name":"","road_type":"service","osm_id":395713494}},{"type":"Feature","geometry":{"type":"LineString","coordinates":[[-84.48644070037795,33.75233599990651],[-84.48658829981014,33.75245890035802]]},"properties":{"overall":27,"safety":72,"sidewalk":0,"sidewalk_present":0,"canopy":7.9,"comfort":26.0,"name":"","road_type":"service","osm_id":562664739}},{"type":"Feature","geometry":{"type":"LineString","coordinates":[[-84.49151319957446,33.751948900221635],[-84.49162060021047,33.75199369994937],[-84.4916983996614,33.751976299866385]]},"properties":{"overall":28,"safety":76,"sidewalk":0,"sidewalk_present":0,"canopy":8.4,"comfort":31.8,"name":"Martin Luther King Junior Drive Southwest","road_type":"secondary","osm_id":1020456380}},{"type":"Feature","geometry":{"type":"LineString","coordinates":[[-84.49249350017487,33.752087400313314],[-84.49230639982045,33.75200879956651]]},"properties":{"overall":2,"safety":0,"sidewalk":0,"sidewalk_present":0,"canopy":4.7,"comfort":32.3,"name":"","road_type":"service","osm_id":562678594}},{"type":"Feature","geometry":{"type":"LineString","coordinates":[[-84.4916983996614,33.751976299866385],[-84.49183820017277,33.75203589973705],[-84.4921020001072,33.75214919992567]]},"properties":{"overall":18,"safety":48,"sidewalk":0,"sidewalk_present":0,"canopy":6.4,"comfort":30.8,"name":"Martin Luther King Junior Drive Southwestg","road_type":"secondary","osm_id":1379283305}},{"type":"Feature","geometry":{"type":"LineString","coordinates":[[-84.49230639982045,33.75200879956651],[-84.49221320037884,33.75207959959391],[-84.49214939977492,33.752169000299205]]},"properties":{"overall":20,"safety":55,"sidewalk":0,"sidewalk_present":0,"canopy":4.9,"comfort":31.1,"name":"","road_type":"service","osm_id":562678595}},{"type":"Feature","geometry":{"type":"LineString","coordinates":[[-84.49064350029727,33.75222519983316],[-84.49053620038529,33.75214480044224],[-84.49052309996108,33.752133200087144],[-84.49037389973563,33.75200099974637],[-84.49026929958848,33.75182480007453]]},"properties":{"overall":25,"safety":60,"sidewalk":0,"sidewalk_present":0,"canopy":14.8,"comfort":32.7,"name":"","road_type":"service","osm_id":562664759}},{"type":"Feature","geometry":{"type":"LineString","coordinates":[[-84.49239900031358,33.752272999699244],[-84.49244990014273,33.75217489985181],[-84.49249350017487,33.752087400313314]]},"properties":{"overall":19,"safety":54,"sidewalk":0,"sidewalk_present":0,"canopy":3.0,"comfort":31.1,"name":"","road_type":"service","osm_id":562678596}},{"type":"Feature","geometry":{"type":"LineString","coordinates":[[-84.4921020001072,33.75214919992567],[-84.49206030034253,33.75222640042807]]},"properties":{"overall":21,"safety":59,"sidewalk":0,"sidewalk_present":0,"canopy":2.9,"comfort":29.1,"name":"","road_type":"service","osm_id":562664768}},{"type":"Feature","geometry":{"type":"LineString","coordinates":[[-84.4921020001072,33.75214919992567],[-84.49214939977492,33.752169000299205],[-84.49239900031358,33.752272999699244],[-84.49252070017013,33.75232379970362],[-84.49265789984219,33.752382000229204]]},"properties":{"overall":17,"safety":51,"sidewalk":0,"sidewalk_present":0,"canopy":1.3,"comfort":29.4,"name":"Martin Luther King Junior Drive Southwestg","road_type":"secondary","osm_id":1379283306}},{"type":"Feature","geometry":{"type":"LineString","coordinates":[[-84.49206030034253,33.75222640042807],[-84.49198450008458,33.75226750034494],[-84.49196480043514,33.75230989978212],[-84.49193399955442,33.75235080004944],[-84.4918839999466,33.75238350029838],[-84.49181560020975,33.75240460019222],[-84.49173779985955,33.75240350032135],[-84.49165459997977,33.75238229970341],[-84.49159030025214,33.75238119983254],[-84.49152720022005,33.75239459973102],[-84.4914754999943,33.75242329979551]]},"properties":{"overall":29,"safety":78,"sidewalk":0,"sidewalk_present":0,"canopy":9.6,"comfort":30.1,"name":"","road_type":"service","osm_id":1180012033}},{"type":"Feature","geometry":{"type":"LineString","coordinates":[[-84.49156610039518,33.75247159968461],[-84.4914754999943,33.75242329979551]]},"properties":{"overall":38,"safety":100,"sidewalk":0,"sidewalk_present":0,"canopy":14.0,"comfort":30.4,"name":"","road_type":"service","osm_id":562664767}},{"type":"Feature","geometry":{"type":"LineString","coordinates":[[-84.49156610039518,33.75247159968461],[-84.49162920042721,33.75245709991526],[-84.49175090028376,33.75246880009507],[-84.49181560020975,33.75247409979994],[-84.49187860041701,33.7524648997354],[-84.4919671000016,33.75241690021983],[-84.49204159983992,33.752340799588296],[-84.49206369977986,33.75229869962533],[-84.49206030034253,33.75222640042807]]},"properties":{"overall":31,"safety":84,"sidewalk":0,"sidewalk_present":0,"canopy":8.9,"comfort":30.1,"name":"","road_type":"service","osm_id":562664769}},{"type":"Feature","geometry":{"type":"LineString","coordinates":[[-84.49156339973109,33.75252060014566],[-84.49156610039518,33.75247159968461]]},"properties":{"overall":38,"safety":100,"sidewalk":0,"sidewalk_present":0,"canopy":14.0,"comfort":30.5,"name":"","road_type":"service","osm_id":1083962418}},{"type":"Feature","geometry":{"type":"LineString","coordinates":[[-84.49244449971383,33.75261540038048],[-84.49243779976462,33.752519500274786],[-84.49252070017013,33.75232379970362]]},"properties":{"overall":29,"safety":86,"sidewalk":0,"sidewalk_present":0,"canopy":0.0,"comfort":28.3,"name":"","road_type":"service","osm_id":562664783}},{"type":"Feature","geometry":{"type":"LineString","coordinates":[[-84.49155940044591,33.753207499626456],[-84.49156339973109,33.75252060014566]]},"properties":{"overall":37,"safety":100,"sidewalk":0,"sidewalk_present":0,"canopy":10.1,"comfort":29.1,"name":"","road_type":"service","osm_id":562664770}},{"type":"Feature","geometry":{"type":"LineString","coordinates":[[-84.49057780032518,33.75259739955038],[-84.49069039994197,33.752526200224],[-84.49087550020414,33.752364500321505]]},"properties":{"overall":28,"safety":68,"sidewalk":0,"sidewalk_present":0,"canopy":16.5,"comfort":30.3,"name":"","road_type":"service","osm_id":562664760}},{"type":"Feature","geometry":{"type":"LineString","coordinates":[[-84.49309230026938,33.75280829956341],[-84.49316460036596,33.752595699831716]]},"properties":{"overall":19,"safety":50,"sidewalk":0,"sidewalk_present":0,"canopy":8.2,"comfort":31.7,"name":"","road_type":"service","osm_id":562664788}},{"type":"Feature","geometry":{"type":"LineString","coordinates":[[-84.48955179977571,33.75218390026686],[-84.48955849972492,33.75259760009919],[-84.48932670036692,33.75260199958268]]},"properties":{"overall":33,"safety":92,"sidewalk":0,"sidewalk_present":0,"canopy":6.1,"comfort":25.5,"name":"","road_type":"service","osm_id":562664757}},{"type":"Feature","geometry":{"type":"LineString","coordinates":[[-84.48954359975727,33.752874899756875],[-84.48932649981805,33.752677799840626],[-84.48932670036692,33.75260199958268],[-84.48932780023773,33.75218390026686],[-84.48955179977571,33.75218390026686]]},"properties":{"overall":31,"safety":89,"sidewalk":0,"sidewalk_present":0,"canopy":5.2,"comfort":25.3,"name":"","road_type":"service","osm_id":562664758}},{"type":"Feature","geometry":{"type":"LineString","coordinates":[[-84.49272369963899,33.75266670040793],[-84.49244449971383,33.75261540038048]]},"properties":{"overall":22,"safety":61,"sidewalk":0,"sidewalk_present":0,"canopy":6.3,"comfort":29.4,"name":"","road_type":"service","osm_id":562664784}},{"type":"Feature","geometry":{"type":"LineString","coordinates":[[-84.49286639956466,33.75266709970691],[-84.49272369963899,33.75266670040793]]},"properties":{"overall":5,"safety":5,"sidewalk":0,"sidewalk_present":0,"canopy":10.6,"comfort":32.1,"name":"","road_type":"service","osm_id":562664785}},{"type":"Feature","geometry":{"type":"LineString","coordinates":[[-84.48461379958712,33.75268899999742],[-84.484899499812,33.752547399942614]]},"properties":{"overall":26,"safety":53,"sidewalk":0,"sidewalk_present":0,"canopy":23.6,"comfort":37.9,"name":"","road_type":"service","osm_id":562664733}},{"type":"Feature","geometry":{"type":"LineString","coordinates":[[-84.48807890002121,33.75276480025536],[-84.48826250021415,33.752584899873284],[-84.48851729973353,33.75233520040922]]},"properties":{"overall":26,"safety":63,"sidewalk":0,"sidewalk_present":0,"canopy":14.6,"comfort":28.2,"name":"","road_type":"service","osm_id":562664756}},{"type":"Feature","geometry":{"type":"LineString","coordinates":[[-84.48590000008488,33.75272580025552],[-84.48598300031517,33.75266299969775]]},"properties":{"overall":34,"safety":90,"sidewalk":0,"sidewalk_present":0,"canopy":10.8,"comfort":29.7,"name":"","road_type":"service","osm_id":562664742}},{"type":"Feature","geometry":{"type":"LineString","coordinates":[[-84.48614410036993,33.752551800325364],[-84.48598300031517,33.75266299969775]]},"properties":{"overall":34,"safety":90,"sidewalk":0,"sidewalk_present":0,"canopy":12.6,"comfort":29.2,"name":"","road_type":"service","osm_id":1278993859}},{"type":"Feature","geometry":{"type":"LineString","coordinates":[[-84.48460849988231,33.75281720015374],[-84.48461379958712,33.75268899999742]]},"properties":{"overall":43,"safety":100,"sidewalk":0,"sidewalk_present":0,"canopy":28.3,"comfort":40.6,"name":"","road_type":"service","osm_id":562664734}},{"type":"Feature","geometry":{"type":"LineString","coordinates":[[-84.48453810005321,33.753873399937504],[-84.48448909959222,33.75363450043193],[-84.48442739980464,33.75318629990784],[-84.48441940033501,33.75305470031424],[-84.48438989987392,33.75294660000566],[-84.48435630030298,33.752855100282716],[-84.48435900006774,33.75274919971582],[-84.48423299965316,33.75203670013366],[-84.48415520020228,33.751988699718765],[-84.48389770001882,33.752019999723245],[-84.48370189962293,33.75205899972309],[-84.483650899969,33.752157099570525]]},"properties":{"overall":44,"safety":99,"sidewalk":0,"sidewalk_present":0,"canopy":32.1,"comfort":45.3,"name":"Sheffield Drive","road_type":"residential","osm_id":562683449}},{"type":"Feature","geometry":{"type":"LineString","coordinates":[[-84.48590000008488,33.75272580025552],[-84.48579940012218,33.752791600052376]]},"properties":{"overall":36,"safety":96,"sidewalk":0,"sidewalk_present":0,"canopy":13.0,"comfort":30.9,"name":"","road_type":"service","osm_id":562664740}},{"type":"Feature","geometry":{"type":"LineString","coordinates":[[-84.48598300031517,33.75266299969775],[-84.48607500006119,33.75282240003378]]},"properties":{"overall":32,"safety":86,"sidewalk":0,"sidewalk_present":0,"canopy":10.8,"comfort":29.8,"name":"","road_type":"service","osm_id":1278993857}},{"type":"Feature","geometry":{"type":"LineString","coordinates":[[-84.483650899969,33.752157099570525],[-84.48365759991827,33.75224739959788],[-84.48371530042073,33.752522799887345],[-84.48370050027785,33.752657799817655],[-84.48372599965512,33.75276699999711],[-84.48377159977946,33.75286070036111],[-84.48379579963643,33.752979999927106],[-84.48385879984369,33.75332460035008],[-84.48392990024468,33.75371370012721],[-84.48400499993079,33.75410000031479]]},"properties":{"overall":44,"safety":96,"sidewalk":0,"sidewalk_present":0,"canopy":36.9,"comfort":49.6,"name":"Sheffield Drive","road_type":"residential","osm_id":562683451}},{"type":"Feature","geometry":{"type":"LineString","coordinates":[[-84.48463479965625,33.7529276998535],[-84.48487539977987,33.752869600052065]]},"properties":{"overall":41,"safety":100,"sidewalk":0,"sidewalk_present":0,"canopy":22.6,"comfort":37.2,"name":"","road_type":"service","osm_id":562664732}},{"type":"Feature","geometry":{"type":"LineString","coordinates":[[-84.49389330033551,33.75290140007962],[-84.49417920020989,33.752452400058246],[-84.49426900021416,33.75236069978649]]},"properties":{"overall":49,"safety":45,"sidewalk":100,"sidewalk_present":1,"canopy":2.1,"comfort":32.4,"name":"","road_type":"motorway_link","osm_id":89509594}},{"type":"Feature","geometry":{"type":"LineString","coordinates":[[-84.49388549961606,33.75265429965623],[-84.4938303001282,33.75268339991902],[-84.49376500035447,33.752703800140296],[-84.49369020014257,33.7527192999558],[-84.49360379957568,33.75272320031547],[-84.49347949977903,33.75272799999726]]},"properties":{"overall":8,"safety":20,"sidewalk":0,"sidewalk_present":0,"canopy":3.5,"comfort":31.7,"name":"","road_type":"motorway_link","osm_id":1451455307}},{"type":"Feature","geometry":{"type":"LineString","coordinates":[[-84.4940847003486,33.75246660035339],[-84.49400160029359,33.752596600053096],[-84.49391140009101,33.75275129963285],[-84.49383740027577,33.75287820026875]]},"properties":{"overall":10,"safety":29,"sidewalk":0,"sidewalk_present":0,"canopy":2.2,"comfort":32.1,"name":"","road_type":"motorway_link","osm_id":573729735}},{"type":"Feature","geometry":{"type":"LineString","coordinates":[[-84.49445890015807,33.75307819959926],[-84.49403820000288,33.7529029001488],[-84.49389330033551,33.75290140007962]]},"properties":{"overall":40,"safety":20,"sidewalk":100,"sidewalk_present":1,"canopy":0.0,"comfort":31.1,"name":"Martin Luther King Junior Drive Southwest","road_type":"secondary","osm_id":573731146}},{"type":"Feature","geometry":{"type":"LineString","coordinates":[[-84.49370379969059,33.75282209966025],[-84.49362970005058,33.753012899825535]]},"properties":{"overall":9,"safety":22,"sidewalk":0,"sidewalk_present":0,"canopy":6.3,"comfort":32.5,"name":"","road_type":"service","osm_id":562664793}},{"type":"Feature","geometry":{"type":"LineString","coordinates":[[-84.49362970005058,33.753012899825535],[-84.493615300106,33.75308040024032],[-84.49365570035025,33.75316729993102]]},"properties":{"overall":8,"safety":14,"sidewalk":0,"sidewalk_present":0,"canopy":9.6,"comfort":34.2,"name":"","road_type":"service","osm_id":1451455308}},{"type":"Feature","geometry":{"type":"LineString","coordinates":[[-84.49362970005058,33.753012899825535],[-84.49401169968019,33.75314989984804]]},"properties":{"overall":6,"safety":14,"sidewalk":0,"sidewalk_present":0,"canopy":4.2,"comfort":31.9,"name":"","road_type":"service","osm_id":562664791}},{"type":"Feature","geometry":{"type":"LineString","coordinates":[[-84.49389330033551,33.75290140007962],[-84.49398089969873,33.75298769992247],[-84.49408459962456,33.753033800069886],[-84.49436640038903,33.75315149974199],[-84.49455809987637,33.75323089998608],[-84.49480160031356,33.75333230034545],[-84.49511120002182,33.75346530018351]]},"properties":{"overall":39,"safety":14,"sidewalk":100,"sidewalk_present":1,"canopy":2.0,"comfort":31.7,"name":"Martin Luther King Junior Drive Southwest","road_type":"secondary","osm_id":541447628}},{"type":"Feature","geometry":{"type":"LineString","coordinates":[[-84.49265789984219,33.752382000229204],[-84.49284970005357,33.75246310019196],[-84.49316460036596,33.752595699831716],[-84.49347949977903,33.75272799999726],[-84.49353279989873,33.75275040031079],[-84.49367129999047,33.752808400287506],[-84.49370379969059,33.75282209966025],[-84.49383740027577,33.75287820026875],[-84.49389330033551,33.75290140007962]]},"properties":{"overall":39,"safety":15,"sidewalk":100,"sidewalk_present":1,"canopy":2.8,"comfort":31.0,"name":"Martin Luther King Junior Drive Southwestg","road_type":"secondary","osm_id":629329082}},{"type":"Feature","geometry":{"type":"LineString","coordinates":[[-84.49309230026938,33.75280829956341],[-84.49297669961499,33.752783599683426],[-84.49286870003044,33.752785400126186]]},"properties":{"overall":26,"safety":63,"sidewalk":0,"sidewalk_present":0,"canopy":15.6,"comfort":33.3,"name":"","road_type":"service","osm_id":1451455311}},{"type":"Feature","geometry":{"type":"LineString","coordinates":[[-84.4934087995764,33.75293880018552],[-84.49309230026938,33.75280829956341]]},"properties":{"overall":16,"safety":36,"sidewalk":0,"sidewalk_present":0,"canopy":13.2,"comfort":33.4,"name":"","road_type":"service","osm_id":562664789}},{"type":"Feature","geometry":{"type":"LineString","coordinates":[[-84.49353279989873,33.75275040031079],[-84.4934087995764,33.75293880018552]]},"properties":{"overall":6,"safety":10,"sidewalk":0,"sidewalk_present":0,"canopy":9.4,"comfort":33.0,"name":"","road_type":"service","osm_id":562664790}},{"type":"Feature","geometry":{"type":"LineString","coordinates":[[-84.49309230026938,33.75280829956341],[-84.49303730043101,33.75295329995487]]},"properties":{"overall":15,"safety":29,"sidewalk":0,"sidewalk_present":0,"canopy":16.4,"comfort":34.3,"name":"","road_type":"service","osm_id":562664787}},{"type":"Feature","geometry":{"type":"LineString","coordinates":[[-84.4934087995764,33.75293880018552],[-84.49345980012964,33.752975600443676],[-84.49338470044353,33.75309370031408]]},"properties":{"overall":5,"safety":0,"sidewalk":0,"sidewalk_present":0,"canopy":15.9,"comfort":35.5,"name":"","road_type":"service","osm_id":562664786}},{"type":"Feature","geometry":{"type":"LineString","coordinates":[[-84.48797699963876,33.75274800002023],[-84.48802500005365,33.75275100015858],[-84.48807890002121,33.75276480025536],[-84.48839800016754,33.75297899988101],[-84.48848880021791,33.7530159997886],[-84.48855500021307,33.753043000134426],[-84.48867000012035,33.753057999926796],[-84.48869400032783,33.753057999926796],[-84.48916000023377,33.7530569998807],[-84.48927200000276,33.75303299967322],[-84.48937500025602,33.75299000038825],[-84.48954359975727,33.752874899756875],[-84.48964300002439,33.75280700004305],[-84.48976900043897,33.75273799955909],[-84.4901760003221,33.7525899999286],[-84.49028099976829,33.75252399958299],[-84.49039200039044,33.752433999929224],[-84.49064350029727,33.75222519983316],[-84.49070639978049,33.75217299958433],[-84.49108199983436,33.75186099958552],[-84.49118600013378,33.75173600011635]]},"properties":{"overall":30,"safety":75,"sidewalk":0,"sidewalk_present":0,"canopy":14.7,"comfort":29.7,"name":"Middleton Road Northwest","road_type":"residential","osm_id":9270351}},{"type":"Feature","geometry":{"type":"LineString","coordinates":[[-84.48948709984973,33.753179699783345],[-84.48937500025602,33.75299000038825]]},"properties":{"overall":34,"safety":100,"sidewalk":0,"sidewalk_present":0,"canopy":3.3,"comfort":24.6,"name":"","road_type":"residential","osm_id":562664746}},{"type":"Feature","geometry":{"type":"LineString","coordinates":[[-84.48997090003695,33.75397609981718],[-84.4899676004244,33.75368879969841],[-84.48996820027219,33.7536553997769],[-84.4899654996081,33.753192999857106],[-84.48982079959018,33.75315289998639],[-84.48948709984973,33.753179699783345]]},"properties":{"overall":30,"safety":75,"sidewalk":0,"sidewalk_present":0,"canopy":13.5,"comfort":29.1,"name":"Reeves Circle","road_type":"residential","osm_id":357512586}},{"type":"Feature","geometry":{"type":"LineString","coordinates":[[-84.49311480040768,33.753227999672504],[-84.49300650044961,33.7531985999355],[-84.49288540044085,33.7531811000278]]},"properties":{"overall":39,"safety":66,"sidewalk":0,"sidewalk_present":0,"canopy":51.7,"comfort":47.6,"name":"","road_type":"residential","osm_id":1053951166}},{"type":"Feature","geometry":{"type":"LineString","coordinates":[[-84.48478549995082,33.75356099974039],[-84.4847214996974,33.75329219957541],[-84.48463479965625,33.7529276998535],[-84.48460849988231,33.75281720015374]]},"properties":{"overall":39,"safety":99,"sidewalk":0,"sidewalk_present":0,"canopy":18.4,"comfort":35.8,"name":"","road_type":"service","osm_id":562664735}},{"type":"Feature","geometry":{"type":"LineString","coordinates":[[-84.48746550033252,33.75309149967302],[-84.48735310036523,33.75300850034205],[-84.48704830033876,33.75278349985871]]},"properties":{"overall":40,"safety":100,"sidewalk":0,"sidewalk_present":0,"canopy":19.6,"comfort":32.1,"name":"","road_type":"service","osm_id":562664755}},{"type":"Feature","geometry":{"type":"LineString","coordinates":[[-84.4878505999252,33.75279949969723],[-84.48782439997603,33.753053600443366],[-84.48750550037852,33.753035899986855]]},"properties":{"overall":16,"safety":37,"sidewalk":0,"sidewalk_present":0,"canopy":12.2,"comfort":27.0,"name":"","road_type":"residential","osm_id":562664754}},{"type":"Feature","geometry":{"type":"LineString","coordinates":[[-84.47986150040788,33.75298860014385],[-84.47993610007092,33.75300679972406],[-84.47999779985855,33.75305470031424],[-84.48002060037038,33.75311490003264]]},"properties":{"overall":36,"safety":95,"sidewalk":0,"sidewalk_present":0,"canopy":12.6,"comfort":39.3,"name":"","road_type":"service","osm_id":562683437}},{"type":"Feature","geometry":{"type":"LineString","coordinates":[[-84.4847214996974,33.75329219957541],[-84.48515699999552,33.753226399778555],[-84.4852119998339,33.75319409972798]]},"properties":{"overall":36,"safety":99,"sidewalk":0,"sidewalk_present":0,"canopy":9.2,"comfort":31.7,"name":"","road_type":"service","osm_id":562664731}},{"type":"Feature","geometry":{"type":"LineString","coordinates":[[-84.4852119998339,33.75319409972798],[-84.48525419962158,33.75325020033654]]},"properties":{"overall":32,"safety":97,"sidewalk":0,"sidewalk_present":0,"canopy":0.0,"comfort":27.3,"name":"","road_type":"service","osm_id":562664730}},{"type":"Feature","geometry":{"type":"LineString","coordinates":[[-84.48525419962158,33.75325020033654],[-84.48533330039146,33.75334770033618]]},"properties":{"overall":33,"safety":96,"sidewalk":0,"sidewalk_present":0,"canopy":2.1,"comfort":28.0,"name":"","road_type":"service","osm_id":562664729}},{"type":"Feature","geometry":{"type":"LineString","coordinates":[[-84.48657649980561,33.7539433995683],[-84.48606749971532,33.75363909956485],[-84.48586019968843,33.75354430022935],[-84.48539390030822,33.75391280013565]]},"properties":{"overall":36,"safety":98,"sidewalk":0,"sidewalk_present":0,"canopy":11.3,"comfort":29.1,"name":"","road_type":"service","osm_id":1482134153}},{"type":"Feature","geometry":{"type":"LineString","coordinates":[[-84.48483219994603,33.753698800159555],[-84.48478549995082,33.75356099974039]]},"properties":{"overall":35,"safety":98,"sidewalk":0,"sidewalk_present":0,"canopy":6.8,"comfort":30.2,"name":"","road_type":"service","osm_id":562664737}},{"type":"Feature","geometry":{"type":"LineString","coordinates":[[-84.48740600028663,33.75358530032139],[-84.48726650014885,33.75358490012309],[-84.48663620040031,33.75358299985561]]},"properties":{"overall":18,"safety":37,"sidewalk":0,"sidewalk_present":0,"canopy":18.2,"comfort":31.1,"name":"","road_type":"service","osm_id":562664753}},{"type":"Feature","geometry":{"type":"LineString","coordinates":[[-84.49154060011858,33.75326210016584],[-84.49155940044591,33.753207499626456]]},"properties":{"overall":36,"safety":100,"sidewalk":0,"sidewalk_present":0,"canopy":8.7,"comfort":28.2,"name":"","road_type":"service","osm_id":562664771}},{"type":"Feature","geometry":{"type":"LineString","coordinates":[[-84.4914754999943,33.75242329979551],[-84.49141060041882,33.752459299657005],[-84.4913757004282,33.75251619976285],[-84.49138369989777,33.75322529990774],[-84.49148570010493,33.75334129986118],[-84.4914869996253,33.75346170019736]]},"properties":{"overall":38,"safety":100,"sidewalk":0,"sidewalk_present":0,"canopy":12.6,"comfort":29.7,"name":"","road_type":"service","osm_id":562664782}},{"type":"Feature","geometry":{"type":"LineString","coordinates":[[-84.49162379999831,33.75328000027184],[-84.49154060011858,33.75326210016584],[-84.49148570010493,33.75334129986118]]},"properties":{"overall":36,"safety":100,"sidewalk":0,"sidewalk_present":0,"canopy":6.7,"comfort":27.3,"name":"","road_type":"service","osm_id":562664772}},{"type":"Feature","geometry":{"type":"LineString","coordinates":[[-84.49227020030946,33.753278799676934],[-84.49162379999831,33.75328000027184]]},"properties":{"overall":37,"safety":100,"sidewalk":0,"sidewalk_present":0,"canopy":9.6,"comfort":28.6,"name":"","road_type":"service","osm_id":562664773}},{"type":"Feature","geometry":{"type":"LineString","coordinates":[[-84.48848880021791,33.7530159997886],[-84.48850170009337,33.753285499626145],[-84.48883830014739,33.75328999983367]]},"properties":{"overall":17,"safety":33,"sidewalk":0,"sidewalk_present":0,"canopy":18.9,"comfort":29.3,"name":"","road_type":"service","osm_id":562664744}},{"type":"Feature","geometry":{"type":"LineString","coordinates":[[-84.49237340021222,33.75365639982306],[-84.49237509993088,33.75346060032649],[-84.49237619980175,33.753345700243926],[-84.49234930018002,33.753300000294814],[-84.49227020030946,33.753278799676934]]},"properties":{"overall":41,"safety":100,"sidewalk":0,"sidewalk_present":0,"canopy":22.6,"comfort":33.5,"name":"","road_type":"service","osm_id":562664774}},{"type":"Feature","geometry":{"type":"LineString","coordinates":[[-84.49071120036155,33.75373150040849],[-84.4907784004028,33.75372729967518],[-84.49080870036119,33.75371399960147],[-84.49083810009819,33.75367560034874],[-84.49085069960006,33.753644099795395],[-84.49084649976612,33.753416600096045],[-84.49083479958631,33.75338370019767],[-84.49081710002912,33.75336270012855],[-84.49079180030128,33.75334170005948],[-84.49075059966043,33.753331900147145],[-84.4907078000249,33.75332699974132]]},"properties":{"overall":27,"safety":73,"sidewalk":0,"sidewalk_present":0,"canopy":8.2,"comfort":26.6,"name":"","road_type":"service","osm_id":1451455313}},{"type":"Feature","geometry":{"type":"LineString","coordinates":[[-84.49337770012073,33.75338100043285],[-84.49334850003322,33.75344160034962],[-84.49337119982096,33.75404040044418]]},"properties":{"overall":40,"safety":100,"sidewalk":0,"sidewalk_present":0,"canopy":18.5,"comfort":38.0,"name":"","road_type":"residential","osm_id":562664800}},{"type":"Feature","geometry":{"type":"LineString","coordinates":[[-84.49476730017074,33.753937800389224],[-84.49462520009286,33.75387759977144],[-84.49441730021817,33.75388319984984],[-84.49429799975286,33.753889899799105],[-84.49370379969059,33.75359329979102],[-84.49345169993597,33.753448300298885],[-84.49337770012073,33.75338100043285],[-84.49331090027778,33.75332010014256],[-84.49319559999691,33.75324989996295],[-84.49311480040768,33.753227999672504]]},"properties":{"overall":31,"safety":67,"sidewalk":0,"sidewalk_present":0,"canopy":26.5,"comfort":41.8,"name":"","road_type":"residential","osm_id":562664804}},{"type":"Feature","geometry":{"type":"LineString","coordinates":[[-84.49159559995695,33.75346840014657],[-84.4914869996253,33.75346170019736]]},"properties":{"overall":35,"safety":100,"sidewalk":0,"sidewalk_present":0,"canopy":6.3,"comfort":25.8,"name":"","road_type":"service","osm_id":562664764}},{"type":"Feature","geometry":{"type":"LineString","coordinates":[[-84.49514219965278,33.75338370019767],[-84.49487500028101,33.753266399824554],[-84.4946617998022,33.75316720010625],[-84.49445890015807,33.75307819959926]]},"properties":{"overall":46,"safety":36,"sidewalk":100,"sidewalk_present":1,"canopy":1.6,"comfort":31.5,"name":"Martin Luther King Junior Drive Southwest","road_type":"secondary","osm_id":573731139}},{"type":"Feature","geometry":{"type":"LineString","coordinates":[[-84.49365570035025,33.75316729993102],[-84.49403910022426,33.75331529956145],[-84.49407400021488,33.75322980011521],[-84.49401169968019,33.75314989984804],[-84.49408459962456,33.753033800069886]]},"properties":{"overall":4,"safety":7,"sidewalk":0,"sidewalk_present":0,"canopy":4.8,"comfort":33.1,"name":"","road_type":"service","osm_id":562664792}},{"type":"Feature","geometry":{"type":"LineString","coordinates":[[-84.49436640038903,33.75315149974199],[-84.49431940002023,33.75323199985695],[-84.49424159967003,33.753266600373365]]},"properties":{"overall":18,"safety":53,"sidewalk":0,"sidewalk_present":0,"canopy":0.0,"comfort":31.3,"name":"","road_type":"service","osm_id":562664796}},{"type":"Feature","geometry":{"type":"LineString","coordinates":[[-84.49583100030037,33.75367439975378],[-84.49514219965278,33.75338370019767]]},"properties":{"overall":34,"safety":0,"sidewalk":100,"sidewalk_present":1,"canopy":1.6,"comfort":30.0,"name":"Martin Luther King Junior Drive Southwest","road_type":"secondary","osm_id":573731138}},{"type":"Feature","geometry":{"type":"LineString","coordinates":[[-84.4947231002908,33.753478399708456],[-84.49450849956759,33.75339819996702],[-84.49455809987637,33.75323089998608]]},"properties":{"overall":7,"safety":17,"sidewalk":0,"sidewalk_present":0,"canopy":3.4,"comfort":32.9,"name":"","road_type":"service","osm_id":562664798}},{"type":"Feature","geometry":{"type":"LineString","coordinates":[[-84.49480160031356,33.75333230034545],[-84.4947231002908,33.753478399708456]]},"properties":{"overall":6,"safety":14,"sidewalk":0,"sidewalk_present":0,"canopy":3.0,"comfort":32.7,"name":"","road_type":"service","osm_id":562664799}},{"type":"Feature","geometry":{"type":"LineString","coordinates":[[-84.4947231002908,33.753478399708456],[-84.49476060022147,33.75350850001729],[-84.49476730017074,33.75367250038562]]},"properties":{"overall":5,"safety":0,"sidewalk":0,"sidewalk_present":0,"canopy":14.9,"comfort":37.3,"name":"","road_type":"service","osm_id":562664797}},{"type":"Feature","geometry":{"type":"LineString","coordinates":[[-84.49424299991449,33.75356209961126],[-84.49430469970207,33.75359110004928],[-84.4943798002875,33.75357660027993],[-84.49439179994158,33.75353079960678],[-84.49437439985866,33.753316799630625],[-84.49431940002023,33.75323199985695]]},"properties":{"overall":8,"safety":14,"sidewalk":0,"sidewalk_present":0,"canopy":8.9,"comfort":35.3,"name":"","road_type":"service","osm_id":562664794}},{"type":"Feature","geometry":{"type":"LineString","coordinates":[[-84.49424159967003,33.753266600373365],[-84.49424299991449,33.75356209961126]]},"properties":{"overall":11,"safety":25,"sidewalk":0,"sidewalk_present":0,"canopy":9.0,"comfort":35.2,"name":"","road_type":"service","osm_id":562664795}},{"type":"Feature","geometry":{"type":"LineString","coordinates":[[-84.49549450007106,33.75327120040561],[-84.49534190040833,33.75365570015049],[-84.49490749998108,33.754746000427645]]},"properties":{"overall":43,"safety":23,"sidewalk":100,"sidewalk_present":1,"canopy":6.7,"comfort":32.6,"name":"Atlanta Bypass / The Perimeter","road_type":"motorway","osm_id":573729727}},{"type":"Feature","geometry":{"type":"LineString","coordinates":[[-84.4613961003497,33.75213010012408],[-84.461430100119,33.752091299773724],[-84.4614650999344,33.75198719964959],[-84.46149070003577,33.75183309991769]]},"properties":{"overall":17,"safety":27,"sidewalk":0,"sidewalk_present":0,"canopy":24.7,"comfort":38.1,"name":"","road_type":"service","osm_id":561249739}},{"type":"Feature","geometry":{"type":"LineString","coordinates":[[-84.46672080002486,33.75199319992629],[-84.46663500020503,33.75198649997702],[-84.46657869994704,33.751987599847894],[-84.46654649972118,33.75200430025831]]},"properties":{"overall":5,"safety":11,"sidewalk":0,"sidewalk_present":0,"canopy":4.2,"comfort":24.8,"name":"","road_type":"service","osm_id":560683903}},{"type":"Feature","geometry":{"type":"LineString","coordinates":[[-84.46675079960966,33.75176620025002],[-84.46672080002486,33.75199319992629]]},"properties":{"overall":8,"safety":21,"sidewalk":0,"sidewalk_present":0,"canopy":2.4,"comfort":23.9,"name":"","road_type":"service","osm_id":560683913}},{"type":"Feature","geometry":{"type":"LineString","coordinates":[[-84.46698640040199,33.75258980027911],[-84.4670506003049,33.752024999953846]]},"properties":{"overall":23,"safety":67,"sidewalk":0,"sidewalk_present":0,"canopy":1.2,"comfort":26.0,"name":"","road_type":"service","osm_id":560683875}},{"type":"Feature","geometry":{"type":"LineString","coordinates":[[-84.46672080002486,33.75199319992629],[-84.4670506003049,33.752024999953846]]},"properties":{"overall":15,"safety":44,"sidewalk":0,"sidewalk_present":0,"canopy":1.6,"comfort":24.5,"name":"","road_type":"service","osm_id":560683910}},{"type":"Feature","geometry":{"type":"LineString","coordinates":[[-84.4670506003049,33.752024999953846],[-84.46717830043815,33.75203500041499]]},"properties":{"overall":25,"safety":74,"sidewalk":0,"sidewalk_present":0,"canopy":2.3,"comfort":25.4,"name":"","road_type":"service","osm_id":560683909}},{"type":"Feature","geometry":{"type":"LineString","coordinates":[[-84.46576189969187,33.752168299727316],[-84.46582299963171,33.752163199672],[-84.46595210000936,33.752113100239455],[-84.46600399988466,33.75209300039171],[-84.46609470011026,33.75206869981071],[-84.46611780009636,33.75204979965861],[-84.46614409987029,33.75200430025831],[-84.46614619978726,33.75193860028622],[-84.46616020043285,33.751854400360344],[-84.46620450013751,33.75180360035591],[-84.46632500029847,33.75173700016251]]},"properties":{"overall":25,"safety":67,"sidewalk":0,"sidewalk_present":0,"canopy":9.4,"comfort":26.3,"name":"","road_type":"service","osm_id":560686802}},{"type":"Feature","geometry":{"type":"LineString","coordinates":[[-84.46285090034871,33.753006000226776],[-84.46075499974341,33.7524069995834],[-84.45973710028693,33.75208449999974],[-84.45900990038655,33.751870000000565]]},"properties":{"overall":40,"safety":95,"sidewalk":0,"sidewalk_present":0,"canopy":23.5,"comfort":41.7,"name":"Ralph David Abernathy Freeway","road_type":"motorway","osm_id":477211504}},{"type":"Feature","geometry":{"type":"LineString","coordinates":[[-84.46097380030062,33.751929099848155],[-84.4613961003497,33.75213010012408]]},"properties":{"overall":7,"safety":0,"sidewalk":0,"sidewalk_present":0,"canopy":22.4,"comfort":38.0,"name":"","road_type":"service","osm_id":561249740}},{"type":"Feature","geometry":{"type":"LineString","coordinates":[[-84.46595210000936,33.752113100239455],[-84.4660027003643,33.75214369967205],[-84.46606230023491,33.75215990005938],[-84.46610860003182,33.75214040005949],[-84.46612400002255,33.75211189964449],[-84.46609470011026,33.75206869981071]]},"properties":{"overall":38,"safety":100,"sidewalk":0,"sidewalk_present":0,"canopy":12.8,"comfort":27.4,"name":"","road_type":"service","osm_id":562693167}},{"type":"Feature","geometry":{"type":"LineString","coordinates":[[-84.46907310004349,33.75220059977789],[-84.46910800003411,33.75209019990285],[-84.46910530026935,33.75166200030111]]},"properties":{"overall":25,"safety":66,"sidewalk":0,"sidewalk_present":0,"canopy":8.5,"comfort":30.3,"name":"","road_type":"service","osm_id":562693138}},{"type":"Feature","geometry":{"type":"LineString","coordinates":[[-84.47014140020542,33.75225000043724],[-84.47013470025615,33.75212159973211],[-84.47012390029772,33.75201129968178]]},"properties":{"overall":36,"safety":100,"sidewalk":0,"sidewalk_present":0,"canopy":6.7,"comfort":30.1,"name":"","road_type":"service","osm_id":562693125}},{"type":"Feature","geometry":{"type":"LineString","coordinates":[[-84.46818699983015,33.75232279965752],[-84.46824570037876,33.75219670031754],[-84.46834700001398,33.75212400002266],[-84.46843460027657,33.75202590017523]]},"properties":{"overall":1,"safety":3,"sidewalk":0,"sidewalk_present":0,"canopy":0.0,"comfort":25.4,"name":"","road_type":"service","osm_id":386967592}},{"type":"Feature","geometry":{"type":"LineString","coordinates":[[-84.46886349955082,33.75232500029858],[-84.46872019977735,33.7522647996808],[-84.46867799998967,33.752247000298894],[-84.46834700001398,33.75212400002266],[-84.46816899989938,33.75207100027649],[-84.46811700019936,33.75204800011517],[-84.46803929967388,33.75202759989389]]},"properties":{"overall":1,"safety":0,"sidewalk":0,"sidewalk_present":0,"canopy":2.1,"comfort":25.9,"name":"Martin Luther King Junior Drive Southwest","road_type":"secondary","osm_id":629238254}},{"type":"Feature","geometry":{"type":"LineString","coordinates":[[-84.47014140020542,33.75225000043724],[-84.4702539998222,33.752136100400776],[-84.47019430012682,33.75200659982477]]},"properties":{"overall":35,"safety":100,"sidewalk":0,"sidewalk_present":0,"canopy":5.9,"comfort":29.7,"name":"","road_type":"service","osm_id":562693124}},{"type":"Feature","geometry":{"type":"LineString","coordinates":[[-84.47074960001402,33.751724700134844],[-84.47076070034603,33.752139599662826]]},"properties":{"overall":36,"safety":100,"sidewalk":0,"sidewalk_present":0,"canopy":6.8,"comfort":31.2,"name":"","road_type":"service","osm_id":562693120}},{"type":"Feature","geometry":{"type":"LineString","coordinates":[[-84.47071460019862,33.752316900104915],[-84.47030439962828,33.752149699948745],[-84.4702539998222,33.752136100400776]]},"properties":{"overall":34,"safety":100,"sidewalk":0,"sidewalk_present":0,"canopy":2.7,"comfort":29.5,"name":"","road_type":"service","osm_id":562693128}},{"type":"Feature","geometry":{"type":"LineString","coordinates":[[-84.4688947995553,33.751667600379506],[-84.46890410034393,33.75217050036832]]},"properties":{"overall":5,"safety":14,"sidewalk":0,"sidewalk_present":0,"canopy":2.0,"comfort":27.5,"name":"","road_type":"service","osm_id":562693136}},{"type":"Feature","geometry":{"type":"LineString","coordinates":[[-84.46907310004349,33.75220059977789],[-84.46890410034393,33.75217050036832]]},"properties":{"overall":11,"safety":32,"sidewalk":0,"sidewalk_present":0,"canopy":2.1,"comfort":28.2,"name":"","road_type":"service","osm_id":562693134}},{"type":"Feature","geometry":{"type":"LineString","coordinates":[[-84.46900770044499,33.75238629988786],[-84.46907310004349,33.75220059977789]]},"properties":{"overall":23,"safety":64,"sidewalk":0,"sidewalk_present":0,"canopy":6.0,"comfort":29.8,"name":"","road_type":"service","osm_id":562693139}},{"type":"Feature","geometry":{"type":"LineString","coordinates":[[-84.46818699983015,33.75232279965752],[-84.46788879992812,33.752226799727055]]},"properties":{"overall":1,"safety":3,"sidewalk":0,"sidewalk_present":0,"canopy":0.0,"comfort":25.1,"name":"","road_type":"service","osm_id":560682212}},{"type":"Feature","geometry":{"type":"LineString","coordinates":[[-84.46948750044777,33.752459299657005],[-84.46947950007882,33.752230700086784]]},"properties":{"overall":13,"safety":29,"sidewalk":0,"sidewalk_present":0,"canopy":8.8,"comfort":31.0,"name":"","road_type":"service","osm_id":562693132}},{"type":"Feature","geometry":{"type":"LineString","coordinates":[[-84.46890410034393,33.75217050036832],[-84.46891490030237,33.75223289982853],[-84.46886349955082,33.75232500029858]]},"properties":{"overall":2,"safety":0,"sidewalk":0,"sidewalk_present":0,"canopy":4.5,"comfort":29.1,"name":"","road_type":"service","osm_id":562693135}},{"type":"Feature","geometry":{"type":"LineString","coordinates":[[-84.46947950007882,33.752230700086784],[-84.46966589986135,33.75223289982853]]},"properties":{"overall":17,"safety":42,"sidewalk":0,"sidewalk_present":0,"canopy":9.4,"comfort":31.2,"name":"","road_type":"service","osm_id":562693131}},{"type":"Feature","geometry":{"type":"LineString","coordinates":[[-84.47010140015948,33.752429399896926],[-84.47014140020542,33.75225000043724]]},"properties":{"overall":35,"safety":100,"sidewalk":0,"sidewalk_present":0,"canopy":4.2,"comfort":29.4,"name":"","road_type":"service","osm_id":562693126}},{"type":"Feature","geometry":{"type":"LineString","coordinates":[[-84.46868939979595,33.752484600284106],[-84.46818699983015,33.75232279965752]]},"properties":{"overall":10,"safety":23,"sidewalk":0,"sidewalk_present":0,"canopy":5.5,"comfort":29.2,"name":"","road_type":"service","osm_id":386967596}},{"type":"Feature","geometry":{"type":"LineString","coordinates":[[-84.47198039957573,33.7534419996486],[-84.47195969988019,33.75310810025866],[-84.47195170041061,33.75244720017821],[-84.47192749965433,33.752353499814205],[-84.4718712002956,33.75228650032176],[-84.47165239973845,33.752227399574906],[-84.47145660024188,33.75217439982873]]},"properties":{"overall":43,"safety":67,"sidewalk":0,"sidewalk_present":0,"canopy":61.6,"comfort":55.3,"name":"","road_type":"service","osm_id":1311978018}},{"type":"Feature","geometry":{"type":"LineString","coordinates":[[-84.47308609984361,33.75366709995677],[-84.47311169994498,33.75251280032552],[-84.47311839989419,33.752365000344525],[-84.47312190005562,33.75230209996198]]},"properties":{"overall":34,"safety":71,"sidewalk":0,"sidewalk_present":0,"canopy":30.7,"comfort":40.7,"name":"Cox Drive Southwest","road_type":"residential","osm_id":1053625357}},{"type":"Feature","geometry":{"type":"LineString","coordinates":[[-84.46920030015372,33.75246860044558],[-84.46900770044499,33.75238629988786],[-84.46886349955082,33.75232500029858]]},"properties":{"overall":15,"safety":39,"sidewalk":0,"sidewalk_present":0,"canopy":6.3,"comfort":30.0,"name":"Martin Luther King Junior Drive Southwest","road_type":"secondary","osm_id":629329079}},{"type":"Feature","geometry":{"type":"LineString","coordinates":[[-84.47311169994498,33.75251280032552],[-84.47303059998217,33.75250720024712],[-84.47298430018526,33.75249249992896],[-84.47296270026834,33.752463899689246],[-84.47295560012083,33.752431499813895],[-84.47296520038367,33.752395599777174],[-84.47299140033283,33.7523755997542],[-84.47304759986679,33.75236419994792],[-84.47311839989419,33.752365000344525]]},"properties":{"overall":58,"safety":100,"sidewalk":0,"sidewalk_present":0,"canopy":73.4,"comfort":59.8,"name":"","road_type":"service","osm_id":1526388273}},{"type":"Feature","geometry":{"type":"LineString","coordinates":[[-84.461621000109,33.751893000161886],[-84.46203799955401,33.752062599709234],[-84.4620880000611,33.752082999930565],[-84.46263400005904,33.75226500022961],[-84.46287200024256,33.75232899958371],[-84.4631270003108,33.75236999967581]]},"properties":{"overall":62,"safety":73,"sidewalk":100,"sidewalk_present":1,"canopy":14.0,"comfort":35.4,"name":"Martin Luther King Junior Drive Southwest","road_type":"secondary","osm_id":630643955}},{"type":"Feature","geometry":{"type":"LineString","coordinates":[[-84.46561709984923,33.7524648997354],[-84.46563180016739,33.75236229968044],[-84.46566269997356,33.75228090024342],[-84.46576189969187,33.752168299727316]]},"properties":{"overall":35,"safety":89,"sidewalk":0,"sidewalk_present":0,"canopy":17.0,"comfort":31.0,"name":"","road_type":"service","osm_id":560686767}},{"type":"Feature","geometry":{"type":"LineString","coordinates":[[-84.46654649972118,33.75200430025831],[-84.4664878998966,33.75242239957413],[-84.46647809998427,33.752492699578454]]},"properties":{"overall":2,"safety":0,"sidewalk":0,"sidewalk_present":0,"canopy":6.2,"comfort":26.3,"name":"","road_type":"service","osm_id":560683901}},{"type":"Feature","geometry":{"type":"LineString","coordinates":[[-84.46582759966395,33.75247039998902],[-84.46561709984923,33.7524648997354]]},"properties":{"overall":32,"safety":82,"sidewalk":0,"sidewalk_present":0,"canopy":13.0,"comfort":30.0,"name":"","road_type":"service","osm_id":560686805}},{"type":"Feature","geometry":{"type":"LineString","coordinates":[[-84.46588930035091,33.75249159970764],[-84.46582759966395,33.75247039998902]]},"properties":{"overall":35,"safety":100,"sidewalk":0,"sidewalk_present":0,"canopy":5.5,"comfort":26.3,"name":"","road_type":"service","osm_id":560686770}},{"type":"Feature","geometry":{"type":"LineString","coordinates":[[-84.46203799955401,33.752062599709234],[-84.46194899994634,33.75222669990234],[-84.46208420042547,33.75227220020196],[-84.46218609990854,33.75228739964382],[-84.46225050036026,33.75231680028014],[-84.46227520024024,33.752372999814156],[-84.46226550015268,33.75247209970769],[-84.46221940000527,33.75248720022415],[-84.46202840019049,33.752430099569494],[-84.4619264998081,33.75240160005387],[-84.46189970001109,33.752365899666586],[-84.46189970001109,33.752321299588345],[-84.46194899994634,33.75222669990234]]},"properties":{"overall":37,"safety":91,"sidewalk":0,"sidewalk_present":0,"canopy":20.7,"comfort":39.0,"name":"","road_type":"service","osm_id":1474078479}},{"type":"Feature","geometry":{"type":"LineString","coordinates":[[-84.46591209996342,33.752537299656694],[-84.46588930035091,33.75249159970764]]},"properties":{"overall":36,"safety":100,"sidewalk":0,"sidewalk_present":0,"canopy":6.8,"comfort":26.6,"name":"","road_type":"service","osm_id":560686806}},{"type":"Feature","geometry":{"type":"LineString","coordinates":[[-84.46590950002337,33.75292540028704],[-84.46591209996342,33.752537299656694]]},"properties":{"overall":34,"safety":100,"sidewalk":0,"sidewalk_present":0,"canopy":3.4,"comfort":26.6,"name":"","road_type":"service","osm_id":560686807}},{"type":"Feature","geometry":{"type":"LineString","coordinates":[[-84.4664878998966,33.75242239957413],[-84.46662430007137,33.75254510037615]]},"properties":{"overall":1,"safety":0,"sidewalk":0,"sidewalk_present":0,"canopy":3.4,"comfort":26.3,"name":"","road_type":"service","osm_id":560683877}},{"type":"Feature","geometry":{"type":"LineString","coordinates":[[-84.46662430007137,33.75254510037615],[-84.46698640040199,33.75258980027911]]},"properties":{"overall":19,"safety":57,"sidewalk":0,"sidewalk_present":0,"canopy":0.0,"comfort":25.9,"name":"","road_type":"service","osm_id":560683876}},{"type":"Feature","geometry":{"type":"LineString","coordinates":[[-84.47524139977077,33.75160489964645],[-84.47529579976134,33.751796400383625],[-84.47533870012086,33.751947099778874],[-84.47530890018555,33.75200290001385],[-84.47522509955866,33.75205389966777],[-84.47485360041327,33.75211350043776]]},"properties":{"overall":46,"safety":80,"sidewalk":0,"sidewalk_present":0,"canopy":58.4,"comfort":53.6,"name":"","road_type":"residential","osm_id":386967597}},{"type":"Feature","geometry":{"type":"LineString","coordinates":[[-84.4733954000776,33.75262549976708],[-84.47357640033056,33.75250820029328],[-84.47364820040411,33.75246570013201],[-84.47369710014101,33.75243680041808],[-84.47395189966039,33.752356499952555],[-84.47444270017041,33.75236539964351],[-84.47450439995805,33.75245020031656],[-84.47461710029893,33.7527132996791],[-84.47467610032174,33.75288509986751],[-84.47471320005411,33.7536949996246]]},"properties":{"overall":42,"safety":100,"sidewalk":0,"sidewalk_present":0,"canopy":27.3,"comfort":40.2,"name":"","road_type":"service","osm_id":386967600}},{"type":"Feature","geometry":{"type":"LineString","coordinates":[[-84.47852680037153,33.75296559998253],[-84.47854900013618,33.752396300349005]]},"properties":{"overall":37,"safety":100,"sidewalk":0,"sidewalk_present":0,"canopy":11.6,"comfort":34.7,"name":"","road_type":"service","osm_id":387014459}},{"type":"Feature","geometry":{"type":"LineString","coordinates":[[-84.47364820040411,33.75246570013201],[-84.47390240007564,33.75247159968461]]},"properties":{"overall":37,"safety":100,"sidewalk":0,"sidewalk_present":0,"canopy":10.6,"comfort":33.1,"name":"","road_type":"service","osm_id":562693096}},{"type":"Feature","geometry":{"type":"LineString","coordinates":[[-84.47390240007564,33.75247159968461],[-84.4744201002074,33.752474900196546]]},"properties":{"overall":38,"safety":100,"sidewalk":0,"sidewalk_present":0,"canopy":14.6,"comfort":35.3,"name":"","road_type":"service","osm_id":562693095}},{"type":"Feature","geometry":{"type":"LineString","coordinates":[[-84.47338460011918,33.75295649974271],[-84.4733954000776,33.75262549976708]]},"properties":{"overall":39,"safety":100,"sidewalk":0,"sidewalk_present":0,"canopy":15.6,"comfort":34.7,"name":"","road_type":"service","osm_id":562693094}},{"type":"Feature","geometry":{"type":"LineString","coordinates":[[-84.47748069997431,33.75272799999726],[-84.47748410031096,33.75266990019577],[-84.47746200037096,33.75264289985],[-84.47742450044029,33.75263440035735],[-84.47735459973495,33.75263019962409],[-84.4772692999382,33.752638700016064],[-84.47723520034418,33.752675500274165],[-84.47721819956024,33.75273510014483]]},"properties":{"overall":34,"safety":70,"sidewalk":0,"sidewalk_present":0,"canopy":31.8,"comfort":42.4,"name":"Peyton Place","road_type":"residential","osm_id":357832129}},{"type":"Feature","geometry":{"type":"LineString","coordinates":[[-84.47640400014444,33.75271200015874],[-84.47683119970009,33.75272409963753],[-84.47721819956024,33.75273510014483]]},"properties":{"overall":30,"safety":53,"sidewalk":0,"sidewalk_present":0,"canopy":36.8,"comfort":47.6,"name":"Peyton Place","road_type":"residential","osm_id":562683422}},{"type":"Feature","geometry":{"type":"LineString","coordinates":[[-84.47721819956024,33.75273510014483],[-84.47723520034418,33.752788900287555],[-84.47728810026558,33.75283000020437],[-84.47733239997024,33.75283710035194],[-84.47743809998826,33.75283429986308],[-84.47746880014495,33.752788900287555],[-84.47748069997431,33.75272799999726]]},"properties":{"overall":30,"safety":51,"sidewalk":0,"sidewalk_present":0,"canopy":38.6,"comfort":45.1,"name":"Peyton Place","road_type":"residential","osm_id":562683421}},{"type":"Feature","geometry":{"type":"LineString","coordinates":[[-84.47413220024083,33.753632299790866],[-84.47411730027318,33.75294800025006]]},"properties":{"overall":15,"safety":46,"sidewalk":0,"sidewalk_present":0,"canopy":0.0,"comfort":28.3,"name":"","road_type":"service","osm_id":562693087}},{"type":"Feature","geometry":{"type":"LineString","coordinates":[[-84.46945580024493,33.752577799725714],[-84.46948750044777,33.752459299657005]]},"properties":{"overall":13,"safety":31,"sidewalk":0,"sidewalk_present":0,"canopy":7.3,"comfort":30.7,"name":"","road_type":"service","osm_id":562693133}},{"type":"Feature","geometry":{"type":"LineString","coordinates":[[-84.46743200008672,33.75228300016039],[-84.46742299967167,33.75249299995204],[-84.4674214996025,33.752609999951574]]},"properties":{"overall":28,"safety":76,"sidewalk":0,"sidewalk_present":0,"canopy":6.6,"comfort":28.9,"name":"Hamilton E Holmes Drive Northwest","road_type":"secondary","osm_id":1378044797}},{"type":"Feature","geometry":{"type":"LineString","coordinates":[[-84.46966589986135,33.75223289982853],[-84.46967130029026,33.75249940042704]]},"properties":{"overall":16,"safety":39,"sidewalk":0,"sidewalk_present":0,"canopy":10.1,"comfort":31.5,"name":"","road_type":"service","osm_id":562693130}},{"type":"Feature","geometry":{"type":"LineString","coordinates":[[-84.46883259974464,33.752618199970016],[-84.46892020000718,33.75254510037615],[-84.46900869959177,33.75250050029791],[-84.46908649994197,33.7524837998875],[-84.46920030015372,33.75246860044558]]},"properties":{"overall":29,"safety":77,"sidewalk":0,"sidewalk_present":0,"canopy":8.7,"comfort":31.2,"name":"Stonehurst Place Southwest","road_type":"service","osm_id":629329081}},{"type":"Feature","geometry":{"type":"LineString","coordinates":[[-84.46886349955082,33.75232500029858],[-84.46886699971225,33.75242960044574],[-84.46885500005817,33.75250649967529],[-84.46883259974464,33.752618199970016]]},"properties":{"overall":19,"safety":51,"sidewalk":0,"sidewalk_present":0,"canopy":6.6,"comfort":30.4,"name":"Stonehurst Place Southwest","road_type":"service","osm_id":629329080}},{"type":"Feature","geometry":{"type":"LineString","coordinates":[[-84.46788879992812,33.752226799727055],[-84.46775880022841,33.752523899758216]]},"properties":{"overall":18,"safety":52,"sidewalk":0,"sidewalk_present":0,"canopy":3.3,"comfort":27.1,"name":"","road_type":"service","osm_id":560682214}},{"type":"Feature","geometry":{"type":"LineString","coordinates":[[-84.46870970019245,33.75259090014998],[-84.46872310009098,33.752534000044136],[-84.46868939979595,33.752484600284106]]},"properties":{"overall":34,"safety":94,"sidewalk":0,"sidewalk_present":0,"canopy":7.8,"comfort":30.9,"name":"","road_type":"service","osm_id":560682216}},{"type":"Feature","geometry":{"type":"LineString","coordinates":[[-84.4699012002801,33.75276809986798],[-84.47002919988762,33.752550900103984],[-84.47010140015948,33.752429399896926]]},"properties":{"overall":33,"safety":95,"sidewalk":0,"sidewalk_present":0,"canopy":5.4,"comfort":29.9,"name":"","road_type":"service","osm_id":562693127}},{"type":"Feature","geometry":{"type":"LineString","coordinates":[[-84.46856889963499,33.752886400287196],[-84.46870970019245,33.75259090014998]]},"properties":{"overall":39,"safety":100,"sidewalk":0,"sidewalk_present":0,"canopy":17.1,"comfort":34.5,"name":"","road_type":"service","osm_id":560682218}},{"type":"Feature","geometry":{"type":"LineString","coordinates":[[-84.46711409963598,33.75259979984094],[-84.4674214996025,33.752609999951574]]},"properties":{"overall":29,"safety":84,"sidewalk":0,"sidewalk_present":0,"canopy":3.7,"comfort":28.6,"name":"","road_type":"service","osm_id":560683878}},{"type":"Feature","geometry":{"type":"LineString","coordinates":[[-84.4677177003116,33.75261760012222],[-84.4674214996025,33.752609999951574]]},"properties":{"overall":29,"safety":80,"sidewalk":0,"sidewalk_present":0,"canopy":6.6,"comfort":30.1,"name":"","road_type":"service","osm_id":560682215}},{"type":"Feature","geometry":{"type":"LineString","coordinates":[[-84.46775880022841,33.752523899758216],[-84.4677177003116,33.75261760012222]]},"properties":{"overall":30,"safety":82,"sidewalk":0,"sidewalk_present":0,"canopy":6.6,"comfort":29.5,"name":"","road_type":"service","osm_id":560682213}},{"type":"Feature","geometry":{"type":"LineString","coordinates":[[-84.4677177003116,33.75261760012222],[-84.46795599996938,33.752627700408084]]},"properties":{"overall":29,"safety":80,"sidewalk":0,"sidewalk_present":0,"canopy":6.6,"comfort":30.3,"name":"","road_type":"service","osm_id":560682222}},{"type":"Feature","geometry":{"type":"LineString","coordinates":[[-84.46964820030416,33.75265080039418],[-84.46962620018894,33.75265059984537],[-84.4695970999262,33.752650400195876]]},"properties":{"overall":28,"safety":78,"sidewalk":0,"sidewalk_present":0,"canopy":7.0,"comfort":30.6,"name":"","road_type":"footway","osm_id":1353701348}},{"type":"Feature","geometry":{"type":"LineString","coordinates":[[-84.46969130031323,33.75258089968884],[-84.46964820030416,33.75265080039418]]},"properties":{"overall":28,"safety":75,"sidewalk":0,"sidewalk_present":0,"canopy":8.4,"comfort":31.1,"name":"","road_type":"footway","osm_id":1353701347}},{"type":"Feature","geometry":{"type":"LineString","coordinates":[[-84.47254250013623,33.75289529997815],[-84.47254789966581,33.752701300025024]]},"properties":{"overall":43,"safety":100,"sidewalk":0,"sidewalk_present":0,"canopy":28.5,"comfort":42.6,"name":"","road_type":"service","osm_id":562693076}},{"type":"Feature","geometry":{"type":"LineString","coordinates":[[-84.47235880011851,33.752892399664574],[-84.47235749969883,33.75271350022791]]},"properties":{"overall":50,"safety":100,"sidewalk":0,"sidewalk_present":0,"canopy":49.3,"comfort":49.9,"name":"","road_type":"service","osm_id":562693075}},{"type":"Feature","geometry":{"type":"LineString","coordinates":[[-84.4695970999262,33.752650400195876],[-84.469557699728,33.75271729986355]]},"properties":{"overall":30,"safety":85,"sidewalk":0,"sidewalk_present":0,"canopy":6.0,"comfort":30.4,"name":"","road_type":"footway","osm_id":1353701349}},{"type":"Feature","geometry":{"type":"LineString","coordinates":[[-84.46776819994244,33.75313950008791],[-84.46775210027914,33.752718000435436]]},"properties":{"overall":37,"safety":100,"sidewalk":0,"sidewalk_present":0,"canopy":11.9,"comfort":33.3,"name":"","road_type":"service","osm_id":560682413}},{"type":"Feature","geometry":{"type":"LineString","coordinates":[[-84.47002919988762,33.752550900103984],[-84.4704504998906,33.75272409963753],[-84.47071460019862,33.752316900104915]]},"properties":{"overall":23,"safety":67,"sidewalk":0,"sidewalk_present":0,"canopy":2.1,"comfort":29.6,"name":"","road_type":"service","osm_id":386967594}},{"type":"Feature","geometry":{"type":"LineString","coordinates":[[-84.46711409963598,33.75259979984094],[-84.46698640040199,33.75258980027911]]},"properties":{"overall":30,"safety":89,"sidewalk":0,"sidewalk_present":0,"canopy":2.3,"comfort":27.5,"name":"","road_type":"service","osm_id":560683905}},{"type":"Feature","geometry":{"type":"LineString","coordinates":[[-84.46717830043815,33.75203500041499],[-84.46711409963598,33.75259979984094]]},"properties":{"overall":31,"safety":90,"sidewalk":0,"sidewalk_present":0,"canopy":2.5,"comfort":26.8,"name":"","road_type":"service","osm_id":560683907}},{"type":"Feature","geometry":{"type":"LineString","coordinates":[[-84.46647809998427,33.752492699578454],[-84.46653440024232,33.752636600099095]]},"properties":{"overall":2,"safety":0,"sidewalk":0,"sidewalk_present":0,"canopy":6.5,"comfort":27.7,"name":"","road_type":"service","osm_id":560683900}},{"type":"Feature","geometry":{"type":"LineString","coordinates":[[-84.4670964999035,33.75270940021869],[-84.46653440024232,33.752636600099095]]},"properties":{"overall":10,"safety":26,"sidewalk":0,"sidewalk_present":0,"canopy":4.2,"comfort":27.8,"name":"","road_type":"service","osm_id":560683883}},{"type":"Feature","geometry":{"type":"LineString","coordinates":[[-84.4670964999035,33.75270940021869],[-84.46710729986194,33.752652699762336],[-84.46711409963598,33.75259979984094]]},"properties":{"overall":28,"safety":78,"sidewalk":0,"sidewalk_present":0,"canopy":4.9,"comfort":28.8,"name":"","road_type":"service","osm_id":560683893}},{"type":"Feature","geometry":{"type":"LineString","coordinates":[[-84.46682209966013,33.75271350022791],[-84.4666417001543,33.75268840014962]]},"properties":{"overall":5,"safety":12,"sidewalk":0,"sidewalk_present":0,"canopy":2.2,"comfort":26.9,"name":"","road_type":"service","osm_id":560683889}},{"type":"Feature","geometry":{"type":"LineString","coordinates":[[-84.46708789968676,33.75275489961899],[-84.4670964999035,33.75270940021869]]},"properties":{"overall":15,"safety":39,"sidewalk":0,"sidewalk_present":0,"canopy":6.6,"comfort":29.5,"name":"","road_type":"service","osm_id":560683879}},{"type":"Feature","geometry":{"type":"LineString","coordinates":[[-84.46708789968676,33.75275489961899],[-84.46682209966013,33.75271350022791]]},"properties":{"overall":6,"safety":11,"sidewalk":0,"sidewalk_present":0,"canopy":5.8,"comfort":28.7,"name":"","road_type":"service","osm_id":560683891}},{"type":"Feature","geometry":{"type":"LineString","coordinates":[[-84.46561709984923,33.7524648997354],[-84.46560500037043,33.75274030002487]]},"properties":{"overall":33,"safety":89,"sidewalk":0,"sidewalk_present":0,"canopy":9.1,"comfort":29.6,"name":"","road_type":"service","osm_id":560686768}},{"type":"Feature","geometry":{"type":"LineString","coordinates":[[-84.4666417001543,33.75268840014962],[-84.46660289980395,33.752694799725305],[-84.46657340024217,33.75271240035704],[-84.4665524001731,33.75274509970666],[-84.46655249999782,33.75278070026917],[-84.46656499967497,33.7528039999047],[-84.46659819994693,33.75282869978474]]},"properties":{"overall":6,"safety":12,"sidewalk":0,"sidewalk_present":0,"canopy":6.7,"comfort":28.5,"name":"","road_type":"service","osm_id":560683887}},{"type":"Feature","geometry":{"type":"LineString","coordinates":[[-84.46795599996938,33.752627700408084],[-84.46840519964019,33.75276699999711]]},"properties":{"overall":36,"safety":93,"sidewalk":0,"sidewalk_present":0,"canopy":15.7,"comfort":33.8,"name":"","road_type":"service","osm_id":560682221}},{"type":"Feature","geometry":{"type":"LineString","coordinates":[[-84.47111559980505,33.75298340026376],[-84.47116260017384,33.75280380025521]]},"properties":{"overall":36,"safety":100,"sidewalk":0,"sidewalk_present":0,"canopy":9.1,"comfort":34.5,"name":"","road_type":"service","osm_id":562693110}},{"type":"Feature","geometry":{"type":"LineString","coordinates":[[-84.46974620032682,33.75270189987282],[-84.46979540043736,33.7528269002413],[-84.46980449977781,33.752979099705726]]},"properties":{"overall":32,"safety":87,"sidewalk":0,"sidewalk_present":0,"canopy":7.8,"comfort":30.6,"name":"","road_type":"service","osm_id":1216492217}},{"type":"Feature","geometry":{"type":"LineString","coordinates":[[-84.46840519964019,33.75276699999711],[-84.46837510023067,33.75286140003362]]},"properties":{"overall":41,"safety":100,"sidewalk":0,"sidewalk_present":0,"canopy":24.3,"comfort":37.1,"name":"","road_type":"service","osm_id":560682220}},{"type":"Feature","geometry":{"type":"LineString","coordinates":[[-84.4690957000065,33.75394670008018],[-84.46935139974727,33.75288390017192]]},"properties":{"overall":35,"safety":100,"sidewalk":0,"sidewalk_present":0,"canopy":5.2,"comfort":30.9,"name":"","road_type":"service","osm_id":386967573}},{"type":"Feature","geometry":{"type":"LineString","coordinates":[[-84.46837510023067,33.75286140003362],[-84.46856889963499,33.752886400287196]]},"properties":{"overall":41,"safety":100,"sidewalk":0,"sidewalk_present":0,"canopy":22.0,"comfort":36.5,"name":"","road_type":"service","osm_id":560682219}},{"type":"Feature","geometry":{"type":"LineString","coordinates":[[-84.47275609991402,33.7528987003148],[-84.47254250013623,33.75289529997815],[-84.47235880011851,33.752892399664574],[-84.4723320003215,33.7528918996415]]},"properties":{"overall":45,"safety":100,"sidewalk":0,"sidewalk_present":0,"canopy":33.6,"comfort":43.3,"name":"","road_type":"service","osm_id":562693078}},{"type":"Feature","geometry":{"type":"LineString","coordinates":[[-84.47275440019536,33.75295830018547],[-84.47275609991402,33.7528987003148],[-84.47276179981719,33.75268620040788]]},"properties":{"overall":44,"safety":100,"sidewalk":0,"sidewalk_present":0,"canopy":31.2,"comfort":43.2,"name":"","road_type":"service","osm_id":562693079}},{"type":"Feature","geometry":{"type":"LineString","coordinates":[[-84.46980449977781,33.752979099705726],[-84.46989829996653,33.75290669978443],[-84.47007370014109,33.752844400149]]},"properties":{"overall":30,"safety":84,"sidewalk":0,"sidewalk_present":0,"canopy":6.2,"comfort":30.0,"name":"","road_type":"service","osm_id":1216492218}},{"type":"Feature","geometry":{"type":"LineString","coordinates":[[-84.47137040022375,33.75315060041993],[-84.47136509961962,33.75291870033783]]},"properties":{"overall":31,"safety":84,"sidewalk":0,"sidewalk_present":0,"canopy":10.4,"comfort":35.4,"name":"","road_type":"service","osm_id":562693106}},{"type":"Feature","geometry":{"type":"LineString","coordinates":[[-84.4670615000881,33.75289410028256],[-84.46708789968676,33.75275489961899]]},"properties":{"overall":6,"safety":10,"sidewalk":0,"sidewalk_present":0,"canopy":8.4,"comfort":30.3,"name":"","road_type":"service","osm_id":560683880}},{"type":"Feature","geometry":{"type":"LineString","coordinates":[[-84.46290969982277,33.752750000112485],[-84.46309270016792,33.75275589966509]]},"properties":{"overall":21,"safety":47,"sidewalk":0,"sidewalk_present":0,"canopy":16.3,"comfort":37.2,"name":"","road_type":"service","osm_id":561238517}},{"type":"Feature","geometry":{"type":"LineString","coordinates":[[-84.46653440024232,33.752636600099095],[-84.46649049983665,33.752857899872254]]},"properties":{"overall":17,"safety":45,"sidewalk":0,"sidewalk_present":0,"canopy":6.3,"comfort":28.2,"name":"","road_type":"service","osm_id":560683897}},{"type":"Feature","geometry":{"type":"LineString","coordinates":[[-84.46659819994693,33.75282869978474],[-84.46668930037089,33.752843400102904],[-84.4667962000845,33.75285799969697],[-84.4670615000881,33.75289410028256]]},"properties":{"overall":7,"safety":12,"sidewalk":0,"sidewalk_present":0,"canopy":7.9,"comfort":29.7,"name":"","road_type":"service","osm_id":560683885}},{"type":"Feature","geometry":{"type":"LineString","coordinates":[[-84.46560500037043,33.75274030002487],[-84.46557280014457,33.752889699899754],[-84.46549099960993,33.753023500134475]]},"properties":{"overall":35,"safety":100,"sidewalk":0,"sidewalk_present":0,"canopy":3.7,"comfort":28.2,"name":"","road_type":"service","osm_id":560686804}},{"type":"Feature","geometry":{"type":"LineString","coordinates":[[-84.46705430011582,33.75293179986272],[-84.4670615000881,33.75289410028256]]},"properties":{"overall":18,"safety":41,"sidewalk":0,"sidewalk_present":0,"canopy":11.7,"comfort":31.7,"name":"","road_type":"service","osm_id":560683881}},{"type":"Feature","geometry":{"type":"LineString","coordinates":[[-84.46649049983665,33.752857899872254],[-84.46705430011582,33.75293179986272]]},"properties":{"overall":29,"safety":78,"sidewalk":0,"sidewalk_present":0,"canopy":9.6,"comfort":30.4,"name":"","road_type":"service","osm_id":560683895}},{"type":"Feature","geometry":{"type":"LineString","coordinates":[[-84.46542200002523,33.75309490000967],[-84.46530059964294,33.75301349967333],[-84.46522280019201,33.75297000036528],[-84.46514439999402,33.75294819989955],[-84.46507329959309,33.752949399595195],[-84.46490830007792,33.75306870006051]]},"properties":{"overall":46,"safety":100,"sidewalk":0,"sidewalk_present":0,"canopy":37.3,"comfort":44.3,"name":"","road_type":"service","osm_id":560686809}},{"type":"Feature","geometry":{"type":"LineString","coordinates":[[-84.46559080007535,33.75319590017068],[-84.46572300041612,33.75303580016208],[-84.46581560000988,33.7529676998995],[-84.46590950002337,33.75292540028704]]},"properties":{"overall":35,"safety":100,"sidewalk":0,"sidewalk_present":0,"canopy":4.4,"comfort":27.4,"name":"","road_type":"service","osm_id":560686808}},{"type":"Feature","geometry":{"type":"LineString","coordinates":[[-84.46327039990899,33.75315340000947],[-84.46285090034871,33.753006000226776]]},"properties":{"overall":40,"safety":95,"sidewalk":0,"sidewalk_present":0,"canopy":24.0,"comfort":39.7,"name":"Ralph David Abernathy Freeway","road_type":"motorway","osm_id":46225735}},{"type":"Feature","geometry":{"type":"LineString","coordinates":[[-84.47392850020009,33.75358900013231],[-84.47391649964669,33.75295489984882]]},"properties":{"overall":11,"safety":33,"sidewalk":0,"sidewalk_present":0,"canopy":0.0,"comfort":28.1,"name":"","road_type":"service","osm_id":386967568}},{"type":"Feature","geometry":{"type":"LineString","coordinates":[[-84.47353259974966,33.7529681000978],[-84.47371789966132,33.75296180034684],[-84.47391649964669,33.75295489984882],[-84.47411730027318,33.75294800025006]]},"properties":{"overall":17,"safety":50,"sidewalk":0,"sidewalk_present":0,"canopy":1.8,"comfort":29.3,"name":"","road_type":"service","osm_id":386967590}},{"type":"Feature","geometry":{"type":"LineString","coordinates":[[-84.47353259974966,33.7529681000978],[-84.47338460011918,33.75295649974271]]},"properties":{"overall":35,"safety":100,"sidewalk":0,"sidewalk_present":0,"canopy":3.6,"comfort":29.7,"name":"","road_type":"service","osm_id":562693093}},{"type":"Feature","geometry":{"type":"LineString","coordinates":[[-84.47373209995641,33.75354730036764],[-84.47371789966132,33.75296180034684]]},"properties":{"overall":12,"safety":33,"sidewalk":0,"sidewalk_present":0,"canopy":1.5,"comfort":28.3,"name":"","road_type":"service","osm_id":386967571}},{"type":"Feature","geometry":{"type":"LineString","coordinates":[[-84.47799680021211,33.752942499996436],[-84.47852680037153,33.75296559998253],[-84.47872169964666,33.75296900031918],[-84.479197100166,33.75297720033757],[-84.47986150040788,33.75298860014385]]},"properties":{"overall":35,"safety":100,"sidewalk":0,"sidewalk_present":0,"canopy":3.6,"comfort":31.0,"name":"","road_type":"service","osm_id":387014462}},{"type":"Feature","geometry":{"type":"LineString","coordinates":[[-84.47917400017991,33.75357699957891],[-84.479197100166,33.75297720033757]]},"properties":{"overall":34,"safety":100,"sidewalk":0,"sidewalk_present":0,"canopy":2.4,"comfort":29.9,"name":"","road_type":"service","osm_id":562683428}},{"type":"Feature","geometry":{"type":"LineString","coordinates":[[-84.47411730027318,33.75294800025006],[-84.47424579990371,33.75294490028699],[-84.47430539977432,33.75297899988101],[-84.47432680004175,33.753028500365076]]},"properties":{"overall":21,"safety":64,"sidewalk":0,"sidewalk_present":0,"canopy":0.0,"comfort":29.0,"name":"","road_type":"service","osm_id":386967601}},{"type":"Feature","geometry":{"type":"LineString","coordinates":[[-84.47789830016637,33.75305420029116],[-84.47792979982034,33.7529856000055],[-84.47799680021211,33.752942499996436]]},"properties":{"overall":42,"safety":100,"sidewalk":0,"sidewalk_present":0,"canopy":27.5,"comfort":39.0,"name":"","road_type":"service","osm_id":562683425}},{"type":"Feature","geometry":{"type":"LineString","coordinates":[[-84.47642460001526,33.75301239980246],[-84.47630299998343,33.75300960021292]]},"properties":{"overall":51,"safety":99,"sidewalk":0,"sidewalk_present":0,"canopy":53.2,"comfort":57.6,"name":"","road_type":"service","osm_id":562683420}},{"type":"Feature","geometry":{"type":"LineString","coordinates":[[-84.47630299998343,33.75300960021292],[-84.47595769988789,33.75300960021292]]},"properties":{"overall":49,"safety":99,"sidewalk":0,"sidewalk_present":0,"canopy":49.4,"comfort":56.9,"name":"","road_type":"service","osm_id":562683419}},{"type":"Feature","geometry":{"type":"LineString","coordinates":[[-84.47098550028056,33.75302019962254],[-84.47071999972815,33.752935399848866],[-84.47065229966387,33.75307540000978]]},"properties":{"overall":23,"safety":63,"sidewalk":0,"sidewalk_present":0,"canopy":7.2,"comfort":32.8,"name":"","road_type":"service","osm_id":562693112}},{"type":"Feature","geometry":{"type":"LineString","coordinates":[[-84.4723320003215,33.7528918996415],[-84.47226359968533,33.75294490028699],[-84.4722527997269,33.75349750040937]]},"properties":{"overall":41,"safety":95,"sidewalk":0,"sidewalk_present":0,"canopy":27.7,"comfort":38.4,"name":"","road_type":"service","osm_id":562693077}},{"type":"Feature","geometry":{"type":"LineString","coordinates":[[-84.47273900020468,33.75348180004511],[-84.47275440019536,33.75295830018547]]},"properties":{"overall":33,"safety":95,"sidewalk":0,"sidewalk_present":0,"canopy":3.8,"comfort":29.7,"name":"","road_type":"service","osm_id":562693084}},{"type":"Feature","geometry":{"type":"LineString","coordinates":[[-84.47275440019536,33.75295830018547],[-84.47290530013947,33.75296219964582]]},"properties":{"overall":36,"safety":100,"sidewalk":0,"sidewalk_present":0,"canopy":6.7,"comfort":32.6,"name":"","road_type":"service","osm_id":562693083}},{"type":"Feature","geometry":{"type":"LineString","coordinates":[[-84.47098550028056,33.75302019962254],[-84.47111559980505,33.75298340026376]]},"properties":{"overall":31,"safety":86,"sidewalk":0,"sidewalk_present":0,"canopy":5.7,"comfort":32.8,"name":"","road_type":"service","osm_id":562693111}},{"type":"Feature","geometry":{"type":"LineString","coordinates":[[-84.47093079991646,33.753169999695785],[-84.47098550028056,33.75302019962254]]},"properties":{"overall":26,"safety":74,"sidewalk":0,"sidewalk_present":0,"canopy":4.7,"comfort":31.7,"name":"","road_type":"service","osm_id":562693113}},{"type":"Feature","geometry":{"type":"LineString","coordinates":[[-84.46743269975923,33.75316839980184],[-84.46776819994244,33.75313950008791]]},"properties":{"overall":37,"safety":99,"sidewalk":0,"sidewalk_present":0,"canopy":12.2,"comfort":34.2,"name":"","road_type":"service","osm_id":560682416}},{"type":"Feature","geometry":{"type":"LineString","coordinates":[[-84.47134020009014,33.75329070040556],[-84.47137040022375,33.75315060041993]]},"properties":{"overall":25,"safety":71,"sidewalk":0,"sidewalk_present":0,"canopy":5.1,"comfort":33.4,"name":"","road_type":"service","osm_id":562693108}},{"type":"Feature","geometry":{"type":"LineString","coordinates":[[-84.46743440037721,33.753214400124534],[-84.4672967996076,33.753195800345964]]},"properties":{"overall":35,"safety":93,"sidewalk":0,"sidewalk_present":0,"canopy":12.6,"comfort":34.1,"name":"","road_type":"service","osm_id":560686824}},{"type":"Feature","geometry":{"type":"LineString","coordinates":[[-84.46995510024766,33.754088399959755],[-84.47017399973026,33.75320599955728]]},"properties":{"overall":34,"safety":100,"sidewalk":0,"sidewalk_present":0,"canopy":2.2,"comfort":27.9,"name":"","road_type":"service","osm_id":287325906}},{"type":"Feature","geometry":{"type":"LineString","coordinates":[[-84.4672967996076,33.753195800345964],[-84.46665240028801,33.75303630018516]]},"properties":{"overall":37,"safety":99,"sidewalk":0,"sidewalk_present":0,"canopy":12.4,"comfort":32.5,"name":"","road_type":"service","osm_id":560686823}},{"type":"Feature","geometry":{"type":"LineString","coordinates":[[-84.46665240028801,33.75303630018516],[-84.46658969955496,33.75299089971031],[-84.46649149988275,33.752979999927106],[-84.46634870013236,33.75300009977485],[-84.46623399969928,33.75305470031424],[-84.46618810010068,33.75309349976527],[-84.46614209977804,33.75313220029085],[-84.46610960007797,33.75316899964969],[-84.46610929970439,33.75322370001379]]},"properties":{"overall":23,"safety":60,"sidewalk":0,"sidewalk_present":0,"canopy":8.9,"comfort":29.7,"name":"","road_type":"service","osm_id":560686816}},{"type":"Feature","geometry":{"type":"LineString","coordinates":[[-84.46640779997995,33.75311080002348],[-84.46637909991551,33.753066500318766],[-84.46634870013236,33.75300009977485]]},"properties":{"overall":37,"safety":100,"sidewalk":0,"sidewalk_present":0,"canopy":10.1,"comfort":30.3,"name":"","road_type":"service","osm_id":560686779}},{"type":"Feature","geometry":{"type":"LineString","coordinates":[[-84.46549099960993,33.753023500134475],[-84.46542200002523,33.75309490000967]]},"properties":{"overall":37,"safety":100,"sidewalk":0,"sidewalk_present":0,"canopy":10.6,"comfort":31.4,"name":"","road_type":"service","osm_id":560686769}},{"type":"Feature","geometry":{"type":"LineString","coordinates":[[-84.46610929970439,33.75322370001379],[-84.4661743000039,33.753200199829394],[-84.46619980028055,33.753166799907945],[-84.46623759968543,33.75313590010177],[-84.46628229958844,33.75309930039248],[-84.46637909991551,33.753066500318766],[-84.46648680002579,33.75305079995451],[-84.46657800027447,33.75305420029116],[-84.46665240028801,33.75303630018516]]},"properties":{"overall":23,"safety":60,"sidewalk":0,"sidewalk_present":0,"canopy":9.9,"comfort":30.1,"name":"","road_type":"service","osm_id":560686810}},{"type":"Feature","geometry":{"type":"LineString","coordinates":[[-84.46665240028801,33.75303630018516],[-84.46662489991917,33.75311099967297]]},"properties":{"overall":36,"safety":100,"sidewalk":0,"sidewalk_present":0,"canopy":8.2,"comfort":30.0,"name":"","road_type":"service","osm_id":560686780}},{"type":"Feature","geometry":{"type":"LineString","coordinates":[[-84.46662489991917,33.75311099967297],[-84.46656239973493,33.75312849958067],[-84.4664926995784,33.75313120024475],[-84.46640779997995,33.75311080002348]]},"properties":{"overall":37,"safety":100,"sidewalk":0,"sidewalk_present":0,"canopy":11.1,"comfort":31.0,"name":"","road_type":"service","osm_id":560686782}},{"type":"Feature","geometry":{"type":"LineString","coordinates":[[-84.46576260026376,33.753298600050414],[-84.46559080007535,33.75319590017068],[-84.46542200002523,33.75309490000967]]},"properties":{"overall":35,"safety":100,"sidewalk":0,"sidewalk_present":0,"canopy":5.1,"comfort":28.4,"name":"","road_type":"service","osm_id":560686771}},{"type":"Feature","geometry":{"type":"LineString","coordinates":[[-84.46490830007792,33.75306870006051],[-84.46474200014313,33.75325259972777]]},"properties":{"overall":50,"safety":100,"sidewalk":0,"sidewalk_present":0,"canopy":50.2,"comfort":52.2,"name":"","road_type":"service","osm_id":562693168}},{"type":"Feature","geometry":{"type":"LineString","coordinates":[[-84.46610929970439,33.75322370001379],[-84.46603019983382,33.753215800368935],[-84.46595770008776,33.75322029967714],[-84.46587529970526,33.753260400447175],[-84.46581760010213,33.75330449960302],[-84.46576260026376,33.753298600050414]]},"properties":{"overall":11,"safety":25,"sidewalk":0,"sidewalk_present":0,"canopy":6.6,"comfort":27.9,"name":"","road_type":"service","osm_id":560686772}},{"type":"Feature","geometry":{"type":"LineString","coordinates":[[-84.4778799000373,33.75417920001013],[-84.47789830016637,33.75305420029116]]},"properties":{"overall":34,"safety":79,"sidewalk":0,"sidewalk_present":0,"canopy":22.7,"comfort":37.0,"name":"","road_type":"service","osm_id":562683426}},{"type":"Feature","geometry":{"type":"LineString","coordinates":[[-84.47580279975938,33.75323199985695],[-84.47566059985678,33.75315399985726],[-84.4754486997976,33.75313840021704],[-84.4753119003239,33.75315840024001],[-84.47527169972915,33.75320970026752]]},"properties":{"overall":47,"safety":100,"sidewalk":0,"sidewalk_present":0,"canopy":40.9,"comfort":50.8,"name":"","road_type":"service","osm_id":562683415}},{"type":"Feature","geometry":{"type":"LineString","coordinates":[[-84.47683119970009,33.75272409963753],[-84.47681739960325,33.7532046002122]]},"properties":{"overall":15,"safety":0,"sidewalk":0,"sidewalk_present":0,"canopy":44.0,"comfort":51.0,"name":"","road_type":"service","osm_id":1111509638}},{"type":"Feature","geometry":{"type":"LineString","coordinates":[[-84.4757966996579,33.75337350008704],[-84.47562839963092,33.753344600373055],[-84.47545539974686,33.75332789996264],[-84.47526709969685,33.75332759958911]]},"properties":{"overall":44,"safety":100,"sidewalk":0,"sidewalk_present":0,"canopy":30.8,"comfort":45.2,"name":"","road_type":"service","osm_id":562683412}},{"type":"Feature","geometry":{"type":"LineString","coordinates":[[-84.47566729980599,33.75375830020545],[-84.47574650040065,33.75369360027946],[-84.47577519956576,33.753510199735956],[-84.4757966996579,33.75337350008704],[-84.47579879957487,33.753360200013276],[-84.47580279975938,33.75323199985695]]},"properties":{"overall":34,"safety":86,"sidewalk":0,"sidewalk_present":0,"canopy":17.2,"comfort":40.2,"name":"","road_type":"service","osm_id":562683416}},{"type":"Feature","geometry":{"type":"LineString","coordinates":[[-84.47577519956576,33.753510199735956],[-84.47558019956654,33.75348289991592],[-84.47538569959033,33.75347059988832],[-84.47526149961845,33.7534715001097]]},"properties":{"overall":43,"safety":100,"sidewalk":0,"sidewalk_present":0,"canopy":29.8,"comfort":43.2,"name":"","road_type":"service","osm_id":562683413}},{"type":"Feature","geometry":{"type":"LineString","coordinates":[[-84.47527169972915,33.75320970026752],[-84.47526709969685,33.75332759958911],[-84.47526149961845,33.7534715001097],[-84.47525829983061,33.75355539966199],[-84.47526899996433,33.75365570015049]]},"properties":{"overall":41,"safety":100,"sidewalk":0,"sidewalk_present":0,"canopy":21.9,"comfort":41.2,"name":"","road_type":"service","osm_id":562683414}},{"type":"Feature","geometry":{"type":"LineString","coordinates":[[-84.47413220024083,33.753632299790866],[-84.47392850020009,33.75358900013231],[-84.47373209995641,33.75354730036764],[-84.47353450001714,33.75350540005422],[-84.47353259974966,33.7529681000978]]},"properties":{"overall":33,"safety":97,"sidewalk":0,"sidewalk_present":0,"canopy":2.5,"comfort":28.4,"name":"","road_type":"service","osm_id":468890294}},{"type":"Feature","geometry":{"type":"LineString","coordinates":[[-84.47872169964666,33.75296900031918],[-84.47871310032929,33.75356900010934]]},"properties":{"overall":35,"safety":100,"sidewalk":0,"sidewalk_present":0,"canopy":3.7,"comfort":28.1,"name":"","road_type":"service","osm_id":562683429}},{"type":"Feature","geometry":{"type":"LineString","coordinates":[[-84.47871310032929,33.75356900010934],[-84.47895320042983,33.753573199943276],[-84.47917400017991,33.75357699957891]]},"properties":{"overall":35,"safety":100,"sidewalk":0,"sidewalk_present":0,"canopy":5.0,"comfort":29.5,"name":"","road_type":"service","osm_id":387014461}},{"type":"Feature","geometry":{"type":"LineString","coordinates":[[-84.46920030015372,33.75246860044558],[-84.46945580024493,33.752577799725714],[-84.46962620018894,33.75265059984537],[-84.46974620032682,33.75270189987282],[-84.4699012002801,33.75276809986798],[-84.47007370014109,33.752844400149],[-84.47027399984518,33.75293299955831],[-84.4705572997795,33.753042099913046],[-84.47065229966387,33.75307540000978],[-84.47084979977842,33.75314450031851],[-84.47093079991646,33.753169999695785],[-84.47111490013248,33.753227999672504],[-84.47114329982338,33.75323700008755],[-84.47134020009014,33.75329070040556],[-84.47142869967473,33.75331490026247],[-84.47170879982122,33.75338249960271],[-84.47198039957573,33.7534419996486],[-84.47210720038697,33.75346780029878],[-84.4722527997269,33.75349750040937],[-84.47227000016034,33.75350099967147],[-84.47246009975379,33.75354049969434],[-84.47270880007102,33.75359079967569],[-84.47288680018562,33.75362719973555],[-84.47293829986262,33.75363770021971]]},"properties":{"overall":17,"safety":47,"sidewalk":0,"sidewalk_present":0,"canopy":5.1,"comfort":30.0,"name":"Martin Luther King Junior Drive Southwest","road_type":"secondary","osm_id":9241206}},{"type":"Feature","geometry":{"type":"LineString","coordinates":[[-84.47017360043128,33.754098100047315],[-84.47036909955426,33.75326620017506]]},"properties":{"overall":32,"safety":93,"sidewalk":0,"sidewalk_present":0,"canopy":2.0,"comfort":28.6,"name":"","road_type":"service","osm_id":287325905}},{"type":"Feature","geometry":{"type":"LineString","coordinates":[[-84.47039090001999,33.754082899706134],[-84.47056489995015,33.753326600442335]]},"properties":{"overall":31,"safety":93,"sidewalk":0,"sidewalk_present":0,"canopy":1.2,"comfort":28.9,"name":"","road_type":"service","osm_id":287325903}},{"type":"Feature","geometry":{"type":"LineString","coordinates":[[-84.4706028999039,33.754067999738425],[-84.47076449998167,33.7533880996811]]},"properties":{"overall":33,"safety":100,"sidewalk":0,"sidewalk_present":0,"canopy":0.0,"comfort":29.0,"name":"","road_type":"service","osm_id":287325902}},{"type":"Feature","geometry":{"type":"LineString","coordinates":[[-84.47080919988463,33.754053499969075],[-84.47096169972264,33.7534489999714]]},"properties":{"overall":33,"safety":100,"sidewalk":0,"sidewalk_present":0,"canopy":0.0,"comfort":29.6,"name":"","road_type":"service","osm_id":287325900}},{"type":"Feature","geometry":{"type":"LineString","coordinates":[[-84.47270880007102,33.75359079967569],[-84.47273900020468,33.75348180004511]]},"properties":{"overall":16,"safety":47,"sidewalk":0,"sidewalk_present":0,"canopy":1.8,"comfort":26.3,"name":"","road_type":"service","osm_id":562693085}},{"type":"Feature","geometry":{"type":"LineString","coordinates":[[-84.47290530013947,33.75296219964582],[-84.47289460000576,33.75352249976362]]},"properties":{"overall":16,"safety":41,"sidewalk":0,"sidewalk_present":0,"canopy":5.8,"comfort":29.9,"name":"","road_type":"service","osm_id":562693082}},{"type":"Feature","geometry":{"type":"LineString","coordinates":[[-84.47239689989698,33.75374030027467],[-84.47246009975379,33.75354049969434]]},"properties":{"overall":14,"safety":42,"sidewalk":0,"sidewalk_present":0,"canopy":0.0,"comfort":26.1,"name":"","road_type":"service","osm_id":618739196}},{"type":"Feature","geometry":{"type":"LineString","coordinates":[[-84.4700132000491,33.75410399959998],[-84.47005589985986,33.754106399890475],[-84.47017360043128,33.754098100047315],[-84.47039090001999,33.754082899706134],[-84.47053769995483,33.75407259977072],[-84.4706028999039,33.754067999738425],[-84.47080919988463,33.754053499969075],[-84.47093280000865,33.75404479992761],[-84.4709697999163,33.7540376997801],[-84.47100100009607,33.75402510027823],[-84.47102489957939,33.754004200033876],[-84.47104379973155,33.75398090039829],[-84.47108760031244,33.75377949992401],[-84.4711349001555,33.75356199978654],[-84.4711349001555,33.75354070024315],[-84.47112639976348,33.75351229965298],[-84.47109790024786,33.75349100010959],[-84.47096169972264,33.7534489999714],[-84.47076449998167,33.7533880996811],[-84.47056489995015,33.753326600442335],[-84.47036909955426,33.75326620017506],[-84.47017399973026,33.75320599955728],[-84.47006159976297,33.753171399940186],[-84.47003029975849,33.75316899964969],[-84.46999899975401,33.753171399940186],[-84.46997050023833,33.75318799962656],[-84.46985949961618,33.75358089993864],[-84.46980749991616,33.7538256998962]]},"properties":{"overall":34,"safety":100,"sidewalk":0,"sidewalk_present":0,"canopy":2.8,"comfort":29.9,"name":"","road_type":"service","osm_id":287325897}},{"type":"Feature","geometry":{"type":"LineString","coordinates":[[-84.46780979988233,33.75368140007663],[-84.46823629976541,33.75361339963871]]},"properties":{"overall":48,"safety":100,"sidewalk":0,"sidewalk_present":0,"canopy":44.8,"comfort":48.6,"name":"","road_type":"service","osm_id":560682414}},{"type":"Feature","geometry":{"type":"LineString","coordinates":[[-84.46649219955532,33.75359439966189],[-84.46647940040395,33.7532888999628]]},"properties":{"overall":37,"safety":100,"sidewalk":0,"sidewalk_present":0,"canopy":9.9,"comfort":30.7,"name":"","road_type":"service","osm_id":560686776}},{"type":"Feature","geometry":{"type":"LineString","coordinates":[[-84.46647940040395,33.7532888999628],[-84.46637149974487,33.75329219957541],[-84.46627020010959,33.75329450004119],[-84.46620579965787,33.75329219957541],[-84.46616430044207,33.753273300322576],[-84.46610929970439,33.75322370001379]]},"properties":{"overall":11,"safety":25,"sidewalk":0,"sidewalk_present":0,"canopy":7.3,"comfort":29.2,"name":"","road_type":"service","osm_id":560686777}},{"type":"Feature","geometry":{"type":"LineString","coordinates":[[-84.46581760010213,33.75330449960302],[-84.46581960019438,33.753424899939205],[-84.46587319978829,33.75348620042786],[-84.46595770008776,33.75353200020169],[-84.46606230023491,33.753538700150955],[-84.46613069997181,33.75354979958365]]},"properties":{"overall":24,"safety":67,"sidewalk":0,"sidewalk_present":0,"canopy":3.7,"comfort":27.1,"name":"","road_type":"service","osm_id":560686801}},{"type":"Feature","geometry":{"type":"LineString","coordinates":[[-84.46550040022328,33.75377780020534],[-84.46565600002435,33.753554299791176],[-84.46581960019438,33.753424899939205]]},"properties":{"overall":37,"safety":100,"sidewalk":0,"sidewalk_present":0,"canopy":10.8,"comfort":30.7,"name":"","road_type":"service","osm_id":560686785}},{"type":"Feature","geometry":{"type":"LineString","coordinates":[[-84.46582389985304,33.75447949982913],[-84.46530600007179,33.75414599973817],[-84.46486000018882,33.75389299976217],[-84.46442099972933,33.753668000178095],[-84.46409800012259,33.753510000086465],[-84.46377549963955,33.75335629965355],[-84.46327039990899,33.75315340000947]]},"properties":{"overall":38,"safety":88,"sidewalk":0,"sidewalk_present":0,"canopy":26.3,"comfort":40.5,"name":"Ralph David Abernathy Freeway","road_type":"motorway","osm_id":42003931}},{"type":"Feature","geometry":{"type":"LineString","coordinates":[[-84.466421899551,33.75377940009929],[-84.46646200032103,33.7537388002055],[-84.46649280030243,33.75369360027946],[-84.46649219955532,33.75359439966189]]},"properties":{"overall":36,"safety":100,"sidewalk":0,"sidewalk_present":0,"canopy":8.8,"comfort":30.5,"name":"","road_type":"service","osm_id":560686791}},{"type":"Feature","geometry":{"type":"LineString","coordinates":[[-84.46613069997181,33.75354979958365],[-84.4663225001832,33.75369920035786]]},"properties":{"overall":36,"safety":100,"sidewalk":0,"sidewalk_present":0,"canopy":7.2,"comfort":29.4,"name":"","road_type":"service","osm_id":560686800}},{"type":"Feature","geometry":{"type":"LineString","coordinates":[[-84.46559299981703,33.7538385997716],[-84.46550040022328,33.75377780020534]]},"properties":{"overall":40,"safety":100,"sidewalk":0,"sidewalk_present":0,"canopy":19.9,"comfort":34.5,"name":"","road_type":"service","osm_id":560686773}},{"type":"Feature","geometry":{"type":"LineString","coordinates":[[-84.4663225001832,33.75369920035786],[-84.466421899551,33.75377940009929]]},"properties":{"overall":37,"safety":100,"sidewalk":0,"sidewalk_present":0,"canopy":9.8,"comfort":30.8,"name":"","road_type":"service","osm_id":560686774}},{"type":"Feature","geometry":{"type":"LineString","coordinates":[[-84.47289460000576,33.75352249976362],[-84.47288680018562,33.75362719973555]]},"properties":{"overall":3,"safety":8,"sidewalk":0,"sidewalk_present":0,"canopy":2.1,"comfort":26.3,"name":"","road_type":"service","osm_id":562693081}},{"type":"Feature","geometry":{"type":"LineString","coordinates":[[-84.47293829986262,33.75363770021971],[-84.47308609984361,33.75366709995677],[-84.47319329993081,33.75368919989671]]},"properties":{"overall":4,"safety":12,"sidewalk":0,"sidewalk_present":0,"canopy":0.0,"comfort":25.5,"name":"Martin Luther King Junior Drive Southwest","road_type":"secondary","osm_id":1378816983}},{"type":"Feature","geometry":{"type":"LineString","coordinates":[[-84.46776819994244,33.75313950008791],[-84.46780979988233,33.75368140007663]]},"properties":{"overall":40,"safety":100,"sidewalk":0,"sidewalk_present":0,"canopy":20.4,"comfort":39.1,"name":"","road_type":"service","osm_id":560682415}},{"type":"Feature","geometry":{"type":"LineString","coordinates":[[-84.47278170001539,33.7538256998962],[-84.47268190044929,33.75374819991953]]},"properties":{"overall":1,"safety":0,"sidewalk":0,"sidewalk_present":0,"canopy":1.7,"comfort":25.6,"name":"","road_type":"service","osm_id":618739194}},{"type":"Feature","geometry":{"type":"LineString","coordinates":[[-84.47270880007102,33.75359079967569],[-84.47268190044929,33.75374819991953]]},"properties":{"overall":3,"safety":9,"sidewalk":0,"sidewalk_present":0,"canopy":0.0,"comfort":25.3,"name":"","road_type":"service","osm_id":618739193}},{"type":"Feature","geometry":{"type":"LineString","coordinates":[[-84.47268190044929,33.75374819991953],[-84.47263780039412,33.75376099997021],[-84.47239689989698,33.75374030027467]]},"properties":{"overall":0,"safety":0,"sidewalk":0,"sidewalk_present":0,"canopy":1.5,"comfort":26.2,"name":"","road_type":"service","osm_id":618739197}},{"type":"Feature","geometry":{"type":"LineString","coordinates":[[-84.47311520010635,33.753817200403546],[-84.47314399999556,33.75377389984567],[-84.47319329993081,33.75368919989671]]},"properties":{"overall":8,"safety":23,"sidewalk":0,"sidewalk_present":0,"canopy":0.0,"comfort":25.2,"name":"","road_type":"service","osm_id":562693101}},{"type":"Feature","geometry":{"type":"LineString","coordinates":[[-84.47210720038697,33.75346780029878],[-84.47205569981065,33.75361889989239],[-84.4721067003639,33.75379179995167],[-84.47203559996291,33.75400250031521]]},"properties":{"overall":26,"safety":72,"sidewalk":0,"sidewalk_present":0,"canopy":6.8,"comfort":30.7,"name":"","road_type":"service","osm_id":562693103}},{"type":"Feature","geometry":{"type":"LineString","coordinates":[[-84.47108760031244,33.75377949992401],[-84.47122530000757,33.753803900329785],[-84.47130439987814,33.75381880029744]]},"properties":{"overall":34,"safety":100,"sidewalk":0,"sidewalk_present":0,"canopy":2.2,"comfort":31.9,"name":"","road_type":"service","osm_id":287325908}},{"type":"Feature","geometry":{"type":"LineString","coordinates":[[-84.47310249988044,33.754198199987],[-84.47311520010635,33.753817200403546]]},"properties":{"overall":16,"safety":47,"sidewalk":0,"sidewalk_present":0,"canopy":0.0,"comfort":24.8,"name":"","road_type":"service","osm_id":562693100}},{"type":"Feature","geometry":{"type":"LineString","coordinates":[[-84.47406340030562,33.753868999554754],[-84.47413220024083,33.753632299790866]]},"properties":{"overall":30,"safety":88,"sidewalk":0,"sidewalk_present":0,"canopy":2.9,"comfort":27.8,"name":"","road_type":"service","osm_id":562693091}},{"type":"Feature","geometry":{"type":"LineString","coordinates":[[-84.47434539982032,33.75367799973992],[-84.47413220024083,33.753632299790866]]},"properties":{"overall":33,"safety":95,"sidewalk":0,"sidewalk_present":0,"canopy":3.7,"comfort":28.7,"name":"","road_type":"service","osm_id":562693090}},{"type":"Feature","geometry":{"type":"LineString","coordinates":[[-84.47432680004175,33.753028500365076],[-84.47434539982032,33.75367799973992]]},"properties":{"overall":35,"safety":99,"sidewalk":0,"sidewalk_present":0,"canopy":5.4,"comfort":30.2,"name":"","road_type":"service","osm_id":562693089}},{"type":"Feature","geometry":{"type":"LineString","coordinates":[[-84.47895320042983,33.753573199943276],[-84.47895240003322,33.75369250040865]]},"properties":{"overall":36,"safety":100,"sidewalk":0,"sidewalk_present":0,"canopy":6.9,"comfort":29.9,"name":"","road_type":"service","osm_id":387014460}},{"type":"Feature","geometry":{"type":"LineString","coordinates":[[-84.47450690007332,33.753697200265606],[-84.47471320005411,33.7536949996246]]},"properties":{"overall":36,"safety":100,"sidewalk":0,"sidewalk_present":0,"canopy":7.2,"comfort":30.4,"name":"","road_type":"service","osm_id":562693088}},{"type":"Feature","geometry":{"type":"LineString","coordinates":[[-84.47434539982032,33.75367799973992],[-84.47450690007332,33.753697200265606]]},"properties":{"overall":35,"safety":100,"sidewalk":0,"sidewalk_present":0,"canopy":4.4,"comfort":29.1,"name":"","road_type":"service","osm_id":562693092}},{"type":"Feature","geometry":{"type":"LineString","coordinates":[[-84.47526899996433,33.75365570015049],[-84.47566729980599,33.75375830020545]]},"properties":{"overall":26,"safety":73,"sidewalk":0,"sidewalk_present":0,"canopy":5.8,"comfort":33.4,"name":"","road_type":"service","osm_id":562683417}},{"type":"Feature","geometry":{"type":"LineString","coordinates":[[-84.47319329993081,33.75368919989671],[-84.4736918004362,33.75379320019607]]},"properties":{"overall":25,"safety":73,"sidewalk":0,"sidewalk_present":0,"canopy":2.3,"comfort":26.5,"name":"Martin Luther King Junior Drive Southwest","road_type":"secondary","osm_id":1378816982}},{"type":"Feature","geometry":{"type":"LineString","coordinates":[[-84.47683569990761,33.75414859967816],[-84.47683119970009,33.7538100004312],[-84.47644009983071,33.753809899707164]]},"properties":{"overall":18,"safety":31,"sidewalk":0,"sidewalk_present":0,"canopy":24.5,"comfort":44.6,"name":"Peyton Place Southwest","road_type":"service","osm_id":243350857}},{"type":"Feature","geometry":{"type":"LineString","coordinates":[[-84.47516880019992,33.75409960011649],[-84.4752047002367,33.75394040032927],[-84.47526899996433,33.75365570015049]]},"properties":{"overall":32,"safety":88,"sidewalk":0,"sidewalk_present":0,"canopy":7.6,"comfort":33.7,"name":"","road_type":"service","osm_id":562683418}},{"type":"Feature","geometry":{"type":"LineString","coordinates":[[-84.46595770008776,33.75353200020169],[-84.46569819981204,33.753804600002354]]},"properties":{"overall":37,"safety":100,"sidewalk":0,"sidewalk_present":0,"canopy":9.6,"comfort":29.8,"name":"","road_type":"service","osm_id":560686789}},{"type":"Feature","geometry":{"type":"LineString","coordinates":[[-84.46569819981204,33.753804600002354],[-84.46562849965551,33.753829700080644],[-84.46559299981703,33.7538385997716]]},"properties":{"overall":38,"safety":100,"sidewalk":0,"sidewalk_present":0,"canopy":13.8,"comfort":31.9,"name":"","road_type":"service","osm_id":560686787}},{"type":"Feature","geometry":{"type":"LineString","coordinates":[[-84.466421899551,33.75377940009929],[-84.46650889996573,33.753849700103615]]},"properties":{"overall":36,"safety":100,"sidewalk":0,"sidewalk_present":0,"canopy":8.4,"comfort":31.1,"name":"","road_type":"service","osm_id":560686799}},{"type":"Feature","geometry":{"type":"LineString","coordinates":[[-84.46569819981204,33.753804600002354],[-84.46592819962666,33.753974599748005]]},"properties":{"overall":38,"safety":100,"sidewalk":0,"sidewalk_present":0,"canopy":13.8,"comfort":32.6,"name":"","road_type":"service","osm_id":560686784}},{"type":"Feature","geometry":{"type":"LineString","coordinates":[[-84.46650889996573,33.753849700103615],[-84.46669870008492,33.75400350036131]]},"properties":{"overall":41,"safety":100,"sidewalk":0,"sidewalk_present":0,"canopy":22.0,"comfort":37.6,"name":"","road_type":"service","osm_id":560686775}},{"type":"Feature","geometry":{"type":"LineString","coordinates":[[-84.46677610023681,33.75406119996444],[-84.46713280013859,33.75404689984458]]},"properties":{"overall":46,"safety":100,"sidewalk":0,"sidewalk_present":0,"canopy":37.2,"comfort":46.2,"name":"","road_type":"service","osm_id":560686797}},{"type":"Feature","geometry":{"type":"LineString","coordinates":[[-84.46660039968867,33.7542575003834],[-84.46677610023681,33.75406119996444]]},"properties":{"overall":50,"safety":100,"sidewalk":0,"sidewalk_present":0,"canopy":48.9,"comfort":49.2,"name":"","road_type":"service","osm_id":560686793}},{"type":"Feature","geometry":{"type":"LineString","coordinates":[[-84.46669870008492,33.75400350036131],[-84.46677610023681,33.75406119996444]]},"properties":{"overall":46,"safety":100,"sidewalk":0,"sidewalk_present":0,"canopy":37.9,"comfort":44.7,"name":"","road_type":"service","osm_id":560686798}},{"type":"Feature","geometry":{"type":"LineString","coordinates":[[-84.47294759975188,33.75382240028358],[-84.47278170001539,33.7538256998962]]},"properties":{"overall":2,"safety":5,"sidewalk":0,"sidewalk_present":0,"canopy":1.5,"comfort":25.4,"name":"","road_type":"service","osm_id":618739192}},{"type":"Feature","geometry":{"type":"LineString","coordinates":[[-84.47203559996291,33.75400250031521],[-84.47168159982596,33.753947899775824],[-84.47165880021345,33.75389769961919],[-84.47157699967875,33.75387649990063]]},"properties":{"overall":31,"safety":83,"sidewalk":0,"sidewalk_present":0,"canopy":10.1,"comfort":34.1,"name":"","road_type":"service","osm_id":562693102}},{"type":"Feature","geometry":{"type":"LineString","coordinates":[[-84.47239689989698,33.75374030027467],[-84.47223510016971,33.7536845000397],[-84.47222030002678,33.75391690014487],[-84.47275020036142,33.75389180006658],[-84.47278170001539,33.7538256998962]]},"properties":{"overall":1,"safety":0,"sidewalk":0,"sidewalk_present":0,"canopy":4.0,"comfort":27.8,"name":"","road_type":"service","osm_id":618739195}},{"type":"Feature","geometry":{"type":"LineString","coordinates":[[-84.46883259974464,33.752618199970016],[-84.46878510025215,33.752777100283026],[-84.46855229994867,33.75373200043151],[-84.46852850029,33.75394670008018],[-84.46852819991648,33.75405490021353],[-84.4685385996766,33.754154199756556],[-84.46854690041908,33.75423329962712]]},"properties":{"overall":31,"safety":76,"sidewalk":0,"sidewalk_present":0,"canopy":17.6,"comfort":36.8,"name":"Stonehurst Place Southwest","road_type":"service","osm_id":9269578}},{"type":"Feature","geometry":{"type":"LineString","coordinates":[[-84.46941380010674,33.75351229965298],[-84.46955530033682,33.752919999858136],[-84.46935139974727,33.75288390017192],[-84.4691481997296,33.752847799586334],[-84.46895030031607,33.75281269994622],[-84.4686632996715,33.753971999808016],[-84.46888539984127,33.75395900010784],[-84.4690957000065,33.75394670008018],[-84.46930779971512,33.7539343002278],[-84.46941380010674,33.75351229965298],[-84.46964470014274,33.753549500109386],[-84.46969390025328,33.7535552000125],[-84.46985949961618,33.75358089993864]]},"properties":{"overall":25,"safety":67,"sidewalk":0,"sidewalk_present":0,"canopy":8.8,"comfort":32.1,"name":"","road_type":"service","osm_id":287325893}},{"type":"Feature","geometry":{"type":"LineString","coordinates":[[-84.4691481997296,33.752847799586334],[-84.46888539984127,33.75395900010784]]},"properties":{"overall":13,"safety":33,"sidewalk":0,"sidewalk_present":0,"canopy":6.6,"comfort":31.7,"name":"","road_type":"service","osm_id":386967578}},{"type":"Feature","geometry":{"type":"LineString","coordinates":[[-84.46930779971512,33.7539343002278],[-84.46942379966856,33.75398500040751],[-84.46965409985677,33.75397840028302]]},"properties":{"overall":34,"safety":100,"sidewalk":0,"sidewalk_present":0,"canopy":2.1,"comfort":29.7,"name":"","road_type":"footway","osm_id":625301586}},{"type":"Feature","geometry":{"type":"LineString","coordinates":[[-84.46980749991616,33.7538256998962],[-84.46979679978244,33.75390519996506],[-84.46979970009602,33.753935999946464],[-84.4698110999023,33.75396439963737],[-84.46982249970858,33.75399280022759],[-84.46984239990678,33.75402830006607],[-84.4698766002249,33.7540495996094],[-84.46991360013249,33.75407090005206],[-84.46995510024766,33.754088399959755],[-84.46997239960655,33.7540974003748],[-84.4700132000491,33.75410399959998]]},"properties":{"overall":33,"safety":100,"sidewalk":0,"sidewalk_present":0,"canopy":0.0,"comfort":28.6,"name":"","road_type":"service","osm_id":562693104}},{"type":"Feature","geometry":{"type":"LineString","coordinates":[[-84.46952510020316,33.754255600115926],[-84.46951840025395,33.75417200003784],[-84.46949559974212,33.754139699987206],[-84.46943790013893,33.75412399962295],[-84.46880539974939,33.7541684000517],[-84.46867399980522,33.754184800088524],[-84.46854690041908,33.75423329962712]]},"properties":{"overall":35,"safety":100,"sidewalk":0,"sidewalk_present":0,"canopy":3.9,"comfort":32.3,"name":"","road_type":"service","osm_id":629238255}},{"type":"Feature","geometry":{"type":"LineString","coordinates":[[-84.47293610012088,33.75419689956732],[-84.47310249988044,33.754198199987]]},"properties":{"overall":32,"safety":93,"sidewalk":0,"sidewalk_present":0,"canopy":3.9,"comfort":26.4,"name":"","road_type":"service","osm_id":386967584}},{"type":"Feature","geometry":{"type":"LineString","coordinates":[[-84.49237509993088,33.75346060032649],[-84.49227290007423,33.75346170019736]]},"properties":{"overall":39,"safety":100,"sidewalk":0,"sidewalk_present":0,"canopy":18.1,"comfort":31.7,"name":"","road_type":"service","osm_id":562664766}},{"type":"Feature","geometry":{"type":"LineString","coordinates":[[-84.49227290007423,33.75346170019736],[-84.49159559995695,33.75346840014657]]},"properties":{"overall":37,"safety":100,"sidewalk":0,"sidewalk_present":0,"canopy":11.0,"comfort":27.5,"name":"","road_type":"service","osm_id":562664765}},{"type":"Feature","geometry":{"type":"LineString","coordinates":[[-84.49039200039044,33.752433999929224],[-84.49057780032518,33.75259739955038],[-84.4906702002695,33.752673199808385],[-84.49072010005256,33.752768000043204],[-84.49070670015408,33.75323700008755],[-84.4907078000249,33.75332699974132],[-84.49071020031545,33.75353500034004],[-84.49071120036155,33.75373150040849],[-84.4907120996836,33.75390860030171],[-84.49070489971132,33.75425899955326],[-84.49069369955453,33.754693599629945],[-84.49069449995119,33.75502640004839]]},"properties":{"overall":25,"safety":60,"sidewalk":0,"sidewalk_present":0,"canopy":15.3,"comfort":29.6,"name":"Allen Temple Court Northwest","road_type":"residential","osm_id":9242365}},{"type":"Feature","geometry":{"type":"LineString","coordinates":[[-84.48948709984973,33.753179699783345],[-84.48945770011272,33.75331109972751],[-84.48944699997901,33.75350719959761],[-84.48943079959167,33.75362409977242],[-84.48961449960944,33.753694399776805],[-84.4899676004244,33.75368879969841]]},"properties":{"overall":30,"safety":75,"sidewalk":0,"sidewalk_present":0,"canopy":14.1,"comfort":29.5,"name":"Reeves Circle","road_type":"residential","osm_id":562664747}},{"type":"Feature","geometry":{"type":"LineString","coordinates":[[-84.4914869996253,33.753653500408745],[-84.49183029962859,33.75364790033041],[-84.49192419964209,33.75362900017825],[-84.49222060000068,33.753624499970726],[-84.49230909958521,33.75365460027962]]},"properties":{"overall":35,"safety":100,"sidewalk":0,"sidewalk_present":0,"canopy":5.8,"comfort":24.8,"name":"","road_type":"service","osm_id":562664780}},{"type":"Feature","geometry":{"type":"LineString","coordinates":[[-84.4914869996253,33.75346170019736],[-84.4914869996253,33.753653500408745]]},"properties":{"overall":35,"safety":100,"sidewalk":0,"sidewalk_present":0,"canopy":6.3,"comfort":25.5,"name":"","road_type":"service","osm_id":562664781}},{"type":"Feature","geometry":{"type":"LineString","coordinates":[[-84.49230909958521,33.75365460027962],[-84.49237340021222,33.75365639982306],[-84.49271139961138,33.75366580043641],[-84.49280099996616,33.75366469966622],[-84.49289049959685,33.75366349997057]]},"properties":{"overall":38,"safety":100,"sidewalk":0,"sidewalk_present":0,"canopy":15.5,"comfort":32.0,"name":"","road_type":"service","osm_id":562664779}},{"type":"Feature","geometry":{"type":"LineString","coordinates":[[-84.49207420026408,33.75368579956006],[-84.49218710025445,33.75367129979071],[-84.49230909958521,33.75365460027962]]},"properties":{"overall":36,"safety":100,"sidewalk":0,"sidewalk_present":0,"canopy":6.5,"comfort":25.1,"name":"","road_type":"service","osm_id":562664761}},{"type":"Feature","geometry":{"type":"LineString","coordinates":[[-84.49197439979866,33.75368700015497],[-84.49207420026408,33.75368579956006]]},"properties":{"overall":34,"safety":100,"sidewalk":0,"sidewalk_present":0,"canopy":2.6,"comfort":22.1,"name":"","road_type":"service","osm_id":562664762}},{"type":"Feature","geometry":{"type":"LineString","coordinates":[[-84.49183029962859,33.75364790033041],[-84.49192149987726,33.75368579956006],[-84.49197439979866,33.75368700015497]]},"properties":{"overall":34,"safety":100,"sidewalk":0,"sidewalk_present":0,"canopy":1.7,"comfort":21.2,"name":"","road_type":"service","osm_id":562664763}},{"type":"Feature","geometry":{"type":"LineString","coordinates":[[-84.48400499993079,33.75410000031479],[-84.48439299983704,33.753948999646695],[-84.48453810005321,33.753873399937504],[-84.48465800036638,33.753810999578036],[-84.48483219994603,33.753698800159555],[-84.48489100031935,33.7536609998553],[-84.48533330039146,33.75334770033618],[-84.48607500006119,33.75282240003378]]},"properties":{"overall":32,"safety":91,"sidewalk":0,"sidewalk_present":0,"canopy":4.3,"comfort":29.5,"name":"Martin Luther King Junior Drive Southwest","road_type":"secondary","osm_id":1475976510}},{"type":"Feature","geometry":{"type":"LineString","coordinates":[[-84.48644659993062,33.7543582999956],[-84.48648340018872,33.7542106996641],[-84.48653570026232,33.75405109967858],[-84.48612420017167,33.75402739984469],[-84.4858039003297,33.75408119998747],[-84.48568810002575,33.75410570021796],[-84.48558690021525,33.75401650006148],[-84.48548740012336,33.75393099971592],[-84.48543500022504,33.75391010037089],[-84.48539390030822,33.75391280013565],[-84.48534079983801,33.75393490007565],[-84.4852936996445,33.7539862001031],[-84.48525059963544,33.75407219957242],[-84.48523869980613,33.75414279995033],[-84.48522739982462,33.75513119984504],[-84.48521850013361,33.7553120004485]]},"properties":{"overall":35,"safety":97,"sidewalk":0,"sidewalk_present":0,"canopy":6.7,"comfort":26.9,"name":"","road_type":"residential","osm_id":358227613}},{"type":"Feature","geometry":{"type":"LineString","coordinates":[[-84.48341930026044,33.7540022997664],[-84.48377700020836,33.75395790023697]]},"properties":{"overall":37,"safety":99,"sidewalk":0,"sidewalk_present":0,"canopy":10.8,"comfort":38.2,"name":"","road_type":"service","osm_id":562683453}},{"type":"Feature","geometry":{"type":"LineString","coordinates":[[-84.480391999691,33.75399020028755],[-84.48079569996156,33.75397690021384]]},"properties":{"overall":36,"safety":99,"sidewalk":0,"sidewalk_present":0,"canopy":9.7,"comfort":33.9,"name":"","road_type":"service","osm_id":562683423}},{"type":"Feature","geometry":{"type":"LineString","coordinates":[[-84.48344440033878,33.75406160016274],[-84.48341930026044,33.7540022997664],[-84.48332769981346,33.753786199873275]]},"properties":{"overall":39,"safety":100,"sidewalk":0,"sidewalk_present":0,"canopy":17.5,"comfort":42.6,"name":"","road_type":"service","osm_id":562683455}},{"type":"Feature","geometry":{"type":"LineString","coordinates":[[-84.48797699963876,33.75274800002023],[-84.4878505999252,33.75279949969723],[-84.48773400012396,33.75284700008905],[-84.48756300033216,33.75295599971969],[-84.48750550037852,33.753035899986855],[-84.48746550033252,33.75309149967302],[-84.48740410001915,33.753176699644996],[-84.48740960027277,33.75337109979648],[-84.48740600028663,33.75358530032139],[-84.48741220021282,33.75369449960152],[-84.48750090034622,33.7538918998913],[-84.48766959967224,33.75396949969269],[-84.48785639965308,33.75401199985396],[-84.48808879975826,33.754017599932354],[-84.48837580040282,33.754016900259785],[-84.48864370034647,33.754139699987206],[-84.4887548997188,33.75423589956716],[-84.48902000007291,33.75446500005978],[-84.489132999888,33.754542000013316],[-84.48938299972559,33.754711999759024],[-84.48964800025499,33.75488599968918],[-84.48988200025406,33.754961999596674],[-84.49000580002763,33.75497519984566],[-84.49020199972244,33.75499600026524],[-84.49069449995119,33.75502640004839]]},"properties":{"overall":29,"safety":74,"sidewalk":0,"sidewalk_present":0,"canopy":12.0,"comfort":28.3,"name":"Hickman Drive Northwest","road_type":"residential","osm_id":9262313}},{"type":"Feature","geometry":{"type":"LineString","coordinates":[[-84.48184180035878,33.75427229962696],[-84.4818069003681,33.754028200241294]]},"properties":{"overall":19,"safety":56,"sidewalk":0,"sidewalk_present":0,"canopy":2.4,"comfort":31.9,"name":"","road_type":"service","osm_id":562683446}},{"type":"Feature","geometry":{"type":"LineString","coordinates":[[-84.4818069003681,33.754028200241294],[-84.48154540000019,33.75404040044418]]},"properties":{"overall":12,"safety":28,"sidewalk":0,"sidewalk_present":0,"canopy":7.7,"comfort":34.0,"name":"","road_type":"service","osm_id":562683444}},{"type":"Feature","geometry":{"type":"LineString","coordinates":[[-84.48347039973913,33.754254699894545],[-84.48344440033878,33.75406160016274]]},"properties":{"overall":37,"safety":99,"sidewalk":0,"sidewalk_present":0,"canopy":13.3,"comfort":40.0,"name":"","road_type":"service","osm_id":562683458}},{"type":"Feature","geometry":{"type":"LineString","coordinates":[[-84.4837882003651,33.75516559981264],[-84.48381140017597,33.754926099559896],[-84.48382620031884,33.75489230033946],[-84.48386980035099,33.754767200146205],[-84.48392020015706,33.75472639970366],[-84.48436069978641,33.754517899981124],[-84.48505720042942,33.75414510041611],[-84.48511830036921,33.754140700033304],[-84.4851699996957,33.75417369975651],[-84.4851832997694,33.754650299971445],[-84.48516210005084,33.754912800385455],[-84.4851245002954,33.754990500011615]]},"properties":{"overall":28,"safety":70,"sidewalk":0,"sidewalk_present":0,"canopy":14.1,"comfort":33.7,"name":"","road_type":"residential","osm_id":358227611}},{"type":"Feature","geometry":{"type":"LineString","coordinates":[[-84.49271139961138,33.75366580043641],[-84.49272619975426,33.75385759974847]]},"properties":{"overall":39,"safety":99,"sidewalk":0,"sidewalk_present":0,"canopy":17.0,"comfort":32.0,"name":"","road_type":"service","osm_id":562664778}},{"type":"Feature","geometry":{"type":"LineString","coordinates":[[-84.49272619975426,33.75385759974847],[-84.49273820030766,33.75426790014353]]},"properties":{"overall":35,"safety":92,"sidewalk":0,"sidewalk_present":0,"canopy":12.6,"comfort":30.5,"name":"","road_type":"service","osm_id":562664777}},{"type":"Feature","geometry":{"type":"LineString","coordinates":[[-84.49284970005357,33.75246310019196],[-84.49286639956466,33.75266709970691],[-84.49286870003044,33.752785400126186],[-84.49288540044085,33.7531811000278],[-84.49289049959685,33.75366349997057],[-84.49291599987345,33.75432459970057],[-84.49292479973968,33.75455179992565],[-84.49296109997476,33.75548899961768],[-84.49296329971645,33.75554570007404],[-84.49297209958269,33.75577309994867],[-84.49298500035746,33.75610800028403]]},"properties":{"overall":27,"safety":57,"sidewalk":0,"sidewalk_present":0,"canopy":25.0,"comfort":39.5,"name":"Harwell Road Northwest","road_type":"residential","osm_id":9276575}},{"type":"Feature","geometry":{"type":"LineString","coordinates":[[-84.49273820030766,33.75426790014353],[-84.49274230031688,33.75433029960368],[-84.49280119961566,33.75432840023552],[-84.49291599987345,33.75432459970057]]},"properties":{"overall":34,"safety":82,"sidewalk":0,"sidewalk_present":0,"canopy":19.1,"comfort":33.3,"name":"","road_type":"service","osm_id":562664776}},{"type":"Feature","geometry":{"type":"LineString","coordinates":[[-84.49274230031688,33.75433029960368],[-84.49256120023915,33.75433920019401],[-84.49238150040588,33.75435369996336],[-84.49226889988978,33.75437489968192],[-84.49221519957177,33.75444740032731],[-84.49217900006079,33.75463919963943]]},"properties":{"overall":38,"safety":96,"sidewalk":0,"sidewalk_present":0,"canopy":17.5,"comfort":30.4,"name":"","road_type":"service","osm_id":562664775}},{"type":"Feature","geometry":{"type":"LineString","coordinates":[[-84.4901450996166,33.75453410036852],[-84.49000479998148,33.75453270012406]]},"properties":{"overall":31,"safety":85,"sidewalk":0,"sidewalk_present":0,"canopy":7.8,"comfort":26.5,"name":"","road_type":"service","osm_id":978069857}},{"type":"Feature","geometry":{"type":"LineString","coordinates":[[-84.49000580002763,33.75497519984566],[-84.49000489980625,33.754661199754594],[-84.49000479998148,33.75453270012406],[-84.48993440015244,33.75451499966755],[-84.4899380999633,33.75415960018546]]},"properties":{"overall":33,"safety":87,"sidewalk":0,"sidewalk_present":0,"canopy":13.2,"comfort":29.2,"name":"Reeves Circle","road_type":"residential","osm_id":562664748}},{"type":"Feature","geometry":{"type":"LineString","coordinates":[[-84.48993440015244,33.75451499966755],[-84.48975969965039,33.754518800202504],[-84.48960009966481,33.75455000038227],[-84.4894767000896,33.75462579974089],[-84.48938299972559,33.754711999759024]]},"properties":{"overall":35,"safety":99,"sidewalk":0,"sidewalk_present":0,"canopy":7.0,"comfort":25.8,"name":"Reeves Circle","road_type":"residential","osm_id":562664750}},{"type":"Feature","geometry":{"type":"LineString","coordinates":[[-84.49292479973968,33.75455179992565],[-84.49283849989683,33.75459609963036]]},"properties":{"overall":37,"safety":85,"sidewalk":0,"sidewalk_present":0,"canopy":25.8,"comfort":37.4,"name":"","road_type":"service","osm_id":1053951167}},{"type":"Feature","geometry":{"type":"LineString","coordinates":[[-84.49014880032684,33.75433279971901],[-84.4901450996166,33.75453410036852],[-84.49014299969963,33.75465950003593],[-84.49000489980625,33.754661199754594]]},"properties":{"overall":19,"safety":48,"sidewalk":0,"sidewalk_present":0,"canopy":10.4,"comfort":27.6,"name":"","road_type":"service","osm_id":978069856}},{"type":"Feature","geometry":{"type":"LineString","coordinates":[[-84.48002060037038,33.75311490003264],[-84.47998840014452,33.75418649980719]]},"properties":{"overall":34,"safety":91,"sidewalk":0,"sidewalk_present":0,"canopy":10.4,"comfort":35.7,"name":"","road_type":"service","osm_id":562683435}},{"type":"Feature","geometry":{"type":"LineString","coordinates":[[-84.48347039973913,33.754254699894545],[-84.48366599958615,33.75421200008378],[-84.48400499993079,33.75410000031479]]},"properties":{"overall":34,"safety":95,"sidewalk":0,"sidewalk_present":0,"canopy":6.8,"comfort":34.8,"name":"Martin Luther King Junior Drive Southwest","road_type":"secondary","osm_id":1475976511}},{"type":"Feature","geometry":{"type":"LineString","coordinates":[[-84.4813630004021,33.754225499807035],[-84.48122750044877,33.75421879985777],[-84.48115890016305,33.75421660011608]]},"properties":{"overall":29,"safety":79,"sidewalk":0,"sidewalk_present":0,"canopy":8.2,"comfort":32.6,"name":"","road_type":"service","osm_id":562683439}},{"type":"Feature","geometry":{"type":"LineString","coordinates":[[-84.48136039956273,33.75442430034121],[-84.4813630004021,33.754225499807035]]},"properties":{"overall":28,"safety":77,"sidewalk":0,"sidewalk_present":0,"canopy":6.9,"comfort":32.2,"name":"","road_type":"service","osm_id":562683440}},{"type":"Feature","geometry":{"type":"LineString","coordinates":[[-84.48653570026232,33.75405109967858],[-84.48657649980561,33.7539433995683],[-84.48677750008153,33.75404110011675],[-84.48710590011717,33.754229400166764],[-84.48723189963243,33.75431300024479],[-84.48713400033381,33.75440690025829],[-84.48704730029266,33.754501099745994]]},"properties":{"overall":39,"safety":100,"sidewalk":0,"sidewalk_present":0,"canopy":16.9,"comfort":28.6,"name":"","road_type":"residential","osm_id":1394083417}},{"type":"Feature","geometry":{"type":"LineString","coordinates":[[-84.4803499995528,33.754441999898404],[-84.48036250012922,33.75424559965478],[-84.480391999691,33.75399020028755]]},"properties":{"overall":32,"safety":87,"sidewalk":0,"sidewalk_present":0,"canopy":7.7,"comfort":33.1,"name":"","road_type":"service","osm_id":562683424}},{"type":"Feature","geometry":{"type":"LineString","coordinates":[[-84.48185120007281,33.75440840032746],[-84.48184180035878,33.75427229962696]]},"properties":{"overall":0,"safety":0,"sidewalk":0,"sidewalk_present":0,"canopy":0.0,"comfort":29.9,"name":"","road_type":"service","osm_id":562683447}},{"type":"Feature","geometry":{"type":"LineString","coordinates":[[-84.4855774996019,33.75534869998256],[-84.48567350043169,33.75468140032643],[-84.4857137999519,33.754372000267665],[-84.48571029979047,33.754312400397],[-84.48569880015947,33.75420820044815],[-84.48568810002575,33.75410570021796]]},"properties":{"overall":25,"safety":69,"sidewalk":0,"sidewalk_present":0,"canopy":4.6,"comfort":25.7,"name":"","road_type":"residential","osm_id":358227624}},{"type":"Feature","geometry":{"type":"LineString","coordinates":[[-84.48154540000019,33.75404040044418],[-84.48155340036908,33.754313600092644],[-84.48155479971422,33.75441810041508]]},"properties":{"overall":7,"safety":11,"sidewalk":0,"sidewalk_present":0,"canopy":8.8,"comfort":33.3,"name":"","road_type":"service","osm_id":562683442}},{"type":"Feature","geometry":{"type":"LineString","coordinates":[[-84.48713400033381,33.75440690025829],[-84.4866848995884,33.75437269994018],[-84.48644659993062,33.7543582999956],[-84.48598970026444,33.75433079962676],[-84.4857671000716,33.754312699871264],[-84.48571029979047,33.754312400397]]},"properties":{"overall":28,"safety":77,"sidewalk":0,"sidewalk_present":0,"canopy":6.9,"comfort":24.1,"name":"","road_type":"residential","osm_id":358227621}},{"type":"Feature","geometry":{"type":"LineString","coordinates":[[-84.49404179998902,33.754561099814964],[-84.49409410006263,33.75441510027673],[-84.49443740006592,33.75455220012401],[-84.49446510008426,33.75460879985627]]},"properties":{"overall":32,"safety":67,"sidewalk":0,"sidewalk_present":0,"canopy":30.4,"comfort":44.2,"name":"","road_type":"residential","osm_id":562664801}},{"type":"Feature","geometry":{"type":"LineString","coordinates":[[-84.48229300012184,33.75439150026756],[-84.48267199961305,33.75437699959889],[-84.48295600011926,33.754352000244694],[-84.48323999972615,33.7543049998759],[-84.48347039973913,33.754254699894545]]},"properties":{"overall":36,"safety":94,"sidewalk":0,"sidewalk_present":0,"canopy":15.4,"comfort":40.2,"name":"Martin Luther King Junior Drive Southwest","road_type":"secondary","osm_id":630643970}},{"type":"Feature","geometry":{"type":"LineString","coordinates":[[-84.48185120007281,33.75440840032746],[-84.48229300012184,33.75439150026756]]},"properties":{"overall":15,"safety":36,"sidewalk":0,"sidewalk_present":0,"canopy":9.3,"comfort":34.8,"name":"Martin Luther King Junior Drive Southwest","road_type":"secondary","osm_id":1378315384}},{"type":"Feature","geometry":{"type":"LineString","coordinates":[[-84.48115199966503,33.75443100029048],[-84.48136039956273,33.75442430034121],[-84.48155479971422,33.75441810041508],[-84.48185120007281,33.75440840032746]]},"properties":{"overall":9,"safety":21,"sidewalk":0,"sidewalk_present":0,"canopy":5.1,"comfort":31.7,"name":"Martin Luther King Junior Drive Southwest","road_type":"secondary","osm_id":1378315383}},{"type":"Feature","geometry":{"type":"LineString","coordinates":[[-84.48093720019159,33.754433899704736],[-84.48115199966503,33.75443100029048]]},"properties":{"overall":22,"safety":57,"sidewalk":0,"sidewalk_present":0,"canopy":9.6,"comfort":33.3,"name":"Martin Luther King Junior Drive Southwest","road_type":"secondary","osm_id":1378317412}},{"type":"Feature","geometry":{"type":"LineString","coordinates":[[-84.4803499995528,33.754441999898404],[-84.48093720019159,33.754433899704736]]},"properties":{"overall":27,"safety":70,"sidewalk":0,"sidewalk_present":0,"canopy":11.0,"comfort":34.0,"name":"Martin Luther King Junior Drive Southwest","road_type":"secondary","osm_id":1378317411}},{"type":"Feature","geometry":{"type":"LineString","coordinates":[[-84.48638700005995,33.75443739986616],[-84.48587309956383,33.7543828002261],[-84.48581959979464,33.75438509979256],[-84.48578679972098,33.75440459979251],[-84.48578300008535,33.75445999982918],[-84.48576610002544,33.75465730029424],[-84.48572960014087,33.754969300293],[-84.485674799952,33.75535870044371]]},"properties":{"overall":35,"safety":100,"sidewalk":0,"sidewalk_present":0,"canopy":6.0,"comfort":24.7,"name":"","road_type":"residential","osm_id":358227612}},{"type":"Feature","geometry":{"type":"LineString","coordinates":[[-84.48646219957084,33.754445400235056],[-84.4865410997919,33.75445370007827],[-84.48704730029266,33.754501099745994],[-84.48751809988039,33.754555999759646]]},"properties":{"overall":37,"safety":100,"sidewalk":0,"sidewalk_present":0,"canopy":9.9,"comfort":25.7,"name":"","road_type":"residential","osm_id":903344942}},{"type":"Feature","geometry":{"type":"LineString","coordinates":[[-84.48742829987611,33.75512209960527],[-84.48751809988039,33.754555999759646]]},"properties":{"overall":38,"safety":100,"sidewalk":0,"sidewalk_present":0,"canopy":12.8,"comfort":28.6,"name":"","road_type":"residential","osm_id":358227614}},{"type":"Feature","geometry":{"type":"LineString","coordinates":[[-84.4887548997188,33.75423589956716],[-84.48861030042497,33.75435260009249],[-84.48842930017202,33.754538800225475],[-84.48840250037506,33.75463139981929],[-84.4884171997939,33.75472839979585],[-84.48850299961373,33.75482320003073],[-84.48885709957545,33.755061800062094]]},"properties":{"overall":46,"safety":100,"sidewalk":0,"sidewalk_present":0,"canopy":38.0,"comfort":40.6,"name":"","road_type":"residential","osm_id":562664751}},{"type":"Feature","geometry":{"type":"LineString","coordinates":[[-84.48643370005516,33.75462209993003],[-84.48701629976239,33.75468329969459]]},"properties":{"overall":34,"safety":100,"sidewalk":0,"sidewalk_present":0,"canopy":1.4,"comfort":21.7,"name":"","road_type":"service","osm_id":358227615}},{"type":"Feature","geometry":{"type":"LineString","coordinates":[[-84.49452029957212,33.75462789965792],[-84.49446510008426,33.75460879985627],[-84.49441189978933,33.754628000381956],[-84.49404179998902,33.754561099814964]]},"properties":{"overall":31,"safety":67,"sidewalk":0,"sidewalk_present":0,"canopy":25.7,"comfort":42.4,"name":"","road_type":"residential","osm_id":562664802}},{"type":"Feature","geometry":{"type":"LineString","coordinates":[[-84.49307049980371,33.755540900392305],[-84.49344650005588,33.75552419998189],[-84.49413839976728,33.755493300175715],[-84.49447769958613,33.75474179969433],[-84.49452029957212,33.75462789965792],[-84.49476730017074,33.753937800389224]]},"properties":{"overall":43,"safety":100,"sidewalk":0,"sidewalk_present":0,"canopy":27.6,"comfort":43.4,"name":"","road_type":"residential","osm_id":562664805}},{"type":"Feature","geometry":{"type":"LineString","coordinates":[[-84.48753990034606,33.75554949970967],[-84.4876182996448,33.755139100389215],[-84.4876782997137,33.75470570000812],[-84.48769619981971,33.75458329957968],[-84.48751809988039,33.754555999759646]]},"properties":{"overall":41,"safety":100,"sidewalk":0,"sidewalk_present":0,"canopy":22.8,"comfort":34.8,"name":"","road_type":"residential","osm_id":358227616}},{"type":"Feature","geometry":{"type":"LineString","coordinates":[[-84.48623820003286,33.75541630022212],[-84.48629029955765,33.75505250017278],[-84.48631150017553,33.75483740032581],[-84.48638700005995,33.75443739986616]]},"properties":{"overall":38,"safety":100,"sidewalk":0,"sidewalk_present":0,"canopy":15.1,"comfort":29.3,"name":"","road_type":"residential","osm_id":358227617}},{"type":"Feature","geometry":{"type":"LineString","coordinates":[[-84.48185120007281,33.75440840032746],[-84.48190329959755,33.754815900233666],[-84.48190760015558,33.75484780008594],[-84.4819250002385,33.75497500019617]]},"properties":{"overall":12,"safety":32,"sidewalk":0,"sidewalk_present":0,"canopy":4.6,"comfort":32.4,"name":"Linkwood Road Northwest","road_type":"tertiary","osm_id":630644033}},{"type":"Feature","geometry":{"type":"LineString","coordinates":[[-84.48382620031884,33.75489230033946],[-84.48436229968036,33.754930900141005],[-84.48461700027428,33.754918799762834],[-84.48504019964548,33.754970699638136],[-84.4851245002954,33.754990500011615],[-84.48514439959433,33.75502139981779],[-84.48513819966814,33.75530380043011]]},"properties":{"overall":29,"safety":72,"sidewalk":0,"sidewalk_present":0,"canopy":15.1,"comfort":37.3,"name":"","road_type":"residential","osm_id":358227623}},{"type":"Feature","geometry":{"type":"LineString","coordinates":[[-84.48646219957084,33.754445400235056],[-84.48643370005516,33.75462209993003],[-84.48637119987092,33.755009400163715],[-84.48636869975564,33.755034000218984],[-84.48633939984342,33.75532600019483],[-84.48632349982961,33.755425000263585]]},"properties":{"overall":33,"safety":85,"sidewalk":0,"sidewalk_present":0,"canopy":14.9,"comfort":29.0,"name":"","road_type":"residential","osm_id":358227622}},{"type":"Feature","geometry":{"type":"LineString","coordinates":[[-84.48704730029266,33.754501099745994],[-84.48701629976239,33.75468329969459],[-84.4869736997764,33.75508259958235],[-84.48696070007622,33.755269600112]]},"properties":{"overall":36,"safety":100,"sidewalk":0,"sidewalk_present":0,"canopy":8.1,"comfort":26.0,"name":"","road_type":"residential","osm_id":358227619}},{"type":"Feature","geometry":{"type":"LineString","coordinates":[[-84.48636869975564,33.755034000218984],[-84.4869736997764,33.75508259958235],[-84.48742829987611,33.75512209960527],[-84.4876182996448,33.755139100389215]]},"properties":{"overall":31,"safety":80,"sidewalk":0,"sidewalk_present":0,"canopy":11.6,"comfort":27.7,"name":"","road_type":"residential","osm_id":358227618}},{"type":"Feature","geometry":{"type":"LineString","coordinates":[[-84.48002830036575,33.755513099649875],[-84.48077550028904,33.755220099627934]]},"properties":{"overall":33,"safety":100,"sidewalk":0,"sidewalk_present":0,"canopy":0.0,"comfort":29.9,"name":"","road_type":"service","osm_id":1505515609}},{"type":"Feature","geometry":{"type":"LineString","coordinates":[[-84.48693069959205,33.755486399677636],[-84.48698000042663,33.75543309955793],[-84.4869910000346,33.7553060001718],[-84.48696070007622,33.755269600112]]},"properties":{"overall":41,"safety":99,"sidewalk":0,"sidewalk_present":0,"canopy":23.8,"comfort":36.7,"name":"","road_type":"residential","osm_id":855245180}},{"type":"Feature","geometry":{"type":"LineString","coordinates":[[-84.48696070007622,33.755269600112],[-84.48691719986886,33.75529499966456],[-84.48689810006721,33.755427100180555],[-84.48693069959205,33.755486399677636]]},"properties":{"overall":42,"safety":99,"sidewalk":0,"sidewalk_present":0,"canopy":25.9,"comfort":37.0,"name":"","road_type":"residential","osm_id":855245179}},{"type":"Feature","geometry":{"type":"LineString","coordinates":[[-84.4736918004362,33.75379320019607],[-84.4736670996569,33.75398689977567],[-84.47371469987348,33.7540141995957]]},"properties":{"overall":33,"safety":92,"sidewalk":0,"sidewalk_present":0,"canopy":6.0,"comfort":27.4,"name":"","road_type":"service","osm_id":562693099}},{"type":"Feature","geometry":{"type":"LineString","coordinates":[[-84.4741892001714,33.754021899591066],[-84.47402679969701,33.75398830002007],[-84.47406340030562,33.753868999554754]]},"properties":{"overall":22,"safety":59,"sidewalk":0,"sidewalk_present":0,"canopy":6.3,"comfort":28.0,"name":"","road_type":"service","osm_id":1317068992}},{"type":"Feature","geometry":{"type":"LineString","coordinates":[[-84.47459260006838,33.75411779969676],[-84.47418200019911,33.75404279983542],[-84.4741892001714,33.754021899591066],[-84.47423010043877,33.75390400026947]]},"properties":{"overall":20,"safety":53,"sidewalk":0,"sidewalk_present":0,"canopy":7.5,"comfort":30.3,"name":"","road_type":"service","osm_id":1317068990}},{"type":"Feature","geometry":{"type":"LineString","coordinates":[[-84.4752047002367,33.75394040032927],[-84.47576250023917,33.754042600185926]]},"properties":{"overall":20,"safety":59,"sidewalk":0,"sidewalk_present":0,"canopy":0.0,"comfort":30.8,"name":"","road_type":"service","osm_id":562683411}},{"type":"Feature","geometry":{"type":"LineString","coordinates":[[-84.47644460003823,33.75404279983542],[-84.47625060008511,33.75405480038876]]},"properties":{"overall":3,"safety":0,"sidewalk":0,"sidewalk_present":0,"canopy":7.8,"comfort":38.4,"name":"","road_type":"service","osm_id":562683406}},{"type":"Feature","geometry":{"type":"LineString","coordinates":[[-84.47623999977611,33.75412070001033],[-84.47625060008511,33.75405480038876],[-84.476281599716,33.75386310000209]]},"properties":{"overall":2,"safety":0,"sidewalk":0,"sidewalk_present":0,"canopy":6.1,"comfort":38.1,"name":"","road_type":"service","osm_id":562683407}},{"type":"Feature","geometry":{"type":"LineString","coordinates":[[-84.47371469987348,33.7540141995957],[-84.47370129997495,33.7540984004209]]},"properties":{"overall":36,"safety":100,"sidewalk":0,"sidewalk_present":0,"canopy":8.0,"comfort":28.1,"name":"","road_type":"service","osm_id":562693098}},{"type":"Feature","geometry":{"type":"LineString","coordinates":[[-84.4736918004362,33.75379320019607],[-84.47388700008497,33.753831999647105],[-84.47406340030562,33.753868999554754],[-84.47423010043877,33.75390400026947],[-84.47463260011438,33.75398839984484],[-84.47492369986884,33.75404939995991],[-84.47506570012195,33.75407969991829],[-84.47516880019992,33.75409960011649],[-84.47524079992291,33.75411430043465],[-84.47554479955284,33.75417019959508],[-84.47583919981918,33.7542166999408],[-84.47613140034383,33.7542506997101],[-84.47621350035274,33.7542585004295],[-84.47644920007048,33.75428080001893]]},"properties":{"overall":23,"safety":62,"sidewalk":0,"sidewalk_present":0,"canopy":8.4,"comfort":32.8,"name":"Martin Luther King Junior Drive Southwest","road_type":"secondary","osm_id":1378816981}},{"type":"Feature","geometry":{"type":"LineString","coordinates":[[-84.47621350035274,33.7542585004295],[-84.47623999977611,33.75412070001033]]},"properties":{"overall":3,"safety":0,"sidewalk":0,"sidewalk_present":0,"canopy":10.2,"comfort":39.2,"name":"","road_type":"service","osm_id":562683408}},{"type":"Feature","geometry":{"type":"LineString","coordinates":[[-84.47418200019911,33.75404279983542],[-84.47413719957206,33.754198199987]]},"properties":{"overall":22,"safety":56,"sidewalk":0,"sidewalk_present":0,"canopy":8.6,"comfort":29.6,"name":"","road_type":"service","osm_id":1317068991}},{"type":"Feature","geometry":{"type":"LineString","coordinates":[[-84.47053769995483,33.75407259977072],[-84.47055639955818,33.75425100008363]]},"properties":{"overall":33,"safety":100,"sidewalk":0,"sidewalk_present":0,"canopy":0.0,"comfort":29.8,"name":"","road_type":"footway","osm_id":625301583}},{"type":"Feature","geometry":{"type":"LineString","coordinates":[[-84.46953730040605,33.754363999898715],[-84.46952510020316,33.754255600115926]]},"properties":{"overall":34,"safety":100,"sidewalk":0,"sidewalk_present":0,"canopy":1.6,"comfort":30.0,"name":"","road_type":"service","osm_id":629238256}},{"type":"Feature","geometry":{"type":"LineString","coordinates":[[-84.46980449977781,33.752979099705726],[-84.46964470014274,33.753549500109386],[-84.46961750014748,33.75366319959704],[-84.46960780005986,33.75375799983186],[-84.46961580042881,33.75385349973925],[-84.46963690032266,33.75394110000184],[-84.46965409985677,33.75397840028302],[-84.46967340020723,33.7540201998724],[-84.46973040013779,33.754104100324014],[-84.46980189983776,33.7541821003237],[-84.46988199975442,33.75423569991767],[-84.46995989992939,33.75426909983912],[-84.47003119997987,33.75428010034642],[-84.47011089969823,33.75427970014812],[-84.47055639955818,33.75425100008363],[-84.47095029991635,33.75422559963175],[-84.47104629984682,33.75420680020369],[-84.47112529989266,33.754170300319174],[-84.47119240010915,33.75411979978895],[-84.47123590031651,33.75405580043491],[-84.47126249956466,33.75398849966956],[-84.47130439987814,33.75381880029744],[-84.47142869967473,33.75331490026247]]},"properties":{"overall":31,"safety":90,"sidewalk":0,"sidewalk_present":0,"canopy":4.3,"comfort":31.2,"name":"","road_type":"service","osm_id":29344203}},{"type":"Feature","geometry":{"type":"LineString","coordinates":[[-84.46854690041908,33.75423329962712],[-84.46855410039137,33.754269400212706],[-84.4685635001054,33.75432340000498]]},"properties":{"overall":37,"safety":100,"sidewalk":0,"sidewalk_present":0,"canopy":9.8,"comfort":36.3,"name":"","road_type":"service","osm_id":1394233654}},{"type":"Feature","geometry":{"type":"LineString","coordinates":[[-84.46854690041908,33.75423329962712],[-84.4684573000643,33.75429369989439],[-84.46835289956664,33.7543882995804]]},"properties":{"overall":39,"safety":100,"sidewalk":0,"sidewalk_present":0,"canopy":15.7,"comfort":38.6,"name":"","road_type":"service","osm_id":1394233655}},{"type":"Feature","geometry":{"type":"LineString","coordinates":[[-84.46952510020316,33.754255600115926],[-84.46877580036283,33.754303700355536],[-84.4685635001054,33.75432340000498]]},"properties":{"overall":35,"safety":100,"sidewalk":0,"sidewalk_present":0,"canopy":4.8,"comfort":32.6,"name":"","road_type":"service","osm_id":629238263}},{"type":"Feature","geometry":{"type":"LineString","coordinates":[[-84.46969159978744,33.754349199755836],[-84.46990430024323,33.75433779994955],[-84.46995989992939,33.75426909983912]]},"properties":{"overall":33,"safety":100,"sidewalk":0,"sidewalk_present":0,"canopy":0.0,"comfort":29.5,"name":"","road_type":"footway","osm_id":625301585}},{"type":"Feature","geometry":{"type":"LineString","coordinates":[[-84.47055639955818,33.75425100008363],[-84.47056609964574,33.75434370040148]]},"properties":{"overall":33,"safety":100,"sidewalk":0,"sidewalk_present":0,"canopy":0.0,"comfort":31.2,"name":"","road_type":"footway","osm_id":625301577}},{"type":"Feature","geometry":{"type":"LineString","coordinates":[[-84.46835289956664,33.7543882995804],[-84.46843479992606,33.75435710030001],[-84.4685635001054,33.75432340000498]]},"properties":{"overall":39,"safety":100,"sidewalk":0,"sidewalk_present":0,"canopy":17.8,"comfort":39.3,"name":"","road_type":"service","osm_id":629238258}},{"type":"Feature","geometry":{"type":"LineString","coordinates":[[-84.46859969961639,33.75442230024902],[-84.46953730040605,33.754363999898715]]},"properties":{"overall":35,"safety":100,"sidewalk":0,"sidewalk_present":0,"canopy":5.2,"comfort":32.8,"name":"","road_type":"service","osm_id":629238257}},{"type":"Feature","geometry":{"type":"LineString","coordinates":[[-84.46859969961639,33.75442230024902],[-84.46847360027641,33.754395000428985],[-84.46835289956664,33.7543882995804]]},"properties":{"overall":39,"safety":100,"sidewalk":0,"sidewalk_present":0,"canopy":17.8,"comfort":39.2,"name":"","road_type":"service","osm_id":629238259}},{"type":"Feature","geometry":{"type":"LineString","coordinates":[[-84.46969159978744,33.754349199755836],[-84.46969750023942,33.75440140000467]]},"properties":{"overall":33,"safety":100,"sidewalk":0,"sidewalk_present":0,"canopy":0.0,"comfort":29.5,"name":"","road_type":"footway","osm_id":922949633}},{"type":"Feature","geometry":{"type":"LineString","coordinates":[[-84.4674214996025,33.752609999951574],[-84.46741900038654,33.7528039999047],[-84.46743269975923,33.75316839980184],[-84.46743440037721,33.753214400124534],[-84.46745400020188,33.75373699976279],[-84.46748799997118,33.75400000019988],[-84.46755999969417,33.754257000360326],[-84.46762509981846,33.75441470007837],[-84.46768480041317,33.754532799948834],[-84.46771379995187,33.75458069963963],[-84.46773699976268,33.75461899996691],[-84.46781099957792,33.75474100019704],[-84.46793299980806,33.75490000033477],[-84.4681612000793,33.755164599766545],[-84.46828130004195,33.75530390025483]]},"properties":{"overall":33,"safety":83,"sidewalk":0,"sidewalk_present":0,"canopy":16.9,"comfort":40.1,"name":"Hamilton E Holmes Drive Northwest","road_type":"secondary","osm_id":9251543}},{"type":"Feature","geometry":{"type":"LineString","coordinates":[[-84.4685635001054,33.75432340000498],[-84.46859969961639,33.75442230024902]]},"properties":{"overall":37,"safety":100,"sidewalk":0,"sidewalk_present":0,"canopy":10.0,"comfort":36.2,"name":"","road_type":"service","osm_id":629238260}},{"type":"Feature","geometry":{"type":"LineString","coordinates":[[-84.47026570000202,33.754471199985915],[-84.470261000145,33.754433399681716]]},"properties":{"overall":34,"safety":100,"sidewalk":0,"sidewalk_present":0,"canopy":2.4,"comfort":31.2,"name":"","road_type":"steps","osm_id":625301580}},{"type":"Feature","geometry":{"type":"LineString","coordinates":[[-84.47056609964574,33.75434370040148],[-84.47057739962725,33.75445250038263],[-84.47060680026357,33.754723699938836]]},"properties":{"overall":35,"safety":100,"sidewalk":0,"sidewalk_present":0,"canopy":4.5,"comfort":33.8,"name":"","road_type":"footway","osm_id":625301582}},{"type":"Feature","geometry":{"type":"LineString","coordinates":[[-84.47057739962725,33.75445250038263],[-84.47050460040697,33.75445689986611],[-84.47026570000202,33.754471199985915]]},"properties":{"overall":35,"safety":100,"sidewalk":0,"sidewalk_present":0,"canopy":3.7,"comfort":32.5,"name":"","road_type":"footway","osm_id":625301578}},{"type":"Feature","geometry":{"type":"LineString","coordinates":[[-84.47026570000202,33.754471199985915],[-84.47027060040784,33.75450969996274]]},"properties":{"overall":35,"safety":100,"sidewalk":0,"sidewalk_present":0,"canopy":4.9,"comfort":31.8,"name":"","road_type":"steps","osm_id":625301579}},{"type":"Feature","geometry":{"type":"LineString","coordinates":[[-84.46859969961639,33.75442230024902],[-84.46872439961129,33.754532100276265],[-84.46878079969412,33.75455220012401],[-84.46950500035547,33.75451429999498],[-84.46953180015242,33.754505400304026],[-84.46955059958049,33.75448090007353],[-84.46953730040605,33.754363999898715]]},"properties":{"overall":36,"safety":100,"sidewalk":0,"sidewalk_present":0,"canopy":6.6,"comfort":33.3,"name":"","road_type":"service","osm_id":629238262}},{"type":"Feature","geometry":{"type":"LineString","coordinates":[[-84.46835289956664,33.7543882995804],[-84.46768480041317,33.754532799948834]]},"properties":{"overall":39,"safety":98,"sidewalk":0,"sidewalk_present":0,"canopy":19.4,"comfort":42.9,"name":"","road_type":"service","osm_id":629238261}},{"type":"Feature","geometry":{"type":"LineString","coordinates":[[-84.46713280013859,33.75404689984458],[-84.46714300024922,33.754232199756245]]},"properties":{"overall":46,"safety":100,"sidewalk":0,"sidewalk_present":0,"canopy":37.9,"comfort":48.6,"name":"","road_type":"service","osm_id":560686796}},{"type":"Feature","geometry":{"type":"LineString","coordinates":[[-84.46714300024922,33.754232199756245],[-84.46660039968867,33.7542575003834]]},"properties":{"overall":53,"safety":100,"sidewalk":0,"sidewalk_present":0,"canopy":58.1,"comfort":55.1,"name":"","road_type":"service","osm_id":560686795}},{"type":"Feature","geometry":{"type":"LineString","coordinates":[[-84.46648699967528,33.754974000150014],[-84.46617000034519,33.75472839979585],[-84.46582389985304,33.75447949982913]]},"properties":{"overall":31,"safety":73,"sidewalk":0,"sidewalk_present":0,"canopy":20.2,"comfort":41.4,"name":"","road_type":"motorway","osm_id":42003946}},{"type":"Feature","geometry":{"type":"LineString","coordinates":[[-84.47769560017178,33.754349199755836],[-84.47769510014871,33.7542038000654]]},"properties":{"overall":13,"safety":27,"sidewalk":0,"sidewalk_present":0,"canopy":13.1,"comfort":36.4,"name":"","road_type":"service","osm_id":562683410}},{"type":"Feature","geometry":{"type":"LineString","coordinates":[[-84.47463260011438,33.75398839984484],[-84.47459260006838,33.75411779969676],[-84.4750287002143,33.754204100438926],[-84.47506570012195,33.75407969991829]]},"properties":{"overall":32,"safety":85,"sidewalk":0,"sidewalk_present":0,"canopy":9.8,"comfort":33.0,"name":"","road_type":"service","osm_id":1317068989}},{"type":"Feature","geometry":{"type":"LineString","coordinates":[[-84.47769510014871,33.7542038000654],[-84.47759579970636,33.75420430008842]]},"properties":{"overall":10,"safety":16,"sidewalk":0,"sidewalk_present":0,"canopy":13.5,"comfort":35.9,"name":"","road_type":"service","osm_id":562683409}},{"type":"Feature","geometry":{"type":"LineString","coordinates":[[-84.47895240003322,33.75369250040865],[-84.47894899969651,33.75420539995929]]},"properties":{"overall":35,"safety":97,"sidewalk":0,"sidewalk_present":0,"canopy":8.2,"comfort":29.2,"name":"","road_type":"service","osm_id":562683430}},{"type":"Feature","geometry":{"type":"LineString","coordinates":[[-84.47787520018028,33.75435820017083],[-84.4778787003417,33.75422520033277],[-84.4778799000373,33.75417920001013]]},"properties":{"overall":18,"safety":41,"sidewalk":0,"sidewalk_present":0,"canopy":12.6,"comfort":34.7,"name":"","road_type":"service","osm_id":562683427}},{"type":"Feature","geometry":{"type":"LineString","coordinates":[[-84.47998840014452,33.75418649980719],[-84.4799843001353,33.75434979960363],[-84.4799828998909,33.754433399681716]]},"properties":{"overall":34,"safety":90,"sidewalk":0,"sidewalk_present":0,"canopy":11.8,"comfort":34.7,"name":"","road_type":"service","osm_id":562683433}},{"type":"Feature","geometry":{"type":"LineString","coordinates":[[-84.47894899969651,33.75420539995929],[-84.47894079967813,33.75439629994935]]},"properties":{"overall":35,"safety":94,"sidewalk":0,"sidewalk_present":0,"canopy":11.7,"comfort":30.6,"name":"","road_type":"service","osm_id":562683431}},{"type":"Feature","geometry":{"type":"LineString","coordinates":[[-84.47644920007048,33.75428080001893],[-84.47677669988474,33.75430330015723],[-84.47769560017178,33.754349199755836],[-84.47787520018028,33.75435820017083],[-84.47894079967813,33.75439629994935],[-84.47996799992325,33.75443300038273],[-84.4799828998909,33.754433399681716],[-84.4803499995528,33.754441999898404]]},"properties":{"overall":26,"safety":63,"sidewalk":0,"sidewalk_present":0,"canopy":15.7,"comfort":36.3,"name":"Martin Luther King Junior Drive Southwest","road_type":"secondary","osm_id":630643968}},{"type":"Feature","geometry":{"type":"LineString","coordinates":[[-84.47291550025011,33.75508819966075],[-84.47320989961713,33.75509810029712],[-84.47354889996171,33.755079499619285],[-84.47350539975434,33.7547066002295],[-84.47306509977449,33.754699799556136],[-84.47292909979808,33.754696999966654]]},"properties":{"overall":42,"safety":100,"sidewalk":0,"sidewalk_present":0,"canopy":27.0,"comfort":38.5,"name":"","road_type":"service","osm_id":778177196}},{"type":"Feature","geometry":{"type":"LineString","coordinates":[[-84.478912499812,33.75589300026178],[-84.47891519957676,33.75583870009598],[-84.47892319994571,33.75568019998127],[-84.47889130009338,33.75550700044778],[-84.4788590000428,33.755370000425216],[-84.47883280009358,33.75525189965549],[-84.47834799986026,33.75519189958652]]},"properties":{"overall":41,"safety":92,"sidewalk":0,"sidewalk_present":0,"canopy":30.6,"comfort":42.1,"name":"","road_type":"service","osm_id":714451151}},{"type":"Feature","geometry":{"type":"LineString","coordinates":[[-84.47293829986262,33.75363770021971],[-84.47294690007936,33.75377139973034],[-84.47294759975188,33.75382240028358],[-84.47294919964583,33.753929499646745],[-84.47293610012088,33.75419689956732],[-84.47293290033303,33.75444590025813],[-84.47293250013473,33.75448619977834],[-84.47292909979808,33.754696999966654],[-84.47291550025011,33.75508819966075],[-84.47290659965984,33.75534760011169],[-84.47290749988116,33.75546579980687],[-84.47292690005634,33.75558219995861],[-84.47300890024053,33.75566429996752],[-84.47316579956197,33.75580649987012]]},"properties":{"overall":29,"safety":50,"sidewalk":0,"sidewalk_present":0,"canopy":37.6,"comfort":42.7,"name":"Westland Boulevard Northwest","road_type":"residential","osm_id":9273539}},{"type":"Feature","geometry":{"type":"LineString","coordinates":[[-84.4706151999315,33.75482410025205],[-84.47060680026357,33.754723699938836]]},"properties":{"overall":69,"safety":100,"sidewalk":100,"sidewalk_present":1,"canopy":6.4,"comfort":34.6,"name":"","road_type":"footway","osm_id":922949634}},{"type":"Feature","geometry":{"type":"LineString","coordinates":[[-84.47105890024801,33.75483220044572],[-84.4706151999315,33.75482410025205],[-84.46999160013218,33.75481819980013],[-84.46967330038245,33.75485519970778],[-84.46967240016107,33.754904299993484],[-84.4696704998936,33.7550336998454],[-84.46965340018426,33.75504630024659]]},"properties":{"overall":69,"safety":100,"sidewalk":100,"sidewalk_present":1,"canopy":6.9,"comfort":33.0,"name":"","road_type":"footway","osm_id":1030509967}},{"type":"Feature","geometry":{"type":"LineString","coordinates":[[-84.46978320023447,33.75523489977087],[-84.46978640002231,33.75514480029233],[-84.46979369981938,33.75489290018726],[-84.4706157997793,33.754904299993484],[-84.47096059985176,33.7549021002518],[-84.47095809973649,33.75503660015903],[-84.47095210035911,33.75524540025509],[-84.47093899993484,33.75579500023912]]},"properties":{"overall":35,"safety":99,"sidewalk":0,"sidewalk_present":0,"canopy":7.1,"comfort":32.6,"name":"","road_type":"service","osm_id":29344207}},{"type":"Feature","geometry":{"type":"LineString","coordinates":[[-84.47061670000068,33.75495839961053],[-84.4706157997793,33.754904299993484],[-84.4706151999315,33.75482410025205]]},"properties":{"overall":68,"safety":100,"sidewalk":100,"sidewalk_present":1,"canopy":4.3,"comfort":33.5,"name":"","road_type":"footway","osm_id":625301581}},{"type":"Feature","geometry":{"type":"LineString","coordinates":[[-84.46979369981938,33.75489290018726],[-84.46967240016107,33.754904299993484],[-84.46911629987733,33.75497180040833],[-84.4683860998386,33.75507090030186],[-84.4681612000793,33.755164599766545]]},"properties":{"overall":67,"safety":96,"sidewalk":100,"sidewalk_present":1,"canopy":4.8,"comfort":33.0,"name":"","road_type":"service","osm_id":386967589}},{"type":"Feature","geometry":{"type":"LineString","coordinates":[[-84.46912890027846,33.75557719972801],[-84.4691306998219,33.755118399794355],[-84.46912340002484,33.755047499942236],[-84.46911629987733,33.75497180040833]]},"properties":{"overall":35,"safety":99,"sidewalk":0,"sidewalk_present":0,"canopy":5.6,"comfort":33.2,"name":"","road_type":"service","osm_id":386967587}},{"type":"Feature","geometry":{"type":"LineString","coordinates":[[-84.47061670000068,33.75495839961053],[-84.47060859980701,33.75507229964694]]},"properties":{"overall":34,"safety":100,"sidewalk":0,"sidewalk_present":0,"canopy":2.1,"comfort":32.2,"name":"","road_type":"footway","osm_id":922949635}},{"type":"Feature","geometry":{"type":"LineString","coordinates":[[-84.47186689973762,33.75507870012194],[-84.47114660033532,33.755073299693095]]},"properties":{"overall":36,"safety":100,"sidewalk":0,"sidewalk_present":0,"canopy":6.9,"comfort":34.5,"name":"","road_type":"service","osm_id":386967570}},{"type":"Feature","geometry":{"type":"LineString","coordinates":[[-84.4718647998206,33.75525360027348],[-84.47114370002168,33.75524709997376],[-84.47104989983296,33.75524590027811],[-84.47095210035911,33.75524540025509],[-84.47085079982452,33.75524550007981],[-84.47074249986645,33.755243499987614],[-84.47002960008592,33.75523710041193],[-84.46993600044601,33.755236399840044],[-84.46978320023447,33.75523489977087],[-84.4696525997876,33.7552337999],[-84.4695452000509,33.755232700029126],[-84.46954429982952,33.75507870012194],[-84.4693442995997,33.75509789974831],[-84.4691306998219,33.755118399794355],[-84.46892980027002,33.755137700144815],[-84.4687221998696,33.75515760034301],[-84.46872500035846,33.75553459974202],[-84.4688004004181,33.755570999801876],[-84.46892310032081,33.755573300267656],[-84.46912890027846,33.75557719972801],[-84.46934030031457,33.75558129973723],[-84.46953130012935,33.755584899723374],[-84.4695452000509,33.755232700029126]]},"properties":{"overall":36,"safety":100,"sidewalk":0,"sidewalk_present":0,"canopy":6.7,"comfort":33.2,"name":"","road_type":"service","osm_id":386967567}},{"type":"Feature","geometry":{"type":"LineString","coordinates":[[-84.46934030031457,33.75558129973723],[-84.4693442995997,33.75509789974831]]},"properties":{"overall":36,"safety":99,"sidewalk":0,"sidewalk_present":0,"canopy":7.7,"comfort":33.4,"name":"","road_type":"service","osm_id":386967583}},{"type":"Feature","geometry":{"type":"LineString","coordinates":[[-84.46892310032081,33.755573300267656],[-84.46892980027002,33.755137700144815]]},"properties":{"overall":36,"safety":100,"sidewalk":0,"sidewalk_present":0,"canopy":6.5,"comfort":34.0,"name":"","road_type":"service","osm_id":386967580}},{"type":"Feature","geometry":{"type":"LineString","coordinates":[[-84.46982620041877,33.75578499977797],[-84.4698291996578,33.75527839997824],[-84.46978320023447,33.75523489977087]]},"properties":{"overall":23,"safety":60,"sidewalk":0,"sidewalk_present":0,"canopy":10.4,"comfort":33.7,"name":"","road_type":"service","osm_id":477209399}},{"type":"Feature","geometry":{"type":"LineString","coordinates":[[-84.46978320023447,33.75523489977087],[-84.46973660006398,33.755280099696904],[-84.46973019958898,33.755629200327405]]},"properties":{"overall":31,"safety":81,"sidewalk":0,"sidewalk_present":0,"canopy":10.8,"comfort":34.1,"name":"","road_type":"service","osm_id":477209400}},{"type":"Feature","geometry":{"type":"LineString","coordinates":[[-84.47074249986645,33.755243499987614],[-84.470740700323,33.755077899725336],[-84.47060859980701,33.75507229964694],[-84.47003220002597,33.75506630026962],[-84.47002960008592,33.75523710041193],[-84.47002709997065,33.75540770000538],[-84.4700246996801,33.75556400037834],[-84.47072950016627,33.75557249987105],[-84.47073579991718,33.75541409958106],[-84.47074249986645,33.755243499987614]]},"properties":{"overall":35,"safety":100,"sidewalk":0,"sidewalk_present":0,"canopy":5.9,"comfort":32.4,"name":"","road_type":"service","osm_id":386967599}},{"type":"Feature","geometry":{"type":"LineString","coordinates":[[-84.47073579991718,33.75541409958106],[-84.47002709997065,33.75540770000538]]},"properties":{"overall":35,"safety":100,"sidewalk":0,"sidewalk_present":0,"canopy":4.2,"comfort":31.3,"name":"","road_type":"service","osm_id":386967575}},{"type":"Feature","geometry":{"type":"LineString","coordinates":[[-84.47186260007891,33.75543239988542],[-84.47114090043215,33.75541930036047]]},"properties":{"overall":37,"safety":99,"sidewalk":0,"sidewalk_present":0,"canopy":11.2,"comfort":33.1,"name":"","road_type":"service","osm_id":386967576}},{"type":"Feature","geometry":{"type":"LineString","coordinates":[[-84.47096059985176,33.7549021002518],[-84.47105740017884,33.754901700053495],[-84.47114939992485,33.75490279992431],[-84.47186910037863,33.75490530003964],[-84.47186689973762,33.75507870012194],[-84.4718647998206,33.75525360027348],[-84.47186260007891,33.75543239988542],[-84.47186069981143,33.75558570012004],[-84.47113819976806,33.755578699797184],[-84.47114090043215,33.75541930036047],[-84.47114370002168,33.75524709997376],[-84.47114660033532,33.755073299693095],[-84.47114939992485,33.75490279992431]]},"properties":{"overall":37,"safety":100,"sidewalk":0,"sidewalk_present":0,"canopy":11.8,"comfort":35.3,"name":"","road_type":"service","osm_id":386967566}},{"type":"Feature","geometry":{"type":"LineString","coordinates":[[-84.46828130004195,33.75530390025483],[-84.46839289961258,33.75543339993152],[-84.4684399998061,33.755487999571585],[-84.46865719957009,33.755793900368246]]},"properties":{"overall":17,"safety":42,"sidewalk":0,"sidewalk_present":0,"canopy":8.5,"comfort":36.7,"name":"Hamilton E Holmes Drive Northwest","road_type":"secondary","osm_id":1378280403}},{"type":"Feature","geometry":{"type":"LineString","coordinates":[[-84.46839289961258,33.75543339993152],[-84.46820539995923,33.75551109955762],[-84.46826349976067,33.75567700019343],[-84.4681022998812,33.75574990013786],[-84.46795979960501,33.75560780005998],[-84.46789840019096,33.755452800106696],[-84.46806510032411,33.755383599973186],[-84.46820539995923,33.75551109955762]]},"properties":{"overall":10,"safety":0,"sidewalk":0,"sidewalk_present":0,"canopy":29.2,"comfort":45.1,"name":"","road_type":"service","osm_id":619148682}},{"type":"Feature","geometry":{"type":"LineString","coordinates":[[-84.46982620041877,33.75578499977797],[-84.4697273999995,33.755782899861]]},"properties":{"overall":11,"safety":21,"sidewalk":0,"sidewalk_present":0,"canopy":12.8,"comfort":34.7,"name":"Burton Road Northwest","road_type":"secondary","osm_id":540680285}},{"type":"Feature","geometry":{"type":"LineString","coordinates":[[-84.46973019958898,33.755629200327405],[-84.4697273999995,33.755782899861]]},"properties":{"overall":11,"safety":21,"sidewalk":0,"sidewalk_present":0,"canopy":13.0,"comfort":35.1,"name":"","road_type":"service","osm_id":953032064}},{"type":"Feature","geometry":{"type":"LineString","coordinates":[[-84.47002640029808,33.75573469979662],[-84.47002659994757,33.75578680022073],[-84.47002690032116,33.75583889974547]]},"properties":{"overall":23,"safety":54,"sidewalk":0,"sidewalk_present":0,"canopy":14.0,"comfort":34.9,"name":"","road_type":"footway","osm_id":1353701767}},{"type":"Feature","geometry":{"type":"LineString","coordinates":[[-84.4697273999995,33.755782899861],[-84.46923730006131,33.7557889001377]]},"properties":{"overall":28,"safety":69,"sidewalk":0,"sidewalk_present":0,"canopy":14.3,"comfort":35.8,"name":"Burton Road Northwest","road_type":"secondary","osm_id":540665110}},{"type":"Feature","geometry":{"type":"LineString","coordinates":[[-84.46923730006131,33.7557889001377],[-84.46916349989556,33.755789300336005],[-84.46878629994774,33.75579269977334],[-84.46865719957009,33.755793900368246]]},"properties":{"overall":24,"safety":56,"sidewalk":0,"sidewalk_present":0,"canopy":15.3,"comfort":37.8,"name":"Burton Road Northwest","road_type":"secondary","osm_id":9274299}},{"type":"Feature","geometry":{"type":"LineString","coordinates":[[-84.46882970033039,33.755876500400234],[-84.46878629994774,33.75579269977334]]},"properties":{"overall":11,"safety":20,"sidewalk":0,"sidewalk_present":0,"canopy":14.0,"comfort":38.3,"name":"","road_type":"footway","osm_id":1353703292}},{"type":"Feature","geometry":{"type":"LineString","coordinates":[[-84.47093410042834,33.755928500100254],[-84.47093899993484,33.75579500023912]]},"properties":{"overall":38,"safety":95,"sidewalk":0,"sidewalk_present":0,"canopy":17.8,"comfort":35.1,"name":"","road_type":"residential","osm_id":1025118774}},{"type":"Feature","geometry":{"type":"LineString","coordinates":[[-84.48816650028374,33.75555180017551],[-84.47193180021236,33.75586209955628]]},"properties":{"overall":47,"safety":95,"sidewalk":0,"sidewalk_present":0,"canopy":45.4,"comfort":53.0,"name":"","road_type":"service","osm_id":564337338}},{"type":"Feature","geometry":{"type":"LineString","coordinates":[[-84.46884620019193,33.75591200023865],[-84.46882970033039,33.755876500400234]]},"properties":{"overall":11,"safety":19,"sidewalk":0,"sidewalk_present":0,"canopy":13.9,"comfort":38.2,"name":"","road_type":"footway","osm_id":1353703293}},{"type":"Feature","geometry":{"type":"LineString","coordinates":[[-84.47010180035778,33.75629499991436],[-84.46987989983745,33.75588230012812],[-84.46982620041877,33.75578499977797]]},"properties":{"overall":16,"safety":36,"sidewalk":0,"sidewalk_present":0,"canopy":12.6,"comfort":33.4,"name":"","road_type":"motorway_link","osm_id":477209398}},{"type":"Feature","geometry":{"type":"LineString","coordinates":[[-84.4426599000343,33.74632630011871],[-84.44245670001663,33.746135499953425],[-84.44234239978186,33.74600800036899],[-84.44220460026207,33.74593020001879],[-84.44217669969487,33.74587410030955],[-84.44215819974107,33.74583699967786],[-84.44215599999939,33.74570339999195],[-84.44226379993438,33.74540139955502],[-84.44232599974504,33.74521790008606],[-84.44235700027531,33.7450855000958],[-84.44229209980051,33.74500340008689],[-84.44214200025306,33.744993500349835],[-84.44196109982488,33.745097999772895],[-84.44174669965042,33.745214800122994],[-84.44149020041237,33.74533060042694],[-84.44122629975391,33.745450099642426],[-84.44094480026229,33.74557209987256],[-84.44074139969581,33.74571429977516],[-84.44054570002402,33.74588130028184],[-84.44050460010715,33.74590760005577],[-84.4404050001906,33.74596929984335]]},"properties":{"overall":51,"safety":94,"sidewalk":0,"sidewalk_present":0,"canopy":59.2,"comfort":63.7,"name":"","road_type":"service","osm_id":729945830}},{"type":"Feature","geometry":{"type":"LineString","coordinates":[[-84.43956889958503,33.74510319965299],[-84.4400802001411,33.74563539955409],[-84.44031520018632,33.745879300189586],[-84.4404050001906,33.74596929984335],[-84.44179300034665,33.747360099589]]},"properties":{"overall":32,"safety":83,"sidewalk":0,"sidewalk_present":0,"canopy":12.0,"comfort":41.3,"name":"Ralph David Abernathy Boulevard","road_type":"secondary","osm_id":146842406}},{"type":"Feature","geometry":{"type":"LineString","coordinates":[[-84.44052670004714,33.74593020001879],[-84.44050460010715,33.74590760005577],[-84.44048090027331,33.74588490026798]]},"properties":{"overall":33,"safety":81,"sidewalk":0,"sidewalk_present":0,"canopy":17.2,"comfort":45.0,"name":"","road_type":"cycleway","osm_id":1388076695}},{"type":"Feature","geometry":{"type":"LineString","coordinates":[[-84.44033160022315,33.746004000184485],[-84.44028590027403,33.74595659961744],[-84.44021820020976,33.74588629961306]]},"properties":{"overall":63,"safety":81,"sidewalk":100,"sidewalk_present":1,"canopy":7.0,"comfort":40.5,"name":"","road_type":"footway","osm_id":1395889733}},{"type":"Feature","geometry":{"type":"LineString","coordinates":[[-84.44217669969487,33.74587410030955],[-84.44213070027155,33.74595349965432],[-84.44206700039172,33.74602000002301],[-84.44202300016127,33.74603790012907],[-84.44199430009684,33.74604960030888],[-84.44193949990796,33.746031100355026],[-84.44189799979284,33.74600030037362]]},"properties":{"overall":33,"safety":100,"sidewalk":0,"sidewalk_present":0,"canopy":0.0,"comfort":0.0,"name":"","road_type":"service","osm_id":1090674146}},{"type":"Feature","geometry":{"type":"LineString","coordinates":[[-84.44210550036848,33.74618019985638],[-84.44204030041948,33.746106299865914],[-84.44201809975544,33.74606069974158],[-84.44202300016127,33.74603790012907]]},"properties":{"overall":33,"safety":100,"sidewalk":0,"sidewalk_present":0,"canopy":0.0,"comfort":0.0,"name":"","road_type":"service","osm_id":1090674149}},{"type":"Feature","geometry":{"type":"LineString","coordinates":[[-84.44023210013125,33.74750629967605],[-84.44022650005292,33.747438499786995],[-84.44023439969777,33.74705890044794],[-84.44025499956854,33.74606300020736],[-84.44027999982211,33.74597199960817],[-84.44028590027403,33.74595659961744],[-84.44031520018632,33.745879300189586]]},"properties":{"overall":33,"safety":83,"sidewalk":0,"sidewalk_present":0,"canopy":15.8,"comfort":43.4,"name":"Laurel Avenue Southwest","road_type":"residential","osm_id":9264800}},{"type":"Feature","geometry":{"type":"LineString","coordinates":[[-84.44304069996826,33.746517799956564],[-84.44285380016271,33.746406700408954],[-84.44273129990955,33.74633069960214],[-84.4426599000343,33.74632630011871],[-84.44234969957893,33.74657679997938]]},"properties":{"overall":46,"safety":98,"sidewalk":0,"sidewalk_present":0,"canopy":39.5,"comfort":55.5,"name":"","road_type":"service","osm_id":729945827}},{"type":"Feature","geometry":{"type":"LineString","coordinates":[[-84.44183350041567,33.746517100283995],[-84.44167569997353,33.7463749003814]]},"properties":{"overall":49,"safety":100,"sidewalk":0,"sidewalk_present":0,"canopy":46.5,"comfort":56.9,"name":"","road_type":"service","osm_id":1090674148}},{"type":"Feature","geometry":{"type":"LineString","coordinates":[[-84.45878699982012,33.747532999648286],[-84.45882509959864,33.74620680000385],[-84.45884199965855,33.745618000370484]]},"properties":{"overall":41,"safety":86,"sidewalk":0,"sidewalk_present":0,"canopy":36.2,"comfort":52.4,"name":"Brooks Avenue Southwest","road_type":"residential","osm_id":9269731}},{"type":"Feature","geometry":{"type":"LineString","coordinates":[[-84.45277749968182,33.74513470020628],[-84.45309509975903,33.74499710033598],[-84.45344780037567,33.74488530021648],[-84.45365249956319,33.744884999842895],[-84.45387790024489,33.744896299824404],[-84.45410239980589,33.74491870013793],[-84.45428419955613,33.74497639974112],[-84.45438879970328,33.74503269999917],[-84.45441229988768,33.74511720029858],[-84.45428940033554,33.74560919960493],[-84.45414840012853,33.74577989992247],[-84.45412120013322,33.74599690003697],[-84.45397940042898,33.74613010042384],[-84.45385120027265,33.74626830014199],[-84.45383049967779,33.746438899735494],[-84.45385330018962,33.74650549992896],[-84.45389080012029,33.74657910044516],[-84.45396999981563,33.74669430000199],[-84.4538787995669,33.74676650027379],[-84.45382109996376,33.74682779986313],[-84.4537768002591,33.746900299609194],[-84.45373930032844,33.74698730002393],[-84.45372600025468,33.74707679965462],[-84.45373120013477,33.747202499695675],[-84.4537259004299,33.74728840023954],[-84.45369380002882,33.7475919996711],[-84.453601200435,33.74817179978879],[-84.45294169969964,33.74811810037011],[-84.45271110003722,33.748096100254884],[-84.45151530029085,33.74798049960043],[-84.45133949991794,33.74806890025957],[-84.45115749961889,33.74824269964091],[-84.45107190034787,33.7483625001293],[-84.45097710011305,33.74851390009644],[-84.45095219968425,33.74868749982829],[-84.4510199995733,33.74886619961546],[-84.45116730043054,33.7490356004127],[-84.45145210043404,33.749137599720484],[-84.4516319999168,33.74915220021393]]},"properties":{"overall":34,"safety":100,"sidewalk":0,"sidewalk_present":0,"canopy":0.5,"comfort":35.1,"name":"","road_type":"service","osm_id":444688993}},{"type":"Feature","geometry":{"type":"LineString","coordinates":[[-84.45213999996099,33.74908080033873],[-84.4526257004157,33.74904660002062],[-84.45272459976042,33.74904550014975],[-84.45301420034502,33.74905279994681],[-84.45320849977242,33.74906829976226],[-84.45346619960537,33.74906209983607],[-84.45370910019477,33.74903420016824],[-84.453955599871,33.74897200035758],[-84.45420590008217,33.748881999804496],[-84.45433670017854,33.74881360006765],[-84.45444879977225,33.74872670037695],[-84.45449730021022,33.74865829974078],[-84.45454589957359,33.74857759997633],[-84.45456829988711,33.74849059956159],[-84.45460939980393,33.74840050008305],[-84.45467659984519,33.74833840009711],[-84.45475879967881,33.748291799926676],[-84.45485629967845,33.748244000060595],[-84.45513239964049,33.74816440016701],[-84.45533180002252,33.748083900051995],[-84.45564870042716,33.747969800366036],[-84.45582430025121,33.74787080029722],[-84.45598040007536,33.74776060007167],[-84.4561672000562,33.74760529974486],[-84.45624579990368,33.747525900400035],[-84.4563144001894,33.747445199736205],[-84.4563443997742,33.747399399962376],[-84.45639319968637,33.74732490012411],[-84.45650420030859,33.74713319973745],[-84.45659939984239,33.74697059961352],[-84.45663410018352,33.746910899918134],[-84.45666619968534,33.74684009989073],[-84.45669470010029,33.746758599729674],[-84.45676500010461,33.74594960019397],[-84.45678640037204,33.745758499655096],[-84.45680230038579,33.74561719997388],[-84.4568192004457,33.74535630035302],[-84.45686579971687,33.74521959980473],[-84.45692190032543,33.745101599759096],[-84.45697790020989,33.745025099828524],[-84.45702649957326,33.74495870018393],[-84.45710489977125,33.74487479973226],[-84.4571422998772,33.74476299961282],[-84.45709750014947,33.74457659983028],[-84.4565109002578,33.74373160043308],[-84.45646239981988,33.74368190029952],[-84.45637269964033,33.74361980031358],[-84.45627180020335,33.74359179992166],[-84.45618589965949,33.74359179992166],[-84.45608500022257,33.743610500424325],[-84.45584599999285,33.74368190029952],[-84.45567779979058,33.743728499570636],[-84.45546860039553,33.74377509974113],[-84.45533039977806,33.743793800243736],[-84.4551846997141,33.743821699911564],[-84.45502030004678,33.74386520011893],[-84.45478129981711,33.743961500422984],[-84.4546878998267,33.743961500422984],[-84.45460939980393,33.743961500422984],[-84.45449730021022,33.74401429962029],[-84.4541694001976,33.744236600338866],[-84.45401380039652,33.74438950037518],[-84.45246680010268,33.74436109978495]]},"properties":{"overall":71,"safety":100,"sidewalk":100,"sidewalk_present":1,"canopy":11.9,"comfort":41.1,"name":"","road_type":"service","osm_id":304520560}},{"type":"Feature","geometry":{"type":"LineString","coordinates":[[-84.45372600025468,33.74707679965462],[-84.45360919990463,33.74701740033282],[-84.45356729959116,33.747000799747184],[-84.45346569958235,33.746960500226976],[-84.45333159987342,33.7469260004346],[-84.45319349997999,33.74690720010727],[-84.45276299991247,33.746872700314896],[-84.45272750007405,33.74687809984448],[-84.45264089985761,33.74689139991824],[-84.45252020004716,33.74693380025474],[-84.45207100037635,33.747080199991274]]},"properties":{"overall":33,"safety":100,"sidewalk":0,"sidewalk_present":0,"canopy":0.0,"comfort":37.3,"name":"","road_type":"service","osm_id":444689238}},{"type":"Feature","geometry":{"type":"LineString","coordinates":[[-84.45396999981563,33.74669430000199],[-84.45411080037309,33.74665940001137],[-84.4542743996438,33.74663270003913],[-84.45440860007682,33.746622900126795],[-84.45454529972574,33.74663039957335],[-84.45470350036624,33.74664940044954],[-84.45485369973841,33.74667499965159],[-84.45506430027717,33.74675649981265],[-84.45536379969957,33.74688329972457],[-84.45555109970343,33.74696269996866],[-84.45563290023813,33.746981699945536],[-84.45570670040388,33.74697080016233],[-84.4559065000849,33.74690699955846],[-84.45620019977935,33.74681110035203],[-84.45626989993588,33.74678879986328],[-84.45635240014309,33.74676819999246],[-84.45644830024884,33.74675480009398],[-84.45653150012856,33.74674810014477],[-84.45661660027582,33.74674920001564],[-84.45669470010029,33.746758599729674]]},"properties":{"overall":35,"safety":100,"sidewalk":0,"sidewalk_present":0,"canopy":3.8,"comfort":38.6,"name":"","road_type":"service","osm_id":444689239}},{"type":"Feature","geometry":{"type":"LineString","coordinates":[[-84.45049410032243,33.747534399892686],[-84.45060269975477,33.747709700242524],[-84.4507671003214,33.747843799951454],[-84.45099329960107,33.747889999923586],[-84.45116149980333,33.747873900260345],[-84.45139280003764,33.747769700311494],[-84.45159759994925,33.74768450033946],[-84.45176249963959,33.74758279960656],[-84.45185639965308,33.74751699980976],[-84.45194220037223,33.74744810004984],[-84.45201859957865,33.747357499648956],[-84.45205349956933,33.747290599981284],[-84.4520790996707,33.747208300322825],[-84.45208569979519,33.74714790005561],[-84.45207100037635,33.747080199991274],[-84.45203069995682,33.74702630002378],[-84.45196369956506,33.74696269996866],[-84.45184969970381,33.7468656999921],[-84.45165120044248,33.74670960016795],[-84.45160689983851,33.74668400006658],[-84.4515412996912,33.74666190012664],[-84.45144600033262,33.7466816996008],[-84.45137360041127,33.74670989964221],[-84.45105040025572,33.74689950011191],[-84.45071780038614,33.74730089991664],[-84.45049410032243,33.747534399892686]]},"properties":{"overall":33,"safety":100,"sidewalk":0,"sidewalk_present":0,"canopy":0.0,"comfort":37.0,"name":"","road_type":"service","osm_id":444688839}},{"type":"Feature","geometry":{"type":"LineString","coordinates":[[-84.45553240010014,33.74734969982882],[-84.45543320038183,33.74727720008275],[-84.45536319985177,33.74716509958972],[-84.45528979988433,33.747064299977524],[-84.45489889966444,33.74690250025026]]},"properties":{"overall":33,"safety":100,"sidewalk":0,"sidewalk_present":0,"canopy":0.4,"comfort":36.0,"name":"","road_type":"service","osm_id":1090639234}},{"type":"Feature","geometry":{"type":"LineString","coordinates":[[-84.45585980008968,33.74725849958014],[-84.45561519978162,33.74720640005535]]},"properties":{"overall":67,"safety":100,"sidewalk":100,"sidewalk_present":1,"canopy":1.0,"comfort":36.6,"name":"","road_type":"footway","osm_id":1090637326}},{"type":"Feature","geometry":{"type":"LineString","coordinates":[[-84.4563443997742,33.747399399962376],[-84.4562438996362,33.7473491998058],[-84.45599730013527,33.74728699999508],[-84.45599730013527,33.74726520042873],[-84.45598509993238,33.74724170024433],[-84.45596090007547,33.74721979995388],[-84.45592450001561,33.747213100004615],[-84.45589820024173,33.747218100235216],[-84.45587189956848,33.74723660018901],[-84.45585980008968,33.74725849958014],[-84.45585579990518,33.74727700043326],[-84.45585980008968,33.747300499718335],[-84.4558819998544,33.74732230018407],[-84.45590829962828,33.74733239957061],[-84.45592850020006,33.74733410018865],[-84.455954799974,33.74732909995805],[-84.45597699973871,33.7473156002348],[-84.4559891999416,33.74729879999967]]},"properties":{"overall":68,"safety":100,"sidewalk":100,"sidewalk_present":1,"canopy":2.8,"comfort":39.0,"name":"","road_type":"footway","osm_id":1090637325}},{"type":"Feature","geometry":{"type":"LineString","coordinates":[[-84.45534510009628,33.74733010000415],[-84.45539919971327,33.74735300034075],[-84.45551779960675,33.74740319959801]]},"properties":{"overall":68,"safety":100,"sidewalk":100,"sidewalk_present":1,"canopy":2.8,"comfort":37.0,"name":"","road_type":"footway","osm_id":1090639231}},{"type":"Feature","geometry":{"type":"LineString","coordinates":[[-84.44199999999995,33.74684660019051],[-84.44182990042952,33.746693999628405],[-84.44177360017147,33.74664230030197],[-84.44176759989477,33.74660159968414],[-84.44178390010688,33.746559700269984],[-84.44181649963173,33.74652890028858],[-84.44183350041567,33.746517100283995],[-84.44186249995437,33.74649689971221],[-84.44190250000031,33.74646609973075]]},"properties":{"overall":45,"safety":100,"sidewalk":0,"sidewalk_present":0,"canopy":34.3,"comfort":52.5,"name":"","road_type":"service","osm_id":1090674147}},{"type":"Feature","geometry":{"type":"LineString","coordinates":[[-84.44234969957893,33.74657679997938],[-84.44223170043261,33.74666690035724]]},"properties":{"overall":45,"safety":93,"sidewalk":0,"sidewalk_present":0,"canopy":42.9,"comfort":55.7,"name":"","road_type":"service","osm_id":729945828}},{"type":"Feature","geometry":{"type":"LineString","coordinates":[[-84.44223170043261,33.74666690035724],[-84.44199999999995,33.74684660019051],[-84.44197339985249,33.74694689977963],[-84.44221209970857,33.74717839966348]]},"properties":{"overall":44,"safety":98,"sidewalk":0,"sidewalk_present":0,"canopy":34.2,"comfort":52.5,"name":"","road_type":"service","osm_id":729945829}},{"type":"Feature","geometry":{"type":"LineString","coordinates":[[-84.44033160022315,33.746004000184485],[-84.4405643996273,33.74623700013751],[-84.44077119963111,33.74644930039494],[-84.44132519999795,33.74701199990392],[-84.44169279968293,33.7473799997872],[-84.44172659980268,33.747412799860854]]},"properties":{"overall":66,"safety":84,"sidewalk":100,"sidewalk_present":1,"canopy":15.0,"comfort":44.5,"name":"","road_type":"footway","osm_id":1395889732}},{"type":"Feature","geometry":{"type":"LineString","coordinates":[[-84.44186309980216,33.74729999969526],[-84.44186009966381,33.747290400331735],[-84.44169770008875,33.74711629967754],[-84.44109999986506,33.74651679991047],[-84.44052670004714,33.74593020001879]]},"properties":{"overall":36,"safety":88,"sidewalk":0,"sidewalk_present":0,"canopy":21.0,"comfort":47.4,"name":"","road_type":"cycleway","osm_id":903328315}},{"type":"Feature","geometry":{"type":"LineString","coordinates":[[-84.44185139962235,33.74741799974095],[-84.44186309980216,33.74729999969526]]},"properties":{"overall":35,"safety":85,"sidewalk":0,"sidewalk_present":0,"canopy":21.3,"comfort":45.9,"name":"","road_type":"cycleway","osm_id":903328313}},{"type":"Feature","geometry":{"type":"LineString","coordinates":[[-84.44179300034665,33.747360099589],[-84.44186309980216,33.74729999969526]]},"properties":{"overall":35,"safety":84,"sidewalk":0,"sidewalk_present":0,"canopy":19.9,"comfort":45.5,"name":"","road_type":"cycleway","osm_id":1388076693}},{"type":"Feature","geometry":{"type":"LineString","coordinates":[[-84.44221209970857,33.74717839966348],[-84.44205120020268,33.74728519955238],[-84.44194009975575,33.74735910044217],[-84.44185139962235,33.74741799974095]]},"properties":{"overall":38,"safety":90,"sidewalk":0,"sidewalk_present":0,"canopy":25.0,"comfort":48.0,"name":"","road_type":"service","osm_id":729945826}},{"type":"Feature","geometry":{"type":"LineString","coordinates":[[-84.44172659980268,33.747412799860854],[-84.44179300034665,33.747360099589]]},"properties":{"overall":66,"safety":84,"sidewalk":100,"sidewalk_present":1,"canopy":13.3,"comfort":42.8,"name":"Westview PATH","road_type":"cycleway","osm_id":1388076692}},{"type":"Feature","geometry":{"type":"LineString","coordinates":[[-84.44016659980872,33.74743999985617],[-84.44022650005292,33.747438499786995],[-84.44027360024643,33.7474393001836]]},"properties":{"overall":68,"safety":82,"sidewalk":100,"sidewalk_present":1,"canopy":21.8,"comfort":46.4,"name":"Westview PATH","road_type":"cycleway","osm_id":1388258135}},{"type":"Feature","geometry":{"type":"LineString","coordinates":[[-84.4430145000191,33.74765659977231],[-84.44278130041664,33.74767299980914],[-84.44256650004388,33.747486299653076],[-84.44221209970857,33.74717839966348]]},"properties":{"overall":40,"safety":100,"sidewalk":0,"sidewalk_present":0,"canopy":21.2,"comfort":45.8,"name":"","road_type":"service","osm_id":729945825}},{"type":"Feature","geometry":{"type":"LineString","coordinates":[[-84.44027360024643,33.7474393001836],[-84.44053709980727,33.74744359984231],[-84.44110579959295,33.74749649976371],[-84.44128879993815,33.74752049997113],[-84.4413749001315,33.74753399969438],[-84.44143979970693,33.74753730020632],[-84.44150980023704,33.74752510000343],[-84.44158430007536,33.747501300344766],[-84.44167979998275,33.74744280034503],[-84.44172659980268,33.747412799860854]]},"properties":{"overall":70,"safety":86,"sidewalk":100,"sidewalk_present":1,"canopy":22.8,"comfort":46.1,"name":"Westview PATH","road_type":"cycleway","osm_id":230475186}},{"type":"Feature","geometry":{"type":"LineString","coordinates":[[-84.44001009978626,33.747507500270956],[-84.44015479980413,33.747507500270956],[-84.44023210013125,33.74750629967605],[-84.4407256004061,33.747521099818925],[-84.44091069976895,33.747531899777414],[-84.44116829977719,33.747562199735796],[-84.44131440003952,33.74758369982794],[-84.44133730037606,33.747587100164594],[-84.44148739992352,33.74759060032602],[-84.4415770002783,33.747565000224654],[-84.44168800000114,33.74751399967141],[-84.44185139962235,33.74741799974095]]},"properties":{"overall":36,"safety":87,"sidewalk":0,"sidewalk_present":0,"canopy":20.5,"comfort":44.9,"name":"Westview Drive Southwest","road_type":"tertiary","osm_id":42003725}},{"type":"Feature","geometry":{"type":"LineString","coordinates":[[-84.44757890024601,33.74698200031912],[-84.44731210017324,33.74649570001657]]},"properties":{"overall":34,"safety":100,"sidewalk":0,"sidewalk_present":0,"canopy":2.1,"comfort":34.9,"name":"","road_type":"service","osm_id":444689255}},{"type":"Feature","geometry":{"type":"LineString","coordinates":[[-84.4430145000191,33.74765659977231],[-84.44336750011001,33.747349500179325],[-84.44349139970831,33.747227800322776],[-84.44360200013216,33.7471191001664],[-84.4437944001914,33.746905299839796],[-84.44387290021416,33.74681809977551],[-84.44439900001379,33.746511600030374],[-84.44456930013308,33.74640199965262],[-84.44468289979596,33.74633409993879],[-84.444929600021,33.74609990029023],[-84.44504230036182,33.74591699976975],[-84.44512810018165,33.74559140022302]]},"properties":{"overall":42,"safety":100,"sidewalk":0,"sidewalk_present":0,"canopy":26.1,"comfort":49.8,"name":"","road_type":"service","osm_id":444688837}},{"type":"Feature","geometry":{"type":"LineString","coordinates":[[-84.44232399965284,33.747157899617434],[-84.44301759998223,33.74663399955949],[-84.44304069996826,33.746517799956564],[-84.4429058996875,33.74652249981358],[-84.44220880009601,33.74707059972843],[-84.44221209970857,33.74717839966348],[-84.44232399965284,33.747157899617434]]},"properties":{"overall":41,"safety":100,"sidewalk":0,"sidewalk_present":0,"canopy":21.6,"comfort":49.2,"name":"","road_type":"service","osm_id":729945824}},{"type":"Feature","geometry":{"type":"LineString","coordinates":[[-84.44586169965766,33.746729799840466],[-84.4455849000231,33.746694899849786],[-84.44524700044866,33.74667780014039],[-84.44496779962424,33.746580099591995],[-84.44462699973622,33.74641879988775],[-84.44456930013308,33.74640199965262]]},"properties":{"overall":41,"safety":100,"sidewalk":0,"sidewalk_present":0,"canopy":24.2,"comfort":49.6,"name":"","road_type":"service","osm_id":743349465}},{"type":"Feature","geometry":{"type":"LineString","coordinates":[[-84.44641050014445,33.74790510044011],[-84.44646009955392,33.747695199573855],[-84.44655599965961,33.747514399869715],[-84.44665699982068,33.74732430027626],[-84.44696010012848,33.7470612000144],[-84.44701240020208,33.747016900309745],[-84.44715050009546,33.74687830039329],[-84.44725129970766,33.74669940005731],[-84.44731210017324,33.74649570001657],[-84.44727389967068,33.74642549983702],[-84.44696809959805,33.74615790026695],[-84.4468045003274,33.74611110044697],[-84.44661940006523,33.74610439959844],[-84.44645849965997,33.74611330018871],[-84.44626809969299,33.7462202997271],[-84.44589790006802,33.74662399999767],[-84.44586169965766,33.746729799840466],[-84.44581480001295,33.74686710023656],[-84.44579060015604,33.7470901995531],[-84.44568309969526,33.747223200290534],[-84.44557069972797,33.74736220040529],[-84.44538000028672,33.74750669987435],[-84.44474990018773,33.74795550024618],[-84.44441339995842,33.74816349994563],[-84.44413300033767,33.748336900027994],[-84.44396139979875,33.7483502001017],[-84.44375750010852,33.748327899612946],[-84.44354829981415,33.74825210025426],[-84.44336590021607,33.74806699999209],[-84.44314599978804,33.747763700034795],[-84.4430145000191,33.74765659977231]]},"properties":{"overall":35,"safety":100,"sidewalk":0,"sidewalk_present":0,"canopy":4.0,"comfort":37.4,"name":"","road_type":"service","osm_id":743349464}},{"type":"Feature","geometry":{"type":"LineString","coordinates":[[-84.44700570025282,33.7481472995583],[-84.44692520013785,33.747915299651424],[-84.44681280017056,33.74779580043588],[-84.44655599965961,33.747514399869715]]},"properties":{"overall":33,"safety":100,"sidewalk":0,"sidewalk_present":0,"canopy":0.0,"comfort":32.7,"name":"","road_type":"service","osm_id":444688836}},{"type":"Feature","geometry":{"type":"LineString","coordinates":[[-84.44681280017056,33.74779580043588],[-84.44641050014445,33.74790510044011],[-84.44626000039864,33.748001100370516],[-84.44610930010407,33.74803019973399],[-84.44599189990623,33.74800950003845],[-84.44590660010948,33.747847200288106],[-84.44583000035419,33.74764789973085],[-84.44568309969526,33.747223200290534]]},"properties":{"overall":34,"safety":100,"sidewalk":0,"sidewalk_present":0,"canopy":0.9,"comfort":34.6,"name":"","road_type":"service","osm_id":444689253}},{"type":"Feature","geometry":{"type":"LineString","coordinates":[[-84.44237779979557,33.747985200356766],[-84.44248719962451,33.748094000337915],[-84.44280729981699,33.74841220026286],[-84.44281980039341,33.74842460011524],[-84.44304759956702,33.748663999643895],[-84.44396399973874,33.74960499987088],[-84.44415639979798,33.749785699750305]]},"properties":{"overall":32,"safety":76,"sidewalk":0,"sidewalk_present":0,"canopy":19.9,"comfort":43.9,"name":"Ralph David Abernathy Boulevard","road_type":"secondary","osm_id":928959730}},{"type":"Feature","geometry":{"type":"LineString","coordinates":[[-84.44267329993284,33.74850510023026],[-84.44274850034299,33.74845299980615],[-84.44280729981699,33.74841220026286]]},"properties":{"overall":45,"safety":22,"sidewalk":100,"sidewalk_present":1,"canopy":14.0,"comfort":40.3,"name":"","road_type":"service","osm_id":1451774153}},{"type":"Feature","geometry":{"type":"LineString","coordinates":[[-84.44775939957657,33.74894349994264],[-84.44759840024591,33.74888990034867],[-84.4474374998407,33.748760600321475],[-84.44730340013177,33.74862229987929],[-84.44715589962505,33.74845950010592],[-84.4470351998146,33.748249899613256],[-84.44700570025282,33.7481472995583],[-84.44774710044828,33.7481561003238]]},"properties":{"overall":34,"safety":100,"sidewalk":0,"sidewalk_present":0,"canopy":0.6,"comfort":32.4,"name":"","road_type":"service","osm_id":444688835}},{"type":"Feature","geometry":{"type":"LineString","coordinates":[[-84.44853390021927,33.74702949981162],[-84.44846570013192,33.746870399849115],[-84.44832169978656,33.74679909979869],[-84.4481593002115,33.74676870001554],[-84.44802669967243,33.74679459959117],[-84.4478934003601,33.74692090037928],[-84.44778749979326,33.74700570015301],[-84.44768179977518,33.74700579997773],[-84.44757890024601,33.74698200031912],[-84.44701240020208,33.747016900309745]]},"properties":{"overall":33,"safety":100,"sidewalk":0,"sidewalk_present":0,"canopy":0.0,"comfort":35.4,"name":"","road_type":"service","osm_id":743349463}},{"type":"Feature","geometry":{"type":"LineString","coordinates":[[-84.44874170026924,33.74727410011968],[-84.44853390021927,33.74702949981162]]},"properties":{"overall":33,"safety":100,"sidewalk":0,"sidewalk_present":0,"canopy":0.0,"comfort":37.6,"name":"","road_type":"service","osm_id":444689254}},{"type":"Feature","geometry":{"type":"LineString","coordinates":[[-84.45004930013505,33.74698780004701],[-84.45010820033315,33.74715180041528],[-84.45008620021792,33.747297100281],[-84.45049410032243,33.747534399892686]]},"properties":{"overall":33,"safety":100,"sidewalk":0,"sidewalk_present":0,"canopy":0.0,"comfort":38.3,"name":"","road_type":"service","osm_id":743349460}},{"type":"Feature","geometry":{"type":"LineString","coordinates":[[-84.45025329965,33.74707340021729],[-84.45008620021792,33.747297100281],[-84.4499990001537,33.747413700082234],[-84.44976300006238,33.74756850038602],[-84.4495732997679,33.747644100095215],[-84.44944110032645,33.747657699643185],[-84.44926939996282,33.74743470015136],[-84.44902269973778,33.74730979960759],[-84.44874170026924,33.74727410011968],[-84.44839239998925,33.74735439968583]]},"properties":{"overall":33,"safety":100,"sidewalk":0,"sidewalk_present":0,"canopy":0.0,"comfort":37.5,"name":"","road_type":"service","osm_id":444688840}},{"type":"Feature","geometry":{"type":"LineString","coordinates":[[-84.45151530029085,33.74798049960043],[-84.45139280003764,33.747769700311494]]},"properties":{"overall":33,"safety":100,"sidewalk":0,"sidewalk_present":0,"canopy":0.0,"comfort":34.3,"name":"","road_type":"service","osm_id":743349456}},{"type":"Feature","geometry":{"type":"LineString","coordinates":[[-84.44853390021927,33.74702949981162],[-84.44839239998925,33.74735439968583],[-84.4481941003774,33.74752190021559],[-84.44810729961216,33.747649700173554],[-84.44801169988,33.7477291004177],[-84.4478521997192,33.747829499831596],[-84.44780229993614,33.74788970044938],[-84.44775619978873,33.74799479972029],[-84.44774710044828,33.7481561003238],[-84.44775939957657,33.74894349994264]]},"properties":{"overall":34,"safety":100,"sidewalk":0,"sidewalk_present":0,"canopy":0.5,"comfort":33.8,"name":"","road_type":"service","osm_id":743349462}},{"type":"Feature","geometry":{"type":"LineString","coordinates":[[-84.45133949991794,33.74806890025957],[-84.45116149980333,33.747873900260345]]},"properties":{"overall":33,"safety":100,"sidewalk":0,"sidewalk_present":0,"canopy":0.0,"comfort":34.2,"name":"","road_type":"service","osm_id":444689246}},{"type":"Feature","geometry":{"type":"LineString","coordinates":[[-84.4507671003214,33.747843799951454],[-84.45062309997604,33.74798559965575],[-84.450512700101,33.74823239970556],[-84.45044020035493,33.74845979958013]]},"properties":{"overall":33,"safety":100,"sidewalk":0,"sidewalk_present":0,"canopy":0.0,"comfort":36.5,"name":"","road_type":"service","osm_id":444689247}},{"type":"Feature","geometry":{"type":"LineString","coordinates":[[-84.44944110032645,33.747657699643185],[-84.44941910021129,33.747849099656264],[-84.4493648998702,33.747962899868014],[-84.44929090005496,33.74806809986296],[-84.44897980027753,33.748219800203685],[-84.44857209982251,33.7483625001293],[-84.44852510035304,33.74845759983839],[-84.44840040035814,33.748710400164896],[-84.44835730034907,33.74875190028001],[-84.44819659959336,33.74890669968448],[-84.44792830035072,33.748960200353],[-84.44775939957657,33.74894349994264]]},"properties":{"overall":33,"safety":100,"sidewalk":0,"sidewalk_present":0,"canopy":0.0,"comfort":33.5,"name":"","road_type":"service","osm_id":444688841}},{"type":"Feature","geometry":{"type":"LineString","coordinates":[[-84.45030230011105,33.748478599907514],[-84.45028630027252,33.74850400035939],[-84.45028130004192,33.748532400050294],[-84.45028790016642,33.74856050026693],[-84.45030520042462,33.748585299971694],[-84.45033140037378,33.74860399957498],[-84.45036240000474,33.74861419968562],[-84.45039570010147,33.74861559993002],[-84.45042779960323,33.74860820030824],[-84.45045539979685,33.7485925997687],[-84.45047549964454,33.74857049982876],[-84.45048619977825,33.7485442998796],[-84.45048619977825,33.74851650003649],[-84.45047549964454,33.748490300087326],[-84.45045529997208,33.748468200147386],[-84.45044020035493,33.74845979958013],[-84.45042669973236,33.74845220030886],[-84.45039329981091,33.748445000336574],[-84.45035899966808,33.74844739972775],[-84.45032740018934,33.748459000082846],[-84.45030230011105,33.748478599907514]]},"properties":{"overall":33,"safety":100,"sidewalk":0,"sidewalk_present":0,"canopy":0.0,"comfort":36.4,"name":"","road_type":"service","osm_id":743349457}},{"type":"Feature","geometry":{"type":"LineString","coordinates":[[-84.44151929977585,33.74832970005565],[-84.44131399984116,33.74821220003304],[-84.44131430021474,33.74778680002083],[-84.44131440003952,33.747685299836746],[-84.44131440003952,33.74763349978622],[-84.44131440003952,33.74758369982794]]},"properties":{"overall":65,"safety":93,"sidewalk":100,"sidewalk_present":1,"canopy":2.6,"comfort":33.8,"name":"Racine Southwest Street","road_type":"service","osm_id":357483828}},{"type":"Feature","geometry":{"type":"LineString","coordinates":[[-84.44179300034665,33.747360099589],[-84.44185139962235,33.74741799974095],[-84.44211139992115,33.747704399638394],[-84.44237779979557,33.747985200356766]]},"properties":{"overall":32,"safety":85,"sidewalk":0,"sidewalk_present":0,"canopy":11.1,"comfort":40.3,"name":"Ralph David Abernathy Boulevard","road_type":"secondary","osm_id":1118729512}},{"type":"Feature","geometry":{"type":"LineString","coordinates":[[-84.442789000412,33.748493999898244],[-84.44274850034299,33.74845299980615],[-84.44243650034417,33.74813670014862],[-84.44231600018321,33.74801450026905],[-84.4417779996549,33.74774889989186],[-84.44136310012692,33.74763780034425],[-84.44131440003952,33.74763349978622],[-84.44066410026795,33.747576700404466],[-84.43973380017468,33.74755919959745]]},"properties":{"overall":54,"safety":50,"sidewalk":100,"sidewalk_present":1,"canopy":12.6,"comfort":40.7,"name":"","road_type":"footway","osm_id":1223082772}},{"type":"Feature","geometry":{"type":"LineString","coordinates":[[-84.44211139992115,33.747704399638394],[-84.44201079995844,33.747800100094594]]},"properties":{"overall":37,"safety":98,"sidewalk":0,"sidewalk_present":0,"canopy":12.2,"comfort":37.6,"name":"","road_type":"secondary_link","osm_id":763911835}},{"type":"Feature","geometry":{"type":"LineString","coordinates":[[-84.44133730037606,33.747587100164594],[-84.44157669990472,33.74766009993374],[-84.44185589982987,33.74773399992421],[-84.44201079995844,33.747800100094594],[-84.4420788003963,33.74782909963329],[-84.44237779979557,33.747985200356766]]},"properties":{"overall":65,"safety":87,"sidewalk":100,"sidewalk_present":1,"canopy":8.0,"comfort":37.2,"name":"Westview Drive Southwest","road_type":"tertiary","osm_id":31021612}},{"type":"Feature","geometry":{"type":"LineString","coordinates":[[-84.44248719962451,33.748094000337915],[-84.44243650034417,33.74813670014862],[-84.44233529963435,33.74822159974707]]},"properties":{"overall":64,"safety":87,"sidewalk":100,"sidewalk_present":1,"canopy":4.6,"comfort":35.6,"name":"","road_type":"service","osm_id":1451774152}},{"type":"Feature","geometry":{"type":"LineString","coordinates":[[-84.44267329993284,33.74850510023026],[-84.44260249990543,33.74843549989845],[-84.44257260014535,33.74841389998153],[-84.44254959998403,33.74840400024448],[-84.44254049974421,33.74839940021218],[-84.44252469955518,33.748391499668],[-84.44249679988735,33.748375800203064],[-84.44233529963435,33.74822159974707]]},"properties":{"overall":11,"safety":24,"sidewalk":0,"sidewalk_present":0,"canopy":9.2,"comfort":37.7,"name":"","road_type":"service","osm_id":1451774156}},{"type":"Feature","geometry":{"type":"LineString","coordinates":[[-84.4423043000034,33.74850679994893],[-84.44242599985995,33.74848520003201],[-84.44254049974421,33.74839940021218]]},"properties":{"overall":3,"safety":0,"sidewalk":0,"sidewalk_present":0,"canopy":8.8,"comfort":38.3,"name":"","road_type":"service","osm_id":1451774157}},{"type":"Feature","geometry":{"type":"LineString","coordinates":[[-84.44241209993845,33.74878110036752],[-84.44269120003884,33.748603700100716],[-84.44270610000649,33.74857640028068],[-84.44270419973901,33.748545700124],[-84.44267329993284,33.74850510023026]]},"properties":{"overall":13,"safety":25,"sidewalk":0,"sidewalk_present":0,"canopy":13.5,"comfort":40.2,"name":"","road_type":"service","osm_id":1451774155}},{"type":"Feature","geometry":{"type":"LineString","coordinates":[[-84.44131430021474,33.74778680002083],[-84.44153989964661,33.74792000040776],[-84.44151929977585,33.74832970005565],[-84.44194009975575,33.74862310027589],[-84.4420215000921,33.74867240021115],[-84.44211459970899,33.7486808997038]]},"properties":{"overall":33,"safety":97,"sidewalk":0,"sidewalk_present":0,"canopy":3.1,"comfort":33.7,"name":"","road_type":"service","osm_id":357483826}},{"type":"Feature","geometry":{"type":"LineString","coordinates":[[-84.44976300006238,33.74756850038602],[-84.44984109988684,33.74770079965225],[-84.44985609967921,33.747854400260394],[-84.44982669994221,33.747926999831236],[-84.4497496001639,33.74811720014873],[-84.44922060005064,33.74857640028068],[-84.44910589961756,33.7486386000914],[-84.44903930032342,33.748652500012895],[-84.44894950031915,33.748628999828554],[-84.44852510035304,33.74845759983839]]},"properties":{"overall":33,"safety":100,"sidewalk":0,"sidewalk_present":0,"canopy":0.0,"comfort":34.2,"name":"","road_type":"service","osm_id":743349461}},{"type":"Feature","geometry":{"type":"LineString","coordinates":[[-84.45191589969897,33.74932310018096],[-84.45200550005376,33.749301299715285],[-84.45211010020091,33.74921430019987],[-84.45213999996099,33.74912429964678],[-84.45213999996099,33.74908080033873],[-84.45213999996099,33.74905589990988],[-84.45211010020091,33.748987599997804],[-84.45203539981384,33.74892859997499],[-84.45195699961579,33.74890059958307],[-84.45186359962537,33.74890059958307],[-84.4517850996026,33.74890680040858],[-84.45172160027158,33.748931699938055],[-84.45166930019803,33.74897520014542],[-84.45164320007359,33.74903420016824],[-84.4516319999168,33.74909630015418],[-84.4516319999168,33.74915220021393],[-84.45165810004124,33.74920810027368],[-84.4516955001472,33.74925470044411],[-84.45175519984258,33.74928579989978],[-84.45181879989764,33.74931369956761],[-84.45191589969897,33.74932310018096]]},"properties":{"overall":35,"safety":100,"sidewalk":0,"sidewalk_present":0,"canopy":5.7,"comfort":34.6,"name":"","road_type":"service","osm_id":304520559}},{"type":"Feature","geometry":{"type":"LineString","coordinates":[[-84.45116730043054,33.7490356004127],[-84.45120140002456,33.74912970007563],[-84.45123749971083,33.749271200305714]]},"properties":{"overall":35,"safety":100,"sidewalk":0,"sidewalk_present":0,"canopy":5.5,"comfort":34.2,"name":"","road_type":"service","osm_id":743349459}},{"type":"Feature","geometry":{"type":"LineString","coordinates":[[-84.45033140037378,33.74860399957498],[-84.44992620003404,33.748914899702925],[-84.4498399001912,33.74916309999713],[-84.44922830004595,33.74913189981737],[-84.44899890007912,33.74903179987774],[-84.44835730034907,33.74875190028001]]},"properties":{"overall":34,"safety":100,"sidewalk":0,"sidewalk_present":0,"canopy":1.5,"comfort":33.8,"name":"","road_type":"service","osm_id":743349458}},{"type":"Feature","geometry":{"type":"LineString","coordinates":[[-84.45145210043404,33.749137599720484],[-84.45123749971083,33.749271200305714],[-84.45104249971155,33.749511500055746],[-84.45087719982286,33.749592799667994],[-84.45063709972231,33.74963129964482],[-84.45043270000906,33.749598499571164],[-84.45023150008365,33.74951550024019],[-84.45014029983491,33.74938170000553],[-84.45000939991382,33.74925030006136],[-84.4498399001912,33.74916309999713]]},"properties":{"overall":35,"safety":100,"sidewalk":0,"sidewalk_present":0,"canopy":4.1,"comfort":34.0,"name":"","road_type":"service","osm_id":444689249}},{"type":"Feature","geometry":{"type":"LineString","coordinates":[[-84.44899890007912,33.74903179987774],[-84.44856849983637,33.74961360008763]]},"properties":{"overall":33,"safety":100,"sidewalk":0,"sidewalk_present":0,"canopy":0.0,"comfort":31.4,"name":"","road_type":"service","osm_id":444689248}},{"type":"Feature","geometry":{"type":"LineString","coordinates":[[-84.45084620019196,33.75034620041686],[-84.45080060006762,33.75029159987747],[-84.45078579992469,33.750229599716306],[-84.45077190000313,33.750171200440604]]},"properties":{"overall":67,"safety":90,"sidewalk":100,"sidewalk_present":1,"canopy":10.0,"comfort":33.5,"name":"","road_type":"service","osm_id":561240867}},{"type":"Feature","geometry":{"type":"LineString","coordinates":[[-84.45188020021101,33.75053129977971],[-84.45185870011886,33.75024249959171]]},"properties":{"overall":33,"safety":96,"sidewalk":0,"sidewalk_present":0,"canopy":4.2,"comfort":31.5,"name":"","road_type":"service","osm_id":561240881}},{"type":"Feature","geometry":{"type":"LineString","coordinates":[[-84.45200890039041,33.750234699771624],[-84.45185870011886,33.75024249959171]]},"properties":{"overall":22,"safety":61,"sidewalk":0,"sidewalk_present":0,"canopy":5.8,"comfort":31.3,"name":"","road_type":"service","osm_id":561240864}},{"type":"Feature","geometry":{"type":"LineString","coordinates":[[-84.45018840007458,33.7507744000186],[-84.4501506995951,33.75042409969251],[-84.45013469975657,33.75027569986372],[-84.45012840000561,33.75021690038972]]},"properties":{"overall":65,"safety":86,"sidewalk":100,"sidewalk_present":1,"canopy":9.9,"comfort":34.0,"name":"","road_type":"service","osm_id":561240870}},{"type":"Feature","geometry":{"type":"LineString","coordinates":[[-84.44304759956702,33.748663999643895],[-84.44298989996389,33.74870039970375],[-84.44285599990445,33.74878409960655],[-84.4426349996055,33.74892209967521]]},"properties":{"overall":72,"safety":93,"sidewalk":100,"sidewalk_present":1,"canopy":24.0,"comfort":44.4,"name":"","road_type":"service","osm_id":713019024}},{"type":"Feature","geometry":{"type":"LineString","coordinates":[[-84.44734009966584,33.74968950017035],[-84.4464978000334,33.74927020025956]]},"properties":{"overall":67,"safety":100,"sidewalk":100,"sidewalk_present":1,"canopy":0.0,"comfort":32.5,"name":"","road_type":"service","osm_id":444689252}},{"type":"Feature","geometry":{"type":"LineString","coordinates":[[-84.44474990018773,33.74795550024618],[-84.445539200074,33.74866449966697],[-84.44574679957509,33.74885090034883],[-84.4464978000334,33.74927020025956],[-84.44648180019487,33.749282899586206],[-84.44603109955557,33.74964039988458],[-84.44578969993466,33.74999719961113]]},"properties":{"overall":67,"safety":100,"sidewalk":100,"sidewalk_present":1,"canopy":1.2,"comfort":35.3,"name":"","road_type":"service","osm_id":444689251}},{"type":"Feature","geometry":{"type":"LineString","coordinates":[[-84.44656180028682,33.749548999986416],[-84.44648180019487,33.749282899586206]]},"properties":{"overall":67,"safety":100,"sidewalk":100,"sidewalk_present":1,"canopy":0.0,"comfort":33.9,"name":"","road_type":"footway","osm_id":1090637322}},{"type":"Feature","geometry":{"type":"LineString","coordinates":[[-84.44656180028682,33.749548999986416],[-84.44647980010268,33.74965579987531],[-84.44668700030479,33.74962280015217],[-84.44656180028682,33.749548999986416]]},"properties":{"overall":67,"safety":100,"sidewalk":100,"sidewalk_present":1,"canopy":0.0,"comfort":32.9,"name":"","road_type":"footway","osm_id":1090637323}},{"type":"Feature","geometry":{"type":"LineString","coordinates":[[-84.45023150008365,33.74951550024019],[-84.44993110043987,33.74967610027187],[-84.44969499962451,33.74970729955231],[-84.4493248998242,33.74963150019363],[-84.44895470019924,33.74959579980634],[-84.44856849983637,33.74961360008763],[-84.44846529993362,33.74961999966331],[-84.44734009966584,33.74968950017035],[-84.44662660003752,33.74983110022515],[-84.44578969993466,33.74999719961113],[-84.44547319972833,33.74985899989298],[-84.44490299987353,33.74927249982608],[-84.44443249976001,33.74878849998936],[-84.44413300033767,33.748336900027994]]},"properties":{"overall":34,"safety":100,"sidewalk":0,"sidewalk_present":0,"canopy":1.8,"comfort":33.7,"name":"","road_type":"service","osm_id":444689250}},{"type":"Feature","geometry":{"type":"LineString","coordinates":[[-84.4441419998534,33.750349000006395],[-84.44404120024114,33.75009120034866],[-84.44396179999706,33.749981000123114],[-84.44387450010805,33.74989430008196],[-84.44378599962414,33.74981499966253],[-84.4437053996844,33.74974900021624],[-84.44361900001678,33.74968969981984],[-84.4435110004323,33.74963100017055]]},"properties":{"overall":34,"safety":90,"sidewalk":0,"sidewalk_present":0,"canopy":12.3,"comfort":41.6,"name":"","road_type":"motorway_link","osm_id":9238709}},{"type":"Feature","geometry":{"type":"LineString","coordinates":[[-84.4441419998534,33.750349000006395],[-84.44415439970572,33.749863900298806],[-84.44415639979798,33.749785699750305]]},"properties":{"overall":62,"safety":73,"sidewalk":100,"sidewalk_present":1,"canopy":12.5,"comfort":41.2,"name":"West Lake Avenue Southwest","road_type":"secondary","osm_id":181272970}},{"type":"Feature","geometry":{"type":"LineString","coordinates":[[-84.44511370023702,33.750648199954526],[-84.44514109988182,33.75059229989478],[-84.44513409955903,33.75054380035613],[-84.4450959997805,33.750493700024265],[-84.44473500022002,33.75030249966068],[-84.4445519000501,33.7501832999194],[-84.44415439970572,33.749863900298806],[-84.44407670007962,33.74980149993934],[-84.44298989996389,33.74870039970375],[-84.442789000412,33.748493999898244]]},"properties":{"overall":55,"safety":50,"sidewalk":100,"sidewalk_present":1,"canopy":16.4,"comfort":42.4,"name":"","road_type":"footway","osm_id":1223082771}},{"type":"Feature","geometry":{"type":"LineString","coordinates":[[-84.44233529963435,33.74822159974707],[-84.4423043000034,33.74850679994893],[-84.44228849981437,33.74865259983767],[-84.44241209993845,33.74878110036752]]},"properties":{"overall":35,"safety":98,"sidewalk":0,"sidewalk_present":0,"canopy":7.7,"comfort":37.2,"name":"","road_type":"service","osm_id":1451774154}},{"type":"Feature","geometry":{"type":"LineString","coordinates":[[-84.4435110004323,33.74963100017055],[-84.4430305996824,33.7494206001806],[-84.44277899995086,33.74930560027326],[-84.44251500036694,33.74916390039374],[-84.44203480016586,33.7488624998046],[-84.4417377001347,33.74875979992487]]},"properties":{"overall":33,"safety":83,"sidewalk":0,"sidewalk_present":0,"canopy":15.4,"comfort":42.6,"name":"","road_type":"motorway_link","osm_id":977872430}},{"type":"Feature","geometry":{"type":"LineString","coordinates":[[-84.4466938999035,33.75057110017616],[-84.44728829961531,33.75049300035175],[-84.44732650011787,33.75048800012115],[-84.44750519990504,33.75046440011204],[-84.44781650023128,33.750423499844715],[-84.4480060998016,33.750398700139954],[-84.44823199960706,33.750369000029366],[-84.44827909980057,33.75036420034763],[-84.44879000015834,33.7503120000988],[-84.44947190030791,33.75026210031575],[-84.45012840000561,33.75021690038972],[-84.45077190000313,33.750171200440604],[-84.45197880008152,33.750085399721456],[-84.45285970041482,33.75002410013218],[-84.45394789987563,33.74994829987418],[-84.45455749992863,33.74990579971296],[-84.45474329986337,33.749892899837505],[-84.45490869957678,33.749889899699156],[-84.45497539959496,33.74989139976833],[-84.4550684002864,33.74989360040939],[-84.4552144996494,33.74990269974984],[-84.45525329999975,33.74990719995736],[-84.45531070012868,33.749913800081856],[-84.45535799997168,33.74991930033548],[-84.45552999980958,33.74994949956982],[-84.45569440037622,33.749996599763335],[-84.45613799996869,33.75012370004879],[-84.45639199999079,33.75018210022381],[-84.4566559995747,33.750240000375754],[-84.45681499971244,33.75027600023725],[-84.45740209962713,33.75040850005229],[-84.458055000238,33.75055589983498],[-84.45840100000612,33.750633999659385]]},"properties":{"overall":24,"safety":59,"sidewalk":0,"sidewalk_present":0,"canopy":14.4,"comfort":38.1,"name":"Martin Luther King Junior Drive Southwest","road_type":"secondary","osm_id":712229552}},{"type":"Feature","geometry":{"type":"LineString","coordinates":[[-84.4571487003522,33.75028289983601],[-84.45691959985959,33.750230999960706],[-84.45683089972619,33.75020759960108],[-84.45672590028005,33.750183399744174],[-84.456167799904,33.75005440009056],[-84.45588669971136,33.74997900003086],[-84.45555969992017,33.74987770039559],[-84.45537749997163,33.74984400010055],[-84.45507550043396,33.74981709957956],[-84.45482770033806,33.749816300082216],[-84.45451330004875,33.74983100040038],[-84.4540447002027,33.749863000077426],[-84.45345639969304,33.7499055002387],[-84.45299819960718,33.74993320025703],[-84.45256609964576,33.74996610015546],[-84.45204340018273,33.74999809983251],[-84.45197239960652,33.75000689969869],[-84.45061580017898,33.75010629996581],[-84.44920589973248,33.75020520020985],[-84.4485844996749,33.750254199771575],[-84.44804399993063,33.750315400435454],[-84.4473312997996,33.750413399558795],[-84.44681309964477,33.75048209966923],[-84.4464788998813,33.75051839990431],[-84.44623209983149,33.75053310022247]]},"properties":{"overall":53,"safety":48,"sidewalk":100,"sidewalk_present":1,"canopy":12.3,"comfort":37.0,"name":"","road_type":"footway","osm_id":1118096575}},{"type":"Feature","geometry":{"type":"LineString","coordinates":[[-84.45843399972927,33.74763199971704],[-84.45845299970614,33.747714999947334],[-84.45844500023651,33.748721999620614],[-84.45843699986762,33.74992800037694],[-84.45843199963701,33.750538999775074],[-84.45840100000612,33.750633999659385]]},"properties":{"overall":44,"safety":88,"sidewalk":0,"sidewalk_present":0,"canopy":44.1,"comfort":55.1,"name":"Wynnwood Drive Southwest","road_type":"residential","osm_id":9265390}},{"type":"Feature","geometry":{"type":"LineString","coordinates":[[-84.45739749959489,33.749744099810414],[-84.4573921000653,33.7499692999433]]},"properties":{"overall":45,"safety":100,"sidewalk":0,"sidewalk_present":0,"canopy":34.1,"comfort":52.4,"name":"","road_type":"service","osm_id":560703150}},{"type":"Feature","geometry":{"type":"LineString","coordinates":[[-84.4573921000653,33.7499692999433],[-84.45749660038774,33.74997370032605],[-84.45760669988925,33.74997830035835]]},"properties":{"overall":45,"safety":97,"sidewalk":0,"sidewalk_present":0,"canopy":39.1,"comfort":54.4,"name":"","road_type":"service","osm_id":560703149}},{"type":"Feature","geometry":{"type":"LineString","coordinates":[[-84.45197880008152,33.750085399721456],[-84.4519737000262,33.7500231999108],[-84.45197239960652,33.75000689969869],[-84.45191589969897,33.74932310018096]]},"properties":{"overall":68,"safety":96,"sidewalk":100,"sidewalk_present":1,"canopy":8.2,"comfort":34.4,"name":"","road_type":"service","osm_id":304520558}},{"type":"Feature","geometry":{"type":"LineString","coordinates":[[-84.45474329986337,33.749892899837505],[-84.45474270001557,33.75000710024756],[-84.45470639978049,33.75042590013521]]},"properties":{"overall":27,"safety":61,"sidewalk":0,"sidewalk_present":0,"canopy":20.9,"comfort":41.5,"name":"","road_type":"service","osm_id":1115973305}},{"type":"Feature","geometry":{"type":"LineString","coordinates":[[-84.45525329999975,33.74990719995736],[-84.45525210030416,33.75001919972635],[-84.45523050038724,33.7505203999965]]},"properties":{"overall":34,"safety":91,"sidewalk":0,"sidewalk_present":0,"canopy":12.1,"comfort":38.8,"name":"","road_type":"service","osm_id":1115973308}},{"type":"Feature","geometry":{"type":"LineString","coordinates":[[-84.45287720032252,33.750179699933256],[-84.45285970041482,33.75002410013218]]},"properties":{"overall":19,"safety":50,"sidewalk":0,"sidewalk_present":0,"canopy":7.9,"comfort":33.4,"name":"","road_type":"service","osm_id":561240868}},{"type":"Feature","geometry":{"type":"LineString","coordinates":[[-84.45497539959496,33.74989139976833],[-84.45496830034676,33.750028600339704],[-84.45496719957657,33.75044869974772]]},"properties":{"overall":31,"safety":81,"sidewalk":0,"sidewalk_present":0,"canopy":13.4,"comfort":39.0,"name":"","road_type":"service","osm_id":1115973307}},{"type":"Feature","geometry":{"type":"LineString","coordinates":[[-84.45389580035089,33.750109800127234],[-84.45392269997257,33.75009089997508],[-84.45394410024,33.75005630035804],[-84.45394789987563,33.74994829987418]]},"properties":{"overall":17,"safety":34,"sidewalk":0,"sidewalk_present":0,"canopy":16.3,"comfort":39.3,"name":"","road_type":"service","osm_id":561240885}},{"type":"Feature","geometry":{"type":"LineString","coordinates":[[-84.45474270001557,33.75000710024756],[-84.45480349958183,33.75007630038101],[-84.45490790007949,33.75008050021495]]},"properties":{"overall":23,"safety":55,"sidewalk":0,"sidewalk_present":0,"canopy":15.3,"comfort":39.5,"name":"","road_type":"service","osm_id":1115973306}},{"type":"Feature","geometry":{"type":"LineString","coordinates":[[-84.45455749992863,33.74990579971296],[-84.45456040024226,33.75007730042711],[-84.45454400020543,33.7504081996787]]},"properties":{"overall":34,"safety":73,"sidewalk":0,"sidewalk_present":0,"canopy":29.4,"comfort":44.5,"name":"","road_type":"service","osm_id":1115973304}},{"type":"Feature","geometry":{"type":"LineString","coordinates":[[-84.45333230044525,33.75014939997487],[-84.45389580035089,33.750109800127234]]},"properties":{"overall":19,"safety":48,"sidewalk":0,"sidewalk_present":0,"canopy":9.9,"comfort":35.0,"name":"","road_type":"service","osm_id":561240883}},{"type":"Feature","geometry":{"type":"LineString","coordinates":[[-84.45200890039041,33.750234699771624],[-84.4519907997356,33.75014479994263],[-84.45197880008152,33.750085399721456]]},"properties":{"overall":56,"safety":61,"sidewalk":100,"sidewalk_present":1,"canopy":6.9,"comfort":31.6,"name":"","road_type":"service","osm_id":561240869}},{"type":"Feature","geometry":{"type":"LineString","coordinates":[[-84.45200890039041,33.750234699771624],[-84.45287720032252,33.750179699933256],[-84.45311800009557,33.75016449959202],[-84.45333230044525,33.75014939997487]]},"properties":{"overall":15,"safety":42,"sidewalk":0,"sidewalk_present":0,"canopy":3.9,"comfort":30.7,"name":"","road_type":"service","osm_id":561240884}},{"type":"Feature","geometry":{"type":"LineString","coordinates":[[-84.45749660038774,33.74997370032605],[-84.45748330031404,33.75011879964296],[-84.45745379985294,33.750259299826894],[-84.45742430029117,33.75035510010781],[-84.45740209962713,33.75040850005229]]},"properties":{"overall":43,"safety":89,"sidewalk":0,"sidewalk_present":0,"canopy":38.6,"comfort":54.6,"name":"","road_type":"service","osm_id":560703147}},{"type":"Feature","geometry":{"type":"LineString","coordinates":[[-84.45200890039041,33.750234699771624],[-84.45203710043182,33.75051129975674]]},"properties":{"overall":18,"safety":48,"sidewalk":0,"sidewalk_present":0,"canopy":6.9,"comfort":32.9,"name":"","road_type":"service","osm_id":561240882}},{"type":"Feature","geometry":{"type":"LineString","coordinates":[[-84.45569440037622,33.749996599763335],[-84.45568549978594,33.75009490015958],[-84.45568609963374,33.7501235003993],[-84.45569250010874,33.75016549963817],[-84.4556983996614,33.75022899986851],[-84.45569710014104,33.75031159990044],[-84.45570110032548,33.75041260006151],[-84.45570010027939,33.7504910002595],[-84.45568609963374,33.75055110015319],[-84.45565900036252,33.750599499867064],[-84.45562079986001,33.75061620027748],[-84.45559169959722,33.75061780017137],[-84.45554959963425,33.75061699977476],[-84.45552050027084,33.750613700162205],[-84.4554763003909,33.75060619981633],[-84.45541309963482,33.75057949984409],[-84.45535790014696,33.75056030021773],[-84.45531880032235,33.75053939997338],[-84.45530009981974,33.750511799779815],[-84.45529199962607,33.750465099784606],[-84.45528870001345,33.75035920011703],[-84.45531070012868,33.749913800081856]]},"properties":{"overall":35,"safety":92,"sidewalk":0,"sidewalk_present":0,"canopy":12.6,"comfort":40.2,"name":"","road_type":"service","osm_id":715693661}},{"type":"Feature","geometry":{"type":"LineString","coordinates":[[-84.45900990038655,33.751870000000565],[-84.45698250024213,33.751257299984445],[-84.45611420031008,33.75100830019295],[-84.45563149999367,33.75087759992135],[-84.45516169955278,33.75076999963585],[-84.45476520015382,33.75070130042474],[-84.45438330034898,33.75065539992681],[-84.4540362996355,33.75062979982545],[-84.45368500016258,33.75061920041583],[-84.4534053002144,33.75062080030972],[-84.4531278000079,33.750631399719396],[-84.45288230037784,33.75065430005594],[-84.45264559971463,33.75067999998208],[-84.452256699587,33.750736300240135],[-84.45185260001745,33.750810399880095],[-84.45131389981657,33.75092360024399],[-84.4507606998464,33.75104680016972],[-84.44967870031172,33.75128819979062]]},"properties":{"overall":31,"safety":78,"sidewalk":0,"sidewalk_present":0,"canopy":14.8,"comfort":40.8,"name":"","road_type":"motorway","osm_id":46225736}},{"type":"Feature","geometry":{"type":"LineString","coordinates":[[-84.45185870011886,33.75024249959171],[-84.45177150005463,33.75029269974834],[-84.45138130040664,33.75031279959609]]},"properties":{"overall":35,"safety":96,"sidewalk":0,"sidewalk_present":0,"canopy":7.7,"comfort":32.3,"name":"","road_type":"service","osm_id":561240880}},{"type":"Feature","geometry":{"type":"LineString","coordinates":[[-84.44737039962422,33.7505549996136],[-84.44751439996952,33.750535999636725],[-84.44782559957173,33.75049489971991],[-84.44800320038735,33.75047140043483],[-84.4482779999297,33.75043510019975],[-84.44887360023642,33.750356399628174],[-84.44947379967607,33.750318000375444],[-84.45013469975657,33.75027569986372],[-84.45025999959927,33.75026770039409],[-84.45078579992469,33.750229599716306],[-84.45145010034184,33.750181500376016],[-84.4519907997356,33.75014479994263],[-84.45278159969104,33.75009099979985]]},"properties":{"overall":54,"safety":54,"sidewalk":100,"sidewalk_present":1,"canopy":7.4,"comfort":32.7,"name":"","road_type":"footway","osm_id":1223082780}},{"type":"Feature","geometry":{"type":"LineString","coordinates":[[-84.45138130040664,33.75031279959609],[-84.45084620019196,33.75034620041686]]},"properties":{"overall":33,"safety":92,"sidewalk":0,"sidewalk_present":0,"canopy":8.0,"comfort":32.8,"name":"","road_type":"service","osm_id":561240879}},{"type":"Feature","geometry":{"type":"LineString","coordinates":[[-84.44995499992325,33.75040590011224],[-84.45007230029637,33.75040199975251]]},"properties":{"overall":33,"safety":90,"sidewalk":0,"sidewalk_present":0,"canopy":8.7,"comfort":33.6,"name":"","road_type":"service","osm_id":561240873}},{"type":"Feature","geometry":{"type":"LineString","coordinates":[[-84.44996040035215,33.75074929994031],[-84.44995499992325,33.75040590011224]]},"properties":{"overall":35,"safety":95,"sidewalk":0,"sidewalk_present":0,"canopy":9.4,"comfort":34.5,"name":"","road_type":"service","osm_id":561240874}},{"type":"Feature","geometry":{"type":"LineString","coordinates":[[-84.44827909980057,33.75036420034763],[-84.4482779999297,33.75043510019975],[-84.44827530016494,33.75061609955338]]},"properties":{"overall":58,"safety":64,"sidewalk":100,"sidewalk_present":1,"canopy":9.1,"comfort":33.8,"name":"","road_type":"service","osm_id":562376017}},{"type":"Feature","geometry":{"type":"LineString","coordinates":[[-84.4513126002962,33.75047489969694],[-84.45138629973792,33.7504660998307]]},"properties":{"overall":37,"safety":100,"sidewalk":0,"sidewalk_present":0,"canopy":10.5,"comfort":34.4,"name":"","road_type":"service","osm_id":561240861}},{"type":"Feature","geometry":{"type":"LineString","coordinates":[[-84.45139070012067,33.75059880019455],[-84.45138629973792,33.7504660998307],[-84.45138130040664,33.75031279959609]]},"properties":{"overall":37,"safety":99,"sidewalk":0,"sidewalk_present":0,"canopy":10.8,"comfort":34.8,"name":"","road_type":"service","osm_id":561240876}},{"type":"Feature","geometry":{"type":"LineString","coordinates":[[-84.4480060998016,33.750398700139954],[-84.44800320038735,33.75047140043483],[-84.44798159957111,33.75100410035901]]},"properties":{"overall":53,"safety":52,"sidewalk":100,"sidewalk_present":1,"canopy":7.8,"comfort":33.6,"name":"","road_type":"service","osm_id":562376013}},{"type":"Feature","geometry":{"type":"LineString","coordinates":[[-84.45090539986427,33.75052299993655],[-84.4513126002962,33.75047489969694]]},"properties":{"overall":37,"safety":100,"sidewalk":0,"sidewalk_present":0,"canopy":10.2,"comfort":34.4,"name":"","road_type":"service","osm_id":561240875}},{"type":"Feature","geometry":{"type":"LineString","coordinates":[[-84.44415639979798,33.749785699750305],[-84.44453600003635,33.75008000019193],[-84.44480330013215,33.75025750028345],[-84.44505239974842,33.75039329971105]]},"properties":{"overall":31,"safety":81,"sidewalk":0,"sidewalk_present":0,"canopy":12.9,"comfort":40.6,"name":"Ralph David Abernathy Boulevard","road_type":"secondary","osm_id":629305885}},{"type":"Feature","geometry":{"type":"LineString","coordinates":[[-84.44414769975651,33.750745100106315],[-84.4441419998534,33.750349000006395]]},"properties":{"overall":27,"safety":76,"sidewalk":0,"sidewalk_present":0,"canopy":3.6,"comfort":35.6,"name":"West Lake Avenue Southwest","road_type":"secondary","osm_id":1034188602}},{"type":"Feature","geometry":{"type":"LineString","coordinates":[[-84.44528410018103,33.750448799572496],[-84.44505239974842,33.75039329971105]]},"properties":{"overall":31,"safety":85,"sidewalk":0,"sidewalk_present":0,"canopy":9.1,"comfort":38.6,"name":"","road_type":"secondary_link","osm_id":1118729511}},{"type":"Feature","geometry":{"type":"LineString","coordinates":[[-84.44505239974842,33.75039329971105],[-84.4451199001632,33.75042440006604]]},"properties":{"overall":31,"safety":84,"sidewalk":0,"sidewalk_present":0,"canopy":8.2,"comfort":38.4,"name":"Ralph David Abernathy Boulevard","road_type":"secondary","osm_id":1042656270}},{"type":"Feature","geometry":{"type":"LineString","coordinates":[[-84.44574809999477,33.750502599715276],[-84.44552780026771,33.75044890029659]]},"properties":{"overall":58,"safety":59,"sidewalk":100,"sidewalk_present":1,"canopy":14.2,"comfort":39.1,"name":"","road_type":"footway","osm_id":1223082770}},{"type":"Feature","geometry":{"type":"LineString","coordinates":[[-84.44551100003258,33.750502599715276],[-84.44542770032808,33.750480800148864],[-84.44528410018103,33.750448799572496]]},"properties":{"overall":30,"safety":79,"sidewalk":0,"sidewalk_present":0,"canopy":11.4,"comfort":38.3,"name":"","road_type":"secondary_link","osm_id":1118729510}},{"type":"Feature","geometry":{"type":"LineString","coordinates":[[-84.44505239974842,33.75039329971105],[-84.44514729980801,33.7504920003056]]},"properties":{"overall":63,"safety":80,"sidewalk":100,"sidewalk_present":1,"canopy":8.2,"comfort":37.8,"name":"","road_type":"secondary_link","osm_id":1451767540}},{"type":"Feature","geometry":{"type":"LineString","coordinates":[[-84.44574809999477,33.750502599715276],[-84.44599669958797,33.750534200093284],[-84.44623209983149,33.75053310022247]]},"properties":{"overall":47,"safety":27,"sidewalk":100,"sidewalk_present":1,"canopy":13.1,"comfort":38.0,"name":"","road_type":"footway","osm_id":1223082769}},{"type":"Feature","geometry":{"type":"LineString","coordinates":[[-84.44574809999477,33.750502599715276],[-84.44573050026236,33.75054419965517],[-84.44572750012401,33.750576200231535]]},"properties":{"overall":50,"safety":37,"sidewalk":100,"sidewalk_present":1,"canopy":13.9,"comfort":38.2,"name":"","road_type":"footway","osm_id":1451767545}},{"type":"Feature","geometry":{"type":"LineString","coordinates":[[-84.44611059962443,33.750657900042086],[-84.4459702001646,33.750606600014635],[-84.44584629966698,33.75057089962735],[-84.44573050026236,33.75054419965517],[-84.44565999970916,33.75052800016715],[-84.44551100003258,33.750502599715276]]},"properties":{"overall":44,"safety":20,"sidewalk":100,"sidewalk_present":1,"canopy":12.8,"comfort":37.9,"name":"","road_type":"secondary_link","osm_id":31021557}},{"type":"Feature","geometry":{"type":"LineString","coordinates":[[-84.44723520004442,33.75057270007011],[-84.44728790031633,33.75056579957203],[-84.4473302997535,33.75056030021773],[-84.44737039962422,33.7505549996136]]},"properties":{"overall":37,"safety":7,"sidewalk":100,"sidewalk_present":1,"canopy":3.9,"comfort":31.6,"name":"","road_type":"footway","osm_id":1223082779}},{"type":"Feature","geometry":{"type":"LineString","coordinates":[[-84.44640599993693,33.75061780017137],[-84.44664839960393,33.750578499797996],[-84.4466938999035,33.75057110017616]]},"properties":{"overall":20,"safety":53,"sidewalk":0,"sidewalk_present":0,"canopy":7.2,"comfort":35.3,"name":"Martin Luther King Junior Drive Southwest","road_type":"secondary","osm_id":712229553}},{"type":"Feature","geometry":{"type":"LineString","coordinates":[[-84.44572750012401,33.750576200231535],[-84.44559920014291,33.750596499728715]]},"properties":{"overall":54,"safety":48,"sidewalk":100,"sidewalk_present":1,"canopy":13.9,"comfort":38.1,"name":"","road_type":"footway","osm_id":1223082766}},{"type":"Feature","geometry":{"type":"LineString","coordinates":[[-84.44522200019509,33.75060769988551],[-84.44518789970175,33.75060350005151],[-84.44514109988182,33.75059229989478]]},"properties":{"overall":60,"safety":73,"sidewalk":100,"sidewalk_present":1,"canopy":6.7,"comfort":36.7,"name":"","road_type":"footway","osm_id":1223082768}},{"type":"Feature","geometry":{"type":"LineString","coordinates":[[-84.4451199001632,33.75042440006604],[-84.44523449987224,33.75047749963693],[-84.44540479999148,33.750561099715014],[-84.44551590043841,33.75061460038353],[-84.44553040020776,33.75062159980706],[-84.44568630038242,33.75070629975596]]},"properties":{"overall":16,"safety":37,"sidewalk":0,"sidewalk_present":0,"canopy":10.5,"comfort":37.7,"name":"Ralph David Abernathy Boulevard","road_type":"secondary","osm_id":181272963}},{"type":"Feature","geometry":{"type":"LineString","coordinates":[[-84.44559920014291,33.750596499728715],[-84.44551590043841,33.75061460038353],[-84.44541269963634,33.750634600406556]]},"properties":{"overall":58,"safety":59,"sidewalk":100,"sidewalk_present":1,"canopy":13.5,"comfort":38.1,"name":"","road_type":"footway","osm_id":1451767544}},{"type":"Feature","geometry":{"type":"LineString","coordinates":[[-84.4463387000709,33.75062690041119],[-84.44640599993693,33.75061780017137]]},"properties":{"overall":8,"safety":14,"sidewalk":0,"sidewalk_present":0,"canopy":11.0,"comfort":36.2,"name":"Martin Luther King Junior Drive Southwest","road_type":"secondary","osm_id":1376758242}},{"type":"Feature","geometry":{"type":"LineString","coordinates":[[-84.44514729980801,33.7504920003056],[-84.44517549984943,33.75054879968741],[-84.44518789970175,33.75060350005151],[-84.44518209997392,33.750625500166734],[-84.44516429969264,33.750661800401815],[-84.44511310038922,33.75071520034629],[-84.44504540032494,33.75077830037833]]},"properties":{"overall":54,"safety":57,"sidewalk":100,"sidewalk_present":1,"canopy":4.0,"comfort":35.6,"name":"","road_type":"secondary_link","osm_id":146842408}},{"type":"Feature","geometry":{"type":"LineString","coordinates":[[-84.44623579964241,33.75074879991723],[-84.44623390027425,33.750641099806955],[-84.44623209983149,33.75053310022247]]},"properties":{"overall":38,"safety":0,"sidewalk":100,"sidewalk_present":1,"canopy":14.7,"comfort":37.7,"name":"","road_type":"footway","osm_id":1223082765}},{"type":"Feature","geometry":{"type":"LineString","coordinates":[[-84.44781650023128,33.750423499844715],[-84.44782559957173,33.75049489971991],[-84.44783100000063,33.750537399881125]]},"properties":{"overall":55,"safety":66,"sidewalk":100,"sidewalk_present":1,"canopy":0.0,"comfort":30.3,"name":"","road_type":"service","osm_id":562376012}},{"type":"Feature","geometry":{"type":"LineString","coordinates":[[-84.45084620019196,33.75034620041686],[-84.45085490023342,33.750414799803195],[-84.45090539986427,33.75052299993655],[-84.45096749985021,33.75065620032342]]},"properties":{"overall":35,"safety":95,"sidewalk":0,"sidewalk_present":0,"canopy":9.6,"comfort":34.2,"name":"","road_type":"service","osm_id":561240878}},{"type":"Feature","geometry":{"type":"LineString","coordinates":[[-84.45203710043182,33.75051129975674],[-84.45188020021101,33.75053129977971]]},"properties":{"overall":31,"safety":85,"sidewalk":0,"sidewalk_present":0,"canopy":8.7,"comfort":33.9,"name":"","road_type":"service","osm_id":561240865}},{"type":"Feature","geometry":{"type":"LineString","coordinates":[[-84.44751849997874,33.750568400411396],[-84.44751439996952,33.750535999636725],[-84.44750519990504,33.75046440011204]]},"properties":{"overall":34,"safety":3,"sidewalk":100,"sidewalk_present":1,"canopy":0.0,"comfort":30.2,"name":"","road_type":"service","osm_id":562376008}},{"type":"Feature","geometry":{"type":"LineString","coordinates":[[-84.44754550032457,33.75077880040135],[-84.44751849997874,33.750568400411396]]},"properties":{"overall":44,"safety":31,"sidewalk":100,"sidewalk_present":1,"canopy":1.9,"comfort":31.1,"name":"","road_type":"service","osm_id":562376009}},{"type":"Feature","geometry":{"type":"LineString","coordinates":[[-84.45123930015353,33.750619300240544],[-84.45139070012067,33.75059880019455]]},"properties":{"overall":38,"safety":100,"sidewalk":0,"sidewalk_present":0,"canopy":13.4,"comfort":36.8,"name":"","road_type":"service","osm_id":561240863}},{"type":"Feature","geometry":{"type":"LineString","coordinates":[[-84.45096749985021,33.75065620032342],[-84.45123930015353,33.750619300240544]]},"properties":{"overall":38,"safety":100,"sidewalk":0,"sidewalk_present":0,"canopy":12.5,"comfort":36.0,"name":"","road_type":"service","osm_id":561240877}},{"type":"Feature","geometry":{"type":"LineString","coordinates":[[-84.45073890027999,33.75069299968226],[-84.45096749985021,33.75065620032342]]},"properties":{"overall":36,"safety":94,"sidewalk":0,"sidewalk_present":0,"canopy":12.8,"comfort":35.4,"name":"","road_type":"service","osm_id":561240862}},{"type":"Feature","geometry":{"type":"LineString","coordinates":[[-84.44947400022488,33.750710799963485],[-84.44972240016858,33.750709899742105],[-84.44972309984115,33.750899400387084]]},"properties":{"overall":36,"safety":100,"sidewalk":0,"sidewalk_present":0,"canopy":7.1,"comfort":35.8,"name":"","road_type":"service","osm_id":1229451791}},{"type":"Feature","geometry":{"type":"LineString","coordinates":[[-84.44947190030791,33.75026210031575],[-84.44947379967607,33.750318000375444],[-84.44947400022488,33.750710799963485],[-84.44920529988462,33.75072460006032],[-84.44882249985847,33.75073909982967]]},"properties":{"overall":71,"safety":90,"sidewalk":100,"sidewalk_present":1,"canopy":23.9,"comfort":40.9,"name":"","road_type":"service","osm_id":1229451789}},{"type":"Feature","geometry":{"type":"LineString","coordinates":[[-84.44611059962443,33.750657900042086],[-84.44623390027425,33.750641099806955],[-84.4463387000709,33.75062690041119]]},"properties":{"overall":4,"safety":0,"sidewalk":0,"sidewalk_present":0,"canopy":12.6,"comfort":37.0,"name":"Martin Luther King Junior Drive Southwest","road_type":"secondary","osm_id":9241228}},{"type":"Feature","geometry":{"type":"LineString","coordinates":[[-84.4454103002451,33.7506611996547],[-84.44537509988089,33.75064379957172],[-84.44522200019509,33.75060769988551]]},"properties":{"overall":23,"safety":61,"sidewalk":0,"sidewalk_present":0,"canopy":7.9,"comfort":36.6,"name":"","road_type":"footway","osm_id":1451767541}},{"type":"Feature","geometry":{"type":"LineString","coordinates":[[-84.44541269963634,33.750634600406556],[-84.44537509988089,33.75064379957172]]},"properties":{"overall":22,"safety":57,"sidewalk":0,"sidewalk_present":0,"canopy":10.5,"comfort":37.8,"name":"","road_type":"footway","osm_id":1451767542}},{"type":"Feature","geometry":{"type":"LineString","coordinates":[[-84.44568630038242,33.75070629975596],[-84.44611059962443,33.750657900042086]]},"properties":{"overall":6,"safety":5,"sidewalk":0,"sidewalk_present":0,"canopy":13.2,"comfort":37.3,"name":"Martin Luther King Junior Drive Southwest","road_type":"secondary","osm_id":146842405}},{"type":"Feature","geometry":{"type":"LineString","coordinates":[[-84.44531099980276,33.75103650023436],[-84.44512829983114,33.75096689990255],[-84.44490249985046,33.750867700184244],[-84.444688099676,33.75077099968195],[-84.44452639977351,33.75068579970991],[-84.44436600029064,33.750598999844044],[-84.44420869987158,33.75050619970142],[-84.44392120010326,33.75032940018173]]},"properties":{"overall":58,"safety":66,"sidewalk":100,"sidewalk_present":1,"canopy":7.7,"comfort":36.9,"name":"Ralph David Abernathy Freeway","road_type":"motorway","osm_id":46225730}},{"type":"Feature","geometry":{"type":"LineString","coordinates":[[-84.44568630038242,33.75070629975596],[-84.44549109983433,33.75068590043401],[-84.44547529964535,33.750688700023545],[-84.44504540032494,33.75077830037833]]},"properties":{"overall":11,"safety":26,"sidewalk":0,"sidewalk_present":0,"canopy":8.4,"comfort":36.4,"name":"Martin Luther King Junior Drive Southwest","road_type":"secondary","osm_id":146842407}},{"type":"Feature","geometry":{"type":"LineString","coordinates":[[-84.44667280000965,33.75068719995437],[-84.44654919988562,33.7507090004201],[-84.44644030007976,33.750728299871184]]},"properties":{"overall":39,"safety":0,"sidewalk":100,"sidewalk_present":1,"canopy":18.1,"comfort":38.9,"name":"","road_type":"service","osm_id":1111342806}},{"type":"Feature","geometry":{"type":"LineString","coordinates":[[-84.44656190011159,33.75075769960819],[-84.44654919988562,33.7507090004201]]},"properties":{"overall":39,"safety":0,"sidewalk":100,"sidewalk_present":1,"canopy":17.8,"comfort":39.1,"name":"","road_type":"service","osm_id":1111342810}},{"type":"Feature","geometry":{"type":"LineString","coordinates":[[-84.44636270027837,33.75074200014325],[-84.44636370032447,33.75072429968674],[-84.44636170023222,33.75071640004188],[-84.4463387000709,33.75062690041119]]},"properties":{"overall":38,"safety":0,"sidewalk":100,"sidewalk_present":1,"canopy":14.7,"comfort":37.0,"name":"","road_type":"service","osm_id":1376758243}},{"type":"Feature","geometry":{"type":"LineString","coordinates":[[-84.44620970041728,33.75102990010987],[-84.4462188995825,33.75081099972789],[-84.44623409992374,33.750764600106265],[-84.44623579964241,33.75074879991723],[-84.44631040020477,33.75072490043385],[-84.44636170023222,33.75071640004188],[-84.44666800032792,33.75066600023575],[-84.44723520004442,33.75057270007011]]},"properties":{"overall":52,"safety":47,"sidewalk":100,"sidewalk_present":1,"canopy":9.9,"comfort":35.3,"name":"","road_type":"footway","osm_id":1223082778}},{"type":"Feature","geometry":{"type":"LineString","coordinates":[[-84.4464553996969,33.75077890022612],[-84.44644030007976,33.750728299871184]]},"properties":{"overall":39,"safety":0,"sidewalk":100,"sidewalk_present":1,"canopy":17.8,"comfort":38.0,"name":"","road_type":"service","osm_id":1111342809}},{"type":"Feature","geometry":{"type":"LineString","coordinates":[[-84.44561410011062,33.75084899968164],[-84.4455915001476,33.750783699907856],[-84.44557469991241,33.750730600336965],[-84.44547529964535,33.750688700023545],[-84.4454103002451,33.7506611996547]]},"properties":{"overall":52,"safety":44,"sidewalk":100,"sidewalk_present":1,"canopy":11.7,"comfort":37.6,"name":"","road_type":"footway","osm_id":1223082767}},{"type":"Feature","geometry":{"type":"LineString","coordinates":[[-84.44644030007976,33.750728299871184],[-84.44636270027837,33.75074200014325]]},"properties":{"overall":38,"safety":0,"sidewalk":100,"sidewalk_present":1,"canopy":14.3,"comfort":36.8,"name":"","road_type":"service","osm_id":1376758244}},{"type":"Feature","geometry":{"type":"LineString","coordinates":[[-84.44657660042975,33.750814499889316],[-84.44656190011159,33.75075769960819]]},"properties":{"overall":7,"safety":0,"sidewalk":0,"sidewalk_present":0,"canopy":22.0,"comfort":40.4,"name":"","road_type":"service","osm_id":1111342807}},{"type":"Feature","geometry":{"type":"LineString","coordinates":[[-84.44611790032081,33.75114499984193],[-84.44615049984566,33.75098480000855],[-84.44615579955047,33.75091679957069],[-84.44615850021455,33.750768499566675],[-84.44615380035754,33.75075769960819],[-84.44611059962443,33.750657900042086]]},"properties":{"overall":12,"safety":29,"sidewalk":0,"sidewalk_present":0,"canopy":8.4,"comfort":36.0,"name":"Anderson Avenue Southwest","road_type":"secondary","osm_id":146842409}},{"type":"Feature","geometry":{"type":"LineString","coordinates":[[-84.44647119988593,33.75083139994922],[-84.4464553996969,33.75077890022612]]},"properties":{"overall":6,"safety":0,"sidewalk":0,"sidewalk_present":0,"canopy":17.8,"comfort":38.2,"name":"","road_type":"service","osm_id":1111342808}},{"type":"Feature","geometry":{"type":"LineString","coordinates":[[-84.44623579964241,33.75074879991723],[-84.44615380035754,33.75075769960819],[-84.44608599956916,33.75076510012934],[-84.44593940018314,33.75078109996787],[-84.44587799986977,33.75080710026754],[-84.44579759957952,33.75085449993526]]},"properties":{"overall":40,"safety":6,"sidewalk":100,"sidewalk_present":1,"canopy":13.1,"comfort":36.6,"name":"","road_type":"footway","osm_id":1223082764}},{"type":"Feature","geometry":{"type":"LineString","coordinates":[[-84.44638070020909,33.75088040041021],[-84.44635939976644,33.75079880042438],[-84.44636270027837,33.75074200014325]]},"properties":{"overall":37,"safety":0,"sidewalk":100,"sidewalk_present":1,"canopy":12.4,"comfort":35.9,"name":"","road_type":"service","osm_id":1111342805}},{"type":"Feature","geometry":{"type":"LineString","coordinates":[[-84.44568630038242,33.75070629975596],[-84.44586729973605,33.75080109999084],[-84.44587799986977,33.75080710026754],[-84.44593189983726,33.75083759987541]]},"properties":{"overall":7,"safety":10,"sidewalk":0,"sidewalk_present":0,"canopy":11.2,"comfort":36.3,"name":"","road_type":"secondary_link","osm_id":181273006}},{"type":"Feature","geometry":{"type":"LineString","coordinates":[[-84.44658330037896,33.750840500188986],[-84.44657660042975,33.750814499889316]]},"properties":{"overall":8,"safety":0,"sidewalk":0,"sidewalk_present":0,"canopy":24.8,"comfort":41.1,"name":"","road_type":"service","osm_id":1111342811}},{"type":"Feature","geometry":{"type":"LineString","coordinates":[[-84.44664839960393,33.750578499797996],[-84.44666800032792,33.75066600023575],[-84.44667280000965,33.75068719995437],[-84.446675800148,33.75070050002813],[-84.44670169972363,33.75081709982936],[-84.44658330037896,33.750840500188986],[-84.44647999975217,33.75086079968622],[-84.44638070020909,33.75088040041021],[-84.44638230010304,33.75097469972269]]},"properties":{"overall":46,"safety":23,"sidewalk":100,"sidewalk_present":1,"canopy":16.5,"comfort":38.4,"name":"","road_type":"service","osm_id":1111342804}},{"type":"Feature","geometry":{"type":"LineString","coordinates":[[-84.44611059962443,33.750657900042086],[-84.44608599956916,33.75076510012934],[-84.44607130015032,33.75082949968174],[-84.44608100023794,33.75099819990703],[-84.44611790032081,33.75114499984193]]},"properties":{"overall":13,"safety":29,"sidewalk":0,"sidewalk_present":0,"canopy":9.4,"comfort":36.5,"name":"Anderson Avenue Southwest","road_type":"secondary","osm_id":146842411}},{"type":"Feature","geometry":{"type":"LineString","coordinates":[[-84.44647999975217,33.75086079968622],[-84.44647119988593,33.75083139994922]]},"properties":{"overall":7,"safety":0,"sidewalk":0,"sidewalk_present":0,"canopy":22.0,"comfort":39.7,"name":"","road_type":"service","osm_id":1111342812}},{"type":"Feature","geometry":{"type":"LineString","coordinates":[[-84.4441438002961,33.75104990013284],[-84.44433020007864,33.75108620036792],[-84.44530589974744,33.75087759992135],[-84.445492799553,33.7508462000921],[-84.44564549993981,33.750825799870825],[-84.44578850023908,33.75081700000459],[-84.44593189983726,33.75083759987541]]},"properties":{"overall":48,"safety":35,"sidewalk":100,"sidewalk_present":1,"canopy":9.7,"comfort":36.0,"name":"","road_type":"secondary_link","osm_id":1451767550}},{"type":"Feature","geometry":{"type":"LineString","coordinates":[[-84.44561410011062,33.75084899968164],[-84.44561920016594,33.75086289960319]]},"properties":{"overall":48,"safety":30,"sidewalk":100,"sidewalk_present":1,"canopy":13.2,"comfort":37.3,"name":"","road_type":"footway","osm_id":1451767543}},{"type":"Feature","geometry":{"type":"LineString","coordinates":[[-84.4441438002961,33.75104990013284],[-84.44424869991752,33.75104549975009],[-84.44431880027236,33.75104260033578],[-84.4449889004174,33.750894099782954],[-84.44540010013446,33.75081490008762],[-84.4455915001476,33.750783699907856],[-84.44568630038242,33.75070629975596]]},"properties":{"overall":7,"safety":12,"sidewalk":0,"sidewalk_present":0,"canopy":8.7,"comfort":35.9,"name":"Martin Luther King Junior Drive Southwest","road_type":"secondary","osm_id":146842402}},{"type":"Feature","geometry":{"type":"LineString","coordinates":[[-84.44783100000063,33.750537399881125],[-84.44784249963163,33.750734200323166]]},"properties":{"overall":9,"safety":23,"sidewalk":0,"sidewalk_present":0,"canopy":4.2,"comfort":31.9,"name":"","road_type":"service","osm_id":562376011}},{"type":"Feature","geometry":{"type":"LineString","coordinates":[[-84.4502926998482,33.750796800332125],[-84.45067990025717,33.75073869963131],[-84.45073890027999,33.75069299968226]]},"properties":{"overall":32,"safety":80,"sidewalk":0,"sidewalk_present":0,"canopy":16.0,"comfort":36.1,"name":"","road_type":"service","osm_id":973937524}},{"type":"Feature","geometry":{"type":"LineString","coordinates":[[-84.45018840007458,33.7507744000186],[-84.45022659967782,33.75076660019852],[-84.4502926998482,33.750796800332125]]},"properties":{"overall":38,"safety":95,"sidewalk":0,"sidewalk_present":0,"canopy":19.9,"comfort":37.6,"name":"","road_type":"service","osm_id":561240866}},{"type":"Feature","geometry":{"type":"LineString","coordinates":[[-84.44996040035215,33.75074929994031],[-84.45002810041649,33.75076720004631],[-84.45004219998748,33.75081070025368]]},"properties":{"overall":37,"safety":100,"sidewalk":0,"sidewalk_present":0,"canopy":11.5,"comfort":35.6,"name":"","road_type":"service","osm_id":561240872}},{"type":"Feature","geometry":{"type":"LineString","coordinates":[[-84.45004219998748,33.75081070025368],[-84.45018840007458,33.7507744000186]]},"properties":{"overall":38,"safety":100,"sidewalk":0,"sidewalk_present":0,"canopy":13.3,"comfort":35.5,"name":"","road_type":"service","osm_id":561240871}},{"type":"Feature","geometry":{"type":"LineString","coordinates":[[-84.44784249963163,33.750734200323166],[-84.44754550032457,33.75077880040135]]},"properties":{"overall":20,"safety":56,"sidewalk":0,"sidewalk_present":0,"canopy":4.2,"comfort":32.1,"name":"","road_type":"service","osm_id":562376010}},{"type":"Feature","geometry":{"type":"LineString","coordinates":[[-84.44827530016494,33.75061609955338],[-84.4482779999297,33.75088370002277]]},"properties":{"overall":3,"safety":0,"sidewalk":0,"sidewalk_present":0,"canopy":9.4,"comfort":34.2,"name":"","road_type":"service","osm_id":562376016}},{"type":"Feature","geometry":{"type":"LineString","coordinates":[[-84.44827930034938,33.751007499796344],[-84.44798159957111,33.75100410035901]]},"properties":{"overall":5,"safety":0,"sidewalk":0,"sidewalk_present":0,"canopy":13.6,"comfort":36.2,"name":"","road_type":"service","osm_id":562376014}},{"type":"Feature","geometry":{"type":"LineString","coordinates":[[-84.4482779999297,33.75088370002277],[-84.44827930034938,33.751007499796344]]},"properties":{"overall":4,"safety":0,"sidewalk":0,"sidewalk_present":0,"canopy":10.9,"comfort":35.2,"name":"","road_type":"service","osm_id":562376015}},{"type":"Feature","geometry":{"type":"LineString","coordinates":[[-84.44882099978929,33.75049219995509],[-84.44882249985847,33.75073909982967],[-84.44881329979393,33.75104249961174],[-84.4486740002049,33.75103919999913]]},"properties":{"overall":33,"safety":71,"sidewalk":0,"sidewalk_present":0,"canopy":28.1,"comfort":41.8,"name":"","road_type":"service","osm_id":1229451790}},{"type":"Feature","geometry":{"type":"LineString","coordinates":[[-84.44593189983726,33.75083759987541],[-84.44598820009531,33.75088229977837],[-84.44603239997525,33.750929099598295],[-84.44605929959698,33.75096589985645],[-84.44608100023794,33.75099819990703]]},"properties":{"overall":23,"safety":59,"sidewalk":0,"sidewalk_present":0,"canopy":10.1,"comfort":35.8,"name":"","road_type":"secondary_link","osm_id":1451767551}},{"type":"Feature","geometry":{"type":"LineString","coordinates":[[-84.44595459962505,33.7509284997505],[-84.445875300105,33.75087099979686],[-84.44579759957952,33.75085449993526],[-84.44570840032236,33.75085209964476],[-84.44561920016594,33.75086289960319],[-84.44552580017552,33.7508741995847],[-84.44504640037104,33.750949499819626],[-84.4443932002859,33.75112769958372],[-84.44425930022646,33.75115500030307],[-84.4442146003235,33.75117529980031],[-84.44420040002842,33.75121920020598],[-84.44420550008374,33.75146259991908]]},"properties":{"overall":47,"safety":32,"sidewalk":100,"sidewalk_present":1,"canopy":9.8,"comfort":36.3,"name":"","road_type":"footway","osm_id":1223082777}},{"type":"Feature","geometry":{"type":"LineString","coordinates":[[-84.44728829961531,33.75049300035175],[-84.44728790031633,33.75056579957203],[-84.44728690027017,33.750748999566724],[-84.44729229979976,33.7509174003178],[-84.4473123996475,33.751002200091534],[-84.44730440017787,33.75104680016972],[-84.44726950018725,33.75106020006825],[-84.447218499634,33.75106129993907],[-84.44709779982355,33.75099099993474]]},"properties":{"overall":29,"safety":66,"sidewalk":0,"sidewalk_present":0,"canopy":19.6,"comfort":37.6,"name":"","road_type":"service","osm_id":783559576}},{"type":"Feature","geometry":{"type":"LineString","coordinates":[[-84.44587559957921,33.75122010042736],[-84.44551190025396,33.75111179956997],[-84.44531099980276,33.75103650023436]]},"properties":{"overall":27,"safety":72,"sidewalk":0,"sidewalk_present":0,"canopy":10.1,"comfort":36.8,"name":"Ralph David Abernathy Freeway","road_type":"motorway","osm_id":46225729}},{"type":"Feature","geometry":{"type":"LineString","coordinates":[[-84.44635109992328,33.75133720025167],[-84.44606000016881,33.7512707997077],[-84.44587559957921,33.75122010042736]]},"properties":{"overall":65,"safety":88,"sidewalk":100,"sidewalk_present":1,"canopy":6.7,"comfort":36.5,"name":"Ralph David Abernathy Freeway","road_type":"motorway","osm_id":42003950}},{"type":"Feature","geometry":{"type":"LineString","coordinates":[[-84.44967870031172,33.75128819979062],[-84.44810709996267,33.751338300122484],[-84.448018100355,33.75133839994726],[-84.44792289992188,33.751333000417674],[-84.44785180042021,33.75132430037621],[-84.44777650018528,33.75130530039934],[-84.44770360024091,33.75127870025187],[-84.44763680039796,33.751245499979916],[-84.44757959991858,33.751211299661804],[-84.4475273996697,33.75117090031682],[-84.44747029991436,33.75111269979129],[-84.44741360035732,33.751037000257384],[-84.44736099991019,33.75094479996261],[-84.44733820029768,33.75083800007371],[-84.44733050030231,33.7506671999314],[-84.4473302997535,33.75056030021773],[-84.44732650011787,33.75048800012115]]},"properties":{"overall":59,"safety":61,"sidewalk":100,"sidewalk_present":1,"canopy":14.6,"comfort":37.8,"name":"","road_type":"motorway_link","osm_id":9235900}},{"type":"Feature","geometry":{"type":"LineString","coordinates":[[-84.44967870031172,33.75128819979062],[-84.44937929981478,33.75135060015015],[-84.44912050011095,33.75139249956425],[-84.44887970033784,33.75142469979011],[-84.44853249997487,33.75146209989606],[-84.4482721003771,33.75148209991903],[-84.4479883004197,33.75149409957311],[-84.44757199974794,33.75148910024183],[-84.44733010010401,33.751476700389446],[-84.44710089978668,33.75145730021427],[-84.44668479966373,33.75140119960571],[-84.44635109992328,33.75133720025167]]},"properties":{"overall":31,"safety":81,"sidewalk":0,"sidewalk_present":0,"canopy":13.2,"comfort":39.7,"name":"Ralph David Abernathy Freeway","road_type":"motorway","osm_id":477211505}},{"type":"Feature","geometry":{"type":"LineString","coordinates":[[-84.46879480033971,33.75615539995181],[-84.46883369961552,33.75599670018761],[-84.46886799975834,33.7559435997174],[-84.46893309988263,33.75588490006811],[-84.46902079996988,33.75584790016052],[-84.46916349989556,33.755789300336005]]},"properties":{"overall":66,"safety":83,"sidewalk":100,"sidewalk_present":1,"canopy":16.3,"comfort":38.4,"name":"","road_type":"secondary_link","osm_id":630401537}},{"type":"Feature","geometry":{"type":"LineString","coordinates":[[-84.46888530001655,33.75596869979569],[-84.46886799975834,33.7559435997174],[-84.46884620019193,33.75591200023865]]},"properties":{"overall":52,"safety":41,"sidewalk":100,"sidewalk_present":1,"canopy":13.9,"comfort":37.7,"name":"","road_type":"footway","osm_id":1353703294}},{"type":"Feature","geometry":{"type":"LineString","coordinates":[[-84.46889090009495,33.75597689981413],[-84.46888530001655,33.75596869979569]]},"properties":{"overall":56,"safety":53,"sidewalk":100,"sidewalk_present":1,"canopy":13.9,"comfort":37.4,"name":"","road_type":"footway","osm_id":1451506441}},{"type":"Feature","geometry":{"type":"LineString","coordinates":[[-84.4697273999995,33.755782899861],[-84.46973550019317,33.75588580028949],[-84.46977590043741,33.75597169993404],[-84.46979800037735,33.7560189997771]]},"properties":{"overall":18,"safety":42,"sidewalk":0,"sidewalk_present":0,"canopy":11.3,"comfort":33.6,"name":"","road_type":"motorway_link","osm_id":144080297}},{"type":"Feature","geometry":{"type":"LineString","coordinates":[[-84.47093020006866,33.75610800028403],[-84.47097249968107,33.75605349956942],[-84.47097409957502,33.75599939995237],[-84.47093410042834,33.755928500100254]]},"properties":{"overall":40,"safety":96,"sidewalk":0,"sidewalk_present":0,"canopy":22.7,"comfort":36.6,"name":"","road_type":"residential","osm_id":1025118772}},{"type":"Feature","geometry":{"type":"LineString","coordinates":[[-84.47093410042834,33.755928500100254],[-84.47089260031322,33.755992899652654],[-84.47089249958913,33.75603880015058],[-84.47089270013794,33.75605329991993],[-84.47093020006866,33.75610800028403]]},"properties":{"overall":39,"safety":97,"sidewalk":0,"sidewalk_present":0,"canopy":21.4,"comfort":36.1,"name":"","road_type":"residential","osm_id":1025118773}},{"type":"Feature","geometry":{"type":"LineString","coordinates":[[-84.47093000041917,33.75612910017787],[-84.47093020006866,33.75610800028403]]},"properties":{"overall":41,"safety":99,"sidewalk":0,"sidewalk_present":0,"canopy":25.2,"comfort":37.3,"name":"Laurel Circle","road_type":"residential","osm_id":1051484877}},{"type":"Feature","geometry":{"type":"LineString","coordinates":[[-84.46860870003144,33.75670559978363],[-84.46839219994001,33.756553400319206],[-84.46814339979801,33.75637280026456],[-84.46791580027394,33.756188600223766],[-84.46756700001703,33.75591000014646],[-84.46719299985705,33.755600000239895],[-84.46648699967528,33.754974000150014]]},"properties":{"overall":25,"safety":56,"sidewalk":0,"sidewalk_present":0,"canopy":18.8,"comfort":39.4,"name":"","road_type":"motorway","osm_id":42003941}},{"type":"Feature","geometry":{"type":"LineString","coordinates":[[-84.46865719957009,33.755793900368246],[-84.46879480033971,33.75615539995181],[-84.46882499957405,33.75627499989139],[-84.46886000028877,33.75646799979842],[-84.4689068001087,33.75667450032796],[-84.46918120035207,33.75829939989745],[-84.46926030022263,33.75876610037528]]},"properties":{"overall":20,"safety":46,"sidewalk":0,"sidewalk_present":0,"canopy":14.7,"comfort":35.7,"name":"Hamilton E Holmes Drive Northwest","road_type":"secondary","osm_id":630401538}},{"type":"Feature","geometry":{"type":"LineString","coordinates":[[-84.47204890003667,33.75731550021021],[-84.47295569994554,33.75650039967377]]},"properties":{"overall":41,"safety":98,"sidewalk":0,"sidewalk_present":0,"canopy":24.1,"comfort":37.4,"name":"Rosewood Way","road_type":"residential","osm_id":243349005}},{"type":"Feature","geometry":{"type":"LineString","coordinates":[[-84.46982620041877,33.75578499977797],[-84.47002659994757,33.75578680022073],[-84.47093899993484,33.75579500023912],[-84.47316579956197,33.75580649987012],[-84.47522399968778,33.755847999985235],[-84.47618900012225,33.755861999731565],[-84.478912499812,33.75589300026178],[-84.4800721998721,33.7559061996115],[-84.48128610027328,33.75591999970828],[-84.48216300042208,33.75593000016943]]},"properties":{"overall":27,"safety":44,"sidewalk":0,"sidewalk_present":0,"canopy":36.3,"comfort":50.0,"name":"Burton Road Northwest","road_type":"tertiary","osm_id":144080299}},{"type":"Feature","geometry":{"type":"LineString","coordinates":[[-84.47451979994878,33.75589999968531],[-84.47325449969537,33.755891500192604]]},"properties":{"overall":50,"safety":94,"sidewalk":0,"sidewalk_present":0,"canopy":55.1,"comfort":59.7,"name":"","road_type":"service","osm_id":564337335}},{"type":"Feature","geometry":{"type":"LineString","coordinates":[[-84.47924309958933,33.75596349991565],[-84.47325449969537,33.755891500192604]]},"properties":{"overall":47,"safety":94,"sidewalk":0,"sidewalk_present":0,"canopy":46.8,"comfort":60.5,"name":"","road_type":"service","osm_id":564337334}},{"type":"Feature","geometry":{"type":"LineString","coordinates":[[-84.47564839965389,33.755911000192555],[-84.47451979994878,33.75589999968531]]},"properties":{"overall":33,"safety":98,"sidewalk":0,"sidewalk_present":0,"canopy":0.0,"comfort":0.0,"name":"","road_type":"service","osm_id":564337343}},{"type":"Feature","geometry":{"type":"LineString","coordinates":[[-84.4819235999941,33.75516320042141],[-84.48617960020835,33.75536119965966],[-84.48197070018762,33.75559090000007],[-84.47564839965389,33.755911000192555],[-84.47690640011024,33.75594030010484],[-84.48518029963111,33.75525370009825]]},"properties":{"overall":38,"safety":80,"sidewalk":0,"sidewalk_present":0,"canopy":33.7,"comfort":49.0,"name":"","road_type":"service","osm_id":564337336}},{"type":"Feature","geometry":{"type":"LineString","coordinates":[[-84.47325449969537,33.755891500192604],[-84.47822610035422,33.755950100017174],[-84.47690640011024,33.75594030010484]]},"properties":{"overall":49,"safety":97,"sidewalk":0,"sidewalk_present":0,"canopy":49.3,"comfort":62.5,"name":"","road_type":"service","osm_id":564337344}},{"type":"Feature","geometry":{"type":"LineString","coordinates":[[-84.48026450010656,33.755980700349085],[-84.47924309958933,33.75596349991565]]},"properties":{"overall":40,"safety":88,"sidewalk":0,"sidewalk_present":0,"canopy":31.2,"comfort":46.7,"name":"","road_type":"service","osm_id":564337345}},{"type":"Feature","geometry":{"type":"LineString","coordinates":[[-84.47522399968778,33.755847999985235],[-84.47520499971091,33.757116000003464],[-84.47512100033384,33.75741899958723],[-84.47511199991885,33.757696999816744]]},"properties":{"overall":44,"safety":93,"sidewalk":0,"sidewalk_present":0,"canopy":37.5,"comfort":56.4,"name":"Hollis Terrace Northwest","road_type":"residential","osm_id":9247261}},{"type":"Feature","geometry":{"type":"LineString","coordinates":[[-84.47618900012225,33.755861999731565],[-84.47619699959182,33.756201000076146],[-84.47618299984555,33.75715399995721],[-84.47620299986852,33.757257000210416],[-84.47624500000671,33.757351000048686],[-84.47639100044427,33.75750900014032],[-84.47645899998281,33.75757699967886],[-84.47665500002819,33.75764900030117],[-84.47678100044277,33.757668000278045],[-84.4779551004475,33.75768119962771],[-84.48290599961217,33.757736999862686]]},"properties":{"overall":31,"safety":93,"sidewalk":0,"sidewalk_present":0,"canopy":0.0,"comfort":0.0,"name":"Hedgewood Drive Northwest","road_type":"residential","osm_id":9268544}},{"type":"Feature","geometry":{"type":"LineString","coordinates":[[-84.4709291001978,33.75621740011297],[-84.4725271001455,33.75622800042191],[-84.47265790024187,33.75623590006677],[-84.47295569994554,33.75650039967377],[-84.47359860009527,33.75707109955164],[-84.47367190023795,33.7571611999295],[-84.47369739961528,33.75734680021469],[-84.47367510002579,33.75758009964193],[-84.47365920001204,33.757651700065935],[-84.47355070040447,33.75769410040249],[-84.47341039987003,33.75769680016725],[-84.472903399872,33.757635800052185],[-84.47211889966746,33.7573627002285],[-84.47204890003667,33.75731550021021],[-84.47157680002925,33.756996800262186],[-84.47092629970894,33.75638439972033],[-84.4709291001978,33.75621740011297],[-84.47093000041917,33.75612910017787]]},"properties":{"overall":43,"safety":99,"sidewalk":0,"sidewalk_present":0,"canopy":30.4,"comfort":40.3,"name":"Laurel Circle","road_type":"residential","osm_id":243349004}},{"type":"Feature","geometry":{"type":"LineString","coordinates":[[-84.46937919959038,33.758522500113315],[-84.46938600026368,33.75851690003498],[-84.4693677997841,33.75849530011806],[-84.46935060024998,33.758466799703115],[-84.46933809967351,33.75844350006753],[-84.4693261998442,33.75841880018754],[-84.46931790000104,33.758395499652636],[-84.46930910013481,33.758357100399905],[-84.4693028003839,33.75831949974514],[-84.46925710043479,33.758052099824624],[-84.46902330008521,33.75672030010185],[-84.46893390027924,33.75622479973475],[-84.46891049991962,33.75615869956437],[-84.46888399959687,33.75608960015495],[-84.46887779967068,33.75604080024277],[-84.46888349957379,33.755995899791],[-84.46889090009495,33.75597689981413],[-84.46889290018714,33.75597169993404],[-84.46891049991962,33.75594750007713],[-84.46893240021006,33.75592979962062],[-84.46896509955968,33.75590950012338]]},"properties":{"overall":57,"safety":56,"sidewalk":100,"sidewalk_present":1,"canopy":14.2,"comfort":34.6,"name":"","road_type":"footway","osm_id":1451506440}},{"type":"Feature","geometry":{"type":"LineString","coordinates":[[-84.46919520009834,33.75692230042387],[-84.4689426003207,33.7567880999909],[-84.46860870003144,33.75670559978363]]},"properties":{"overall":41,"safety":15,"sidewalk":100,"sidewalk_present":1,"canopy":9.4,"comfort":31.5,"name":"","road_type":"motorway_link","osm_id":89533510}},{"type":"Feature","geometry":{"type":"LineString","coordinates":[[-84.46922359978925,33.75708460017421],[-84.46887760002119,33.75687580007815],[-84.46860870003144,33.75670559978363]]},"properties":{"overall":41,"safety":15,"sidewalk":100,"sidewalk_present":1,"canopy":6.6,"comfort":30.2,"name":"","road_type":"motorway","osm_id":42003939}},{"type":"Feature","geometry":{"type":"LineString","coordinates":[[-84.46923730006131,33.7557889001377],[-84.46963099987073,33.75591999970828],[-84.46979800037735,33.7560189997771],[-84.4700470001689,33.75642799975242],[-84.47007830017338,33.756505800102616],[-84.47009270011796,33.756581200162316],[-84.47009299959223,33.75665400028191],[-84.47007940004426,33.75672829957142],[-84.47005680008124,33.7567845000047],[-84.47002840039033,33.75683210022129],[-84.47000190006759,33.75687200044251],[-84.46997110008618,33.7569067997091],[-84.46992469956518,33.75694450018858],[-84.46986969972681,33.756978199584296],[-84.46982149966243,33.75700300018838],[-84.46976099957044,33.75702639964868],[-84.46971280040538,33.7570393004234],[-84.46964799975535,33.75704910033579],[-84.46956849968649,33.75705549991142],[-84.46952520002793,33.75705170027578],[-84.46947239993125,33.757042600036016],[-84.46942689963169,33.75702750041887],[-84.46919520009834,33.75692230042387]]},"properties":{"overall":29,"safety":71,"sidewalk":0,"sidewalk_present":0,"canopy":15.5,"comfort":33.3,"name":"","road_type":"motorway_link","osm_id":9239700}},{"type":"Feature","geometry":{"type":"LineString","coordinates":[[-84.47309579993117,33.758333200017205],[-84.47199850023054,33.75801659998615],[-84.47167349963229,33.75790510024024],[-84.47136499979484,33.757776999908685],[-84.47121760001221,33.757705500208715],[-84.4710759999574,33.7576179997709],[-84.47094669993021,33.75752709989581],[-84.47081999984306,33.757423999817775],[-84.47072370043838,33.75733500021016],[-84.47062499984384,33.7572259996802],[-84.47046399961386,33.75700700037282],[-84.47010180035778,33.75629499991436]]},"properties":{"overall":32,"safety":81,"sidewalk":0,"sidewalk_present":0,"canopy":15.2,"comfort":35.0,"name":"","road_type":"motorway_link","osm_id":9239696}},{"type":"Feature","geometry":{"type":"LineString","coordinates":[[-84.47309579993117,33.758333200017205],[-84.47229450039083,33.7581972000408],[-84.4720172996586,33.75813660012403],[-84.47168369974293,33.75805860012434],[-84.47132360040382,33.757966999677365],[-84.47101359959788,33.75786839980685],[-84.47068109955308,33.75775570036535],[-84.47036129973418,33.75762850025512],[-84.47008159978594,33.75751040038472],[-84.4697808997687,33.75737479970729],[-84.4695089996406,33.75723939957868],[-84.46922359978925,33.75708460017421]]},"properties":{"overall":21,"safety":52,"sidewalk":0,"sidewalk_present":0,"canopy":10.1,"comfort":33.3,"name":"","road_type":"motorway","osm_id":191520269}},{"type":"Feature","geometry":{"type":"LineString","coordinates":[[-84.46926070042093,33.75729710008113],[-84.4696519999398,33.75748959996514],[-84.4702139997762,33.757723000116414],[-84.47074369956204,33.75793430032775],[-84.47122320009055,33.75809869999506],[-84.47165999990904,33.758225999930005],[-84.47195299993098,33.7582959995608],[-84.47224699999902,33.758357999721966],[-84.4725798004174,33.75842640035813],[-84.47284179990908,33.75846919999361],[-84.47309899971901,33.75850500020567],[-84.47425020028646,33.75867950015885]]},"properties":{"overall":32,"safety":82,"sidewalk":0,"sidewalk_present":0,"canopy":14.3,"comfort":37.2,"name":"","road_type":"motorway","osm_id":42003934}},{"type":"Feature","geometry":{"type":"LineString","coordinates":[[-84.4693398002915,33.75855199967509],[-84.46935959976565,33.75853720043153],[-84.46937919959038,33.758522500113315]]},"properties":{"overall":64,"safety":85,"sidewalk":100,"sidewalk_present":1,"canopy":7.8,"comfort":33.0,"name":"","road_type":"footway","osm_id":1451506439}},{"type":"Feature","geometry":{"type":"LineString","coordinates":[[-84.46932829976117,33.75855799995179],[-84.4693398002915,33.75855199967509]]},"properties":{"overall":62,"safety":77,"sidewalk":100,"sidewalk_present":1,"canopy":9.7,"comfort":33.7,"name":"","road_type":"footway","osm_id":1451506437}},{"type":"Feature","geometry":{"type":"LineString","coordinates":[[-84.4693840999962,33.75879030023225],[-84.46932960018086,33.758560400242345],[-84.46932829976117,33.75855799995179],[-84.46931670030546,33.758536700408456],[-84.46928340020872,33.75847899990595]]},"properties":{"overall":59,"safety":67,"sidewalk":100,"sidewalk_present":1,"canopy":11.3,"comfort":34.9,"name":"","road_type":"footway","osm_id":1451506436}},{"type":"Feature","geometry":{"type":"LineString","coordinates":[[-84.46926070042093,33.75729710008113],[-84.46961240009216,33.75755880009859],[-84.46988590011415,33.757719099756684],[-84.470048000215,33.757843500277374],[-84.47018100005306,33.75798599965424],[-84.47026799956848,33.75810299965377],[-84.47030500037545,33.75822199974556],[-84.47030000014485,33.75835100029849],[-84.4702539998222,33.75846800029802],[-84.47017199963801,33.758568999559714],[-84.4700429999844,33.75865499992835],[-84.4698720001926,33.75870699962837],[-84.46969800026244,33.75870799967447],[-84.46952500037844,33.7586590001128],[-84.46942100007908,33.75860059993778],[-84.46937670037437,33.75855799995179],[-84.46935959976565,33.75853720043153],[-84.46933480006095,33.75850700029787],[-84.46930590034697,33.75846040012743],[-84.46918120035207,33.75829939989745]]},"properties":{"overall":67,"safety":86,"sidewalk":100,"sidewalk_present":1,"canopy":15.5,"comfort":34.6,"name":"","road_type":"motorway_link","osm_id":9239740}},{"type":"Feature","geometry":{"type":"LineString","coordinates":[[-84.46926030022263,33.75876610037528],[-84.46933370019008,33.7588052001999],[-84.4693861000884,33.75882220008452],[-84.46947470039709,33.75884439984924],[-84.46963459985687,33.75884549972011],[-84.46978990018368,33.75883230037044],[-84.46998619970333,33.75879180030137],[-84.47013000039914,33.75874200034309],[-84.47048299959073,33.75860899960571],[-84.47085699975071,33.758513999721345],[-84.47115700009545,33.75846300006748],[-84.4714619997714,33.75843699976775],[-84.47192699963131,33.75844300004445],[-84.47290320022245,33.75855389994257],[-84.47425020028646,33.75867950015885]]},"properties":{"overall":66,"safety":66,"sidewalk":100,"sidewalk_present":1,"canopy":31.7,"comfort":46.0,"name":"","road_type":"motorway_link","osm_id":9240185}},{"type":"Feature","geometry":{"type":"LineString","coordinates":[[-84.47002140006754,33.76642190035045],[-84.46943060034192,33.758760299748076]]},"properties":{"overall":60,"safety":60,"sidewalk":100,"sidewalk_present":1,"canopy":19.7,"comfort":41.1,"name":"","road_type":"service","osm_id":564337316}},{"type":"Feature","geometry":{"type":"LineString","coordinates":[[-84.4693927002129,33.75892699988117],[-84.46939000044813,33.75888489991826],[-84.4693861000884,33.75882220008452],[-84.4693840999962,33.75879030023225]]},"properties":{"overall":52,"safety":38,"sidewalk":100,"sidewalk_present":1,"canopy":16.6,"comfort":38.7,"name":"","road_type":"footway","osm_id":1451506438}},{"type":"Feature","geometry":{"type":"LineString","coordinates":[[-84.46928869991353,33.75899660021298],[-84.46930979980738,33.75895200013474],[-84.46935470025915,33.7589074000565],[-84.46939000044813,33.75888489991826],[-84.46940710015753,33.75887400013505],[-84.46947470039709,33.75884439984924]]},"properties":{"overall":55,"safety":50,"sidewalk":100,"sidewalk_present":1,"canopy":16.4,"comfort":39.4,"name":"","road_type":"motorway_link","osm_id":630401531}},{"type":"Feature","geometry":{"type":"LineString","coordinates":[[-84.46939859976555,33.758932599959564],[-84.4693927002129,33.75892699988117]]},"properties":{"overall":53,"safety":43,"sidewalk":100,"sidewalk_present":1,"canopy":16.6,"comfort":39.1,"name":"","road_type":"footway","osm_id":1451506435}},{"type":"Feature","geometry":{"type":"LineString","coordinates":[[-84.46944009988067,33.75936970015158],[-84.46939859976555,33.759087400263354],[-84.46939330006069,33.75902519955338],[-84.46939509960413,33.758950000042546],[-84.46939859976555,33.758932599959564],[-84.46941420030504,33.75891820001499],[-84.4694573003141,33.75889629972448],[-84.46949499989427,33.758882399802985]]},"properties":{"overall":55,"safety":41,"sidewalk":100,"sidewalk_present":1,"canopy":23.2,"comfort":43.0,"name":"","road_type":"footway","osm_id":1451506434}},{"type":"Feature","geometry":{"type":"LineString","coordinates":[[-84.46926030022263,33.75876610037528],[-84.46928869991353,33.75899660021298]]},"properties":{"overall":21,"safety":46,"sidewalk":0,"sidewalk_present":0,"canopy":16.8,"comfort":38.9,"name":"Hamilton E Holmes Drive Northwest","road_type":"secondary","osm_id":1378585291}},{"type":"Feature","geometry":{"type":"LineString","coordinates":[[-84.46928869991353,33.75899660021298],[-84.46930259983509,33.759086900240334],[-84.46935149957199,33.75941609977326]]},"properties":{"overall":18,"safety":37,"sidewalk":0,"sidewalk_present":0,"canopy":18.1,"comfort":41.3,"name":"Hamilton E Holmes Drive Northwest","road_type":"secondary","osm_id":1378585290}},{"type":"Feature","geometry":{"type":"LineString","coordinates":[[-84.46946960034177,33.75950949976368],[-84.46946050010195,33.75944310011903],[-84.46944009988067,33.75936970015158]]},"properties":{"overall":45,"safety":18,"sidewalk":100,"sidewalk_present":1,"canopy":18.0,"comfort":42.5,"name":"","road_type":"footway","osm_id":1393660124}},{"type":"Feature","geometry":{"type":"LineString","coordinates":[[-84.46935149957199,33.75941609977326],[-84.46946050010195,33.75944310011903],[-84.46949609976514,33.75944470001292],[-84.46960400042423,33.75944699957944],[-84.47423800008357,33.759505999602254]]},"properties":{"overall":27,"safety":46,"sidewalk":0,"sidewalk_present":0,"canopy":35.4,"comfort":51.0,"name":"Godfrey Drive Northwest","road_type":"residential","osm_id":9268182}},{"type":"Feature","geometry":{"type":"LineString","coordinates":[[-84.46946960034177,33.75950949976368],[-84.46937349968721,33.759504100234096],[-84.46925339972461,33.75949230022951]]},"properties":{"overall":50,"safety":32,"sidewalk":100,"sidewalk_present":1,"canopy":17.5,"comfort":42.4,"name":"","road_type":"footway","osm_id":1393660125}},{"type":"Feature","geometry":{"type":"LineString","coordinates":[[-84.46957640023066,33.760158699664316],[-84.46946519995896,33.7595449996021],[-84.46946960034177,33.75950949976368]]},"properties":{"overall":54,"safety":39,"sidewalk":100,"sidewalk_present":1,"canopy":21.8,"comfort":43.7,"name":"","road_type":"footway","osm_id":1393660127}},{"type":"Feature","geometry":{"type":"LineString","coordinates":[[-84.46943060034192,33.758760299748076],[-84.46947909988052,33.7595703002292],[-84.469431999687,33.760244799857674]]},"properties":{"overall":59,"safety":54,"sidewalk":100,"sidewalk_present":1,"canopy":22.8,"comfort":42.9,"name":"","road_type":"service","osm_id":564337317}},{"type":"Feature","geometry":{"type":"LineString","coordinates":[[-84.46935149957199,33.75941609977326],[-84.46937349968721,33.759504100234096],[-84.46941699989458,33.75969600027025],[-84.46943089981613,33.75977260002554]]},"properties":{"overall":24,"safety":52,"sidewalk":0,"sidewalk_present":0,"canopy":19.5,"comfort":43.1,"name":"Hamilton E Holmes Drive Northwest","road_type":"secondary","osm_id":1379250205}},{"type":"Feature","geometry":{"type":"LineString","coordinates":[[-84.47412500026849,33.75766099995525],[-84.47459999969021,33.75770700027789],[-84.47480700024283,33.75771000041624],[-84.47511199991885,33.757696999816744],[-84.47611999963823,33.75764700020892],[-84.47639100044427,33.75750900014032]]},"properties":{"overall":42,"safety":98,"sidewalk":0,"sidewalk_present":0,"canopy":26.7,"comfort":50.4,"name":"Hedgewood Lane Northwest","road_type":"residential","osm_id":9272434}},{"type":"Feature","geometry":{"type":"LineString","coordinates":[[-84.4779551004475,33.75768119962771],[-84.47793859968658,33.757755200342274],[-84.47791449965439,33.75781139987623],[-84.47788550011569,33.757886000438646],[-84.47785270004204,33.75794389969127],[-84.47783429991296,33.75798479995859],[-84.47782269955792,33.758037799704766],[-84.47783239964548,33.7580739002903],[-84.47787489980675,33.758101999607675],[-84.4779193002355,33.75811409998579],[-84.4779482997742,33.75810280000428],[-84.47796469981103,33.758079500368694],[-84.47795599976956,33.758051400152056],[-84.47793959973268,33.75802739994458],[-84.47791260028623,33.75800489980634],[-84.47787389976065,33.75797519969575],[-84.47785270004204,33.75794389969127]]},"properties":{"overall":33,"safety":100,"sidewalk":0,"sidewalk_present":0,"canopy":0.0,"comfort":0.0,"name":"","road_type":"service","osm_id":733306291}},{"type":"Feature","geometry":{"type":"LineString","coordinates":[[-84.4779442995897,33.75901729990852],[-84.47733900009473,33.75892899997342],[-84.47549699968675,33.75867900013577],[-84.47402800029192,33.75846900034412],[-84.47309579993117,33.758333200017205]]},"properties":{"overall":30,"safety":74,"sidewalk":0,"sidewalk_present":0,"canopy":15.3,"comfort":46.5,"name":"","road_type":"motorway","osm_id":477209397}},{"type":"Feature","geometry":{"type":"LineString","coordinates":[[-84.47425020028646,33.75867950015885],[-84.47732600039456,33.75910800013418],[-84.47785279986681,33.75918440023992]]},"properties":{"overall":39,"safety":83,"sidewalk":0,"sidewalk_present":0,"canopy":33.1,"comfort":54.5,"name":"","road_type":"motorway","osm_id":630401536}},{"type":"Feature","geometry":{"type":"LineString","coordinates":[[-84.47423800008357,33.759505999602254],[-84.47436000031371,33.760265000429456]]},"properties":{"overall":38,"safety":86,"sidewalk":0,"sidewalk_present":0,"canopy":28.6,"comfort":52.7,"name":"Hutton Place Northwest","road_type":"residential","osm_id":9275960}},{"type":"Feature","geometry":{"type":"LineString","coordinates":[[-84.46951299982504,33.760225000383514],[-84.46958749966336,33.7602257998808],[-84.47306399990362,33.760265000429456],[-84.47436000031371,33.760265000429456],[-84.47462299985153,33.760265000429456],[-84.47568009985667,33.760267499645465],[-84.47723899997982,33.76025800010666]]},"properties":{"overall":75,"safety":84,"sidewalk":100,"sidewalk_present":1,"canopy":41.7,"comfort":55.3,"name":"Loghaven Drive Northwest","road_type":"residential","osm_id":9269535}},{"type":"Feature","geometry":{"type":"LineString","coordinates":[[-84.47568009985667,33.760267499645465],[-84.47568369984282,33.76129589958617],[-84.47567439995356,33.761347199613624],[-84.47565699987064,33.76139860036517],[-84.47563050044721,33.761450900438774],[-84.4755892998063,33.76150619975135],[-84.47554540029995,33.7615491999357],[-84.47529240032395,33.76172569998113],[-84.47523400014893,33.76175309962588],[-84.47517300003386,33.761776099787255]]},"properties":{"overall":42,"safety":100,"sidewalk":0,"sidewalk_present":0,"canopy":27.2,"comfort":51.5,"name":"West Simon Terrace Northwest","road_type":"residential","osm_id":9245364}},{"type":"Feature","geometry":{"type":"LineString","coordinates":[[-84.47462299985153,33.760265000429456],[-84.47462640018819,33.76137760029604],[-84.47463949971308,33.7614490001713],[-84.47466619968532,33.76151150035548],[-84.47470359979127,33.76156509994945],[-84.47475799978184,33.761611000447374],[-84.47482400012746,33.76164700030887],[-84.4750456002742,33.76174660022548],[-84.4751105996744,33.76176660024845],[-84.47517300003386,33.761776099787255]]},"properties":{"overall":47,"safety":90,"sidewalk":0,"sidewalk_present":0,"canopy":50.3,"comfort":60.8,"name":"East Simon Terrace Northwest","road_type":"residential","osm_id":9256966}},{"type":"Feature","geometry":{"type":"LineString","coordinates":[[-84.47517300003386,33.761776099787255],[-84.47518999991854,33.7624729997292],[-84.47523900037953,33.763635000255135]]},"properties":{"overall":33,"safety":99,"sidewalk":0,"sidewalk_present":0,"canopy":0.0,"comfort":0.0,"name":"Simon Terrace Northwest","road_type":"residential","osm_id":9250042}},{"type":"Feature","geometry":{"type":"LineString","coordinates":[[-84.47724150009509,33.76019730036518],[-84.47723899997982,33.76025800010666],[-84.47720200007223,33.762570999751915],[-84.47719990015526,33.76270759957612],[-84.47718300009535,33.76379500043896]]},"properties":{"overall":50,"safety":99,"sidewalk":0,"sidewalk_present":0,"canopy":51.7,"comfort":59.6,"name":"Chalmers Drive Northwest","road_type":"residential","osm_id":9242368}},{"type":"Feature","geometry":{"type":"LineString","coordinates":[[-84.46943089981613,33.75977260002554],[-84.46951299982504,33.760225000383514]]},"properties":{"overall":68,"safety":77,"sidewalk":100,"sidewalk_present":1,"canopy":26.5,"comfort":45.2,"name":"Hamilton E Holmes Drive Northwest","road_type":"secondary","osm_id":1379250206}},{"type":"Feature","geometry":{"type":"LineString","coordinates":[[-84.46959459981088,33.76026939991294],[-84.46958749966336,33.7602257998808],[-84.46957640023066,33.760158699664316]]},"properties":{"overall":64,"safety":69,"sidewalk":100,"sidewalk_present":1,"canopy":22.4,"comfort":43.5,"name":"","road_type":"footway","osm_id":1393660128}},{"type":"Feature","geometry":{"type":"LineString","coordinates":[[-84.46980709971785,33.761570799852564],[-84.46959459981088,33.76026939991294]]},"properties":{"overall":64,"safety":69,"sidewalk":100,"sidewalk_present":1,"canopy":24.4,"comfort":42.5,"name":"","road_type":"footway","osm_id":1393660130}},{"type":"Feature","geometry":{"type":"LineString","coordinates":[[-84.46959459981088,33.76026939991294],[-84.46952160004179,33.76027619968693],[-84.46944179959934,33.76028360020803]]},"properties":{"overall":67,"safety":74,"sidewalk":100,"sidewalk_present":1,"canopy":28.3,"comfort":45.5,"name":"","road_type":"footway","osm_id":1393660129}},{"type":"Feature","geometry":{"type":"LineString","coordinates":[[-84.46982499982386,33.761683199819856],[-84.46981550028505,33.761622500078374],[-84.46980709971785,33.761570799852564]]},"properties":{"overall":58,"safety":56,"sidewalk":100,"sidewalk_present":1,"canopy":18.3,"comfort":37.5,"name":"","road_type":"footway","osm_id":1393660131}},{"type":"Feature","geometry":{"type":"LineString","coordinates":[[-84.49344650005588,33.75552419998189],[-84.49341150024048,33.754825399772415]]},"properties":{"overall":36,"safety":96,"sidewalk":0,"sidewalk_present":0,"canopy":12.2,"comfort":37.4,"name":"","road_type":"residential","osm_id":562664803}},{"type":"Feature","geometry":{"type":"LineString","coordinates":[[-84.49069449995119,33.75502640004839],[-84.49069149981284,33.75521810043506]]},"properties":{"overall":34,"safety":80,"sidewalk":0,"sidewalk_present":0,"canopy":21.2,"comfort":33.5,"name":"Allen Temple Court Northwest","road_type":"residential","osm_id":9242360}},{"type":"Feature","geometry":{"type":"LineString","coordinates":[[-84.49062930000218,33.75523389972477],[-84.49060579981779,33.7552531002504],[-84.49059070020064,33.75527739993214],[-84.49058550032055,33.75530440027791],[-84.49059080002536,33.755331399724355],[-84.49060720006219,33.755357599673516],[-84.4906344000575,33.75537740004705],[-84.49066749960537,33.755388399654976],[-84.49070319999265,33.75538950042517],[-84.4907371997619,33.75538050001012],[-84.49076549962808,33.755362400254626],[-84.49078470015377,33.75533740000105],[-84.49079249997385,33.755308399563035],[-84.4907888999877,33.755281199567776],[-84.49077519971564,33.75525630003824],[-84.4907526995774,33.75523630001527],[-84.49072389968819,33.75522309976628],[-84.49069149981284,33.75521810043506],[-84.490658900288,33.755221900070694],[-84.49062930000218,33.75523389972477]]},"properties":{"overall":41,"safety":88,"sidewalk":0,"sidewalk_present":0,"canopy":35.4,"comfort":40.9,"name":"","road_type":"residential","osm_id":1053837561}},{"type":"Feature","geometry":{"type":"LineString","coordinates":[[-84.49060720006219,33.755357599673516],[-84.49037789992013,33.75538679976103],[-84.489984999608,33.75534829978426]]},"properties":{"overall":27,"safety":33,"sidewalk":0,"sidewalk_present":0,"canopy":47.1,"comfort":46.0,"name":"","road_type":"service","osm_id":841290896}},{"type":"Feature","geometry":{"type":"LineString","coordinates":[[-84.49283849989683,33.75459609963036],[-84.49275220005393,33.75464040023434],[-84.49280690041809,33.75545029999142],[-84.49282479962477,33.75546620000517],[-84.49285599980453,33.75547759981146],[-84.4929009002563,33.75548789974681],[-84.49296109997476,33.75548899961768]]},"properties":{"overall":40,"safety":95,"sidewalk":0,"sidewalk_present":0,"canopy":23.9,"comfort":38.7,"name":"","road_type":"service","osm_id":712264381}},{"type":"Feature","geometry":{"type":"LineString","coordinates":[[-84.49296329971645,33.75554570007404],[-84.49307049980371,33.755540900392305]]},"properties":{"overall":43,"safety":100,"sidewalk":0,"sidewalk_present":0,"canopy":29.9,"comfort":43.8,"name":"","road_type":"residential","osm_id":1053951165}},{"type":"Feature","geometry":{"type":"LineString","coordinates":[[-84.4819250002385,33.75497500019617],[-84.4837882003651,33.75516559981264],[-84.48513819966814,33.75530380043011],[-84.48521850013361,33.7553120004485],[-84.4855774996019,33.75534869998256],[-84.485674799952,33.75535870044371],[-84.48623820003286,33.75541630022212],[-84.48632349982961,33.755425000263585],[-84.48693069959205,33.755486399677636],[-84.48753990034606,33.75554949970967],[-84.48839500002919,33.75563700014749],[-84.48968600020868,33.755769999985546],[-84.49069199983586,33.75587300023881],[-84.4909970004112,33.75590399986976],[-84.49298500035746,33.75610800028403],[-84.49307600005733,33.75611699979976],[-84.49586600011577,33.75640300039822],[-84.49664979974841,33.75648299959079],[-84.49766529981372,33.756587900111526],[-84.49874499978188,33.75669699956694],[-84.49903499966547,33.756707000028086],[-84.49970399993958,33.75669400032791]]},"properties":{"overall":35,"safety":75,"sidewalk":0,"sidewalk_present":0,"canopy":31.4,"comfort":46.0,"name":"Delmar Lane Northwest","road_type":"tertiary","osm_id":9252298}},{"type":"Feature","geometry":{"type":"LineString","coordinates":[[-84.49075900022763,33.75549459969608],[-84.49069199983586,33.75587300023881]]},"properties":{"overall":43,"safety":88,"sidewalk":0,"sidewalk_present":0,"canopy":41.1,"comfort":48.0,"name":"Allen Temple Court Northwest","road_type":"residential","osm_id":1053837560}},{"type":"Feature","geometry":{"type":"LineString","coordinates":[[-84.4909970004112,33.75590399986976],[-84.49092449976581,33.75642699970632]]},"properties":{"overall":42,"safety":90,"sidewalk":0,"sidewalk_present":0,"canopy":34.6,"comfort":49.8,"name":"Delmoor Court Northwest","road_type":"residential","osm_id":9273021}},{"type":"Feature","geometry":{"type":"LineString","coordinates":[[-84.49307600005733,33.75611699979976],[-84.49309199989585,33.756367999683505],[-84.49307800014952,33.75655100002871],[-84.49279100040428,33.757325999795114],[-84.49263899969003,33.75772400016251]]},"properties":{"overall":44,"safety":95,"sidewalk":0,"sidewalk_present":0,"canopy":38.5,"comfort":50.7,"name":"Arlington Drive Northwest","road_type":"residential","osm_id":9270252}},{"type":"Feature","geometry":{"type":"LineString","coordinates":[[-84.49297209958269,33.75577309994867],[-84.49355100037832,33.755810000031545],[-84.49365949998588,33.75586709978688]]},"properties":{"overall":20,"safety":35,"sidewalk":0,"sidewalk_present":0,"canopy":24.9,"comfort":44.3,"name":"","road_type":"residential","osm_id":562664807}},{"type":"Feature","geometry":{"type":"LineString","coordinates":[[-84.49365949998588,33.75586709978688],[-84.49361179994457,33.755933699980346],[-84.49363470028118,33.756008799666404],[-84.49371480019784,33.75604840041342],[-84.49380510022513,33.756029400436546],[-84.49385270044172,33.75596280024308],[-84.49382989992989,33.75588769965765],[-84.49374980001323,33.75584809981001],[-84.49365949998588,33.75586709978688]]},"properties":{"overall":20,"safety":37,"sidewalk":0,"sidewalk_present":0,"canopy":24.4,"comfort":44.7,"name":"","road_type":"residential","osm_id":562664806}},{"type":"Feature","geometry":{"type":"LineString","coordinates":[[-84.49490749998108,33.754746000427645],[-84.49437460040747,33.75608929978142]]},"properties":{"overall":29,"safety":79,"sidewalk":0,"sidewalk_present":0,"canopy":9.0,"comfort":36.7,"name":"Atlanta Bypass / The Perimeter","road_type":"motorway","osm_id":1022511640}},{"type":"Feature","geometry":{"type":"LineString","coordinates":[[-84.4800721998721,33.7559061996115],[-84.4800661995954,33.755848699657804],[-84.4800675998398,33.75578730024375],[-84.48002830036575,33.755513099649875],[-84.47955580016003,33.755473499802235],[-84.47912759965897,33.7553414001855],[-84.47883280009358,33.75525189965549]]},"properties":{"overall":37,"safety":100,"sidewalk":0,"sidewalk_present":0,"canopy":11.8,"comfort":34.2,"name":"","road_type":"service","osm_id":778226503}},{"type":"Feature","geometry":{"type":"LineString","coordinates":[[-84.48128960043465,33.755795299713384],[-84.48153050003253,33.755786099648844],[-84.4817043003132,33.755659399561694],[-84.4817043003132,33.75543459962711]]},"properties":{"overall":36,"safety":100,"sidewalk":0,"sidewalk_present":0,"canopy":7.4,"comfort":35.1,"name":"","road_type":"service","osm_id":1505515610}},{"type":"Feature","geometry":{"type":"LineString","coordinates":[[-84.4800675998398,33.75578730024375],[-84.48128960043465,33.755795299713384],[-84.48128770016717,33.755866099740786],[-84.48128610027328,33.75591999970828]]},"properties":{"overall":39,"safety":100,"sidewalk":0,"sidewalk_present":0,"canopy":16.5,"comfort":38.4,"name":"","road_type":"service","osm_id":841000023}},{"type":"Feature","geometry":{"type":"LineString","coordinates":[[-84.4819250002385,33.75497500019617],[-84.48216300042208,33.75593000016943]]},"properties":{"overall":32,"safety":70,"sidewalk":0,"sidewalk_present":0,"canopy":25.8,"comfort":43.1,"name":"Linkwood Road Northwest","road_type":"tertiary","osm_id":630643990}},{"type":"Feature","geometry":{"type":"LineString","coordinates":[[-84.48209259969366,33.756001400044624],[-84.48026450010656,33.755980700349085]]},"properties":{"overall":34,"safety":68,"sidewalk":0,"sidewalk_present":0,"canopy":33.2,"comfort":47.9,"name":"","road_type":"service","osm_id":564337346}},{"type":"Feature","geometry":{"type":"LineString","coordinates":[[-84.48226160029259,33.75631790025096],[-84.48241219986312,33.75631449991431],[-84.48257849979791,33.756311200301695],[-84.4827824003874,33.75630999970679]]},"properties":{"overall":33,"safety":100,"sidewalk":0,"sidewalk_present":0,"canopy":0.0,"comfort":0.0,"name":"","road_type":"service","osm_id":864559239}},{"type":"Feature","geometry":{"type":"LineString","coordinates":[[-84.48301119960712,33.75665720006975],[-84.48292270002253,33.75673749963596],[-84.48284219990757,33.75678769979254],[-84.48278050011993,33.756815600359744],[-84.48259029980244,33.75690429959383],[-84.482510100061,33.75694169969972]]},"properties":{"overall":33,"safety":100,"sidewalk":0,"sidewalk_present":0,"canopy":0.0,"comfort":0.0,"name":"","road_type":"service","osm_id":864559238}},{"type":"Feature","geometry":{"type":"LineString","coordinates":[[-84.48839500002919,33.75563700014749],[-84.48838499956804,33.755703999639934],[-84.48838699966029,33.75687599972764],[-84.48836699963726,33.7584450001367],[-84.4883478000109,33.76051899955223]]},"properties":{"overall":49,"safety":94,"sidewalk":0,"sidewalk_present":0,"canopy":52.0,"comfort":60.4,"name":"Stratford Drive Northwest","road_type":"residential","osm_id":9264390}},{"type":"Feature","geometry":{"type":"LineString","coordinates":[[-84.48245729996438,33.75683709955257],[-84.48240030003376,33.756857499773844],[-84.4823561999786,33.75686269965394],[-84.48224039967465,33.75686719986146],[-84.4821786000623,33.75687370016118],[-84.48212930012704,33.75688090013347],[-84.48205809990134,33.75690099998121],[-84.48201039986003,33.75688740043324],[-84.48197199970798,33.756890600221084],[-84.48194309999406,33.75690429959383],[-84.48193049959286,33.756927100105656],[-84.4819297999203,33.756951100313074],[-84.4819485004229,33.75697720043752],[-84.48197980042738,33.75699599986558],[-84.48201659978622,33.756997999957775],[-84.48205099975382,33.75699210040517],[-84.48207299986899,33.756975900017835],[-84.48208000019184,33.75695439992569],[-84.48207449993816,33.7569302998935],[-84.48205809990134,33.75690099998121]]},"properties":{"overall":33,"safety":100,"sidewalk":0,"sidewalk_present":0,"canopy":0.0,"comfort":0.0,"name":"","road_type":"service","osm_id":869136184}},{"type":"Feature","geometry":{"type":"LineString","coordinates":[[-84.48565200033948,33.75933499981045],[-84.48568400001653,33.75743300023282],[-84.48571299955523,33.75734099958754],[-84.48577100043127,33.75725800025657],[-84.48585399976224,33.757192999957056],[-84.48595499992325,33.75714799968051],[-84.48609600013026,33.757127999657484],[-84.48669499987432,33.75714400039533],[-84.48678200028905,33.757166999657386],[-84.48687199994282,33.75721199993393],[-84.48693700024234,33.75726499968005],[-84.4869920000807,33.75733300011791],[-84.48702599984995,33.7574100000715],[-84.48703999959628,33.75749100020954],[-84.48702299971166,33.75892899997342]]},"properties":{"overall":46,"safety":99,"sidewalk":0,"sidewalk_present":0,"canopy":40.2,"comfort":56.1,"name":"Hermer Circle Northwest","road_type":"residential","osm_id":9240915}},{"type":"Feature","geometry":{"type":"LineString","coordinates":[[-84.49437460040747,33.75608929978142],[-84.49425649963769,33.756401600153765]]},"properties":{"overall":30,"safety":80,"sidewalk":0,"sidewalk_present":0,"canopy":10.9,"comfort":38.1,"name":"Atlanta Bypass / The Perimeter","road_type":"motorway","osm_id":42003886}},{"type":"Feature","geometry":{"type":"LineString","coordinates":[[-84.48968600020868,33.755769999985546],[-84.48968700025483,33.75699699991168],[-84.4897070002778,33.75706899963467],[-84.4897430001393,33.757130999795834],[-84.48980000006992,33.75718899977255],[-84.48986600041553,33.75722999986465],[-84.49000399958487,33.75726999991059],[-84.4903450000217,33.75728499970302],[-84.4926979997129,33.75731400014104],[-84.49279100040428,33.757325999795114]]},"properties":{"overall":47,"safety":99,"sidewalk":0,"sidewalk_present":0,"canopy":43.4,"comfort":55.3,"name":"Delmoor Drive Northwest","road_type":"residential","osm_id":9269030}},{"type":"Feature","geometry":{"type":"LineString","coordinates":[[-84.49238000033671,33.75880499965109],[-84.49238670028598,33.75880389978022],[-84.49243550019816,33.75867780044018],[-84.49246199962153,33.758300099569965]]},"properties":{"overall":31,"safety":93,"sidewalk":0,"sidewalk_present":0,"canopy":0.0,"comfort":0.0,"name":"","road_type":"service","osm_id":713019023}},{"type":"Feature","geometry":{"type":"LineString","coordinates":[[-84.48836699963726,33.7584450001367],[-84.48926699977221,33.75845699979078],[-84.48963100037031,33.75848400013655],[-84.48998899979244,33.758543000159364],[-84.4907699998356,33.75872100027402],[-84.49082460037499,33.758728100421536],[-84.49105269992214,33.758757799632804],[-84.49126900036401,33.75878599967422],[-84.49152760041841,33.75879790040284],[-84.49159600015525,33.75880100036591],[-84.49238000033671,33.75880499965109]]},"properties":{"overall":57,"safety":100,"sidewalk":0,"sidewalk_present":0,"canopy":70.0,"comfort":65.6,"name":"Oakcliff Road Northwest","road_type":"residential","osm_id":9242317}},{"type":"Feature","geometry":{"type":"LineString","coordinates":[[-84.49152760041841,33.75879790040284],[-84.49134760021155,33.758917399618326],[-84.49127289982442,33.75898599990404],[-84.49121530004601,33.75906080011589],[-84.4911967002675,33.759156600396864],[-84.49118390021681,33.759247500271954],[-84.4911790996357,33.7596272003351]]},"properties":{"overall":27,"safety":81,"sidewalk":0,"sidewalk_present":0,"canopy":0.0,"comfort":0.0,"name":"","road_type":"service","osm_id":712970158}},{"type":"Feature","geometry":{"type":"LineString","coordinates":[[-84.49105269992214,33.758757799632804],[-84.49110030013873,33.75890160032867],[-84.49112960005095,33.75896859982106],[-84.4911491000509,33.75903050015751],[-84.49115279986177,33.759089400355606],[-84.49114669976035,33.75919809961266],[-84.49113810044292,33.75938190035447],[-84.49110149983431,33.759403199897804]]},"properties":{"overall":27,"safety":81,"sidewalk":0,"sidewalk_present":0,"canopy":0.0,"comfort":0.0,"name":"","road_type":"service","osm_id":734762037}},{"type":"Feature","geometry":{"type":"LineString","coordinates":[[-84.49082460037499,33.758728100421536],[-84.49076270003854,33.75916290014777],[-84.49077390019528,33.75934779986113]]},"properties":{"overall":33,"safety":100,"sidewalk":0,"sidewalk_present":0,"canopy":0.0,"comfort":0.0,"name":"","road_type":"service","osm_id":734762038}},{"type":"Feature","geometry":{"type":"LineString","coordinates":[[-84.49385590022956,33.757367599735005],[-84.49330399977976,33.758809999881635],[-84.4931497003983,33.75927509956625],[-84.49308040044008,33.759496500063506],[-84.4930187995779,33.75971660014102],[-84.49292639963357,33.76006960023193],[-84.49284729976301,33.76044160029966],[-84.49275599968962,33.76097259960585],[-84.4927055998835,33.7613536999134],[-84.49266600003585,33.76173399982429],[-84.49264950017425,33.76210819963376],[-84.4926469002342,33.762477199563136]]},"properties":{"overall":24,"safety":60,"sidewalk":0,"sidewalk_present":0,"canopy":13.1,"comfort":40.5,"name":"Atlanta Bypass / The Perimeter","road_type":"motorway","osm_id":573713218}},{"type":"Feature","geometry":{"type":"LineString","coordinates":[[-84.49385590022956,33.757367599735005],[-84.49382550044646,33.75743219983622],[-84.49379499993927,33.757489299591555],[-84.49346240006969,33.75806299960777],[-84.49340469956718,33.75816859980108],[-84.49331899957212,33.758335899782026],[-84.49322659962786,33.75851249965217],[-84.49307359976677,33.75881140012609],[-84.49296360009004,33.75902759984393],[-84.492806799694,33.75933769957521],[-84.4927289004184,33.75948720017419],[-84.49265000019733,33.759626999786235],[-84.49257799957496,33.75974299973967],[-84.49250399975972,33.759851000223534],[-84.49242089970471,33.7599580995867],[-84.49233400001407,33.76006200006128],[-84.49221080008834,33.760189999668796],[-84.49207799989972,33.76031800017563],[-84.49195830013542,33.76041650022137],[-84.49182900010823,33.760515000267105],[-84.49169929988273,33.760603300202206],[-84.49155800020151,33.76069000024336],[-84.49141969975932,33.7607650001047],[-84.49126600022566,33.760839999966095],[-84.49109269996808,33.76091049961991],[-84.49090399971976,33.76098100017305],[-84.49074780007089,33.761030200283585],[-84.49058000006693,33.761072999919065],[-84.49039119999384,33.761111700444644],[-84.49018900002227,33.76114399959596],[-84.49002379995835,33.76116120002939],[-84.48984899963159,33.76117199998788],[-84.48968140017644,33.761174699752644],[-84.48950600000188,33.761170999941726],[-84.48933419981341,33.76115769986802],[-84.48915859998937,33.76113800021858],[-84.48902209998988,33.76111590027864],[-84.48887399963536,33.76108899975759],[-84.48869210006035,33.76105070032963],[-84.48850220011639,33.76100899966565]]},"properties":{"overall":39,"safety":89,"sidewalk":0,"sidewalk_present":0,"canopy":27.7,"comfort":48.2,"name":"","road_type":"motorway_link","osm_id":9238506}},{"type":"Feature","geometry":{"type":"LineString","coordinates":[[-84.48216300042208,33.75593000016943],[-84.48226160029259,33.75631790025096],[-84.48230299968367,33.75648100039791],[-84.48237600035208,33.756676000397135],[-84.48245729996438,33.75683709955257],[-84.482510100061,33.75694169969972],[-84.48253100030536,33.7569789999809],[-84.48276200016613,33.75737100007166],[-84.48286899970452,33.75759200037055],[-84.48290599961217,33.757736999862686],[-84.48292599963514,33.757848999631676],[-84.48293700014239,33.758099000368645],[-84.48293199991184,33.758455999744626],[-84.48291199988887,33.75872499955915],[-84.48278500032745,33.75931499978748],[-84.48275730030912,33.7594327003589]]},"properties":{"overall":45,"safety":89,"sidewalk":0,"sidewalk_present":0,"canopy":45.1,"comfort":58.2,"name":"Linkwood Road Northwest","road_type":"tertiary","osm_id":9254578}},{"type":"Feature","geometry":{"type":"LineString","coordinates":[[-84.48278500032745,33.75931499978748],[-84.48565200033948,33.75933499981045],[-84.48587399978521,33.759308000364],[-84.48608699971521,33.75925799985686],[-84.48690599971206,33.75895600031919],[-84.48702299971166,33.75892899997342]]},"properties":{"overall":45,"safety":98,"sidewalk":0,"sidewalk_present":0,"canopy":36.3,"comfort":54.8,"name":"Tribble Lane Northwest","road_type":"residential","osm_id":9273206}},{"type":"Feature","geometry":{"type":"LineString","coordinates":[[-84.48260290020363,33.759683499693836],[-84.48142000033272,33.75951199987895],[-84.48049099975981,33.759382000179244],[-84.48003310004748,33.75931930034551],[-84.47967139991516,33.75926769994447],[-84.47913810014319,33.759189000272215],[-84.4779442995897,33.75901729990852]]},"properties":{"overall":36,"safety":88,"sidewalk":0,"sidewalk_present":0,"canopy":20.2,"comfort":50.2,"name":"","road_type":"motorway","osm_id":121200918}},{"type":"Feature","geometry":{"type":"LineString","coordinates":[[-84.48702299971166,33.75892899997342],[-84.48706499984985,33.75907799965],[-84.48707100012649,33.75914700013402],[-84.48705999961925,33.759220999949264],[-84.4869970003113,33.759393999833264],[-84.48697600024218,33.75949299990208],[-84.48697479964727,33.75968139977681],[-84.48696770039902,33.75983539968399]]},"properties":{"overall":41,"safety":99,"sidewalk":0,"sidewalk_present":0,"canopy":24.9,"comfort":50.4,"name":"Kevin Court Northwest","road_type":"residential","osm_id":9258681}},{"type":"Feature","geometry":{"type":"LineString","coordinates":[[-84.4846132995641,33.7599819999694],[-84.48415060017004,33.7598762001266],[-84.48401079965862,33.75984829955945],[-84.48378029982092,33.75980719964258],[-84.48364060003365,33.75978759981791],[-84.48350100007104,33.75977340042215],[-84.48327720018261,33.75975379969816],[-84.48260290020363,33.759683499693836]]},"properties":{"overall":36,"safety":94,"sidewalk":0,"sidewalk_present":0,"canopy":14.4,"comfort":45.9,"name":"","road_type":"motorway_link","osm_id":42003915}},{"type":"Feature","geometry":{"type":"LineString","coordinates":[[-84.47785279986681,33.75918440023992],[-84.47906999988055,33.75936300020237],[-84.47953599978655,33.759425000363535],[-84.47990599976202,33.759473999925206],[-84.48147700026334,33.759709099795145],[-84.48174369961203,33.759754400445274],[-84.48199530024289,33.759802200311356],[-84.48221369970247,33.75984900013128],[-84.4824199996832,33.75989830006654],[-84.4826333998115,33.75995539982188],[-84.48283469956169,33.7600123997525],[-84.48301330042347,33.7600666999183],[-84.48317360008156,33.760118499968826]]},"properties":{"overall":40,"safety":82,"sidewalk":0,"sidewalk_present":0,"canopy":39.2,"comfort":56.5,"name":"","road_type":"motorway","osm_id":191520267}},{"type":"Feature","geometry":{"type":"LineString","coordinates":[[-84.48708669959149,33.75991520012644],[-84.48707059992819,33.75988390012196],[-84.48704339993293,33.759858600394125],[-84.48700780026974,33.759841800158995],[-84.48696770039902,33.75983539968399],[-84.48692589991032,33.7598402002651],[-84.48688839997965,33.759856299928344],[-84.48685929971685,33.75988170038022],[-84.48684200035797,33.759913600232494],[-84.48683819982301,33.75994860004789],[-84.48684849975842,33.75998259981719],[-84.48687169956924,33.76001189972942],[-84.48690520021478,33.760033200172074],[-84.48694520026072,33.76004409995528],[-84.48698740004846,33.760043500107486],[-84.48702580020046,33.76003189975245],[-84.4870577998775,33.76001070003383],[-84.48707999964222,33.759982099794115],[-84.48708990027865,33.75994910007097],[-84.48708669959149,33.75991520012644]]},"properties":{"overall":43,"safety":95,"sidewalk":0,"sidewalk_present":0,"canopy":35.3,"comfort":52.3,"name":"Kevin Court Northwest","road_type":"residential","osm_id":1253739363}},{"type":"Feature","geometry":{"type":"LineString","coordinates":[[-84.48558240000773,33.76023430027277],[-84.48507099962688,33.76009599983058],[-84.4846132995641,33.7599819999694]]},"properties":{"overall":38,"safety":96,"sidewalk":0,"sidewalk_present":0,"canopy":18.2,"comfort":44.2,"name":"","road_type":"motorway_link","osm_id":477293978}},{"type":"Feature","geometry":{"type":"LineString","coordinates":[[-84.48275730030912,33.7594327003589],[-84.48256690034214,33.76024880004212]]},"properties":{"overall":41,"safety":94,"sidewalk":0,"sidewalk_present":0,"canopy":29.7,"comfort":53.1,"name":"Linkwood Road Northwest","road_type":"tertiary","osm_id":42003920}},{"type":"Feature","geometry":{"type":"LineString","coordinates":[[-84.48317360008156,33.760118499968826],[-84.4833671000116,33.76018429976568],[-84.48354849956354,33.760250099562484],[-84.4837349002454,33.760320899589885],[-84.48391059989422,33.76039169961729]]},"properties":{"overall":34,"safety":80,"sidewalk":0,"sidewalk_present":0,"canopy":21.4,"comfort":47.5,"name":"","road_type":"motorway","osm_id":877405319}},{"type":"Feature","geometry":{"type":"LineString","coordinates":[[-84.49092730025467,33.76166900042409],[-84.48850220011639,33.76100899966565]]},"properties":{"overall":43,"safety":96,"sidewalk":0,"sidewalk_present":0,"canopy":32.4,"comfort":51.7,"name":"","road_type":"motorway_link","osm_id":477293980}},{"type":"Feature","geometry":{"type":"LineString","coordinates":[[-84.49151240007717,33.76160810013374],[-84.49205980031951,33.76137899964118],[-84.49238630008762,33.76124380006138]]},"properties":{"overall":33,"safety":99,"sidewalk":0,"sidewalk_present":0,"canopy":0.0,"comfort":0.0,"name":"","road_type":"motorway_link","osm_id":9235832}},{"type":"Feature","geometry":{"type":"LineString","coordinates":[[-84.49151240007717,33.76160810013374],[-84.49161889959248,33.761553499594356],[-84.49172380011322,33.76149749970989],[-84.49182480027429,33.76144109962712],[-84.4919258004353,33.76137910036522],[-84.49206719994129,33.76127939972457],[-84.49227349992202,33.76112949982661],[-84.49247059983827,33.76097130008549],[-84.49255949962117,33.760892700238]]},"properties":{"overall":34,"safety":83,"sidewalk":0,"sidewalk_present":0,"canopy":20.5,"comfort":45.0,"name":"","road_type":"motorway_link","osm_id":536871357}},{"type":"Feature","geometry":{"type":"LineString","coordinates":[[-84.49144570005899,33.76182789983778],[-84.49137160041897,33.761800299644165],[-84.49125880025338,33.761761600017905],[-84.49106580034635,33.761703900414716],[-84.49092730025467,33.76166900042409]]},"properties":{"overall":33,"safety":99,"sidewalk":0,"sidewalk_present":0,"canopy":0.0,"comfort":0.0,"name":"","road_type":"motorway_link","osm_id":42003916}},{"type":"Feature","geometry":{"type":"LineString","coordinates":[[-84.48912510024314,33.762209000145276],[-84.48864280012509,33.76189950026179]]},"properties":{"overall":38,"safety":93,"sidewalk":0,"sidewalk_present":0,"canopy":19.5,"comfort":48.1,"name":"","road_type":"motorway","osm_id":42003926}},{"type":"Feature","geometry":{"type":"LineString","coordinates":[[-84.48391059989422,33.76039169961729],[-84.48471539959598,33.760690699915926],[-84.48485870026877,33.76074729964819],[-84.48499470024518,33.76080379955573],[-84.48686329990136,33.76160610004155],[-84.48705879992366,33.76168469988903],[-84.4872597003748,33.761754300220844],[-84.48744610015734,33.76181459976402],[-84.48764599966313,33.76186810043254],[-84.48783600033113,33.761913199634535],[-84.4880320003765,33.761952300358416],[-84.48822739967471,33.76198649977721],[-84.48845070043944,33.76201679973559],[-84.48870719967749,33.76204449975393],[-84.48891249961213,33.762059500445616],[-84.48911109959755,33.76206769956474],[-84.48928659959688,33.762067800288776],[-84.4894686997207,33.76206380010433],[-84.4895999998401,33.76205639958323],[-84.48974619992714,33.76204620037191],[-84.48987730039704,33.76203500021512],[-84.49001829970473,33.762019700049166],[-84.49016249969958,33.76200039969876],[-84.4903100002063,33.7619770002384],[-84.49055399976726,33.76192639988352],[-84.49064849962849,33.76190279987435],[-84.4907411999464,33.761877799620834],[-84.49083300004287,33.76185130019741],[-84.4909196002593,33.76182479987466],[-84.49102669962247,33.761790200257565],[-84.49115169999095,33.76174679987497],[-84.49127149958002,33.76170350021641],[-84.49139530025286,33.76165509960322],[-84.49151240007717,33.76160810013374]]},"properties":{"overall":39,"safety":91,"sidewalk":0,"sidewalk_present":0,"canopy":24.7,"comfort":47.1,"name":"","road_type":"motorway_link","osm_id":9235834}},{"type":"Feature","geometry":{"type":"LineString","coordinates":[[-84.49240589991234,33.76235039965127],[-84.49216770007928,33.762187800426716],[-84.4920010997709,33.76208769958771],[-84.49176740014536,33.76196399963891],[-84.49144570005899,33.76182789983778]]},"properties":{"overall":38,"safety":92,"sidewalk":0,"sidewalk_present":0,"canopy":23.1,"comfort":43.9,"name":"","road_type":"motorway_link","osm_id":42003910}},{"type":"Feature","geometry":{"type":"LineString","coordinates":[[-84.49176230009004,33.76370509971065],[-84.49149499999425,33.76348999986368],[-84.4914284996255,33.76342999979471],[-84.4913689995796,33.76336999972574],[-84.49131949999492,33.763310999702924],[-84.49127699983364,33.763249999587856],[-84.49123630011513,33.763186500256836],[-84.49120500011065,33.763120999934245],[-84.49117730009226,33.763043900155935],[-84.49115649967268,33.762959100382204],[-84.49114840037834,33.76291150016567],[-84.49114500004168,33.76286189985683],[-84.49114619973727,33.76281500021213],[-84.49115200036448,33.76277200002784],[-84.49116629958502,33.76272389978817],[-84.49118519973712,33.76267580044788],[-84.49121279993074,33.762620299687114],[-84.49124269969082,33.76257070027765],[-84.49128359995814,33.7625262998489],[-84.49132679979192,33.76248579977988],[-84.49138179963029,33.76244689960481],[-84.4914343002527,33.76241570032437],[-84.49149230022942,33.762387500282955],[-84.49155500006316,33.76236500014471],[-84.49162630011364,33.76235110022316],[-84.4916999995553,33.76234300002949],[-84.4917653002284,33.762342599831186],[-84.49182599996988,33.76234800026003],[-84.49189930011255,33.76236109978498],[-84.49196800022298,33.76237999993708],[-84.49203320017199,33.76240540038896],[-84.49209249966907,33.762436499844625],[-84.49216100013001,33.76248600032869],[-84.49222679992681,33.76254300025931],[-84.4922810002679,33.76259800009768],[-84.49237300001391,33.76271500009722],[-84.49244199959855,33.76284199965863],[-84.4924879999212,33.762976999588886],[-84.49258099971331,33.7634904998867],[-84.4926979997129,33.76415089994413],[-84.49289470033011,33.764806199946236]]},"properties":{"overall":24,"safety":63,"sidewalk":0,"sidewalk_present":0,"canopy":10.4,"comfort":36.9,"name":"","road_type":"motorway_link","osm_id":465285773}},{"type":"Feature","geometry":{"type":"LineString","coordinates":[[-84.49286140023338,33.76276730017082],[-84.4927578999571,33.76266429991756],[-84.4926281997316,33.76253800002871],[-84.49249999957527,33.76242879984926],[-84.49240589991234,33.76235039965127]]},"properties":{"overall":27,"safety":69,"sidewalk":0,"sidewalk_present":0,"canopy":12.9,"comfort":40.7,"name":"","road_type":"motorway_link","osm_id":42003900}},{"type":"Feature","geometry":{"type":"LineString","coordinates":[[-84.48864280012509,33.76189950026179],[-84.48819699989161,33.7616210000092],[-84.48790640016023,33.76144979966858],[-84.48760799970938,33.761280999618464],[-84.48726740037017,33.76110189963299],[-84.48692000035771,33.76093299975821],[-84.486559999944,33.760773999620426],[-84.48628299976059,33.7606567999714],[-84.48592489961436,33.760518200054946],[-84.48555229969884,33.76038420017073],[-84.48522219994453,33.760276300410965],[-84.48488569971522,33.76017570044826],[-84.4846019995826,33.7600950996092],[-84.4843063996206,33.7600198002736],[-84.48407699965378,33.75996519973421],[-84.48383779977462,33.759910600094145],[-84.48360620006605,33.75986209965623],[-84.48336249997936,33.75981360011758],[-84.48299240017911,33.759745499855],[-84.48260290020363,33.759683499693836]]},"properties":{"overall":38,"safety":92,"sidewalk":0,"sidewalk_present":0,"canopy":20.5,"comfort":46.1,"name":"","road_type":"motorway","osm_id":42003923}},{"type":"Feature","geometry":{"type":"LineString","coordinates":[[-84.48850220011639,33.76100899966565],[-84.48699750033433,33.76061019980091],[-84.48558240000773,33.76023430027277]]},"properties":{"overall":42,"safety":97,"sidewalk":0,"sidewalk_present":0,"canopy":28.4,"comfort":49.1,"name":"","road_type":"motorway_link","osm_id":477293979}},{"type":"Feature","geometry":{"type":"LineString","coordinates":[[-84.48391059989422,33.76039169961729],[-84.48419749981474,33.76052049962141],[-84.4844736996015,33.76064919980081],[-84.48501199960407,33.760906699984275],[-84.48919480039967,33.76294470043763]]},"properties":{"overall":33,"safety":73,"sidewalk":0,"sidewalk_present":0,"canopy":27.3,"comfort":48.4,"name":"","road_type":"motorway","osm_id":877405318}},{"type":"Feature","geometry":{"type":"LineString","coordinates":[[-84.48699750033433,33.76061019980091],[-84.48709469996038,33.76078099994322],[-84.48737530012994,33.76096219984572],[-84.48807610043167,33.76127600028724],[-84.4884577996877,33.76142280022208],[-84.48885089964926,33.7615341003185]]},"properties":{"overall":42,"safety":100,"sidewalk":0,"sidewalk_present":0,"canopy":24.9,"comfort":48.0,"name":"","road_type":"service","osm_id":712970157}},{"type":"Feature","geometry":{"type":"LineString","coordinates":[[-84.48286899970452,33.76183199984695],[-84.48503699985764,33.7614490001713]]},"properties":{"overall":50,"safety":99,"sidewalk":0,"sidewalk_present":0,"canopy":50.0,"comfort":57.7,"name":"Linkwood Place Northwest","road_type":"residential","osm_id":9242442}},{"type":"Feature","geometry":{"type":"LineString","coordinates":[[-84.48256690034214,33.76024880004212],[-84.48252199989037,33.760563999828776],[-84.48253599963664,33.760779999897125],[-84.48257200039745,33.76094899959668],[-84.48271530017092,33.76144879962243],[-84.48272600030464,33.76148600007889],[-84.48286899970452,33.76183199984695],[-84.48303200002675,33.762039000399625],[-84.48318599993394,33.76217600042213],[-84.48323720013661,33.76221050021445],[-84.48443600002133,33.763016999634885]]},"properties":{"overall":53,"safety":94,"sidewalk":0,"sidewalk_present":0,"canopy":64.9,"comfort":63.9,"name":"Linkwood Road Northwest","road_type":"tertiary","osm_id":42003921}},{"type":"Feature","geometry":{"type":"LineString","coordinates":[[-84.48271530017092,33.76144879962243],[-84.48213769979498,33.761624500170626]]},"properties":{"overall":33,"safety":99,"sidewalk":0,"sidewalk_present":0,"canopy":0.0,"comfort":0.0,"name":"","road_type":"service","osm_id":715757638}},{"type":"Feature","geometry":{"type":"LineString","coordinates":[[-84.48323720013661,33.76221050021445],[-84.48319600039508,33.76233429998803],[-84.48317040029372,33.76239470025524],[-84.48314199970349,33.76243959980775],[-84.48306139976376,33.76253020020863],[-84.4829762996165,33.76259349989016],[-84.48294620020692,33.762594300286764],[-84.48290810042846,33.762553800217745]]},"properties":{"overall":33,"safety":100,"sidewalk":0,"sidewalk_present":0,"canopy":0.0,"comfort":0.0,"name":"","road_type":"service","osm_id":876028441}},{"type":"Feature","geometry":{"type":"LineString","coordinates":[[-84.48571789996106,33.76327099965698],[-84.48594300026923,33.76293119981506]]},"properties":{"overall":33,"safety":99,"sidewalk":0,"sidewalk_present":0,"canopy":0.0,"comfort":0.0,"name":"","road_type":"service","osm_id":1420141289}},{"type":"Feature","geometry":{"type":"LineString","coordinates":[[-84.47720200007223,33.762570999751915],[-84.48105299959622,33.76298199981949],[-84.48144100040179,33.763022999911584],[-84.48165500037794,33.76307300041867],[-84.4817460000778,33.76311299956535],[-84.4817930004466,33.763154999703545],[-84.48184400010047,33.763224000187506],[-84.48187299963917,33.7633010001411],[-84.48192600028466,33.76431600018333]]},"properties":{"overall":49,"safety":99,"sidewalk":0,"sidewalk_present":0,"canopy":47.4,"comfort":60.0,"name":"Valley Heart Drive Northwest","road_type":"residential","osm_id":9275509}},{"type":"Feature","geometry":{"type":"LineString","coordinates":[[-84.4925392999487,33.76440790010457],[-84.49230620017096,33.764274699717646],[-84.49207909977059,33.764139199764315],[-84.49165779976761,33.76386140008361],[-84.49082070001526,33.763306600219494],[-84.48998510033209,33.76276430003247],[-84.48957010008002,33.76249499984442],[-84.48912510024314,33.762209000145276]]},"properties":{"overall":24,"safety":63,"sidewalk":0,"sidewalk_present":0,"canopy":9.1,"comfort":37.8,"name":"","road_type":"motorway","osm_id":46219873}},{"type":"Feature","geometry":{"type":"LineString","coordinates":[[-84.48919480039967,33.76294470043763],[-84.4893763996011,33.76308249995748],[-84.49011279956602,33.76345869985914],[-84.49048640042702,33.76365379968314]]},"properties":{"overall":37,"safety":86,"sidewalk":0,"sidewalk_present":0,"canopy":25.2,"comfort":46.3,"name":"","road_type":"motorway_link","osm_id":9236574}},{"type":"Feature","geometry":{"type":"LineString","coordinates":[[-84.4926469002342,33.762477199563136],[-84.49265460022957,33.7630166003359],[-84.49269000024327,33.76342069990545],[-84.49270800017405,33.76357560003396],[-84.49273780010935,33.76378280023607],[-84.4927691999386,33.76399690003694],[-84.49289470033011,33.764806199946236]]},"properties":{"overall":19,"safety":49,"sidewalk":0,"sidewalk_present":0,"canopy":8.6,"comfort":36.1,"name":"Atlanta Bypass / The Perimeter","road_type":"motorway","osm_id":124550342}},{"type":"Feature","geometry":{"type":"LineString","coordinates":[[-84.49048640042702,33.76365379968314],[-84.49081519976164,33.76381830007455],[-84.49104919976071,33.763946900429175],[-84.4912512999075,33.76405790015201],[-84.49143249981,33.764169300073206],[-84.49160349960181,33.76430279993434]]},"properties":{"overall":34,"safety":87,"sidewalk":0,"sidewalk_present":0,"canopy":15.6,"comfort":39.5,"name":"","road_type":"motorway_link","osm_id":437375883}},{"type":"Feature","geometry":{"type":"LineString","coordinates":[[-84.49252029997183,33.76429450009118],[-84.49245579969534,33.76425130025734],[-84.49237969996312,33.7641948003498],[-84.4922575000835,33.7640976996492],[-84.49203489989065,33.76391920041084],[-84.49176230009004,33.76370509971065]]},"properties":{"overall":27,"safety":75,"sidewalk":0,"sidewalk_present":0,"canopy":7.3,"comfort":34.3,"name":"","road_type":"motorway_link","osm_id":465285771}},{"type":"Feature","geometry":{"type":"LineString","coordinates":[[-84.48919480039967,33.76294470043763],[-84.48974030037454,33.763204299638744],[-84.4916006001875,33.764117099824375],[-84.49258709981478,33.76460109966109]]},"properties":{"overall":25,"safety":62,"sidewalk":0,"sidewalk_present":0,"canopy":12.8,"comfort":39.2,"name":"Ralph David Abernathy Freeway","road_type":"motorway","osm_id":121200928}},{"type":"Feature","geometry":{"type":"LineString","coordinates":[[-84.46974699982417,33.761625000193646],[-84.46981550028505,33.761622500078374],[-84.47002199991533,33.7616149997325],[-84.47023499984533,33.7616210000092],[-84.47034200028304,33.761636999847724],[-84.4705029996137,33.761693999778345],[-84.47065999965923,33.76179700003155],[-84.4707579996819,33.76184599959328],[-84.47086600016576,33.761881000307994],[-84.47097899998084,33.761899000238714],[-84.47383000015435,33.761923999592966],[-84.4742590001527,33.76199099998473],[-84.47432100031386,33.7620190003766],[-84.47436699973719,33.76206399975382]]},"properties":{"overall":73,"safety":85,"sidewalk":100,"sidewalk_present":1,"canopy":33.5,"comfort":49.9,"name":"Hightower Court Northwest","road_type":"residential","osm_id":9269166}},{"type":"Feature","geometry":{"type":"LineString","coordinates":[[-84.47175129998249,33.762486399627676],[-84.4715554995866,33.762478599807594],[-84.47135839967035,33.76247749993672],[-84.47115590022457,33.762479699678465],[-84.47095740006392,33.76247640006585],[-84.47075350037369,33.762470799987454],[-84.47058049959037,33.762456300218105],[-84.47050139971981,33.76244460003829],[-84.47037199986784,33.76245020011669],[-84.47026539962843,33.762450700139766],[-84.47005210022422,33.762453499729304],[-84.46994750007701,33.762461300448706],[-84.46988339999888,33.762466100130496]]},"properties":{"overall":73,"safety":99,"sidewalk":100,"sidewalk_present":1,"canopy":19.0,"comfort":39.3,"name":"","road_type":"service","osm_id":562669132}},{"type":"Feature","geometry":{"type":"LineString","coordinates":[[-84.46983760022505,33.76218390006699],[-84.46988339999888,33.762466100130496]]},"properties":{"overall":69,"safety":95,"sidewalk":100,"sidewalk_present":1,"canopy":11.0,"comfort":31.4,"name":"Hamilton E Holmes Drive Northwest","road_type":"secondary","osm_id":1348962256}},{"type":"Feature","geometry":{"type":"LineString","coordinates":[[-84.4707582002307,33.76258839983484],[-84.47075350037369,33.762470799987454]]},"properties":{"overall":42,"safety":100,"sidewalk":0,"sidewalk_present":0,"canopy":24.7,"comfort":39.0,"name":"","road_type":"service","osm_id":562669129}},{"type":"Feature","geometry":{"type":"LineString","coordinates":[[-84.47095539997167,33.76255890027306],[-84.47095740006392,33.76247640006585]]},"properties":{"overall":42,"safety":100,"sidewalk":0,"sidewalk_present":0,"canopy":25.0,"comfort":41.5,"name":"","road_type":"service","osm_id":562669130}},{"type":"Feature","geometry":{"type":"LineString","coordinates":[[-84.47134899995632,33.76290230010113],[-84.47135839967035,33.76247749993672]]},"properties":{"overall":39,"safety":100,"sidewalk":0,"sidewalk_present":0,"canopy":17.5,"comfort":43.5,"name":"","road_type":"service","osm_id":562669134}},{"type":"Feature","geometry":{"type":"LineString","coordinates":[[-84.47154080016776,33.762903399972004],[-84.4715554995866,33.762478599807594]]},"properties":{"overall":38,"safety":100,"sidewalk":0,"sidewalk_present":0,"canopy":13.4,"comfort":43.5,"name":"","road_type":"service","osm_id":562669135}},{"type":"Feature","geometry":{"type":"LineString","coordinates":[[-84.47115180021535,33.76255940029614],[-84.47115590022457,33.762479699678465]]},"properties":{"overall":41,"safety":100,"sidewalk":0,"sidewalk_present":0,"canopy":23.4,"comfort":43.1,"name":"","road_type":"service","osm_id":562669131}},{"type":"Feature","geometry":{"type":"LineString","coordinates":[[-84.47174059984877,33.76290449984282],[-84.47175129998249,33.762486399627676]]},"properties":{"overall":37,"safety":100,"sidewalk":0,"sidewalk_present":0,"canopy":11.8,"comfort":44.9,"name":"","road_type":"service","osm_id":562669136}},{"type":"Feature","geometry":{"type":"LineString","coordinates":[[-84.46988339999888,33.762466100130496],[-84.46989589967598,33.762543199908805]]},"properties":{"overall":68,"safety":98,"sidewalk":100,"sidewalk_present":1,"canopy":5.8,"comfort":29.0,"name":"Hamilton E Holmes Drive Northwest","road_type":"secondary","osm_id":1348962258}},{"type":"Feature","geometry":{"type":"LineString","coordinates":[[-84.47174059984877,33.76290449984282],[-84.47154080016776,33.762903399972004],[-84.47134899995632,33.76290230010113],[-84.47114649961122,33.76292680033163],[-84.47098019967643,33.762954699999455],[-84.47085139967231,33.762960200253076],[-84.47054570032378,33.762955799870326],[-84.47003220002597,33.76295620006863],[-84.46996290006774,33.76295620006863]]},"properties":{"overall":67,"safety":94,"sidewalk":100,"sidewalk_present":1,"canopy":8.0,"comfort":34.9,"name":"","road_type":"service","osm_id":562669133}},{"type":"Feature","geometry":{"type":"LineString","coordinates":[[-84.46989589967598,33.762543199908805],[-84.46992049973124,33.762694800424754],[-84.46996290006774,33.76295620006863],[-84.46998299991549,33.76307999984215],[-84.47000199989236,33.76324879989227]]},"properties":{"overall":61,"safety":79,"sidewalk":100,"sidewalk_present":1,"canopy":3.5,"comfort":28.8,"name":"Hamilton E Holmes Drive Northwest","road_type":"secondary","osm_id":1348962257}},{"type":"Feature","geometry":{"type":"LineString","coordinates":[[-84.47097749991167,33.76302709992075],[-84.47086080028566,33.76302490017906],[-84.47054029989488,33.76302600004993],[-84.47033380026465,33.763029400386586]]},"properties":{"overall":36,"safety":99,"sidewalk":0,"sidewalk_present":0,"canopy":8.2,"comfort":32.8,"name":"","road_type":"service","osm_id":562669330}},{"type":"Feature","geometry":{"type":"LineString","coordinates":[[-84.4709868996257,33.76341960003458],[-84.47097749991167,33.76302709992075]]},"properties":{"overall":36,"safety":100,"sidewalk":0,"sidewalk_present":0,"canopy":8.1,"comfort":35.6,"name":"","road_type":"service","osm_id":562669333}},{"type":"Feature","geometry":{"type":"LineString","coordinates":[[-84.4711648997403,33.763037700229745],[-84.47097749991167,33.76302709992075]]},"properties":{"overall":37,"safety":100,"sidewalk":0,"sidewalk_present":0,"canopy":11.0,"comfort":36.8,"name":"","road_type":"service","osm_id":562669332}},{"type":"Feature","geometry":{"type":"LineString","coordinates":[[-84.47033380026465,33.763029400386586],[-84.47016750032986,33.76304269956097]]},"properties":{"overall":30,"safety":85,"sidewalk":0,"sidewalk_present":0,"canopy":6.3,"comfort":29.8,"name":"","road_type":"service","osm_id":562669329}},{"type":"Feature","geometry":{"type":"LineString","coordinates":[[-84.47016750032986,33.76304269956097],[-84.47005470016427,33.7630655000728],[-84.46998299991549,33.76307999984215]]},"properties":{"overall":61,"safety":79,"sidewalk":100,"sidewalk_present":1,"canopy":3.5,"comfort":28.8,"name":"","road_type":"service","osm_id":562669328}},{"type":"Feature","geometry":{"type":"LineString","coordinates":[[-84.4711648997403,33.763037700229745],[-84.47116520011383,33.763261299569365]]},"properties":{"overall":37,"safety":100,"sidewalk":0,"sidewalk_present":0,"canopy":11.8,"comfort":37.9,"name":"","road_type":"service","osm_id":562669334}},{"type":"Feature","geometry":{"type":"LineString","coordinates":[[-84.47215100006855,33.76327799997978],[-84.47184789976075,33.76327330012276],[-84.47164269965083,33.76327020015964],[-84.47143210001138,33.763266799822986],[-84.47116520011383,33.763261299569365]]},"properties":{"overall":37,"safety":100,"sidewalk":0,"sidewalk_present":0,"canopy":11.5,"comfort":41.3,"name":"","road_type":"service","osm_id":562669336}},{"type":"Feature","geometry":{"type":"LineString","coordinates":[[-84.47000199989236,33.76324879989227],[-84.47001989999836,33.76340060005771]]},"properties":{"overall":37,"safety":9,"sidewalk":100,"sidewalk_present":1,"canopy":1.5,"comfort":29.6,"name":"Hamilton E Holmes Drive Northwest","road_type":"secondary","osm_id":1378653274}},{"type":"Feature","geometry":{"type":"LineString","coordinates":[[-84.47116930012305,33.76342069990545],[-84.47102839974082,33.76341979968407],[-84.4709868996257,33.76341960003458]]},"properties":{"overall":37,"safety":100,"sidewalk":0,"sidewalk_present":0,"canopy":9.6,"comfort":36.9,"name":"","road_type":"service","osm_id":562669331}},{"type":"Feature","geometry":{"type":"LineString","coordinates":[[-84.47116520011383,33.763261299569365],[-84.47116930012305,33.76342069990545]]},"properties":{"overall":37,"safety":100,"sidewalk":0,"sidewalk_present":0,"canopy":11.7,"comfort":37.9,"name":"","road_type":"service","osm_id":562669335}},{"type":"Feature","geometry":{"type":"LineString","coordinates":[[-84.4711769002937,33.76358639999239],[-84.471023100036,33.763582100333736],[-84.4702718999282,33.76356100043989],[-84.47020789967479,33.76353789955448],[-84.47017409955504,33.763515900338575],[-84.47014340029767,33.763480699974366],[-84.47012269970281,33.76343919985925],[-84.47011070004874,33.76339320043593],[-84.47005470016427,33.7630655000728],[-84.47003220002597,33.76295620006863],[-84.46994750007701,33.762461300448706],[-84.46982499982386,33.761683199819856]]},"properties":{"overall":54,"safety":53,"sidewalk":100,"sidewalk_present":1,"canopy":8.5,"comfort":33.1,"name":"","road_type":"footway","osm_id":1386145705}},{"type":"Feature","geometry":{"type":"LineString","coordinates":[[-84.47031759987732,33.76362220020445],[-84.47020900044498,33.763581200112355],[-84.47014829980418,33.76353879977586],[-84.47014059980881,33.76353330042156],[-84.47008829973521,33.763479799752986],[-84.47001989999836,33.76340060005771]]},"properties":{"overall":41,"safety":19,"sidewalk":100,"sidewalk_present":1,"canopy":3.1,"comfort":32.3,"name":"","road_type":"secondary_link","osm_id":630644144}},{"type":"Feature","geometry":{"type":"LineString","coordinates":[[-84.47013229996566,33.76354999993259],[-84.47014829980418,33.76353879977586],[-84.47017409955504,33.763515900338575]]},"properties":{"overall":34,"safety":0,"sidewalk":100,"sidewalk_present":1,"canopy":3.1,"comfort":32.7,"name":"","road_type":"footway","osm_id":1354656045}},{"type":"Feature","geometry":{"type":"LineString","coordinates":[[-84.4701139996613,33.76356480007553],[-84.47013229996566,33.76354999993259]]},"properties":{"overall":1,"safety":0,"sidewalk":0,"sidewalk_present":0,"canopy":3.1,"comfort":33.4,"name":"","road_type":"footway","osm_id":1354656044}},{"type":"Feature","geometry":{"type":"LineString","coordinates":[[-84.46998500000768,33.76354959973429],[-84.47002869986454,33.76355140017705],[-84.47010290022865,33.76355459996489]]},"properties":{"overall":1,"safety":0,"sidewalk":0,"sidewalk_present":0,"canopy":2.1,"comfort":32.9,"name":"","road_type":"footway","osm_id":1354656054}},{"type":"Feature","geometry":{"type":"LineString","coordinates":[[-84.47001989999836,33.76340060005771],[-84.47002869986454,33.76355140017705],[-84.47003300042257,33.76361999956339]]},"properties":{"overall":34,"safety":0,"sidewalk":100,"sidewalk_present":1,"canopy":1.6,"comfort":31.3,"name":"Hamilton E Holmes Drive Northwest","road_type":"secondary","osm_id":629305914}},{"type":"Feature","geometry":{"type":"LineString","coordinates":[[-84.47010290022865,33.76355459996489],[-84.4701139996613,33.76356480007553],[-84.47012509999331,33.76357490036139]]},"properties":{"overall":1,"safety":0,"sidewalk":0,"sidewalk_present":0,"canopy":3.1,"comfort":33.4,"name":"","road_type":"footway","osm_id":1354656046}},{"type":"Feature","geometry":{"type":"LineString","coordinates":[[-84.47102839974082,33.76341979968407],[-84.471023100036,33.763582100333736],[-84.47102050009596,33.76362759973398]]},"properties":{"overall":70,"safety":100,"sidewalk":100,"sidewalk_present":1,"canopy":9.9,"comfort":37.5,"name":"","road_type":"service","osm_id":562669327}},{"type":"Feature","geometry":{"type":"LineString","coordinates":[[-84.47012509999331,33.76357490036139],[-84.47012800030694,33.7636206003105],[-84.4701312999195,33.763674600102775]]},"properties":{"overall":1,"safety":0,"sidewalk":0,"sidewalk_present":0,"canopy":4.2,"comfort":33.9,"name":"","road_type":"footway","osm_id":1354656047}},{"type":"Feature","geometry":{"type":"LineString","coordinates":[[-84.47003300042257,33.76361999956339],[-84.47012800030694,33.7636206003105],[-84.47031759987732,33.76362220020445]]},"properties":{"overall":42,"safety":24,"sidewalk":100,"sidewalk_present":1,"canopy":3.1,"comfort":33.5,"name":"Collier Drive Northwest","road_type":"secondary","osm_id":630644142}},{"type":"Feature","geometry":{"type":"LineString","coordinates":[[-84.47031759987732,33.76362220020445],[-84.47090379957064,33.76362670041192]]},"properties":{"overall":60,"safety":74,"sidewalk":100,"sidewalk_present":1,"canopy":5.5,"comfort":34.9,"name":"Collier Drive Northwest","road_type":"secondary","osm_id":1118675615}},{"type":"Feature","geometry":{"type":"LineString","coordinates":[[-84.47184789976075,33.76327330012276],[-84.47184920018043,33.76363400020898]]},"properties":{"overall":40,"safety":96,"sidewalk":0,"sidewalk_present":0,"canopy":24.9,"comfort":49.4,"name":"","road_type":"service","osm_id":562669326}},{"type":"Feature","geometry":{"type":"LineString","coordinates":[[-84.4701312999195,33.763674600102775],[-84.47011959973969,33.7636855997107],[-84.47010590036695,33.763698299936664]]},"properties":{"overall":2,"safety":0,"sidewalk":0,"sidewalk_present":0,"canopy":5.0,"comfort":34.4,"name":"","road_type":"footway","osm_id":1354656053}},{"type":"Feature","geometry":{"type":"LineString","coordinates":[[-84.4701421997027,33.76370110042552],[-84.47011959973969,33.7636855997107]]},"properties":{"overall":2,"safety":0,"sidewalk":0,"sidewalk_present":0,"canopy":5.0,"comfort":34.4,"name":"","road_type":"footway","osm_id":1354656043}},{"type":"Feature","geometry":{"type":"LineString","coordinates":[[-84.47019260040815,33.763737200111734],[-84.47023399979923,33.76371179965986],[-84.4702970000065,33.76369150016268],[-84.47118429991548,33.76368330014424]]},"properties":{"overall":46,"safety":26,"sidewalk":100,"sidewalk_present":1,"canopy":13.2,"comfort":38.6,"name":"","road_type":"footway","osm_id":1354656056}},{"type":"Feature","geometry":{"type":"LineString","coordinates":[[-84.4700305003073,33.763852600217376],[-84.47003220002597,33.763698299936664],[-84.47003300042257,33.76361999956339]]},"properties":{"overall":1,"safety":0,"sidewalk":0,"sidewalk_present":0,"canopy":3.1,"comfort":34.5,"name":"Hamilton E Holmes Drive Northwest","road_type":"secondary","osm_id":1118675612}},{"type":"Feature","geometry":{"type":"LineString","coordinates":[[-84.47010590036695,33.763698299936664],[-84.47003220002597,33.763698299936664],[-84.46998800014603,33.76369839976138]]},"properties":{"overall":1,"safety":0,"sidewalk":0,"sidewalk_present":0,"canopy":3.6,"comfort":34.4,"name":"","road_type":"footway","osm_id":1354656052}},{"type":"Feature","geometry":{"type":"LineString","coordinates":[[-84.4700305003073,33.763852600217376],[-84.47008130031173,33.76377450039291],[-84.47012729973505,33.763729799590635],[-84.47015530012698,33.763710500139496],[-84.47020949956874,33.76367290038411],[-84.47031759987732,33.76362220020445]]},"properties":{"overall":41,"safety":19,"sidewalk":100,"sidewalk_present":1,"canopy":3.1,"comfort":34.5,"name":"","road_type":"secondary_link","osm_id":1118675613}},{"type":"Feature","geometry":{"type":"LineString","coordinates":[[-84.47018159990085,33.76372950011637],[-84.47015530012698,33.763710500139496],[-84.4701421997027,33.76370110042552]]},"properties":{"overall":35,"safety":0,"sidewalk":100,"sidewalk_present":1,"canopy":6.3,"comfort":35.0,"name":"","road_type":"footway","osm_id":1356788614}},{"type":"Feature","geometry":{"type":"LineString","coordinates":[[-84.47019260040815,33.763737200111734],[-84.47018159990085,33.76372950011637]]},"properties":{"overall":35,"safety":0,"sidewalk":100,"sidewalk_present":1,"canopy":6.3,"comfort":35.1,"name":"","road_type":"footway","osm_id":1356788613}},{"type":"Feature","geometry":{"type":"LineString","coordinates":[[-84.47010419974896,33.76512070006032],[-84.4701119995691,33.76410639969066],[-84.47011480005796,33.763942099848066],[-84.47011790002102,33.763851199972976],[-84.47013559957821,33.7638038003052],[-84.47016340032064,33.763764099733464],[-84.47019260040815,33.763737200111734]]},"properties":{"overall":41,"safety":6,"sidewalk":100,"sidewalk_present":1,"canopy":16.5,"comfort":42.6,"name":"","road_type":"footway","osm_id":1393660144}},{"type":"Feature","geometry":{"type":"LineString","coordinates":[[-84.4700291000629,33.76398200006929],[-84.4700305003073,33.763852600217376]]},"properties":{"overall":40,"safety":16,"sidewalk":100,"sidewalk_present":1,"canopy":4.2,"comfort":36.1,"name":"Hamilton E Holmes Drive Northwest","road_type":"secondary","osm_id":1380649952}},{"type":"Feature","geometry":{"type":"LineString","coordinates":[[-84.47223300025274,33.76363700034733],[-84.472217999561,33.76456900015927],[-84.47220599990692,33.765309000110335]]},"properties":{"overall":51,"safety":98,"sidewalk":0,"sidewalk_present":0,"canopy":55.0,"comfort":60.2,"name":"Chilton Drive Northwest","road_type":"residential","osm_id":9267641}},{"type":"Feature","geometry":{"type":"LineString","coordinates":[[-84.47719990015526,33.76270759957612],[-84.47710659998955,33.76270759957612],[-84.47703389969467,33.762698000212595],[-84.47690249975051,33.76265809999137],[-84.47678589994928,33.762643000374226]]},"properties":{"overall":46,"safety":100,"sidewalk":0,"sidewalk_present":0,"canopy":38.8,"comfort":53.7,"name":"","road_type":"service","osm_id":923237627}},{"type":"Feature","geometry":{"type":"LineString","coordinates":[[-84.47388569966529,33.76363589957714],[-84.473874299859,33.763455699720794],[-84.4738674002603,33.76338119988253],[-84.4738561002788,33.76324510008135],[-84.47380220031124,33.76311439980975]]},"properties":{"overall":33,"safety":100,"sidewalk":0,"sidewalk_present":0,"canopy":0.0,"comfort":0.0,"name":"","road_type":"service","osm_id":689884381}},{"type":"Feature","geometry":{"type":"LineString","coordinates":[[-84.47788440024482,33.763914499654504],[-84.47788540029097,33.763784999977815],[-84.47791899986191,33.763620499586466],[-84.47790030025863,33.763502600264815],[-84.47782190006058,33.76341569967485]]},"properties":{"overall":33,"safety":100,"sidewalk":0,"sidewalk_present":0,"canopy":0.0,"comfort":0.0,"name":"","road_type":"service","osm_id":713406701}},{"type":"Feature","geometry":{"type":"LineString","coordinates":[[-84.47949990010028,33.7644068002337],[-84.4796126004411,33.76408040029031],[-84.47961990023816,33.76398429963575],[-84.47961210041808,33.76392569981124],[-84.4795533000447,33.763843900175914],[-84.47946390023878,33.76381370004225],[-84.47937849971794,33.76380840033744],[-84.47933050020237,33.76383939996839]]},"properties":{"overall":29,"safety":86,"sidewalk":0,"sidewalk_present":0,"canopy":0.0,"comfort":0.0,"name":"","road_type":"service","osm_id":1131090361}},{"type":"Feature","geometry":{"type":"LineString","coordinates":[[-84.4797996998962,33.76408269985677],[-84.47973499997022,33.76407499986141],[-84.47961990023816,33.76432510042309],[-84.47957899997084,33.76441400020599]]},"properties":{"overall":33,"safety":100,"sidewalk":0,"sidewalk_present":0,"canopy":0.0,"comfort":0.0,"name":"","road_type":"service","osm_id":1131090360}},{"type":"Feature","geometry":{"type":"LineString","coordinates":[[-84.47090379957064,33.76362670041192],[-84.47102050009596,33.76362759973398],[-84.47184920018043,33.76363400020898],[-84.47223300025274,33.76363700034733],[-84.47388569966529,33.76363589957714],[-84.47523900037953,33.763635000255135],[-84.47601600023819,33.7636570003703],[-84.47680299965867,33.763736000416145],[-84.47718300009535,33.76379500043896],[-84.4778179997009,33.763893999608456],[-84.47788440024482,33.763914499654504],[-84.47835300009086,33.76405900002288],[-84.47902100031888,33.764311999998824],[-84.47921300017975,33.7643639996989],[-84.47940399999459,33.764398000367464],[-84.47949990010028,33.7644068002337],[-84.47957899997084,33.76441400020599],[-84.47977500001622,33.76441600029824],[-84.48056100028987,33.76435700027537],[-84.4806160001283,33.76435300009092],[-84.48127800007961,33.764325999745154],[-84.48192600028466,33.76431600018333],[-84.4821617000024,33.76430389980516],[-84.48235400023691,33.764294000068105],[-84.48258400005153,33.764230999860786],[-84.48279499988928,33.76414000016092],[-84.48295299998091,33.76404600032271],[-84.48408199988432,33.76324800039498],[-84.48443600002133,33.763016999634885]]},"properties":{"overall":84,"safety":97,"sidewalk":100,"sidewalk_present":1,"canopy":56.4,"comfort":59.3,"name":"Collier Drive Northwest","road_type":"secondary","osm_id":9260279}},{"type":"Feature","geometry":{"type":"LineString","coordinates":[[-84.47001599963863,33.76520099962647],[-84.47010359990117,33.76518830029988],[-84.47019499979939,33.76517500022612],[-84.47037700009844,33.7651809996035],[-84.47052499972892,33.76521000004152],[-84.47074299988952,33.765279999672316],[-84.47086700021185,33.76529999969529],[-84.47220599990692,33.765309000110335],[-84.4728679998583,33.765317999626006],[-84.47331299969517,33.765355999579754],[-84.47531000005642,33.76536900017925],[-84.4753700001254,33.76538299992558],[-84.47542199982541,33.765407000132996],[-84.47547400042475,33.76545299955632],[-84.47551599966363,33.76554400015556],[-84.47551699970973,33.76615000022241],[-84.47551699970973,33.766729999989536],[-84.47548099984823,33.766816000358176],[-84.47540700003299,33.76688299985062],[-84.47534099968738,33.766911000242544],[-84.47527000001048,33.766922999896565],[-84.47417399983021,33.76693999978124],[-84.47338700040973,33.766951000288486]]},"properties":{"overall":68,"safety":65,"sidewalk":100,"sidewalk_present":1,"canopy":38.8,"comfort":52.2,"name":"Santa Barbara Drive Northwest","road_type":"residential","osm_id":9275505}},{"type":"Feature","geometry":{"type":"LineString","coordinates":[[-84.472217999561,33.76456900015927],[-84.47393599964664,33.764555999559775],[-84.47662200030504,33.764587000090046],[-84.47731499988731,33.76467999988216],[-84.47741800014057,33.76470600018183],[-84.47752499967896,33.76475000041222],[-84.47767100011652,33.76484500029659],[-84.47779400039275,33.76495499997333],[-84.47788300000042,33.765067999788414],[-84.47804999960778,33.76533300031775],[-84.47815199981488,33.76542900024822],[-84.47823600009127,33.76547799980989],[-84.47839100004455,33.7655430001094],[-84.47875799988174,33.765648999601694],[-84.47917200008771,33.76573299987808],[-84.47958700033973,33.76585199996987],[-84.47968000013185,33.76590899990049],[-84.47975700008544,33.76598099962348],[-84.47981600010826,33.76606399985377],[-84.47985600015426,33.76617100029148],[-84.47986699976218,33.76627199955317],[-84.479854000062,33.766372999714235],[-84.47931799962595,33.76801199975404]]},"properties":{"overall":54,"safety":100,"sidewalk":0,"sidewalk_present":0,"canopy":62.8,"comfort":63.6,"name":"Dale Creek Drive Northwest","road_type":"residential","osm_id":9240401}},{"type":"Feature","geometry":{"type":"LineString","coordinates":[[-84.47331299969517,33.765355999579754],[-84.47331399974126,33.76609600043014],[-84.47332700034076,33.76612800010719]]},"properties":{"overall":51,"safety":93,"sidewalk":0,"sidewalk_present":0,"canopy":61.0,"comfort":62.5,"name":"Santa Lucia Terrace Northwest","road_type":"residential","osm_id":9278221}},{"type":"Feature","geometry":{"type":"LineString","coordinates":[[-84.47332700034076,33.76612800010719],[-84.4733600000639,33.76614800013016],[-84.47551699970973,33.76615000022241]]},"properties":{"overall":46,"safety":84,"sidewalk":0,"sidewalk_present":0,"canopy":52.7,"comfort":56.9,"name":"Santa Monica Drive Northwest","road_type":"residential","osm_id":9241795}},{"type":"Feature","geometry":{"type":"LineString","coordinates":[[-84.47010309987814,33.76523920012903],[-84.47010359990117,33.76518830029988],[-84.47010419974896,33.76512070006032]]},"properties":{"overall":49,"safety":23,"sidewalk":100,"sidewalk_present":1,"canopy":23.1,"comfort":46.4,"name":"","road_type":"footway","osm_id":1393660141}},{"type":"Feature","geometry":{"type":"LineString","coordinates":[[-84.47123230033037,33.76829080038016],[-84.47072650002792,33.767739499778145],[-84.47055429964115,33.767502800014256],[-84.47031440008948,33.76697549961966],[-84.47019470032512,33.76658539979644],[-84.47011689997493,33.766121399982694],[-84.47010309987814,33.76523920012903]]},"properties":{"overall":72,"safety":77,"sidewalk":100,"sidewalk_present":1,"canopy":38.4,"comfort":53.1,"name":"","road_type":"footway","osm_id":1393660140}},{"type":"Feature","geometry":{"type":"LineString","coordinates":[[-84.47049469977054,33.76750980033705],[-84.47055429964115,33.767502800014256],[-84.47062389997296,33.76749469982059],[-84.47077179977867,33.767473400277254],[-84.47081429993995,33.76744790000066],[-84.47082740036421,33.7674295996963],[-84.47076519965418,33.767247000448776]]},"properties":{"overall":63,"safety":89,"sidewalk":100,"sidewalk_present":1,"canopy":0.0,"comfort":0.0,"name":"","road_type":"service","osm_id":712972311}},{"type":"Feature","geometry":{"type":"LineString","coordinates":[[-84.47120100032589,33.76835999961435],[-84.47126129986907,33.7683223998589],[-84.47149600044003,33.76817600012237],[-84.47160900025511,33.768127999707474],[-84.47174300013933,33.76808899970763],[-84.47373500026998,33.76773200033159],[-84.47392399999256,33.76771300035472],[-84.47410900042996,33.76771599959375]]},"properties":{"overall":66,"safety":99,"sidewalk":100,"sidewalk_present":1,"canopy":0.0,"comfort":0.0,"name":"Renfro Drive Northwest","road_type":"residential","osm_id":9260042}},{"type":"Feature","geometry":{"type":"LineString","coordinates":[[-84.47875799988174,33.765648999601694],[-84.47858199985939,33.766149000176256],[-84.47831600018321,33.76699699971181],[-84.47792400009251,33.768167999753416]]},"properties":{"overall":33,"safety":100,"sidewalk":0,"sidewalk_present":0,"canopy":0.0,"comfort":0.0,"name":"Forrest Ridge Drive Northwest","road_type":"residential","osm_id":9276258}},{"type":"Feature","geometry":{"type":"LineString","coordinates":[[-84.4730120002036,33.770258999952944],[-84.47420600040658,33.77025199963015],[-84.47440899987538,33.770227000275895],[-84.47457300024371,33.770160999930226],[-84.47470399998957,33.77005699963087],[-84.47479100040431,33.76992399979281],[-84.47517700021837,33.768635999751666],[-84.47523100001058,33.76852800016712],[-84.47531000005642,33.76843100019056],[-84.4754660000558,33.768319999568405],[-84.47565299968613,33.76825600021431],[-84.47662300035114,33.76816899979957],[-84.47792400009251,33.768167999753416],[-84.47843800041335,33.768179000260716],[-84.47870099995117,33.76816399956897],[-84.47901600008828,33.7681079996845],[-84.4792799996722,33.76802410013215],[-84.47931799962595,33.76801199975404],[-84.47961699992459,33.76789000042322],[-84.48059700015142,33.76743300003295],[-84.48185899989289,33.76683799957408],[-84.48267899993584,33.76645199976002],[-84.48331200034852,33.766347000313885],[-84.48375800023149,33.76623699973783],[-84.48417499967644,33.766065999945965],[-84.48484499999671,33.765726999601384],[-84.4849640000885,33.76568799960154],[-84.48508200013418,33.765671999763015],[-84.48669199973597,33.76566500033954],[-84.48743199968698,33.76565599992449]]},"properties":{"overall":45,"safety":87,"sidewalk":0,"sidewalk_present":0,"canopy":47.0,"comfort":57.3,"name":"Baker Ridge Drive Northwest","road_type":"residential","osm_id":9246156}},{"type":"Feature","geometry":{"type":"LineString","coordinates":[[-84.4792799996722,33.76802410013215],[-84.4793509004237,33.76822329996537],[-84.47941699969476,33.768419399835466],[-84.47944209977305,33.76848740027333],[-84.47946099992515,33.76850440015801],[-84.47951449969435,33.768523999982676],[-84.4795647996757,33.76853060010717]]},"properties":{"overall":33,"safety":100,"sidewalk":0,"sidewalk_present":0,"canopy":0.0,"comfort":0.0,"name":"","road_type":"service","osm_id":858043453}},{"type":"Feature","geometry":{"type":"LineString","coordinates":[[-84.47194400041525,33.769137000372325],[-84.47200489980622,33.76910409957458],[-84.47213100004558,33.769036000211315],[-84.47228399990661,33.76898899984252],[-84.47239999986004,33.76897500009625],[-84.47329099957994,33.768946999704326],[-84.47350100027091,33.768896000050404],[-84.47368799990124,33.76880200021219],[-84.47379899962408,33.76871599984355],[-84.47388499999272,33.76862700023594],[-84.47395399957736,33.76852900021322],[-84.47401299960023,33.76841100016759],[-84.47405799987678,33.76821500012221],[-84.47405199960008,33.76794999959287],[-84.47410900042996,33.76771599959375],[-84.47416300022223,33.76740399959493],[-84.47417399983021,33.76693999978124]]},"properties":{"overall":66,"safety":54,"sidewalk":100,"sidewalk_present":1,"canopy":42.9,"comfort":52.8,"name":"Baker Road Northwest","road_type":"residential","osm_id":630644066}},{"type":"Feature","geometry":{"type":"LineString","coordinates":[[-84.47650240036546,33.768906600359344],[-84.47646510008428,33.76885469958478]]},"properties":{"overall":33,"safety":100,"sidewalk":0,"sidewalk_present":0,"canopy":0.0,"comfort":0.0,"name":"","road_type":"service","osm_id":730995552}},{"type":"Feature","geometry":{"type":"LineString","coordinates":[[-84.476601500259,33.768960100128595],[-84.47650240036546,33.768906600359344]]},"properties":{"overall":33,"safety":100,"sidewalk":0,"sidewalk_present":0,"canopy":0.0,"comfort":0.0,"name":"","road_type":"service","osm_id":730995553}},{"type":"Feature","geometry":{"type":"LineString","coordinates":[[-84.47702099981927,33.76889900018875],[-84.47666100030489,33.76897040006395],[-84.476601500259,33.768960100128595]]},"properties":{"overall":33,"safety":100,"sidewalk":0,"sidewalk_present":0,"canopy":0.0,"comfort":0.0,"name":"","road_type":"service","osm_id":729926038}},{"type":"Feature","geometry":{"type":"LineString","coordinates":[[-84.47680299965867,33.763736000416145],[-84.47662200030504,33.764587000090046],[-84.47662300035114,33.76816899979957],[-84.4770090001652,33.76886200028116],[-84.47702099981927,33.76889900018875],[-84.47708099988819,33.76908399972683],[-84.47711200041846,33.76928099981836],[-84.47711499965749,33.769480000002034],[-84.47708900025714,33.76967700009351],[-84.47702500000372,33.76989800039246],[-84.47651440001948,33.770834700061414],[-84.47629399956838,33.771239000179776]]},"properties":{"overall":49,"safety":99,"sidewalk":0,"sidewalk_present":0,"canopy":47.3,"comfort":58.0,"name":"Collier Ridge Drive Northwest","road_type":"residential","osm_id":9273345}},{"type":"Feature","geometry":{"type":"LineString","coordinates":[[-84.47925079958469,33.76974649970123],[-84.47925750043328,33.769601600033866],[-84.4792614997184,33.76950789966986],[-84.47923569996755,33.76944760012668]]},"properties":{"overall":33,"safety":100,"sidewalk":0,"sidewalk_present":0,"canopy":0.0,"comfort":0.0,"name":"","road_type":"service","osm_id":562645105}},{"type":"Feature","geometry":{"type":"LineString","coordinates":[[-84.47895299988102,33.76976210024077],[-84.4788483997338,33.76971530042084],[-84.47879749990466,33.769643899646326],[-84.47874569985413,33.76954739969278]]},"properties":{"overall":33,"safety":100,"sidewalk":0,"sidewalk_present":0,"canopy":0.0,"comfort":0.0,"name":"","road_type":"service","osm_id":562645103}},{"type":"Feature","geometry":{"type":"LineString","coordinates":[[-84.4863665000139,33.763689300420936],[-84.48652819991645,33.76344470011287],[-84.48662839968085,33.7632670003718],[-84.48665139984217,33.76322989974011]]},"properties":{"overall":33,"safety":100,"sidewalk":0,"sidewalk_present":0,"canopy":0.0,"comfort":0.0,"name":"","road_type":"service","osm_id":717093904}},{"type":"Feature","geometry":{"type":"LineString","coordinates":[[-84.4845150998919,33.76483559968324],[-84.48448250036705,33.76477060028304],[-84.48448329986434,33.764711000412376],[-84.484513499998,33.764648699877625],[-84.48454689991945,33.764595899781],[-84.48457860012223,33.76453289957368],[-84.48459250004379,33.76447469994747],[-84.48457860012223,33.76442730027975],[-84.48452980021005,33.76438599981407]]},"properties":{"overall":50,"safety":96,"sidewalk":0,"sidewalk_present":0,"canopy":55.1,"comfort":60.3,"name":"","road_type":"service","osm_id":904047260}},{"type":"Feature","geometry":{"type":"LineString","coordinates":[[-84.48427809975448,33.76493149978893],[-84.48419170008685,33.76480109989092],[-84.48413370011014,33.76470619983132],[-84.48408409980135,33.76462919987773],[-84.48405040040564,33.764600399988524],[-84.48398399986166,33.76460580041743],[-84.48394559970961,33.76465250041264]]},"properties":{"overall":47,"safety":100,"sidewalk":0,"sidewalk_present":0,"canopy":41.0,"comfort":54.4,"name":"","road_type":"service","osm_id":904047261}},{"type":"Feature","geometry":{"type":"LineString","coordinates":[[-84.4821617000024,33.76430389980516],[-84.48219359985472,33.76473720036154]]},"properties":{"overall":33,"safety":99,"sidewalk":0,"sidewalk_present":0,"canopy":0.0,"comfort":0.0,"name":"","road_type":"service","osm_id":917242833}},{"type":"Feature","geometry":{"type":"LineString","coordinates":[[-84.48355819965116,33.765222800092204],[-84.48427809975448,33.76493149978893],[-84.4845150998919,33.76483559968324],[-84.48505299969617,33.76461799972094]]},"properties":{"overall":49,"safety":100,"sidewalk":0,"sidewalk_present":0,"canopy":45.8,"comfort":56.8,"name":"Larchmont Court Northwest","road_type":"residential","osm_id":9269967}},{"type":"Feature","geometry":{"type":"LineString","coordinates":[[-84.48355819965116,33.765222800092204],[-84.48354660019538,33.76505679963162],[-84.48345330002974,33.76477919960041]]},"properties":{"overall":45,"safety":100,"sidewalk":0,"sidewalk_present":0,"canopy":34.2,"comfort":51.1,"name":"","road_type":"service","osm_id":731079425}},{"type":"Feature","geometry":{"type":"LineString","coordinates":[[-84.48355819965116,33.765222800092204],[-84.48339370015907,33.76524709977389],[-84.48305519983757,33.76530640017029]]},"properties":{"overall":49,"safety":100,"sidewalk":0,"sidewalk_present":0,"canopy":46.5,"comfort":56.4,"name":"","road_type":"service","osm_id":864627190}},{"type":"Feature","geometry":{"type":"LineString","coordinates":[[-84.48669199973597,33.76566500033954],[-84.48670300024321,33.76575399994721],[-84.48673499992026,33.765836000131344],[-84.48719699964181,33.76658699969033],[-84.48720609988158,33.76660539981941],[-84.4872520003795,33.766698000312545],[-84.48729000033319,33.7668310001506],[-84.48737499975641,33.76736999982569]]},"properties":{"overall":33,"safety":100,"sidewalk":0,"sidewalk_present":0,"canopy":0.0,"comfort":0.0,"name":"Kildare Avenue Northwest","road_type":"residential","osm_id":9253904}},{"type":"Feature","geometry":{"type":"LineString","coordinates":[[-84.48720609988158,33.76660539981941],[-84.48669280013257,33.7668255997217]]},"properties":{"overall":33,"safety":100,"sidewalk":0,"sidewalk_present":0,"canopy":0.0,"comfort":0.0,"name":"","road_type":"service","osm_id":729893415}},{"type":"Feature","geometry":{"type":"LineString","coordinates":[[-84.48510999962673,33.7629029997737],[-84.48513099969585,33.76380099981634],[-84.48511199971898,33.76408799956158],[-84.48505299969617,33.76461799972094],[-84.48503599981149,33.76506699974232],[-84.48508200013418,33.765671999763015],[-84.4853899999485,33.76676599985109],[-84.48543700031729,33.766878999666176],[-84.48549999962523,33.766982999965535],[-84.48559400036277,33.767094999734525],[-84.48570800022401,33.76719399980328],[-84.48584000001597,33.767275999987476],[-84.48598500040742,33.76734000024089],[-84.4861400003607,33.76738399957196],[-84.48643200033649,33.76743800026355],[-84.48661099959793,33.767448999871476],[-84.48678899971253,33.76743800026355]]},"properties":{"overall":47,"safety":96,"sidewalk":0,"sidewalk_present":0,"canopy":43.9,"comfort":57.0,"name":"Larchmont Drive Northwest","road_type":"residential","osm_id":546845960}},{"type":"Feature","geometry":{"type":"LineString","coordinates":[[-84.4909801003513,33.76535949974118],[-84.49077080023221,33.76534840030848],[-84.4904946004454,33.76535279979191],[-84.49024919974073,33.76540519969029]]},"properties":{"overall":46,"safety":100,"sidewalk":0,"sidewalk_present":0,"canopy":38.2,"comfort":55.3,"name":"","road_type":"service","osm_id":562443094}},{"type":"Feature","geometry":{"type":"LineString","coordinates":[[-84.49035239964348,33.76557129997559],[-84.49024919974073,33.76540519969029]]},"properties":{"overall":33,"safety":100,"sidewalk":0,"sidewalk_present":0,"canopy":0.0,"comfort":0.0,"name":"","road_type":"service","osm_id":562443095}},{"type":"Feature","geometry":{"type":"LineString","coordinates":[[-84.49160349960181,33.76430279993434],[-84.49180869971167,33.764503800210264],[-84.49193949980804,33.7646327000391],[-84.49202030029659,33.76472350008953],[-84.49206950040707,33.76477410044441],[-84.4921965997932,33.7649021998767],[-84.49232139961288,33.76504000029581],[-84.49243900035952,33.765169900170804],[-84.49255390044209,33.765299600396304],[-84.49268319956997,33.76546190014665],[-84.4927928997725,33.76562190033047],[-84.49290810022859,33.76583290016828],[-84.49304000019583,33.766050099932215],[-84.49315099991867,33.76624600015282],[-84.49325400017193,33.766444100115166],[-84.49353830015241,33.76705050038032],[-84.49370190032238,33.76736119995945],[-84.49390699970826,33.7677254002071]]},"properties":{"overall":36,"safety":86,"sidewalk":0,"sidewalk_present":0,"canopy":21.5,"comfort":44.1,"name":"","road_type":"motorway_link","osm_id":437375882}},{"type":"Feature","geometry":{"type":"LineString","coordinates":[[-84.49088620033785,33.76554789961591],[-84.49058979997926,33.76554009979583],[-84.49035239964348,33.76557129997559]]},"properties":{"overall":41,"safety":100,"sidewalk":0,"sidewalk_present":0,"canopy":22.0,"comfort":50.1,"name":"","road_type":"service","osm_id":562443096}},{"type":"Feature","geometry":{"type":"LineString","coordinates":[[-84.49096930039286,33.765553499694306],[-84.49088620033785,33.76554789961591]]},"properties":{"overall":37,"safety":100,"sidewalk":0,"sidewalk_present":0,"canopy":11.5,"comfort":45.9,"name":"","road_type":"service","osm_id":562443097}},{"type":"Feature","geometry":{"type":"LineString","coordinates":[[-84.4909801003513,33.76535949974118],[-84.49096930039286,33.765553499694306]]},"properties":{"overall":42,"safety":100,"sidewalk":0,"sidewalk_present":0,"canopy":24.5,"comfort":50.1,"name":"","road_type":"service","osm_id":562443093}},{"type":"Feature","geometry":{"type":"LineString","coordinates":[[-84.49024919974073,33.76540519969029],[-84.49016060033142,33.7654253004373],[-84.48995140003706,33.76557360044137],[-84.48966450011653,33.765829800205154]]},"properties":{"overall":33,"safety":99,"sidewalk":0,"sidewalk_present":0,"canopy":0.0,"comfort":0.0,"name":"","road_type":"service","osm_id":562443092}},{"type":"Feature","geometry":{"type":"LineString","coordinates":[[-84.49390699970826,33.7677254002071],[-84.49411119977202,33.768062899583185]]},"properties":{"overall":35,"safety":79,"sidewalk":0,"sidewalk_present":0,"canopy":25.6,"comfort":49.9,"name":"","road_type":"motorway_link","osm_id":437375881}},{"type":"Feature","geometry":{"type":"LineString","coordinates":[[-84.48059700015142,33.76743300003295],[-84.48095400042672,33.767785000077765],[-84.48110600024165,33.76791299968522],[-84.4816110001475,33.768187999776444],[-84.48169000019334,33.76824499970701],[-84.48226940011267,33.768856699676974]]},"properties":{"overall":33,"safety":100,"sidewalk":0,"sidewalk_present":0,"canopy":0.0,"comfort":0.0,"name":"Duffield Drive Northwest","road_type":"residential","osm_id":9277186}},{"type":"Feature","geometry":{"type":"LineString","coordinates":[[-84.4880630000074,33.767374000010136],[-84.48805000030723,33.76792900042307],[-84.48806600014575,33.76813099984582],[-84.48808700021488,33.768222999591785],[-84.48815699984561,33.768383999821765],[-84.4882450003065,33.76853100030547],[-84.48856799991324,33.76899400007312],[-84.48864199972849,33.7691910001646],[-84.48868900009722,33.76942099997922]]},"properties":{"overall":33,"safety":100,"sidewalk":0,"sidewalk_present":0,"canopy":0.0,"comfort":0.0,"name":"East Kildare Avenue Northwest","road_type":"residential","osm_id":9254519}},{"type":"Feature","geometry":{"type":"LineString","coordinates":[[-84.48678899971253,33.76743800026355],[-84.48686699971222,33.768090999799824],[-84.48691700021936,33.768305999822076],[-84.4870340002189,33.7685749996366],[-84.48725100033334,33.768892999912055],[-84.48731799982579,33.76902000037279],[-84.4874899996637,33.769664000393334]]},"properties":{"overall":48,"safety":100,"sidewalk":0,"sidewalk_present":0,"canopy":43.4,"comfort":58.0,"name":"West Kildare Avenue Northwest","road_type":"residential","osm_id":9267945}},{"type":"Feature","geometry":{"type":"LineString","coordinates":[[-84.4823433001032,33.76883549995841],[-84.48230409955454,33.768840699838506],[-84.48226940011267,33.768856699676974],[-84.48224539990525,33.76887900016578],[-84.4822309001359,33.768906299985815],[-84.48222720032499,33.7689360000964],[-84.48223490032035,33.768965200183914],[-84.48225300007584,33.76899099993477],[-84.48227979987286,33.76901090013297],[-84.48231269977123,33.76902279996227],[-84.48234849998323,33.769025700275904],[-84.4823835996234,33.7690192998009],[-84.48241460015362,33.769004100358984],[-84.48244030007976,33.768979000280694],[-84.48245420000131,33.7689480995752],[-84.48245460019962,33.76891509985205],[-84.48244149977535,33.768884000396326],[-84.48241639969706,33.768858500119734],[-84.48238230010304,33.76884160005983],[-84.4823433001032,33.76883549995841]]},"properties":{"overall":33,"safety":100,"sidewalk":0,"sidewalk_present":0,"canopy":0.0,"comfort":0.0,"name":"Duffield Drive Northwest","road_type":"residential","osm_id":1322454220}},{"type":"Feature","geometry":{"type":"LineString","coordinates":[[-84.47702500000372,33.76989800039246],[-84.47827729965763,33.769642799775454],[-84.47874569985413,33.76954739969278],[-84.47923569996755,33.76944760012668],[-84.47938099983321,33.76941799984087],[-84.47987500013113,33.7693690002792],[-84.48002900003826,33.76937200041755],[-84.48008869973364,33.76937870036676],[-84.48020700015292,33.76939200044052],[-84.48038000003692,33.769430000394266],[-84.48054699964428,33.769485000232635],[-84.48141900028662,33.76986110030958]]},"properties":{"overall":33,"safety":100,"sidewalk":0,"sidewalk_present":0,"canopy":0.0,"comfort":0.0,"name":"Engle Road Northwest","road_type":"residential","osm_id":9266702}},{"type":"Feature","geometry":{"type":"LineString","coordinates":[[-84.48549999962523,33.766982999965535],[-84.48533600015622,33.76705899987297],[-84.48518899967257,33.767172999734214],[-84.48508300018028,33.76731499998732],[-84.48502400015747,33.7674760002173],[-84.48501499974242,33.76763200021668],[-84.48505099960391,33.767785000077765],[-84.48510400024935,33.76788800033103],[-84.48527399999506,33.76813199989192],[-84.48548299974061,33.76838499986792],[-84.48595900010775,33.76887900016578],[-84.48634099973731,33.769378999841024],[-84.48650600015173,33.76952400023248],[-84.48672300026624,33.769638000093664],[-84.48696799987329,33.76970200034708],[-84.48722500003367,33.76970999981671],[-84.4874899996637,33.769664000393334],[-84.48836599959117,33.76946700030186],[-84.48868900009722,33.76942099997922],[-84.4889139996813,33.76941299961027],[-84.48913499998025,33.769425000163665],[-84.4893530001408,33.769455999794616],[-84.48956199988635,33.76950400020951],[-84.48998899979244,33.769600000139974],[-84.4903749996065,33.76963600000147]]},"properties":{"overall":33,"safety":100,"sidewalk":0,"sidewalk_present":0,"canopy":0.0,"comfort":0.0,"name":"Larchmont Circle Northwest","road_type":"residential","osm_id":9253014}},{"type":"Feature","geometry":{"type":"LineString","coordinates":[[-84.48037590002775,33.76991040024484],[-84.48025789998206,33.76977440026843],[-84.48016809997779,33.76968289964617],[-84.48013189956748,33.769629399876976],[-84.4800782001488,33.76951459961913],[-84.48008869973364,33.76937870036676]]},"properties":{"overall":32,"safety":95,"sidewalk":0,"sidewalk_present":0,"canopy":0.0,"comfort":0.0,"name":"","road_type":"service","osm_id":562645106}},{"type":"Feature","geometry":{"type":"LineString","coordinates":[[-84.48127800007961,33.764325999745154],[-84.48131399994111,33.764688000251056],[-84.4813200002178,33.76489399985826],[-84.48134599961816,33.76503700015746],[-84.48142000033272,33.76526099969544],[-84.48154299970963,33.765492999602316],[-84.48166499993977,33.76566100015509],[-84.48176700014687,33.76576400040835],[-84.48267899993584,33.76645199976002],[-84.48286599956617,33.76663600015132],[-84.48304399968083,33.76687500038099],[-84.4837509999087,33.76814000026087],[-84.48398099972331,33.76850299991355],[-84.48434100013702,33.76894000028085],[-84.48491399958135,33.76958999967877],[-84.48496199999624,33.76966699963236],[-84.48499000038817,33.7697940000931],[-84.4849919995811,33.770232999653274],[-84.4849923997794,33.77031389996654],[-84.48499849988082,33.77138420022072],[-84.48499999994999,33.77179099955504],[-84.48505599983451,33.77193299980814],[-84.48516699955735,33.77204999980768],[-84.4853190002716,33.77212999989962],[-84.48550399980968,33.77216199957667],[-84.48563799969389,33.77215200001484],[-84.4857430000394,33.77212999989962],[-84.48592500033845,33.7720709998768],[-84.48622299969162,33.771931999762046],[-84.48634599996791,33.77189599990055],[-84.48647399957537,33.77187599987752],[-84.48805799977686,33.771883000200376],[-84.48903399981918,33.77189199971605]]},"properties":{"overall":33,"safety":100,"sidewalk":0,"sidewalk_present":0,"canopy":0.0,"comfort":0.0,"name":"Waterford Road Northwest","road_type":"residential","osm_id":9252059}},{"type":"Feature","geometry":{"type":"LineString","coordinates":[[-84.48141900028662,33.76986110030958],[-84.48193449977731,33.770083499953614],[-84.4819416997496,33.77009739987517]]},"properties":{"overall":33,"safety":100,"sidewalk":0,"sidewalk_present":0,"canopy":0.0,"comfort":0.0,"name":"","road_type":"residential","osm_id":776703290}},{"type":"Feature","geometry":{"type":"LineString","coordinates":[[-84.4819416997496,33.77009739987517],[-84.48194900044598,33.77013300043768]]},"properties":{"overall":33,"safety":100,"sidewalk":0,"sidewalk_present":0,"canopy":0.0,"comfort":0.0,"name":"","road_type":"path","osm_id":830655427}},{"type":"Feature","geometry":{"type":"LineString","coordinates":[[-84.49368779985207,33.769357399924104],[-84.49404580017352,33.76931499958761]]},"properties":{"overall":33,"safety":100,"sidewalk":0,"sidewalk_present":0,"canopy":0.0,"comfort":0.0,"name":"","road_type":"service","osm_id":562441008}},{"type":"Feature","geometry":{"type":"LineString","coordinates":[[-84.49372260001792,33.76951130000651],[-84.49409410006263,33.769476700389475]]},"properties":{"overall":33,"safety":100,"sidewalk":0,"sidewalk_present":0,"canopy":0.0,"comfort":0.0,"name":"","road_type":"service","osm_id":562441023}},{"type":"Feature","geometry":{"type":"LineString","coordinates":[[-84.49404580017352,33.76931499958761],[-84.49409410006263,33.769476700389475]]},"properties":{"overall":33,"safety":100,"sidewalk":0,"sidewalk_present":0,"canopy":0.0,"comfort":0.0,"name":"","road_type":"service","osm_id":562441007}},{"type":"Feature","geometry":{"type":"LineString","coordinates":[[-84.49409410006263,33.769476700389475],[-84.49438719990928,33.76951249970216],[-84.49451389999643,33.769528000416926],[-84.49460150025897,33.7695051999051]]},"properties":{"overall":49,"safety":100,"sidewalk":0,"sidewalk_present":0,"canopy":45.6,"comfort":58.1,"name":"","road_type":"service","osm_id":562441022}},{"type":"Feature","geometry":{"type":"LineString","coordinates":[[-84.49422020030198,33.76967509982603],[-84.49434090011243,33.76961719967409],[-84.49441730021817,33.769634999955315]]},"properties":{"overall":46,"safety":100,"sidewalk":0,"sidewalk_present":0,"canopy":37.3,"comfort":53.8,"name":"","road_type":"service","osm_id":562441013}},{"type":"Feature","geometry":{"type":"LineString","coordinates":[[-84.49438719990928,33.76951249970216],[-84.49441730021817,33.769634999955315],[-84.4944668996277,33.769672900084345]]},"properties":{"overall":47,"safety":100,"sidewalk":0,"sidewalk_present":0,"canopy":41.1,"comfort":55.7,"name":"","road_type":"service","osm_id":562441021}},{"type":"Feature","geometry":{"type":"LineString","coordinates":[[-84.49391040004491,33.76979660003309],[-84.49408740011341,33.76970079975217],[-84.49422020030198,33.76967509982603]]},"properties":{"overall":42,"safety":100,"sidewalk":0,"sidewalk_present":0,"canopy":27.5,"comfort":50.8,"name":"","road_type":"service","osm_id":562441011}},{"type":"Feature","geometry":{"type":"LineString","coordinates":[[-84.4944668996277,33.769672900084345],[-84.49464660036028,33.770241500045245]]},"properties":{"overall":33,"safety":100,"sidewalk":0,"sidewalk_present":0,"canopy":0.0,"comfort":0.0,"name":"","road_type":"service","osm_id":562441010}},{"type":"Feature","geometry":{"type":"LineString","coordinates":[[-84.49428450002961,33.770364100123174],[-84.4942309004357,33.77031499983741],[-84.49422020030198,33.76967509982603]]},"properties":{"overall":41,"safety":100,"sidewalk":0,"sidewalk_present":0,"canopy":23.3,"comfort":47.7,"name":"","road_type":"service","osm_id":562441014}},{"type":"Feature","geometry":{"type":"LineString","coordinates":[[-84.4942309004357,33.77031499983741],[-84.49411560015477,33.77040649956035]]},"properties":{"overall":36,"safety":100,"sidewalk":0,"sidewalk_present":0,"canopy":7.2,"comfort":41.5,"name":"","road_type":"service","osm_id":562441012}},{"type":"Feature","geometry":{"type":"LineString","coordinates":[[-84.49464660036028,33.770241500045245],[-84.49466939997279,33.770333999814284],[-84.49471640034159,33.77041759989237],[-84.4949242003915,33.77036570001707]]},"properties":{"overall":33,"safety":99,"sidewalk":0,"sidewalk_present":0,"canopy":0.0,"comfort":0.0,"name":"","road_type":"service","osm_id":562441020}},{"type":"Feature","geometry":{"type":"LineString","coordinates":[[-84.49471640034159,33.77041759989237],[-84.49475800028142,33.770487800071976],[-84.49461580037882,33.770857999697]]},"properties":{"overall":33,"safety":99,"sidewalk":0,"sidewalk_present":0,"canopy":0.0,"comfort":0.0,"name":"","road_type":"service","osm_id":562441019}},{"type":"Feature","geometry":{"type":"LineString","coordinates":[[-84.49411560015477,33.77040649956035],[-84.49411820009482,33.770644999767]]},"properties":{"overall":35,"safety":100,"sidewalk":0,"sidewalk_present":0,"canopy":5.5,"comfort":40.9,"name":"","road_type":"service","osm_id":562441018}},{"type":"Feature","geometry":{"type":"LineString","coordinates":[[-84.49428450002961,33.770364100123174],[-84.49429360026937,33.770707499951186]]},"properties":{"overall":41,"safety":100,"sidewalk":0,"sidewalk_present":0,"canopy":23.3,"comfort":46.8,"name":"","road_type":"service","osm_id":562441016}},{"type":"Feature","geometry":{"type":"LineString","coordinates":[[-84.49411820009482,33.770644999767],[-84.49413300023775,33.77070299974372],[-84.49429529998804,33.770772100052454],[-84.49461580037882,33.770857999697]]},"properties":{"overall":48,"safety":100,"sidewalk":0,"sidewalk_present":0,"canopy":43.5,"comfort":54.0,"name":"","road_type":"service","osm_id":562441017}},{"type":"Feature","geometry":{"type":"LineString","coordinates":[[-84.49429360026937,33.770707499951186],[-84.49429529998804,33.770772100052454]]},"properties":{"overall":41,"safety":100,"sidewalk":0,"sidewalk_present":0,"canopy":22.9,"comfort":46.4,"name":"","road_type":"service","osm_id":562441015}},{"type":"Feature","geometry":{"type":"LineString","coordinates":[[-84.48678899971253,33.76743800026355],[-84.48713500037991,33.76738399957196],[-84.48737499975641,33.76736999982569],[-84.4880630000074,33.767374000010136],[-84.48887100039633,33.76733700010254],[-84.48902000007291,33.767345999618215],[-84.48913700007245,33.76736699968734],[-84.48926599972606,33.76740799977944],[-84.48938399977175,33.7674709999867],[-84.48946299981753,33.76753100005567],[-84.48954299990947,33.76761700042431],[-84.48962300000142,33.76773499957062],[-84.48976999958575,33.76806200026118],[-84.48983900006976,33.7683229997067],[-84.48985399986219,33.768493000351725],[-84.48984400030031,33.76872100007415],[-84.48978899956262,33.76896200039607],[-84.48956199988635,33.76950400020951]]},"properties":{"overall":46,"safety":100,"sidewalk":0,"sidewalk_present":0,"canopy":38.7,"comfort":57.4,"name":"Larchmont Drive Northwest","road_type":"residential","osm_id":9268771}},{"type":"Feature","geometry":{"type":"LineString","coordinates":[[-84.48443600002133,33.763016999634885],[-84.48460299962869,33.76294800005019],[-84.48485799969689,33.76289000007347],[-84.48498300006537,33.76288399979683],[-84.48510999962673,33.7629029997737],[-84.48521859995839,33.76294900009634],[-84.48571789996106,33.76327099965698],[-84.4863665000139,33.763689300420936],[-84.48643899975997,33.763736000416145],[-84.48741020012062,33.76436959977724],[-84.48797119991093,33.76473320017709],[-84.48830660026937,33.76495170036071],[-84.48859770002377,33.76513989968669],[-84.48905680033101,33.76543839996225],[-84.48946039987749,33.76569349985516],[-84.48966450011653,33.765829800205154],[-84.48979039980708,33.76593679974354],[-84.48992780002789,33.76605670005671],[-84.49004920041023,33.766182800296065],[-84.49024630032648,33.76642810027664],[-84.49055459961505,33.76685290044105],[-84.49086759965996,33.76728810036559],[-84.4913446000732,33.76795260043224],[-84.49156079979105,33.768250599785404],[-84.49168780025173,33.76842959994616],[-84.49179689970714,33.76854390018087],[-84.49188509981747,33.768605299594924],[-84.49198939959109,33.7686542002312],[-84.4920955996322,33.768685000212656],[-84.49222739977466,33.76869919960842],[-84.49233550008324,33.76869210036017],[-84.4924568995662,33.76866209987605],[-84.49256309960731,33.7686242995718],[-84.49271579999413,33.76854070039303],[-84.49296620003008,33.768370400273795],[-84.49320799984929,33.76820489983629],[-84.49340900012521,33.7680739999152],[-84.49354840043827,33.768005399629544],[-84.49373699996255,33.76793399975435],[-84.49391500007715,33.7678969998467],[-84.4940890000073,33.767883000100426],[-84.49470699972824,33.76788400014652],[-84.49578499997773,33.76788700028487],[-84.49653699958282,33.76789299966225],[-84.49675799988177,33.76791399973138],[-84.49697900018066,33.76795299973122],[-84.49734900015619,33.76806100021503],[-84.4980461995724,33.76833000002955],[-84.4983482998341,33.76844659983078],[-84.49870129992502,33.768582800356],[-84.49909349966526,33.7687350996452],[-84.49917170021376,33.76876550032762],[-84.4993231001809,33.768811099552636],[-84.4996020995572,33.768874400133484],[-84.50009800012259,33.76895500007322]]},"properties":{"overall":52,"safety":93,"sidewalk":0,"sidewalk_present":0,"canopy":62.3,"comfort":65.1,"name":"Collier Drive Northwest","road_type":"secondary","osm_id":630644137}},{"type":"Feature","geometry":{"type":"LineString","coordinates":[[-84.48903399981918,33.77189199971605],[-84.49030299988351,33.77190500031554],[-84.4903739995604,33.77192200020022],[-84.49043499967547,33.771954999923366],[-84.49048200004421,33.772002000292105],[-84.49051099958291,33.77205800017663],[-84.4905179999057,33.772116000153346],[-84.49051399972126,33.77223200010678]]},"properties":{"overall":33,"safety":100,"sidewalk":0,"sidewalk_present":0,"canopy":0.0,"comfort":0.0,"name":"Waterford Road Northwest","road_type":"residential","osm_id":630644039}},{"type":"Feature","geometry":{"type":"LineString","coordinates":[[-84.4932665996738,33.77297500019614],[-84.49321169966015,33.77265389995756],[-84.49320499971094,33.772518999852025],[-84.4931951997986,33.772455999644706],[-84.49317409990476,33.77231949964522],[-84.49314460034299,33.77213889959057]]},"properties":{"overall":41,"safety":100,"sidewalk":0,"sidewalk_present":0,"canopy":23.3,"comfort":43.6,"name":"","road_type":"service","osm_id":562442428}},{"type":"Feature","geometry":{"type":"LineString","coordinates":[[-84.4931951997986,33.772455999644706],[-84.49331109992727,33.77249170003199],[-84.49348380033706,33.77256069961663],[-84.49372849957058,33.772549100160916]]},"properties":{"overall":34,"safety":100,"sidewalk":0,"sidewalk_present":0,"canopy":3.3,"comfort":34.4,"name":"","road_type":"service","osm_id":1522242464}},{"type":"Feature","geometry":{"type":"LineString","coordinates":[[-84.49348380033706,33.77256069961663],[-84.49348929969136,33.77262820003148],[-84.49366250012423,33.772613999736336]]},"properties":{"overall":33,"safety":100,"sidewalk":0,"sidewalk_present":0,"canopy":0.0,"comfort":31.2,"name":"","road_type":"service","osm_id":1522242465}},{"type":"Feature","geometry":{"type":"LineString","coordinates":[[-84.49348929969136,33.77262820003148],[-84.49340420044348,33.772635599653256]]},"properties":{"overall":33,"safety":100,"sidewalk":0,"sidewalk_present":0,"canopy":0.0,"comfort":32.3,"name":"","road_type":"service","osm_id":1522242466}},{"type":"Feature","geometry":{"type":"LineString","coordinates":[[-84.48903399981918,33.77189199971605],[-84.48900600032664,33.77305999961936]]},"properties":{"overall":49,"safety":100,"sidewalk":0,"sidewalk_present":0,"canopy":46.4,"comfort":61.8,"name":"Aline Drive Northwest","road_type":"residential","osm_id":630644042}},{"type":"Feature","geometry":{"type":"LineString","coordinates":[[-84.494592999867,33.77595500002326],[-84.49458899968255,33.774297000006584],[-84.4945640003283,33.77419199966113],[-84.4945200000979,33.774100999961206],[-84.49445099961389,33.77401000026134],[-84.49435899986793,33.773924999938856],[-84.4940960003301,33.77369700021643],[-84.49396499968498,33.77363700014752],[-84.49388799973138,33.77362499959412],[-84.49357299959422,33.773626999686314],[-84.49339699957181,33.773615000032294],[-84.49247100003657,33.77343299973319],[-84.49234000029077,33.77343299973319],[-84.49224699959933,33.77346700040181],[-84.49218400029133,33.773517000009576],[-84.49214300019923,33.77357700007855],[-84.49212600031461,33.77364899980154],[-84.4921309996459,33.77370899987051],[-84.4922450004064,33.77410200000736],[-84.4922790001757,33.77434999975276],[-84.4922659995762,33.77465700042029],[-84.49214700038374,33.775308999910465],[-84.49211099962292,33.77550299986359],[-84.49213299973809,33.775656999770774],[-84.4922390001297,33.77590500041549],[-84.49226300033718,33.7760350001152],[-84.49226000019883,33.77616799995326],[-84.49214100010704,33.77669299988207],[-84.49201199955411,33.77713599962675],[-84.4919840000615,33.777288000341],[-84.49197999987706,33.77745499994836],[-84.49204700026883,33.77827600003741],[-84.49200700022283,33.77850299971374],[-84.49189699964677,33.77875299955133],[-84.49189400040774,33.77880200001232],[-84.49191200033852,33.77885899994294]]},"properties":{"overall":47,"safety":100,"sidewalk":0,"sidewalk_present":0,"canopy":42.3,"comfort":54.6,"name":"Jones Road Northwest","road_type":"residential","osm_id":9267797}},{"type":"Feature","geometry":{"type":"LineString","coordinates":[[-84.49311940043992,33.77526430000751],[-84.49315049989559,33.775288300214925],[-84.49318959972021,33.775302100311706],[-84.49323200005671,33.77530399967992],[-84.49327269977522,33.775293799569226],[-84.49330670044384,33.775272699675384],[-84.49333009990414,33.775243200113664],[-84.49333989981648,33.775208899970835],[-84.4933363996551,33.77517769979107],[-84.49332180006098,33.775148899901865],[-84.49329729983049,33.775125200067976],[-84.49326530015344,33.775108700206374],[-84.49322890009364,33.775101000211066],[-84.4931913003382,33.775102899579224],[-84.49315619979876,33.77511409973596],[-84.49312680006176,33.77513369956063],[-84.49310400044925,33.775163399671214],[-84.49309469966062,33.775197900362855],[-84.49310000026475,33.77523290017825],[-84.49311940043992,33.77526430000751]]},"properties":{"overall":41,"safety":98,"sidewalk":0,"sidewalk_present":0,"canopy":24.8,"comfort":46.0,"name":"Vanderbilt Lane Northwest","road_type":"residential","osm_id":9250842}},{"type":"Feature","geometry":{"type":"LineString","coordinates":[[-84.49374269986566,33.77095379997792],[-84.49377089990708,33.77108200013424],[-84.49384470007283,33.77118009998168],[-84.49394260027077,33.77123030013831],[-84.49413970018696,33.77126040044715],[-84.49428049984516,33.77124150029505],[-84.49443070011665,33.77118350031833],[-84.4945446999779,33.77106200011127],[-84.49461580037882,33.770857999697]]},"properties":{"overall":49,"safety":100,"sidewalk":0,"sidewalk_present":0,"canopy":46.5,"comfort":55.7,"name":"","road_type":"service","osm_id":562441006}},{"type":"Feature","geometry":{"type":"LineString","coordinates":[[-84.49487949958922,33.77194779995108],[-84.49478539992623,33.77189139986825],[-84.49461709989919,33.771879099840646],[-84.49434760006164,33.77188360004817]]},"properties":{"overall":58,"safety":100,"sidewalk":0,"sidewalk_present":0,"canopy":73.7,"comfort":64.1,"name":"","road_type":"service","osm_id":562442426}},{"type":"Feature","geometry":{"type":"LineString","coordinates":[[-84.49444009983068,33.772022899637136],[-84.49441730021817,33.771911499716],[-84.49434760006164,33.77188360004817]]},"properties":{"overall":54,"safety":100,"sidewalk":0,"sidewalk_present":0,"canopy":63.4,"comfort":60.3,"name":"","road_type":"service","osm_id":562442425}},{"type":"Feature","geometry":{"type":"LineString","coordinates":[[-84.49422249986844,33.768057400228884],[-84.49436459994627,33.76828549977603],[-84.49478399968183,33.769048800262],[-84.49489219981513,33.769282400062764],[-84.49504009962084,33.76965299988609],[-84.49534989987797,33.77054890001176],[-84.49555469978952,33.77115320035995],[-84.49569140033782,33.77156249980959],[-84.49580619969635,33.77196200024616],[-84.49589859964061,33.77234509974659],[-84.49596130037366,33.772640699708575],[-84.49601909980157,33.773001299970076],[-84.49608040029023,33.773578199774136],[-84.49610300025324,33.7741655002377],[-84.49610119981048,33.774458000236564],[-84.49609590010567,33.77586550039257]]},"properties":{"overall":27,"safety":70,"sidewalk":0,"sidewalk_present":0,"canopy":11.6,"comfort":45.0,"name":"Atlanta Bypass / The Perimeter","road_type":"motorway","osm_id":46219867}},{"type":"Feature","geometry":{"type":"LineString","coordinates":[[-84.47130410040387,33.76836730031073],[-84.47126129986907,33.7683223998589],[-84.47123230033037,33.76829080038016]]},"properties":{"overall":64,"safety":93,"sidewalk":100,"sidewalk_present":1,"canopy":0.0,"comfort":0.0,"name":"","road_type":"footway","osm_id":1393660143}},{"type":"Feature","geometry":{"type":"LineString","coordinates":[[-84.47197519969569,33.76907150004973],[-84.47130410040387,33.76836730031073]]},"properties":{"overall":59,"safety":53,"sidewalk":100,"sidewalk_present":1,"canopy":23.6,"comfort":46.0,"name":"","road_type":"footway","osm_id":1393660142}},{"type":"Feature","geometry":{"type":"LineString","coordinates":[[-84.47197519969569,33.76907150004973],[-84.47200489980622,33.76910409957458],[-84.47205469976456,33.769158600289245]]},"properties":{"overall":44,"safety":16,"sidewalk":100,"sidewalk_present":1,"canopy":17.0,"comfort":43.4,"name":"","road_type":"footway","osm_id":1393660136}},{"type":"Feature","geometry":{"type":"LineString","coordinates":[[-84.47186949967761,33.7691381002432],[-84.47191659987112,33.76910840013261],[-84.47197519969569,33.76907150004973]]},"properties":{"overall":45,"safety":14,"sidewalk":100,"sidewalk_present":1,"canopy":21.6,"comfort":45.1,"name":"","road_type":"footway","osm_id":1393660133}},{"type":"Feature","geometry":{"type":"LineString","coordinates":[[-84.47205469976456,33.769158600289245],[-84.47199829968173,33.76919419995244],[-84.47194899974653,33.76922519958333]]},"properties":{"overall":12,"safety":16,"sidewalk":0,"sidewalk_present":0,"canopy":19.9,"comfort":44.5,"name":"","road_type":"footway","osm_id":1393660134}},{"type":"Feature","geometry":{"type":"LineString","coordinates":[[-84.47261160044496,33.76994990026776],[-84.47268150025099,33.76991179958992]]},"properties":{"overall":33,"safety":100,"sidewalk":0,"sidewalk_present":0,"canopy":0.0,"comfort":0.0,"name":"","road_type":"service","osm_id":562663545}},{"type":"Feature","geometry":{"type":"LineString","coordinates":[[-84.47925079958469,33.76974649970123],[-84.47905500008812,33.769795500162274],[-84.47895299988102,33.76976210024077]]},"properties":{"overall":33,"safety":99,"sidewalk":0,"sidewalk_present":0,"canopy":0.0,"comfort":0.0,"name":"","road_type":"service","osm_id":562645104}},{"type":"Feature","geometry":{"type":"LineString","coordinates":[[-84.47827729965763,33.769642799775454],[-84.47828660044621,33.769777100033195],[-84.47827080025718,33.76983459998684],[-84.47808159998579,33.77005079970468],[-84.47800829984311,33.77015670027157],[-84.4780190998016,33.770230200063736]]},"properties":{"overall":33,"safety":100,"sidewalk":0,"sidewalk_present":0,"canopy":0.0,"comfort":0.0,"name":"","road_type":"service","osm_id":729926040}},{"type":"Feature","geometry":{"type":"LineString","coordinates":[[-84.47827729965763,33.769642799775454],[-84.47836029988787,33.76971989955376],[-84.47839290031209,33.76974129982119],[-84.47850399985964,33.76979519978869],[-84.47853489966587,33.76981569983474],[-84.47858020031595,33.76984990015285],[-84.47863169999295,33.769889300351],[-84.47867899983595,33.76993209998648],[-84.47872869996951,33.76999620006461],[-84.47876550022761,33.770047599916836],[-84.47878390035669,33.7700838003272],[-84.47878390035669,33.77010459984746],[-84.47878829984012,33.770140999907255],[-84.47881509963707,33.77022440033585],[-84.47882240033346,33.77025449974542],[-84.47882779986304,33.770293200271055],[-84.47882689964166,33.77030440042779],[-84.47881880034731,33.770324500275535],[-84.47880800038888,33.77034090031236],[-84.47879010028288,33.77035730034919],[-84.47874710009853,33.77036100016011]]},"properties":{"overall":33,"safety":100,"sidewalk":0,"sidewalk_present":0,"canopy":0.0,"comfort":0.0,"name":"","road_type":"service","osm_id":717061325}},{"type":"Feature","geometry":{"type":"LineString","coordinates":[[-84.47866790040325,33.770827599913844],[-84.4788899996737,33.77072299976669],[-84.4791150001571,33.77069700036634],[-84.47989200001575,33.77069700036634],[-84.48196300019225,33.77069999960537],[-84.48270460003721,33.77067660014501]]},"properties":{"overall":46,"safety":100,"sidewalk":0,"sidewalk_present":0,"canopy":37.9,"comfort":54.8,"name":"Handy Drive Northwest","road_type":"residential","osm_id":9269296}},{"type":"Feature","geometry":{"type":"LineString","coordinates":[[-84.4772287000444,33.77086719976154],[-84.47700230021593,33.770774699992444],[-84.47651440001948,33.770834700061414]]},"properties":{"overall":33,"safety":100,"sidewalk":0,"sidewalk_present":0,"canopy":0.0,"comfort":0.0,"name":"","road_type":"service","osm_id":729926039}},{"type":"Feature","geometry":{"type":"LineString","coordinates":[[-84.47300320033742,33.7703396997174],[-84.47346319996666,33.77077589968809]]},"properties":{"overall":24,"safety":71,"sidewalk":0,"sidewalk_present":0,"canopy":0.0,"comfort":0.0,"name":"","road_type":"service","osm_id":564337313}},{"type":"Feature","geometry":{"type":"LineString","coordinates":[[-84.46812599971508,33.77170500008572],[-84.47018000000696,33.771721999970396],[-84.47131500018708,33.77173200043154],[-84.47236810000777,33.77174099994727],[-84.47350499955604,33.77175000036226],[-84.4748559998045,33.77176200001634],[-84.47598399966182,33.771771000431386],[-84.47991400013098,33.771799999970085],[-84.48198600035357,33.771796999831736],[-84.48428660014645,33.77179249962421],[-84.48436279970343,33.77179229997472],[-84.48499999994999,33.77179099955504]]},"properties":{"overall":44,"safety":87,"sidewalk":0,"sidewalk_present":0,"canopy":45.5,"comfort":58.0,"name":"Oldknow Drive Northwest","road_type":"residential","osm_id":9256981}},{"type":"Feature","geometry":{"type":"LineString","coordinates":[[-84.47989200001575,33.77069700036634],[-84.47991400013098,33.771799999970085]]},"properties":{"overall":42,"safety":100,"sidewalk":0,"sidewalk_present":0,"canopy":27.5,"comfort":49.9,"name":"East Handy Drive Northwest","road_type":"residential","osm_id":9270163}},{"type":"Feature","geometry":{"type":"LineString","coordinates":[[-84.4740225000383,33.7722845996546],[-84.47397139966034,33.772254000222006],[-84.4738863004124,33.7722556001159],[-84.47372749992417,33.7722556001159],[-84.47353030018314,33.77225779985764]]},"properties":{"overall":42,"safety":98,"sidewalk":0,"sidewalk_present":0,"canopy":29.0,"comfort":54.9,"name":"","road_type":"service","osm_id":734724676}},{"type":"Feature","geometry":{"type":"LineString","coordinates":[[-84.47908799981133,33.773453999802314],[-84.4778179997009,33.772916000173325],[-84.47768900004729,33.77289099991975],[-84.47755700025533,33.77290699975828],[-84.47748300044009,33.772936000196296],[-84.47741299990997,33.77298199961962],[-84.4773590001177,33.77304099964249],[-84.47732600039456,33.77310399984975],[-84.4771450001416,33.77400199989245]]},"properties":{"overall":31,"safety":92,"sidewalk":0,"sidewalk_present":0,"canopy":0.0,"comfort":0.0,"name":"Lyric Way Northwest","road_type":"residential","osm_id":9244791}},{"type":"Feature","geometry":{"type":"LineString","coordinates":[[-84.47841900043647,33.774158999937924],[-84.47847799955997,33.774092000445535],[-84.4786070001129,33.77380899998542],[-84.47868700020484,33.77370200044703],[-84.47881199967401,33.773601000285964],[-84.47908799981133,33.773453999802314],[-84.47922900001828,33.773367000286896],[-84.47932900013319,33.773280999918256],[-84.47940900022513,33.77318199984944],[-84.47951299962517,33.773004999780994],[-84.47962000006294,33.772904999666025],[-84.47975600003934,33.772832999943034],[-84.48021599966859,33.77267349978223]]},"properties":{"overall":32,"safety":97,"sidewalk":0,"sidewalk_present":0,"canopy":0.0,"comfort":0.0,"name":"Crescendo Drive Northwest","road_type":"residential","osm_id":9263420}},{"type":"Feature","geometry":{"type":"LineString","coordinates":[[-84.47360100038583,33.77367700019346],[-84.4748549997584,33.773686999755284],[-84.47600399968479,33.773695000124235]]},"properties":{"overall":49,"safety":86,"sidewalk":0,"sidewalk_present":0,"canopy":60.1,"comfort":63.3,"name":"Washington Street Northwest","road_type":"residential","osm_id":9267220}},{"type":"Feature","geometry":{"type":"LineString","coordinates":[[-84.4748559998045,33.77176200001634],[-84.4748549997584,33.773686999755284]]},"properties":{"overall":44,"safety":94,"sidewalk":0,"sidewalk_present":0,"canopy":38.5,"comfort":57.6,"name":"Albert Street Northwest","road_type":"residential","osm_id":9262468}},{"type":"Feature","geometry":{"type":"LineString","coordinates":[[-84.47598399966182,33.771771000431386],[-84.47600399968479,33.773695000124235]]},"properties":{"overall":45,"safety":95,"sidewalk":0,"sidewalk_present":0,"canopy":40.8,"comfort":58.8,"name":"Ozburn Road Northwest","road_type":"residential","osm_id":630644054}},{"type":"Feature","geometry":{"type":"LineString","coordinates":[[-84.47600399968479,33.773695000124235],[-84.47600699982314,33.77398199986948]]},"properties":{"overall":33,"safety":100,"sidewalk":0,"sidewalk_present":0,"canopy":0.0,"comfort":0.0,"name":"Ozburn Road Northwest","road_type":"residential","osm_id":630644051}},{"type":"Feature","geometry":{"type":"LineString","coordinates":[[-84.47600699982314,33.77398199986948],[-84.47679400014295,33.77396800012315],[-84.4770080001191,33.773974000399846],[-84.4771450001416,33.77400199989245],[-84.47742699965625,33.77409100039938],[-84.47759800034743,33.77416600026078],[-84.47776499995473,33.77425900005284],[-84.47792700023086,33.77430300028328],[-84.47806000006892,33.77430699956841],[-84.47818999976863,33.77428400030641],[-84.47830999990651,33.774235999891516],[-84.47841900043647,33.774158999937924]]},"properties":{"overall":33,"safety":100,"sidewalk":0,"sidewalk_present":0,"canopy":0.0,"comfort":0.0,"name":"Crescendo Drive Northwest","road_type":"residential","osm_id":630644048}},{"type":"Feature","geometry":{"type":"LineString","coordinates":[[-84.47852850009019,33.77607300006895],[-84.47863179981766,33.77591409975594],[-84.47818999976863,33.775725500231715],[-84.47811519955678,33.77569389985365],[-84.47814610026228,33.775617899946155],[-84.47811519955678,33.7755557001355],[-84.47803919964929,33.77553100025551],[-84.47768530023637,33.77553699963289],[-84.47759739960026,33.77553599958674],[-84.47759379961411,33.77580939978401],[-84.47762590001525,33.77587359968692]]},"properties":{"overall":39,"safety":100,"sidewalk":0,"sidewalk_present":0,"canopy":16.0,"comfort":45.8,"name":"","road_type":"residential","osm_id":562469806}},{"type":"Feature","geometry":{"type":"LineString","coordinates":[[-84.4734955000173,33.77278910043668],[-84.47354689986952,33.77383479973628],[-84.47359390023826,33.77472650002801],[-84.47379529981322,33.77558650011696],[-84.47385410018654,33.776282800211106],[-84.47395839996017,33.77686179993219],[-84.47375569996552,33.778703400141865]]},"properties":{"overall":73,"safety":96,"sidewalk":100,"sidewalk_present":1,"canopy":22.2,"comfort":42.1,"name":"","road_type":"service","osm_id":564337329}},{"type":"Feature","geometry":{"type":"LineString","coordinates":[[-84.47811519955678,33.77569389985365],[-84.47801139980623,33.775872499816046]]},"properties":{"overall":35,"safety":100,"sidewalk":0,"sidewalk_present":0,"canopy":6.3,"comfort":40.6,"name":"","road_type":"residential","osm_id":562469804}},{"type":"Feature","geometry":{"type":"LineString","coordinates":[[-84.47852850009019,33.77607300006895],[-84.47843229961092,33.77604439982923],[-84.47801139980623,33.775872499816046],[-84.47795840006006,33.77585089989918],[-84.47791210026315,33.77583609975625],[-84.47772449988571,33.775864699995964],[-84.47762590001525,33.77587359968692],[-84.47752849984033,33.7758873997837],[-84.47704990043252,33.77589730042013],[-84.47694780040064,33.77590319997273],[-84.47665919986213,33.77590810037856],[-84.47638409994624,33.77590670013416]]},"properties":{"overall":42,"safety":100,"sidewalk":0,"sidewalk_present":0,"canopy":26.9,"comfort":48.2,"name":"","road_type":"residential","osm_id":562469816}},{"type":"Feature","geometry":{"type":"LineString","coordinates":[[-84.47638409994624,33.77590670013416],[-84.4762417003941,33.77593180021245],[-84.4760142996202,33.7759382996129]]},"properties":{"overall":54,"safety":100,"sidewalk":0,"sidewalk_present":0,"canopy":62.6,"comfort":60.7,"name":"","road_type":"residential","osm_id":618813299}},{"type":"Feature","geometry":{"type":"LineString","coordinates":[[-84.47600699982314,33.77398199986948],[-84.4760029996387,33.775119000141785],[-84.4760142996202,33.7759382996129],[-84.47602179996608,33.77682000034281],[-84.47602599980002,33.77729999999508]]},"properties":{"overall":48,"safety":90,"sidewalk":0,"sidewalk_present":0,"canopy":53.8,"comfort":54.6,"name":"Ozburn Road Northwest","road_type":"residential","osm_id":9270439}},{"type":"Feature","geometry":{"type":"LineString","coordinates":[[-84.47420219987157,33.77620950006843],[-84.47420949966863,33.77613369981043],[-84.47418210002388,33.776082899806056],[-84.47395339972957,33.77601719983397],[-84.4738340003388,33.77599430039669],[-84.47378780036667,33.77599740035981],[-84.47372289989187,33.77600170001847]]},"properties":{"overall":40,"safety":18,"sidewalk":100,"sidewalk_present":1,"canopy":2.8,"comfort":30.8,"name":"","road_type":"service","osm_id":562642981}},{"type":"Feature","geometry":{"type":"LineString","coordinates":[[-84.48194900044598,33.77013300043768],[-84.48194989976804,33.770167699879494]]},"properties":{"overall":33,"safety":100,"sidewalk":0,"sidewalk_present":0,"canopy":0.0,"comfort":0.0,"name":"","road_type":"path","osm_id":9263770}},{"type":"Feature","geometry":{"type":"LineString","coordinates":[[-84.48602599960014,33.77081229974789],[-84.48624459960854,33.77084900018127],[-84.48634790023539,33.77087019989983],[-84.48645920033181,33.77086130020888],[-84.48651150040536,33.770794399641886],[-84.48649410032243,33.770705200384725],[-84.48641229978779,33.770635000205175],[-84.48623119971006,33.77048000025184],[-84.48606089959083,33.77034739971276],[-84.4858328998684,33.77029719955618],[-84.48556869973567,33.77032279965755],[-84.4852642999075,33.770306100146456],[-84.4849923997794,33.77031389996654]]},"properties":{"overall":33,"safety":100,"sidewalk":0,"sidewalk_present":0,"canopy":0.0,"comfort":0.0,"name":"","road_type":"service","osm_id":562442818}},{"type":"Feature","geometry":{"type":"LineString","coordinates":[[-84.48274379968655,33.77051900025174],[-84.48271149963597,33.77054270008557],[-84.48268989971905,33.77057359989175],[-84.48268119967759,33.77060870043124],[-84.4826862997329,33.77064420026966],[-84.48270460003721,33.77067660014501],[-84.48273630024005,33.77070370031555],[-84.48277709978328,33.77072049965142],[-84.48282229970931,33.770724999858885],[-84.48286670013806,33.77071660019101],[-84.48290520011483,33.77069650034326],[-84.48293340015624,33.77066670040796],[-84.48294799975037,33.770630900195954],[-84.48294739990257,33.7705930998917],[-84.48293170043758,33.77055760005322],[-84.48290439971822,33.77052990003489],[-84.48286810038246,33.770510800233296],[-84.48282629989382,33.77050220001655],[-84.48278340043356,33.77050499960609],[-84.48274379968655,33.77051900025174]]},"properties":{"overall":33,"safety":100,"sidewalk":0,"sidewalk_present":0,"canopy":0.0,"comfort":0.0,"name":"Handy Drive Northwest","road_type":"residential","osm_id":1353132826}},{"type":"Feature","geometry":{"type":"LineString","coordinates":[[-84.48194989976804,33.770167699879494],[-84.48196300019225,33.77069999960537],[-84.48198600035357,33.771796999831736]]},"properties":{"overall":33,"safety":100,"sidewalk":0,"sidewalk_present":0,"canopy":0.0,"comfort":0.0,"name":"West Handy Drive Northwest","road_type":"residential","osm_id":830655428}},{"type":"Feature","geometry":{"type":"LineString","coordinates":[[-84.48562709991069,33.77118029963117],[-84.48543879986067,33.77118260009695],[-84.48499849988082,33.77138420022072]]},"properties":{"overall":32,"safety":96,"sidewalk":0,"sidewalk_present":0,"canopy":0.0,"comfort":0.0,"name":"","road_type":"service","osm_id":742219926}},{"type":"Feature","geometry":{"type":"LineString","coordinates":[[-84.49035400043675,33.77088700013502],[-84.48912400037227,33.77087799971997],[-84.48888800028095,33.77091399958147],[-84.48868399986668,33.77098200001933],[-84.4885310000056,33.77106000001902],[-84.48840899977546,33.77114600038766],[-84.48830200023707,33.771244999557155],[-84.48821199968398,33.77135500013321],[-84.48813499973039,33.77149100010962],[-84.48808700021488,33.77161799967098],[-84.4880619999613,33.77175000036226],[-84.48805799977686,33.771883000200376]]},"properties":{"overall":33,"safety":99,"sidewalk":0,"sidewalk_present":0,"canopy":0.0,"comfort":0.0,"name":"Shorter Terrace Northwest","road_type":"residential","osm_id":9245755}},{"type":"Feature","geometry":{"type":"LineString","coordinates":[[-84.48405770020264,33.77213009972439],[-84.48405989994438,33.772078600047394],[-84.48407329984286,33.77204739986769],[-84.48411220001799,33.7720172995588],[-84.48417260028526,33.77197719968808],[-84.48423289982844,33.77192920017251],[-84.48427180000351,33.77188460009427],[-84.48428250013723,33.77185449978538],[-84.48428660014645,33.77179249962421]]},"properties":{"overall":33,"safety":100,"sidewalk":0,"sidewalk_present":0,"canopy":0.0,"comfort":0.0,"name":"","road_type":"service","osm_id":858053631}},{"type":"Feature","geometry":{"type":"LineString","coordinates":[[-84.48036490041977,33.77271440004955],[-84.48032350012937,33.77272119982359],[-84.48028159981595,33.7727159999435],[-84.48024440025881,33.7726995000819],[-84.48021599966859,33.77267349978223],[-84.48020059967791,33.772643699846924],[-84.48019710041581,33.77261139979629],[-84.48020579955795,33.77257990014232],[-84.48022590030502,33.772552100299265],[-84.48025549969151,33.77253100040542],[-84.48029139972829,33.77251849982895],[-84.48033029990336,33.772515999713676],[-84.48036810020761,33.772523599884266],[-84.48040129958025,33.77254069959366],[-84.48042810027658,33.772567799764204],[-84.48044229967235,33.772600900211444],[-84.48044229967235,33.77263609967633],[-84.48042799955249,33.7726691002988],[-84.48040119975553,33.77269630029406],[-84.48036490041977,33.77271440004955]]},"properties":{"overall":32,"safety":97,"sidewalk":0,"sidewalk_present":0,"canopy":0.0,"comfort":0.0,"name":"Crescendo Drive Northwest","road_type":"residential","osm_id":973427876}},{"type":"Feature","geometry":{"type":"LineString","coordinates":[[-84.48177279987476,33.77301159990549],[-84.48178590029903,33.77304349975776],[-84.48181060017902,33.77307000008051],[-84.48184429957473,33.77308840020953],[-84.48188340029867,33.773096799877464],[-84.4819235999941,33.77309419993742],[-84.48196059990175,33.77308099968843],[-84.48199049966178,33.773058399725414],[-84.48200999966173,33.77302909981313],[-84.48201699998452,33.77299610008998],[-84.48201080005833,33.772962899818026],[-84.48199189990623,33.77293309988272],[-84.48196229962042,33.772909999896626],[-84.48192529971277,33.772896199799845],[-84.48188490036785,33.772893199661496],[-84.48184550016964,33.77290120003039],[-84.4818113996763,33.77291950033475],[-84.48178629959801,33.77294599975812],[-84.48177300042357,33.77297779978568],[-84.48177279987476,33.77301159990549]]},"properties":{"overall":33,"safety":100,"sidewalk":0,"sidewalk_present":0,"canopy":0.0,"comfort":0.0,"name":"","road_type":"residential","osm_id":1392064270}},{"type":"Feature","geometry":{"type":"LineString","coordinates":[[-84.48362100020893,33.77474299988961],[-84.48374699972425,33.774538000328505],[-84.48386099958543,33.77439399998315],[-84.48408299993048,33.77419499979948],[-84.48433799999867,33.77401400044579],[-84.48451099988267,33.77391600042313],[-84.48534299957976,33.77365700017049],[-84.48649200040546,33.77330099994123],[-84.48709899961909,33.7731130002648],[-84.48727100035632,33.77307300021886],[-84.48749699998655,33.77304900001138],[-84.4879199997082,33.773051000103635],[-84.48900600032664,33.77305999961936]]},"properties":{"overall":50,"safety":100,"sidewalk":0,"sidewalk_present":0,"canopy":49.6,"comfort":61.3,"name":"West Peek Road Northwest","road_type":"residential","osm_id":9249896}},{"type":"Feature","geometry":{"type":"LineString","coordinates":[[-84.49314460034299,33.77213889959057],[-84.49338730038357,33.77209430041171],[-84.49383800012356,33.77205860002442],[-84.49400020004913,33.77200839986779],[-84.49416380021916,33.77194160002489],[-84.49434760006164,33.77188360004817]]},"properties":{"overall":53,"safety":100,"sidewalk":0,"sidewalk_present":0,"canopy":59.1,"comfort":57.9,"name":"","road_type":"service","osm_id":562442427}},{"type":"Feature","geometry":{"type":"LineString","coordinates":[[-84.49493090034076,33.772092099770646],[-84.4949007002071,33.772058100001345],[-84.49482449975085,33.772026600347374]]},"properties":{"overall":33,"safety":100,"sidewalk":0,"sidewalk_present":0,"canopy":0.0,"comfort":0.0,"name":"","road_type":"service","osm_id":562442430}},{"type":"Feature","geometry":{"type":"LineString","coordinates":[[-84.49433010015395,33.77220239982097],[-84.49439179994158,33.77216399966892],[-84.49442800035189,33.77211660000114],[-84.49444009983068,33.772022899637136]]},"properties":{"overall":46,"safety":100,"sidewalk":0,"sidewalk_present":0,"canopy":38.2,"comfort":50.3,"name":"","road_type":"service","osm_id":562442422}},{"type":"Feature","geometry":{"type":"LineString","coordinates":[[-84.49545390017732,33.771778099679636],[-84.49490549988889,33.77191590009875],[-84.49487949958922,33.77194779995108],[-84.49483839967235,33.77199840030596],[-84.49482449975085,33.772026600347374],[-84.4947860995988,33.772104299973535],[-84.49476470023069,33.772154500130114],[-84.49475259985257,33.772273799696165],[-84.49482899995837,33.772859000242704],[-84.49486859980601,33.772904700191816],[-84.49493500034993,33.77291760006722],[-84.495036899833,33.7729125000119]]},"properties":{"overall":33,"safety":100,"sidewalk":0,"sidewalk_present":0,"canopy":0.0,"comfort":0.0,"name":"","road_type":"service","osm_id":562442431}},{"type":"Feature","geometry":{"type":"LineString","coordinates":[[-84.49383800012356,33.77205860002442],[-84.49385669972685,33.77212770033316],[-84.49387890039088,33.7721956998717],[-84.49393119956517,33.77223920007907],[-84.49398749982322,33.77223419984847]]},"properties":{"overall":44,"safety":100,"sidewalk":0,"sidewalk_present":0,"canopy":31.8,"comfort":44.9,"name":"","road_type":"service","osm_id":562442420}},{"type":"Feature","geometry":{"type":"LineString","coordinates":[[-84.49398749982322,33.77223419984847],[-84.49433010015395,33.77220239982097]]},"properties":{"overall":40,"safety":100,"sidewalk":0,"sidewalk_present":0,"canopy":20.2,"comfort":41.4,"name":"","road_type":"service","osm_id":562442424}},{"type":"Feature","geometry":{"type":"LineString","coordinates":[[-84.495036899833,33.7729125000119],[-84.49560380007529,33.77288299955086]]},"properties":{"overall":33,"safety":100,"sidewalk":0,"sidewalk_present":0,"canopy":0.0,"comfort":0.0,"name":"","road_type":"service","osm_id":562442434}},{"type":"Feature","geometry":{"type":"LineString","coordinates":[[-84.49493090034076,33.772092099770646],[-84.495036899833,33.7729125000119]]},"properties":{"overall":33,"safety":100,"sidewalk":0,"sidewalk_present":0,"canopy":0.0,"comfort":0.0,"name":"","road_type":"service","osm_id":562442436}},{"type":"Feature","geometry":{"type":"LineString","coordinates":[[-84.49496399988863,33.779636999847696],[-84.49497000016532,33.77867300035871],[-84.49497899968105,33.77739599992549],[-84.49500199984237,33.77725699981073],[-84.49504299993447,33.777154999603624],[-84.49511200041843,33.77705200024968],[-84.49549600014024,33.77666999972075],[-84.49559500020905,33.77652400018252],[-84.49561200009367,33.776400999906286],[-84.49561200009367,33.77596100029996],[-84.49560899995532,33.77348899961771],[-84.49560380007529,33.77288299955086],[-84.49560000043965,33.772435999621734],[-84.4955570002553,33.77213900031467],[-84.49547600011726,33.77183699987768],[-84.49545390017732,33.771778099679636],[-84.4949242003915,33.77036570001707],[-84.49460150025897,33.7695051999051],[-84.4945620002361,33.76939999991009],[-84.49441199961404,33.76910199965761],[-84.49373699996255,33.76793399975435]]},"properties":{"overall":44,"safety":86,"sidewalk":0,"sidewalk_present":0,"canopy":47.5,"comfort":58.5,"name":"Harwell Road Northwest","road_type":"tertiary","osm_id":9276574}},{"type":"Feature","geometry":{"type":"LineString","coordinates":[[-84.4922790001757,33.77434999975276],[-84.4927349996205,33.774347999660506],[-84.49332499984882,33.774443000444194],[-84.49344800012506,33.774440000305844],[-84.49356400007849,33.77442100032897],[-84.49368100007803,33.774382000329126],[-84.49378600042354,33.77432899968363],[-84.49435899986793,33.773924999938856],[-84.49478000039664,33.77362799973247],[-84.49495000014235,33.7735450004015],[-84.4951670002568,33.77349900007886],[-84.49560899995532,33.77348899961771]]},"properties":{"overall":44,"safety":94,"sidewalk":0,"sidewalk_present":0,"canopy":38.4,"comfort":50.0,"name":"Amhurst Drive Northwest","road_type":"residential","osm_id":9269550}},{"type":"Feature","geometry":{"type":"LineString","coordinates":[[-84.48178590029903,33.77304349975776],[-84.48065800026649,33.77420300016837],[-84.48060599966709,33.77429199977604],[-84.48057700012839,33.7743950000293],[-84.48057700012839,33.77449400009806],[-84.480604999621,33.774590000028525]]},"properties":{"overall":32,"safety":95,"sidewalk":0,"sidewalk_present":0,"canopy":0.0,"comfort":0.0,"name":"Indigo Lane Northwest","road_type":"residential","osm_id":9254853}},{"type":"Feature","geometry":{"type":"LineString","coordinates":[[-84.48310110033549,33.77355209964975],[-84.48296510035908,33.77364300042416],[-84.4823789995911,33.77424100012212],[-84.48231900042151,33.774322000260156],[-84.48227600023716,33.77442699970635],[-84.48226399968382,33.77452199959066],[-84.48227600023716,33.77461700037429],[-84.48231100005256,33.77470800007421]]},"properties":{"overall":33,"safety":99,"sidewalk":0,"sidewalk_present":0,"canopy":0.0,"comfort":0.0,"name":"Symphony Lane Northwest","road_type":"residential","osm_id":9267071}},{"type":"Feature","geometry":{"type":"LineString","coordinates":[[-84.47841900043647,33.774158999937924],[-84.47857999976713,33.77429499991439],[-84.47876100002009,33.77440499959113],[-84.47896300034216,33.77449099995971],[-84.47917500022606,33.77454799989033],[-84.47933599955672,33.774572000097805],[-84.48027599973756,33.77457600028225],[-84.480604999621,33.774590000028525],[-84.48142000033272,33.77469200023569],[-84.48176199991633,33.77472299986658],[-84.48192000000796,33.77473300032773],[-84.48231100005256,33.77470800007421],[-84.48320199977246,33.77464599991299],[-84.48341799984081,33.77467400030491],[-84.48362100020893,33.77474299988961]]},"properties":{"overall":32,"safety":97,"sidewalk":0,"sidewalk_present":0,"canopy":0.0,"comfort":0.0,"name":"Allegro Drive Northwest","road_type":"residential","osm_id":9273161}},{"type":"Feature","geometry":{"type":"LineString","coordinates":[[-84.4760029996387,33.775119000141785],[-84.48003400026886,33.77510500039551]]},"properties":{"overall":53,"safety":97,"sidewalk":0,"sidewalk_present":0,"canopy":62.3,"comfort":65.0,"name":"Seaborn Road Northwest","road_type":"residential","osm_id":9262623}},{"type":"Feature","geometry":{"type":"LineString","coordinates":[[-84.48346379961464,33.775485599780666],[-84.48339499967943,33.775360999610484],[-84.48340099995613,33.77522499963408],[-84.48362100020893,33.77474299988961]]},"properties":{"overall":49,"safety":100,"sidewalk":0,"sidewalk_present":0,"canopy":46.0,"comfort":56.2,"name":"West Peek Road Northwest","road_type":"residential","osm_id":630644045}},{"type":"Feature","geometry":{"type":"LineString","coordinates":[[-84.4774185001636,33.77793420010329],[-84.47748759957301,33.77789269998817],[-84.47752079984502,33.77787570010355],[-84.47789189969137,33.777675699873726],[-84.4782868000957,33.777462299745366],[-84.47833729972655,33.77741969975938],[-84.47864719980839,33.77682100038891],[-84.4790724001711,33.77611879984278],[-84.47915519985253,33.77601099990778],[-84.47925720005969,33.775923100170985],[-84.47937410023451,33.77587569960389],[-84.47951460041844,33.775832499770104],[-84.47971480029776,33.7758087001115],[-84.480055500361,33.77580319985782],[-84.48021410030043,33.77579509966415],[-84.48040670000915,33.775773100448305],[-84.4810372003065,33.77563530002914],[-84.48153080040606,33.7755436995821],[-84.48177379992092,33.7755207003201],[-84.48196920011844,33.77550209964221],[-84.48233009985421,33.77548159959622],[-84.48250580040235,33.77548220034333],[-84.48294759955206,33.775513899646796],[-84.48311770002181,33.775519700274],[-84.48324320041331,33.77551789983124],[-84.4833718996934,33.77550349988667],[-84.48346379961464,33.775485599780666],[-84.48353499984034,33.775465800306506],[-84.4836500995724,33.7754489002466],[-84.48379300004689,33.77544599993303],[-84.48395000009242,33.775470000140444],[-84.48416199997627,33.77553799967899],[-84.48430800041388,33.77556900020926],[-84.48451700015937,33.77558600009388],[-84.48476099972032,33.77559000027833]]},"properties":{"overall":41,"safety":84,"sidewalk":0,"sidewalk_present":0,"canopy":40.2,"comfort":55.4,"name":"West Peek Road Northwest","road_type":"residential","osm_id":9249898}},{"type":"Feature","geometry":{"type":"LineString","coordinates":[[-84.48534299957976,33.77365700017049],[-84.48543800036339,33.77388900007736],[-84.48547100008653,33.77406199996136],[-84.48543999955632,33.77514599958829],[-84.48543400017894,33.77536399974883],[-84.48544299969467,33.77543999965633],[-84.48547200013269,33.77551799965602],[-84.48557000015535,33.77563999988615],[-84.48571200040845,33.77572400016254],[-84.48584800038486,33.77575699988569],[-84.48610899983044,33.775763000162385],[-84.4862469998991,33.77574600027776],[-84.48637400035977,33.77569599977062],[-84.48647699971372,33.77561699972483],[-84.48655199957506,33.77551000018639],[-84.48658400015142,33.77538299972571],[-84.48662900042797,33.77372699980123],[-84.48660600026665,33.77358400040134],[-84.48649200040546,33.77330099994123]]},"properties":{"overall":49,"safety":100,"sidewalk":0,"sidewalk_present":0,"canopy":48.1,"comfort":57.5,"name":"Caron Circle Northwest","road_type":"residential","osm_id":9275882}},{"type":"Feature","geometry":{"type":"LineString","coordinates":[[-84.4879199997082,33.773051000103635],[-84.48787300023872,33.7746029997287],[-84.48779400019293,33.77535300014091],[-84.48776999998546,33.77598000027683],[-84.48779200010068,33.77605500013817],[-84.48784699993905,33.77612199963062],[-84.487927000031,33.77616699990716],[-84.48803100033035,33.77618699993013],[-84.48813999996099,33.77617700036831]]},"properties":{"overall":46,"safety":100,"sidewalk":0,"sidewalk_present":0,"canopy":37.0,"comfort":52.2,"name":"Laverne Drive Northwest","road_type":"residential","osm_id":9264946}},{"type":"Feature","geometry":{"type":"LineString","coordinates":[[-84.48294759955206,33.775513899646796],[-84.4828570000505,33.77593299990809],[-84.48282600041955,33.77601099990778],[-84.48271899998184,33.77616199967662],[-84.48257399959039,33.776275000391024],[-84.48239799956798,33.776350000252364],[-84.48221700021435,33.77638199992941],[-84.48210500044536,33.77638199992941],[-84.48163799959394,33.77633400041384],[-84.48155100007853,33.77633799969897],[-84.48142000033272,33.77637899979106],[-84.4813210002639,33.776448000275025],[-84.48125099973379,33.77654999958287],[-84.48113399973425,33.77727799987986],[-84.4811080003339,33.77734999960285],[-84.48105299959622,33.77744400034038],[-84.48097799973488,33.777525999625254],[-84.48088499994276,33.77759600015531],[-84.48077800040437,33.77764899990149],[-84.48064899985144,33.77768599980908],[-84.48051299987503,33.777701999647604],[-84.48037599985247,33.777693000131876],[-84.4802450001066,33.777660999555565],[-84.48009600043002,33.77758999987867],[-84.47987400008498,33.77741800004071],[-84.4797099997167,33.77732000001805],[-84.47950700024785,33.777232999603314],[-84.47923200015663,33.77714800018009],[-84.47864719980839,33.77682100038891]]},"properties":{"overall":47,"safety":97,"sidewalk":0,"sidewalk_present":0,"canopy":43.7,"comfort":56.1,"name":"Magna Carta Drive Northwest","road_type":"residential","osm_id":9274171}},{"type":"Feature","geometry":{"type":"LineString","coordinates":[[-84.48346379961464,33.775485599780666],[-84.48350870006641,33.77556940040756],[-84.48375509991791,33.77590550043857],[-84.48379429956725,33.775974599847984],[-84.48381610003293,33.77604170006447],[-84.48381710007908,33.77613240029007],[-84.48377290019914,33.77634209970819],[-84.48373400002407,33.77647029986451],[-84.48369900020867,33.77685869996907],[-84.48366770020414,33.77701799958106],[-84.48361010042578,33.77716540026307],[-84.48356050011694,33.777266600073574],[-84.48349089978518,33.77737299976417],[-84.48336989960114,33.7775120997037],[-84.48324059957395,33.777610699574154],[-84.48309130042315,33.77769800036248],[-84.4830191001513,33.77773469989654],[-84.48275389997247,33.77784259965631],[-84.48253310022238,33.777894299882064],[-84.48231750035234,33.777927400329304],[-84.48217369965647,33.77797709956354],[-84.48202570002599,33.77804019959558],[-84.4818230000314,33.778179000060845],[-84.48166089993055,33.778257599908386],[-84.48157140029986,33.77829390014341],[-84.48138649968718,33.77835190012013],[-84.48131829959982,33.778374000060126],[-84.48083929999365,33.77849490041939],[-84.48060710043728,33.77855889977343],[-84.48036090023533,33.77865589975005],[-84.48005219984913,33.77880629967103],[-84.47985609997897,33.77893039981814],[-84.47970339959215,33.779053499919144],[-84.47957270021988,33.77916329994639],[-84.47949849985582,33.779233299577186],[-84.47947110021107,33.77926199964162],[-84.47944939957011,33.77928470032873],[-84.47939460028056,33.779355899655116]]},"properties":{"overall":43,"safety":86,"sidewalk":0,"sidewalk_present":0,"canopy":43.3,"comfort":53.8,"name":"Kings Grant Drive Northwest","road_type":"residential","osm_id":9276657}},{"type":"Feature","geometry":{"type":"LineString","coordinates":[[-84.49333989981648,33.775208899970835],[-84.49357299959422,33.77520300041817]]},"properties":{"overall":44,"safety":100,"sidewalk":0,"sidewalk_present":0,"canopy":30.9,"comfort":48.1,"name":"Vanderbilt Lane Northwest","road_type":"residential","osm_id":1253739362}},{"type":"Feature","geometry":{"type":"LineString","coordinates":[[-84.4922390001297,33.77590500041549],[-84.49273200038147,33.77588899967765],[-84.49366300014731,33.77593800013864],[-84.494592999867,33.77595500002326],[-84.49561200009367,33.77596100029996]]},"properties":{"overall":46,"safety":100,"sidewalk":0,"sidewalk_present":0,"canopy":37.8,"comfort":54.0,"name":"Hobart Drive Northwest","road_type":"residential","osm_id":9241563}},{"type":"Feature","geometry":{"type":"LineString","coordinates":[[-84.49356400007849,33.77442100032897],[-84.49357399964032,33.774506999798234],[-84.49357299959422,33.77520300041817],[-84.49358099996311,33.77561499963258],[-84.49360700026284,33.77575299970124],[-84.49366300014731,33.77593800013864],[-84.49382200028504,33.77645699979075],[-84.49383600003137,33.77656400022846],[-84.49383600003137,33.77676899978957],[-84.49384000021581,33.777231399709365]]},"properties":{"overall":41,"safety":89,"sidewalk":0,"sidewalk_present":0,"canopy":35.4,"comfort":51.2,"name":"Vanderbilt Court Northwest","road_type":"residential","osm_id":9251010}},{"type":"Feature","geometry":{"type":"LineString","coordinates":[[-84.49397080031213,33.77735130002253],[-84.49396739997547,33.77731520033626],[-84.49395020044136,33.777282000064304],[-84.49392089962976,33.77725520026735],[-84.49388289967607,33.77723770035965],[-84.49384000021581,33.777231399709365],[-84.49379659983316,33.77723699978776],[-84.49375780038213,33.777254100396476],[-84.49372779989801,33.777280800368715],[-84.49370989979201,33.777314200290164],[-84.49370610015637,33.77735060034996],[-84.49371680029009,33.77738600036366],[-84.49374079959819,33.77741659979631],[-84.49377549993932,33.77743900010984],[-84.49381709987921,33.77745070028965],[-84.49386069991135,33.777450599565555],[-84.49390179982817,33.777438799561025],[-84.493936099971,33.77741659979631],[-84.4939600003537,33.77738629983793],[-84.49397080031213,33.77735130002253]]},"properties":{"overall":33,"safety":100,"sidewalk":0,"sidewalk_present":0,"canopy":0.0,"comfort":0.0,"name":"Vanderbilt Court Northwest","road_type":"residential","osm_id":1253739361}},{"type":"Feature","geometry":{"type":"LineString","coordinates":[[-84.48900600032664,33.77305999961936],[-84.48900899956561,33.77346600035571],[-84.48909299984206,33.77408199998439],[-84.48908100018798,33.77471300030476],[-84.48911299986503,33.77540299974868],[-84.4890970000265,33.77596699967734],[-84.48903699995753,33.77605300004598],[-84.4889280003269,33.776105999792094],[-84.48813999996099,33.77617700036831]]},"properties":{"overall":45,"safety":100,"sidewalk":0,"sidewalk_present":0,"canopy":33.9,"comfort":50.7,"name":"Aline Drive Northwest","road_type":"residential","osm_id":9275475}},{"type":"Feature","geometry":{"type":"LineString","coordinates":[[-84.49039279988779,33.77585390003753],[-84.49010759968593,33.77585289999138],[-84.49007300006883,33.77587330021271],[-84.49003090010592,33.775889499700725],[-84.4899781000093,33.77589680039705],[-84.48983470041105,33.77589419955774],[-84.48980460010216,33.77588009998669],[-84.4897907001806,33.77586799960852],[-84.48978820006533,33.77584710026349],[-84.48978820006533,33.77582889978396]]},"properties":{"overall":41,"safety":95,"sidewalk":0,"sidewalk_present":0,"canopy":29.1,"comfort":50.8,"name":"","road_type":"service","osm_id":917224462}},{"type":"Feature","geometry":{"type":"LineString","coordinates":[[-84.49214100010704,33.77669299988207],[-84.4922309997608,33.77670999976675],[-84.49318299959572,33.776763999558966],[-84.49383600003137,33.77676899978957]]},"properties":{"overall":45,"safety":100,"sidewalk":0,"sidewalk_present":0,"canopy":36.4,"comfort":56.0,"name":"Stetson Place Northwest","road_type":"residential","osm_id":9258425}},{"type":"Feature","geometry":{"type":"LineString","coordinates":[[-84.48915680044593,33.7767673000709],[-84.48914420004473,33.77688480009351],[-84.48912660031232,33.776950800439124],[-84.48908419997582,33.77701389957184],[-84.4890452998007,33.77705500038803],[-84.48900300018829,33.777100499788276],[-84.4889624002945,33.77715630002331],[-84.48892970004556,33.777215700244426],[-84.48890939964906,33.77731189982438],[-84.48890579966286,33.77734560011942]]},"properties":{"overall":33,"safety":100,"sidewalk":0,"sidewalk_present":0,"canopy":0.0,"comfort":0.0,"name":"","road_type":"service","osm_id":713030436}},{"type":"Feature","geometry":{"type":"LineString","coordinates":[[-84.49051399972126,33.77223200010678],[-84.49039279988779,33.77585390003753],[-84.49038900025215,33.775967999723434],[-84.49035999981407,33.77635300039071],[-84.49008299963072,33.778029000338165],[-84.49007300006883,33.778164000268475],[-84.49008199958456,33.77829800015263],[-84.49012799990726,33.77848699987521],[-84.49021100013749,33.77866600003591],[-84.4903397003169,33.778854999758494],[-84.49079800022747,33.77952800021711],[-84.49105100020347,33.77989099986979]]},"properties":{"overall":46,"safety":100,"sidewalk":0,"sidewalk_present":0,"canopy":38.3,"comfort":55.2,"name":"Skipper Drive Northwest","road_type":"residential","osm_id":9270162}},{"type":"Feature","geometry":{"type":"LineString","coordinates":[[-84.49191200033852,33.77885899994294],[-84.49208500022252,33.778778999851],[-84.49225900015267,33.77872099987428],[-84.49244000040568,33.77868099982834],[-84.49262499994376,33.778658999713116],[-84.49497000016532,33.77867300035871]]},"properties":{"overall":48,"safety":98,"sidewalk":0,"sidewalk_present":0,"canopy":47.1,"comfort":58.8,"name":"Jamaica Road Northwest","road_type":"residential","osm_id":9245412}},{"type":"Feature","geometry":{"type":"LineString","coordinates":[[-84.4903397003169,33.778854999758494],[-84.49018260044659,33.778929299947265],[-84.49014210037757,33.778970700237664],[-84.49012339987496,33.77900439963338],[-84.49008919955685,33.77904229976235],[-84.49004759961701,33.77906300035721],[-84.48998429993543,33.779081100112705],[-84.48994909957128,33.779075099836064],[-84.48993559984802,33.7790508999791],[-84.48988889985282,33.77897759983642]]},"properties":{"overall":45,"safety":100,"sidewalk":0,"sidewalk_present":0,"canopy":35.9,"comfort":55.1,"name":"","road_type":"service","osm_id":1150351071}},{"type":"Feature","geometry":{"type":"LineString","coordinates":[[-84.49191200033852,33.77885899994294],[-84.49131299969514,33.77923800033352],[-84.49079800022747,33.77952800021711],[-84.4905579999517,33.77970800042391],[-84.49037799974485,33.779959000307656]]},"properties":{"overall":49,"safety":100,"sidewalk":0,"sidewalk_present":0,"canopy":46.5,"comfort":58.5,"name":"Jones Road Northwest","road_type":"residential","osm_id":9267799}},{"type":"Feature","geometry":{"type":"LineString","coordinates":[[-84.49496399988863,33.779636999847696],[-84.49317500012614,33.779619999963074],[-84.49283299964316,33.77967799993979],[-84.49154200036298,33.779669000424065],[-84.49144799962545,33.77968500026259],[-84.49135900001778,33.77971599989354],[-84.49105100020347,33.77989099986979]]},"properties":{"overall":45,"safety":94,"sidewalk":0,"sidewalk_present":0,"canopy":39.7,"comfort":54.8,"name":"Kingston Road Northwest","road_type":"residential","osm_id":9270517}},{"type":"Feature","geometry":{"type":"LineString","coordinates":[[-84.49037799974485,33.779959000307656],[-84.49026740022032,33.78003979989688],[-84.4901730001838,33.78008599986907],[-84.49007099997664,33.78013300023781],[-84.48994100027693,33.78016399986876],[-84.48980600034662,33.78016700000711],[-84.4895239999326,33.78012699996111],[-84.48934199963355,33.78008699991517],[-84.48916200032602,33.78007500026109],[-84.48900500028049,33.78008699991517],[-84.48887000035018,33.78011300021484],[-84.48829399986818,33.78032600014484],[-84.48717699961878,33.78078299963579],[-84.48666899957465,33.780942999819615],[-84.48610599969209,33.781158999887964],[-84.4860289997385,33.78120900039511],[-84.48597099976178,33.78126600032573],[-84.4859230002462,33.78133700000262],[-84.48589399980818,33.78141500000231],[-84.48589590007572,33.78183039955337],[-84.48589699994653,33.78205599988456]]},"properties":{"overall":56,"safety":99,"sidewalk":0,"sidewalk_present":0,"canopy":69.4,"comfort":68.0,"name":"","road_type":"track","osm_id":736354475}},{"type":"Feature","geometry":{"type":"LineString","coordinates":[[-84.48131829959982,33.778374000060126],[-84.48156399977876,33.778989999688804],[-84.48167400035481,33.77914399959593],[-84.48181999989305,33.779275000241114],[-84.48202200021512,33.77940900012533],[-84.48218399959188,33.77948800017111],[-84.48235999961423,33.779535999686686],[-84.48251400042074,33.77955299957131],[-84.48268500021254,33.779545000101734],[-84.48283499993528,33.77951399957146],[-84.48299099993466,33.779455999594745],[-84.48313999961124,33.77936800003323],[-84.48345000041712,33.77915300001098],[-84.48374799977034,33.77892600033471],[-84.4838580003464,33.778826000219794],[-84.48409400043772,33.77855700040527],[-84.48427599983751,33.77825900015279],[-84.48434500032147,33.778104000199505],[-84.48440200025209,33.77793000026935],[-84.4844970001364,33.77748400038638],[-84.4845239995829,33.77742400031741],[-84.48456399962885,33.77737599990252],[-84.48468199967454,33.7772900004332],[-84.48482800011209,33.77724300006446],[-84.48540699983312,33.77724099997221],[-84.48661899996682,33.77725499971854],[-84.48800500003068,33.777270000410226],[-84.48813799986874,33.77726099999518],[-84.4882870004447,33.77723499969551],[-84.48843099989068,33.77719100036444],[-84.48858199965952,33.777122999926576],[-84.48905199974996,33.77682000034281],[-84.48915680044593,33.7767673000709],[-84.4893879999562,33.77665099974388],[-84.4901340001839,33.77638600011386],[-84.49025000013734,33.77635899976809],[-84.49035999981407,33.77635300039071]]},"properties":{"overall":49,"safety":98,"sidewalk":0,"sidewalk_present":0,"canopy":50.4,"comfort":59.6,"name":"Eleanor Terrace Northwest","road_type":"residential","osm_id":9268296}},{"type":"Feature","geometry":{"type":"LineString","coordinates":[[-84.4838580003464,33.778826000219794],[-84.48399799960794,33.77935400028696],[-84.483957999562,33.779536999732784]]},"properties":{"overall":47,"safety":100,"sidewalk":0,"sidewalk_present":0,"canopy":39.8,"comfort":55.3,"name":"Eleanor Court Northwest","road_type":"residential","osm_id":9247488}},{"type":"Feature","geometry":{"type":"LineString","coordinates":[[-84.48661899996682,33.77725499971854],[-84.48655000038218,33.779944999662064]]},"properties":{"overall":46,"safety":100,"sidewalk":0,"sidewalk_present":0,"canopy":37.9,"comfort":56.0,"name":"Vanetta Place Northwest","road_type":"residential","osm_id":9268073}},{"type":"Feature","geometry":{"type":"LineString","coordinates":[[-84.48506300015731,33.77994699975426],[-84.48655000038218,33.779944999662064],[-84.48712599996492,33.779943999615966]]},"properties":{"overall":45,"safety":100,"sidewalk":0,"sidewalk_present":0,"canopy":35.2,"comfort":54.9,"name":"McLendon Circle Northwest","road_type":"residential","osm_id":9275132}},{"type":"Feature","geometry":{"type":"LineString","coordinates":[[-84.48540699983312,33.77724099997221],[-84.48538699981015,33.778242000268165],[-84.48537099997162,33.778452000059815],[-84.48517299983405,33.779352000194706],[-84.48506300015731,33.77994699975426],[-84.48500200004224,33.78077700025841],[-84.48492569976122,33.78158890010769],[-84.48490500006568,33.78180900018526]]},"properties":{"overall":48,"safety":98,"sidewalk":0,"sidewalk_present":0,"canopy":46.6,"comfort":57.0,"name":"Woodmere Drive Northwest","road_type":"residential","osm_id":9270241}},{"type":"Feature","geometry":{"type":"LineString","coordinates":[[-84.4931030004031,33.78220300036821],[-84.49446400021338,33.781074999611576],[-84.49463600005134,33.78093200021169],[-84.4947639996588,33.780796000235284],[-84.49485500025804,33.78065700012053],[-84.49492199975043,33.780496999936645],[-84.4949540003268,33.78034300002946],[-84.49496399988863,33.779636999847696]]},"properties":{"overall":44,"safety":93,"sidewalk":0,"sidewalk_present":0,"canopy":40.5,"comfort":51.5,"name":"Harwell Road Northwest","road_type":"tertiary","osm_id":630644111}},{"type":"Feature","geometry":{"type":"LineString","coordinates":[[-84.49609590010567,33.77586550039257],[-84.49607520041013,33.77874190011863],[-84.4960519997,33.78062930010219],[-84.49603930037335,33.781082999980526],[-84.49600950043805,33.781422799822394],[-84.49599559961717,33.781511300306306]]},"properties":{"overall":21,"safety":63,"sidewalk":0,"sidewalk_present":0,"canopy":0.0,"comfort":0.0,"name":"Atlanta Bypass / The Perimeter","road_type":"motorway","osm_id":573683969}},{"type":"Feature","geometry":{"type":"LineString","coordinates":[[-84.47391250036156,33.77622010037737],[-84.47380230013601,33.77620030000389],[-84.47373240033,33.7761876996027]]},"properties":{"overall":33,"safety":0,"sidewalk":100,"sidewalk_present":1,"canopy":0.0,"comfort":28.3,"name":"","road_type":"service","osm_id":562642979}},{"type":"Feature","geometry":{"type":"LineString","coordinates":[[-84.47391250036156,33.77622010037737],[-84.47389370003418,33.77629250029872],[-84.47411849996877,33.776401999952384]]},"properties":{"overall":38,"safety":14,"sidewalk":100,"sidewalk_present":1,"canopy":0.0,"comfort":28.7,"name":"","road_type":"service","osm_id":562642977}},{"type":"Feature","geometry":{"type":"LineString","coordinates":[[-84.4737792999747,33.77587750004665],[-84.47378780036667,33.77599740035981],[-84.47380230013601,33.77620030000389],[-84.47380470042657,33.7762341001237],[-84.47380669961944,33.776254299796165],[-84.47380979958257,33.776284699579264],[-84.47384380025113,33.77630220038628],[-84.47404250006127,33.77640390021986],[-84.47409449976129,33.77642690038118],[-84.47421359967785,33.77647980030258],[-84.47436379994934,33.776546399596725],[-84.47476409988326,33.77672410023706],[-84.47508529994661,33.77685750027348]]},"properties":{"overall":52,"safety":56,"sidewalk":100,"sidewalk_present":1,"canopy":1.0,"comfort":29.7,"name":"","road_type":"footway","osm_id":1223082851}},{"type":"Feature","geometry":{"type":"LineString","coordinates":[[-84.47420219987157,33.77620950006843],[-84.4741713000654,33.77634709993879]]},"properties":{"overall":1,"safety":0,"sidewalk":0,"sidewalk_present":0,"canopy":2.8,"comfort":31.2,"name":"","road_type":"service","osm_id":562642984}},{"type":"Feature","geometry":{"type":"LineString","coordinates":[[-84.47834050041371,33.776409299749446],[-84.47836699983714,33.77636619974038],[-84.47852850009019,33.77607300006895]]},"properties":{"overall":36,"safety":100,"sidewalk":0,"sidewalk_present":0,"canopy":7.5,"comfort":42.5,"name":"","road_type":"residential","osm_id":927536128}},{"type":"Feature","geometry":{"type":"LineString","coordinates":[[-84.47425850012962,33.776417899966134],[-84.47411849996877,33.776401999952384]]},"properties":{"overall":55,"safety":65,"sidewalk":100,"sidewalk_present":1,"canopy":0.0,"comfort":29.8,"name":"","road_type":"service","osm_id":562642974}},{"type":"Feature","geometry":{"type":"LineString","coordinates":[[-84.47425850012962,33.776417899966134],[-84.47445829981064,33.77642569978627]]},"properties":{"overall":25,"safety":73,"sidewalk":0,"sidewalk_present":0,"canopy":1.9,"comfort":31.1,"name":"","road_type":"service","osm_id":562642994}},{"type":"Feature","geometry":{"type":"LineString","coordinates":[[-84.4741713000654,33.77634709993879],[-84.47411849996877,33.776401999952384],[-84.47409449976129,33.77642690038118],[-84.47405559958622,33.776467299726164]]},"properties":{"overall":45,"safety":36,"sidewalk":100,"sidewalk_present":1,"canopy":0.0,"comfort":28.7,"name":"","road_type":"service","osm_id":562642983}},{"type":"Feature","geometry":{"type":"LineString","coordinates":[[-84.4746850000127,33.77651270020101],[-84.47441090014291,33.77647770038561]]},"properties":{"overall":27,"safety":78,"sidewalk":0,"sidewalk_present":0,"canopy":3.3,"comfort":31.9,"name":"","road_type":"service","osm_id":562642989}},{"type":"Feature","geometry":{"type":"LineString","coordinates":[[-84.47445829981064,33.77642569978627],[-84.47441090014291,33.77647770038561]]},"properties":{"overall":26,"safety":75,"sidewalk":0,"sidewalk_present":0,"canopy":2.8,"comfort":31.5,"name":"","road_type":"service","osm_id":562642986}},{"type":"Feature","geometry":{"type":"LineString","coordinates":[[-84.47425850012962,33.776417899966134],[-84.47421359967785,33.77647980030258],[-84.47418009993163,33.77652589955068]]},"properties":{"overall":57,"safety":70,"sidewalk":100,"sidewalk_present":1,"canopy":0.0,"comfort":29.6,"name":"","road_type":"service","osm_id":562642975}},{"type":"Feature","geometry":{"type":"LineString","coordinates":[[-84.47834050041371,33.776409299749446],[-84.47829099992964,33.776489600214916],[-84.4782095995933,33.77662679988697]]},"properties":{"overall":37,"safety":100,"sidewalk":0,"sidewalk_present":0,"canopy":11.4,"comfort":43.1,"name":"","road_type":"residential","osm_id":618813300}},{"type":"Feature","geometry":{"type":"LineString","coordinates":[[-84.47472319961594,33.776355499606666],[-84.4746850000127,33.77651270020101]]},"properties":{"overall":33,"safety":89,"sidewalk":0,"sidewalk_present":0,"canopy":11.2,"comfort":35.4,"name":"","road_type":"service","osm_id":562642990}},{"type":"Feature","geometry":{"type":"LineString","coordinates":[[-84.47441090014291,33.77647770038561],[-84.47437850026756,33.77651320022409],[-84.47436379994934,33.776546399596725],[-84.47434050031382,33.776599300417445]]},"properties":{"overall":58,"safety":75,"sidewalk":100,"sidewalk_present":1,"canopy":0.0,"comfort":30.0,"name":"","road_type":"service","osm_id":562642993}},{"type":"Feature","geometry":{"type":"LineString","coordinates":[[-84.47806000006892,33.77685230039339],[-84.4782095995933,33.77662679988697]]},"properties":{"overall":39,"safety":100,"sidewalk":0,"sidewalk_present":0,"canopy":17.7,"comfort":44.9,"name":"","road_type":"residential","osm_id":927536129}},{"type":"Feature","geometry":{"type":"LineString","coordinates":[[-84.4782095995933,33.77662679988697],[-84.47864719980839,33.77682100038891]]},"properties":{"overall":40,"safety":95,"sidewalk":0,"sidewalk_present":0,"canopy":24.1,"comfort":49.7,"name":"","road_type":"residential","osm_id":562469852}},{"type":"Feature","geometry":{"type":"LineString","coordinates":[[-84.47570800042382,33.77716800020312],[-84.47579790025287,33.77706020026807],[-84.47591020039539,33.77687019960007],[-84.47594329994331,33.77683559998303],[-84.47602179996608,33.77682000034281]]},"properties":{"overall":28,"safety":79,"sidewalk":0,"sidewalk_present":0,"canopy":3.5,"comfort":31.5,"name":"","road_type":"service","osm_id":1307646436}},{"type":"Feature","geometry":{"type":"LineString","coordinates":[[-84.47520730017675,33.77674179979425],[-84.47520000037969,33.77690840010263],[-84.47517429955423,33.77694599985807]]},"properties":{"overall":29,"safety":88,"sidewalk":0,"sidewalk_present":0,"canopy":0.0,"comfort":30.3,"name":"","road_type":"service","osm_id":562642972}},{"type":"Feature","geometry":{"type":"LineString","coordinates":[[-84.47579790025287,33.77706020026807],[-84.47556440027682,33.77696210042063],[-84.47549129978364,33.77707939989443]]},"properties":{"overall":20,"safety":60,"sidewalk":0,"sidewalk_present":0,"canopy":0.0,"comfort":29.5,"name":"","road_type":"service","osm_id":1307646437}},{"type":"Feature","geometry":{"type":"LineString","coordinates":[[-84.47806000006892,33.77685230039339],[-84.47805110037797,33.776865700291864],[-84.47789050034629,33.77713260018942],[-84.47785949981602,33.777155200152436],[-84.47782070036499,33.777162599774215],[-84.47775009998708,33.77714340014785],[-84.47758499974788,33.777006599774836],[-84.47736629991476,33.77683929979389],[-84.47712240017859,33.77663569957792],[-84.47707610038168,33.776596199555],[-84.47704990043252,33.77652309996114],[-84.47704869983761,33.776033500046026],[-84.47704990043252,33.77589730042013]]},"properties":{"overall":43,"safety":100,"sidewalk":0,"sidewalk_present":0,"canopy":28.4,"comfort":47.5,"name":"","road_type":"residential","osm_id":562469839}},{"type":"Feature","geometry":{"type":"LineString","coordinates":[[-84.47736629991476,33.77683929979389],[-84.47696569960732,33.77713549960367],[-84.47690680030854,33.77714530041533],[-84.4767011001756,33.7770814998114],[-84.4766661003602,33.77704480027734],[-84.47665919986213,33.77590810037856]]},"properties":{"overall":41,"safety":100,"sidewalk":0,"sidewalk_present":0,"canopy":22.8,"comfort":44.6,"name":"","road_type":"residential","osm_id":562469829}},{"type":"Feature","geometry":{"type":"LineString","coordinates":[[-84.47579790025287,33.77706020026807],[-84.47592680008171,33.777118200244786]]},"properties":{"overall":17,"safety":52,"sidewalk":0,"sidewalk_present":0,"canopy":0.0,"comfort":29.2,"name":"","road_type":"service","osm_id":1307646438}},{"type":"Feature","geometry":{"type":"LineString","coordinates":[[-84.477092700068,33.77739180009155],[-84.47704259973614,33.777371399870276],[-84.47699849968097,33.777374200359134],[-84.47679819997688,33.77751319957457],[-84.47673700021232,33.77760320012766]]},"properties":{"overall":42,"safety":98,"sidewalk":0,"sidewalk_present":0,"canopy":28.1,"comfort":46.1,"name":"","road_type":"service","osm_id":562466381}},{"type":"Feature","geometry":{"type":"LineString","coordinates":[[-84.47776199981638,33.77755159972662],[-84.47778609984857,33.77756110016469],[-84.47789189969137,33.777675699873726]]},"properties":{"overall":35,"safety":92,"sidewalk":0,"sidewalk_present":0,"canopy":13.6,"comfort":44.9,"name":"","road_type":"service","osm_id":562466383}},{"type":"Feature","geometry":{"type":"LineString","coordinates":[[-84.47751640036154,33.77769290030716],[-84.47756289980794,33.77768199962463],[-84.47776199981638,33.77755159972662]]},"properties":{"overall":29,"safety":76,"sidewalk":0,"sidewalk_present":0,"canopy":10.8,"comfort":43.1,"name":"","road_type":"service","osm_id":562466384}},{"type":"Feature","geometry":{"type":"LineString","coordinates":[[-84.477092700068,33.77739180009155],[-84.47743690029267,33.777677799790695],[-84.47747769983596,33.77768890012271],[-84.47751640036154,33.77769290030716]]},"properties":{"overall":32,"safety":85,"sidewalk":0,"sidewalk_present":0,"canopy":11.5,"comfort":41.7,"name":"","road_type":"service","osm_id":562466385}},{"type":"Feature","geometry":{"type":"LineString","coordinates":[[-84.47673700021232,33.77760320012766],[-84.47694299981953,33.77769100003968],[-84.4772230001413,33.77783000015444],[-84.4774185001636,33.77793420010329]]},"properties":{"overall":39,"safety":76,"sidewalk":0,"sidewalk_present":0,"canopy":39.6,"comfort":50.8,"name":"Donald Lee Hollowell Parkway Northwest","road_type":"primary","osm_id":1331842985}},{"type":"Feature","geometry":{"type":"LineString","coordinates":[[-84.47817700006846,33.77784590016819],[-84.4779370996174,33.778067000291855],[-84.47784679959011,33.778114399959634],[-84.47777980009766,33.77817740016695]]},"properties":{"overall":31,"safety":86,"sidewalk":0,"sidewalk_present":0,"canopy":8.2,"comfort":41.1,"name":"","road_type":"service","osm_id":562466386}},{"type":"Feature","geometry":{"type":"LineString","coordinates":[[-84.47838360042277,33.77806209988603],[-84.47815530032682,33.77829059963153],[-84.47806899958465,33.77838360032297]]},"properties":{"overall":34,"safety":90,"sidewalk":0,"sidewalk_present":0,"canopy":11.0,"comfort":40.8,"name":"","road_type":"service","osm_id":562466387}},{"type":"Feature","geometry":{"type":"LineString","coordinates":[[-84.47913889964047,33.778530000059504],[-84.47902129979309,33.77860299982865],[-84.47888629986284,33.7786542998561],[-84.47876650027371,33.77867010004513],[-84.47866850025105,33.778651400441845],[-84.47847429974911,33.77857119980109],[-84.47844459963852,33.778573000243796],[-84.47837870001695,33.77861779997153]]},"properties":{"overall":38,"safety":99,"sidewalk":0,"sidewalk_present":0,"canopy":15.1,"comfort":42.6,"name":"","road_type":"service","osm_id":562466388}},{"type":"Feature","geometry":{"type":"LineString","coordinates":[[-84.47912599976502,33.77898570003009],[-84.47901540024048,33.779094199637655]]},"properties":{"overall":26,"safety":69,"sidewalk":0,"sidewalk_present":0,"canopy":9.2,"comfort":39.6,"name":"","road_type":"service","osm_id":562462249}},{"type":"Feature","geometry":{"type":"LineString","coordinates":[[-84.47912599976502,33.77898570003009],[-84.47949849985582,33.779233299577186]]},"properties":{"overall":23,"safety":60,"sidewalk":0,"sidewalk_present":0,"canopy":8.3,"comfort":38.0,"name":"","road_type":"service","osm_id":562462250}},{"type":"Feature","geometry":{"type":"LineString","coordinates":[[-84.47984010014045,33.77914439979429],[-84.47972649957825,33.779264899955194]]},"properties":{"overall":6,"safety":0,"sidewalk":0,"sidewalk_present":0,"canopy":17.8,"comfort":42.3,"name":"","road_type":"service","osm_id":562643455}},{"type":"Feature","geometry":{"type":"LineString","coordinates":[[-84.47968129965221,33.77932270028242],[-84.47972649957825,33.779264899955194]]},"properties":{"overall":5,"safety":0,"sidewalk":0,"sidewalk_present":0,"canopy":13.8,"comfort":40.1,"name":"","road_type":"service","osm_id":1156976238}},{"type":"Feature","geometry":{"type":"LineString","coordinates":[[-84.47964340042256,33.77936750001015],[-84.47968129965221,33.77932270028242]]},"properties":{"overall":10,"safety":27,"sidewalk":0,"sidewalk_present":0,"canopy":4.2,"comfort":36.3,"name":"","road_type":"service","osm_id":1156976239}},{"type":"Feature","geometry":{"type":"LineString","coordinates":[[-84.47973469959669,33.77959620030447],[-84.47981409984078,33.779523400184814],[-84.47990279997418,33.779428799599486],[-84.47977990042205,33.779335500333104],[-84.47972649957825,33.779264899955194],[-84.47957270021988,33.77916329994639]]},"properties":{"overall":25,"safety":60,"sidewalk":0,"sidewalk_present":0,"canopy":14.2,"comfort":40.4,"name":"","road_type":"service","osm_id":562461664}},{"type":"Feature","geometry":{"type":"LineString","coordinates":[[-84.47954259991104,33.779461700397235],[-84.47964340042256,33.77936750001015]]},"properties":{"overall":27,"safety":81,"sidewalk":0,"sidewalk_present":0,"canopy":0.0,"comfort":34.2,"name":"","road_type":"service","osm_id":1156976237}},{"type":"Feature","geometry":{"type":"LineString","coordinates":[[-84.48229150005267,33.78100850014221],[-84.48205730040405,33.78087779987061]]},"properties":{"overall":34,"safety":93,"sidewalk":0,"sidewalk_present":0,"canopy":8.7,"comfort":44.3,"name":"","road_type":"service","osm_id":562466041}},{"type":"Feature","geometry":{"type":"LineString","coordinates":[[-84.48229150005267,33.78100850014221],[-84.4822073999515,33.78111670027556]]},"properties":{"overall":33,"safety":92,"sidewalk":0,"sidewalk_present":0,"canopy":5.6,"comfort":43.3,"name":"","road_type":"service","osm_id":562466039}},{"type":"Feature","geometry":{"type":"LineString","coordinates":[[-84.48235810024607,33.781319500094924],[-84.48240559973863,33.78121170015987]]},"properties":{"overall":32,"safety":91,"sidewalk":0,"sidewalk_present":0,"canopy":6.1,"comfort":43.3,"name":"","road_type":"service","osm_id":562466034}},{"type":"Feature","geometry":{"type":"LineString","coordinates":[[-84.48539839961643,33.78142129975322],[-84.48515830041521,33.78137340006242],[-84.4851235002493,33.78141020032052]]},"properties":{"overall":26,"safety":78,"sidewalk":0,"sidewalk_present":0,"canopy":0.0,"comfort":0.0,"name":"","road_type":"service","osm_id":562438549}},{"type":"Feature","geometry":{"type":"LineString","coordinates":[[-84.47939460028056,33.779355899655116],[-84.47954259991104,33.779461700397235],[-84.47965039984604,33.77953870035077],[-84.47973469959669,33.77959620030447],[-84.47988210027864,33.779697099741384],[-84.4801435997473,33.77987590025265],[-84.48037199966802,33.7800320000768],[-84.48128300031016,33.780574099714954],[-84.48183709960244,33.78090389999505],[-84.48198000007693,33.78098890031754],[-84.48211800014553,33.78107100032645],[-84.4822073999515,33.78111670027556],[-84.48233700035223,33.78118300009544],[-84.48240559973863,33.78121170015987],[-84.48258800023598,33.781288000440895],[-84.4829775002114,33.78140610031136],[-84.48313200014167,33.78145299995606],[-84.48345170013579,33.78151719985891],[-84.48490500006568,33.78180900018526],[-84.48508200013418,33.7818467995902],[-84.48533969996714,33.78190180032789],[-84.48545800038636,33.78192700023095],[-84.48589699994653,33.78205599988456],[-84.48615800029143,33.78216999974575],[-84.48628900003729,33.78224999983769],[-84.48638170035514,33.78230680011876],[-84.48639999976012,33.78231800027555],[-84.48657899992088,33.782460999675436],[-84.48664910027571,33.78252879956449],[-84.48671719963903,33.782594600260666]]},"properties":{"overall":31,"safety":70,"sidewalk":0,"sidewalk_present":0,"canopy":22.8,"comfort":45.4,"name":"Donald Lee Hollowell Parkway Northwest","road_type":"primary","osm_id":119881979}},{"type":"Feature","geometry":{"type":"LineString","coordinates":[[-84.48343909973465,33.781723900038],[-84.48345170013579,33.78151719985891]]},"properties":{"overall":38,"safety":92,"sidewalk":0,"sidewalk_present":0,"canopy":20.6,"comfort":48.3,"name":"","road_type":"service","osm_id":562466106}},{"type":"Feature","geometry":{"type":"LineString","coordinates":[[-84.48688399959684,33.78275599978963],[-84.48703879990063,33.7825639999287],[-84.48714800008008,33.78242849997537],[-84.48736600024068,33.78215800009167],[-84.48782599986998,33.78154999993262],[-84.48787500033097,33.78155099997872],[-84.48882500007363,33.78157800032449],[-84.48941329968397,33.78157929984485]]},"properties":{"overall":44,"safety":83,"sidewalk":0,"sidewalk_present":0,"canopy":49.4,"comfort":57.9,"name":"Azlee Place Northwest","road_type":"residential","osm_id":9261167}},{"type":"Feature","geometry":{"type":"LineString","coordinates":[[-84.4850697999313,33.781627499909234],[-84.48500810014366,33.78159970006618],[-84.48492569976122,33.78158890010769]]},"properties":{"overall":33,"safety":99,"sidewalk":0,"sidewalk_present":0,"canopy":0.0,"comfort":0.0,"name":"","road_type":"service","osm_id":562438547}},{"type":"Feature","geometry":{"type":"LineString","coordinates":[[-84.4851235002493,33.78141020032052],[-84.4850697999313,33.781627499909234],[-84.4851235002493,33.78171450032397],[-84.48508200013418,33.7818467995902]]},"properties":{"overall":38,"safety":82,"sidewalk":0,"sidewalk_present":0,"canopy":32.3,"comfort":51.1,"name":"","road_type":"service","osm_id":562438550}},{"type":"Feature","geometry":{"type":"LineString","coordinates":[[-84.4851235002493,33.78171450032397],[-84.48534780016081,33.78175899967812]]},"properties":{"overall":36,"safety":88,"sidewalk":0,"sidewalk_present":0,"canopy":19.5,"comfort":46.1,"name":"","road_type":"service","osm_id":562438548}},{"type":"Feature","geometry":{"type":"LineString","coordinates":[[-84.49187999976215,33.78080559959881],[-84.49184070028804,33.78082320023054],[-84.49173200013166,33.78086630023961]]},"properties":{"overall":28,"safety":59,"sidewalk":0,"sidewalk_present":0,"canopy":25.3,"comfort":45.8,"name":"Harwell Place Northwest","road_type":"residential","osm_id":962844574}},{"type":"Feature","geometry":{"type":"LineString","coordinates":[[-84.49164599976302,33.781580299891004],[-84.49078420013069,33.780842899879985],[-84.49022470040956,33.780742399741996]]},"properties":{"overall":31,"safety":65,"sidewalk":0,"sidewalk_present":0,"canopy":27.9,"comfort":48.2,"name":"Skipper Place","road_type":"residential","osm_id":243435682}},{"type":"Feature","geometry":{"type":"LineString","coordinates":[[-84.49105100020347,33.77989099986979],[-84.49162499969395,33.780715000097246],[-84.49173200013166,33.78086630023961],[-84.49193899978496,33.781167000256914],[-84.49209849994577,33.78135149977197],[-84.4931030004031,33.78220300036821]]},"properties":{"overall":44,"safety":93,"sidewalk":0,"sidewalk_present":0,"canopy":39.4,"comfort":50.9,"name":"Skipper Drive Northwest","road_type":"residential","osm_id":630644116}},{"type":"Feature","geometry":{"type":"LineString","coordinates":[[-84.49199270010297,33.781423000371205],[-84.49209849994577,33.78135149977197]]},"properties":{"overall":37,"safety":90,"sidewalk":0,"sidewalk_present":0,"canopy":20.8,"comfort":42.3,"name":"Skipper Place Northwest","road_type":"residential","osm_id":9244249}},{"type":"Feature","geometry":{"type":"LineString","coordinates":[[-84.49446400021338,33.781074999611576],[-84.49431389976661,33.78092599993499],[-84.49412309960132,33.780769300263046],[-84.49408079998886,33.78078790004162],[-84.49356700021684,33.781185000187634],[-84.49313989958665,33.78155109980344],[-84.49309230026938,33.781548099665144],[-84.4926350004049,33.78113399963445],[-84.49225700006048,33.78085100007365],[-84.49210500024554,33.78078399968189],[-84.49199799980778,33.78077400012006],[-84.49187999976215,33.78080559959881]]},"properties":{"overall":33,"safety":81,"sidewalk":0,"sidewalk_present":0,"canopy":18.8,"comfort":42.7,"name":"Harwell Place Northwest","road_type":"residential","osm_id":9268953}},{"type":"Feature","geometry":{"type":"LineString","coordinates":[[-84.49199270010297,33.781423000371205],[-84.49164599976302,33.781580299891004],[-84.49152639982344,33.781668900199634],[-84.491421000179,33.781781999839495]]},"properties":{"overall":39,"safety":96,"sidewalk":0,"sidewalk_present":0,"canopy":20.0,"comfort":42.5,"name":"Skipper Place Northwest","road_type":"residential","osm_id":841278788}},{"type":"Feature","geometry":{"type":"LineString","coordinates":[[-84.49217659977023,33.78242980039505],[-84.49224279976534,33.78238949997552],[-84.49226629994973,33.78236360039989],[-84.49227409976987,33.78233629968054],[-84.49226939991286,33.78230639992046],[-84.49196779967417,33.78205580023507],[-84.49194590028304,33.78203499981544],[-84.49191470010328,33.78203239987539],[-84.49188190002963,33.7820441000552],[-84.49180320035737,33.782109600377794]]},"properties":{"overall":21,"safety":47,"sidewalk":0,"sidewalk_present":0,"canopy":15.0,"comfort":40.9,"name":"","road_type":"service","osm_id":841278789}},{"type":"Feature","geometry":{"type":"LineString","coordinates":[[-84.491421000179,33.781781999839495],[-84.49104549994985,33.782067000391805],[-84.4908190002966,33.78223890040499]]},"properties":{"overall":49,"safety":98,"sidewalk":0,"sidewalk_present":0,"canopy":49.5,"comfort":54.5,"name":"Skipper Place","road_type":"residential","osm_id":243435684}},{"type":"Feature","geometry":{"type":"LineString","coordinates":[[-84.48787500033097,33.78155099997872],[-84.48844999986756,33.782197000091514],[-84.48938599986394,33.78320399976485]]},"properties":{"overall":51,"safety":97,"sidewalk":0,"sidewalk_present":0,"canopy":57.4,"comfort":64.4,"name":"Callahan Street Northwest","road_type":"residential","osm_id":9255147}},{"type":"Feature","geometry":{"type":"LineString","coordinates":[[-84.49104549994985,33.782067000391805],[-84.4913172004284,33.782314000091105]]},"properties":{"overall":44,"safety":97,"sidewalk":0,"sidewalk_present":0,"canopy":35.1,"comfort":49.7,"name":"Skipper Place","road_type":"residential","osm_id":243435676}},{"type":"Feature","geometry":{"type":"LineString","coordinates":[[-84.48535550015617,33.78163200011676],[-84.48534780016081,33.78175899967812],[-84.48534470019774,33.781810299705626]]},"properties":{"overall":36,"safety":87,"sidewalk":0,"sidewalk_present":0,"canopy":21.0,"comfort":46.6,"name":"","road_type":"service","osm_id":562438552}},{"type":"Feature","geometry":{"type":"LineString","coordinates":[[-84.48640290007376,33.78123740008601],[-84.48632780038764,33.78139459978098],[-84.48598040037513,33.78182819981163],[-84.48589590007572,33.78183039955337]]},"properties":{"overall":38,"safety":99,"sidewalk":0,"sidewalk_present":0,"canopy":14.4,"comfort":43.7,"name":"","road_type":"service","osm_id":562438546}},{"type":"Feature","geometry":{"type":"LineString","coordinates":[[-84.48624730027268,33.781917300143334],[-84.48616820040206,33.78188169958082],[-84.48610110018558,33.78189279991284],[-84.48599519961874,33.78186719981147],[-84.48598040037513,33.78182819981163]]},"properties":{"overall":37,"safety":99,"sidewalk":0,"sidewalk_present":0,"canopy":13.1,"comfort":41.3,"name":"","road_type":"service","osm_id":562438545}},{"type":"Feature","geometry":{"type":"LineString","coordinates":[[-84.48638170035514,33.78230680011876],[-84.4864702997645,33.78218910044666],[-84.48651489984269,33.78211099972293],[-84.48657940011918,33.782020300396596],[-84.48666300019727,33.781916399921954],[-84.48682760041339,33.781761800166976],[-84.48691459992881,33.78173870018094],[-84.48699910022827,33.781736700088686],[-84.48707279966993,33.78178390010697],[-84.48727689990898,33.78195460042451],[-84.48729909967369,33.781996200364404],[-84.48730119959066,33.78202500025361],[-84.4872588999782,33.782081500161155],[-84.48708409965144,33.782327099616],[-84.4870813000619,33.78235650025232],[-84.48708619956841,33.78238530014153],[-84.48710280015405,33.782399100238365],[-84.48714800008008,33.78242849997537]]},"properties":{"overall":36,"safety":95,"sidewalk":0,"sidewalk_present":0,"canopy":13.0,"comfort":40.3,"name":"","road_type":"service","osm_id":841255535}},{"type":"Feature","geometry":{"type":"LineString","coordinates":[[-84.48703879990063,33.7825639999287],[-84.48677030010924,33.78240110033056]]},"properties":{"overall":30,"safety":86,"sidewalk":0,"sidewalk_present":0,"canopy":3.3,"comfort":34.0,"name":"","road_type":"service","osm_id":562438544}},{"type":"Feature","geometry":{"type":"LineString","coordinates":[[-84.49468999984356,33.781512900200255],[-84.49489379970908,33.781703099618426],[-84.49453819967812,33.78197470027226]]},"properties":{"overall":41,"safety":75,"sidewalk":0,"sidewalk_present":0,"canopy":46.7,"comfort":55.0,"name":"","road_type":"service","osm_id":817477579}},{"type":"Feature","geometry":{"type":"LineString","coordinates":[[-84.49485500025804,33.78065700012053],[-84.49498370043739,33.7807138004016],[-84.49506800018804,33.78075099995874],[-84.49514800027993,33.780811000027654],[-84.49519299965715,33.78089200016575],[-84.49518300009532,33.78102099981936],[-84.49505499958855,33.78119899993396],[-84.49470699972824,33.7814990002787],[-84.49468999984356,33.781512900200255],[-84.49402199961554,33.78205900002291],[-84.49389049984666,33.78227650016038],[-84.49369420032707,33.7824378996894],[-84.493528000217,33.78251400032093],[-84.49342499996374,33.78254099976738],[-84.49323400014896,33.7825629998826],[-84.49318050037976,33.78255899969815],[-84.49312699971125,33.78255500041297],[-84.49294500031147,33.782470000090484],[-84.4928709995969,33.782395000229144]]},"properties":{"overall":39,"safety":84,"sidewalk":0,"sidewalk_present":0,"canopy":33.7,"comfort":50.1,"name":"Dogwood Drive Northwest","road_type":"residential","osm_id":9257878}},{"type":"Feature","geometry":{"type":"LineString","coordinates":[[-84.49389049984666,33.78227650016038],[-84.49400160029359,33.78231330041854],[-84.49415179966576,33.78239800036749],[-84.49428989955919,33.78250270033942],[-84.49445049959087,33.78256730044063],[-84.4944970997613,33.78256730044063],[-84.49468880014797,33.78252709984582],[-84.49480799988925,33.78247829993364]]},"properties":{"overall":44,"safety":96,"sidewalk":0,"sidewalk_present":0,"canopy":37.2,"comfort":51.8,"name":"Dogwood Drive","road_type":"residential","osm_id":243435820}},{"type":"Feature","geometry":{"type":"LineString","coordinates":[[-84.49599559961717,33.781511300306306],[-84.49593739999096,33.7818821996039],[-84.49586779965921,33.782190999814816],[-84.49578919981167,33.78249539964304],[-84.4957406004483,33.7826587003388],[-84.49568659975671,33.78282069971556],[-84.49562549981692,33.78298110009774],[-84.49556089971571,33.78314299964978]]},"properties":{"overall":14,"safety":42,"sidewalk":0,"sidewalk_present":0,"canopy":0.0,"comfort":0.0,"name":"Atlanta Bypass / The Perimeter","road_type":"motorway","osm_id":968197446}},{"type":"Feature","geometry":{"type":"LineString","coordinates":[[-84.491421000179,33.781781999839495],[-84.49180320035737,33.782109600377794],[-84.49217659977023,33.78242980039505],[-84.4922898999589,33.78252690019633]]},"properties":{"overall":35,"safety":87,"sidewalk":0,"sidewalk_present":0,"canopy":18.6,"comfort":42.6,"name":"Skipper Place Northwest","road_type":"residential","osm_id":587197238}},{"type":"Feature","geometry":{"type":"LineString","coordinates":[[-84.49180220031127,33.78272679970212],[-84.49146610028026,33.78244389996604]]},"properties":{"overall":38,"safety":85,"sidewalk":0,"sidewalk_present":0,"canopy":28.5,"comfort":47.8,"name":"Skipper Place","road_type":"residential","osm_id":243435677}},{"type":"Feature","geometry":{"type":"LineString","coordinates":[[-84.4922898999589,33.78252690019633],[-84.49250099962137,33.782708000274056]]},"properties":{"overall":43,"safety":82,"sidewalk":0,"sidewalk_present":0,"canopy":47.8,"comfort":54.5,"name":"Skipper Place Northwest","road_type":"residential","osm_id":841278790}},{"type":"Feature","geometry":{"type":"LineString","coordinates":[[-84.49158820033512,33.78289649997356],[-84.49180220031127,33.78272679970212],[-84.49217659977023,33.78242980039505]]},"properties":{"overall":33,"safety":61,"sidewalk":0,"sidewalk_present":0,"canopy":38.0,"comfort":50.9,"name":"Skipper Place","road_type":"residential","osm_id":243435685}},{"type":"Feature","geometry":{"type":"LineString","coordinates":[[-84.48935269976727,33.78423909965477],[-84.48946199977144,33.78422209977015],[-84.48981740015284,33.78406189993677],[-84.4897548999686,33.78390260032478],[-84.48954929966044,33.783987099724925],[-84.48930809968903,33.78421839995923]]},"properties":{"overall":45,"safety":100,"sidewalk":0,"sidewalk_present":0,"canopy":35.9,"comfort":50.4,"name":"","road_type":"service","osm_id":1094734804}},{"type":"Feature","geometry":{"type":"LineString","coordinates":[[-84.48902279966245,33.7840778997753],[-84.48885470018422,33.78399729983556]]},"properties":{"overall":35,"safety":100,"sidewalk":0,"sidewalk_present":0,"canopy":5.8,"comfort":36.6,"name":"","road_type":"service","osm_id":562437772}},{"type":"Feature","geometry":{"type":"LineString","coordinates":[[-84.48935269976727,33.78423909965477],[-84.48930809968903,33.78421839995923],[-84.48918780007688,33.78416149985338],[-84.48902279966245,33.7840778997753]]},"properties":{"overall":36,"safety":100,"sidewalk":0,"sidewalk_present":0,"canopy":9.0,"comfort":38.2,"name":"","road_type":"service","osm_id":562437773}},{"type":"Feature","geometry":{"type":"LineString","coordinates":[[-84.48863450028193,33.784216899890055],[-84.48868730037856,33.78428710006966]]},"properties":{"overall":34,"safety":100,"sidewalk":0,"sidewalk_present":0,"canopy":2.7,"comfort":32.9,"name":"","road_type":"service","osm_id":562437768}},{"type":"Feature","geometry":{"type":"LineString","coordinates":[[-84.48885470018422,33.78399729983556],[-84.48868730037856,33.78428710006966],[-84.4885781001991,33.78446770012431]]},"properties":{"overall":32,"safety":91,"sidewalk":0,"sidewalk_present":0,"canopy":4.3,"comfort":34.0,"name":"","road_type":"service","osm_id":562437771}},{"type":"Feature","geometry":{"type":"LineString","coordinates":[[-84.491056399733,33.784773699846426],[-84.49106979963153,33.78462069998534],[-84.49108330025405,33.784466200055135],[-84.49066200025106,33.784466000405644],[-84.49058710021444,33.784442500221246],[-84.49048200004421,33.78445270033188],[-84.49040729965714,33.78453650005946],[-84.49040579958796,33.78460549964416],[-84.4906583004402,33.78461169957035],[-84.49086149955855,33.784616599976175],[-84.49106979963153,33.78462069998534]]},"properties":{"overall":49,"safety":100,"sidewalk":0,"sidewalk_present":0,"canopy":48.1,"comfort":55.1,"name":"","road_type":"service","osm_id":562434786}},{"type":"Feature","geometry":{"type":"LineString","coordinates":[[-84.48707929996971,33.78296579993179],[-84.48738500021756,33.78329400031794],[-84.48806779968919,33.784068300411775],[-84.48818999956876,33.78420869987167]]},"properties":{"overall":32,"safety":82,"sidewalk":0,"sidewalk_present":0,"canopy":15.1,"comfort":38.0,"name":"Donald Lee Hollowell Parkway Northwest","road_type":"primary","osm_id":1324319008}},{"type":"Feature","geometry":{"type":"LineString","coordinates":[[-84.48902279966245,33.7840778997753],[-84.48872890031845,33.78458239965806]]},"properties":{"overall":32,"safety":93,"sidewalk":0,"sidewalk_present":0,"canopy":4.0,"comfort":33.6,"name":"","road_type":"service","osm_id":562437775}},{"type":"Feature","geometry":{"type":"LineString","coordinates":[[-84.49066200025106,33.784466000405644],[-84.4906583004402,33.78461169957035]]},"properties":{"overall":53,"safety":100,"sidewalk":0,"sidewalk_present":0,"canopy":59.1,"comfort":60.6,"name":"","road_type":"service","osm_id":1106781287}},{"type":"Feature","geometry":{"type":"LineString","coordinates":[[-84.48918780007688,33.78416149985338],[-84.48885439981069,33.78467950035872]]},"properties":{"overall":37,"safety":97,"sidewalk":0,"sidewalk_present":0,"canopy":13.7,"comfort":37.6,"name":"","road_type":"service","osm_id":1094734803}},{"type":"Feature","geometry":{"type":"LineString","coordinates":[[-84.4885781001991,33.78446770012431],[-84.48872890031845,33.78458239965806],[-84.48885439981069,33.78467950035872],[-84.48899199968099,33.78478580022454]]},"properties":{"overall":36,"safety":88,"sidewalk":0,"sidewalk_present":0,"canopy":19.6,"comfort":36.9,"name":"","road_type":"service","osm_id":562437774}},{"type":"Feature","geometry":{"type":"LineString","coordinates":[[-84.49118259979713,33.78610849970755],[-84.49128369978285,33.78602350028439],[-84.49134450024843,33.78595630024313],[-84.4913805999347,33.78587439988371],[-84.49151220042768,33.785549500009495],[-84.49152000024776,33.785532000101796],[-84.49156250040903,33.78540639988552],[-84.49160360032585,33.785285000402496],[-84.49167300010885,33.78507999994207],[-84.49175500029298,33.78473400017401],[-84.49195200038446,33.78366999967079],[-84.49201699978465,33.78343999985617],[-84.49209799992275,33.783249000041394],[-84.4922030002682,33.78306599969619],[-84.49232899978347,33.782892999812134],[-84.49250099962137,33.782708000274056],[-84.4928709995969,33.782395000229144],[-84.4931030004031,33.78220300036821]]},"properties":{"overall":71,"safety":63,"sidewalk":100,"sidewalk_present":1,"canopy":51.4,"comfort":52.8,"name":"Harwell Road Northwest","road_type":"tertiary","osm_id":630644122}},{"type":"Feature","geometry":{"type":"LineString","coordinates":[[-84.491056399733,33.784773699846426],[-84.49085610002896,33.784764499781886]]},"properties":{"overall":38,"safety":100,"sidewalk":0,"sidewalk_present":0,"canopy":14.3,"comfort":41.2,"name":"","road_type":"service","osm_id":1106781286}},{"type":"Feature","geometry":{"type":"LineString","coordinates":[[-84.48910779998494,33.78505220009902],[-84.48893680019313,33.78492309972131],[-84.48885289974152,33.78485439961088],[-84.48875629996326,33.78477360002165],[-84.48864730033262,33.784672500035924],[-84.48855870002393,33.784585299971695]]},"properties":{"overall":33,"safety":82,"sidewalk":0,"sidewalk_present":0,"canopy":16.2,"comfort":34.9,"name":"Donald Lee Hollowell Parkway Northwest","road_type":"primary","osm_id":746005891}},{"type":"Feature","geometry":{"type":"LineString","coordinates":[[-84.49105029963158,33.78484299980465],[-84.491056399733,33.784773699846426]]},"properties":{"overall":37,"safety":100,"sidewalk":0,"sidewalk_present":0,"canopy":11.9,"comfort":39.6,"name":"","road_type":"service","osm_id":1106781290}},{"type":"Feature","geometry":{"type":"LineString","coordinates":[[-84.48935269976727,33.78423909965477],[-84.48899199968099,33.78478580022454]]},"properties":{"overall":40,"safety":98,"sidewalk":0,"sidewalk_present":0,"canopy":23.0,"comfort":41.2,"name":"","road_type":"service","osm_id":562437776}},{"type":"Feature","geometry":{"type":"LineString","coordinates":[[-84.48899199968099,33.78478580022454],[-84.48901270027585,33.784855600205844],[-84.48893680019313,33.78492309972131]]},"properties":{"overall":43,"safety":95,"sidewalk":0,"sidewalk_present":0,"canopy":33.0,"comfort":42.0,"name":"","road_type":"service","osm_id":562437770}},{"type":"Feature","geometry":{"type":"LineString","coordinates":[[-84.49134319982875,33.78505930024659],[-84.49138949962565,33.78492170037623],[-84.49105029963158,33.78484299980465]]},"properties":{"overall":30,"safety":75,"sidewalk":0,"sidewalk_present":0,"canopy":14.3,"comfort":40.1,"name":"","road_type":"service","osm_id":562434788}},{"type":"Feature","geometry":{"type":"LineString","coordinates":[[-84.49086149955855,33.784616599976175],[-84.49085610002896,33.784764499781886],[-84.49085240021805,33.78486659981377],[-84.49081049990463,33.78504779971621],[-84.49078019994624,33.785164000218515],[-84.4908244996509,33.78521110041203]]},"properties":{"overall":29,"safety":67,"sidewalk":0,"sidewalk_present":0,"canopy":18.6,"comfort":40.8,"name":"","road_type":"service","osm_id":562434790}},{"type":"Feature","geometry":{"type":"LineString","coordinates":[[-84.49100459968247,33.78497300040368],[-84.49134319982875,33.78505930024659]]},"properties":{"overall":16,"safety":40,"sidewalk":0,"sidewalk_present":0,"canopy":7.9,"comfort":36.8,"name":"","road_type":"service","osm_id":1106781288}},{"type":"Feature","geometry":{"type":"LineString","coordinates":[[-84.4908244996509,33.78521110041203],[-84.49089560005189,33.78519330013074],[-84.49094420031457,33.78509759967454],[-84.49100459968247,33.78497300040368],[-84.49105029963158,33.78484299980465]]},"properties":{"overall":16,"safety":33,"sidewalk":0,"sidewalk_present":0,"canopy":14.2,"comfort":38.2,"name":"","road_type":"service","osm_id":1106781289}},{"type":"Feature","geometry":{"type":"LineString","coordinates":[[-84.49038259977709,33.785175499849515],[-84.49019419990236,33.7851543001309]]},"properties":{"overall":36,"safety":74,"sidewalk":0,"sidewalk_present":0,"canopy":32.9,"comfort":43.4,"name":"","road_type":"service","osm_id":562437779}},{"type":"Feature","geometry":{"type":"LineString","coordinates":[[-84.49044760007666,33.7852780000797],[-84.49038259977709,33.785175499849515]]},"properties":{"overall":38,"safety":74,"sidewalk":0,"sidewalk_present":0,"canopy":39.4,"comfort":45.6,"name":"","road_type":"service","osm_id":562437780}},{"type":"Feature","geometry":{"type":"LineString","coordinates":[[-84.4915292003123,33.78526460018122],[-84.49130590044689,33.78520000008001]]},"properties":{"overall":14,"safety":32,"sidewalk":0,"sidewalk_present":0,"canopy":9.0,"comfort":35.4,"name":"","road_type":"service","osm_id":562434784}},{"type":"Feature","geometry":{"type":"LineString","coordinates":[[-84.49134319982875,33.78505930024659],[-84.49130590044689,33.78520000008001]]},"properties":{"overall":12,"safety":25,"sidewalk":0,"sidewalk_present":0,"canopy":12.1,"comfort":37.1,"name":"","road_type":"service","osm_id":562434785}},{"type":"Feature","geometry":{"type":"LineString","coordinates":[[-84.49125570029031,33.78532820023628],[-84.49130590044689,33.78520000008001]]},"properties":{"overall":2,"safety":0,"sidewalk":0,"sidewalk_present":0,"canopy":7.3,"comfort":34.7,"name":"","road_type":"service","osm_id":562434781}},{"type":"Feature","geometry":{"type":"LineString","coordinates":[[-84.49160360032585,33.785285000402496],[-84.4915292003123,33.78526460018122]]},"properties":{"overall":42,"safety":96,"sidewalk":0,"sidewalk_present":0,"canopy":30.8,"comfort":43.0,"name":"","road_type":"service","osm_id":562434783}},{"type":"Feature","geometry":{"type":"LineString","coordinates":[[-84.49045170008583,33.78565589970009],[-84.49044760007666,33.7852780000797]]},"properties":{"overall":33,"safety":77,"sidewalk":0,"sidewalk_present":0,"canopy":21.5,"comfort":37.2,"name":"","road_type":"service","osm_id":562437783}},{"type":"Feature","geometry":{"type":"LineString","coordinates":[[-84.49007700025334,33.78561129962185],[-84.48993020031844,33.78553900042459],[-84.48978689964565,33.785466700328016],[-84.48962509991838,33.78537669977493],[-84.48946850007121,33.78528229973841],[-84.48928770036702,33.78517130001552],[-84.48927059975836,33.78516000003401],[-84.48910779998494,33.78505220009902]]},"properties":{"overall":27,"safety":72,"sidewalk":0,"sidewalk_present":0,"canopy":10.2,"comfort":32.2,"name":"Donald Lee Hollowell Parkway Northwest","road_type":"primary","osm_id":746008002}},{"type":"Feature","geometry":{"type":"LineString","coordinates":[[-84.49125570029031,33.78532820023628],[-84.49148160009571,33.785385800014694]]},"properties":{"overall":19,"safety":46,"sidewalk":0,"sidewalk_present":0,"canopy":10.0,"comfort":34.2,"name":"","road_type":"service","osm_id":562434780}},{"type":"Feature","geometry":{"type":"LineString","coordinates":[[-84.49148160009571,33.785385800014694],[-84.49156250040903,33.78540639988552]]},"properties":{"overall":36,"safety":92,"sidewalk":0,"sidewalk_present":0,"canopy":15.7,"comfort":36.0,"name":"","road_type":"service","osm_id":562434782}},{"type":"Feature","geometry":{"type":"LineString","coordinates":[[-84.49075740033373,33.785573900415216],[-84.4907776000062,33.78540949984858],[-84.4908244996509,33.78521110041203]]},"properties":{"overall":12,"safety":25,"sidewalk":0,"sidewalk_present":0,"canopy":10.5,"comfort":33.9,"name":"","road_type":"service","osm_id":562434791}},{"type":"Feature","geometry":{"type":"LineString","coordinates":[[-84.49114500004168,33.78554110034156],[-84.491026999996,33.785469699567045],[-84.49091169971513,33.78547529964544],[-84.49082179988613,33.785513199774414],[-84.49075740033373,33.785573900415216]]},"properties":{"overall":2,"safety":0,"sidewalk":0,"sidewalk_present":0,"canopy":7.5,"comfort":31.3,"name":"","road_type":"service","osm_id":562434792}},{"type":"Feature","geometry":{"type":"LineString","coordinates":[[-84.49019419990236,33.7851543001309],[-84.49019469992544,33.78548759967305]]},"properties":{"overall":20,"safety":43,"sidewalk":0,"sidewalk_present":0,"canopy":17.7,"comfort":36.6,"name":"","road_type":"service","osm_id":562437781}},{"type":"Feature","geometry":{"type":"LineString","coordinates":[[-84.4912577003825,33.78541850026363],[-84.49127580013806,33.785484200235715],[-84.49136429972259,33.78553159990349],[-84.49144339959315,33.78553209992651],[-84.49151220042768,33.785549500009495]]},"properties":{"overall":35,"safety":95,"sidewalk":0,"sidewalk_present":0,"canopy":8.7,"comfort":32.2,"name":"","road_type":"service","osm_id":562437784}},{"type":"Feature","geometry":{"type":"LineString","coordinates":[[-84.49019469992544,33.78548759967305],[-84.49019479975016,33.785566099695814]]},"properties":{"overall":10,"safety":23,"sidewalk":0,"sidewalk_present":0,"canopy":6.5,"comfort":31.6,"name":"","road_type":"service","osm_id":562437778}},{"type":"Feature","geometry":{"type":"LineString","coordinates":[[-84.49167340030715,33.78562409967253],[-84.4916116996202,33.78557949959429],[-84.49151220042768,33.785549500009495]]},"properties":{"overall":18,"safety":47,"sidewalk":0,"sidewalk_present":0,"canopy":6.9,"comfort":31.0,"name":"","road_type":"service","osm_id":562434798}},{"type":"Feature","geometry":{"type":"LineString","coordinates":[[-84.49019479975016,33.785566099695814],[-84.4901563995981,33.78564769968165]]},"properties":{"overall":15,"safety":36,"sidewalk":0,"sidewalk_present":0,"canopy":7.7,"comfort":30.9,"name":"","road_type":"service","osm_id":562437777}},{"type":"Feature","geometry":{"type":"LineString","coordinates":[[-84.48863450028193,33.784216899890055],[-84.48837340011227,33.784386399612686]]},"properties":{"overall":31,"safety":89,"sidewalk":0,"sidewalk_present":0,"canopy":5.1,"comfort":32.2,"name":"","road_type":"service","osm_id":562437769}},{"type":"Feature","geometry":{"type":"LineString","coordinates":[[-84.48855870002393,33.784585299971695],[-84.48846470018572,33.784486200078106],[-84.48837340011227,33.784386399612686],[-84.48818999956876,33.78420869987167]]},"properties":{"overall":28,"safety":78,"sidewalk":0,"sidewalk_present":0,"canopy":5.5,"comfort":30.9,"name":"Donald Lee Hollowell Parkway Northwest","road_type":"primary","osm_id":1057654901}},{"type":"Feature","geometry":{"type":"LineString","coordinates":[[-84.49556089971571,33.78314299964978],[-84.49514219965278,33.78370339959224],[-84.49486149965844,33.78408170031025],[-84.4946040003743,33.78437409958508],[-84.49433589988183,33.784657600068215],[-84.49401719993381,33.78494359976736],[-84.493207200352,33.78565040034573]]},"properties":{"overall":30,"safety":70,"sidewalk":0,"sidewalk_present":0,"canopy":20.0,"comfort":42.3,"name":"","road_type":"motorway_link","osm_id":9234804}},{"type":"Feature","geometry":{"type":"LineString","coordinates":[[-84.49040950029814,33.78574890039147],[-84.49028159961608,33.78569980010576],[-84.4901563995981,33.78564769968165],[-84.49007700025334,33.78561129962185]]},"properties":{"overall":20,"safety":54,"sidewalk":0,"sidewalk_present":0,"canopy":5.8,"comfort":29.9,"name":"Donald Lee Hollowell Parkway Northwest","road_type":"primary","osm_id":119881981}},{"type":"Feature","geometry":{"type":"LineString","coordinates":[[-84.49040950029814,33.78574890039147],[-84.49045170008583,33.78565589970009]]},"properties":{"overall":27,"safety":74,"sidewalk":0,"sidewalk_present":0,"canopy":6.8,"comfort":30.0,"name":"","road_type":"service","osm_id":562437782}},{"type":"Feature","geometry":{"type":"LineString","coordinates":[[-84.49075740033373,33.785573900415216],[-84.49076620019991,33.785725500031845],[-84.4908003996187,33.7858158000592]]},"properties":{"overall":6,"safety":14,"sidewalk":0,"sidewalk_present":0,"canopy":4.1,"comfort":29.2,"name":"","road_type":"service","osm_id":562434797}},{"type":"Feature","geometry":{"type":"LineString","coordinates":[[-84.49066009998359,33.7858405997639],[-84.49053289987341,33.78579599968566],[-84.49040950029814,33.78574890039147]]},"properties":{"overall":22,"safety":64,"sidewalk":0,"sidewalk_present":0,"canopy":3.4,"comfort":28.0,"name":"Donald Lee Hollowell Parkway Northwest","road_type":"primary","osm_id":746008001}},{"type":"Feature","geometry":{"type":"LineString","coordinates":[[-84.49120430043808,33.78581570023442],[-84.4913805999347,33.78587439988371]]},"properties":{"overall":18,"safety":54,"sidewalk":0,"sidewalk_present":0,"canopy":0.0,"comfort":24.3,"name":"","road_type":"service","osm_id":562434794}},{"type":"Feature","geometry":{"type":"LineString","coordinates":[[-84.4908003996187,33.7858158000592],[-84.4907715997295,33.78587770039559]]},"properties":{"overall":17,"safety":48,"sidewalk":0,"sidewalk_present":0,"canopy":2.3,"comfort":27.1,"name":"","road_type":"service","osm_id":562434796}},{"type":"Feature","geometry":{"type":"LineString","coordinates":[[-84.49124159981994,33.78572390013795],[-84.49120430043808,33.78581570023442],[-84.4911732000831,33.78589220016494],[-84.49113810044292,33.785912200187965],[-84.49110480034625,33.78593120016478],[-84.49109050022639,33.78597309957894]]},"properties":{"overall":10,"safety":29,"sidewalk":0,"sidewalk_present":0,"canopy":0.0,"comfort":25.0,"name":"","road_type":"service","osm_id":562434795}},{"type":"Feature","geometry":{"type":"LineString","coordinates":[[-84.4908003996187,33.7858158000592],[-84.49113810044292,33.785912200187965]]},"properties":{"overall":7,"safety":18,"sidewalk":0,"sidewalk_present":0,"canopy":1.7,"comfort":25.9,"name":"","road_type":"service","osm_id":562434793}},{"type":"Feature","geometry":{"type":"LineString","coordinates":[[-84.49128369978285,33.78602350028439],[-84.49109050022639,33.78597309957894],[-84.49093450022696,33.78592829985121],[-84.4907715997295,33.78587770039559],[-84.49066009998359,33.7858405997639]]},"properties":{"overall":46,"safety":38,"sidewalk":100,"sidewalk_present":1,"canopy":1.2,"comfort":25.5,"name":"Donald Lee Hollowell Parkway Northwest","road_type":"primary","osm_id":126462733}},{"type":"Feature","geometry":{"type":"LineString","coordinates":[[-84.4913805999347,33.78587439988371],[-84.49156300043211,33.78593070014176]]},"properties":{"overall":21,"safety":62,"sidewalk":0,"sidewalk_present":0,"canopy":0.0,"comfort":23.1,"name":"","road_type":"service","osm_id":562434799}},{"type":"Feature","geometry":{"type":"LineString","coordinates":[[-84.49167340030715,33.78562409967253],[-84.49156300043211,33.78593070014176],[-84.49154999983261,33.785966799827975],[-84.49154670022,33.78603370039502]]},"properties":{"overall":6,"safety":15,"sidewalk":0,"sidewalk_present":0,"canopy":4.0,"comfort":26.2,"name":"","road_type":"service","osm_id":562434801}},{"type":"Feature","geometry":{"type":"LineString","coordinates":[[-84.4918998999604,33.78619800023756],[-84.49169610009488,33.786133499961124],[-84.49153080020625,33.78608720016422],[-84.49146210009582,33.78606949970771],[-84.49128369978285,33.78602350028439]]},"properties":{"overall":40,"safety":20,"sidewalk":100,"sidewalk_present":1,"canopy":0.0,"comfort":21.6,"name":"Donald Lee Hollowell Parkway Northwest","road_type":"primary","osm_id":746008998}},{"type":"Feature","geometry":{"type":"LineString","coordinates":[[-84.49154670022,33.78603370039502],[-84.49153080020625,33.78608720016422]]},"properties":{"overall":35,"safety":4,"sidewalk":100,"sidewalk_present":1,"canopy":0.0,"comfort":21.6,"name":"","road_type":"service","osm_id":562434800}},{"type":"Feature","geometry":{"type":"LineString","coordinates":[[-84.493207200352,33.78565040034573],[-84.49251839970435,33.786251300357264]]},"properties":{"overall":17,"safety":19,"sidewalk":0,"sidewalk_present":0,"canopy":32.2,"comfort":39.4,"name":"","road_type":"motorway_link","osm_id":746005897}},{"type":"Feature","geometry":{"type":"LineString","coordinates":[[-84.49251839970435,33.786251300357264],[-84.49247329960303,33.78626949993753],[-84.49242780020279,33.786285499776056],[-84.49236680008772,33.78630160033862],[-84.49230770024013,33.786315000237096],[-84.49223170033264,33.78632730026476]]},"properties":{"overall":37,"safety":0,"sidewalk":100,"sidewalk_present":1,"canopy":9.9,"comfort":25.6,"name":"","road_type":"motorway_link","osm_id":746005896}},{"type":"Feature","geometry":{"type":"LineString","coordinates":[[-84.49236920037828,33.7863952998033],[-84.49228789986665,33.78635379968813],[-84.49223170033264,33.78632730026476],[-84.49210779983508,33.78627280044941],[-84.4918998999604,33.78619800023756]]},"properties":{"overall":40,"safety":15,"sidewalk":100,"sidewalk_present":1,"canopy":3.8,"comfort":21.7,"name":"Donald Lee Hollowell Parkway Northwest","road_type":"primary","osm_id":746008995}},{"type":"Feature","geometry":{"type":"LineString","coordinates":[[-84.49251839970435,33.786251300357264],[-84.49245469982452,33.78630690004343],[-84.49242699980618,33.78633350019095],[-84.49241390028124,33.78634609969282],[-84.49236920037828,33.7863952998033]]},"properties":{"overall":37,"safety":0,"sidewalk":100,"sidewalk_present":1,"canopy":9.9,"comfort":25.0,"name":"","road_type":"motorway_link","osm_id":746005898}},{"type":"Feature","geometry":{"type":"LineString","coordinates":[[-84.49232499959902,33.78627950039868],[-84.49236680008772,33.78630160033862],[-84.49242699980618,33.78633350019095],[-84.49249109988432,33.786367400135475]]},"properties":{"overall":3,"safety":0,"sidewalk":0,"sidewalk_present":0,"canopy":10.0,"comfort":24.8,"name":"","road_type":"footway","osm_id":1355493830}},{"type":"Feature","geometry":{"type":"LineString","coordinates":[[-84.49274890044137,33.786609899627194],[-84.49249329962606,33.78646330024117],[-84.49236920037828,33.7863952998033]]},"properties":{"overall":44,"safety":19,"sidewalk":100,"sidewalk_present":1,"canopy":12.5,"comfort":24.6,"name":"Donald Lee Hollowell Parkway Northwest","road_type":"primary","osm_id":9263118}},{"type":"Feature","geometry":{"type":"LineString","coordinates":[[-84.49343780001442,33.787005700252905],[-84.49274890044137,33.786609899627194]]},"properties":{"overall":61,"safety":76,"sidewalk":100,"sidewalk_present":1,"canopy":6.5,"comfort":22.6,"name":"Donald Lee Hollowell Parkway Northwest","road_type":"primary","osm_id":41566960}}]}