{"type": "FeatureCollection", "features": [{"type": "Feature", "geometry": {"type": "Polygon", "coordinates": [[[-84.4441263, 33.8667467], [-84.4440804, 33.8667422], [-84.4440029, 33.8673174], [-84.4441187, 33.8672038], [-84.4441223, 33.8669908], [-84.444123, 33.8669446], [-84.4441263, 33.8667467]]]}, "properties": {"surface": "", "highway": "pedestrian"}}, {"type": "Feature", "geometry": {"type": "Polygon", "coordinates": [[[-84.4341504, 33.8444569], [-84.4341975, 33.8443118], [-84.4335844, 33.8441746], [-84.433494, 33.8442399], [-84.4334728, 33.8443051], [-84.4341504, 33.8444569]]]}, "properties": {"surface": "", "highway": "pedestrian"}}, {"type": "Feature", "geometry": {"type": "Polygon", "coordinates": [[[-84.4341036, 33.8423218], [-84.4341263, 33.8423373], [-84.4341551, 33.842342], [-84.4341862, 33.8423331], [-84.4342069, 33.8423117], [-84.4342107, 33.8422845], [-84.4341966, 33.8422598], [-84.4341688, 33.842245], [-84.4341394, 33.8422441], [-84.4341131, 33.8422549], [-84.4340961, 33.8422748], [-84.4340927, 33.8422991], [-84.4341036, 33.8423218]]]}, "properties": {"surface": "", "highway": "pedestrian"}}, {"type": "Feature", "geometry": {"type": "Polygon", "coordinates": [[[-84.4344028, 33.842871], [-84.434517, 33.8427321], [-84.4343962, 33.8426636], [-84.434282, 33.8428025], [-84.4344028, 33.842871]]]}, "properties": {"surface": "", "highway": "pedestrian"}}, {"type": "Feature", "geometry": {"type": "Polygon", "coordinates": [[[-84.4346367, 33.8426493], [-84.4347062, 33.8425638], [-84.4345192, 33.842459], [-84.4344497, 33.8425445], [-84.4346367, 33.8426493]]]}, "properties": {"surface": "", "highway": "pedestrian"}}, {"type": "Feature", "geometry": {"type": "Polygon", "coordinates": [[[-84.4335116, 33.8430532], [-84.4336175, 33.8429267], [-84.4334822, 33.8428486], [-84.4333763, 33.842975], [-84.4335116, 33.8430532]]]}, "properties": {"surface": "", "highway": "pedestrian"}}, {"type": "Feature", "geometry": {"type": "LineString", "coordinates": [[-84.382666, 33.8543122], [-84.3828093, 33.8544229], [-84.382843, 33.854449], [-84.3828948, 33.85448], [-84.3829509, 33.8545136], [-84.3830445, 33.8545701], [-84.3835661, 33.8548816], [-84.3837432, 33.8549876]]}, "properties": {"surface": "asphalt", "highway": "residential"}}, {"type": "Feature", "geometry": {"type": "LineString", "coordinates": [[-84.390659, 33.85875], [-84.390846, 33.858772], [-84.3910191, 33.8588094], [-84.3913108, 33.8588725], [-84.391341, 33.858879], [-84.39152, 33.858911], [-84.391644, 33.858922], [-84.391754, 33.858923], [-84.391867, 33.858913], [-84.3922473, 33.8588495], [-84.39234, 33.858834], [-84.3923923, 33.8588314], [-84.39242, 33.85883], [-84.39252, 33.858834], [-84.392619, 33.85885], [-84.3927489, 33.8588794], [-84.3930485, 33.8589472], [-84.3934025, 33.8590273], [-84.393618, 33.859076], [-84.3936917, 33.859087], [-84.3937909, 33.8590893], [-84.3939088, 33.8590791], [-84.393962, 33.8590716], [-84.394026, 33.8590662], [-84.3941004, 33.8590698], [-84.394168, 33.85908], [-84.3944531, 33.8591601], [-84.3950371, 33.8593238], [-84.395325, 33.859405], [-84.395451, 33.859432], [-84.3955149, 33.8594369], [-84.395619, 33.859445], [-84.396253, 33.8594338], [-84.3965816, 33.859428], [-84.396692, 33.859426], [-84.3970797, 33.8594316], [-84.3971644, 33.8594328], [-84.3976194, 33.8594395], [-84.397861, 33.859443], [-84.39816, 33.859431], [-84.3982881, 33.8594145], [-84.398408, 33.859399], [-84.398643, 33.859352], [-84.3988945, 33.859278], [-84.399374, 33.859137], [-84.3994403, 33.8591213], [-84.399724, 33.859054], [-84.399892, 33.859035], [-84.400076, 33.85904], [-84.400116, 33.8590469], [-84.400215, 33.859064], [-84.400332, 33.859109], [-84.4013544, 33.8596524], [-84.401442, 33.859699], [-84.401679, 33.859842], [-84.401956, 33.85997], [-84.402145, 33.860033], [-84.4022518, 33.8600559], [-84.4023105, 33.8600662], [-84.402406, 33.86008], [-84.402538, 33.860087], [-84.402688, 33.860082], [-84.4028506, 33.8600606], [-84.40287, 33.860058], [-84.4031404, 33.859996], [-84.403345, 33.859949], [-84.403456, 33.859932]]}, "properties": {"surface": "asphalt", "highway": "residential"}}, {"type": "Feature", "geometry": {"type": "LineString", "coordinates": [[-84.4137462, 33.8513319], [-84.4138437, 33.8512758], [-84.4139569, 33.8508996], [-84.414059, 33.8505632], [-84.414103, 33.850414], [-84.4143425, 33.8496659]]}, "properties": {"surface": "asphalt", "highway": "residential"}}, {"type": "Feature", "geometry": {"type": "LineString", "coordinates": [[-84.4277851, 33.8461273], [-84.428067, 33.8458492], [-84.4283628, 33.8455708]]}, "properties": {"surface": "asphalt", "highway": "secondary"}}, {"type": "Feature", "geometry": {"type": "LineString", "coordinates": [[-84.4334753, 33.8586567], [-84.4334397, 33.85888], [-84.4334248, 33.859038], [-84.4334136, 33.8591364], [-84.4333917, 33.8592538], [-84.4333628, 33.8593566], [-84.4333286, 33.8594779], [-84.4333031, 33.8595462], [-84.4331639, 33.8599184]]}, "properties": {"surface": "asphalt", "highway": "residential"}}, {"type": "Feature", "geometry": {"type": "LineString", "coordinates": [[-84.429033, 33.859998], [-84.4291341, 33.8600379], [-84.4292214, 33.8600161], [-84.4292526, 33.8599849], [-84.4292651, 33.8599399], [-84.4292171, 33.8598674], [-84.4291253, 33.8598456], [-84.4290423, 33.8598928], [-84.4290205, 33.8599436], [-84.429033, 33.859998]]}, "properties": {"surface": "", "highway": "residential"}}, {"type": "Feature", "geometry": {"type": "LineString", "coordinates": [[-84.4230198, 33.8428524], [-84.4229706, 33.8429076], [-84.422748, 33.8431783], [-84.422689, 33.843263], [-84.422628, 33.843384], [-84.422588, 33.843511], [-84.422567, 33.843675], [-84.4225639, 33.8442318]]}, "properties": {"surface": "asphalt", "highway": "residential"}}, {"type": "Feature", "geometry": {"type": "LineString", "coordinates": [[-84.426714, 33.87013], [-84.426709, 33.870774], [-84.4267085, 33.8710968], [-84.4267075, 33.8718338], [-84.4267072, 33.8720297], [-84.4267057, 33.8730844], [-84.4267052, 33.8734189], [-84.4267022, 33.8739632], [-84.4266898, 33.8744977], [-84.4266893, 33.8745504], [-84.4266846, 33.874859], [-84.4266784, 33.8752701], [-84.4266797, 33.875509], [-84.4266473, 33.8758647], [-84.4266264, 33.8759952], [-84.4265894, 33.8761209], [-84.42654, 33.876226], [-84.426475, 33.876317], [-84.4263583, 33.8764333], [-84.4261055, 33.8766407], [-84.4259311, 33.8767841], [-84.42573, 33.876981], [-84.425486, 33.877304], [-84.4253229, 33.8775405], [-84.4253082, 33.8775618], [-84.4252001, 33.877744], [-84.4251637, 33.8778278], [-84.4251178, 33.8779333], [-84.424976, 33.8782594], [-84.4249483, 33.8783231], [-84.4248939, 33.8784483], [-84.424701, 33.878903], [-84.4245011, 33.8793374], [-84.4244677, 33.8794101], [-84.4243763, 33.8795967], [-84.4243402, 33.8796651], [-84.4242947, 33.8797769], [-84.4242739, 33.8798691], [-84.4242729, 33.8799273], [-84.4242856, 33.8799846]]}, "properties": {"surface": "asphalt", "highway": "secondary"}}, {"type": "Feature", "geometry": {"type": "LineString", "coordinates": [[-84.4245321, 33.859851], [-84.424551, 33.859914], [-84.4247142, 33.8604161], [-84.424786, 33.860637], [-84.424811, 33.860737], [-84.424821, 33.860905], [-84.424741, 33.86163], [-84.424741, 33.861902], [-84.4247545, 33.8620023], [-84.424763, 33.862065], [-84.424826, 33.862365], [-84.424877, 33.862466], [-84.424951, 33.862549], [-84.425075, 33.862633], [-84.425175, 33.862684], [-84.425295, 33.862722], [-84.425421, 33.862741], [-84.425656, 33.862738], [-84.426372, 33.862694], [-84.426853, 33.862636], [-84.426922, 33.8626326], [-84.426976, 33.86263], [-84.427139, 33.862645], [-84.4273607, 33.8626873], [-84.427705, 33.862753], [-84.427928, 33.86279], [-84.428094, 33.862809], [-84.428278, 33.862818], [-84.428634, 33.862819], [-84.42878, 33.862842], [-84.4289, 33.862886], [-84.428982, 33.862945], [-84.429024, 33.862999], [-84.429085, 33.863137], [-84.42911, 33.863246], [-84.4291111, 33.8632679], [-84.429118, 33.863401], [-84.429063, 33.863619], [-84.4290091, 33.8637648], [-84.428992, 33.863811], [-84.4288722, 33.8640661], [-84.42883, 33.864156], [-84.4286495, 33.8644946], [-84.428613, 33.864563], [-84.42848, 33.864795], [-84.428392, 33.864929], [-84.4283483, 33.8649866], [-84.4283073, 33.8650406], [-84.42815, 33.865248], [-84.428121, 33.865316], [-84.42811, 33.865395], [-84.428126, 33.86549], [-84.428173, 33.865579], [-84.428538, 33.865934], [-84.428628, 33.866038], [-84.428697, 33.866141], [-84.428758, 33.866276], [-84.4287651, 33.8662987], [-84.428863, 33.866614], [-84.4289388, 33.866821], [-84.428978, 33.866928], [-84.429033, 33.867046], [-84.4290569, 33.8670862], [-84.429133, 33.867214], [-84.4292016, 33.8673467]]}, "properties": {"surface": "asphalt", "highway": "tertiary"}}, {"type": "Feature", "geometry": {"type": "LineString", "coordinates": [[-84.4535141, 33.8673703], [-84.4545671, 33.8685218]]}, "properties": {"surface": "asphalt", "highway": "primary"}}, {"type": "Feature", "geometry": {"type": "LineString", "coordinates": [[-84.4400067, 33.8641187], [-84.4400228, 33.8640298], [-84.4400363, 33.8639336], [-84.4400708, 33.8637182], [-84.4400906, 33.8635822], [-84.4400774, 33.863536], [-84.4400465, 33.8634273]]}, "properties": {"surface": "asphalt", "highway": "secondary"}}, {"type": "Feature", "geometry": {"type": "LineString", "coordinates": [[-84.4309625, 33.8534765], [-84.4310133, 33.8537366]]}, "properties": {"surface": "asphalt", "highway": "primary"}}, {"type": "Feature", "geometry": {"type": "LineString", "coordinates": [[-84.4311326, 33.8543465], [-84.4311558, 33.854457], [-84.4311599, 33.8544766], [-84.4312408, 33.8549255], [-84.4312969, 33.8550988], [-84.4313586, 33.8552512]]}, "properties": {"surface": "asphalt", "highway": "primary"}}, {"type": "Feature", "geometry": {"type": "LineString", "coordinates": [[-84.4318791, 33.8566183], [-84.4319518, 33.8567129], [-84.4320275, 33.8568081], [-84.432165, 33.8569822]]}, "properties": {"surface": "asphalt", "highway": "primary"}}, {"type": "Feature", "geometry": {"type": "LineString", "coordinates": [[-84.4316022, 33.8650278], [-84.4316048, 33.8650708], [-84.4316237, 33.8651835], [-84.4316417, 33.8652474], [-84.4316706, 33.8653129], [-84.4320056, 33.8657796], [-84.432084, 33.8658888], [-84.4323844, 33.8663172], [-84.4324811, 33.8664551], [-84.4325544, 33.8665682], [-84.4326246, 33.8667118], [-84.4326413, 33.8667636], [-84.4326516, 33.8667957], [-84.4326678, 33.8668764], [-84.432677, 33.867043], [-84.4326844, 33.8672366]]}, "properties": {"surface": "asphalt", "highway": "residential"}}, {"type": "Feature", "geometry": {"type": "LineString", "coordinates": [[-84.4316068, 33.8649767], [-84.4316022, 33.8650278]]}, "properties": {"surface": "asphalt", "highway": "residential"}}, {"type": "Feature", "geometry": {"type": "LineString", "coordinates": [[-84.4326844, 33.8672366], [-84.4326844, 33.8673015]]}, "properties": {"surface": "asphalt", "highway": "residential"}}, {"type": "Feature", "geometry": {"type": "LineString", "coordinates": [[-84.4319265, 33.8643274], [-84.4318921, 33.8643888]]}, "properties": {"surface": "asphalt", "highway": "residential"}}, {"type": "Feature", "geometry": {"type": "LineString", "coordinates": [[-84.4324301, 33.8633532], [-84.4323962, 33.8634253]]}, "properties": {"surface": "asphalt", "highway": "residential"}}, {"type": "Feature", "geometry": {"type": "LineString", "coordinates": [[-84.4329918, 33.86188], [-84.4329891, 33.8619545]]}, "properties": {"surface": "asphalt", "highway": "residential"}}, {"type": "Feature", "geometry": {"type": "LineString", "coordinates": [[-84.4331639, 33.8599184], [-84.4331413, 33.8599798]]}, "properties": {"surface": "asphalt", "highway": "residential"}}, {"type": "Feature", "geometry": {"type": "LineString", "coordinates": [[-84.432949, 33.8606077], [-84.4329497, 33.8606679]]}, "properties": {"surface": "asphalt", "highway": "residential"}}, {"type": "Feature", "geometry": {"type": "LineString", "coordinates": [[-84.4326844, 33.8673015], [-84.4326732, 33.8679797], [-84.4326643, 33.8680973]]}, "properties": {"surface": "asphalt", "highway": "residential"}}, {"type": "Feature", "geometry": {"type": "LineString", "coordinates": [[-84.4318921, 33.8643888], [-84.4318669, 33.8644339], [-84.4316607, 33.8648385], [-84.4316282, 33.8649017], [-84.4316068, 33.8649767]]}, "properties": {"surface": "asphalt", "highway": "residential"}}, {"type": "Feature", "geometry": {"type": "LineString", "coordinates": [[-84.4323962, 33.8634253], [-84.4323462, 33.8635336], [-84.4322805, 33.863676], [-84.4321985, 33.8638268], [-84.4321666, 33.8638855], [-84.4319265, 33.8643274]]}, "properties": {"surface": "asphalt", "highway": "residential"}}, {"type": "Feature", "geometry": {"type": "LineString", "coordinates": [[-84.4329497, 33.8606679], [-84.4329731, 33.8612961], [-84.4329745, 33.861326], [-84.4329847, 33.8615504], [-84.4329912, 33.8617738], [-84.4329921, 33.861803], [-84.4329918, 33.86188]]}, "properties": {"surface": "asphalt", "highway": "residential"}}, {"type": "Feature", "geometry": {"type": "LineString", "coordinates": [[-84.4331413, 33.8599798], [-84.4330656, 33.8601774], [-84.4330374, 33.8602509], [-84.4330193, 33.8603023], [-84.4329693, 33.860444], [-84.4329509, 33.8605644], [-84.432949, 33.8606077]]}, "properties": {"surface": "asphalt", "highway": "residential"}}, {"type": "Feature", "geometry": {"type": "LineString", "coordinates": [[-84.4329891, 33.8619545], [-84.432974, 33.8620319], [-84.4329557, 33.862106], [-84.4329288, 33.8622138], [-84.4328944, 33.862301], [-84.4328453, 33.8624123], [-84.4326073, 33.8629516], [-84.4325824, 33.8630079], [-84.4324301, 33.8633532]]}, "properties": {"surface": "asphalt", "highway": "residential"}}, {"type": "Feature", "geometry": {"type": "LineString", "coordinates": [[-84.4326643, 33.8680973], [-84.433141, 33.86821], [-84.4333595, 33.8682572], [-84.4335033, 33.8682837], [-84.433565, 33.868295], [-84.433735, 33.8683214], [-84.433913, 33.868339], [-84.433993, 33.868343], [-84.4340724, 33.8683404], [-84.4341693, 33.8683284], [-84.4342682, 33.8683044], [-84.4343209, 33.8682878], [-84.4343626, 33.8682747], [-84.4344559, 33.8682384], [-84.4345172, 33.8682102], [-84.4345695, 33.8681862], [-84.434722, 33.8681053], [-84.4351049, 33.8679023], [-84.435792, 33.867538], [-84.436478, 33.867182], [-84.4364878, 33.8671773], [-84.4375093, 33.8666872], [-84.43779, 33.866581], [-84.438111, 33.866479], [-84.438244, 33.866437], [-84.438387, 33.866377], [-84.438524, 33.866308], [-84.438712, 33.866193], [-84.438868, 33.866079], [-84.439015, 33.865947], [-84.439082, 33.8658688]]}, "properties": {"surface": "asphalt", "highway": "secondary"}}, {"type": "Feature", "geometry": {"type": "LineString", "coordinates": [[-84.4141883, 33.8496219], [-84.4141275, 33.8498125], [-84.4139464, 33.8503798], [-84.4136871, 33.8512416], [-84.4137462, 33.8513319]]}, "properties": {"surface": "asphalt", "highway": "residential"}}, {"type": "Feature", "geometry": {"type": "LineString", "coordinates": [[-84.4520906, 33.8657153], [-84.4524943, 33.8662458], [-84.4526263, 33.8663984]]}, "properties": {"surface": "asphalt", "highway": "primary"}}, {"type": "Feature", "geometry": {"type": "LineString", "coordinates": [[-84.429033, 33.859998], [-84.428733, 33.860157], [-84.428577, 33.860265], [-84.4285329, 33.8603054], [-84.428495, 33.86034], [-84.428423, 33.860422], [-84.428361, 33.860509], [-84.428311, 33.860601], [-84.4282971, 33.860638], [-84.428256, 33.860747], [-84.428168, 33.8610673], [-84.4278178, 33.8623425], [-84.427705, 33.862753]]}, "properties": {"surface": "asphalt", "highway": "residential"}}, {"type": "Feature", "geometry": {"type": "LineString", "coordinates": [[-84.4283628, 33.8455708], [-84.4287446, 33.8452285], [-84.4287942, 33.8451636], [-84.428835, 33.8450851], [-84.4288501, 33.8450042], [-84.4288445, 33.8449229], [-84.4288271, 33.8448433], [-84.4287982, 33.8447672], [-84.4286892, 33.8445642], [-84.4286152, 33.8444264], [-84.4285294, 33.8442667], [-84.4284086, 33.8439999], [-84.4283196, 33.8437655], [-84.4282381, 33.8435512], [-84.4282, 33.8434508], [-84.4280672, 33.8430917], [-84.4280173, 33.8429047], [-84.4278973, 33.842518], [-84.4277894, 33.8421679], [-84.4277591, 33.8420697], [-84.4276938, 33.8418508], [-84.4276872, 33.8418286], [-84.4275531, 33.8413794], [-84.4274865, 33.8411811], [-84.4274347, 33.8410461], [-84.4274201, 33.841008], [-84.4274163, 33.840998], [-84.4273401, 33.8408183], [-84.427324, 33.8407872], [-84.4272223, 33.8405904], [-84.4271489, 33.8404783], [-84.4270646, 33.8403871], [-84.4269347, 33.8402605], [-84.4266586, 33.840031], [-84.426345, 33.839825], [-84.426185, 33.839736], [-84.426092, 33.839701]]}, "properties": {"surface": "asphalt", "highway": "secondary"}}, {"type": "Feature", "geometry": {"type": "LineString", "coordinates": [[-84.4420543, 33.8538886], [-84.4428564, 33.8546164], [-84.442885, 33.854644], [-84.443223, 33.854991], [-84.443676, 33.855423], [-84.4436841, 33.8554322], [-84.4437153, 33.8554679], [-84.443751, 33.855508], [-84.443812, 33.855601], [-84.443852, 33.855688], [-84.443882, 33.855791], [-84.4439278, 33.8561372]]}, "properties": {"surface": "asphalt", "highway": "residential"}}, {"type": "Feature", "geometry": {"type": "LineString", "coordinates": [[-84.4416089, 33.8449121], [-84.4416556, 33.8449947], [-84.441749, 33.8451703], [-84.441828, 33.845341], [-84.441861, 33.84546], [-84.441871, 33.845574], [-84.4418503, 33.8456548], [-84.4418473, 33.8456817], [-84.4418429, 33.8457207], [-84.4418244, 33.8458392], [-84.4418215, 33.8458576], [-84.441793, 33.8459714]]}, "properties": {"surface": "asphalt", "highway": "residential"}}, {"type": "Feature", "geometry": {"type": "LineString", "coordinates": [[-84.4412389, 33.8516586], [-84.4412682, 33.8517171]]}, "properties": {"surface": "asphalt", "highway": "residential"}}, {"type": "Feature", "geometry": {"type": "LineString", "coordinates": [[-84.4408286, 33.8506575], [-84.4408356, 33.8507097]]}, "properties": {"surface": "asphalt", "highway": "residential"}}, {"type": "Feature", "geometry": {"type": "LineString", "coordinates": [[-84.4416527, 33.8526307], [-84.4416636, 33.8526898]]}, "properties": {"surface": "asphalt", "highway": "residential"}}, {"type": "Feature", "geometry": {"type": "LineString", "coordinates": [[-84.441793, 33.8459714], [-84.4417773, 33.8460381]]}, "properties": {"surface": "asphalt", "highway": "residential"}}, {"type": "Feature", "geometry": {"type": "LineString", "coordinates": [[-84.4415359, 33.847012], [-84.4415323, 33.8470724]]}, "properties": {"surface": "asphalt", "highway": "residential"}}, {"type": "Feature", "geometry": {"type": "LineString", "coordinates": [[-84.4410739, 33.8493826], [-84.4410514, 33.8494444]]}, "properties": {"surface": "asphalt", "highway": "residential"}}, {"type": "Feature", "geometry": {"type": "LineString", "coordinates": [[-84.4415352, 33.848064], [-84.4415239, 33.8481264]]}, "properties": {"surface": "asphalt", "highway": "residential"}}, {"type": "Feature", "geometry": {"type": "LineString", "coordinates": [[-84.4417773, 33.8460381], [-84.4416904, 33.8463381], [-84.4416573, 33.8464525], [-84.4416267, 33.8466299], [-84.4415803, 33.8468034], [-84.4415359, 33.847012]]}, "properties": {"surface": "asphalt", "highway": "residential"}}, {"type": "Feature", "geometry": {"type": "LineString", "coordinates": [[-84.4408356, 33.8507097], [-84.4408607, 33.8508172], [-84.44087, 33.850872], [-84.4409098, 33.850976], [-84.440916, 33.850988], [-84.4412012, 33.8515804], [-84.4412389, 33.8516586]]}, "properties": {"surface": "asphalt", "highway": "residential"}}, {"type": "Feature", "geometry": {"type": "LineString", "coordinates": [[-84.4415239, 33.8481264], [-84.4414816, 33.8482969], [-84.4413834, 33.8485806], [-84.4411084, 33.8492478], [-84.4410739, 33.8493826]]}, "properties": {"surface": "asphalt", "highway": "residential"}}, {"type": "Feature", "geometry": {"type": "LineString", "coordinates": [[-84.4412682, 33.8517171], [-84.441506, 33.8522298], [-84.4415847, 33.8524089], [-84.4416261, 33.8525201], [-84.4416527, 33.8526307]]}, "properties": {"surface": "asphalt", "highway": "residential"}}, {"type": "Feature", "geometry": {"type": "LineString", "coordinates": [[-84.4416636, 33.8526898], [-84.4417053, 33.8530302], [-84.441761, 33.853353], [-84.441805, 33.853502], [-84.441886, 33.853652], [-84.4420543, 33.8538886]]}, "properties": {"surface": "asphalt", "highway": "residential"}}, {"type": "Feature", "geometry": {"type": "LineString", "coordinates": [[-84.4410514, 33.8494444], [-84.4409347, 33.8497831], [-84.4409119, 33.8498442], [-84.4408433, 33.8500814], [-84.4408241, 33.8501934], [-84.4408191, 33.8503969], [-84.4408181, 33.8504412], [-84.440817, 33.8504853], [-84.4408286, 33.8506575]]}, "properties": {"surface": "asphalt", "highway": "residential"}}, {"type": "Feature", "geometry": {"type": "LineString", "coordinates": [[-84.4415323, 33.8470724], [-84.4415288, 33.8472129], [-84.4415279, 33.8472508], [-84.4415516, 33.8475013], [-84.4415596, 33.8477421], [-84.4415565, 33.8478186], [-84.4415529, 33.8479053], [-84.4415352, 33.848064]]}, "properties": {"surface": "asphalt", "highway": "residential"}}, {"type": "Feature", "geometry": {"type": "LineString", "coordinates": [[-84.407279, 33.844522], [-84.4072793, 33.8453065], [-84.4072798, 33.8468433]]}, "properties": {"surface": "asphalt", "highway": "tertiary"}}, {"type": "Feature", "geometry": {"type": "LineString", "coordinates": [[-84.4072561, 33.8487694], [-84.4072464, 33.8493731], [-84.407244, 33.849521], [-84.407227, 33.850579], [-84.4072241, 33.8509217], [-84.4072221, 33.8511544], [-84.4072208, 33.8513072], [-84.407215, 33.851987], [-84.4072, 33.852524], [-84.407187, 33.852618], [-84.4071728, 33.8526624], [-84.407157, 33.852712], [-84.40711, 33.852803], [-84.40703, 33.852917], [-84.406942, 33.853009], [-84.405822, 33.853836], [-84.405692, 33.853953], [-84.405633, 33.854027], [-84.405606, 33.85406], [-84.405546, 33.854161], [-84.405495, 33.854283], [-84.405468, 33.854393], [-84.405458, 33.85449], [-84.4054518, 33.8546234], [-84.4054361, 33.8549587], [-84.4054232, 33.8552363], [-84.4054224, 33.855253], [-84.405402, 33.85569], [-84.4053984, 33.8557119], [-84.405367, 33.855903], [-84.4053563, 33.8559372], [-84.405302, 33.856111], [-84.405197, 33.856333], [-84.4051056, 33.8564751], [-84.405076, 33.856521], [-84.404974, 33.856648], [-84.404602, 33.85706], [-84.404422, 33.857301], [-84.4043706, 33.8573869], [-84.404324, 33.857465], [-84.4039337, 33.8581917], [-84.403897, 33.85826], [-84.4038368, 33.858387], [-84.4037057, 33.8586756], [-84.4036754, 33.8587422], [-84.403596, 33.858917], [-84.40345, 33.859317], [-84.403426, 33.859441], [-84.403419, 33.859563], [-84.4034242, 33.8596289], [-84.40344, 33.859831], [-84.4034451, 33.859863], [-84.403456, 33.859932]]}, "properties": {"surface": "asphalt", "highway": "tertiary"}}, {"type": "Feature", "geometry": {"type": "LineString", "coordinates": [[-84.4072798, 33.8468433], [-84.40728, 33.8472127], [-84.40728, 33.847282]]}, "properties": {"surface": "asphalt", "highway": "tertiary"}}, {"type": "Feature", "geometry": {"type": "LineString", "coordinates": [[-84.3837432, 33.8549876], [-84.3838509, 33.8550443], [-84.383966, 33.855094], [-84.3840209, 33.8551089], [-84.384139, 33.855141], [-84.384283, 33.855161], [-84.384448, 33.855164], [-84.3849525, 33.8551261], [-84.3852603, 33.855103], [-84.385508, 33.8550844], [-84.3855586, 33.8550806], [-84.385779, 33.855064], [-84.385973, 33.855076], [-84.386167, 33.85512], [-84.3863824, 33.8551752], [-84.3865207, 33.8552756], [-84.3866506, 33.8554091], [-84.386679, 33.855432], [-84.3868412, 33.8555799], [-84.387068, 33.8557868], [-84.387106, 33.8558204], [-84.3872976, 33.8559852], [-84.3873281, 33.8560124], [-84.387395, 33.856072], [-84.38759, 33.856231], [-84.3876107, 33.8562455], [-84.388221, 33.856674], [-84.388306, 33.8567346], [-84.388374, 33.856783], [-84.388498, 33.856888], [-84.388601, 33.856993], [-84.38882, 33.857249], [-84.38883, 33.8572591], [-84.388923, 33.857346], [-84.3889999, 33.8574086], [-84.389052, 33.857451], [-84.389181, 33.857549], [-84.389609, 33.857838], [-84.3898158, 33.8580042], [-84.390011, 33.858161], [-84.3902528, 33.8583552], [-84.3906, 33.858634], [-84.3906307, 33.8586717], [-84.390644, 33.858688], [-84.390659, 33.85875]]}, "properties": {"surface": "asphalt", "highway": "residential"}}, {"type": "Feature", "geometry": {"type": "LineString", "coordinates": [[-84.4223514, 33.8493982], [-84.4223435, 33.8494818], [-84.422329, 33.849561], [-84.4223061, 33.8496325], [-84.422287, 33.849692], [-84.4219986, 33.8502555], [-84.421935, 33.850426], [-84.4219, 33.850614], [-84.421875, 33.8510028], [-84.421867, 33.851128], [-84.421849, 33.851231]]}, "properties": {"surface": "asphalt", "highway": "residential"}}, {"type": "Feature", "geometry": {"type": "LineString", "coordinates": [[-84.4223487, 33.8493389], [-84.4223514, 33.8493982]]}, "properties": {"surface": "asphalt", "highway": "residential"}}, {"type": "Feature", "geometry": {"type": "LineString", "coordinates": [[-84.4220541, 33.8477842], [-84.422011, 33.847886], [-84.421977, 33.847979], [-84.421953, 33.848102], [-84.421951, 33.848212], [-84.421966, 33.848322], [-84.421999, 33.848426], [-84.42213, 33.848716], [-84.422221, 33.84888], [-84.422311, 33.849124], [-84.4223386, 33.8492528], [-84.4223487, 33.8493389]]}, "properties": {"surface": "asphalt", "highway": "residential"}}, {"type": "Feature", "geometry": {"type": "LineString", "coordinates": [[-84.4220803, 33.847738], [-84.4220541, 33.8477842]]}, "properties": {"surface": "asphalt", "highway": "residential"}}, {"type": "Feature", "geometry": {"type": "LineString", "coordinates": [[-84.4225639, 33.8442318], [-84.4225636, 33.8443]]}, "properties": {"surface": "asphalt", "highway": "residential"}}, {"type": "Feature", "geometry": {"type": "LineString", "coordinates": [[-84.4225636, 33.8443], [-84.422559, 33.845125], [-84.422543, 33.845319], [-84.422515, 33.845458], [-84.422473, 33.845595], [-84.4224285, 33.8457009], [-84.422415, 33.845733], [-84.422241, 33.846084], [-84.422233, 33.846107], [-84.422201, 33.846204], [-84.422177, 33.846327], [-84.422168, 33.846444], [-84.422164, 33.847496], [-84.422128, 33.8476484], [-84.4220803, 33.847738]]}, "properties": {"surface": "asphalt", "highway": "residential"}}, {"type": "Feature", "geometry": {"type": "LineString", "coordinates": [[-84.4399711, 33.8642575], [-84.4400067, 33.8641187]]}, "properties": {"surface": "asphalt", "highway": "secondary"}}, {"type": "Feature", "geometry": {"type": "LineString", "coordinates": [[-84.439705, 33.8648131], [-84.4398162, 33.8646356], [-84.4398765, 33.8645156]]}, "properties": {"surface": "asphalt", "highway": "secondary"}}, {"type": "Feature", "geometry": {"type": "LineString", "coordinates": [[-84.4398765, 33.8645156], [-84.4399128, 33.8644285], [-84.4399482, 33.8643319], [-84.4399711, 33.8642575]]}, "properties": {"surface": "asphalt", "highway": "secondary"}}, {"type": "Feature", "geometry": {"type": "LineString", "coordinates": [[-84.4311212, 33.8537189], [-84.4310636, 33.8534617]]}, "properties": {"surface": "asphalt", "highway": "primary"}}, {"type": "Feature", "geometry": {"type": "LineString", "coordinates": [[-84.4313586, 33.8552512], [-84.4314122, 33.8554808], [-84.4314727, 33.8556992]]}, "properties": {"surface": "asphalt", "highway": "primary"}}, {"type": "Feature", "geometry": {"type": "LineString", "coordinates": [[-84.4309043, 33.8529923], [-84.4309254, 33.8532356], [-84.4309625, 33.8534765]]}, "properties": {"surface": "asphalt", "highway": "primary"}}, {"type": "Feature", "geometry": {"type": "LineString", "coordinates": [[-84.4310636, 33.8534617], [-84.4309925, 33.8532255], [-84.4309043, 33.8529923]]}, "properties": {"surface": "asphalt", "highway": "primary"}}, {"type": "Feature", "geometry": {"type": "LineString", "coordinates": [[-84.4313586, 33.8552512], [-84.4313519, 33.8550933], [-84.4313331, 33.8549184], [-84.4312513, 33.854429], [-84.4312352, 33.8543326], [-84.4311212, 33.8537189]]}, "properties": {"surface": "asphalt", "highway": "primary"}}, {"type": "Feature", "geometry": {"type": "LineString", "coordinates": [[-84.439082, 33.8658688], [-84.439137, 33.8657997], [-84.4392293, 33.8656707]]}, "properties": {"surface": "asphalt", "highway": "secondary"}}, {"type": "Feature", "geometry": {"type": "LineString", "coordinates": [[-84.4392293, 33.8656707], [-84.4394577, 33.8653061]]}, "properties": {"surface": "asphalt", "highway": "secondary"}}, {"type": "Feature", "geometry": {"type": "LineString", "coordinates": [[-84.3876191, 33.867634], [-84.3876153, 33.867764], [-84.3876193, 33.8678586], [-84.3876312, 33.8680666], [-84.3876179, 33.8682262], [-84.3876444, 33.8683165], [-84.3876365, 33.8685311], [-84.3876577, 33.8687138], [-84.3876577, 33.8688514], [-84.387655, 33.8689098], [-84.3876696, 33.869164], [-84.3876656, 33.8692939], [-84.3876322, 33.8694038], [-84.3876112, 33.8695749], [-84.387615, 33.8697639], [-84.3876312, 33.8699774], [-84.3876459, 33.8700642], [-84.3876672, 33.8701867], [-84.3876712, 33.870263], [-84.3876636, 33.8703324], [-84.3876153, 33.8704452], [-84.3876034, 33.8705114], [-84.387606, 33.8708865], [-84.3875994, 33.871154], [-84.3875924, 33.871337], [-84.3876011, 33.8713834], [-84.3876411, 33.8714463], [-84.387659, 33.8714827], [-84.3876696, 33.8718463], [-84.3876338, 33.8723064], [-84.3876086, 33.8726321], [-84.3876193, 33.8731648], [-84.3876193, 33.873407], [-84.3876325, 33.8737691], [-84.3876378, 33.8741037], [-84.3877014, 33.8742137], [-84.3877863, 33.8742401], [-84.3879082, 33.8742049], [-84.3879984, 33.8741961], [-84.3880302, 33.8742445], [-84.387956, 33.8743326], [-84.3877014, 33.8744603], [-84.3876696, 33.8746187], [-84.3876432, 33.8747409], [-84.3876272, 33.8748146], [-84.3875954, 33.8749049], [-84.3875795, 33.8751052], [-84.3875821, 33.8752703], [-84.3875689, 33.8754904], [-84.3875212, 33.8758712], [-84.3875318, 33.8761419], [-84.387606, 33.8763423], [-84.3876564, 33.876536], [-84.3875896, 33.8767752], [-84.387536, 33.8769305], [-84.3874803, 33.8770101], [-84.3876681, 33.8770179], [-84.3878672, 33.8769973], [-84.3881018, 33.8769035], [-84.3884014, 33.8767671], [-84.3887619, 33.8765932], [-84.3892365, 33.8764479], [-84.3894777, 33.8763885], [-84.3901379, 33.8761948], [-84.390684, 33.8760737], [-84.3911878, 33.8759482], [-84.3915033, 33.875858], [-84.3917419, 33.8757788], [-84.39184, 33.8757303], [-84.3918774, 33.8757007], [-84.392007, 33.8755983], [-84.3921846, 33.8754068], [-84.3923304, 33.8752197], [-84.3925717, 33.8749269], [-84.392866, 33.8746518], [-84.3930728, 33.8744933], [-84.3932849, 33.874315], [-84.3933823, 33.8742392], [-84.3934519, 33.8741851], [-84.3937329, 33.8740728], [-84.3940325, 33.8740244], [-84.3942526, 33.8740112], [-84.3945442, 33.873987], [-84.3947351, 33.873965], [-84.3949127, 33.8738813], [-84.3950718, 33.8737625], [-84.3953952, 33.8735556], [-84.3956047, 33.8734411], [-84.3957213, 33.8733817], [-84.3958247, 33.8732474], [-84.3958884, 33.8731263], [-84.3958937, 33.872992], [-84.3958804, 33.8728578], [-84.3957956, 33.8727697], [-84.3956524, 33.8726398], [-84.3955145, 33.8725276], [-84.3952918, 33.8723339], [-84.3951434, 33.8721952], [-84.3949999, 33.872091], [-84.3948332, 33.8719354], [-84.3946821, 33.8718078], [-84.3945681, 33.8716603], [-84.3944249, 33.8714754], [-84.3943189, 33.8712707], [-84.3942155, 33.8710153], [-84.3940325, 33.8705552], [-84.3938788, 33.8701524], [-84.3936587, 33.8696593], [-84.3934996, 33.8692455], [-84.3933565, 33.8688911], [-84.3931179, 33.8683605], [-84.3929694, 33.8679973], [-84.3928739, 33.8677904], [-84.392744, 33.8675042], [-84.3925982, 33.8672246], [-84.3925001, 33.8669957], [-84.3922774, 33.8664321], [-84.3920653, 33.8660315], [-84.3918718, 33.865611], [-84.3916491, 33.8649902], [-84.3914609, 33.8645389], [-84.3913985, 33.8643927], [-84.3913256, 33.8642219], [-84.3911029, 33.8637728], [-84.3908166, 33.8633083], [-84.3905753, 33.8630199], [-84.3903049, 33.8627733], [-84.3900212, 33.8625047], [-84.3898092, 33.8623308], [-84.3896236, 33.8622163], [-84.3893293, 33.8621635], [-84.3890721, 33.8621899], [-84.3889343, 33.8624013], [-84.3888653, 33.86265], [-84.3888865, 33.8631079], [-84.3887672, 33.8633127], [-84.3887381, 33.863469], [-84.3887195, 33.86372], [-84.3885657, 33.8638564], [-84.3882582, 33.8639973], [-84.3883006, 33.8641955], [-84.3884279, 33.8643628], [-84.3883111, 33.8645176], [-84.3882386, 33.8646751], [-84.3883271, 33.865054], [-84.3883377, 33.8652742], [-84.3882317, 33.8654811], [-84.3881482, 33.8655967], [-84.3880541, 33.8656902], [-84.3879308, 33.865819], [-84.3878565, 33.8659302], [-84.387785, 33.8660546], [-84.3877584, 33.8661459], [-84.3876776, 33.8663397], [-84.3876789, 33.8665411], [-84.3876656, 33.8666721], [-84.387659, 33.8669517], [-84.3876325, 33.8671685], [-84.387629, 33.8673639]]}, "properties": {"surface": "concrete", "highway": "path"}}, {"type": "Feature", "geometry": {"type": "LineString", "coordinates": [[-84.3874803, 33.8770101], [-84.3874793, 33.8770611], [-84.3874776, 33.8771499], [-84.3878679, 33.8771087], [-84.3880422, 33.8770741], [-84.3881234, 33.877053], [-84.3882099, 33.8770162], [-84.3884093, 33.8771126], [-84.3885604, 33.8772733], [-84.3886638, 33.8775], [-84.3887487, 33.8775947], [-84.3889223, 33.8776523], [-84.3892195, 33.8775979], [-84.3893763, 33.8774912], [-84.3895361, 33.877401], [-84.3897535, 33.8773372], [-84.3898993, 33.8773416], [-84.3900425, 33.8773592], [-84.390114, 33.8774076], [-84.3902148, 33.8775133], [-84.390266, 33.877632]]}, "properties": {"surface": "", "highway": "path"}}, {"type": "Feature", "geometry": {"type": "LineString", "coordinates": [[-84.3943659, 33.8773525], [-84.3945177, 33.877313], [-84.3946874, 33.8772403], [-84.3947298, 33.8771787], [-84.3947218, 33.8770642], [-84.3946953, 33.8768705], [-84.3947616, 33.8767275], [-84.3949604, 33.8764413], [-84.3949764, 33.876241], [-84.3949711, 33.8760803], [-84.3949923, 33.875946], [-84.395093, 33.8758272], [-84.3952097, 33.8757744], [-84.3953979, 33.8757105], [-84.3955403, 33.8756742], [-84.3956034, 33.8756527], [-84.3956443, 33.8756409], [-84.3956766, 33.8756315], [-84.3955623, 33.8751602], [-84.3954324, 33.8746628], [-84.3953502, 33.8743942], [-84.3952441, 33.8740838], [-84.3952335, 33.8739232], [-84.3952733, 33.8738263], [-84.3954218, 33.873714], [-84.39561, 33.8735974], [-84.3957137, 33.8735304], [-84.3958539, 33.8734411], [-84.396066, 33.8733134], [-84.3962436, 33.8732408], [-84.3963391, 33.8732386], [-84.3965167, 33.8733552], [-84.3969064, 33.8736744], [-84.3973306, 33.8739914], [-84.3977389, 33.8743216], [-84.3977899, 33.8743779], [-84.3979165, 33.8745175], [-84.3980465, 33.8748234], [-84.3980915, 33.8750568], [-84.3980438, 33.8751866], [-84.3978476, 33.875497], [-84.3977143, 33.8758151], [-84.3976594, 33.875946], [-84.3975215, 33.8763048], [-84.3973835, 33.876655], [-84.397403, 33.8766707], [-84.3973826, 33.8767592], [-84.3973658, 33.8768322], [-84.3972198, 33.8768229], [-84.397081, 33.8768093], [-84.3970841, 33.8769608], [-84.3967668, 33.8774384]]}, "properties": {"surface": "", "highway": "path"}}, {"type": "Feature", "geometry": {"type": "LineString", "coordinates": [[-84.403456, 33.859932], [-84.403558, 33.860393], [-84.4036496, 33.8606792]]}, "properties": {"surface": "asphalt", "highway": "tertiary"}}, {"type": "Feature", "geometry": {"type": "LineString", "coordinates": [[-84.382666, 33.8543122], [-84.3826742, 33.8544695], [-84.3826749, 33.8544829]]}, "properties": {"surface": "", "highway": "primary"}}, {"type": "Feature", "geometry": {"type": "LineString", "coordinates": [[-84.4048399, 33.8635242], [-84.4049693, 33.8638619], [-84.405256, 33.864548], [-84.405329, 33.864725], [-84.4054169, 33.8649445], [-84.4056902, 33.8656267], [-84.4059341, 33.8662354], [-84.406115, 33.866687], [-84.406249, 33.866983], [-84.406397, 33.867281], [-84.4064872, 33.8674581], [-84.406907, 33.868282], [-84.406949, 33.86838], [-84.406952, 33.868404], [-84.406964, 33.868422], [-84.4069816, 33.8684819], [-84.406997, 33.868534], [-84.407026, 33.868713], [-84.4070558, 33.8691572], [-84.407075, 33.869443], [-84.407094, 33.869568], [-84.407128, 33.869691], [-84.407177, 33.86981], [-84.40724, 33.869924], [-84.40733, 33.870049], [-84.407716, 33.87053], [-84.4081957, 33.8710318], [-84.408301, 33.871142], [-84.408377, 33.871235], [-84.408442, 33.871331], [-84.408524, 33.871493], [-84.408694, 33.871982], [-84.40878, 33.872158], [-84.408911, 33.872336], [-84.4091053, 33.8725412], [-84.409396, 33.872848], [-84.409485, 33.872954], [-84.4095811, 33.8731039], [-84.409601, 33.873135], [-84.4096975, 33.8733507], [-84.409707, 33.873372], [-84.409732, 33.873503], [-84.409726, 33.873691], [-84.4096282, 33.8743258], [-84.409598, 33.874522], [-84.409635, 33.8747098], [-84.4098235, 33.8749854], [-84.409979, 33.875172], [-84.410074, 33.875252], [-84.410596, 33.875647], [-84.410882, 33.875864], [-84.4109903, 33.8759588], [-84.4113, 33.87623], [-84.4115673, 33.8764476], [-84.411719, 33.876571], [-84.411778, 33.876613], [-84.411972, 33.876759], [-84.412047, 33.876834], [-84.412108, 33.87691], [-84.412218, 33.877148], [-84.412272, 33.87733], [-84.412359, 33.87749], [-84.41238, 33.877519], [-84.412434, 33.877561], [-84.412524, 33.877617], [-84.412811, 33.877759], [-84.413055, 33.877891], [-84.4131762, 33.8779711], [-84.413244, 33.878016], [-84.413419, 33.878155], [-84.4136318, 33.8783475]]}, "properties": {"surface": "asphalt", "highway": "tertiary"}}, {"type": "Feature", "geometry": {"type": "LineString", "coordinates": [[-84.44394, 33.856227], [-84.443925, 33.856449], [-84.4438685, 33.856924], [-84.4438373, 33.8571441]]}, "properties": {"surface": "asphalt", "highway": "residential"}}, {"type": "Feature", "geometry": {"type": "LineString", "coordinates": [[-84.4439278, 33.8561372], [-84.4439294, 33.8561497], [-84.443932, 33.856169], [-84.44394, 33.856227]]}, "properties": {"surface": "asphalt", "highway": "residential"}}, {"type": "Feature", "geometry": {"type": "LineString", "coordinates": [[-84.4394577, 33.8653061], [-84.439705, 33.8648131]]}, "properties": {"surface": "asphalt", "highway": "secondary"}}, {"type": "Feature", "geometry": {"type": "LineString", "coordinates": [[-84.4317712, 33.8564203], [-84.4318791, 33.8566183]]}, "properties": {"surface": "asphalt", "highway": "primary"}}, {"type": "Feature", "geometry": {"type": "LineString", "coordinates": [[-84.432165, 33.8569822], [-84.4324867, 33.8573919], [-84.4325631, 33.857478]]}, "properties": {"surface": "asphalt", "highway": "primary"}}, {"type": "Feature", "geometry": {"type": "LineString", "coordinates": [[-84.4314727, 33.8556992], [-84.4315106, 33.8558556], [-84.4316092, 33.8560841], [-84.4316518, 33.8561805], [-84.431716, 33.8563215], [-84.4317712, 33.8564203]]}, "properties": {"surface": "asphalt", "highway": "primary"}}, {"type": "Feature", "geometry": {"type": "LineString", "coordinates": [[-84.4310639, 33.8540144], [-84.4311326, 33.8543465]]}, "properties": {"surface": "asphalt", "highway": "primary"}}, {"type": "Feature", "geometry": {"type": "LineString", "coordinates": [[-84.4310133, 33.8537366], [-84.4310639, 33.8540144]]}, "properties": {"surface": "asphalt", "highway": "primary"}}, {"type": "Feature", "geometry": {"type": "LineString", "coordinates": [[-84.4513632, 33.8653501], [-84.4511816, 33.8653449], [-84.4509336, 33.8655158], [-84.4508347, 33.8657631], [-84.4508599, 33.8659167], [-84.4509461, 33.8660219], [-84.4512486, 33.8662196], [-84.4513965, 33.8663561], [-84.4514775, 33.8665366], [-84.4514432, 33.8667222], [-84.4513685, 33.8668675], [-84.4512204, 33.8669816], [-84.450782, 33.8671703], [-84.4506292, 33.8673346], [-84.450591, 33.8674836], [-84.4505446, 33.8677608], [-84.4505294, 33.8678513], [-84.4504188, 33.8680521], [-84.4502337, 33.8681634], [-84.4501943, 33.8682049], [-84.4501111, 33.8682087], [-84.4493581, 33.868328], [-84.4490699, 33.8686539], [-84.4488964, 33.8688409], [-84.4490521, 33.8689431], [-84.4490306, 33.8689704], [-84.4490971, 33.8690129]]}, "properties": {"surface": "", "highway": "footway"}}, {"type": "Feature", "geometry": {"type": "LineString", "coordinates": [[-84.3826717, 33.8536472], [-84.3826706, 33.8537812], [-84.3826686, 33.8540174], [-84.3826671, 33.8541863], [-84.382666, 33.8543122]]}, "properties": {"surface": "", "highway": "primary"}}, {"type": "Feature", "geometry": {"type": "LineString", "coordinates": [[-84.452883, 33.8666859], [-84.4535141, 33.8673703]]}, "properties": {"surface": "asphalt", "highway": "primary"}}, {"type": "Feature", "geometry": {"type": "LineString", "coordinates": [[-84.4526263, 33.8663984], [-84.452883, 33.8666859]]}, "properties": {"surface": "asphalt", "highway": "primary"}}, {"type": "Feature", "geometry": {"type": "LineString", "coordinates": [[-84.4136318, 33.8783475], [-84.413838, 33.878534], [-84.413924, 33.878611], [-84.414013, 33.878691], [-84.414063, 33.878736], [-84.414148, 33.878833], [-84.414407, 33.879125], [-84.414676, 33.879463], [-84.4147499, 33.8795811], [-84.414933, 33.879874], [-84.4149706, 33.8799308], [-84.4152443, 33.8803445], [-84.415463, 33.880675], [-84.415602, 33.8808863], [-84.415686, 33.881014], [-84.415748, 33.88109], [-84.415945, 33.88129], [-84.4161872, 33.8814776], [-84.416273, 33.881544], [-84.41653, 33.881708], [-84.4166799, 33.8818138], [-84.4167, 33.881828], [-84.416873, 33.881931], [-84.417141, 33.882074], [-84.417247, 33.882117], [-84.4172933, 33.8821299], [-84.417358, 33.882148], [-84.4177866, 33.8822303], [-84.417889, 33.88225], [-84.418027, 33.882271], [-84.418244, 33.882283], [-84.418474, 33.882275], [-84.418578, 33.882253], [-84.418672, 33.882211], [-84.418747, 33.882157], [-84.419494, 33.881452], [-84.419632, 33.881358], [-84.419697, 33.8813203], [-84.4197263, 33.8813034], [-84.419765, 33.881281], [-84.4199162, 33.8812182], [-84.4202516, 33.8811007], [-84.420794, 33.8809955], [-84.4211378, 33.8808805], [-84.421735, 33.880746], [-84.421852, 33.880713], [-84.422114, 33.88062], [-84.4224785, 33.880461], [-84.4227494, 33.8803429], [-84.422802, 33.88032], [-84.423023, 33.88024], [-84.4231516, 33.8802005], [-84.423241, 33.880173], [-84.4233493, 33.8801438], [-84.4237525, 33.8800475], [-84.4239557, 33.8800013], [-84.4240737, 33.8799757], [-84.4241703, 33.8799673], [-84.4242239, 33.8799718], [-84.4242856, 33.8799846]]}, "properties": {"surface": "asphalt", "highway": "tertiary"}}, {"type": "Feature", "geometry": {"type": "LineString", "coordinates": [[-84.40728, 33.847282], [-84.4072561, 33.8487694]]}, "properties": {"surface": "asphalt", "highway": "tertiary"}}, {"type": "Feature", "geometry": {"type": "LineString", "coordinates": [[-84.4508488, 33.8277972], [-84.4509159, 33.8277159], [-84.4510017, 33.8276334], [-84.451105, 33.8275699], [-84.4512552, 33.8275187], [-84.4514054, 33.8275042], [-84.4516146, 33.8274908], [-84.4518118, 33.8274942], [-84.4520666, 33.8275031], [-84.4522302, 33.8274964], [-84.4523844, 33.8274697], [-84.4525883, 33.827434], [-84.4527277, 33.8274117], [-84.4529262, 33.8274006], [-84.453181, 33.8273872], [-84.4533983, 33.8273716], [-84.4535753, 33.8273449], [-84.4537604, 33.827307], [-84.4539421, 33.8272385], [-84.4540038, 33.8272173], [-84.4540534, 33.8272073], [-84.4541044, 33.8272012], [-84.454156, 33.8272001], [-84.454211, 33.8272068], [-84.4543357, 33.8272235], [-84.4544336, 33.8272313], [-84.454561, 33.8272224], [-84.4546589, 33.8271923], [-84.4547662, 33.8271511], [-84.4548534, 33.8271087], [-84.4548976, 33.8270697], [-84.4549074, 33.8270619], [-84.4549141, 33.8270497], [-84.4549178, 33.8270151]]}, "properties": {"surface": "mud", "highway": "path"}}, {"type": "Feature", "geometry": {"type": "LineString", "coordinates": [[-84.4438601, 33.8663704], [-84.4437118, 33.8662153], [-84.443578, 33.8660754], [-84.4432983, 33.865273]]}, "properties": {"surface": "", "highway": "footway"}}, {"type": "Feature", "geometry": {"type": "LineString", "coordinates": [[-84.4445551, 33.8664302], [-84.4441267, 33.8663933], [-84.4438601, 33.8663704], [-84.4436224, 33.8663574], [-84.4435576, 33.8663654], [-84.4434952, 33.8663923], [-84.4433476, 33.866485], [-84.4432587, 33.8665139], [-84.4430415, 33.8665558], [-84.4428579, 33.8665583], [-84.4427498, 33.8665598], [-84.4426113, 33.8665552], [-84.4425986, 33.8665548], [-84.4425349, 33.8665079], [-84.4425025, 33.8663604]]}, "properties": {"surface": "", "highway": "footway"}}, {"type": "Feature", "geometry": {"type": "LineString", "coordinates": [[-84.4428579, 33.8665583], [-84.4428926, 33.8665149], [-84.4432503, 33.8664242], [-84.4433428, 33.8663365], [-84.4436356, 33.8662687], [-84.4437118, 33.8662153]]}, "properties": {"surface": "", "highway": "footway"}}, {"type": "Feature", "geometry": {"type": "LineString", "coordinates": [[-84.4442919, 33.8667629], [-84.4442663, 33.8669447], [-84.4442599, 33.8669903], [-84.4442477, 33.8670773], [-84.4442009, 33.8674109], [-84.4441636, 33.8676767]]}, "properties": {"surface": "", "highway": "footway"}}, {"type": "Feature", "geometry": {"type": "LineString", "coordinates": [[-84.444389, 33.8677017], [-84.4441636, 33.8676767], [-84.4441127, 33.8676718], [-84.4439563, 33.8676567]]}, "properties": {"surface": "", "highway": "footway"}}, {"type": "Feature", "geometry": {"type": "LineString", "coordinates": [[-84.4441127, 33.8676718], [-84.4441149, 33.8674973], [-84.4441187, 33.8672038], [-84.4441223, 33.8669908], [-84.444123, 33.8669446], [-84.4441263, 33.8667467]]}, "properties": {"surface": "", "highway": "footway"}}, {"type": "Feature", "geometry": {"type": "LineString", "coordinates": [[-84.4442477, 33.8670773], [-84.4441187, 33.8672038], [-84.4440029, 33.8673174]]}, "properties": {"surface": "", "highway": "footway"}}, {"type": "Feature", "geometry": {"type": "LineString", "coordinates": [[-84.4442009, 33.8674109], [-84.4441149, 33.8674973], [-84.4439563, 33.8676567]]}, "properties": {"surface": "", "highway": "footway"}}, {"type": "Feature", "geometry": {"type": "LineString", "coordinates": [[-84.4440804, 33.8667422], [-84.4440029, 33.8673174], [-84.4439885, 33.8674222], [-84.4439563, 33.8676567], [-84.4439164, 33.8679528], [-84.4438561, 33.8684008]]}, "properties": {"surface": "", "highway": "footway"}}, {"type": "Feature", "geometry": {"type": "LineString", "coordinates": [[-84.4438561, 33.8684008], [-84.4439249, 33.8684048], [-84.4440468, 33.8684032]]}, "properties": {"surface": "", "highway": "footway"}}, {"type": "Feature", "geometry": {"type": "LineString", "coordinates": [[-84.4438561, 33.8684008], [-84.4438059, 33.868395], [-84.4437381, 33.8683828], [-84.4436988, 33.8684081], [-84.4436142, 33.8683901], [-84.4435385, 33.8683648], [-84.4434549, 33.8683232], [-84.4433557, 33.8682628], [-84.4432573, 33.8681942], [-84.44316, 33.8681199], [-84.4431236, 33.8680848], [-84.4431151, 33.8680732], [-84.4430961, 33.8680473], [-84.4430696, 33.8680049], [-84.4429949, 33.8679273], [-84.4429182, 33.8678302], [-84.4428435, 33.8677208], [-84.4427648, 33.8675943], [-84.4427078, 33.8674718], [-84.4426616, 33.8673363], [-84.4426321, 33.8672253], [-84.4426114, 33.867093], [-84.4425898, 33.8668694], [-84.4425593, 33.8668473], [-84.4425505, 33.8667404], [-84.4425544, 33.8667086], [-84.4425643, 33.8666882], [-84.442581, 33.8666677], [-84.4426016, 33.8666539], [-84.4426195, 33.8666464], [-84.4426252, 33.8666441], [-84.4426635, 33.8666384], [-84.4427855, 33.8666318], [-84.4429103, 33.8666351], [-84.4430302, 33.8666433], [-84.4432819, 33.8666669], [-84.4438049, 33.8667151], [-84.4440804, 33.8667422], [-84.4441263, 33.8667467], [-84.4442919, 33.8667629], [-84.4443428, 33.866768], [-84.4445275, 33.8667861], [-84.4445087, 33.8669262], [-84.4446562, 33.8669397]]}, "properties": {"surface": "", "highway": "footway"}}, {"type": "Feature", "geometry": {"type": "LineString", "coordinates": [[-84.4443428, 33.866768], [-84.4443417, 33.8668318], [-84.4443496, 33.8668792], [-84.4443702, 33.8669298], [-84.4444007, 33.8669722], [-84.444442, 33.8670098], [-84.4444862, 33.8670359], [-84.4445413, 33.8670612], [-84.4446032, 33.8670726], [-84.4448146, 33.8670939]]}, "properties": {"surface": "", "highway": "footway"}}, {"type": "Feature", "geometry": {"type": "LineString", "coordinates": [[-84.4431151, 33.8680732], [-84.4432072, 33.8680816], [-84.4432279, 33.8679183]]}, "properties": {"surface": "", "highway": "footway"}}, {"type": "Feature", "geometry": {"type": "LineString", "coordinates": [[-84.4439164, 33.8679528], [-84.443684, 33.8679298], [-84.4436879, 33.8678979], [-84.4434844, 33.8678791]]}, "properties": {"surface": "", "highway": "footway"}}, {"type": "Feature", "geometry": {"type": "LineString", "coordinates": [[-84.4441163, 33.8664717], [-84.4440971, 33.8666167]]}, "properties": {"surface": "", "highway": "footway"}}, {"type": "Feature", "geometry": {"type": "LineString", "coordinates": [[-84.4440971, 33.8666167], [-84.4440898, 33.8666718]]}, "properties": {"surface": "", "highway": "footway"}}, {"type": "Feature", "geometry": {"type": "LineString", "coordinates": [[-84.4423623, 33.8663824], [-84.442412, 33.8664347], [-84.4424423, 33.8667097], [-84.4424157, 33.866746], [-84.4424401, 33.8670641], [-84.4424542, 33.8671963], [-84.4424757, 33.8672929], [-84.4425127, 33.8674246], [-84.4425468, 33.8675101], [-84.4426202, 33.8676608], [-84.4427306, 33.8678355], [-84.442798, 33.8679321], [-84.4428447, 33.86799], [-84.4429504, 33.868017]]}, "properties": {"surface": "", "highway": "footway"}}, {"type": "Feature", "geometry": {"type": "LineString", "coordinates": [[-84.4439885, 33.8674222], [-84.4438799, 33.8674123]]}, "properties": {"surface": "", "highway": "footway"}}, {"type": "Feature", "geometry": {"type": "LineString", "coordinates": [[-84.4442663, 33.8669447], [-84.444123, 33.8669446]]}, "properties": {"surface": "", "highway": "footway"}}, {"type": "Feature", "geometry": {"type": "LineString", "coordinates": [[-84.4442599, 33.8669903], [-84.4441223, 33.8669908]]}, "properties": {"surface": "", "highway": "footway"}}, {"type": "Feature", "geometry": {"type": "LineString", "coordinates": [[-84.424482, 33.8596684], [-84.42451, 33.859767], [-84.4245321, 33.859851]]}, "properties": {"surface": "asphalt", "highway": "tertiary"}}, {"type": "Feature", "geometry": {"type": "LineString", "coordinates": [[-84.4233014, 33.8512209], [-84.423341, 33.851331], [-84.4232995, 33.8517982], [-84.42326, 33.852242], [-84.423241, 33.852348], [-84.423206, 33.852451], [-84.423128, 33.852597], [-84.423024, 33.8527376], [-84.422881, 33.852931], [-84.4226071, 33.8532593], [-84.422363, 33.853552], [-84.4223256, 33.8535994], [-84.422255, 33.853689], [-84.422189, 33.853821], [-84.42205, 33.854252], [-84.4219977, 33.8544354], [-84.4219622, 33.8545599], [-84.4219264, 33.8546856], [-84.421871, 33.85488], [-84.4218174, 33.855032], [-84.421706, 33.855348], [-84.421593, 33.855623], [-84.42147, 33.855892], [-84.421255, 33.856356], [-84.421232, 33.856449], [-84.421229, 33.856549], [-84.421245, 33.856639], [-84.421284, 33.856734], [-84.4215149, 33.8570972], [-84.421579, 33.857198], [-84.4220346, 33.8578507], [-84.422282, 33.858205], [-84.422471, 33.858454], [-84.422531, 33.858522], [-84.422611, 33.858593], [-84.422701, 33.858657], [-84.42279, 33.858706], [-84.422905, 33.858754], [-84.4234074, 33.8589272], [-84.423642, 33.859008], [-84.424141, 33.859211], [-84.424211, 33.859248], [-84.42429, 33.859305], [-84.424357, 33.859372], [-84.424408, 33.859448], [-84.424443, 33.85953], [-84.424482, 33.8596684]]}, "properties": {"surface": "asphalt", "highway": "tertiary"}}, {"type": "Feature", "geometry": {"type": "LineString", "coordinates": [[-84.4046998, 33.8632167], [-84.404754, 33.863346], [-84.4048399, 33.8635242]]}, "properties": {"surface": "asphalt", "highway": "tertiary"}}, {"type": "Feature", "geometry": {"type": "LineString", "coordinates": [[-84.4036496, 33.8606792], [-84.403671, 33.860746], [-84.404435, 33.862583], [-84.4046998, 33.8632167]]}, "properties": {"surface": "asphalt", "highway": "tertiary"}}, {"type": "Feature", "geometry": {"type": "LineString", "coordinates": [[-84.387629, 33.8673639], [-84.3876191, 33.867634]]}, "properties": {"surface": "concrete", "highway": "path"}}, {"type": "Feature", "geometry": {"type": "LineString", "coordinates": [[-84.4457695, 33.8640491], [-84.4457706, 33.8640364], [-84.4456979, 33.8640335], [-84.4455598, 33.8640213], [-84.445436, 33.8640112], [-84.4453173, 33.8640031], [-84.4452401, 33.8639942], [-84.4451595, 33.8639812], [-84.445093, 33.8639827]]}, "properties": {"surface": "concrete", "highway": "footway"}}, {"type": "Feature", "geometry": {"type": "LineString", "coordinates": [[-84.3987796, 33.8468627], [-84.39867, 33.846816], [-84.3986332, 33.8467862], [-84.398606, 33.8467484], [-84.3985934, 33.8467105], [-84.3985934, 33.8466662], [-84.3986031, 33.8466284], [-84.3986196, 33.8465962], [-84.3986438, 33.8465696], [-84.3986778, 33.8465479], [-84.3987165, 33.8465342], [-84.3987621, 33.8465253], [-84.3988116, 33.8465245], [-84.3988474, 33.8465285], [-84.3988911, 33.8465398], [-84.3989299, 33.8465543], [-84.3989667, 33.8465744], [-84.398989, 33.8465865], [-84.3990074, 33.8465913], [-84.3990229, 33.8465905], [-84.3990472, 33.8465881], [-84.3990675, 33.8465849]]}, "properties": {"surface": "", "highway": "footway"}}, {"type": "Feature", "geometry": {"type": "LineString", "coordinates": [[-84.3996181, 33.8460403], [-84.3995314, 33.8460522], [-84.3994776, 33.8460626], [-84.3994523, 33.8460738], [-84.3994271, 33.8460927], [-84.3994136, 33.8461095], [-84.3994027, 33.8461354], [-84.3993799, 33.8461483], [-84.3992873, 33.8462011], [-84.3991409, 33.8461752], [-84.3990752, 33.846085], [-84.3990281, 33.8460913], [-84.3989675, 33.8460941], [-84.3989094, 33.8460892], [-84.3988564, 33.8460759], [-84.3988278, 33.8460612]]}, "properties": {"surface": "", "highway": "footway"}}, {"type": "Feature", "geometry": {"type": "LineString", "coordinates": [[-84.3993799, 33.8461483], [-84.3994077, 33.8461857], [-84.3994161, 33.8462088], [-84.3994153, 33.8462283], [-84.3994085, 33.8462521], [-84.3993951, 33.8462731], [-84.3993782, 33.8462933]]}, "properties": {"surface": "", "highway": "footway"}}, {"type": "Feature", "geometry": {"type": "LineString", "coordinates": [[-84.382693, 33.853293], [-84.382674, 33.853382], [-84.3826719, 33.8536231], [-84.3826717, 33.8536472]]}, "properties": {"surface": "", "highway": "primary"}}, {"type": "Feature", "geometry": {"type": "LineString", "coordinates": [[-84.4323881, 33.8421188], [-84.4324364, 33.8421471], [-84.4324671, 33.8421651], [-84.4325725, 33.8422267], [-84.432583, 33.8422328], [-84.4327993, 33.8423593], [-84.4329668, 33.8424572], [-84.4330273, 33.8424926], [-84.4330663, 33.8425883], [-84.4331166, 33.8426605], [-84.4331597, 33.8427048], [-84.4332706, 33.8428131], [-84.4333578, 33.8428762], [-84.4334, 33.8429067], [-84.4335065, 33.8429702], [-84.4336138, 33.8430342], [-84.4337117, 33.8430754], [-84.4337113, 33.8431489], [-84.4337379, 33.8432143], [-84.433754, 33.8432231], [-84.4338469, 33.8432741], [-84.4338784, 33.8432798], [-84.433917, 33.8432867], [-84.4339633, 33.8433142], [-84.4342525, 33.843486], [-84.4344401, 33.8435975], [-84.4345352, 33.8436582], [-84.4345669, 33.8436784], [-84.4347576, 33.8437555], [-84.4348919, 33.843595], [-84.4352087, 33.8437522], [-84.4354756, 33.8438436], [-84.4355471, 33.8438872], [-84.4356412, 33.8439445]]}, "properties": {"surface": "", "highway": "footway"}}, {"type": "Feature", "geometry": {"type": "LineString", "coordinates": [[-84.4317978, 33.8413554], [-84.4318146, 33.8413455]]}, "properties": {"surface": "", "highway": "footway"}}, {"type": "Feature", "geometry": {"type": "LineString", "coordinates": [[-84.4331597, 33.8427048], [-84.4331084, 33.8427137]]}, "properties": {"surface": "", "highway": "footway"}}, {"type": "Feature", "geometry": {"type": "LineString", "coordinates": [[-84.4329017, 33.8427086], [-84.4328573, 33.8426683], [-84.432801, 33.842625], [-84.4327373, 33.8425861], [-84.4326504, 33.8425331]]}, "properties": {"surface": "", "highway": "footway"}}, {"type": "Feature", "geometry": {"type": "LineString", "coordinates": [[-84.4326504, 33.8425331], [-84.4323883, 33.842384], [-84.4323653, 33.8423822], [-84.4323212, 33.8423946], [-84.4322886, 33.8424223], [-84.4322549, 33.8424613], [-84.4321932, 33.8425327], [-84.4321599, 33.8425769]]}, "properties": {"surface": "", "highway": "footway"}}, {"type": "Feature", "geometry": {"type": "LineString", "coordinates": [[-84.4329017, 33.8427086], [-84.4329028, 33.84274], [-84.4328364, 33.8428152], [-84.432779, 33.8428803], [-84.4327058, 33.8428364], [-84.4326529, 33.842869]]}, "properties": {"surface": "", "highway": "footway"}}, {"type": "Feature", "geometry": {"type": "LineString", "coordinates": [[-84.4338862, 33.8434338], [-84.4338671, 33.8434226], [-84.4337967, 33.8433812], [-84.4336788, 33.8433119], [-84.4336403, 33.8432893]]}, "properties": {"surface": "", "highway": "footway"}}, {"type": "Feature", "geometry": {"type": "LineString", "coordinates": [[-84.4339633, 33.8433142], [-84.4338671, 33.8434226]]}, "properties": {"surface": "", "highway": "footway"}}, {"type": "Feature", "geometry": {"type": "LineString", "coordinates": [[-84.4338784, 33.8432798], [-84.4337967, 33.8433812]]}, "properties": {"surface": "", "highway": "footway"}}, {"type": "Feature", "geometry": {"type": "LineString", "coordinates": [[-84.433754, 33.8432231], [-84.4336788, 33.8433119], [-84.4336191, 33.8433823], [-84.4335703, 33.8433499]]}, "properties": {"surface": "", "highway": "footway"}}, {"type": "Feature", "geometry": {"type": "LineString", "coordinates": [[-84.4336191, 33.8433823], [-84.4337151, 33.8434584], [-84.4337269, 33.8434676], [-84.4337319, 33.8434711], [-84.4337636, 33.8434932], [-84.4340162, 33.84364], [-84.4340154, 33.8436502], [-84.4340032, 33.8436573], [-84.4336942, 33.8435847]]}, "properties": {"surface": "", "highway": "footway"}}, {"type": "Feature", "geometry": {"type": "LineString", "coordinates": [[-84.4337967, 33.8433812], [-84.4337319, 33.8434711], [-84.4336942, 33.8435847], [-84.4336577, 33.8436883], [-84.4336088, 33.8438268], [-84.4335826, 33.8439011]]}, "properties": {"surface": "", "highway": "footway"}}, {"type": "Feature", "geometry": {"type": "LineString", "coordinates": [[-84.4335572, 33.8439834], [-84.4335504, 33.8440043], [-84.4335409, 33.8440338]]}, "properties": {"surface": "", "highway": "footway"}}, {"type": "Feature", "geometry": {"type": "LineString", "coordinates": [[-84.4335504, 33.8440043], [-84.4337267, 33.8440455], [-84.4338441, 33.8440848], [-84.43396, 33.8441447], [-84.434099, 33.8442504]]}, "properties": {"surface": "", "highway": "footway"}}, {"type": "Feature", "geometry": {"type": "LineString", "coordinates": [[-84.4337151, 33.8434584], [-84.4334115, 33.843551], [-84.4336577, 33.8436883]]}, "properties": {"surface": "", "highway": "footway"}}, {"type": "Feature", "geometry": {"type": "LineString", "coordinates": [[-84.4334115, 33.843551], [-84.4332197, 33.8434325]]}, "properties": {"surface": "", "highway": "footway"}}, {"type": "Feature", "geometry": {"type": "LineString", "coordinates": [[-84.4345352, 33.8436582], [-84.4344426, 33.8437606], [-84.4344226, 33.8437484], [-84.4344371, 33.8437645], [-84.4343759, 33.8438313], [-84.4343117, 33.8438056], [-84.4342283, 33.8438644], [-84.4342549, 33.8438736], [-84.4341815, 33.8439565], [-84.4339591, 33.8439069], [-84.4339599, 33.8438938], [-84.4339516, 33.843906], [-84.4336088, 33.8438268]]}, "properties": {"surface": "", "highway": "footway"}}, {"type": "Feature", "geometry": {"type": "LineString", "coordinates": [[-84.4335826, 33.8439011], [-84.4335207, 33.8438918], [-84.4334915, 33.8438738], [-84.4334559, 33.8437944], [-84.4334164, 33.8437557], [-84.4333594, 33.843726], [-84.4332912, 33.8437096], [-84.4332929, 33.8436335], [-84.4333112, 33.8436005], [-84.4334115, 33.843551]]}, "properties": {"surface": "", "highway": "footway"}}, {"type": "Feature", "geometry": {"type": "LineString", "coordinates": [[-84.4304444, 33.8515828], [-84.4304305, 33.8515855]]}, "properties": {"surface": "", "highway": "footway"}}, {"type": "Feature", "geometry": {"type": "LineString", "coordinates": [[-84.4253297, 33.8445686], [-84.4253193, 33.8445785]]}, "properties": {"surface": "", "highway": "footway"}}, {"type": "Feature", "geometry": {"type": "LineString", "coordinates": [[-84.4253193, 33.8445785], [-84.4253385, 33.8445947]]}, "properties": {"surface": "", "highway": "footway"}}, {"type": "Feature", "geometry": {"type": "LineString", "coordinates": [[-84.4253385, 33.8445947], [-84.4253498, 33.8446034]]}, "properties": {"surface": "", "highway": "footway"}}, {"type": "Feature", "geometry": {"type": "LineString", "coordinates": [[-84.4254381, 33.8446713], [-84.4254678, 33.844681], [-84.4255124, 33.8447102], [-84.4256768, 33.8448248]]}, "properties": {"surface": "", "highway": "footway"}}, {"type": "Feature", "geometry": {"type": "LineString", "coordinates": [[-84.4255215, 33.8446982], [-84.4255124, 33.8447102]]}, "properties": {"surface": "", "highway": "footway"}}, {"type": "Feature", "geometry": {"type": "LineString", "coordinates": [[-84.4253193, 33.8445785], [-84.4249616, 33.8443408], [-84.4248994, 33.8442857], [-84.424846, 33.8442149]]}, "properties": {"surface": "", "highway": "footway"}}, {"type": "Feature", "geometry": {"type": "LineString", "coordinates": [[-84.4450598, 33.8639876], [-84.4450718, 33.8639889]]}, "properties": {"surface": "", "highway": "footway"}}, {"type": "Feature", "geometry": {"type": "LineString", "coordinates": [[-84.4450718, 33.8639889], [-84.445093, 33.8639827]]}, "properties": {"surface": "", "highway": "footway"}}, {"type": "Feature", "geometry": {"type": "LineString", "coordinates": [[-84.4447089, 33.8639895], [-84.4446954, 33.8639947], [-84.4447132, 33.8640119], [-84.4447229, 33.8640333], [-84.4447287, 33.8640635]]}, "properties": {"surface": "", "highway": "footway"}}, {"type": "Feature", "geometry": {"type": "LineString", "coordinates": [[-84.4446954, 33.8639947], [-84.4446764, 33.8639803], [-84.4446446, 33.8639694]]}, "properties": {"surface": "", "highway": "footway"}}, {"type": "Feature", "geometry": {"type": "LineString", "coordinates": [[-84.4450718, 33.8639889], [-84.4450515, 33.8640143], [-84.4450147, 33.8640746], [-84.4449747, 33.8641732]]}, "properties": {"surface": "", "highway": "footway"}}, {"type": "Feature", "geometry": {"type": "LineString", "coordinates": [[-84.4449747, 33.8641732], [-84.4449719, 33.8641789]]}, "properties": {"surface": "", "highway": "footway"}}, {"type": "Feature", "geometry": {"type": "LineString", "coordinates": [[-84.4449157, 33.8642921], [-84.4448582, 33.8644225]]}, "properties": {"surface": "", "highway": "footway"}}, {"type": "Feature", "geometry": {"type": "LineString", "coordinates": [[-84.4514915, 33.8649949], [-84.4514745, 33.8649777], [-84.4514599, 33.8649546], [-84.4514536, 33.8649365]]}, "properties": {"surface": "", "highway": "footway"}}, {"type": "Feature", "geometry": {"type": "LineString", "coordinates": [[-84.4510385, 33.8650401], [-84.4510556, 33.8650643]]}, "properties": {"surface": "", "highway": "footway"}}, {"type": "Feature", "geometry": {"type": "LineString", "coordinates": [[-84.4512594, 33.864816], [-84.4512379, 33.8648166]]}, "properties": {"surface": "", "highway": "footway"}}, {"type": "Feature", "geometry": {"type": "LineString", "coordinates": [[-84.4302277, 33.849155], [-84.4302496, 33.8491229]]}, "properties": {"surface": "", "highway": "footway"}}, {"type": "Feature", "geometry": {"type": "LineString", "coordinates": [[-84.4298873, 33.8489617], [-84.4298669, 33.8490237]]}, "properties": {"surface": "", "highway": "footway"}}, {"type": "Feature", "geometry": {"type": "LineString", "coordinates": [[-84.4301962, 33.8489258], [-84.4301546, 33.8489111]]}, "properties": {"surface": "", "highway": "footway"}}, {"type": "Feature", "geometry": {"type": "LineString", "coordinates": [[-84.4322266, 33.8483569], [-84.4322482, 33.8483438], [-84.432257, 33.8483283], [-84.4322564, 33.8483128], [-84.4322471, 33.8482832]]}, "properties": {"surface": "", "highway": "footway"}}, {"type": "Feature", "geometry": {"type": "LineString", "coordinates": [[-84.442399, 33.8264092], [-84.4423126, 33.826413], [-84.4421412, 33.8264135], [-84.4418013, 33.8263971], [-84.4416088, 33.8264031]]}, "properties": {"surface": "", "highway": "footway"}}, {"type": "Feature", "geometry": {"type": "LineString", "coordinates": [[-84.4431819, 33.8263018], [-84.4431118, 33.8262977], [-84.4429243, 33.8263246], [-84.4425461, 33.826387], [-84.442399, 33.8264092]]}, "properties": {"surface": "", "highway": "footway"}}, {"type": "Feature", "geometry": {"type": "LineString", "coordinates": [[-84.4332706, 33.8428131], [-84.4331837, 33.8427891], [-84.4331208, 33.8427874], [-84.4330462, 33.8428071], [-84.433023, 33.8428272]]}, "properties": {"surface": "", "highway": "footway"}}, {"type": "Feature", "geometry": {"type": "LineString", "coordinates": [[-84.4333578, 33.8428762], [-84.4332798, 33.842757], [-84.4332519, 33.8426625], [-84.4332519, 33.84263], [-84.433255, 33.8425409], [-84.433283, 33.8424355], [-84.4333275, 33.8423705]]}, "properties": {"surface": "", "highway": "footway"}}, {"type": "Feature", "geometry": {"type": "LineString", "coordinates": [[-84.4330273, 33.8424926], [-84.4330789, 33.8425083], [-84.4331231, 33.8425113], [-84.4331891, 33.8424982], [-84.4332395, 33.8424726], [-84.433283, 33.8424355]]}, "properties": {"surface": "", "highway": "footway"}}, {"type": "Feature", "geometry": {"type": "LineString", "coordinates": [[-84.4331597, 33.8427048], [-84.4331927, 33.8426871], [-84.4332519, 33.84263]]}, "properties": {"surface": "", "highway": "footway"}}, {"type": "Feature", "geometry": {"type": "LineString", "coordinates": [[-84.4337117, 33.8430754], [-84.4338994, 33.8431156], [-84.4339659, 33.8431242], [-84.4340547, 33.8431357], [-84.4341616, 33.8431509], [-84.4342811, 33.8432163], [-84.4344085, 33.8432954], [-84.434686, 33.8434677], [-84.434871, 33.8435825], [-84.4348919, 33.843595]]}, "properties": {"surface": "", "highway": "footway"}}, {"type": "Feature", "geometry": {"type": "LineString", "coordinates": [[-84.4345352, 33.8436582], [-84.434686, 33.8434677]]}, "properties": {"surface": "", "highway": "footway"}}, {"type": "Feature", "geometry": {"type": "LineString", "coordinates": [[-84.4342525, 33.843486], [-84.4344085, 33.8432954]]}, "properties": {"surface": "", "highway": "footway"}}, {"type": "Feature", "geometry": {"type": "LineString", "coordinates": [[-84.4338784, 33.8432798], [-84.4338867, 33.8432379], [-84.4339052, 33.8432001], [-84.4339659, 33.8431242]]}, "properties": {"surface": "", "highway": "footway"}}, {"type": "Feature", "geometry": {"type": "LineString", "coordinates": [[-84.4355471, 33.8438872], [-84.435667, 33.8438933], [-84.4357237, 33.8438798], [-84.4357584, 33.8438434], [-84.4361299, 33.8434019], [-84.4361854, 33.8434305], [-84.4361996, 33.8434051], [-84.4362752, 33.8432549]]}, "properties": {"surface": "", "highway": "footway"}}, {"type": "Feature", "geometry": {"type": "LineString", "coordinates": [[-84.4326038, 33.8419814], [-84.4327143, 33.8420418], [-84.4328856, 33.8421356]]}, "properties": {"surface": "", "highway": "footway"}}, {"type": "Feature", "geometry": {"type": "LineString", "coordinates": [[-84.4324671, 33.8421651], [-84.4326038, 33.8419814]]}, "properties": {"surface": "", "highway": "footway"}}, {"type": "Feature", "geometry": {"type": "LineString", "coordinates": [[-84.4326038, 33.8419814], [-84.4325076, 33.8419253]]}, "properties": {"surface": "", "highway": "footway"}}, {"type": "Feature", "geometry": {"type": "LineString", "coordinates": [[-84.4324739, 33.841906], [-84.4324387, 33.8418852]]}, "properties": {"surface": "", "highway": "footway"}}, {"type": "Feature", "geometry": {"type": "LineString", "coordinates": [[-84.4324153, 33.8418717], [-84.4321136, 33.8416963], [-84.432096, 33.8416847], [-84.4320295, 33.841641], [-84.4318613, 33.8415395], [-84.4318898, 33.8415025], [-84.4318775, 33.8414658], [-84.4317861, 33.8414077], [-84.4318155, 33.8413704], [-84.4317978, 33.8413554]]}, "properties": {"surface": "", "highway": "footway"}}, {"type": "Feature", "geometry": {"type": "LineString", "coordinates": [[-84.432096, 33.8416847], [-84.4322049, 33.8415523], [-84.4322337, 33.8415172]]}, "properties": {"surface": "", "highway": "footway"}}, {"type": "Feature", "geometry": {"type": "LineString", "coordinates": [[-84.4326038, 33.8419814], [-84.4325899, 33.8419203], [-84.4325539, 33.841861], [-84.4325034, 33.8417978], [-84.4324536, 33.8417607], [-84.4323928, 33.8417246], [-84.4323204, 33.8416929], [-84.4322434, 33.8416765], [-84.4321408, 33.8416643], [-84.4321236, 33.8416688], [-84.432096, 33.8416847]]}, "properties": {"surface": "", "highway": "footway"}}, {"type": "Feature", "geometry": {"type": "LineString", "coordinates": [[-84.4327143, 33.8420418], [-84.4326884, 33.8419885], [-84.43266, 33.8419448], [-84.432651, 33.8419104], [-84.4326529, 33.8418709], [-84.4326714, 33.8418219], [-84.432702, 33.8417514], [-84.4327089, 33.8417357], [-84.4327318, 33.8416839]]}, "properties": {"surface": "", "highway": "footway"}}, {"type": "Feature", "geometry": {"type": "LineString", "coordinates": [[-84.4324671, 33.8421651], [-84.432398, 33.8422268], [-84.4322873, 33.8423349], [-84.432231, 33.8423899], [-84.4321986, 33.8424298], [-84.4321688, 33.8424665], [-84.432169, 33.8424982], [-84.4321932, 33.8425327]]}, "properties": {"surface": "", "highway": "footway"}}, {"type": "Feature", "geometry": {"type": "LineString", "coordinates": [[-84.4129441, 33.8453864], [-84.4129535, 33.8453114], [-84.4129853, 33.8450613], [-84.4129866, 33.8450326], [-84.4129887, 33.8450112], [-84.4130162, 33.8446602], [-84.4130419, 33.8444883], [-84.413088, 33.8443031], [-84.4130945, 33.8442876], [-84.4131324, 33.8442065], [-84.4131832, 33.8441283], [-84.4133041, 33.8440101], [-84.4136669, 33.8436752], [-84.4139599, 33.8434178], [-84.4147287, 33.8427205], [-84.4155446, 33.8419901], [-84.4159197, 33.8416387], [-84.4159754, 33.841593], [-84.4160262, 33.8415386], [-84.4160828, 33.8414538], [-84.4161021, 33.8413974]]}, "properties": {"surface": "", "highway": "footway"}}, {"type": "Feature", "geometry": {"type": "LineString", "coordinates": [[-84.4161021, 33.8413974], [-84.4161099, 33.841342], [-84.4161054, 33.8412767], [-84.4160857, 33.8412076], [-84.4159746, 33.8409565], [-84.4157704, 33.8405145]]}, "properties": {"surface": "", "highway": "footway"}}, {"type": "Feature", "geometry": {"type": "LineString", "coordinates": [[-84.4128411, 33.8448343], [-84.4128369, 33.8448713], [-84.4128385, 33.8448775], [-84.4128468, 33.8448807], [-84.4128611, 33.8448807], [-84.412908, 33.8448843]]}, "properties": {"surface": "", "highway": "footway"}}, {"type": "Feature", "geometry": {"type": "LineString", "coordinates": [[-84.4128411, 33.8448343], [-84.4128757, 33.844548], [-84.4128915, 33.8444418], [-84.4129178, 33.8442867], [-84.4129186, 33.8442818], [-84.4129209, 33.8442683], [-84.4129365, 33.84415], [-84.4129476, 33.8440317], [-84.412944, 33.8439648], [-84.4128485, 33.8435523], [-84.412711, 33.8430202], [-84.4125554, 33.8425108], [-84.4124369, 33.8423054], [-84.4124254, 33.8422595], [-84.4124421, 33.8422452]]}, "properties": {"surface": "", "highway": "footway"}}, {"type": "Feature", "geometry": {"type": "LineString", "coordinates": [[-84.4125562, 33.8421804], [-84.4127145, 33.8424387], [-84.4128747, 33.8430037], [-84.4130319, 33.8436181], [-84.4130923, 33.8438534], [-84.4131199, 33.8438953], [-84.4131568, 33.843906], [-84.4131899, 33.8439018], [-84.413301, 33.8438163], [-84.4143559, 33.8428707], [-84.4158746, 33.8414871], [-84.4159097, 33.8414492], [-84.4159425, 33.8413639], [-84.4159384, 33.8412735], [-84.4156216, 33.8405924]]}, "properties": {"surface": "", "highway": "footway"}}, {"type": "Feature", "geometry": {"type": "LineString", "coordinates": [[-84.4157704, 33.8405145], [-84.4157895, 33.8404798], [-84.4158072, 33.8404629], [-84.4159435, 33.8403754], [-84.4161072, 33.8402542], [-84.4162915, 33.8401147], [-84.4163265, 33.8400882], [-84.4163537, 33.8400692], [-84.4163929, 33.8400511], [-84.416516, 33.8400339], [-84.4165481, 33.8400304], [-84.4167176, 33.8400142], [-84.4168919, 33.840006], [-84.4171969, 33.8400115], [-84.4176285, 33.8400533]]}, "properties": {"surface": "", "highway": "footway"}}, {"type": "Feature", "geometry": {"type": "LineString", "coordinates": [[-84.4178014, 33.8400705], [-84.4180288, 33.8401034], [-84.4181633, 33.8401292], [-84.4184305, 33.8401997], [-84.4188129, 33.8403149], [-84.4190902, 33.8404279], [-84.4192753, 33.8405145], [-84.419296, 33.8405218], [-84.4193115, 33.8405233]]}, "properties": {"surface": "", "highway": "footway"}}, {"type": "Feature", "geometry": {"type": "LineString", "coordinates": [[-84.3827926, 33.8533676], [-84.3828152, 33.8533501], [-84.3828268, 33.8533385]]}, "properties": {"surface": "", "highway": "footway"}}, {"type": "Feature", "geometry": {"type": "LineString", "coordinates": [[-84.3827977, 33.8542966], [-84.3827916, 33.8542914]]}, "properties": {"surface": "", "highway": "footway"}}, {"type": "Feature", "geometry": {"type": "LineString", "coordinates": [[-84.3827938, 33.8545254], [-84.3828085, 33.8545275]]}, "properties": {"surface": "", "highway": "footway"}}, {"type": "Feature", "geometry": {"type": "LineString", "coordinates": [[-84.3828097, 33.8543636], [-84.3828097, 33.85435], [-84.3828031, 33.8543403], [-84.3827944, 33.8543267], [-84.3827977, 33.8542966], [-84.3827958, 33.8540635], [-84.3827927, 33.8539362], [-84.3827893, 33.8537886], [-84.3827889, 33.8535943], [-84.3827895, 33.8533857], [-84.3827926, 33.8533676]]}, "properties": {"surface": "", "highway": "footway"}}, {"type": "Feature", "geometry": {"type": "LineString", "coordinates": [[-84.3828085, 33.8545422], [-84.3828085, 33.8545275], [-84.3828085, 33.854507]]}, "properties": {"surface": "", "highway": "footway"}}, {"type": "Feature", "geometry": {"type": "LineString", "coordinates": [[-84.3828443, 33.8548356], [-84.3828453, 33.8548251], [-84.3828394, 33.8548205], [-84.382832, 33.8548144], [-84.3828208, 33.8547974], [-84.3828084, 33.8547765], [-84.3828011, 33.8547535], [-84.3827999, 33.8546677], [-84.3828025, 33.8546387], [-84.3828113, 33.8546171], [-84.3828275, 33.854601], [-84.3828207, 33.8545927]]}, "properties": {"surface": "", "highway": "footway"}}, {"type": "Feature", "geometry": {"type": "LineString", "coordinates": [[-84.3828105, 33.8557806], [-84.3828017, 33.8557631], [-84.3827861, 33.8557389], [-84.3827795, 33.8557107], [-84.3827757, 33.8556914], [-84.3827826, 33.8556086], [-84.3827944, 33.85554], [-84.382805, 33.8555076], [-84.3828239, 33.8554655], [-84.3828322, 33.8554204], [-84.3828334, 33.8553587], [-84.3828377, 33.8550272], [-84.3828366, 33.8549879], [-84.3828529, 33.8549671], [-84.3828486, 33.8549489]]}, "properties": {"surface": "", "highway": "footway"}}, {"type": "Feature", "geometry": {"type": "LineString", "coordinates": [[-84.3828275, 33.854601], [-84.3828378, 33.8545938], [-84.3828486, 33.8545861], [-84.3828599, 33.8545801], [-84.3828766, 33.8545716], [-84.3829017, 33.8545683], [-84.3829249, 33.8545731], [-84.3829468, 33.854582], [-84.3831012, 33.8546707], [-84.3834339, 33.8548845], [-84.3835188, 33.8549342], [-84.3836389, 33.8550002], [-84.3836677, 33.855017]]}, "properties": {"surface": "", "highway": "footway"}}, {"type": "Feature", "geometry": {"type": "LineString", "coordinates": [[-84.4047038, 33.8456341], [-84.4048751, 33.8457066], [-84.4049895, 33.8457734], [-84.4052444, 33.8459442], [-84.4052863, 33.8459721], [-84.4054477, 33.8460792]]}, "properties": {"surface": "", "highway": "footway"}}, {"type": "Feature", "geometry": {"type": "LineString", "coordinates": [[-84.4054477, 33.8460792], [-84.4058903, 33.8463956], [-84.4065667, 33.8468359]]}, "properties": {"surface": "", "highway": "footway"}}, {"type": "Feature", "geometry": {"type": "LineString", "coordinates": [[-84.4065667, 33.8468359], [-84.4070334, 33.8470841], [-84.4072173, 33.8471819]]}, "properties": {"surface": "", "highway": "footway"}}, {"type": "Feature", "geometry": {"type": "LineString", "coordinates": [[-84.4088682, 33.847841], [-84.40833, 33.8476317], [-84.4077897, 33.8474161], [-84.4073095, 33.8472272]]}, "properties": {"surface": "", "highway": "footway"}}, {"type": "Feature", "geometry": {"type": "LineString", "coordinates": [[-84.4165481, 33.8400304], [-84.4165521, 33.8400154]]}, "properties": {"surface": "", "highway": "footway"}}, {"type": "Feature", "geometry": {"type": "LineString", "coordinates": [[-84.4318449, 33.833944], [-84.4314993, 33.8341878]]}, "properties": {"surface": "", "highway": "footway"}}, {"type": "Feature", "geometry": {"type": "LineString", "coordinates": [[-84.4319573, 33.8338685], [-84.4320769, 33.8337945], [-84.432116, 33.8337655], [-84.4321529, 33.8337322], [-84.4321879, 33.833687], [-84.4322135, 33.8336563], [-84.4322557, 33.8336153], [-84.4323039, 33.8335906], [-84.4324744, 33.8335036], [-84.432498, 33.8334831], [-84.4325299, 33.8334652], [-84.4327247, 33.8333829], [-84.4327555, 33.8333573], [-84.4327791, 33.8333147], [-84.4327863, 33.8332925], [-84.4328397, 33.8332527]]}, "properties": {"surface": "", "highway": "footway"}}, {"type": "Feature", "geometry": {"type": "LineString", "coordinates": [[-84.4319573, 33.8338685], [-84.4316245, 33.83353], [-84.4315903, 33.8334947], [-84.431526, 33.8334187], [-84.431506, 33.8333844], [-84.4315095, 33.8333344], [-84.4315107, 33.8332864], [-84.4314918, 33.8332452], [-84.4314647, 33.8332109], [-84.4314175, 33.8331894], [-84.4313585, 33.8331864], [-84.431309, 33.8331923], [-84.4312653, 33.8332178], [-84.4312346, 33.8332531], [-84.4312252, 33.8332884], [-84.4312252, 33.8333266], [-84.4312429, 33.8333746], [-84.4312677, 33.8334118], [-84.431321, 33.8334249], [-84.4313738, 33.8334432], [-84.4313963, 33.833453], [-84.4314399, 33.8334873], [-84.4314883, 33.8335481], [-84.4318449, 33.833944]]}, "properties": {"surface": "", "highway": "footway"}}, {"type": "Feature", "geometry": {"type": "LineString", "coordinates": [[-84.4312883, 33.8349779], [-84.4311647, 33.8348611], [-84.430964, 33.8346551]]}, "properties": {"surface": "", "highway": "footway"}}, {"type": "Feature", "geometry": {"type": "LineString", "coordinates": [[-84.4309128, 33.8346011], [-84.4307471, 33.8344134], [-84.4306157, 33.8342581], [-84.4304408, 33.8340482], [-84.4302686, 33.8338208], [-84.4301648, 33.833666], [-84.4300987, 33.8335131], [-84.4300475, 33.8333339], [-84.4300314, 33.8330858], [-84.4300421, 33.8329121], [-84.4300986, 33.8327588], [-84.4301701, 33.8326236], [-84.4303786, 33.8323576], [-84.4307197, 33.8319394], [-84.4310132, 33.8316029], [-84.4311876, 33.8313702], [-84.4313277, 33.831109], [-84.4313556, 33.8310243]]}, "properties": {"surface": "", "highway": "footway"}}, {"type": "Feature", "geometry": {"type": "LineString", "coordinates": [[-84.4313796, 33.8309389], [-84.4313961, 33.830864], [-84.4314055, 33.8308044], [-84.4314134, 33.8307404], [-84.4314187, 33.8306841], [-84.4314241, 33.830566], [-84.4314294, 33.8304721], [-84.4314299, 33.8304625], [-84.4314295, 33.8304491]]}, "properties": {"surface": "", "highway": "footway"}}, {"type": "Feature", "geometry": {"type": "LineString", "coordinates": [[-84.4313556, 33.8310243], [-84.4313712, 33.8309771]]}, "properties": {"surface": "", "highway": "footway"}}, {"type": "Feature", "geometry": {"type": "LineString", "coordinates": [[-84.4313712, 33.8309771], [-84.4313796, 33.8309389]]}, "properties": {"surface": "", "highway": "footway"}}, {"type": "Feature", "geometry": {"type": "LineString", "coordinates": [[-84.3954744, 33.8441069], [-84.3954699, 33.8441571], [-84.3954718, 33.8441845], [-84.3954737, 33.8442101], [-84.3954889, 33.8442538], [-84.3955074, 33.8442939], [-84.3955569, 33.8443911], [-84.3956481, 33.8445806], [-84.3957011, 33.8447123], [-84.3957284, 33.8448039], [-84.3957481, 33.844941], [-84.3957513, 33.845034], [-84.3957414, 33.8451939], [-84.3957343, 33.8452365], [-84.3957086, 33.8454148], [-84.3956373, 33.8457023], [-84.3955982, 33.8458518], [-84.395559, 33.8459724], [-84.3955177, 33.8460558], [-84.3954376, 33.846166], [-84.3953413, 33.8462725], [-84.3952613, 33.8463673]]}, "properties": {"surface": "", "highway": "footway"}}, {"type": "Feature", "geometry": {"type": "LineString", "coordinates": [[-84.3950952, 33.846508], [-84.3949688, 33.8466337], [-84.3948632, 33.8467242], [-84.3947401, 33.8468255], [-84.3946834, 33.8468663], [-84.3945748, 33.8469288], [-84.3945207, 33.8469519], [-84.3943385, 33.8469994], [-84.3940274, 33.8470312], [-84.3938308, 33.8470487], [-84.3937273, 33.8470668], [-84.3936413, 33.8470786], [-84.3935312, 33.8471078]]}, "properties": {"surface": "", "highway": "footway"}}, {"type": "Feature", "geometry": {"type": "LineString", "coordinates": [[-84.3935312, 33.8471078], [-84.3934136, 33.8471509], [-84.3932491, 33.8472378], [-84.3931642, 33.8472858], [-84.3928145, 33.8474946], [-84.3926531, 33.8475974], [-84.3924891, 33.8477036], [-84.392341, 33.8477941], [-84.3922015, 33.8478656], [-84.392028, 33.8479238]]}, "properties": {"surface": "", "highway": "footway"}}, {"type": "Feature", "geometry": {"type": "LineString", "coordinates": [[-84.4378604, 33.8316361], [-84.4379051, 33.8315832], [-84.437961, 33.8315104], [-84.4380232, 33.8314293], [-84.4381271, 33.8312786], [-84.4381962, 33.8311362], [-84.4382954, 33.8309482], [-84.4383725, 33.8308034], [-84.4384521, 33.8306602]]}, "properties": {"surface": "", "highway": "footway"}}, {"type": "Feature", "geometry": {"type": "LineString", "coordinates": [[-84.4377532, 33.831755], [-84.4377884, 33.8317182]]}, "properties": {"surface": "", "highway": "footway"}}, {"type": "Feature", "geometry": {"type": "LineString", "coordinates": [[-84.4384521, 33.8306602], [-84.4386014, 33.830388], [-84.4387383, 33.830114], [-84.4388441, 33.8299357]]}, "properties": {"surface": "", "highway": "footway"}}, {"type": "Feature", "geometry": {"type": "LineString", "coordinates": [[-84.4403671, 33.8288411], [-84.4403821, 33.8288364], [-84.4404092, 33.8288347], [-84.4404427, 33.8288242], [-84.4406225, 33.8287459], [-84.4407497, 33.8286687], [-84.4409068, 33.828568], [-84.4410065, 33.8284912], [-84.4410883, 33.8284248], [-84.4413928, 33.8281724], [-84.4417152, 33.8279008], [-84.441784, 33.8278335], [-84.4418206, 33.8277957], [-84.4418779, 33.8277207], [-84.441935, 33.8276138], [-84.4419556, 33.8275329], [-84.4419565, 33.8274512], [-84.4419512, 33.8273337], [-84.4419256, 33.8272142], [-84.4418581, 33.82708], [-84.4417626, 33.8269879], [-84.4416325, 33.8268584], [-84.4415659, 33.8267513], [-84.4415338, 33.8266836], [-84.4415158, 33.8266153], [-84.4414714, 33.8264514], [-84.4414699, 33.826436]]}, "properties": {"surface": "", "highway": "footway"}}, {"type": "Feature", "geometry": {"type": "LineString", "coordinates": [[-84.4414699, 33.826436], [-84.4414662, 33.8264229], [-84.441474, 33.8264126]]}, "properties": {"surface": "", "highway": "footway"}}, {"type": "Feature", "geometry": {"type": "LineString", "coordinates": [[-84.4388441, 33.8299357], [-84.4389529, 33.8298067], [-84.4390922, 33.829649], [-84.4392265, 33.8295127], [-84.4394773, 33.8293011], [-84.4396024, 33.8292085], [-84.4398792, 33.8290604], [-84.4402674, 33.8288826]]}, "properties": {"surface": "", "highway": "footway"}}, {"type": "Feature", "geometry": {"type": "LineString", "coordinates": [[-84.441474, 33.8264126], [-84.4414575, 33.8264152], [-84.4413629, 33.8264347], [-84.4412633, 33.826458], [-84.4411006, 33.8265093], [-84.440949, 33.8265631], [-84.4406136, 33.8267005], [-84.4403428, 33.8268509], [-84.4398569, 33.8271529], [-84.4394634, 33.8274217], [-84.4394274, 33.8274542], [-84.4394313, 33.8274649], [-84.4395555, 33.8275912]]}, "properties": {"surface": "", "highway": "footway"}}, {"type": "Feature", "geometry": {"type": "LineString", "coordinates": [[-84.4395555, 33.8275912], [-84.4398597, 33.8279333], [-84.4398915, 33.8279725], [-84.4399149, 33.8279997], [-84.4399429, 33.828045], [-84.4400355, 33.8281904], [-84.4400608, 33.8282493], [-84.440146, 33.8284029], [-84.4402159, 33.8285326], [-84.4403671, 33.8288411]]}, "properties": {"surface": "", "highway": "footway"}}, {"type": "Feature", "geometry": {"type": "LineString", "coordinates": [[-84.4393479, 33.8275147], [-84.4393279, 33.8275049]]}, "properties": {"surface": "", "highway": "footway"}}, {"type": "Feature", "geometry": {"type": "LineString", "coordinates": [[-84.4393279, 33.8275049], [-84.4392525, 33.8275565], [-84.4390745, 33.8276764], [-84.4387845, 33.8278712], [-84.4384716, 33.8280824], [-84.438276, 33.8282191], [-84.4380453, 33.8283726], [-84.437821, 33.8285165], [-84.4376882, 33.8285749], [-84.4376349, 33.8285932], [-84.4375547, 33.8286116], [-84.4372619, 33.8287047], [-84.437118, 33.8287388], [-84.4370278, 33.8287674], [-84.4367373, 33.8288438], [-84.4361889, 33.8289932], [-84.4360237, 33.829032], [-84.4355259, 33.8291718], [-84.4351263, 33.8292713], [-84.4348447, 33.8293541], [-84.434445, 33.8294569], [-84.433574, 33.8297065], [-84.433067, 33.8298515], [-84.4326373, 33.8299895], [-84.4323931, 33.8300793], [-84.4318377, 33.8303048], [-84.4314656, 33.8304449], [-84.4314299, 33.8304625]]}, "properties": {"surface": "", "highway": "footway"}}, {"type": "Feature", "geometry": {"type": "LineString", "coordinates": [[-84.392028, 33.8479238], [-84.3918379, 33.8479734], [-84.3911734, 33.8481238], [-84.3903315, 33.848344], [-84.3893682, 33.8486225]]}, "properties": {"surface": "", "highway": "footway"}}, {"type": "Feature", "geometry": {"type": "LineString", "coordinates": [[-84.3891919, 33.8486749], [-84.3890325, 33.8487258], [-84.3889095, 33.848765]]}, "properties": {"surface": "", "highway": "footway"}}, {"type": "Feature", "geometry": {"type": "LineString", "coordinates": [[-84.3889095, 33.848765], [-84.3888535, 33.8487843]]}, "properties": {"surface": "", "highway": "footway"}}, {"type": "Feature", "geometry": {"type": "LineString", "coordinates": [[-84.3890325, 33.8487258], [-84.3890276, 33.8487137]]}, "properties": {"surface": "", "highway": "footway"}}, {"type": "Feature", "geometry": {"type": "LineString", "coordinates": [[-84.4269995, 33.8312725], [-84.4269368, 33.8313068], [-84.4269012, 33.8313383], [-84.4268657, 33.831373], [-84.4268306, 33.8314171]]}, "properties": {"surface": "", "highway": "footway"}}, {"type": "Feature", "geometry": {"type": "LineString", "coordinates": [[-84.4268306, 33.8314171], [-84.4262125, 33.8321771]]}, "properties": {"surface": "", "highway": "footway"}}, {"type": "Feature", "geometry": {"type": "LineString", "coordinates": [[-84.43434, 33.8320734], [-84.4344375, 33.8319509], [-84.4345847, 33.831786], [-84.4347242, 33.8316259]]}, "properties": {"surface": "", "highway": "footway"}}, {"type": "Feature", "geometry": {"type": "LineString", "coordinates": [[-84.4176285, 33.8400533], [-84.4176326, 33.840126], [-84.41765, 33.8404036]]}, "properties": {"surface": "", "highway": "footway"}}, {"type": "Feature", "geometry": {"type": "LineString", "coordinates": [[-84.4329668, 33.8424572], [-84.4329966, 33.8421241], [-84.4327993, 33.8423593]]}, "properties": {"surface": "", "highway": "footway"}}, {"type": "Feature", "geometry": {"type": "LineString", "coordinates": [[-84.432583, 33.8422328], [-84.4329966, 33.8421241], [-84.4328856, 33.8421356]]}, "properties": {"surface": "", "highway": "footway"}}, {"type": "Feature", "geometry": {"type": "LineString", "coordinates": [[-84.433023, 33.8428272], [-84.4329519, 33.8428893]]}, "properties": {"surface": "", "highway": "footway"}}, {"type": "Feature", "geometry": {"type": "LineString", "coordinates": [[-84.4327058, 33.8428364], [-84.4327157, 33.8428261]]}, "properties": {"surface": "", "highway": "footway"}}, {"type": "Feature", "geometry": {"type": "LineString", "coordinates": [[-84.4326696, 33.8425892], [-84.4327165, 33.8426121], [-84.4327373, 33.8425861]]}, "properties": {"surface": "", "highway": "footway"}}, {"type": "Feature", "geometry": {"type": "LineString", "coordinates": [[-84.4318155, 33.8413704], [-84.4319196, 33.8414269], [-84.4319758, 33.8414163], [-84.4322049, 33.8415523], [-84.4324404, 33.8416921], [-84.4325582, 33.8417458], [-84.4326314, 33.8417441], [-84.4327089, 33.8417357], [-84.4328106, 33.8417247], [-84.4330366, 33.8416894], [-84.4330854, 33.8417062], [-84.4334369, 33.841925], [-84.4334662, 33.8419432], [-84.4335192, 33.8419555], [-84.4335506, 33.8419475], [-84.4335956, 33.8419361], [-84.4336962, 33.8418286], [-84.4337844, 33.8417344], [-84.4337944, 33.8417215], [-84.43383, 33.8416762], [-84.4338449, 33.8416196], [-84.4338886, 33.8415897], [-84.4339425, 33.8415598], [-84.4340093, 33.8415634], [-84.4344719, 33.8416324], [-84.4346429, 33.8416288], [-84.4347089, 33.841663]]}, "properties": {"surface": "", "highway": "footway"}}, {"type": "Feature", "geometry": {"type": "LineString", "coordinates": [[-84.4338769, 33.8419355], [-84.4336962, 33.8418286], [-84.4336462, 33.8417991], [-84.4335538, 33.8417445], [-84.4335474, 33.8417202], [-84.4336175, 33.8416173], [-84.4336613, 33.8415531]]}, "properties": {"surface": "", "highway": "footway"}}, {"type": "Feature", "geometry": {"type": "LineString", "coordinates": [[-84.4337944, 33.8417215], [-84.433765, 33.8416397], [-84.4337432, 33.8415964], [-84.4336613, 33.8415531], [-84.4335682, 33.8415014], [-84.4334783, 33.8414811], [-84.4330676, 33.8415525], [-84.4327272, 33.8416118], [-84.4327318, 33.8416839]]}, "properties": {"surface": "", "highway": "footway"}}, {"type": "Feature", "geometry": {"type": "LineString", "coordinates": [[-84.4342687, 33.8417347], [-84.4343222, 33.8416647], [-84.4343999, 33.8416665], [-84.4345094, 33.8416829], [-84.434592, 33.8417224], [-84.4346272, 33.8417465], [-84.4346998, 33.841796], [-84.4347681, 33.8418674], [-84.4348245, 33.8419896], [-84.4347747, 33.8420579]]}, "properties": {"surface": "", "highway": "footway"}}, {"type": "Feature", "geometry": {"type": "LineString", "coordinates": [[-84.4350248, 33.8414947], [-84.4349383, 33.841462], [-84.4348962, 33.8415084], [-84.4347283, 33.8414516], [-84.4346965, 33.8415034], [-84.4347042, 33.8415575], [-84.4347354, 33.8416061], [-84.4347089, 33.841663], [-84.4346272, 33.8417465]]}, "properties": {"surface": "", "highway": "footway"}}, {"type": "Feature", "geometry": {"type": "LineString", "coordinates": [[-84.4517747, 33.8602997], [-84.4517043, 33.8602672], [-84.4516722, 33.8602485], [-84.4516244, 33.8602081], [-84.4515986, 33.8601886], [-84.4515595, 33.8601707], [-84.4515209, 33.8601619], [-84.4514768, 33.8601581], [-84.4514097, 33.8601634], [-84.4513623, 33.8601718], [-84.4513154, 33.8601844], [-84.4512763, 33.860205], [-84.451252, 33.8602329], [-84.4512373, 33.8602627], [-84.4512331, 33.8602951], [-84.4512327, 33.8603134], [-84.4512235, 33.860368], [-84.4512175, 33.8603997], [-84.4512124, 33.8604226], [-84.451212, 33.8604325], [-84.4512184, 33.8604375], [-84.4512598, 33.8604493], [-84.4512308, 33.860531], [-84.4512032, 33.8605226], [-84.4511872, 33.8605196], [-84.4511775, 33.8605203], [-84.4511706, 33.8605261], [-84.4511669, 33.8605368], [-84.4511655, 33.8605604], [-84.4511706, 33.8605749], [-84.4512155, 33.8606627]]}, "properties": {"surface": "", "highway": "footway"}}, {"type": "Feature", "geometry": {"type": "LineString", "coordinates": [[-84.4347476, 33.840978], [-84.434609, 33.8409273], [-84.434513, 33.8408881], [-84.434481, 33.8408818], [-84.4344353, 33.8408691], [-84.4343759, 33.8408324], [-84.4342677, 33.8407514], [-84.4342083, 33.8406983], [-84.4341717, 33.8406502], [-84.4341367, 33.8405844], [-84.434126, 33.8405502], [-84.4341199, 33.8405009], [-84.434129, 33.84043], [-84.4341351, 33.840344], [-84.4341214, 33.8403009], [-84.4341001, 33.8402605], [-84.4340635, 33.8402288], [-84.4340254, 33.8402162], [-84.4339797, 33.8402136], [-84.4339447, 33.84022], [-84.433902, 33.8402389], [-84.4338533, 33.8402668], [-84.4337725, 33.8403351], [-84.4337207, 33.8403743], [-84.4336339, 33.8404262], [-84.433544, 33.8404655], [-84.4334419, 33.8405034], [-84.4333612, 33.8405224], [-84.4332743, 33.840535], [-84.4332088, 33.8405414], [-84.4331266, 33.8405426], [-84.432991, 33.8405338], [-84.432927, 33.840535], [-84.432863, 33.8405426], [-84.4327929, 33.8405629], [-84.4327304, 33.840592], [-84.4326802, 33.840616], [-84.4326345, 33.8406502], [-84.432607, 33.8406818], [-84.4325735, 33.8406705]]}, "properties": {"surface": "", "highway": "footway"}}, {"type": "Feature", "geometry": {"type": "LineString", "coordinates": [[-84.4343185, 33.8442792], [-84.4344308, 33.8443025], [-84.4344659, 33.8443068], [-84.434494, 33.8443039], [-84.4345694, 33.8442792], [-84.4346747, 33.844234], [-84.434759, 33.8441946], [-84.4348257, 33.8441655], [-84.434931, 33.8441276], [-84.4349977, 33.8441057], [-84.4350433, 33.8440955], [-84.4350907, 33.8440897], [-84.4351521, 33.844097], [-84.435217, 33.844113], [-84.4352556, 33.844129], [-84.4352995, 33.8441596], [-84.4353364, 33.8442063], [-84.4353627, 33.8442777], [-84.4353802, 33.844336], [-84.4354013, 33.8443783], [-84.4354399, 33.8444264], [-84.4355031, 33.8444949], [-84.4355399, 33.8445269], [-84.4355592, 33.8445707], [-84.4355803, 33.8446465], [-84.4355943, 33.84468]]}, "properties": {"surface": "", "highway": "footway"}}, {"type": "Feature", "geometry": {"type": "LineString", "coordinates": [[-84.4328722, 33.8445013], [-84.4328117, 33.8444143], [-84.4328047, 33.8443756], [-84.4328117, 33.844335], [-84.4328443, 33.8442905], [-84.4328792, 33.8442654], [-84.4329281, 33.8442519], [-84.4329863, 33.8442538], [-84.433282, 33.8443118]]}, "properties": {"surface": "", "highway": "footway"}}, {"type": "Feature", "geometry": {"type": "LineString", "coordinates": [[-84.4312877, 33.8473366], [-84.4313031, 33.8473443], [-84.4313208, 33.8473473], [-84.4313386, 33.8473451], [-84.4313545, 33.847338], [-84.4313654, 33.8473281], [-84.4313722, 33.8473159], [-84.4313742, 33.8473026], [-84.4313712, 33.8472894], [-84.4313634, 33.8472776], [-84.4313516, 33.8472684], [-84.431337, 33.8472626], [-84.4313209, 33.8472608], [-84.431305, 33.8472632], [-84.4312893, 33.8472705], [-84.4312775, 33.8472818], [-84.431271, 33.8472958], [-84.4312707, 33.8473107], [-84.4312765, 33.8473249], [-84.4312877, 33.8473366]]}, "properties": {"surface": "", "highway": "footway"}}, {"type": "Feature", "geometry": {"type": "LineString", "coordinates": [[-84.431305, 33.8472632], [-84.4312587, 33.8471172]]}, "properties": {"surface": "", "highway": "footway"}}, {"type": "Feature", "geometry": {"type": "LineString", "coordinates": [[-84.4313742, 33.8473026], [-84.4314351, 33.8472868]]}, "properties": {"surface": "", "highway": "footway"}}, {"type": "Feature", "geometry": {"type": "LineString", "coordinates": [[-84.431465, 33.847069], [-84.4312587, 33.8471172], [-84.4311989, 33.8471311]]}, "properties": {"surface": "", "highway": "footway"}}, {"type": "Feature", "geometry": {"type": "LineString", "coordinates": [[-84.4313208, 33.8473473], [-84.4313464, 33.8473596], [-84.4313713, 33.8473762], [-84.4313972, 33.847401], [-84.4314082, 33.8474201], [-84.4314291, 33.8474689], [-84.4314418, 33.8475192], [-84.4314461, 33.8475509], [-84.4314421, 33.8475774], [-84.4314311, 33.8476063], [-84.4314331, 33.8476304], [-84.4314441, 33.847666], [-84.4315016, 33.8476526], [-84.4315438, 33.8476428]]}, "properties": {"surface": "", "highway": "footway"}}, {"type": "Feature", "geometry": {"type": "LineString", "coordinates": [[-84.4315016, 33.8476526], [-84.4315707, 33.8478729], [-84.4319774, 33.8477794]]}, "properties": {"surface": "", "highway": "footway"}}, {"type": "Feature", "geometry": {"type": "LineString", "coordinates": [[-84.4547534, 33.8684386], [-84.453669, 33.8672582]]}, "properties": {"surface": "", "highway": "footway"}}, {"type": "Feature", "geometry": {"type": "LineString", "coordinates": [[-84.4528115, 33.8662647], [-84.45273, 33.8661719], [-84.4526613, 33.8661111], [-84.4526283, 33.866086], [-84.4526136, 33.8660655], [-84.4525843, 33.8660257], [-84.4523902, 33.8658188], [-84.4520111, 33.8654108], [-84.4516984, 33.8651335], [-84.4515189, 33.8650095], [-84.4514915, 33.8649949]]}, "properties": {"surface": "", "highway": "footway"}}, {"type": "Feature", "geometry": {"type": "LineString", "coordinates": [[-84.453134, 33.8666283], [-84.4528115, 33.8662647]]}, "properties": {"surface": "", "highway": "footway"}}, {"type": "Feature", "geometry": {"type": "LineString", "coordinates": [[-84.453669, 33.8672582], [-84.4533767, 33.866906], [-84.4532723, 33.866782], [-84.453134, 33.8666283]]}, "properties": {"surface": "", "highway": "footway"}}, {"type": "Feature", "geometry": {"type": "LineString", "coordinates": [[-84.4335065, 33.8429702], [-84.4335636, 33.8429019], [-84.4336077, 33.8428646], [-84.4336663, 33.8428344], [-84.4337449, 33.8428001], [-84.4338036, 33.842753], [-84.4338178, 33.8427366], [-84.4338395, 33.8427114]]}, "properties": {"surface": "", "highway": "footway"}}, {"type": "Feature", "geometry": {"type": "LineString", "coordinates": [[-84.4344085, 33.8432954], [-84.4345717, 33.8431068], [-84.4345884, 33.8430875]]}, "properties": {"surface": "", "highway": "footway"}}, {"type": "Feature", "geometry": {"type": "LineString", "coordinates": [[-84.4333275, 33.8423705], [-84.4334953, 33.8424065], [-84.4335417, 33.8423571], [-84.4334216, 33.8422546]]}, "properties": {"surface": "", "highway": "footway"}}, {"type": "Feature", "geometry": {"type": "LineString", "coordinates": [[-84.433283, 33.8424355], [-84.4338178, 33.8427366], [-84.4341035, 33.842896]]}, "properties": {"surface": "", "highway": "footway"}}, {"type": "Feature", "geometry": {"type": "LineString", "coordinates": [[-84.4341035, 33.842896], [-84.4341358, 33.8428679], [-84.4341674, 33.8428541], [-84.4341954, 33.8428354], [-84.4342282, 33.8428001], [-84.4342411, 33.842772], [-84.4342338, 33.84275], [-84.4342207, 33.8427407]]}, "properties": {"surface": "", "highway": "footway"}}, {"type": "Feature", "geometry": {"type": "LineString", "coordinates": [[-84.4329527, 33.8418555], [-84.4330854, 33.8417062]]}, "properties": {"surface": "", "highway": "footway"}}, {"type": "Feature", "geometry": {"type": "LineString", "coordinates": [[-84.4333214, 33.8420737], [-84.4334369, 33.841925]]}, "properties": {"surface": "", "highway": "footway"}}, {"type": "Feature", "geometry": {"type": "LineString", "coordinates": [[-84.4334216, 33.8422546], [-84.4335179, 33.8421372], [-84.4335463, 33.8420966], [-84.4335607, 33.8420759], [-84.4335506, 33.8419475]]}, "properties": {"surface": "", "highway": "footway"}}, {"type": "Feature", "geometry": {"type": "LineString", "coordinates": [[-84.4335463, 33.8420966], [-84.433747, 33.8421947]]}, "properties": {"surface": "", "highway": "footway"}}, {"type": "Feature", "geometry": {"type": "LineString", "coordinates": [[-84.4341813, 33.8422456], [-84.4341253, 33.8423171]]}, "properties": {"surface": "", "highway": "footway"}}, {"type": "Feature", "geometry": {"type": "LineString", "coordinates": [[-84.4340837, 33.8423736], [-84.434032, 33.8423432]]}, "properties": {"surface": "", "highway": "footway"}}, {"type": "Feature", "geometry": {"type": "LineString", "coordinates": [[-84.4340837, 33.8423736], [-84.4341283, 33.8423992]]}, "properties": {"surface": "", "highway": "footway"}}, {"type": "Feature", "geometry": {"type": "LineString", "coordinates": [[-84.4338405, 33.8424199], [-84.4339235, 33.8424719], [-84.4340207, 33.8425329], [-84.4343846, 33.8427612]]}, "properties": {"surface": "", "highway": "footway"}}, {"type": "Feature", "geometry": {"type": "LineString", "coordinates": [[-84.4340809, 33.8424572], [-84.4340207, 33.8425329]]}, "properties": {"surface": "", "highway": "footway"}}, {"type": "Feature", "geometry": {"type": "LineString", "coordinates": [[-84.4339781, 33.8424033], [-84.4339235, 33.8424719]]}, "properties": {"surface": "", "highway": "footway"}}, {"type": "Feature", "geometry": {"type": "LineString", "coordinates": [[-84.4343846, 33.8427612], [-84.4343518, 33.842802], [-84.4343182, 33.8428439], [-84.4342787, 33.842893]]}, "properties": {"surface": "", "highway": "footway"}}, {"type": "Feature", "geometry": {"type": "LineString", "coordinates": [[-84.434125, 33.8429775], [-84.4339659, 33.8431242]]}, "properties": {"surface": "", "highway": "footway"}}, {"type": "Feature", "geometry": {"type": "LineString", "coordinates": [[-84.4343846, 33.8427612], [-84.4344375, 33.8426977]]}, "properties": {"surface": "", "highway": "footway"}}, {"type": "Feature", "geometry": {"type": "LineString", "coordinates": [[-84.4345488, 33.8425639], [-84.4345956, 33.8425106], [-84.4346682, 33.8425122], [-84.4347973, 33.8425972], [-84.4348566, 33.8426126], [-84.4349343, 33.8426185], [-84.4350473, 33.8426166], [-84.4351964, 33.8426142]]}, "properties": {"surface": "", "highway": "footway"}}, {"type": "Feature", "geometry": {"type": "LineString", "coordinates": [[-84.4350473, 33.8426166], [-84.4349656, 33.8425692]]}, "properties": {"surface": "", "highway": "footway"}}, {"type": "Feature", "geometry": {"type": "LineString", "coordinates": [[-84.4346682, 33.8425122], [-84.4347717, 33.8424425]]}, "properties": {"surface": "", "highway": "footway"}}, {"type": "Feature", "geometry": {"type": "LineString", "coordinates": [[-84.4345956, 33.8425106], [-84.4345927, 33.8424259], [-84.4346212, 33.8423559]]}, "properties": {"surface": "", "highway": "footway"}}, {"type": "Feature", "geometry": {"type": "LineString", "coordinates": [[-84.4345717, 33.8431068], [-84.4343926, 33.8429924], [-84.4343588, 33.8429449], [-84.4343448, 33.8429101], [-84.4343182, 33.8428439]]}, "properties": {"surface": "", "highway": "footway"}}, {"type": "Feature", "geometry": {"type": "LineString", "coordinates": [[-84.4343448, 33.8429101], [-84.4344628, 33.8429112]]}, "properties": {"surface": "", "highway": "footway"}}, {"type": "Feature", "geometry": {"type": "LineString", "coordinates": [[-84.4347972, 33.8428375], [-84.4345457, 33.8426868]]}, "properties": {"surface": "", "highway": "footway"}}, {"type": "Feature", "geometry": {"type": "LineString", "coordinates": [[-84.4343518, 33.842802], [-84.4342687, 33.8427503]]}, "properties": {"surface": "", "highway": "footway"}}]}