{"type": "FeatureCollection", "features": [{"type": "Feature", "geometry": {"type": "Polygon", "coordinates": [[[-84.3887651, 33.7360265], [-84.3886151, 33.7361632], [-84.3885511, 33.7361119], [-84.3885109, 33.7361363], [-84.3884199, 33.7360475], [-84.3883821, 33.7360462], [-84.3883788, 33.7361463], [-84.3883644, 33.7361459], [-84.38836, 33.7362809], [-84.3880901, 33.7362763], [-84.3880951, 33.7365478], [-84.3881056, 33.736548], [-84.3881047, 33.7365969], [-84.3882498, 33.7365979], [-84.3882495, 33.7366238], [-84.3883177, 33.7367416], [-84.3883874, 33.736847], [-84.3884651, 33.7369382], [-84.3885604, 33.7370218], [-84.3886649, 33.7370986], [-84.388781, 33.7371647], [-84.3889055, 33.7372167], [-84.3890347, 33.7372582], [-84.3891646, 33.7372856], [-84.3893043, 33.7372988], [-84.3893665, 33.7372994], [-84.3894428, 33.7373001], [-84.3894333, 33.73715], [-84.3895702, 33.7371355], [-84.3897092, 33.7371012], [-84.38987, 33.7370452], [-84.3899917, 33.7369747], [-84.3901416, 33.7368537], [-84.390288, 33.736954], [-84.3903299, 33.7369101], [-84.390374, 33.7368638], [-84.3904438, 33.7367627], [-84.3905175, 33.7366469], [-84.3905186, 33.7366215], [-84.3906377, 33.7366208], [-84.390637, 33.7366484], [-84.3906684, 33.7366484], [-84.3906613, 33.7362854], [-84.3906401, 33.7362872], [-84.3905582, 33.7362872], [-84.3905582, 33.7363138], [-84.3903589, 33.7363108], [-84.3902166, 33.7363848], [-84.390213, 33.7366719], [-84.389487, 33.736666], [-84.389487, 33.7365535], [-84.3893162, 33.7365417], [-84.3893676, 33.7362567], [-84.3892526, 33.7362367], [-84.3891437, 33.7362052], [-84.3891286, 33.7362381], [-84.3891511, 33.7362468], [-84.3891315, 33.7362927], [-84.3891886, 33.7363108], [-84.3891721, 33.7363603], [-84.3890792, 33.7363331], [-84.389034, 33.7364291], [-84.3887679, 33.7362931], [-84.3888286, 33.7362161], [-84.3887447, 33.7361683], [-84.3887813, 33.7361286], [-84.3888342, 33.7361599], [-84.3888631, 33.7361282], [-84.3888736, 33.7361233], [-84.3888904, 33.7361064], [-84.3887651, 33.7360265]]]}, "properties": {"surface": "", "highway": "pedestrian"}}, {"type": "Feature", "geometry": {"type": "Polygon", "coordinates": [[[-84.3869178, 33.7365841], [-84.3869164, 33.7367161], [-84.3866648, 33.7367143], [-84.3866547, 33.7367148], [-84.3866546, 33.7367406], [-84.3870652, 33.7367444], [-84.3870661, 33.7366624], [-84.3871175, 33.7366628], [-84.3871192, 33.7365856], [-84.3869178, 33.7365841]]]}, "properties": {"surface": "", "highway": "pedestrian"}}, {"type": "Feature", "geometry": {"type": "Polygon", "coordinates": [[[-84.3857806, 33.7397501], [-84.3857946, 33.7397379], [-84.3858034, 33.7397227], [-84.385806, 33.739706], [-84.3858022, 33.7396895], [-84.3857924, 33.7396747], [-84.3857762, 33.7396626], [-84.3857561, 33.7396556], [-84.3857343, 33.7396547], [-84.3857134, 33.73966], [-84.3856958, 33.7396707], [-84.3856836, 33.7396857], [-84.3856776, 33.7397077], [-84.3856802, 33.7397213], [-84.3856893, 33.7397378], [-84.3857046, 33.7397508], [-84.3857227, 33.7397583], [-84.3857427, 33.7397608], [-84.3857627, 33.739758], [-84.3857806, 33.7397501]]]}, "properties": {"surface": "", "highway": "pedestrian"}}, {"type": "Feature", "geometry": {"type": "LineString", "coordinates": [[-84.4053179, 33.7404939], [-84.4053724, 33.740449], [-84.4054142, 33.7404209], [-84.4054395, 33.7404038], [-84.4055667, 33.7403322], [-84.4061515, 33.7400766], [-84.4061675, 33.7400706], [-84.4062983, 33.7400213], [-84.4065812, 33.7399146], [-84.4067104, 33.7398658], [-84.4067502, 33.739851], [-84.4068489, 33.7398146], [-84.4075044, 33.7395728], [-84.407539, 33.73956], [-84.4076557, 33.7395121], [-84.4080688, 33.7393477], [-84.4082026, 33.7392949]]}, "properties": {"surface": "", "highway": "tertiary"}}, {"type": "Feature", "geometry": {"type": "LineString", "coordinates": [[-84.3981822, 33.7444504], [-84.3981864, 33.7443049], [-84.3981889, 33.7442163]]}, "properties": {"surface": "asphalt", "highway": "tertiary"}}, {"type": "Feature", "geometry": {"type": "LineString", "coordinates": [[-84.3981505, 33.7436795], [-84.3980812, 33.7437816], [-84.3980737, 33.7438953]]}, "properties": {"surface": "asphalt", "highway": "tertiary"}}, {"type": "Feature", "geometry": {"type": "LineString", "coordinates": [[-84.3981889, 33.7442163], [-84.3982011, 33.7437876], [-84.3981505, 33.7436795]]}, "properties": {"surface": "asphalt", "highway": "tertiary"}}, {"type": "Feature", "geometry": {"type": "LineString", "coordinates": [[-84.3980245, 33.7444896], [-84.3978846, 33.7454021]]}, "properties": {"surface": "asphalt", "highway": "tertiary"}}, {"type": "Feature", "geometry": {"type": "LineString", "coordinates": [[-84.4048441, 33.7445086], [-84.4047948, 33.7445467], [-84.4047527, 33.7445507], [-84.4046974, 33.7445439]]}, "properties": {"surface": "", "highway": "footway"}}, {"type": "Feature", "geometry": {"type": "LineString", "coordinates": [[-84.3785885, 33.7304003], [-84.3798987, 33.7304128]]}, "properties": {"surface": "", "highway": "footway"}}, {"type": "Feature", "geometry": {"type": "LineString", "coordinates": [[-84.3800317, 33.7304141], [-84.3803965, 33.7304176], [-84.3809374, 33.7304227]]}, "properties": {"surface": "", "highway": "footway"}}, {"type": "Feature", "geometry": {"type": "LineString", "coordinates": [[-84.3810793, 33.7304242], [-84.3812444, 33.7304258], [-84.3829795, 33.7304422], [-84.3831721, 33.730444]]}, "properties": {"surface": "", "highway": "footway"}}, {"type": "Feature", "geometry": {"type": "LineString", "coordinates": [[-84.3833181, 33.7304454], [-84.3843107, 33.7304549]]}, "properties": {"surface": "", "highway": "footway"}}, {"type": "Feature", "geometry": {"type": "LineString", "coordinates": [[-84.3844649, 33.7304564], [-84.3861852, 33.7304697]]}, "properties": {"surface": "", "highway": "footway"}}, {"type": "Feature", "geometry": {"type": "LineString", "coordinates": [[-84.3863228, 33.7304811], [-84.3863459, 33.7304697], [-84.3878671, 33.7304889]]}, "properties": {"surface": "", "highway": "footway"}}, {"type": "Feature", "geometry": {"type": "LineString", "coordinates": [[-84.3878647, 33.7303358], [-84.3863117, 33.7303167]]}, "properties": {"surface": "", "highway": "footway"}}, {"type": "Feature", "geometry": {"type": "LineString", "coordinates": [[-84.3861649, 33.7303214], [-84.3844605, 33.7303099], [-84.3844308, 33.7302996]]}, "properties": {"surface": "", "highway": "footway"}}, {"type": "Feature", "geometry": {"type": "LineString", "coordinates": [[-84.3843133, 33.7303017], [-84.383319, 33.7302902]]}, "properties": {"surface": "", "highway": "footway"}}, {"type": "Feature", "geometry": {"type": "LineString", "coordinates": [[-84.3831721, 33.7302872], [-84.3809282, 33.730275], [-84.3800354, 33.7302705], [-84.3785903, 33.7302528]]}, "properties": {"surface": "", "highway": "footway"}}, {"type": "Feature", "geometry": {"type": "LineString", "coordinates": [[-84.3786131, 33.7284859], [-84.3785903, 33.7302528]]}, "properties": {"surface": "concrete", "highway": "footway"}}, {"type": "Feature", "geometry": {"type": "LineString", "coordinates": [[-84.3786379, 33.7265673], [-84.3786148, 33.7283602]]}, "properties": {"surface": "", "highway": "footway"}}, {"type": "Feature", "geometry": {"type": "LineString", "coordinates": [[-84.4112822, 33.7258307], [-84.4116734, 33.7258248], [-84.4120908, 33.7258173], [-84.412592, 33.7258111]]}, "properties": {"surface": "", "highway": "footway"}}, {"type": "Feature", "geometry": {"type": "LineString", "coordinates": [[-84.412592, 33.7258111], [-84.4122753, 33.7252225], [-84.4118681, 33.7245279], [-84.4117402, 33.7243225], [-84.4115773, 33.7241247], [-84.4114364, 33.7239817], [-84.4112375, 33.7238338], [-84.4110076, 33.7237157], [-84.4108117, 33.7236334], [-84.4106008, 33.7235603], [-84.410373, 33.7235204], [-84.4101651, 33.7234971], [-84.4079624, 33.7235196], [-84.4079748, 33.7242048], [-84.4079834, 33.7246428], [-84.4094255, 33.7246226], [-84.4097673, 33.7246575], [-84.4101151, 33.7247548], [-84.4102587, 33.7248136], [-84.410308, 33.7248338], [-84.4104828, 33.7249194], [-84.4105769, 33.7249742], [-84.4107677, 33.7251039], [-84.4109456, 33.7252344], [-84.4110896, 33.7254048], [-84.4111855, 33.7255478], [-84.4112495, 33.7257173], [-84.4112822, 33.7258307]]}, "properties": {"surface": "", "highway": "footway"}}, {"type": "Feature", "geometry": {"type": "LineString", "coordinates": [[-84.3878647, 33.7303358], [-84.3878751, 33.7303206], [-84.3878867, 33.7294837]]}, "properties": {"surface": "", "highway": "footway"}}, {"type": "Feature", "geometry": {"type": "LineString", "coordinates": [[-84.387888, 33.7293884], [-84.3879549, 33.7266559]]}, "properties": {"surface": "", "highway": "footway"}}, {"type": "Feature", "geometry": {"type": "LineString", "coordinates": [[-84.3879601, 33.7265286], [-84.3879768, 33.7255364]]}, "properties": {"surface": "", "highway": "footway"}}, {"type": "Feature", "geometry": {"type": "LineString", "coordinates": [[-84.3879807, 33.7254069], [-84.3879794, 33.7251104]]}, "properties": {"surface": "", "highway": "footway"}}, {"type": "Feature", "geometry": {"type": "LineString", "coordinates": [[-84.3879807, 33.724938], [-84.3879845, 33.7247925], [-84.3879845, 33.7232408], [-84.3879845, 33.7223146], [-84.3879987, 33.7222536], [-84.3880244, 33.7221797], [-84.3881441, 33.7219603]]}, "properties": {"surface": "", "highway": "footway"}}, {"type": "Feature", "geometry": {"type": "LineString", "coordinates": [[-84.3883011, 33.722032], [-84.3882354, 33.7221466], [-84.3881969, 33.7222461], [-84.3881428, 33.7224976], [-84.388146, 33.7232415], [-84.3881516, 33.7240229], [-84.3881523, 33.7241523], [-84.3881536, 33.7243735], [-84.388157, 33.7249562]]}, "properties": {"surface": "", "highway": "footway"}}, {"type": "Feature", "geometry": {"type": "LineString", "coordinates": [[-84.3894416, 33.7257013], [-84.3894475, 33.7260257], [-84.3894592, 33.7265864], [-84.388949, 33.7265674], [-84.3881543, 33.7265377], [-84.3881325, 33.7265243], [-84.3881531, 33.7250708], [-84.3894019, 33.7250536], [-84.389433, 33.725075], [-84.3894376, 33.7251572]]}, "properties": {"surface": "concrete", "highway": "footway"}}, {"type": "Feature", "geometry": {"type": "LineString", "coordinates": [[-84.3881235, 33.7266174], [-84.3881016, 33.7269471], [-84.3880605, 33.7294933]]}, "properties": {"surface": "", "highway": "footway"}}, {"type": "Feature", "geometry": {"type": "LineString", "coordinates": [[-84.3880605, 33.7294933], [-84.3880418, 33.7303543]]}, "properties": {"surface": "", "highway": "footway"}}, {"type": "Feature", "geometry": {"type": "LineString", "coordinates": [[-84.3883011, 33.722032], [-84.3883636, 33.721964], [-84.3883916, 33.7219336], [-84.3884202, 33.7219024], [-84.3884457, 33.7218747], [-84.3884628, 33.7218561]]}, "properties": {"surface": "", "highway": "footway"}}, {"type": "Feature", "geometry": {"type": "LineString", "coordinates": [[-84.3881441, 33.7219603], [-84.3881745, 33.7219225], [-84.3881833, 33.7219073], [-84.3881912, 33.7218936], [-84.3881961, 33.7218748], [-84.3882015, 33.7218539], [-84.3882037, 33.7218348], [-84.3882054, 33.7218197], [-84.3882062, 33.7218023], [-84.3882079, 33.7217672], [-84.3881911, 33.7217279]]}, "properties": {"surface": "", "highway": "footway"}}, {"type": "Feature", "geometry": {"type": "LineString", "coordinates": [[-84.3884628, 33.7218561], [-84.388577, 33.7217779], [-84.389127, 33.7214923], [-84.3891831, 33.7214758], [-84.390079, 33.7210861]]}, "properties": {"surface": "", "highway": "footway"}}, {"type": "Feature", "geometry": {"type": "LineString", "coordinates": [[-84.3879807, 33.724938], [-84.3877993, 33.7249093], [-84.3876606, 33.7248658]]}, "properties": {"surface": "", "highway": "footway"}}, {"type": "Feature", "geometry": {"type": "LineString", "coordinates": [[-84.3879794, 33.7251104], [-84.3879595, 33.7250945], [-84.3878186, 33.7250662], [-84.3877345, 33.7250473], [-84.3858314, 33.724311], [-84.3857425, 33.7242592], [-84.3856587, 33.7241924]]}, "properties": {"surface": "", "highway": "footway"}}, {"type": "Feature", "geometry": {"type": "LineString", "coordinates": [[-84.3879768, 33.7255364], [-84.3872781, 33.725518], [-84.3867136, 33.7255031], [-84.3863758, 33.7254942], [-84.386234, 33.7254884]]}, "properties": {"surface": "", "highway": "footway"}}, {"type": "Feature", "geometry": {"type": "LineString", "coordinates": [[-84.3841641, 33.7254394], [-84.3834242, 33.7254207]]}, "properties": {"surface": "", "highway": "footway"}}, {"type": "Feature", "geometry": {"type": "LineString", "coordinates": [[-84.3834242, 33.7254207], [-84.3834232, 33.7254646], [-84.3834192, 33.7256445], [-84.3834082, 33.72602], [-84.3833846, 33.7264369]]}, "properties": {"surface": "", "highway": "footway"}}, {"type": "Feature", "geometry": {"type": "LineString", "coordinates": [[-84.3832728, 33.7253429], [-84.3832675, 33.7254548], [-84.3832631, 33.7255579], [-84.383279, 33.7255586], [-84.3832626, 33.725903], [-84.3832576, 33.7261773], [-84.3832529, 33.726433]]}, "properties": {"surface": "", "highway": "footway"}}, {"type": "Feature", "geometry": {"type": "LineString", "coordinates": [[-84.3833616, 33.7265232], [-84.3841495, 33.7265385], [-84.384173, 33.7265509]]}, "properties": {"surface": "", "highway": "footway"}}, {"type": "Feature", "geometry": {"type": "LineString", "coordinates": [[-84.3842766, 33.7264547], [-84.3842878, 33.7264693], [-84.3843129, 33.7264765], [-84.3851114, 33.7264849]]}, "properties": {"surface": "", "highway": "footway"}}, {"type": "Feature", "geometry": {"type": "LineString", "coordinates": [[-84.3852327, 33.7264901], [-84.3852523, 33.7259979], [-84.3852664, 33.7259693], [-84.3852813, 33.7254658]]}, "properties": {"surface": "", "highway": "footway"}}, {"type": "Feature", "geometry": {"type": "LineString", "coordinates": [[-84.3852327, 33.7264901], [-84.3852523, 33.7264999], [-84.3860782, 33.7265214]]}, "properties": {"surface": "", "highway": "footway"}}, {"type": "Feature", "geometry": {"type": "LineString", "coordinates": [[-84.3862019, 33.7264739], [-84.386234, 33.7254884]]}, "properties": {"surface": "", "highway": "footway"}}, {"type": "Feature", "geometry": {"type": "LineString", "coordinates": [[-84.3862019, 33.7264739], [-84.3864565, 33.7264818], [-84.3874916, 33.726514], [-84.3879601, 33.7265286]]}, "properties": {"surface": "", "highway": "footway"}}, {"type": "Feature", "geometry": {"type": "LineString", "coordinates": [[-84.3879549, 33.7266559], [-84.3871396, 33.7266248]]}, "properties": {"surface": "", "highway": "footway"}}, {"type": "Feature", "geometry": {"type": "LineString", "coordinates": [[-84.3861282, 33.728315], [-84.3869774, 33.7283323], [-84.3870289, 33.7266404], [-84.3870238, 33.7266196], [-84.3862105, 33.7265911], [-84.386183, 33.7266073], [-84.3861282, 33.728315]]}, "properties": {"surface": "", "highway": "footway"}}, {"type": "Feature", "geometry": {"type": "LineString", "coordinates": [[-84.3870776, 33.7283331], [-84.3870746, 33.7284583], [-84.3852087, 33.728424], [-84.3851936, 33.7293481], [-84.3852046, 33.7293632], [-84.3866398, 33.7293767], [-84.387888, 33.7293884]]}, "properties": {"surface": "", "highway": "footway"}}, {"type": "Feature", "geometry": {"type": "LineString", "coordinates": [[-84.3860747, 33.7266334], [-84.3860806, 33.726591], [-84.3852476, 33.7265631], [-84.3852368, 33.7265752], [-84.3852106, 33.7282974], [-84.3860135, 33.7283112]]}, "properties": {"surface": "", "highway": "footway"}}, {"type": "Feature", "geometry": {"type": "LineString", "coordinates": [[-84.3833089, 33.7293447], [-84.3833616, 33.7265232]]}, "properties": {"surface": "", "highway": "footway"}}, {"type": "Feature", "geometry": {"type": "LineString", "coordinates": [[-84.3832529, 33.726433], [-84.383224, 33.7264399], [-84.3828297, 33.7263787], [-84.3810567, 33.7261052]]}, "properties": {"surface": "", "highway": "footway"}}, {"type": "Feature", "geometry": {"type": "LineString", "coordinates": [[-84.3832494, 33.7265202], [-84.3832358, 33.7271875], [-84.3832155, 33.7272006], [-84.3797779, 33.7266644], [-84.3798022, 33.7260798], [-84.3798006, 33.7259919], [-84.3798036, 33.7258382], [-84.379805, 33.7257663], [-84.3798221, 33.7248992], [-84.3798233, 33.7248364]]}, "properties": {"surface": "", "highway": "footway"}}, {"type": "Feature", "geometry": {"type": "LineString", "coordinates": [[-84.379805, 33.7257663], [-84.3798189, 33.7257833], [-84.3798428, 33.7257937], [-84.3802383, 33.7258003], [-84.3803463, 33.7257719], [-84.3804179, 33.7257294], [-84.3804725, 33.7256689], [-84.380485, 33.725598], [-84.3804951, 33.7250503], [-84.3804827, 33.7249911], [-84.3804536, 33.7249454], [-84.380411, 33.7249144], [-84.380363, 33.7248992], [-84.3803074, 33.7248902], [-84.3798437, 33.7248839], [-84.3798221, 33.7248992]]}, "properties": {"surface": "", "highway": "footway"}}, {"type": "Feature", "geometry": {"type": "LineString", "coordinates": [[-84.3833089, 33.7293447], [-84.3841841, 33.7293532], [-84.3850788, 33.7293619], [-84.3850905, 33.7293487], [-84.3851271, 33.7265847], [-84.3851043, 33.7265608], [-84.3843034, 33.7265439], [-84.3842818, 33.7265593], [-84.3842467, 33.7286353]]}, "properties": {"surface": "", "highway": "footway"}}, {"type": "Feature", "geometry": {"type": "LineString", "coordinates": [[-84.3841641, 33.7254394], [-84.3841727, 33.725463], [-84.3841671, 33.7257833], [-84.3841609, 33.726138]]}, "properties": {"surface": "", "highway": "footway"}}, {"type": "Feature", "geometry": {"type": "LineString", "coordinates": [[-84.3832329, 33.7272663], [-84.3831577, 33.727255], [-84.3831223, 33.7272497], [-84.3826318, 33.7271762], [-84.3825943, 33.7271706], [-84.3818811, 33.7270638], [-84.3818393, 33.7270575], [-84.3815685, 33.7270169], [-84.3815463, 33.7277705], [-84.3815396, 33.7279962], [-84.3815278, 33.7281387], [-84.381502, 33.7283048], [-84.3814595, 33.7284591], [-84.3814574, 33.7284669], [-84.3816904, 33.7284906], [-84.3818035, 33.728502], [-84.3818916, 33.728511], [-84.3819576, 33.7285177], [-84.3819819, 33.7285281], [-84.3822254, 33.7285515], [-84.3822551, 33.7285483], [-84.3823315, 33.72856], [-84.3823616, 33.7285646], [-84.3823788, 33.7285743], [-84.3826255, 33.7286023], [-84.3831921, 33.7286665], [-84.3832059, 33.7286527], [-84.3832065, 33.7286204], [-84.383207, 33.7285953], [-84.3832212, 33.727866], [-84.3832219, 33.7278295], [-84.3832329, 33.7272663]]}, "properties": {"surface": "", "highway": "footway"}}, {"type": "Feature", "geometry": {"type": "LineString", "coordinates": [[-84.3785885, 33.7304003], [-84.3785723, 33.7314567], [-84.3798792, 33.731489], [-84.3798987, 33.7304128]]}, "properties": {"surface": "concrete", "highway": "footway"}}, {"type": "Feature", "geometry": {"type": "LineString", "coordinates": [[-84.3800159, 33.7314912], [-84.3809196, 33.7315116], [-84.3809374, 33.7304227]]}, "properties": {"surface": "", "highway": "footway"}}, {"type": "Feature", "geometry": {"type": "LineString", "coordinates": [[-84.3800317, 33.7304141], [-84.3800268, 33.7307512], [-84.3800159, 33.7314912]]}, "properties": {"surface": "", "highway": "footway"}}, {"type": "Feature", "geometry": {"type": "LineString", "coordinates": [[-84.3799532, 33.7316105], [-84.3809161, 33.731637]]}, "properties": {"surface": "concrete", "highway": "footway"}}, {"type": "Feature", "geometry": {"type": "LineString", "coordinates": [[-84.3810353, 33.7316385], [-84.38316, 33.7316859], [-84.3833152, 33.7316893], [-84.3841903, 33.7317089], [-84.38429, 33.7317111], [-84.3843088, 33.7317114]]}, "properties": {"surface": "", "highway": "footway"}}, {"type": "Feature", "geometry": {"type": "LineString", "coordinates": [[-84.3843088, 33.7317114], [-84.38429, 33.7323274], [-84.381046, 33.7323138]]}, "properties": {"surface": "", "highway": "footway"}}, {"type": "Feature", "geometry": {"type": "LineString", "coordinates": [[-84.3810573, 33.7315124], [-84.3817178, 33.7315291], [-84.38201, 33.7315364], [-84.3824958, 33.7315487], [-84.3826859, 33.7315535], [-84.3828303, 33.7315571], [-84.3831662, 33.7315656], [-84.3831683, 33.7311722], [-84.3831692, 33.7309945], [-84.3831721, 33.730444]]}, "properties": {"surface": "", "highway": "footway"}}, {"type": "Feature", "geometry": {"type": "LineString", "coordinates": [[-84.3810793, 33.7304242], [-84.3810648, 33.731139], [-84.3810573, 33.7315124]]}, "properties": {"surface": "", "highway": "footway"}}, {"type": "Feature", "geometry": {"type": "LineString", "coordinates": [[-84.3842913, 33.7315922], [-84.3843107, 33.7304549]]}, "properties": {"surface": "", "highway": "footway"}}, {"type": "Feature", "geometry": {"type": "LineString", "coordinates": [[-84.3833181, 33.7304454], [-84.3833161, 33.7315627]]}, "properties": {"surface": "", "highway": "footway"}}, {"type": "Feature", "geometry": {"type": "LineString", "coordinates": [[-84.3844311, 33.7317158], [-84.3862929, 33.731761], [-84.3863386, 33.7324728]]}, "properties": {"surface": "concrete", "highway": "footway"}}, {"type": "Feature", "geometry": {"type": "LineString", "coordinates": [[-84.3863439, 33.7328119], [-84.38633, 33.7330971], [-84.3843784, 33.7330785], [-84.3844311, 33.7317158]]}, "properties": {"surface": "", "highway": "footway"}}, {"type": "Feature", "geometry": {"type": "LineString", "coordinates": [[-84.3842917, 33.7324192], [-84.3842762, 33.733092], [-84.3841222, 33.7330916], [-84.3810597, 33.7330836], [-84.3810388, 33.7324153], [-84.3810474, 33.7324044], [-84.3810698, 33.7323999], [-84.3812099, 33.7324012]]}, "properties": {"surface": "", "highway": "footway"}}, {"type": "Feature", "geometry": {"type": "LineString", "coordinates": [[-84.3844337, 33.7315977], [-84.3862695, 33.7316377], [-84.3861852, 33.7304697]]}, "properties": {"surface": "", "highway": "footway"}}, {"type": "Feature", "geometry": {"type": "LineString", "coordinates": [[-84.3844649, 33.7304564], [-84.3844473, 33.7304691], [-84.3844337, 33.7315977]]}, "properties": {"surface": "", "highway": "footway"}}, {"type": "Feature", "geometry": {"type": "LineString", "coordinates": [[-84.3864185, 33.731767], [-84.3864656, 33.732567], [-84.3864643, 33.7330992], [-84.3878248, 33.7331128], [-84.3878283, 33.7328976], [-84.3878376, 33.7323398], [-84.3878431, 33.7320142], [-84.3878466, 33.7317989], [-84.387721, 33.7317961], [-84.3864185, 33.731767]]}, "properties": {"surface": "concrete", "highway": "footway"}}, {"type": "Feature", "geometry": {"type": "LineString", "coordinates": [[-84.3864663, 33.7332117], [-84.3878145, 33.7332248], [-84.387833, 33.7332538], [-84.3878278, 33.7335967], [-84.3878146, 33.7343822], [-84.3877988, 33.7343994], [-84.3871255, 33.7343958], [-84.3864301, 33.734392], [-84.3864435, 33.7337271], [-84.3864438, 33.7332197], [-84.3864663, 33.7332117]]}, "properties": {"surface": "", "highway": "footway"}}, {"type": "Feature", "geometry": {"type": "LineString", "coordinates": [[-84.3863986, 33.7316442], [-84.3878534, 33.7316797], [-84.3878671, 33.7304889]]}, "properties": {"surface": "", "highway": "footway"}}, {"type": "Feature", "geometry": {"type": "LineString", "coordinates": [[-84.3863228, 33.7304811], [-84.3863986, 33.7316442]]}, "properties": {"surface": "", "highway": "footway"}}, {"type": "Feature", "geometry": {"type": "LineString", "coordinates": [[-84.3877914, 33.7344899], [-84.3878048, 33.7348957], [-84.3877963, 33.7352439], [-84.3877883, 33.7355703]]}, "properties": {"surface": "", "highway": "footway"}}, {"type": "Feature", "geometry": {"type": "LineString", "coordinates": [[-84.3877962, 33.7356454], [-84.3873137, 33.7356437], [-84.3871312, 33.735643]]}, "properties": {"surface": "", "highway": "footway"}}, {"type": "Feature", "geometry": {"type": "LineString", "coordinates": [[-84.3864195, 33.7356362], [-84.3864137, 33.7357853], [-84.3864092, 33.7359064], [-84.3864062, 33.7364594], [-84.3864062, 33.7364818], [-84.3864053, 33.7366338], [-84.3864047, 33.7367556], [-84.3866545, 33.7367566], [-84.3871326, 33.7367585], [-84.3871705, 33.7367586], [-84.3873808, 33.7367601], [-84.3874396, 33.7367605], [-84.387555, 33.7367611], [-84.3877843, 33.7367622], [-84.3877868, 33.7365282], [-84.3877875, 33.7364618], [-84.3877896, 33.7362605], [-84.3877927, 33.7359767], [-84.3877962, 33.7356454]]}, "properties": {"surface": "", "highway": "footway"}}, {"type": "Feature", "geometry": {"type": "LineString", "coordinates": [[-84.3879887, 33.7370321], [-84.3880017, 33.7370472]]}, "properties": {"surface": "concrete", "highway": "footway"}}, {"type": "Feature", "geometry": {"type": "LineString", "coordinates": [[-84.3879572, 33.7370259], [-84.3879887, 33.7370321], [-84.3879888, 33.7370162]]}, "properties": {"surface": "concrete", "highway": "footway"}}, {"type": "Feature", "geometry": {"type": "LineString", "coordinates": [[-84.3878867, 33.7294837], [-84.387583, 33.7294806], [-84.387122, 33.729476], [-84.3862607, 33.7294673], [-84.3862449, 33.7294805], [-84.3863117, 33.7303167]]}, "properties": {"surface": "", "highway": "footway"}}, {"type": "Feature", "geometry": {"type": "LineString", "coordinates": [[-84.3861224, 33.7294781], [-84.384514, 33.7294549], [-84.3844912, 33.7294826], [-84.3844772, 33.7295358], [-84.3844316, 33.7299783], [-84.3844229, 33.7302641], [-84.3844308, 33.7302996]]}, "properties": {"surface": "", "highway": "footway"}}, {"type": "Feature", "geometry": {"type": "LineString", "coordinates": [[-84.3844071, 33.7294586], [-84.3843913, 33.7295971], [-84.3843361, 33.730278], [-84.3843133, 33.7303017]]}, "properties": {"surface": "", "highway": "footway"}}, {"type": "Feature", "geometry": {"type": "LineString", "coordinates": [[-84.3844071, 33.7294586], [-84.3833144, 33.729443]]}, "properties": {"surface": "", "highway": "footway"}}, {"type": "Feature", "geometry": {"type": "LineString", "coordinates": [[-84.3833144, 33.729443], [-84.383319, 33.7302902]]}, "properties": {"surface": "", "highway": "footway"}}, {"type": "Feature", "geometry": {"type": "LineString", "coordinates": [[-84.3831721, 33.7302872], [-84.3831775, 33.7294453], [-84.3828499, 33.7294053], [-84.3828339, 33.7293965], [-84.3828282, 33.7293853], [-84.382825, 33.7293734], [-84.3828279, 33.7293474]]}, "properties": {"surface": "", "highway": "footway"}}, {"type": "Feature", "geometry": {"type": "LineString", "coordinates": [[-84.3831906, 33.7293407], [-84.3832018, 33.7293193], [-84.3832062, 33.7287835], [-84.3814372, 33.7285842], [-84.3812725, 33.7291298], [-84.3831746, 33.7293463], [-84.3831906, 33.7293407]]}, "properties": {"surface": "", "highway": "footway"}}, {"type": "Feature", "geometry": {"type": "LineString", "coordinates": [[-84.3812898, 33.7285722], [-84.3806986, 33.728548], [-84.3800974, 33.72852], [-84.3796409, 33.7284988], [-84.3786131, 33.7284859]]}, "properties": {"surface": "", "highway": "footway"}}, {"type": "Feature", "geometry": {"type": "LineString", "coordinates": [[-84.3786148, 33.7283602], [-84.3797014, 33.7283766], [-84.379617, 33.7278029], [-84.3796484, 33.7267187]]}, "properties": {"surface": "", "highway": "footway"}}, {"type": "Feature", "geometry": {"type": "LineString", "coordinates": [[-84.3813346, 33.7284657], [-84.3813389, 33.728451], [-84.3814014, 33.7282375], [-84.3814345, 33.7280184], [-84.3814561, 33.7269991]]}, "properties": {"surface": "", "highway": "footway"}}, {"type": "Feature", "geometry": {"type": "LineString", "coordinates": [[-84.3805436, 33.7268698], [-84.3805343, 33.7268845], [-84.3805296, 33.7278521], [-84.3804893, 33.728127], [-84.3804261, 33.7284193]]}, "properties": {"surface": "", "highway": "footway"}}, {"type": "Feature", "geometry": {"type": "LineString", "coordinates": [[-84.3853739, 33.7332059], [-84.3863275, 33.7332083], [-84.3863206, 33.7343934], [-84.3856509, 33.7343846]]}, "properties": {"surface": "", "highway": "footway"}}, {"type": "Feature", "geometry": {"type": "LineString", "coordinates": [[-84.3853081, 33.7332015], [-84.3849067, 33.7331979]]}, "properties": {"surface": "", "highway": "footway"}}, {"type": "Feature", "geometry": {"type": "LineString", "coordinates": [[-84.3848146, 33.7331993], [-84.3842352, 33.7331942], [-84.3842387, 33.7332292]]}, "properties": {"surface": "", "highway": "footway"}}, {"type": "Feature", "geometry": {"type": "LineString", "coordinates": [[-84.3842387, 33.7332292], [-84.3842387, 33.7333809]]}, "properties": {"surface": "asphalt", "highway": "footway"}}, {"type": "Feature", "geometry": {"type": "LineString", "coordinates": [[-84.3842387, 33.7333809], [-84.3842387, 33.7334217]]}, "properties": {"surface": "", "highway": "footway"}}, {"type": "Feature", "geometry": {"type": "LineString", "coordinates": [[-84.3842387, 33.7334217], [-84.384238, 33.7335509], [-84.3842379, 33.7335806]]}, "properties": {"surface": "asphalt", "highway": "footway"}}, {"type": "Feature", "geometry": {"type": "LineString", "coordinates": [[-84.3842379, 33.7335806], [-84.3842344, 33.733808]]}, "properties": {"surface": "", "highway": "footway"}}, {"type": "Feature", "geometry": {"type": "LineString", "coordinates": [[-84.3842498, 33.7343765], [-84.3848076, 33.7343825]]}, "properties": {"surface": "", "highway": "footway"}}, {"type": "Feature", "geometry": {"type": "LineString", "coordinates": [[-84.3848988, 33.7343803], [-84.3855941, 33.7343843], [-84.3856509, 33.7343846]]}, "properties": {"surface": "", "highway": "footway"}}, {"type": "Feature", "geometry": {"type": "LineString", "coordinates": [[-84.3863056, 33.7344709], [-84.3860993, 33.7344675], [-84.3855815, 33.734459], [-84.3852795, 33.734454], [-84.3852328, 33.7344532], [-84.384776, 33.7344479], [-84.38423, 33.7344415], [-84.3842218, 33.7355408], [-84.3847251, 33.7355467], [-84.385217, 33.7355524]]}, "properties": {"surface": "", "highway": "footway"}}, {"type": "Feature", "geometry": {"type": "LineString", "coordinates": [[-84.3853459, 33.7355547], [-84.3863145, 33.7355605], [-84.3863145, 33.7353469]]}, "properties": {"surface": "", "highway": "footway"}}, {"type": "Feature", "geometry": {"type": "LineString", "coordinates": [[-84.3856334, 33.7356232], [-84.3863032, 33.7356309], [-84.3863028, 33.735795], [-84.3862998, 33.7359305], [-84.3862975, 33.7360345], [-84.3862932, 33.7362263], [-84.3862901, 33.7363656], [-84.3862812, 33.7367596]]}, "properties": {"surface": "", "highway": "footway"}}, {"type": "Feature", "geometry": {"type": "LineString", "coordinates": [[-84.3862812, 33.7367596], [-84.3861763, 33.7367581], [-84.3856172, 33.7367497]]}, "properties": {"surface": "", "highway": "footway"}}, {"type": "Feature", "geometry": {"type": "LineString", "coordinates": [[-84.3855204, 33.7367484], [-84.384898, 33.7367392], [-84.3849092, 33.7363312], [-84.3849287, 33.7356181], [-84.3855502, 33.7356217]]}, "properties": {"surface": "", "highway": "footway"}}, {"type": "Feature", "geometry": {"type": "LineString", "coordinates": [[-84.3856172, 33.7367497], [-84.3855984, 33.7367261], [-84.385609, 33.7363913], [-84.3856334, 33.7356232]]}, "properties": {"surface": "", "highway": "footway"}}, {"type": "Feature", "geometry": {"type": "LineString", "coordinates": [[-84.3855502, 33.7356217], [-84.3855312, 33.736341], [-84.3855204, 33.7367484]]}, "properties": {"surface": "", "highway": "footway"}}, {"type": "Feature", "geometry": {"type": "LineString", "coordinates": [[-84.3842228, 33.7356153], [-84.384846, 33.735616], [-84.3848066, 33.736735], [-84.3841886, 33.7367218], [-84.3842228, 33.7356153]]}, "properties": {"surface": "", "highway": "footway"}}, {"type": "Feature", "geometry": {"type": "LineString", "coordinates": [[-84.3840694, 33.7367262], [-84.3840727, 33.7365893], [-84.3840804, 33.7362689], [-84.3840852, 33.7360708], [-84.3841106, 33.7350167], [-84.3834818, 33.73502]]}, "properties": {"surface": "concrete", "highway": "footway"}}, {"type": "Feature", "geometry": {"type": "LineString", "coordinates": [[-84.3840694, 33.7367262], [-84.3835851, 33.7367209], [-84.3824193, 33.7367068], [-84.3824193, 33.7364506], [-84.3824375, 33.7350515], [-84.3824394, 33.7349017]]}, "properties": {"surface": "concrete", "highway": "footway"}}, {"type": "Feature", "geometry": {"type": "LineString", "coordinates": [[-84.3841106, 33.7350167], [-84.3841112, 33.7349759], [-84.3841255, 33.7338341], [-84.3841335, 33.733191], [-84.38363, 33.7331875], [-84.3834667, 33.7331864], [-84.3824661, 33.7331794]]}, "properties": {"surface": "concrete", "highway": "footway"}}, {"type": "Feature", "geometry": {"type": "LineString", "coordinates": [[-84.3823287, 33.7331871], [-84.382292, 33.735166], [-84.3822912, 33.7352074], [-84.38229, 33.73527], [-84.3822634, 33.7367067], [-84.3814245, 33.7366873], [-84.3810062, 33.7366777], [-84.3810235, 33.7352624], [-84.3810242, 33.7352009], [-84.3810248, 33.735153], [-84.3810489, 33.7331766], [-84.3823287, 33.7331871]]}, "properties": {"surface": "concrete", "highway": "footway"}}, {"type": "Feature", "geometry": {"type": "LineString", "coordinates": [[-84.3809511, 33.7323121], [-84.3799553, 33.7322975]]}, "properties": {"surface": "", "highway": "footway"}}, {"type": "Feature", "geometry": {"type": "LineString", "coordinates": [[-84.3799553, 33.7322975], [-84.3799532, 33.7316105]]}, "properties": {"surface": "", "highway": "footway"}}, {"type": "Feature", "geometry": {"type": "LineString", "coordinates": [[-84.3809685, 33.733074], [-84.3799452, 33.7330682]]}, "properties": {"surface": "concrete", "highway": "footway"}}, {"type": "Feature", "geometry": {"type": "LineString", "coordinates": [[-84.380936, 33.7331892], [-84.379939, 33.7331873], [-84.3799219, 33.7342978]]}, "properties": {"surface": "concrete", "highway": "footway"}}, {"type": "Feature", "geometry": {"type": "LineString", "coordinates": [[-84.3809345, 33.7343828], [-84.3799243, 33.734377], [-84.3798855, 33.7366283], [-84.3798979, 33.736665], [-84.3799289, 33.7366759], [-84.3808789, 33.7366826]]}, "properties": {"surface": "", "highway": "footway"}}, {"type": "Feature", "geometry": {"type": "LineString", "coordinates": [[-84.378639, 33.726483], [-84.378808, 33.7265091], [-84.3791247, 33.7265595], [-84.3792214, 33.7265749], [-84.3794641, 33.7266134], [-84.3795058, 33.7266201], [-84.3796545, 33.7266437]]}, "properties": {"surface": "", "highway": "footway"}}, {"type": "Feature", "geometry": {"type": "LineString", "coordinates": [[-84.3786379, 33.7265673], [-84.3791257, 33.7266482], [-84.3791372, 33.7266481]]}, "properties": {"surface": "", "highway": "footway"}}, {"type": "Feature", "geometry": {"type": "LineString", "coordinates": [[-84.3843153, 33.7254422], [-84.3843061, 33.7257802]]}, "properties": {"surface": "", "highway": "footway"}}, {"type": "Feature", "geometry": {"type": "LineString", "coordinates": [[-84.382292, 33.735166], [-84.3822116, 33.7351751], [-84.3821108, 33.7351738], [-84.3820124, 33.7351725], [-84.3819731, 33.735172], [-84.3819164, 33.7351489], [-84.3814255, 33.7351454], [-84.3813778, 33.7351685], [-84.3812772, 33.7351672], [-84.3810789, 33.7351645], [-84.3810248, 33.735153]]}, "properties": {"surface": "", "highway": "footway"}}, {"type": "Feature", "geometry": {"type": "LineString", "coordinates": [[-84.38229, 33.73527], [-84.3822164, 33.7352549], [-84.3810976, 33.7352443], [-84.3810235, 33.7352624]]}, "properties": {"surface": "", "highway": "footway"}}, {"type": "Feature", "geometry": {"type": "LineString", "coordinates": [[-84.3814237, 33.7368285], [-84.3814663, 33.7368323], [-84.3814685, 33.7372463], [-84.381471, 33.7378881]]}, "properties": {"surface": "", "highway": "footway"}}, {"type": "Feature", "geometry": {"type": "LineString", "coordinates": [[-84.3814237, 33.7368285], [-84.3810013, 33.7368197], [-84.3808817, 33.7368174], [-84.3799529, 33.7368047]]}, "properties": {"surface": "", "highway": "footway"}}, {"type": "Feature", "geometry": {"type": "LineString", "coordinates": [[-84.3879911, 33.7367617], [-84.3880061, 33.7366933], [-84.3880239, 33.7356975], [-84.388026, 33.735554], [-84.3880248, 33.7343815], [-84.3880291, 33.734261]]}, "properties": {"surface": "", "highway": "footway"}}, {"type": "Feature", "geometry": {"type": "LineString", "coordinates": [[-84.3879911, 33.7367617], [-84.388059, 33.7367987], [-84.3882836, 33.7368884], [-84.3885128, 33.7370519], [-84.3887588, 33.7371993], [-84.3890131, 33.7373006], [-84.3891661, 33.7373331], [-84.3893019, 33.7373431], [-84.3893691, 33.737344], [-84.3893758, 33.7373441], [-84.3894283, 33.7373448], [-84.3894479, 33.737345], [-84.3895906, 33.7373303], [-84.3897315, 33.7373037], [-84.3898677, 33.7372627], [-84.3899947, 33.7372109], [-84.3901151, 33.7371428], [-84.3902281, 33.7370655], [-84.3903453, 33.7369831], [-84.3903833, 33.7369424], [-84.3903955, 33.7369293], [-84.3904331, 33.7368892], [-84.3906219, 33.7368033], [-84.3907693, 33.7367935], [-84.3907835, 33.7367318]]}, "properties": {"surface": "", "highway": "footway"}}, {"type": "Feature", "geometry": {"type": "LineString", "coordinates": [[-84.3880291, 33.734261], [-84.388076, 33.734248], [-84.3883111, 33.7342498], [-84.3895023, 33.7342593], [-84.3902389, 33.7342651], [-84.390284, 33.7343042], [-84.3905849, 33.7343083], [-84.3906554, 33.7342789], [-84.3907985, 33.7342838], [-84.3907835, 33.7367318]]}, "properties": {"surface": "", "highway": "footway"}}, {"type": "Feature", "geometry": {"type": "LineString", "coordinates": [[-84.3880483, 33.7371015], [-84.3880003, 33.737159], [-84.3879883, 33.7372092], [-84.3879864, 33.7378624], [-84.3879863, 33.7379089]]}, "properties": {"surface": "", "highway": "footway"}}, {"type": "Feature", "geometry": {"type": "LineString", "coordinates": [[-84.3880483, 33.7371015], [-84.3881054, 33.7370945], [-84.3881828, 33.7371165], [-84.3884827, 33.7373039], [-84.3886552, 33.7374001], [-84.3888414, 33.7374669], [-84.3890943, 33.7375329], [-84.3893099, 33.7375536], [-84.3893148, 33.7375541], [-84.3893324, 33.7375535]]}, "properties": {"surface": "", "highway": "footway"}}, {"type": "Feature", "geometry": {"type": "LineString", "coordinates": [[-84.3879833, 33.737975], [-84.3879806, 33.73802], [-84.3879427, 33.7386395]]}, "properties": {"surface": "", "highway": "footway"}}, {"type": "Feature", "geometry": {"type": "LineString", "coordinates": [[-84.3879427, 33.7386395], [-84.3879419, 33.7386716], [-84.3879227, 33.7394801], [-84.3879226, 33.7401292], [-84.3878996, 33.7416859], [-84.3879447, 33.7417511]]}, "properties": {"surface": "", "highway": "footway"}}, {"type": "Feature", "geometry": {"type": "LineString", "coordinates": [[-84.3815902, 33.7368341], [-84.3815968, 33.7368341], [-84.3821117, 33.7368375], [-84.3822634, 33.7368384]]}, "properties": {"surface": "", "highway": "footway"}}, {"type": "Feature", "geometry": {"type": "LineString", "coordinates": [[-84.3822634, 33.7368384], [-84.3838187, 33.7368567], [-84.3840615, 33.7368596]]}, "properties": {"surface": "", "highway": "footway"}}, {"type": "Feature", "geometry": {"type": "LineString", "coordinates": [[-84.3841886, 33.7368611], [-84.3848453, 33.7368684], [-84.3849048, 33.7368691], [-84.3855104, 33.7368741]]}, "properties": {"surface": "", "highway": "footway"}}, {"type": "Feature", "geometry": {"type": "LineString", "coordinates": [[-84.3862821, 33.7368952], [-84.3862112, 33.7368932], [-84.3856109, 33.7368761]]}, "properties": {"surface": "", "highway": "footway"}}, {"type": "Feature", "geometry": {"type": "LineString", "coordinates": [[-84.3864635, 33.7369389], [-84.3865062, 33.7369157], [-84.387197, 33.7369255], [-84.3873712, 33.736928], [-84.3877038, 33.736957], [-84.3877505, 33.7369851]]}, "properties": {"surface": "", "highway": "footway"}}, {"type": "Feature", "geometry": {"type": "LineString", "coordinates": [[-84.3909641, 33.7370418], [-84.3909962, 33.7369902], [-84.3910699, 33.7369726], [-84.3913006, 33.7369715], [-84.3916225, 33.7369659], [-84.3924518, 33.7369529], [-84.3925499, 33.7369521], [-84.3925675, 33.7369515]]}, "properties": {"surface": "", "highway": "footway"}}, {"type": "Feature", "geometry": {"type": "LineString", "coordinates": [[-84.3925036, 33.7367038], [-84.3924513, 33.7367138], [-84.3915219, 33.7367283], [-84.3910525, 33.7367328], [-84.3909895, 33.7367328], [-84.3909689, 33.7367187]]}, "properties": {"surface": "", "highway": "footway"}}, {"type": "Feature", "geometry": {"type": "LineString", "coordinates": [[-84.3858652, 33.7484114], [-84.3847255, 33.7480552]]}, "properties": {"surface": "", "highway": "footway"}}, {"type": "Feature", "geometry": {"type": "LineString", "coordinates": [[-84.3847255, 33.7480552], [-84.3839315, 33.74781]]}, "properties": {"surface": "", "highway": "footway"}}, {"type": "Feature", "geometry": {"type": "LineString", "coordinates": [[-84.3815809, 33.74736], [-84.3815822, 33.747009], [-84.3815893, 33.7470083], [-84.3816636, 33.7470088], [-84.3837652, 33.7470235], [-84.3837506, 33.7477709], [-84.3823588, 33.7474043], [-84.3821933, 33.7473707], [-84.3815809, 33.74736]]}, "properties": {"surface": "", "highway": "footway"}}, {"type": "Feature", "geometry": {"type": "LineString", "coordinates": [[-84.3839315, 33.74781], [-84.3839296, 33.7470285], [-84.3860787, 33.7470408], [-84.3860878, 33.7470404], [-84.3862349, 33.7470336], [-84.3862896, 33.7470281], [-84.3864125, 33.7470159], [-84.3865505, 33.7470104], [-84.3866793, 33.7470091]]}, "properties": {"surface": "", "highway": "footway"}}, {"type": "Feature", "geometry": {"type": "LineString", "coordinates": [[-84.3903299, 33.7369101], [-84.3903833, 33.7369424]]}, "properties": {"surface": "", "highway": "footway"}}, {"type": "Feature", "geometry": {"type": "LineString", "coordinates": [[-84.4017788, 33.7220776], [-84.4017825, 33.7219307], [-84.4017401, 33.7218269], [-84.4016552, 33.7217272], [-84.4015778, 33.7216483], [-84.4015479, 33.72153], [-84.4015481, 33.7214386], [-84.4015487, 33.7212725], [-84.4015503, 33.7207534]]}, "properties": {"surface": "", "highway": "footway"}}, {"type": "Feature", "geometry": {"type": "LineString", "coordinates": [[-84.401365, 33.7207534], [-84.4013382, 33.7207534], [-84.4009313, 33.7207534], [-84.400779, 33.720743], [-84.4005156, 33.7206682], [-84.3999527, 33.7205084], [-84.3998528, 33.7204731], [-84.3994809, 33.7204586], [-84.3994759, 33.7207098], [-84.399431, 33.720743], [-84.399431, 33.7208406]]}, "properties": {"surface": "", "highway": "footway"}}, {"type": "Feature", "geometry": {"type": "LineString", "coordinates": [[-84.4013382, 33.7207534], [-84.4013382, 33.7212704], [-84.4009628, 33.7212677], [-84.4007695, 33.7212663], [-84.4007059, 33.7212659], [-84.4001873, 33.7212621]]}, "properties": {"surface": "", "highway": "footway"}}, {"type": "Feature", "geometry": {"type": "LineString", "coordinates": [[-84.4013382, 33.7212704], [-84.4014385, 33.7212714], [-84.4015487, 33.7212725]]}, "properties": {"surface": "", "highway": "footway"}}, {"type": "Feature", "geometry": {"type": "LineString", "coordinates": [[-84.4013382, 33.7212704], [-84.4013382, 33.7213562], [-84.4013382, 33.7214365]]}, "properties": {"surface": "", "highway": "footway"}}, {"type": "Feature", "geometry": {"type": "LineString", "coordinates": [[-84.4013382, 33.7214365], [-84.4014388, 33.7214362], [-84.4015481, 33.7214386]]}, "properties": {"surface": "", "highway": "footway"}}, {"type": "Feature", "geometry": {"type": "LineString", "coordinates": [[-84.401459, 33.7220749], [-84.4015234, 33.7220025], [-84.4015423, 33.7219124], [-84.4015234, 33.7218652], [-84.4014477, 33.7217623], [-84.401391, 33.7216478], [-84.4013652, 33.7214962], [-84.4013652, 33.7214591], [-84.4013382, 33.7214365], [-84.4009594, 33.7214362], [-84.4009604, 33.7220707]]}, "properties": {"surface": "", "highway": "footway"}}, {"type": "Feature", "geometry": {"type": "LineString", "coordinates": [[-84.4007626, 33.7220691], [-84.4007702, 33.721429], [-84.4002338, 33.7214305]]}, "properties": {"surface": "", "highway": "footway"}}, {"type": "Feature", "geometry": {"type": "LineString", "coordinates": [[-84.4001667, 33.7214777], [-84.4001696, 33.7217207], [-84.4001711, 33.7220641]]}, "properties": {"surface": "", "highway": "footway"}}, {"type": "Feature", "geometry": {"type": "LineString", "coordinates": [[-84.4009594, 33.7214362], [-84.4009593, 33.7213526], [-84.4009628, 33.7212677]]}, "properties": {"surface": "", "highway": "footway"}}, {"type": "Feature", "geometry": {"type": "LineString", "coordinates": [[-84.4009594, 33.7214362], [-84.4008497, 33.721432], [-84.4007702, 33.721429]]}, "properties": {"surface": "", "highway": "footway"}}, {"type": "Feature", "geometry": {"type": "LineString", "coordinates": [[-84.4007702, 33.721429], [-84.4007699, 33.7213506], [-84.4007695, 33.7212663]]}, "properties": {"surface": "", "highway": "footway"}}, {"type": "Feature", "geometry": {"type": "LineString", "coordinates": [[-84.4001696, 33.7217207], [-84.4000671, 33.7217192], [-84.3999751, 33.7217178]]}, "properties": {"surface": "", "highway": "footway"}}, {"type": "Feature", "geometry": {"type": "LineString", "coordinates": [[-84.3999751, 33.7217178], [-84.3999732, 33.7219109], [-84.3999717, 33.7220624]]}, "properties": {"surface": "", "highway": "footway"}}, {"type": "Feature", "geometry": {"type": "LineString", "coordinates": [[-84.3999717, 33.7220624], [-84.3994284, 33.7220579], [-84.3993371, 33.7220571]]}, "properties": {"surface": "", "highway": "footway"}}, {"type": "Feature", "geometry": {"type": "LineString", "coordinates": [[-84.3994284, 33.7220579], [-84.3994271, 33.7219052], [-84.3994266, 33.7218523], [-84.3994799, 33.7217393], [-84.3994799, 33.7213789], [-84.3994197, 33.7212787], [-84.3994214, 33.7210657]]}, "properties": {"surface": "", "highway": "footway"}}, {"type": "Feature", "geometry": {"type": "LineString", "coordinates": [[-84.387302, 33.7454734], [-84.3872993, 33.7457372], [-84.3872555, 33.7457724], [-84.3871769, 33.7457968], [-84.3865172, 33.746001], [-84.3864912, 33.7459498], [-84.3864297, 33.7459691], [-84.3863859, 33.7458497], [-84.3863832, 33.7457724]]}, "properties": {"surface": "", "highway": "footway"}}, {"type": "Feature", "geometry": {"type": "LineString", "coordinates": [[-84.3875423, 33.7451049], [-84.3876042, 33.7451562], [-84.3875899, 33.7462431]]}, "properties": {"surface": "", "highway": "footway"}}, {"type": "Feature", "geometry": {"type": "LineString", "coordinates": [[-84.3863163, 33.7445831], [-84.3862965, 33.7456548], [-84.386285, 33.7462785], [-84.3862763, 33.7467551], [-84.3862863, 33.7467857], [-84.3862926, 33.746805], [-84.3863043, 33.7468131]]}, "properties": {"surface": "", "highway": "footway"}}, {"type": "Feature", "geometry": {"type": "LineString", "coordinates": [[-84.3878907, 33.7449024], [-84.3879054, 33.7434842]]}, "properties": {"surface": "", "highway": "footway"}}, {"type": "Feature", "geometry": {"type": "LineString", "coordinates": [[-84.3879054, 33.7434842], [-84.3879031, 33.7432661], [-84.3879286, 33.7432366], [-84.3879627, 33.7432201]]}, "properties": {"surface": "", "highway": "footway"}}, {"type": "Feature", "geometry": {"type": "LineString", "coordinates": [[-84.3875808, 33.7449394], [-84.3876298, 33.744934], [-84.3876358, 33.7448747], [-84.3876369, 33.7448358]]}, "properties": {"surface": "", "highway": "footway"}}, {"type": "Feature", "geometry": {"type": "LineString", "coordinates": [[-84.3876369, 33.7448358], [-84.3876517, 33.7436179], [-84.3876541, 33.7434455]]}, "properties": {"surface": "", "highway": "footway"}}, {"type": "Feature", "geometry": {"type": "LineString", "coordinates": [[-84.3876541, 33.7434455], [-84.3876584, 33.7432533], [-84.3876547, 33.7432345], [-84.387652, 33.7432211], [-84.3876279, 33.7431888], [-84.3876021, 33.7431757], [-84.3875485, 33.7431696]]}, "properties": {"surface": "", "highway": "footway"}}, {"type": "Feature", "geometry": {"type": "LineString", "coordinates": [[-84.3875528, 33.7430626], [-84.3875986, 33.7430421], [-84.3876359, 33.7430181], [-84.387648, 33.7430001], [-84.3876655, 33.7429743], [-84.3876756, 33.7429244], [-84.3876804, 33.7425717], [-84.3876882, 33.7419974]]}, "properties": {"surface": "", "highway": "footway"}}, {"type": "Feature", "geometry": {"type": "LineString", "coordinates": [[-84.3876769, 33.7419846], [-84.3868904, 33.7419734], [-84.3863334, 33.742021], [-84.3863131, 33.742909]]}, "properties": {"surface": "", "highway": "footway"}}, {"type": "Feature", "geometry": {"type": "LineString", "coordinates": [[-84.3876882, 33.7419974], [-84.3876769, 33.7419846]]}, "properties": {"surface": "", "highway": "footway"}}, {"type": "Feature", "geometry": {"type": "LineString", "coordinates": [[-84.387958, 33.7430436], [-84.387929, 33.743032], [-84.387911, 33.7430096], [-84.3879056, 33.7429958], [-84.387905, 33.7429553], [-84.3878993, 33.7425427], [-84.3878924, 33.7420492], [-84.3879071, 33.7420224], [-84.3879357, 33.7420037], [-84.3879663, 33.7419932], [-84.3880341, 33.7419936], [-84.388193, 33.7419945], [-84.3905176, 33.742008]]}, "properties": {"surface": "", "highway": "footway"}}, {"type": "Feature", "geometry": {"type": "LineString", "coordinates": [[-84.3905176, 33.742008], [-84.3908733, 33.7420101], [-84.3909324, 33.7420154], [-84.3909685, 33.742028], [-84.3909943, 33.742037]]}, "properties": {"surface": "", "highway": "footway"}}, {"type": "Feature", "geometry": {"type": "LineString", "coordinates": [[-84.387958, 33.7430436], [-84.3880089, 33.7430524], [-84.3880703, 33.7430527], [-84.3881869, 33.7430532], [-84.3884573, 33.7430543], [-84.3890149, 33.7430567], [-84.389191, 33.7430401], [-84.389263, 33.7430333], [-84.3893979, 33.7430043], [-84.389538, 33.7429742], [-84.3896841, 33.742924], [-84.3900026, 33.7427716], [-84.3901559, 33.7426732], [-84.3903822, 33.7424612], [-84.3904903, 33.7423237], [-84.3906141, 33.7421256], [-84.3906199, 33.742112], [-84.390652, 33.7420372], [-84.3907, 33.7418874], [-84.3907231, 33.7417645], [-84.3907471, 33.7408804], [-84.3907693, 33.7407268], [-84.3908506, 33.7404594], [-84.3909319, 33.7402297], [-84.390951, 33.7401761], [-84.3910677, 33.739848], [-84.3911166, 33.7395837], [-84.3911526, 33.739205], [-84.391153, 33.7391794], [-84.3911537, 33.7391302], [-84.3911545, 33.7390721], [-84.3911376, 33.7388753]]}, "properties": {"surface": "", "highway": "footway"}}, {"type": "Feature", "geometry": {"type": "LineString", "coordinates": [[-84.3908732, 33.7383303], [-84.3909048, 33.7383198], [-84.3909163, 33.7383036], [-84.3909153, 33.7382771], [-84.3908946, 33.7382255], [-84.390845, 33.738086], [-84.3908226, 33.7380098], [-84.3908057, 33.7378658], [-84.3907844, 33.737713], [-84.3907824, 33.737232], [-84.3907658, 33.7371852], [-84.3907334, 33.7371452], [-84.3906924, 33.7371127]]}, "properties": {"surface": "", "highway": "footway"}}, {"type": "Feature", "geometry": {"type": "LineString", "coordinates": [[-84.3879447, 33.7417511], [-84.3879845, 33.7417814], [-84.3888035, 33.741789], [-84.3897011, 33.7417974], [-84.3905237, 33.7418051]]}, "properties": {"surface": "", "highway": "footway"}}, {"type": "Feature", "geometry": {"type": "LineString", "coordinates": [[-84.3905237, 33.7418051], [-84.3909548, 33.7418091], [-84.3909761, 33.7418022], [-84.3910246, 33.7417864]]}, "properties": {"surface": "", "highway": "footway"}}, {"type": "Feature", "geometry": {"type": "LineString", "coordinates": [[-84.3912647, 33.7417854], [-84.3912748, 33.741804], [-84.393651, 33.7418303]]}, "properties": {"surface": "", "highway": "footway"}}, {"type": "Feature", "geometry": {"type": "LineString", "coordinates": [[-84.3912278, 33.7420393], [-84.3912323, 33.7420281], [-84.3912458, 33.7420184], [-84.3921198, 33.7420184], [-84.3921421, 33.7420256], [-84.3921536, 33.7420429]]}, "properties": {"surface": "", "highway": "footway"}}, {"type": "Feature", "geometry": {"type": "LineString", "coordinates": [[-84.3923705, 33.7420435], [-84.392382, 33.7420316], [-84.3924101, 33.7420244], [-84.3936443, 33.7420339]]}, "properties": {"surface": "", "highway": "footway"}}, {"type": "Feature", "geometry": {"type": "LineString", "coordinates": [[-84.3936443, 33.7420339], [-84.3937553, 33.7420373], [-84.3939417, 33.7420552], [-84.3941201, 33.7420786], [-84.3941858, 33.7420953], [-84.3942537, 33.7421386], [-84.3943083, 33.7422112], [-84.3943237, 33.7422934], [-84.3943197, 33.7423693], [-84.3942959, 33.7424184], [-84.3942482, 33.7424659], [-84.3941639, 33.7425166], [-84.3940497, 33.7425381], [-84.3939399, 33.7425377], [-84.3934644, 33.7425356], [-84.3934665, 33.7424238], [-84.3934736, 33.7422527], [-84.3935339, 33.7407943], [-84.394469, 33.7408024], [-84.3944534, 33.7415583], [-84.3944481, 33.7418163], [-84.3944206, 33.741842], [-84.3943896, 33.7418574], [-84.393651, 33.7418303]]}, "properties": {"surface": "", "highway": "footway"}}, {"type": "Feature", "geometry": {"type": "LineString", "coordinates": [[-84.3942591, 33.7420374], [-84.394427, 33.7420299], [-84.3944479, 33.7420299], [-84.3944407, 33.7425355], [-84.394288, 33.7425349]]}, "properties": {"surface": "", "highway": "footway"}}, {"type": "Feature", "geometry": {"type": "LineString", "coordinates": [[-84.3932723, 33.7425369], [-84.3933114, 33.7425352], [-84.3933248, 33.7417343], [-84.3933274, 33.7415818], [-84.3933406, 33.7407954], [-84.393324, 33.7407881], [-84.3925329, 33.7407851], [-84.3924947, 33.7407931], [-84.3925101, 33.7411173], [-84.3925473, 33.741553], [-84.3925731, 33.7417519], [-84.3926124, 33.7420553], [-84.3926916, 33.7425023], [-84.3927102, 33.7425259], [-84.3927541, 33.7425389]]}, "properties": {"surface": "", "highway": "footway"}}, {"type": "Feature", "geometry": {"type": "LineString", "coordinates": [[-84.3945999, 33.74204], [-84.3945907, 33.7426], [-84.3945895, 33.7426686], [-84.3945793, 33.7432852], [-84.3945622, 33.7443179], [-84.3945603, 33.7444362], [-84.3945774, 33.7444767], [-84.3946066, 33.7445041], [-84.39464, 33.7445257], [-84.3955374, 33.7446444], [-84.3956686, 33.7446545], [-84.3961606, 33.7446861], [-84.3965001, 33.7446753], [-84.3968113, 33.7446579], [-84.3972801, 33.7445966], [-84.3975732, 33.7445422], [-84.3978551, 33.7444706], [-84.3978961, 33.744452], [-84.3979277, 33.7444275], [-84.3979497, 33.7443885], [-84.3979929, 33.7437467], [-84.3980104, 33.7436689], [-84.3980555, 33.7435592], [-84.398073, 33.7434718], [-84.3980905, 33.7433196], [-84.3980965, 33.7430405], [-84.398098, 33.7429752], [-84.3980986, 33.7429473], [-84.3980942, 33.7428915], [-84.3980925, 33.7428706], [-84.3981076, 33.7423291], [-84.398114, 33.7420985], [-84.3981053, 33.7420767], [-84.3980649, 33.7420689], [-84.3976847, 33.7420667], [-84.3975775, 33.7420661], [-84.3975458, 33.7420532], [-84.3970563, 33.7420493], [-84.3970341, 33.7420661], [-84.3970328, 33.7420879]]}, "properties": {"surface": "", "highway": "footway"}}, {"type": "Feature", "geometry": {"type": "LineString", "coordinates": [[-84.3970428, 33.7422757], [-84.3970399, 33.7425024], [-84.3970307, 33.743209], [-84.3973444, 33.743218]]}, "properties": {"surface": "", "highway": "footway"}}, {"type": "Feature", "geometry": {"type": "LineString", "coordinates": [[-84.3968078, 33.7432469], [-84.3968071, 33.7432781], [-84.3968948, 33.743279], [-84.3968914, 33.7436538], [-84.3968633, 33.7436949], [-84.3968228, 33.7437108], [-84.39677, 33.7437388], [-84.3967329, 33.7437856], [-84.3967284, 33.7438304], [-84.3967498, 33.7438809], [-84.3967756, 33.743908], [-84.3968172, 33.7439304], [-84.3968633, 33.7439388], [-84.3969082, 33.7439369], [-84.3969352, 33.7439313], [-84.3969656, 33.7439145], [-84.3969892, 33.7438893], [-84.3970105, 33.7438491], [-84.397015, 33.7437968], [-84.3970227, 33.7432486]]}, "properties": {"surface": "", "highway": "footway"}}, {"type": "Feature", "geometry": {"type": "LineString", "coordinates": [[-84.3956681, 33.7436217], [-84.395662, 33.743596], [-84.3956287, 33.7435709], [-84.3955931, 33.7435406], [-84.3955621, 33.7434962], [-84.3955612, 33.7434761], [-84.3955605, 33.7434621], [-84.3955706, 33.7434325], [-84.3955962, 33.7434048], [-84.3956519, 33.7433733], [-84.3956643, 33.743334], [-84.3956657, 33.7432361], [-84.3956685, 33.7430397], [-84.3956829, 33.7420466], [-84.3951332, 33.7420433], [-84.3945999, 33.74204]]}, "properties": {"surface": "", "highway": "footway"}}, {"type": "Feature", "geometry": {"type": "LineString", "coordinates": [[-84.396893, 33.7432006], [-84.3969089, 33.7420542], [-84.3966462, 33.7420513], [-84.3958057, 33.7420419], [-84.3957953, 33.7420641], [-84.3957884, 33.7424608], [-84.3957754, 33.7432072], [-84.3968603, 33.7432113], [-84.396893, 33.7432006]]}, "properties": {"surface": "", "highway": "footway"}}, {"type": "Feature", "geometry": {"type": "LineString", "coordinates": [[-84.3946021, 33.7418597], [-84.3956809, 33.7418747], [-84.395703, 33.7408136], [-84.3950676, 33.7408096], [-84.3946127, 33.7408068], [-84.3946021, 33.7418597]]}, "properties": {"surface": "", "highway": "footway"}}, {"type": "Feature", "geometry": {"type": "LineString", "coordinates": [[-84.3946356, 33.7395478], [-84.3946327, 33.739728], [-84.394617, 33.7407035], [-84.39495, 33.7407077], [-84.3957042, 33.7407173], [-84.3957162, 33.7402721]]}, "properties": {"surface": "", "highway": "footway"}}, {"type": "Feature", "geometry": {"type": "LineString", "coordinates": [[-84.3944704, 33.7407049], [-84.3939584, 33.7406986], [-84.3936937, 33.7406953], [-84.3935387, 33.7406934], [-84.393569, 33.7394579], [-84.3935572, 33.7388723], [-84.393542, 33.7381139], [-84.3935486, 33.7381058], [-84.3935595, 33.7381003]]}, "properties": {"surface": "", "highway": "footway"}}, {"type": "Feature", "geometry": {"type": "LineString", "coordinates": [[-84.3939596, 33.7395459], [-84.39449, 33.7395494], [-84.3944704, 33.7407049]]}, "properties": {"surface": "", "highway": "footway"}}, {"type": "Feature", "geometry": {"type": "LineString", "coordinates": [[-84.3944412, 33.7426696], [-84.3943061, 33.7426678], [-84.3934648, 33.7426566], [-84.3934557, 33.7433402], [-84.3934536, 33.7434917], [-84.3934463, 33.7440451], [-84.393442, 33.7443686], [-84.3943663, 33.744496], [-84.3944027, 33.7444883], [-84.3944127, 33.74446], [-84.394428, 33.7434985], [-84.3944304, 33.7433484], [-84.3944412, 33.7426696]]}, "properties": {"surface": "", "highway": "footway"}}, {"type": "Feature", "geometry": {"type": "LineString", "coordinates": [[-84.3932887, 33.7443087], [-84.3932905, 33.7442474]]}, "properties": {"surface": "", "highway": "footway"}}, {"type": "Feature", "geometry": {"type": "LineString", "coordinates": [[-84.3932711, 33.7441534], [-84.3932971, 33.7441169], [-84.3932981, 33.7440467], [-84.3933024, 33.7437387], [-84.3933172, 33.7426733], [-84.3933031, 33.7426589]]}, "properties": {"surface": "", "highway": "footway"}}, {"type": "Feature", "geometry": {"type": "LineString", "coordinates": [[-84.3934813, 33.7445572], [-84.3934628, 33.7457355], [-84.393428, 33.746028], [-84.3933504, 33.7462934], [-84.3932572, 33.7464896], [-84.3930837, 33.7467373], [-84.3930373, 33.7467984], [-84.3930342, 33.7468351], [-84.3930506, 33.7468592]]}, "properties": {"surface": "", "highway": "footway"}}, {"type": "Feature", "geometry": {"type": "LineString", "coordinates": [[-84.3945596, 33.7446505], [-84.3945503, 33.7446884], [-84.394545, 33.7450493], [-84.3945279, 33.7461998], [-84.3945356, 33.7462224], [-84.3945627, 33.7462333]]}, "properties": {"surface": "", "highway": "footway"}}, {"type": "Feature", "geometry": {"type": "LineString", "coordinates": [[-84.3993732, 33.7412205], [-84.3993625, 33.7411961], [-84.3993369, 33.7411655], [-84.3993018, 33.7411446], [-84.3992543, 33.7411353], [-84.3992031, 33.7410559], [-84.3991434, 33.7409633], [-84.3990234, 33.7409553]]}, "properties": {"surface": "", "highway": "footway"}}, {"type": "Feature", "geometry": {"type": "LineString", "coordinates": [[-84.4000078, 33.739598], [-84.4000047, 33.7397634], [-84.4000034, 33.7398291]]}, "properties": {"surface": "", "highway": "footway"}}, {"type": "Feature", "geometry": {"type": "LineString", "coordinates": [[-84.4010085, 33.7408293], [-84.4009967, 33.7408683], [-84.4009742, 33.7408958], [-84.4009368, 33.7409072], [-84.4008669, 33.7409191], [-84.4008219, 33.7409477], [-84.4007851, 33.7409902], [-84.4007764, 33.7410374], [-84.4007889, 33.7410821], [-84.4008157, 33.7411215], [-84.4008444, 33.7411495], [-84.4008875, 33.7411667], [-84.4009386, 33.7411729], [-84.4009867, 33.7411693], [-84.4010572, 33.7411454], [-84.4010959, 33.7411143], [-84.4011146, 33.7410826], [-84.4011265, 33.7410473], [-84.4011259, 33.741025], [-84.4011934, 33.741026], [-84.4013936, 33.7410291]]}, "properties": {"surface": "", "highway": "footway"}}, {"type": "Feature", "geometry": {"type": "LineString", "coordinates": [[-84.4011586, 33.7408832], [-84.4011547, 33.7409919]]}, "properties": {"surface": "", "highway": "footway"}}, {"type": "Feature", "geometry": {"type": "LineString", "coordinates": [[-84.401095, 33.7409915], [-84.4011547, 33.7409919], [-84.4011779, 33.741004], [-84.4011934, 33.741026]]}, "properties": {"surface": "", "highway": "footway"}}, {"type": "Feature", "geometry": {"type": "LineString", "coordinates": [[-84.4010434, 33.7408287], [-84.401152, 33.7408341], [-84.4012665, 33.740879], [-84.4013632, 33.7408853], [-84.4014571, 33.7408915], [-84.4015952, 33.7409605]]}, "properties": {"surface": "", "highway": "footway"}}, {"type": "Feature", "geometry": {"type": "LineString", "coordinates": [[-84.399997, 33.7419214], [-84.4006513, 33.7419503], [-84.4006549, 33.7418939]]}, "properties": {"surface": "", "highway": "footway"}}, {"type": "Feature", "geometry": {"type": "LineString", "coordinates": [[-84.4006589, 33.7418337], [-84.4006628, 33.7417735]]}, "properties": {"surface": "", "highway": "footway"}}, {"type": "Feature", "geometry": {"type": "LineString", "coordinates": [[-84.3998953, 33.7419723], [-84.3999086, 33.7417438], [-84.4006628, 33.7417735], [-84.4007008, 33.7417459], [-84.4007795, 33.7417095], [-84.4008666, 33.7416934], [-84.4009375, 33.7417148], [-84.4009853, 33.7417508], [-84.4010465, 33.7418023], [-84.4010723, 33.7418586]]}, "properties": {"surface": "", "highway": "footway"}}, {"type": "Feature", "geometry": {"type": "LineString", "coordinates": [[-84.401366, 33.7395797], [-84.4014024, 33.7397635], [-84.4014121, 33.7398104], [-84.4015069, 33.7403441], [-84.401616, 33.740958], [-84.4017021, 33.7414284], [-84.4017972, 33.7419414], [-84.4017286, 33.7419726], [-84.4013729, 33.7420181], [-84.4013163, 33.7420208], [-84.4012465, 33.7420242], [-84.4010765, 33.7420258], [-84.3999384, 33.7419742], [-84.3998953, 33.7419723], [-84.3997904, 33.7419678], [-84.399614, 33.7419603], [-84.3989785, 33.7419331], [-84.3983301, 33.7418988], [-84.3983226, 33.7418892], [-84.3983312, 33.7411459], [-84.3983442, 33.7408409]]}, "properties": {"surface": "", "highway": "footway"}}, {"type": "Feature", "geometry": {"type": "LineString", "coordinates": [[-84.4127674, 33.7258114], [-84.4135145, 33.7258035], [-84.4135044, 33.7253981], [-84.413452, 33.7235162], [-84.413426, 33.7225841], [-84.4134195, 33.7223522]]}, "properties": {"surface": "", "highway": "footway"}}, {"type": "Feature", "geometry": {"type": "LineString", "coordinates": [[-84.4104715, 33.7322072], [-84.4106619, 33.7322115], [-84.4110174, 33.7322234], [-84.4110174, 33.7322602], [-84.4110244, 33.7322706], [-84.4110671, 33.7322733], [-84.4110663, 33.7323164], [-84.4110655, 33.7323659], [-84.4110384, 33.7323663], [-84.4110201, 33.7323762], [-84.4110211, 33.7324203], [-84.4104745, 33.7324077]]}, "properties": {"surface": "", "highway": "footway"}}, {"type": "Feature", "geometry": {"type": "LineString", "coordinates": [[-84.3805532, 33.7438927], [-84.380544, 33.7447448], [-84.3805392, 33.7451785], [-84.3805351, 33.7455578], [-84.3805346, 33.7455984], [-84.3805338, 33.7456775], [-84.3805323, 33.7458101], [-84.3805288, 33.746134], [-84.380525, 33.7464879], [-84.3805218, 33.7467778], [-84.3805325, 33.7468], [-84.3806686, 33.7467995], [-84.3809561, 33.7467986], [-84.3812126, 33.7467978], [-84.381367, 33.7467973], [-84.3814336, 33.7467971], [-84.38148, 33.746797], [-84.3814801, 33.746783]]}, "properties": {"surface": "", "highway": "footway"}}, {"type": "Feature", "geometry": {"type": "LineString", "coordinates": [[-84.3814801, 33.746783], [-84.3814847, 33.7463078], [-84.3814873, 33.7460337], [-84.3814903, 33.7457195], [-84.3814907, 33.7456856], [-84.3814914, 33.7456063], [-84.3814919, 33.7455599], [-84.3814987, 33.744854], [-84.3815078, 33.743906]]}, "properties": {"surface": "", "highway": "footway"}}, {"type": "Feature", "geometry": {"type": "LineString", "coordinates": [[-84.3810221, 33.7455627], [-84.3814919, 33.7455599]]}, "properties": {"surface": "", "highway": "footway"}}, {"type": "Feature", "geometry": {"type": "LineString", "coordinates": [[-84.3814907, 33.7456856], [-84.3810224, 33.7456875]]}, "properties": {"surface": "", "highway": "footway"}}, {"type": "Feature", "geometry": {"type": "LineString", "coordinates": [[-84.3809629, 33.7457535], [-84.3809537, 33.7461378], [-84.3808323, 33.7461367], [-84.3805288, 33.746134]]}, "properties": {"surface": "", "highway": "footway"}}, {"type": "Feature", "geometry": {"type": "LineString", "coordinates": [[-84.3826321, 33.7457155], [-84.38263, 33.7460019], [-84.3826246, 33.7467991], [-84.381648, 33.7467957]]}, "properties": {"surface": "", "highway": "footway"}}, {"type": "Feature", "geometry": {"type": "LineString", "coordinates": [[-84.3816402, 33.7455674], [-84.3826315, 33.7455679], [-84.3826396, 33.7449715], [-84.3826419, 33.7447101], [-84.3818943, 33.744702], [-84.3818923, 33.7446883], [-84.3816868, 33.7446814], [-84.3816693, 33.7446669], [-84.3816455, 33.7446614], [-84.3816321, 33.7446635], [-84.381624, 33.7446686], [-84.3816168, 33.744675], [-84.3816123, 33.7446828], [-84.381618, 33.7449019], [-84.3816415, 33.7449025], [-84.3816402, 33.7455674]]}, "properties": {"surface": "", "highway": "footway"}}, {"type": "Feature", "geometry": {"type": "LineString", "coordinates": [[-84.3826822, 33.7446962], [-84.3826419, 33.7447101]]}, "properties": {"surface": "", "highway": "footway"}}, {"type": "Feature", "geometry": {"type": "LineString", "coordinates": [[-84.3816375, 33.7445881], [-84.3816549, 33.744568], [-84.3816891, 33.7445484], [-84.3817307, 33.7445468], [-84.3817729, 33.7445652], [-84.3826929, 33.7445808], [-84.3827345, 33.7445702], [-84.382772, 33.7445462], [-84.3828036, 33.7445245], [-84.3828445, 33.7445116], [-84.3829229, 33.7445144], [-84.3829585, 33.7445256], [-84.383, 33.7445523], [-84.383055, 33.7445847], [-84.3834191, 33.7445922], [-84.3837484, 33.744599], [-84.3837591, 33.7445992], [-84.3837625, 33.7444093], [-84.3837631, 33.7443739], [-84.3837289, 33.7443695], [-84.3836914, 33.7443354], [-84.3836485, 33.7443204], [-84.3835439, 33.7443204], [-84.3835076, 33.7443315], [-84.3834799, 33.7443564], [-84.3834647, 33.74437], [-84.3834594, 33.7444291], [-84.383458, 33.7445172], [-84.3834205, 33.7445167], [-84.3834191, 33.7445922]]}, "properties": {"surface": "", "highway": "footway"}}, {"type": "Feature", "geometry": {"type": "LineString", "coordinates": [[-84.3838959, 33.7447274], [-84.3839404, 33.7447274]]}, "properties": {"surface": "", "highway": "footway"}}, {"type": "Feature", "geometry": {"type": "LineString", "coordinates": [[-84.3837993, 33.744728], [-84.3837531, 33.7447266], [-84.3837524, 33.7446906]]}, "properties": {"surface": "", "highway": "footway"}}, {"type": "Feature", "geometry": {"type": "LineString", "coordinates": [[-84.3837531, 33.7447266], [-84.3837541, 33.7455619], [-84.3837541, 33.7455776], [-84.3827993, 33.7455748], [-84.3828009, 33.7452859], [-84.382804, 33.7447098], [-84.3832982, 33.7447106], [-84.3832978, 33.7447221], [-84.3837531, 33.7447266]]}, "properties": {"surface": "", "highway": "footway"}}, {"type": "Feature", "geometry": {"type": "LineString", "coordinates": [[-84.3827993, 33.7455748], [-84.3827932, 33.7456065]]}, "properties": {"surface": "", "highway": "footway"}}, {"type": "Feature", "geometry": {"type": "LineString", "coordinates": [[-84.3827993, 33.7455748], [-84.382755, 33.7455836]]}, "properties": {"surface": "", "highway": "footway"}}, {"type": "Feature", "geometry": {"type": "LineString", "coordinates": [[-84.381648, 33.7467957], [-84.3816248, 33.7457203], [-84.3816245, 33.7457109], [-84.3816441, 33.745711], [-84.3826321, 33.7457155]]}, "properties": {"surface": "", "highway": "footway"}}, {"type": "Feature", "geometry": {"type": "LineString", "coordinates": [[-84.3826314, 33.7456792], [-84.3826321, 33.7457155], [-84.3826716, 33.7457172]]}, "properties": {"surface": "", "highway": "footway"}}, {"type": "Feature", "geometry": {"type": "LineString", "coordinates": [[-84.3827518, 33.7457159], [-84.3827912, 33.7457169], [-84.3827887, 33.745683]]}, "properties": {"surface": "", "highway": "footway"}}, {"type": "Feature", "geometry": {"type": "LineString", "coordinates": [[-84.382639, 33.7456026], [-84.3826315, 33.7455679], [-84.3826632, 33.7455831]]}, "properties": {"surface": "", "highway": "footway"}}, {"type": "Feature", "geometry": {"type": "LineString", "coordinates": [[-84.3827912, 33.7457169], [-84.3837588, 33.7457263], [-84.3837575, 33.7460146], [-84.3837769, 33.7460414], [-84.3837789, 33.7462031], [-84.3837615, 33.7462348], [-84.3837561, 33.746813], [-84.3827952, 33.7468052], [-84.3827912, 33.7457169]]}, "properties": {"surface": "", "highway": "footway"}}, {"type": "Feature", "geometry": {"type": "LineString", "coordinates": [[-84.383773, 33.7457255], [-84.3837588, 33.7457263]]}, "properties": {"surface": "", "highway": "footway"}}, {"type": "Feature", "geometry": {"type": "LineString", "coordinates": [[-84.3839433, 33.7457283], [-84.3839648, 33.7457255], [-84.3847467, 33.7457344], [-84.3849572, 33.7468267], [-84.3839487, 33.7468183], [-84.3839433, 33.7457283]]}, "properties": {"surface": "", "highway": "footway"}}, {"type": "Feature", "geometry": {"type": "LineString", "coordinates": [[-84.3863043, 33.7468131], [-84.3862876, 33.7468299]]}, "properties": {"surface": "", "highway": "footway"}}, {"type": "Feature", "geometry": {"type": "LineString", "coordinates": [[-84.3860941, 33.7468342], [-84.3861532, 33.7468303], [-84.3861478, 33.7457362], [-84.3849238, 33.7457318], [-84.3851379, 33.7468278], [-84.3860941, 33.7468342]]}, "properties": {"surface": "", "highway": "footway"}}, {"type": "Feature", "geometry": {"type": "LineString", "coordinates": [[-84.3861478, 33.7457362], [-84.3861447, 33.7456977]]}, "properties": {"surface": "", "highway": "footway"}}, {"type": "Feature", "geometry": {"type": "LineString", "coordinates": [[-84.386147, 33.7456213], [-84.386147, 33.745579]]}, "properties": {"surface": "", "highway": "footway"}}, {"type": "Feature", "geometry": {"type": "LineString", "coordinates": [[-84.386147, 33.745579], [-84.3861506, 33.7453841], [-84.3861521, 33.7453], [-84.3861652, 33.7445821], [-84.3861637, 33.7445442], [-84.386147, 33.7445038], [-84.386106, 33.7444741], [-84.3860711, 33.7444665], [-84.3860392, 33.7444659], [-84.3849771, 33.7444507], [-84.3846702, 33.7444463], [-84.3848565, 33.7454024], [-84.3848904, 33.7455764], [-84.386147, 33.745579]]}, "properties": {"surface": "", "highway": "footway"}}, {"type": "Feature", "geometry": {"type": "LineString", "coordinates": [[-84.3847097, 33.745579], [-84.384615, 33.7450851], [-84.3845963, 33.7449919], [-84.3845797, 33.7449011], [-84.3844918, 33.7444432], [-84.3839664, 33.744436], [-84.3839398, 33.7444356], [-84.3839404, 33.7447274], [-84.3839407, 33.7448923], [-84.3839408, 33.7449899], [-84.383942, 33.7455412], [-84.383942, 33.7455671], [-84.3841245, 33.7455699], [-84.3841913, 33.745571], [-84.3847097, 33.745579]]}, "properties": {"surface": "", "highway": "footway"}}, {"type": "Feature", "geometry": {"type": "LineString", "coordinates": [[-84.3839343, 33.7443223], [-84.3839624, 33.7443148], [-84.3839905, 33.7442969], [-84.3844585, 33.7443016], [-84.3844822, 33.7443019], [-84.3846569, 33.7443036], [-84.3859329, 33.7443165], [-84.3860432, 33.7443177]]}, "properties": {"surface": "", "highway": "footway"}}, {"type": "Feature", "geometry": {"type": "LineString", "coordinates": [[-84.3839407, 33.7448923], [-84.3841918, 33.7448958], [-84.3842311, 33.7448963], [-84.3845797, 33.7449011]]}, "properties": {"surface": "", "highway": "footway"}}, {"type": "Feature", "geometry": {"type": "LineString", "coordinates": [[-84.384615, 33.7450851], [-84.3844218, 33.7450831], [-84.3843007, 33.7450818], [-84.3840842, 33.7450795]]}, "properties": {"surface": "", "highway": "footway"}}, {"type": "Feature", "geometry": {"type": "LineString", "coordinates": [[-84.4015624, 33.7257397], [-84.4008745, 33.725735]]}, "properties": {"surface": "", "highway": "footway"}}, {"type": "Feature", "geometry": {"type": "LineString", "coordinates": [[-84.4008745, 33.725735], [-84.4008688, 33.7268463], [-84.4015671, 33.7268501]]}, "properties": {"surface": "", "highway": "footway"}}, {"type": "Feature", "geometry": {"type": "LineString", "coordinates": [[-84.401559, 33.7267538], [-84.4015578, 33.7267406], [-84.4015563, 33.7267051]]}, "properties": {"surface": "", "highway": "footway"}}, {"type": "Feature", "geometry": {"type": "LineString", "coordinates": [[-84.4015563, 33.7267051], [-84.4015553, 33.726486]]}, "properties": {"surface": "", "highway": "footway"}}, {"type": "Feature", "geometry": {"type": "LineString", "coordinates": [[-84.4015553, 33.726486], [-84.4015567, 33.7264523], [-84.4015577, 33.7264286]]}, "properties": {"surface": "", "highway": "footway"}}, {"type": "Feature", "geometry": {"type": "LineString", "coordinates": [[-84.4015577, 33.7264286], [-84.4015624, 33.7257397]]}, "properties": {"surface": "", "highway": "footway"}}, {"type": "Feature", "geometry": {"type": "LineString", "coordinates": [[-84.4015587, 33.725644], [-84.4015583, 33.7255962]]}, "properties": {"surface": "", "highway": "footway"}}, {"type": "Feature", "geometry": {"type": "LineString", "coordinates": [[-84.4015583, 33.7255962], [-84.4015737, 33.7242507]]}, "properties": {"surface": "", "highway": "footway"}}, {"type": "Feature", "geometry": {"type": "LineString", "coordinates": [[-84.4015737, 33.7242507], [-84.4008855, 33.7242436]]}, "properties": {"surface": "", "highway": "footway"}}, {"type": "Feature", "geometry": {"type": "LineString", "coordinates": [[-84.4007639, 33.7242451], [-84.4000949, 33.724244]]}, "properties": {"surface": "", "highway": "footway"}}, {"type": "Feature", "geometry": {"type": "LineString", "coordinates": [[-84.3980737, 33.7438953], [-84.3980465, 33.7443054], [-84.3980405, 33.7443558], [-84.3980245, 33.7444896]]}, "properties": {"surface": "asphalt", "highway": "tertiary"}}, {"type": "Feature", "geometry": {"type": "LineString", "coordinates": [[-84.3814253, 33.7469586], [-84.3807563, 33.7469542]]}, "properties": {"surface": "", "highway": "footway"}}, {"type": "Feature", "geometry": {"type": "LineString", "coordinates": [[-84.4071073, 33.7376434], [-84.4070069, 33.7375742], [-84.4065207, 33.7372447], [-84.4060757, 33.7369453], [-84.4059149, 33.7368649], [-84.4058197, 33.7368318], [-84.4056352, 33.7367728], [-84.4054648, 33.7367366], [-84.4051999, 33.7367035], [-84.4050811, 33.7366912], [-84.4050066, 33.7366876], [-84.4049682, 33.7366857], [-84.4048524, 33.7366863], [-84.4048077, 33.7366877], [-84.4047904, 33.7366948], [-84.4047867, 33.7367029], [-84.4046638, 33.7372289]]}, "properties": {"surface": "", "highway": "footway"}}, {"type": "Feature", "geometry": {"type": "LineString", "coordinates": [[-84.4044428, 33.7380966], [-84.4045211, 33.7381003], [-84.4048135, 33.7381066], [-84.4053079, 33.7381214]]}, "properties": {"surface": "", "highway": "footway"}}, {"type": "Feature", "geometry": {"type": "LineString", "coordinates": [[-84.4053079, 33.7381214], [-84.4056031, 33.7381281]]}, "properties": {"surface": "", "highway": "footway"}}, {"type": "Feature", "geometry": {"type": "LineString", "coordinates": [[-84.4043561, 33.738087], [-84.4043042, 33.7380845], [-84.4041102, 33.7380809], [-84.4038699, 33.7380815], [-84.4036484, 33.738082], [-84.4034994, 33.7380824], [-84.4033097, 33.7380809], [-84.4030786, 33.7380818], [-84.4029572, 33.7380812], [-84.4027481, 33.7380803], [-84.4025513, 33.7380812], [-84.4024172, 33.7380812], [-84.4022498, 33.7380812], [-84.4019649, 33.73808], [-84.4017723, 33.7380821], [-84.4017592, 33.7380812]]}, "properties": {"surface": "", "highway": "footway"}}, {"type": "Feature", "geometry": {"type": "LineString", "coordinates": [[-84.4031958, 33.737062], [-84.4032052, 33.7370599], [-84.4034423, 33.737], [-84.4034791, 33.7369843], [-84.4035027, 33.736972], [-84.4040456, 33.736823], [-84.4042661, 33.7367631], [-84.4044168, 33.7367306], [-84.4045505, 33.7367068], [-84.4046478, 33.7366958], [-84.4046754, 33.736695]]}, "properties": {"surface": "", "highway": "footway"}}, {"type": "Feature", "geometry": {"type": "LineString", "coordinates": [[-84.4031081, 33.7370823], [-84.4031515, 33.7370718], [-84.4031958, 33.737062]]}, "properties": {"surface": "", "highway": "footway"}}, {"type": "Feature", "geometry": {"type": "LineString", "coordinates": [[-84.4021538, 33.737139], [-84.4022158, 33.7371406], [-84.4023236, 33.7371418], [-84.4023957, 33.7371418], [-84.4025711, 33.7371372], [-84.402724, 33.7371244], [-84.4028192, 33.7371152], [-84.4028687, 33.7371189], [-84.4031081, 33.7370823]]}, "properties": {"surface": "", "highway": "footway"}}, {"type": "Feature", "geometry": {"type": "LineString", "coordinates": [[-84.4036484, 33.738082], [-84.4036503, 33.7380318], [-84.4035095, 33.7380316], [-84.4034542, 33.7380313], [-84.4033108, 33.7380306], [-84.4032704, 33.7380302], [-84.4032126, 33.7380299], [-84.4030364, 33.7380283]]}, "properties": {"surface": "", "highway": "footway"}}, {"type": "Feature", "geometry": {"type": "LineString", "coordinates": [[-84.4036503, 33.7380318], [-84.4036493, 33.7379882], [-84.4036461, 33.7379141], [-84.4036461, 33.7378178], [-84.4036475, 33.7377316], [-84.4036387, 33.7376489], [-84.403627, 33.7376304], [-84.4036274, 33.7376103], [-84.403638, 33.7375865], [-84.4036603, 33.7375803], [-84.4037349, 33.7375802], [-84.4040573, 33.7375766], [-84.4040869, 33.7375767]]}, "properties": {"surface": "", "highway": "footway"}}, {"type": "Feature", "geometry": {"type": "LineString", "coordinates": [[-84.403638, 33.7375865], [-84.4036418, 33.7375703], [-84.4036471, 33.7375466], [-84.4036452, 33.7375158], [-84.4036409, 33.7374736], [-84.4036319, 33.7374404], [-84.4036252, 33.7373753], [-84.403625, 33.7373506], [-84.4036247, 33.7373212], [-84.4036205, 33.7372896], [-84.403619, 33.7372706]]}, "properties": {"surface": "", "highway": "footway"}}, {"type": "Feature", "geometry": {"type": "LineString", "coordinates": [[-84.4035773, 33.7372371], [-84.4035811, 33.7373883], [-84.4034403, 33.737388], [-84.403384, 33.7373879], [-84.4030316, 33.7373858], [-84.4030237, 33.7373803], [-84.4029095, 33.7373803], [-84.4029101, 33.7373351], [-84.4028979, 33.7373351], [-84.4028979, 33.7373219], [-84.4028664, 33.7373219]]}, "properties": {"surface": "", "highway": "footway"}}, {"type": "Feature", "geometry": {"type": "LineString", "coordinates": [[-84.4033842, 33.7374108], [-84.403384, 33.7373879], [-84.4033845, 33.7373378], [-84.4033839, 33.7372986]]}, "properties": {"surface": "", "highway": "footway"}}, {"type": "Feature", "geometry": {"type": "LineString", "coordinates": [[-84.403627, 33.7376304], [-84.403623, 33.7376712], [-84.4036171, 33.7377175], [-84.403607, 33.7377323], [-84.403568, 33.7377446], [-84.4035165, 33.737748], [-84.4034401, 33.7377382], [-84.4033946, 33.7377352], [-84.4033318, 33.7377254], [-84.403301, 33.7377278], [-84.4032489, 33.7377475], [-84.4032193, 33.7377697], [-84.4031696, 33.7377918], [-84.4031312, 33.7377967], [-84.4030874, 33.7377977], [-84.4030368, 33.7377982]]}, "properties": {"surface": "", "highway": "footway"}}, {"type": "Feature", "geometry": {"type": "LineString", "coordinates": [[-84.4033318, 33.7377254], [-84.4033058, 33.7377101], [-84.4032649, 33.7376865], [-84.4032211, 33.7376614], [-84.4031815, 33.7376402], [-84.4031465, 33.7376264], [-84.4030992, 33.7376195], [-84.4030584, 33.7376181], [-84.4030383, 33.7376186]]}, "properties": {"surface": "", "highway": "footway"}}, {"type": "Feature", "geometry": {"type": "LineString", "coordinates": [[-84.4041862, 33.7374413], [-84.4041383, 33.7374687], [-84.4041029, 33.7375021], [-84.4040892, 33.7375387], [-84.4040869, 33.7375767], [-84.4040866, 33.7375803], [-84.4040901, 33.7376154], [-84.4040973, 33.7376574], [-84.4041101, 33.7377292]]}, "properties": {"surface": "", "highway": "footway"}}, {"type": "Feature", "geometry": {"type": "LineString", "coordinates": [[-84.4036461, 33.7379141], [-84.4036059, 33.737915]]}, "properties": {"surface": "", "highway": "footway"}}, {"type": "Feature", "geometry": {"type": "LineString", "coordinates": [[-84.4035095, 33.7380316], [-84.4035095, 33.7380101]]}, "properties": {"surface": "", "highway": "footway"}}, {"type": "Feature", "geometry": {"type": "LineString", "coordinates": [[-84.4032704, 33.7380302], [-84.4032697, 33.7380102]]}, "properties": {"surface": "", "highway": "footway"}}, {"type": "Feature", "geometry": {"type": "LineString", "coordinates": [[-84.4032126, 33.7380299], [-84.4032126, 33.7380102]]}, "properties": {"surface": "", "highway": "footway"}}, {"type": "Feature", "geometry": {"type": "LineString", "coordinates": [[-84.4030364, 33.7380283], [-84.4030356, 33.7380102]]}, "properties": {"surface": "", "highway": "footway"}}, {"type": "Feature", "geometry": {"type": "LineString", "coordinates": [[-84.4034542, 33.7380313], [-84.4034548, 33.7380101]]}, "properties": {"surface": "", "highway": "footway"}}, {"type": "Feature", "geometry": {"type": "LineString", "coordinates": [[-84.403625, 33.7373506], [-84.4036653, 33.7373366]]}, "properties": {"surface": "", "highway": "footway"}}, {"type": "Feature", "geometry": {"type": "LineString", "coordinates": [[-84.4056031, 33.7381281], [-84.4060767, 33.7381303], [-84.406325, 33.7381378], [-84.4064691, 33.7381421], [-84.4070379, 33.7381539], [-84.4073617, 33.7381606]]}, "properties": {"surface": "", "highway": "footway"}}, {"type": "Feature", "geometry": {"type": "LineString", "coordinates": [[-84.4073617, 33.7381606], [-84.4074498, 33.7381624], [-84.4075239, 33.738164]]}, "properties": {"surface": "", "highway": "footway"}}, {"type": "Feature", "geometry": {"type": "LineString", "coordinates": [[-84.4075239, 33.738164], [-84.4075478, 33.7381645], [-84.4075928, 33.7381645], [-84.4076098, 33.7381614], [-84.4076408, 33.7381534], [-84.4076614, 33.7381363], [-84.4076784, 33.738108], [-84.4076806, 33.7380743], [-84.4076732, 33.7380436], [-84.4076459, 33.7380148], [-84.4075898, 33.7379767], [-84.4074725, 33.737896]]}, "properties": {"surface": "", "highway": "footway"}}, {"type": "Feature", "geometry": {"type": "LineString", "coordinates": [[-84.4074725, 33.737896], [-84.4074249, 33.7378642], [-84.4073754, 33.7378282]]}, "properties": {"surface": "", "highway": "footway"}}, {"type": "Feature", "geometry": {"type": "LineString", "coordinates": [[-84.4073754, 33.7378282], [-84.4073338, 33.7377994], [-84.4072143, 33.7377171]]}, "properties": {"surface": "", "highway": "footway"}}, {"type": "Feature", "geometry": {"type": "LineString", "coordinates": [[-84.4072143, 33.7377171], [-84.4071629, 33.7376827], [-84.4071073, 33.7376434]]}, "properties": {"surface": "", "highway": "footway"}}, {"type": "Feature", "geometry": {"type": "LineString", "coordinates": [[-84.4047827, 33.7366917], [-84.4047904, 33.7366948]]}, "properties": {"surface": "", "highway": "footway"}}, {"type": "Feature", "geometry": {"type": "LineString", "coordinates": [[-84.4084107, 33.7382919], [-84.4083701, 33.7382974], [-84.4083442, 33.7383074], [-84.4083414, 33.7383092], [-84.4083283, 33.7383179], [-84.4083258, 33.7383214], [-84.4083144, 33.7383377], [-84.4083064, 33.7383631], [-84.4083263, 33.7386823], [-84.4083303, 33.738758], [-84.4083291, 33.7388179], [-84.4083223, 33.7391473], [-84.4083223, 33.73917], [-84.4083349, 33.7391832]]}, "properties": {"surface": "", "highway": "footway"}}, {"type": "Feature", "geometry": {"type": "LineString", "coordinates": [[-84.4083363, 33.7382985], [-84.4083414, 33.7383092]]}, "properties": {"surface": "", "highway": "footway"}}, {"type": "Feature", "geometry": {"type": "LineString", "coordinates": [[-84.4083137, 33.7383184], [-84.4083258, 33.7383214]]}, "properties": {"surface": "", "highway": "footway"}}, {"type": "Feature", "geometry": {"type": "LineString", "coordinates": [[-84.408076, 33.7392621], [-84.4080904, 33.7387012], [-84.4080875, 33.7385176], [-84.4080823, 33.7384804], [-84.4080697, 33.7384356], [-84.4080433, 33.7383731], [-84.4080193, 33.7383283], [-84.4080052, 33.7383064], [-84.4079963, 33.7382925], [-84.407978, 33.7382863], [-84.4079748, 33.7382861], [-84.4078759, 33.7382792], [-84.4077389, 33.7382782], [-84.4073164, 33.7382677], [-84.406989, 33.7382606], [-84.4066909, 33.7382549], [-84.4063991, 33.7382501], [-84.4060585, 33.738241], [-84.4058469, 33.7382363]]}, "properties": {"surface": "concrete", "highway": "footway"}}, {"type": "Feature", "geometry": {"type": "LineString", "coordinates": [[-84.4078629, 33.7381639], [-84.4078652, 33.7381688], [-84.407864, 33.7381738], [-84.4078446, 33.7381761], [-84.4077966, 33.7381758], [-84.4077458, 33.7381725], [-84.4077355, 33.7381685], [-84.4077366, 33.7381593], [-84.4077426, 33.7381464], [-84.4077483, 33.7381363], [-84.4077533, 33.7381276], [-84.4077593, 33.7381177], [-84.4077711, 33.7381059], [-84.4077815, 33.7381081], [-84.4078002, 33.7381196], [-84.407826, 33.7381348], [-84.4078579, 33.7381599], [-84.4078629, 33.7381639]]}, "properties": {"surface": "", "highway": "footway"}}, {"type": "Feature", "geometry": {"type": "LineString", "coordinates": [[-84.4076784, 33.738108], [-84.4076872, 33.7381122]]}, "properties": {"surface": "", "highway": "footway"}}, {"type": "Feature", "geometry": {"type": "LineString", "coordinates": [[-84.4077386, 33.7381328], [-84.4077483, 33.7381363]]}, "properties": {"surface": "", "highway": "footway"}}, {"type": "Feature", "geometry": {"type": "LineString", "coordinates": [[-84.4078681, 33.7381533], [-84.4078579, 33.7381599]]}, "properties": {"surface": "", "highway": "footway"}}, {"type": "Feature", "geometry": {"type": "LineString", "coordinates": [[-84.407864, 33.7381738], [-84.4078721, 33.7381804]]}, "properties": {"surface": "", "highway": "footway"}}, {"type": "Feature", "geometry": {"type": "LineString", "coordinates": [[-84.4080228, 33.7383057], [-84.4080052, 33.7383064]]}, "properties": {"surface": "", "highway": "footway"}}, {"type": "Feature", "geometry": {"type": "LineString", "coordinates": [[-84.4079724, 33.738272], [-84.4079748, 33.7382861]]}, "properties": {"surface": "", "highway": "footway"}}, {"type": "Feature", "geometry": {"type": "LineString", "coordinates": [[-84.4080527, 33.7379394], [-84.4080479, 33.737932]]}, "properties": {"surface": "", "highway": "footway"}}, {"type": "Feature", "geometry": {"type": "LineString", "coordinates": [[-84.4075855, 33.7370692], [-84.4076158, 33.7370582], [-84.4077181, 33.7370302], [-84.4078081, 33.7370112], [-84.4079573, 33.7369948], [-84.4080233, 33.736989], [-84.4080553, 33.736997], [-84.408061, 33.7370133], [-84.4080623, 33.7372032], [-84.4080657, 33.7374252], [-84.4080666, 33.7374938], [-84.4080683, 33.7376235], [-84.4080699, 33.7377277], [-84.4080715, 33.7378271], [-84.4080715, 33.7378603], [-84.4080715, 33.7378848], [-84.408066, 33.7379017], [-84.4080556, 33.7379201], [-84.4080479, 33.737932], [-84.4080291, 33.7379443], [-84.4080003, 33.7379541], [-84.4079737, 33.7379563], [-84.4079361, 33.7379511], [-84.4079014, 33.7379342], [-84.4077694, 33.7378435], [-84.4075344, 33.737682], [-84.4071185, 33.737392], [-84.4071113, 33.7373782], [-84.4071145, 33.7373667], [-84.4071185, 33.7373525], [-84.4071577, 33.7373122], [-84.4073064, 33.7372032], [-84.4074488, 33.7371208]]}, "properties": {"surface": "", "highway": "footway"}}, {"type": "Feature", "geometry": {"type": "LineString", "coordinates": [[-84.4082327, 33.7368553], [-84.4082344, 33.7369753], [-84.4082344, 33.7372215], [-84.4082428, 33.7375364], [-84.4082448, 33.7378212], [-84.4082455, 33.73796], [-84.4082455, 33.7380924], [-84.4082475, 33.7381021], [-84.4082496, 33.7381119], [-84.4082606, 33.7381233], [-84.408269, 33.7381253], [-84.4082783, 33.7381253], [-84.4083192, 33.7381233], [-84.4084244, 33.738123], [-84.4086992, 33.7381228], [-84.4090482, 33.7381241], [-84.4094475, 33.7381228], [-84.4099263, 33.738125], [-84.4102611, 33.7381274], [-84.4107128, 33.7381381], [-84.4112281, 33.7381446], [-84.4113443, 33.7381473]]}, "properties": {"surface": "", "highway": "footway"}}, {"type": "Feature", "geometry": {"type": "LineString", "coordinates": [[-84.408269, 33.7381253], [-84.4082719, 33.7381389]]}, "properties": {"surface": "", "highway": "footway"}}, {"type": "Feature", "geometry": {"type": "LineString", "coordinates": [[-84.4082475, 33.7381021], [-84.4082367, 33.7381014]]}, "properties": {"surface": "", "highway": "footway"}}, {"type": "Feature", "geometry": {"type": "LineString", "coordinates": [[-84.4087839, 33.7389816], [-84.4088164, 33.7389636], [-84.4088449, 33.7389478]]}, "properties": {"surface": "", "highway": "footway"}}, {"type": "Feature", "geometry": {"type": "LineString", "coordinates": [[-84.4088449, 33.7389478], [-84.4090937, 33.7388063], [-84.4093379, 33.7386698], [-84.4096027, 33.7385228], [-84.4098907, 33.7383588], [-84.4099307, 33.7383363], [-84.4099376, 33.7383206], [-84.4099335, 33.7383026], [-84.4099135, 33.7383017], [-84.4098757, 33.7382996], [-84.4097358, 33.7382995], [-84.4095137, 33.7383002], [-84.4089518, 33.7382899], [-84.4084478, 33.7382888], [-84.4084107, 33.7382919]]}, "properties": {"surface": "", "highway": "footway"}}, {"type": "Feature", "geometry": {"type": "LineString", "coordinates": [[-84.4101519, 33.7383028], [-84.4101564, 33.738309], [-84.410018, 33.7383881], [-84.4098597, 33.7384765], [-84.4098538, 33.7385036], [-84.4097689, 33.7385554], [-84.4097383, 33.7385535], [-84.4087799, 33.7390914]]}, "properties": {"surface": "", "highway": "footway"}}, {"type": "Feature", "geometry": {"type": "LineString", "coordinates": [[-84.4101564, 33.738309], [-84.4101863, 33.7382971], [-84.4110739, 33.7383074], [-84.4116791, 33.7383247], [-84.4121105, 33.7383323], [-84.4122954, 33.7383331], [-84.4123111, 33.7383357], [-84.412317, 33.7383404], [-84.4123216, 33.7383442], [-84.4123253, 33.7383705], [-84.4123134, 33.7384903], [-84.4123005, 33.7386352], [-84.4122793, 33.7387411], [-84.4122517, 33.7388559], [-84.4122287, 33.7389545], [-84.4122076, 33.7390475], [-84.41218, 33.7391592], [-84.4121197, 33.7393477], [-84.4120816, 33.7394521], [-84.4120357, 33.7395657], [-84.4120259, 33.7395898], [-84.4120112, 33.7396372], [-84.4119928, 33.7396938]]}, "properties": {"surface": "", "highway": "footway"}}, {"type": "Feature", "geometry": {"type": "LineString", "coordinates": [[-84.4119928, 33.7396938], [-84.4119845, 33.7396617], [-84.4119611, 33.7396032], [-84.4119481, 33.7395785], [-84.4119284, 33.7395412], [-84.4118985, 33.739493]]}, "properties": {"surface": "", "highway": "footway"}}, {"type": "Feature", "geometry": {"type": "LineString", "coordinates": [[-84.4120357, 33.7395657], [-84.4120181, 33.7395825], [-84.4119969, 33.7395898], [-84.4119786, 33.7395894], [-84.4119661, 33.7395871], [-84.4119481, 33.7395785]]}, "properties": {"surface": "", "highway": "footway"}}, {"type": "Feature", "geometry": {"type": "LineString", "coordinates": [[-84.4119516, 33.7397931], [-84.4118952, 33.7398965], [-84.4118809, 33.7399242]]}, "properties": {"surface": "", "highway": "footway"}}, {"type": "Feature", "geometry": {"type": "LineString", "coordinates": [[-84.4117995, 33.7400111], [-84.4118193, 33.7400172], [-84.4118262, 33.7400216], [-84.4118281, 33.74003], [-84.4118273, 33.7400435], [-84.4118168, 33.740068], [-84.4117167, 33.7402381], [-84.4116763, 33.740307], [-84.4116257, 33.7403827], [-84.4115963, 33.7404311], [-84.4115501, 33.7405018], [-84.4114748, 33.7405999], [-84.4114305, 33.7406612], [-84.4113461, 33.7407682], [-84.4113023, 33.7408242], [-84.4112627, 33.7408727], [-84.4112289, 33.7409134], [-84.4112138, 33.7409317]]}, "properties": {"surface": "", "highway": "footway"}}, {"type": "Feature", "geometry": {"type": "LineString", "coordinates": [[-84.4075895, 33.7375722], [-84.4076071, 33.7376034], [-84.4076244, 33.7376342], [-84.4076603, 33.7376922], [-84.4076889, 33.7377305], [-84.4077171, 33.7377476], [-84.4077539, 33.7377551], [-84.4077842, 33.73776], [-84.4077987, 33.7377693], [-84.4078133, 33.7377863], [-84.4078316, 33.7378044]]}, "properties": {"surface": "", "highway": "footway"}}, {"type": "Feature", "geometry": {"type": "LineString", "coordinates": [[-84.4080699, 33.7377277], [-84.4080171, 33.7377291], [-84.4079957, 33.7377398], [-84.4079222, 33.7377696], [-84.4078823, 33.737785], [-84.4078316, 33.7378044], [-84.4078056, 33.7378144], [-84.4077833, 33.7378258], [-84.4077694, 33.7378435]]}, "properties": {"surface": "", "highway": "footway"}}, {"type": "Feature", "geometry": {"type": "LineString", "coordinates": [[-84.4080171, 33.7377291], [-84.408009, 33.7377224], [-84.4080026, 33.7377053], [-84.408, 33.7376776], [-84.4080103, 33.73763], [-84.4080115, 33.7376047], [-84.4080051, 33.737576], [-84.4079816, 33.7375283], [-84.4079568, 33.7374903], [-84.4079166, 33.7374504], [-84.407903, 33.7374381], [-84.4078895, 33.737426]]}, "properties": {"surface": "", "highway": "footway"}}, {"type": "Feature", "geometry": {"type": "LineString", "coordinates": [[-84.4080666, 33.7374938], [-84.4080256, 33.7374828], [-84.4079957, 33.7374718], [-84.4079747, 33.7374641], [-84.407954, 33.7374562], [-84.4079166, 33.7374504]]}, "properties": {"surface": "", "highway": "footway"}}, {"type": "Feature", "geometry": {"type": "LineString", "coordinates": [[-84.407903, 33.7374381], [-84.4078773, 33.7374466], [-84.4078614, 33.7374675], [-84.4078605, 33.7374861], [-84.407839, 33.7375006], [-84.4077911, 33.7375195]]}, "properties": {"surface": "", "highway": "footway"}}, {"type": "Feature", "geometry": {"type": "LineString", "coordinates": [[-84.4076777, 33.7375741], [-84.4076071, 33.7376034]]}, "properties": {"surface": "", "highway": "footway"}}, {"type": "Feature", "geometry": {"type": "LineString", "coordinates": [[-84.4078823, 33.737785], [-84.4078733, 33.7377685]]}, "properties": {"surface": "", "highway": "footway"}}, {"type": "Feature", "geometry": {"type": "LineString", "coordinates": [[-84.4075855, 33.7370692], [-84.4075106, 33.7370975], [-84.4074488, 33.7371208]]}, "properties": {"surface": "", "highway": "footway"}}, {"type": "Feature", "geometry": {"type": "LineString", "coordinates": [[-84.4123393, 33.7360209], [-84.4123402, 33.7359907], [-84.4123392, 33.735829], [-84.4123392, 33.7356322], [-84.4123377, 33.7354157], [-84.4123392, 33.7351947], [-84.4123402, 33.7348888], [-84.4123491, 33.7346599], [-84.4123585, 33.7344928], [-84.4123596, 33.7344737], [-84.4123417, 33.7344673], [-84.4122996, 33.7344661], [-84.411916, 33.7344698], [-84.4114062, 33.7344665], [-84.4110092, 33.7344652], [-84.41054, 33.7344694], [-84.4099678, 33.7344673], [-84.4094307, 33.7344632], [-84.40886, 33.7344636]]}, "properties": {"surface": "", "highway": "footway"}}, {"type": "Feature", "geometry": {"type": "LineString", "coordinates": [[-84.4121125, 33.7381588], [-84.4121572, 33.7381584], [-84.4122025, 33.7381581]]}, "properties": {"surface": "", "highway": "footway"}}, {"type": "Feature", "geometry": {"type": "LineString", "coordinates": [[-84.4114299, 33.7381475], [-84.4116012, 33.73815], [-84.4119835, 33.7381577], [-84.4121125, 33.7381588]]}, "properties": {"surface": "", "highway": "footway"}}, {"type": "Feature", "geometry": {"type": "LineString", "coordinates": [[-84.4113443, 33.7381473], [-84.4113816, 33.7381474], [-84.4114299, 33.7381475]]}, "properties": {"surface": "", "highway": "footway"}}, {"type": "Feature", "geometry": {"type": "LineString", "coordinates": [[-84.4122025, 33.7381581], [-84.4123151, 33.7381583], [-84.4123285, 33.7381548], [-84.4123366, 33.7381502], [-84.4123366, 33.7381002], [-84.4123357, 33.7379212], [-84.4123392, 33.7376557], [-84.4123362, 33.7374339], [-84.4123372, 33.737233], [-84.4123362, 33.736951], [-84.4123392, 33.7366794], [-84.4123377, 33.7364505], [-84.412336, 33.7361988]]}, "properties": {"surface": "", "highway": "footway"}}, {"type": "Feature", "geometry": {"type": "LineString", "coordinates": [[-84.407843, 33.7368701], [-84.4076278, 33.7369073]]}, "properties": {"surface": "", "highway": "footway"}}, {"type": "Feature", "geometry": {"type": "LineString", "coordinates": [[-84.4072036, 33.7371], [-84.4071703, 33.7371214], [-84.4071367, 33.737143]]}, "properties": {"surface": "", "highway": "footway"}}, {"type": "Feature", "geometry": {"type": "LineString", "coordinates": [[-84.4073756, 33.7370035], [-84.4073079, 33.73704], [-84.4072395, 33.737077]]}, "properties": {"surface": "", "highway": "footway"}}, {"type": "Feature", "geometry": {"type": "LineString", "coordinates": [[-84.4072395, 33.737077], [-84.4072036, 33.7371]]}, "properties": {"surface": "", "highway": "footway"}}, {"type": "Feature", "geometry": {"type": "LineString", "coordinates": [[-84.4075408, 33.7369365], [-84.4075064, 33.736948], [-84.4073756, 33.7370035]]}, "properties": {"surface": "", "highway": "footway"}}, {"type": "Feature", "geometry": {"type": "LineString", "coordinates": [[-84.4076278, 33.7369073], [-84.4075808, 33.7369231], [-84.4075408, 33.7369365]]}, "properties": {"surface": "", "highway": "footway"}}, {"type": "Feature", "geometry": {"type": "LineString", "coordinates": [[-84.4080524, 33.7368515], [-84.4080316, 33.7368568], [-84.4079453, 33.7368617]]}, "properties": {"surface": "", "highway": "footway"}}, {"type": "Feature", "geometry": {"type": "LineString", "coordinates": [[-84.4079453, 33.7368617], [-84.4078962, 33.7368657], [-84.407843, 33.7368701]]}, "properties": {"surface": "", "highway": "footway"}}, {"type": "Feature", "geometry": {"type": "LineString", "coordinates": [[-84.4080594, 33.7367229], [-84.4080566, 33.7365787], [-84.4080534, 33.7363641]]}, "properties": {"surface": "", "highway": "footway"}}, {"type": "Feature", "geometry": {"type": "LineString", "coordinates": [[-84.4080534, 33.7363641], [-84.4080529, 33.736307], [-84.4080522, 33.736234]]}, "properties": {"surface": "", "highway": "footway"}}, {"type": "Feature", "geometry": {"type": "LineString", "coordinates": [[-84.4080522, 33.736234], [-84.408047, 33.7361244]]}, "properties": {"surface": "", "highway": "footway"}}, {"type": "Feature", "geometry": {"type": "LineString", "coordinates": [[-84.4080603, 33.7367999], [-84.40806, 33.7367806], [-84.4080598, 33.7367594], [-84.4080594, 33.7367229]]}, "properties": {"surface": "", "highway": "footway"}}, {"type": "Feature", "geometry": {"type": "LineString", "coordinates": [[-84.4080524, 33.7368515], [-84.4080589, 33.7368449], [-84.4080605, 33.7368254], [-84.4080603, 33.7367999]]}, "properties": {"surface": "", "highway": "footway"}}, {"type": "Feature", "geometry": {"type": "LineString", "coordinates": [[-84.4069904, 33.7372689], [-84.4069682, 33.7372782], [-84.4069448, 33.7372782], [-84.4069334, 33.7372702], [-84.4068121, 33.7371858], [-84.4063801, 33.7368838], [-84.4063534, 33.7368676]]}, "properties": {"surface": "", "highway": "footway"}}, {"type": "Feature", "geometry": {"type": "LineString", "coordinates": [[-84.4069682, 33.7372782], [-84.4069737, 33.7372856]]}, "properties": {"surface": "", "highway": "footway"}}, {"type": "Feature", "geometry": {"type": "LineString", "coordinates": [[-84.4070962, 33.7373575], [-84.4071145, 33.7373667]]}, "properties": {"surface": "", "highway": "footway"}}, {"type": "Feature", "geometry": {"type": "LineString", "coordinates": [[-84.4069334, 33.7372702], [-84.4069343, 33.7371664], [-84.4069154, 33.7371517]]}, "properties": {"surface": "", "highway": "footway"}}, {"type": "Feature", "geometry": {"type": "LineString", "coordinates": [[-84.4063534, 33.7368676], [-84.4063197, 33.736848], [-84.4062834, 33.736827]]}, "properties": {"surface": "", "highway": "footway"}}, {"type": "Feature", "geometry": {"type": "LineString", "coordinates": [[-84.4062834, 33.736827], [-84.4061485, 33.7367559], [-84.4059725, 33.7366778]]}, "properties": {"surface": "", "highway": "footway"}}, {"type": "Feature", "geometry": {"type": "LineString", "coordinates": [[-84.4080494, 33.7360204], [-84.4080494, 33.7359592], [-84.4080524, 33.7358037], [-84.4080458, 33.7356029], [-84.4080452, 33.7354463], [-84.408044, 33.7351486], [-84.4080416, 33.7348966], [-84.4080404, 33.734666], [-84.4080342, 33.7345081], [-84.4080339, 33.7344837], [-84.4080342, 33.7344688], [-84.4080338, 33.7344628], [-84.4079317, 33.7344597], [-84.4076065, 33.7344612]]}, "properties": {"surface": "", "highway": "footway"}}, {"type": "Feature", "geometry": {"type": "LineString", "coordinates": [[-84.4076065, 33.7344612], [-84.4075643, 33.7344606]]}, "properties": {"surface": "", "highway": "footway"}}, {"type": "Feature", "geometry": {"type": "LineString", "coordinates": [[-84.40886, 33.7344636], [-84.408267, 33.7344565], [-84.4082223, 33.7344569], [-84.4082083, 33.7344588], [-84.4082009, 33.7344692], [-84.4082022, 33.7345291], [-84.4082066, 33.7347168], [-84.4082111, 33.7350065], [-84.4082136, 33.7353091], [-84.4082156, 33.735589], [-84.4082195, 33.7359105], [-84.408223, 33.7361447], [-84.4082269, 33.7364468], [-84.4082292, 33.7366092]]}, "properties": {"surface": "", "highway": "footway"}}, {"type": "Feature", "geometry": {"type": "LineString", "coordinates": [[-84.4082292, 33.7366092], [-84.4082308, 33.7367214], [-84.4082327, 33.7368553]]}, "properties": {"surface": "", "highway": "footway"}}, {"type": "Feature", "geometry": {"type": "LineString", "coordinates": [[-84.3815968, 33.7368341], [-84.3815927, 33.7368438], [-84.3815917, 33.7368573], [-84.3815929, 33.737005], [-84.3815956, 33.7373432], [-84.3815959, 33.7377124], [-84.3815961, 33.7379065], [-84.3815998, 33.7379315], [-84.3816063, 33.7379398], [-84.381605, 33.738242], [-84.381607, 33.7385152], [-84.381607, 33.7392079], [-84.38161, 33.7394251]]}, "properties": {"surface": "", "highway": "footway"}}, {"type": "Feature", "geometry": {"type": "LineString", "coordinates": [[-84.3816104, 33.7394887], [-84.3816097, 33.7399566]]}, "properties": {"surface": "", "highway": "footway"}}, {"type": "Feature", "geometry": {"type": "LineString", "coordinates": [[-84.3816097, 33.7400245], [-84.3816091, 33.7408023]]}, "properties": {"surface": "", "highway": "footway"}}, {"type": "Feature", "geometry": {"type": "LineString", "coordinates": [[-84.3816079, 33.7408639], [-84.3816043, 33.7415049], [-84.381611, 33.7415212], [-84.3816227, 33.741533], [-84.3816212, 33.7415398]]}, "properties": {"surface": "", "highway": "footway"}}, {"type": "Feature", "geometry": {"type": "LineString", "coordinates": [[-84.3816051, 33.7415931], [-84.3816129, 33.7416174]]}, "properties": {"surface": "", "highway": "footway"}}, {"type": "Feature", "geometry": {"type": "LineString", "coordinates": [[-84.3862353, 33.7399133], [-84.3856313, 33.7398994], [-84.3855889, 33.7398985], [-84.3855994, 33.7398282], [-84.3856239, 33.7397564], [-84.3856484, 33.7397079], [-84.3856319, 33.7396664], [-84.3856184, 33.7396257], [-84.3856024, 33.7395435], [-84.3856141, 33.7395017], [-84.3862447, 33.7395044], [-84.3862353, 33.7399133]]}, "properties": {"surface": "", "highway": "footway"}}, {"type": "Feature", "geometry": {"type": "LineString", "coordinates": [[-84.3856208, 33.7399787], [-84.3862434, 33.7399926], [-84.3862298, 33.7412826], [-84.3856248, 33.7412804], [-84.3856047, 33.7412803], [-84.3855921, 33.7412794], [-84.3855834, 33.7412775], [-84.3855781, 33.741274], [-84.3855749, 33.7412699], [-84.3855729, 33.741266], [-84.3855719, 33.7412626], [-84.3855712, 33.7412565], [-84.3855718, 33.7406197], [-84.3855732, 33.7399863], [-84.3856208, 33.7399787]]}, "properties": {"surface": "", "highway": "footway"}}, {"type": "Feature", "geometry": {"type": "LineString", "coordinates": [[-84.3908753, 33.7395455], [-84.3908496, 33.7396692], [-84.3908204, 33.7397538], [-84.39077, 33.7398627], [-84.3907036, 33.7399716], [-84.3906267, 33.7400569], [-84.3905276, 33.7401518], [-84.3904709, 33.7402004], [-84.3903754, 33.7402637], [-84.3902444, 33.7403313], [-84.3901329, 33.7403792], [-84.39001, 33.7404182], [-84.3898834, 33.7404483], [-84.3897693, 33.7404638], [-84.389672, 33.7404667], [-84.3894127, 33.7404447], [-84.3892464, 33.7404145], [-84.3891252, 33.740377], [-84.3889969, 33.7403277], [-84.3888907, 33.740271], [-84.3888084, 33.7402173], [-84.3887252, 33.7401526], [-84.3886562, 33.7400863], [-84.3886541, 33.7400839], [-84.3885695, 33.7399863], [-84.3885244, 33.7399208], [-84.3884828, 33.7398524], [-84.3884386, 33.7397641], [-84.3884129, 33.7396964], [-84.3883943, 33.7396221], [-84.3883846, 33.7395728]]}, "properties": {"surface": "", "highway": "footway"}}, {"type": "Feature", "geometry": {"type": "LineString", "coordinates": [[-84.3886541, 33.7400839], [-84.3886711, 33.7400721]]}, "properties": {"surface": "", "highway": "footway"}}, {"type": "Feature", "geometry": {"type": "LineString", "coordinates": [[-84.3894303, 33.7373786], [-84.3894283, 33.7373448]]}, "properties": {"surface": "", "highway": "footway"}}, {"type": "Feature", "geometry": {"type": "LineString", "coordinates": [[-84.3908732, 33.7383303], [-84.3897529, 33.7383216], [-84.3897032, 33.738316], [-84.3896717, 33.7383076], [-84.3896442, 33.7382937], [-84.3895899, 33.7382558], [-84.3894129, 33.738132], [-84.3893934, 33.7381124], [-84.3893887, 33.738089], [-84.3894162, 33.7380422], [-84.3894437, 33.7379942], [-84.3894525, 33.7379468], [-84.3894518, 33.7376853], [-84.3894558, 33.7375883], [-84.3894642, 33.7375784], [-84.3894699, 33.7375715], [-84.3894927, 33.7375671], [-84.3895438, 33.7375629], [-84.3897734, 33.7375297], [-84.389939, 33.7374808], [-84.3900821, 33.737427], [-84.3902115, 33.7373667], [-84.3903408, 33.737286], [-84.3904496, 33.7372102], [-84.3905574, 33.7371352], [-84.3906231, 33.7371108], [-84.3906924, 33.7371127]]}, "properties": {"surface": "", "highway": "footway"}}, {"type": "Feature", "geometry": {"type": "LineString", "coordinates": [[-84.3909667, 33.7383603], [-84.3909048, 33.7383198]]}, "properties": {"surface": "", "highway": "footway"}}, {"type": "Feature", "geometry": {"type": "LineString", "coordinates": [[-84.3894642, 33.7375784], [-84.3894378, 33.7375561]]}, "properties": {"surface": "", "highway": "footway"}}, {"type": "Feature", "geometry": {"type": "LineString", "coordinates": [[-84.3879864, 33.7378624], [-84.3887578, 33.7378648], [-84.3888171, 33.7378656], [-84.3888932, 33.7378729], [-84.388971, 33.7378854], [-84.3890639, 33.7379148], [-84.3891868, 33.7379753], [-84.3892146, 33.7380018], [-84.3892353, 33.7380165], [-84.3892581, 33.7380192], [-84.389284, 33.7379881], [-84.3893015, 33.7379497], [-84.3893102, 33.7379106], [-84.3893108, 33.7378705], [-84.3893099, 33.7375536]]}, "properties": {"surface": "", "highway": "footway"}}, {"type": "Feature", "geometry": {"type": "LineString", "coordinates": [[-84.3891945, 33.7380356], [-84.3892146, 33.7380018]]}, "properties": {"surface": "", "highway": "footway"}}, {"type": "Feature", "geometry": {"type": "LineString", "coordinates": [[-84.3892653, 33.7380477], [-84.3892581, 33.7380192]]}, "properties": {"surface": "", "highway": "footway"}}, {"type": "Feature", "geometry": {"type": "LineString", "coordinates": [[-84.389356, 33.7381444], [-84.3893934, 33.7381124]]}, "properties": {"surface": "", "highway": "footway"}}, {"type": "Feature", "geometry": {"type": "LineString", "coordinates": [[-84.3893934, 33.7381124], [-84.3893293, 33.7380996]]}, "properties": {"surface": "", "highway": "footway"}}, {"type": "Feature", "geometry": {"type": "LineString", "coordinates": [[-84.3909539, 33.7391774], [-84.391153, 33.7391794]]}, "properties": {"surface": "", "highway": "footway"}}, {"type": "Feature", "geometry": {"type": "LineString", "coordinates": [[-84.3831548, 33.7390513], [-84.3831685, 33.7390445], [-84.3831822, 33.7390337], [-84.3831844, 33.7390208], [-84.3831848, 33.7390106], [-84.3831915, 33.7390017], [-84.3831993, 33.7389952], [-84.3832096, 33.7389903], [-84.3832207, 33.7389866], [-84.3832263, 33.738981], [-84.3832304, 33.7389703], [-84.3832304, 33.7389549], [-84.3832256, 33.7389444], [-84.3832152, 33.7389382], [-84.3831993, 33.7389333], [-84.3831822, 33.7389308], [-84.3831674, 33.7389262], [-84.3831455, 33.7389157], [-84.3831307, 33.7388966], [-84.3831196, 33.7388837], [-84.3831052, 33.7388748], [-84.3830837, 33.738868], [-84.38306, 33.7388646], [-84.3830492, 33.7388661], [-84.3830366, 33.7388708], [-84.3830255, 33.7388794], [-84.3830214, 33.7388914], [-84.3830214, 33.7389043], [-84.3830303, 33.7389228], [-84.3830381, 33.7389358], [-84.3830403, 33.7389509], [-84.3830366, 33.7389616], [-84.3830259, 33.7389774], [-84.3830185, 33.7389897], [-84.3830144, 33.7390106], [-84.3830237, 33.7390263], [-84.3830374, 33.7390374], [-84.3830603, 33.7390494], [-84.3830852, 33.7390574], [-84.3831018, 33.739059], [-84.3831274, 33.7390587], [-84.3831548, 33.7390513]]}, "properties": {"surface": "", "highway": "footway"}}, {"type": "Feature", "geometry": {"type": "LineString", "coordinates": [[-84.3849771, 33.7444507], [-84.3850079, 33.7446765], [-84.3850186, 33.7447551], [-84.385029, 33.7448192], [-84.385042, 33.7448508], [-84.3850567, 33.7448681], [-84.3850757, 33.7448825], [-84.3850904, 33.7448911], [-84.3851095, 33.7448954], [-84.3851441, 33.7448969], [-84.3851398, 33.7453783], [-84.3855339, 33.7453805], [-84.3856301, 33.7453811], [-84.3857322, 33.7453817], [-84.3861506, 33.7453841]]}, "properties": {"surface": "", "highway": "footway"}}, {"type": "Feature", "geometry": {"type": "LineString", "coordinates": [[-84.3859246, 33.7452561], [-84.3859261, 33.7446839], [-84.3850079, 33.7446765]]}, "properties": {"surface": "", "highway": "footway"}}, {"type": "Feature", "geometry": {"type": "LineString", "coordinates": [[-84.3851441, 33.7448969], [-84.3851447, 33.7448138]]}, "properties": {"surface": "", "highway": "footway"}}, {"type": "Feature", "geometry": {"type": "LineString", "coordinates": [[-84.3852995, 33.7452043], [-84.3853558, 33.7452042], [-84.3857135, 33.7452037], [-84.3857675, 33.7452036]]}, "properties": {"surface": "", "highway": "footway"}}, {"type": "Feature", "geometry": {"type": "LineString", "coordinates": [[-84.3857135, 33.7452037], [-84.3857112, 33.7450206], [-84.3853551, 33.7450206], [-84.3853558, 33.7452042]]}, "properties": {"surface": "", "highway": "footway"}}, {"type": "Feature", "geometry": {"type": "LineString", "coordinates": [[-84.3857322, 33.7453817], [-84.3857314, 33.7454179], [-84.3857307, 33.7454456]]}, "properties": {"surface": "", "highway": "footway"}}, {"type": "Feature", "geometry": {"type": "LineString", "coordinates": [[-84.3856301, 33.7453811], [-84.3856301, 33.7454176], [-84.3856301, 33.7454452]]}, "properties": {"surface": "", "highway": "footway"}}, {"type": "Feature", "geometry": {"type": "LineString", "coordinates": [[-84.3855339, 33.7453805], [-84.3855335, 33.7454173], [-84.3855331, 33.7454449]]}, "properties": {"surface": "", "highway": "footway"}}, {"type": "Feature", "geometry": {"type": "LineString", "coordinates": [[-84.3857314, 33.7454179], [-84.3856729, 33.7454177], [-84.3856301, 33.7454176], [-84.3855895, 33.7454174], [-84.3855335, 33.7454173]]}, "properties": {"surface": "", "highway": "footway"}}, {"type": "Feature", "geometry": {"type": "LineString", "coordinates": [[-84.3856729, 33.7454177], [-84.3856721, 33.7454454]]}, "properties": {"surface": "", "highway": "footway"}}, {"type": "Feature", "geometry": {"type": "LineString", "coordinates": [[-84.3855895, 33.7454174], [-84.3855902, 33.7454451]]}, "properties": {"surface": "", "highway": "footway"}}, {"type": "Feature", "geometry": {"type": "LineString", "coordinates": [[-84.3851398, 33.7453783], [-84.3848565, 33.7454024]]}, "properties": {"surface": "", "highway": "footway"}}, {"type": "Feature", "geometry": {"type": "LineString", "coordinates": [[-84.3883877, 33.7211054], [-84.3880535, 33.721224], [-84.3879449, 33.7212932], [-84.3879342, 33.721369], [-84.3881394, 33.7215207], [-84.388312, 33.7216073], [-84.3883794, 33.7216412], [-84.3884237, 33.7216468], [-84.388454, 33.7216394], [-84.388535, 33.7216245], [-84.3889561, 33.7214081], [-84.3891841, 33.7212999]]}, "properties": {"surface": "", "highway": "footway"}}, {"type": "Feature", "geometry": {"type": "LineString", "coordinates": [[-84.3881911, 33.7217279], [-84.3881425, 33.7216757], [-84.3880468, 33.7216111], [-84.3875835, 33.7213005], [-84.3870238, 33.7208393], [-84.3867226, 33.7205911]]}, "properties": {"surface": "", "highway": "footway"}}, {"type": "Feature", "geometry": {"type": "LineString", "coordinates": [[-84.4137959, 33.7311488], [-84.4141874, 33.7306704], [-84.414419, 33.7303694], [-84.414606, 33.7301267], [-84.4147016, 33.7300063], [-84.4148661, 33.7297878], [-84.4151966, 33.7293653], [-84.4155329, 33.7289569], [-84.4157885, 33.7286158], [-84.415919, 33.7284416], [-84.4160183, 33.728309]]}, "properties": {"surface": "", "highway": "footway"}}, {"type": "Feature", "geometry": {"type": "LineString", "coordinates": [[-84.4136765, 33.731269], [-84.413663, 33.7312726], [-84.4136366, 33.7313044], [-84.4135073, 33.7314975], [-84.4134015, 33.7316442]]}, "properties": {"surface": "", "highway": "footway"}}, {"type": "Feature", "geometry": {"type": "LineString", "coordinates": [[-84.413663, 33.7312726], [-84.4136565, 33.7312552], [-84.4136493, 33.7312443], [-84.4136432, 33.7312359], [-84.4136299, 33.7312297], [-84.4135788, 33.7312283], [-84.4133841, 33.7312242]]}, "properties": {"surface": "", "highway": "footway"}}, {"type": "Feature", "geometry": {"type": "LineString", "coordinates": [[-84.4136262, 33.7311517], [-84.4136166, 33.7311493], [-84.4131757, 33.7311507]]}, "properties": {"surface": "", "highway": "footway"}}, {"type": "Feature", "geometry": {"type": "LineString", "coordinates": [[-84.4131757, 33.7311507], [-84.4131345, 33.731151], [-84.4130853, 33.7311492], [-84.4128551, 33.7311459], [-84.4124539, 33.731147], [-84.4121794, 33.7311431], [-84.4121319, 33.7311427], [-84.4121323, 33.7311554], [-84.4121325, 33.7311791]]}, "properties": {"surface": "", "highway": "footway"}}, {"type": "Feature", "geometry": {"type": "LineString", "coordinates": [[-84.4137959, 33.7311488], [-84.4137827, 33.7311267], [-84.4137709, 33.7311129], [-84.4137632, 33.7310742], [-84.4137576, 33.7308279], [-84.4137505, 33.7304628], [-84.4137396, 33.7301928], [-84.413731, 33.7297171], [-84.4137264, 33.7295871]]}, "properties": {"surface": "", "highway": "footway"}}, {"type": "Feature", "geometry": {"type": "LineString", "coordinates": [[-84.4137264, 33.7295871], [-84.413725, 33.7294912], [-84.4137248, 33.7294759], [-84.413711, 33.7292233], [-84.4137102, 33.7290037], [-84.4137036, 33.7287726], [-84.4136927, 33.7284316], [-84.4136944, 33.7284155], [-84.4136991, 33.7284067], [-84.4137, 33.7283922]]}, "properties": {"surface": "", "highway": "footway"}}, {"type": "Feature", "geometry": {"type": "LineString", "coordinates": [[-84.4136504, 33.7270491], [-84.4136509, 33.7268918], [-84.4136413, 33.7266319]]}, "properties": {"surface": "", "highway": "footway"}}, {"type": "Feature", "geometry": {"type": "LineString", "coordinates": [[-84.413696, 33.7282809], [-84.4136782, 33.7277826], [-84.4136582, 33.7274555], [-84.4136539, 33.72716]]}, "properties": {"surface": "", "highway": "footway"}}, {"type": "Feature", "geometry": {"type": "LineString", "coordinates": [[-84.4136262, 33.7311517], [-84.4136214, 33.7308949], [-84.4136374, 33.7308856], [-84.4136468, 33.7308723], [-84.4136439, 33.7308517], [-84.413643, 33.730719], [-84.4136369, 33.7305149], [-84.4136318, 33.7302763], [-84.4136276, 33.7302627], [-84.4136266, 33.7302579]]}, "properties": {"surface": "", "highway": "footway"}}, {"type": "Feature", "geometry": {"type": "LineString", "coordinates": [[-84.4135479, 33.7270479], [-84.4135471, 33.7270243], [-84.4135314, 33.7265653], [-84.4135249, 33.7263313], [-84.4135189, 33.725922]]}, "properties": {"surface": "", "highway": "footway"}}, {"type": "Feature", "geometry": {"type": "LineString", "coordinates": [[-84.413583, 33.7282795], [-84.4135758, 33.7280896], [-84.4135662, 33.7275917], [-84.4135533, 33.7271601]]}, "properties": {"surface": "", "highway": "footway"}}, {"type": "Feature", "geometry": {"type": "LineString", "coordinates": [[-84.4136049, 33.7291843], [-84.4136039, 33.7291239], [-84.4136008, 33.7290285], [-84.4135866, 33.7285021], [-84.413584, 33.728394]]}, "properties": {"surface": "", "highway": "footway"}}, {"type": "Feature", "geometry": {"type": "LineString", "coordinates": [[-84.4136236, 33.7301831], [-84.4136162, 33.7299317], [-84.4136111, 33.7296145], [-84.4136056, 33.7293433], [-84.4136029, 33.7292631], [-84.4136049, 33.7292513]]}, "properties": {"surface": "", "highway": "footway"}}, {"type": "Feature", "geometry": {"type": "LineString", "coordinates": [[-84.4135479, 33.7270479], [-84.4132764, 33.727047], [-84.4126553, 33.7270536], [-84.4121291, 33.7270615], [-84.411321, 33.7270648]]}, "properties": {"surface": "", "highway": "footway"}}, {"type": "Feature", "geometry": {"type": "LineString", "coordinates": [[-84.4136504, 33.7270491], [-84.4138416, 33.7270412], [-84.4140755, 33.7270373], [-84.4141316, 33.7270422], [-84.4141649, 33.7270472], [-84.4143294, 33.7271382], [-84.4145949, 33.7273048], [-84.4149874, 33.7275433], [-84.4154913, 33.727854], [-84.416055, 33.7281962], [-84.4160685, 33.7282051], [-84.4160918, 33.7282211]]}, "properties": {"surface": "", "highway": "footway"}}, {"type": "Feature", "geometry": {"type": "LineString", "coordinates": [[-84.4153505, 33.7279122], [-84.4152032, 33.727821], [-84.415121, 33.7277757]]}, "properties": {"surface": "", "highway": "footway"}}, {"type": "Feature", "geometry": {"type": "LineString", "coordinates": [[-84.4150687, 33.727741], [-84.415057, 33.7277331]]}, "properties": {"surface": "", "highway": "footway"}}, {"type": "Feature", "geometry": {"type": "LineString", "coordinates": [[-84.4154768, 33.7279957], [-84.415467, 33.7279882], [-84.415459, 33.7279821]]}, "properties": {"surface": "", "highway": "footway"}}, {"type": "Feature", "geometry": {"type": "LineString", "coordinates": [[-84.4148276, 33.7275194], [-84.4147994, 33.7275391], [-84.4147745, 33.7275473], [-84.4147587, 33.7275484], [-84.4146377, 33.7274777], [-84.4146306, 33.7274663], [-84.41466, 33.7274181]]}, "properties": {"surface": "", "highway": "footway"}}, {"type": "Feature", "geometry": {"type": "LineString", "coordinates": [[-84.4135533, 33.7271601], [-84.4134536, 33.7271602], [-84.4130781, 33.7271656], [-84.4125943, 33.7271759], [-84.4113229, 33.7271864]]}, "properties": {"surface": "", "highway": "footway"}}, {"type": "Feature", "geometry": {"type": "LineString", "coordinates": [[-84.414142, 33.727105], [-84.4141152, 33.7271415], [-84.414088, 33.7271601], [-84.4140314, 33.7271611], [-84.4136539, 33.72716]]}, "properties": {"surface": "", "highway": "footway"}}, {"type": "Feature", "geometry": {"type": "LineString", "coordinates": [[-84.413584, 33.728394], [-84.4133046, 33.728402], [-84.4127136, 33.7284077], [-84.4113393, 33.7284263]]}, "properties": {"surface": "", "highway": "footway"}}, {"type": "Feature", "geometry": {"type": "LineString", "coordinates": [[-84.413583, 33.7282795], [-84.4135272, 33.7282784], [-84.4130141, 33.7282861], [-84.4124832, 33.7282969], [-84.4117931, 33.728304], [-84.4113346, 33.7283133]]}, "properties": {"surface": "", "highway": "footway"}}, {"type": "Feature", "geometry": {"type": "LineString", "coordinates": [[-84.4153505, 33.7279122], [-84.4150694, 33.7280221], [-84.414772, 33.7281383], [-84.414512, 33.728237], [-84.4144093, 33.7282618], [-84.4142789, 33.7282752], [-84.4141046, 33.7282791], [-84.413696, 33.7282809]]}, "properties": {"surface": "", "highway": "footway"}}, {"type": "Feature", "geometry": {"type": "LineString", "coordinates": [[-84.413584, 33.728394], [-84.4135834, 33.7283837]]}, "properties": {"surface": "", "highway": "footway"}}, {"type": "Feature", "geometry": {"type": "LineString", "coordinates": [[-84.415467, 33.7279882], [-84.4152811, 33.728064], [-84.4149698, 33.7281959], [-84.4147908, 33.7282658], [-84.4145981, 33.7283432], [-84.4144806, 33.7283718], [-84.4143593, 33.7283867], [-84.4139963, 33.7283981], [-84.4137, 33.7283922]]}, "properties": {"surface": "", "highway": "footway"}}, {"type": "Feature", "geometry": {"type": "LineString", "coordinates": [[-84.4136276, 33.7302627], [-84.4136011, 33.7302648], [-84.4134173, 33.7302712], [-84.4132093, 33.7302837], [-84.4129348, 33.7302972], [-84.4125606, 33.7303153], [-84.4123444, 33.7303293], [-84.4120279, 33.7303412], [-84.4105064, 33.7304059]]}, "properties": {"surface": "", "highway": "footway"}}, {"type": "Feature", "geometry": {"type": "LineString", "coordinates": [[-84.4136029, 33.7292631], [-84.4129604, 33.7293372], [-84.4126959, 33.7293608], [-84.4123845, 33.7293967], [-84.4104903, 33.7295895]]}, "properties": {"surface": "", "highway": "footway"}}, {"type": "Feature", "geometry": {"type": "LineString", "coordinates": [[-84.4112912, 33.7259494], [-84.4116161, 33.7259448], [-84.4118814, 33.7259424], [-84.4121724, 33.725942], [-84.4125123, 33.72594], [-84.4130812, 33.7259309], [-84.4135189, 33.725922]]}, "properties": {"surface": "", "highway": "footway"}}, {"type": "Feature", "geometry": {"type": "LineString", "coordinates": [[-84.4136117, 33.7255354], [-84.4136211, 33.7255086], [-84.4136163, 33.725399], [-84.4136189, 33.7252793], [-84.4136184, 33.7252569], [-84.4136164, 33.7251768], [-84.4136064, 33.7248931], [-84.4135949, 33.7245036], [-84.4135938, 33.7244785], [-84.4135875, 33.7244374]]}, "properties": {"surface": "", "highway": "footway"}}, {"type": "Feature", "geometry": {"type": "LineString", "coordinates": [[-84.4079499, 33.7220905], [-84.4079485, 33.722025], [-84.4079497, 33.7215573], [-84.4079468, 33.721408], [-84.4079439, 33.7207894], [-84.4079471, 33.7202896], [-84.4079474, 33.7202348], [-84.4079454, 33.7201486], [-84.407943, 33.7195722]]}, "properties": {"surface": "", "highway": "footway"}}, {"type": "Feature", "geometry": {"type": "LineString", "coordinates": [[-84.4079619, 33.7233964], [-84.4079528, 33.7231937], [-84.4079533, 33.7222715]]}, "properties": {"surface": "", "highway": "footway"}}, {"type": "Feature", "geometry": {"type": "LineString", "coordinates": [[-84.4077879, 33.7235173], [-84.4077913, 33.7234133], [-84.4077919, 33.7233951], [-84.4077872, 33.7226291], [-84.4077908, 33.7224041], [-84.4077698, 33.722283]]}, "properties": {"surface": "", "highway": "footway"}}, {"type": "Feature", "geometry": {"type": "LineString", "coordinates": [[-84.4077651, 33.7220784], [-84.4077791, 33.7220635], [-84.4077822, 33.7220435], [-84.4077836, 33.7219037], [-84.4077807, 33.7215556], [-84.4077757, 33.7211506], [-84.4077907, 33.7203359], [-84.4077901, 33.7202969], [-84.4077879, 33.7201507], [-84.4077788, 33.7195564], [-84.4077683, 33.7193214]]}, "properties": {"surface": "", "highway": "footway"}}, {"type": "Feature", "geometry": {"type": "LineString", "coordinates": [[-84.4081636, 33.7311308], [-84.4083922, 33.7311301], [-84.4088065, 33.7311304], [-84.4092374, 33.7311301]]}, "properties": {"surface": "", "highway": "footway"}}, {"type": "Feature", "geometry": {"type": "LineString", "coordinates": [[-84.408753, 33.7311664], [-84.4087518, 33.731209], [-84.4085938, 33.73121], [-84.4083066, 33.7312053], [-84.4081666, 33.7312039]]}, "properties": {"surface": "", "highway": "footway"}}, {"type": "Feature", "geometry": {"type": "LineString", "coordinates": [[-84.4087518, 33.731209], [-84.4088967, 33.7312116]]}, "properties": {"surface": "", "highway": "footway"}}, {"type": "Feature", "geometry": {"type": "LineString", "coordinates": [[-84.4093698, 33.7312224], [-84.4095761, 33.7312204], [-84.4099208, 33.731218], [-84.4104058, 33.7312183]]}, "properties": {"surface": "", "highway": "footway"}}, {"type": "Feature", "geometry": {"type": "LineString", "coordinates": [[-84.4093429, 33.7311318], [-84.4098484, 33.7311295], [-84.410402, 33.7311315]]}, "properties": {"surface": "", "highway": "footway"}}, {"type": "Feature", "geometry": {"type": "LineString", "coordinates": [[-84.4121319, 33.7311427], [-84.4119551, 33.7311427], [-84.4116743, 33.7311417], [-84.4109589, 33.7311373], [-84.4105246, 33.7311332]]}, "properties": {"surface": "", "highway": "footway"}}, {"type": "Feature", "geometry": {"type": "LineString", "coordinates": [[-84.4104199, 33.7318192], [-84.4104185, 33.7317365], [-84.4104167, 33.7315699], [-84.4104058, 33.7312183]]}, "properties": {"surface": "", "highway": "footway"}}, {"type": "Feature", "geometry": {"type": "LineString", "coordinates": [[-84.410402, 33.7311315], [-84.4103965, 33.7308978], [-84.4103908, 33.7302176]]}, "properties": {"surface": "", "highway": "footway"}}, {"type": "Feature", "geometry": {"type": "LineString", "coordinates": [[-84.4103908, 33.7302176], [-84.4103906, 33.7300982], [-84.4103857, 33.7297623], [-84.4103862, 33.7296323], [-84.4103851, 33.7296058]]}, "properties": {"surface": "", "highway": "footway"}}, {"type": "Feature", "geometry": {"type": "LineString", "coordinates": [[-84.4105246, 33.7311332], [-84.4105241, 33.7310894], [-84.4105252, 33.7310296], [-84.4105262, 33.7309536], [-84.4105211, 33.7307717], [-84.4105071, 33.7304334], [-84.4105064, 33.7304059]]}, "properties": {"surface": "", "highway": "footway"}}, {"type": "Feature", "geometry": {"type": "LineString", "coordinates": [[-84.4105039, 33.7303503], [-84.4105029, 33.7303372], [-84.4105021, 33.7302854], [-84.410502, 33.7302785], [-84.4105, 33.730076], [-84.4104903, 33.7295895]]}, "properties": {"surface": "", "highway": "footway"}}, {"type": "Feature", "geometry": {"type": "LineString", "coordinates": [[-84.4121617, 33.7302887], [-84.4121628, 33.7302591], [-84.4120599, 33.7302617], [-84.411806, 33.7302747], [-84.4115422, 33.7302836], [-84.4114549, 33.7302864], [-84.4113655, 33.7302918], [-84.4109162, 33.7303214], [-84.4107093, 33.7303393], [-84.4105039, 33.7303503]]}, "properties": {"surface": "", "highway": "footway"}}, {"type": "Feature", "geometry": {"type": "LineString", "coordinates": [[-84.4123939, 33.7293437], [-84.4123876, 33.7293149], [-84.4123854, 33.7293096], [-84.4123816, 33.7293044], [-84.4122489, 33.7293163], [-84.4119971, 33.7293446], [-84.4115246, 33.729397], [-84.4113136, 33.729425]]}, "properties": {"surface": "", "highway": "footway"}}, {"type": "Feature", "geometry": {"type": "LineString", "coordinates": [[-84.4112311, 33.7294307], [-84.4108862, 33.7294682], [-84.410523, 33.7295062], [-84.4104542, 33.7295137]]}, "properties": {"surface": "", "highway": "footway"}}, {"type": "Feature", "geometry": {"type": "LineString", "coordinates": [[-84.4104542, 33.7295137], [-84.4100789, 33.7295334], [-84.409397, 33.7295646], [-84.4089522, 33.7295817]]}, "properties": {"surface": "", "highway": "footway"}}, {"type": "Feature", "geometry": {"type": "LineString", "coordinates": [[-84.4103851, 33.7296058], [-84.4100385, 33.7296274], [-84.4092912, 33.7296587]]}, "properties": {"surface": "", "highway": "footway"}}, {"type": "Feature", "geometry": {"type": "LineString", "coordinates": [[-84.4089522, 33.7295817], [-84.4085154, 33.7296061], [-84.4081163, 33.7296235]]}, "properties": {"surface": "", "highway": "footway"}}, {"type": "Feature", "geometry": {"type": "LineString", "coordinates": [[-84.4081174, 33.7297173], [-84.4085033, 33.7296988], [-84.4090473, 33.7296691], [-84.4091937, 33.7296611]]}, "properties": {"surface": "", "highway": "footway"}}, {"type": "Feature", "geometry": {"type": "LineString", "coordinates": [[-84.4092912, 33.7296587], [-84.4092984, 33.7297838], [-84.4093118, 33.7300318], [-84.4093179, 33.7303755], [-84.4093204, 33.7305355]]}, "properties": {"surface": "", "highway": "footway"}}, {"type": "Feature", "geometry": {"type": "LineString", "coordinates": [[-84.4093204, 33.7305355], [-84.4093429, 33.7311318]]}, "properties": {"surface": "", "highway": "footway"}}, {"type": "Feature", "geometry": {"type": "LineString", "coordinates": [[-84.4091937, 33.7296611], [-84.4092069, 33.7298179], [-84.4092156, 33.7301266], [-84.4092235, 33.7304561]]}, "properties": {"surface": "", "highway": "footway"}}, {"type": "Feature", "geometry": {"type": "LineString", "coordinates": [[-84.4092235, 33.7304561], [-84.4092254, 33.7306927], [-84.4092291, 33.7308532], [-84.4092374, 33.7311301]]}, "properties": {"surface": "", "highway": "footway"}}, {"type": "Feature", "geometry": {"type": "LineString", "coordinates": [[-84.4112311, 33.7294307], [-84.4112254, 33.7292856], [-84.41122, 33.7289376], [-84.4112058, 33.728428]]}, "properties": {"surface": "", "highway": "footway"}}, {"type": "Feature", "geometry": {"type": "LineString", "coordinates": [[-84.4112027, 33.7283139], [-84.4111939, 33.7278538], [-84.4111782, 33.7271852]]}, "properties": {"surface": "", "highway": "footway"}}, {"type": "Feature", "geometry": {"type": "LineString", "coordinates": [[-84.4113346, 33.7283133], [-84.4113316, 33.7279077], [-84.4113349, 33.7275502]]}, "properties": {"surface": "", "highway": "footway"}}, {"type": "Feature", "geometry": {"type": "LineString", "coordinates": [[-84.4113349, 33.7275502], [-84.4112981, 33.7275475], [-84.4112619, 33.7275467], [-84.411245, 33.7275471]]}, "properties": {"surface": "", "highway": "footway"}}, {"type": "Feature", "geometry": {"type": "LineString", "coordinates": [[-84.411321, 33.7270648], [-84.4113171, 33.7268962], [-84.4113104, 33.7266005], [-84.4113094, 33.7264783]]}, "properties": {"surface": "", "highway": "footway"}}, {"type": "Feature", "geometry": {"type": "LineString", "coordinates": [[-84.4113094, 33.7264783], [-84.4112611, 33.7264813], [-84.4112169, 33.7264865]]}, "properties": {"surface": "", "highway": "footway"}}, {"type": "Feature", "geometry": {"type": "LineString", "coordinates": [[-84.4111449, 33.7259582], [-84.4111638, 33.7264885], [-84.4111768, 33.7270649]]}, "properties": {"surface": "", "highway": "footway"}}, {"type": "Feature", "geometry": {"type": "LineString", "coordinates": [[-84.4112058, 33.728428], [-84.410681, 33.728431], [-84.4097448, 33.7284441], [-84.4091101, 33.7284488]]}, "properties": {"surface": "", "highway": "footway"}}, {"type": "Feature", "geometry": {"type": "LineString", "coordinates": [[-84.4091101, 33.7284488], [-84.4085392, 33.7284593], [-84.4080777, 33.728463]]}, "properties": {"surface": "", "highway": "footway"}}, {"type": "Feature", "geometry": {"type": "LineString", "coordinates": [[-84.4080734, 33.7283493], [-84.4083682, 33.7283447], [-84.4087625, 33.7283406], [-84.4090782, 33.7283352], [-84.4094151, 33.7283257]]}, "properties": {"surface": "", "highway": "footway"}}, {"type": "Feature", "geometry": {"type": "LineString", "coordinates": [[-84.4094151, 33.7283257], [-84.4098054, 33.7283205], [-84.4112027, 33.7283139]]}, "properties": {"surface": "", "highway": "footway"}}, {"type": "Feature", "geometry": {"type": "LineString", "coordinates": [[-84.4111782, 33.7271852], [-84.411008, 33.7271856], [-84.4107205, 33.7271932], [-84.4099894, 33.7272012]]}, "properties": {"surface": "", "highway": "footway"}}, {"type": "Feature", "geometry": {"type": "LineString", "coordinates": [[-84.4099894, 33.7272012], [-84.4087988, 33.727218], [-84.4080373, 33.7272282]]}, "properties": {"surface": "", "highway": "footway"}}, {"type": "Feature", "geometry": {"type": "LineString", "coordinates": [[-84.4080255, 33.7271016], [-84.4084172, 33.7271085], [-84.4089555, 33.7270964], [-84.4093357, 33.7270909]]}, "properties": {"surface": "", "highway": "footway"}}, {"type": "Feature", "geometry": {"type": "LineString", "coordinates": [[-84.4093357, 33.7270909], [-84.4099456, 33.7270789], [-84.4111768, 33.7270649]]}, "properties": {"surface": "", "highway": "footway"}}, {"type": "Feature", "geometry": {"type": "LineString", "coordinates": [[-84.4087029, 33.7259175], [-84.4087019, 33.7258775], [-84.4087136, 33.7258724], [-84.4087311, 33.7258693], [-84.4091758, 33.7258634], [-84.409832, 33.7258602], [-84.4103833, 33.725848]]}, "properties": {"surface": "", "highway": "footway"}}, {"type": "Feature", "geometry": {"type": "LineString", "coordinates": [[-84.4103833, 33.725848], [-84.4111353, 33.7258314]]}, "properties": {"surface": "", "highway": "footway"}}, {"type": "Feature", "geometry": {"type": "LineString", "coordinates": [[-84.4080181, 33.7259904], [-84.4083447, 33.7259882], [-84.4091428, 33.7259785]]}, "properties": {"surface": "", "highway": "footway"}}, {"type": "Feature", "geometry": {"type": "LineString", "coordinates": [[-84.4091428, 33.7259785], [-84.4101185, 33.7259655], [-84.4111449, 33.7259582]]}, "properties": {"surface": "", "highway": "footway"}}, {"type": "Feature", "geometry": {"type": "LineString", "coordinates": [[-84.4079819, 33.7247558], [-84.4085389, 33.7247516], [-84.4090553, 33.7247513], [-84.4094104, 33.7247454], [-84.4095544, 33.7247539], [-84.4096985, 33.7247735]]}, "properties": {"surface": "", "highway": "footway"}}, {"type": "Feature", "geometry": {"type": "LineString", "coordinates": [[-84.4096985, 33.7247735], [-84.410022, 33.7248633], [-84.4104104, 33.7250309], [-84.4107342, 33.7252342], [-84.4108658, 33.725348]]}, "properties": {"surface": "", "highway": "footway"}}, {"type": "Feature", "geometry": {"type": "LineString", "coordinates": [[-84.4108658, 33.725348], [-84.410933, 33.7254256], [-84.4109983, 33.7255167], [-84.4110703, 33.7256475], [-84.4111353, 33.7258314]]}, "properties": {"surface": "", "highway": "footway"}}, {"type": "Feature", "geometry": {"type": "LineString", "coordinates": [[-84.4079619, 33.7233964], [-84.4080352, 33.7233962], [-84.4082185, 33.7233977], [-84.4085256, 33.7233924]]}, "properties": {"surface": "", "highway": "footway"}}, {"type": "Feature", "geometry": {"type": "LineString", "coordinates": [[-84.4085256, 33.7233924], [-84.4093738, 33.7233841], [-84.4102026, 33.7233859]]}, "properties": {"surface": "", "highway": "footway"}}, {"type": "Feature", "geometry": {"type": "LineString", "coordinates": [[-84.4102026, 33.7233859], [-84.410317, 33.7233947], [-84.4105436, 33.7234261], [-84.4108742, 33.7235237], [-84.411091, 33.7236172], [-84.4112902, 33.7237277]]}, "properties": {"surface": "", "highway": "footway"}}, {"type": "Feature", "geometry": {"type": "LineString", "coordinates": [[-84.4112902, 33.7237277], [-84.4115789, 33.7239618], [-84.4118929, 33.724294], [-84.412031, 33.7244959]]}, "properties": {"surface": "", "highway": "footway"}}, {"type": "Feature", "geometry": {"type": "LineString", "coordinates": [[-84.412031, 33.7244959], [-84.4122071, 33.7248419], [-84.4123627, 33.7251275], [-84.4124959, 33.7253861]]}, "properties": {"surface": "", "highway": "footway"}}, {"type": "Feature", "geometry": {"type": "LineString", "coordinates": [[-84.4124959, 33.7253861], [-84.4125927, 33.7255375], [-84.4127674, 33.7258114]]}, "properties": {"surface": "", "highway": "footway"}}, {"type": "Feature", "geometry": {"type": "LineString", "coordinates": [[-84.4079533, 33.7222715], [-84.4079838, 33.7222543], [-84.4080159, 33.7222436], [-84.4081859, 33.7222464], [-84.4086244, 33.722249]]}, "properties": {"surface": "", "highway": "footway"}}, {"type": "Feature", "geometry": {"type": "LineString", "coordinates": [[-84.4086244, 33.722249], [-84.409303, 33.7222524]]}, "properties": {"surface": "", "highway": "footway"}}, {"type": "Feature", "geometry": {"type": "LineString", "coordinates": [[-84.409303, 33.7222524], [-84.4100002, 33.7222478]]}, "properties": {"surface": "", "highway": "footway"}}, {"type": "Feature", "geometry": {"type": "LineString", "coordinates": [[-84.4100002, 33.7222478], [-84.4109718, 33.7222631]]}, "properties": {"surface": "", "highway": "footway"}}, {"type": "Feature", "geometry": {"type": "LineString", "coordinates": [[-84.4081853, 33.7319876], [-84.4081801, 33.7317457], [-84.4081666, 33.7312039]]}, "properties": {"surface": "", "highway": "footway"}}, {"type": "Feature", "geometry": {"type": "LineString", "coordinates": [[-84.4079967, 33.7318711], [-84.4080001, 33.7318605], [-84.4080087, 33.7318233], [-84.4080071, 33.731763], [-84.4080006, 33.7315058], [-84.4080006, 33.7311309]]}, "properties": {"surface": "", "highway": "footway"}}, {"type": "Feature", "geometry": {"type": "LineString", "coordinates": [[-84.4081636, 33.7311308], [-84.4081544, 33.7311155], [-84.408154, 33.7310897], [-84.4081539, 33.7310219], [-84.4081532, 33.7308929], [-84.4081496, 33.7307304], [-84.4081451, 33.7306051]]}, "properties": {"surface": "", "highway": "footway"}}, {"type": "Feature", "geometry": {"type": "LineString", "coordinates": [[-84.4080006, 33.7311309], [-84.4079832, 33.7308712], [-84.407964, 33.7306058]]}, "properties": {"surface": "", "highway": "footway"}}, {"type": "Feature", "geometry": {"type": "LineString", "coordinates": [[-84.4081451, 33.7306051], [-84.4081443, 33.7304428], [-84.4081343, 33.7301133], [-84.4081174, 33.7297173]]}, "properties": {"surface": "", "highway": "footway"}}, {"type": "Feature", "geometry": {"type": "LineString", "coordinates": [[-84.4079497, 33.7300763], [-84.4079398, 33.7298097], [-84.4079337, 33.7296123]]}, "properties": {"surface": "", "highway": "footway"}}, {"type": "Feature", "geometry": {"type": "LineString", "coordinates": [[-84.4079337, 33.7296123], [-84.407923, 33.7294046]]}, "properties": {"surface": "", "highway": "footway"}}, {"type": "Feature", "geometry": {"type": "LineString", "coordinates": [[-84.4081163, 33.7296235], [-84.4081056, 33.7293119]]}, "properties": {"surface": "", "highway": "footway"}}, {"type": "Feature", "geometry": {"type": "LineString", "coordinates": [[-84.4079626, 33.7305308], [-84.4079512, 33.7303513], [-84.40795, 33.7300983], [-84.4079497, 33.7300763]]}, "properties": {"surface": "", "highway": "footway"}}, {"type": "Feature", "geometry": {"type": "LineString", "coordinates": [[-84.4081056, 33.7293119], [-84.4080884, 33.7289865], [-84.4080777, 33.728463]]}, "properties": {"surface": "", "highway": "footway"}}, {"type": "Feature", "geometry": {"type": "LineString", "coordinates": [[-84.4079254, 33.7293079], [-84.40792, 33.7291105], [-84.4079079, 33.7287227], [-84.4078919, 33.7283687]]}, "properties": {"surface": "", "highway": "footway"}}, {"type": "Feature", "geometry": {"type": "LineString", "coordinates": [[-84.4078919, 33.7283687], [-84.4078865, 33.7281939]]}, "properties": {"surface": "", "highway": "footway"}}, {"type": "Feature", "geometry": {"type": "LineString", "coordinates": [[-84.4080734, 33.7283493], [-84.4080651, 33.7281308], [-84.4080548, 33.7278486], [-84.4080373, 33.7272282]]}, "properties": {"surface": "", "highway": "footway"}}, {"type": "Feature", "geometry": {"type": "LineString", "coordinates": [[-84.407885, 33.7280986], [-84.4078811, 33.7278213], [-84.407871, 33.7273218], [-84.4078678, 33.7271354]]}, "properties": {"surface": "", "highway": "footway"}}, {"type": "Feature", "geometry": {"type": "LineString", "coordinates": [[-84.4080255, 33.7271016], [-84.408021, 33.7268541], [-84.408021, 33.7266], [-84.4080181, 33.7259904]]}, "properties": {"surface": "", "highway": "footway"}}, {"type": "Feature", "geometry": {"type": "LineString", "coordinates": [[-84.4078678, 33.7271354], [-84.4078578, 33.7268465], [-84.4078524, 33.7267696], [-84.4078513, 33.726569]]}, "properties": {"surface": "", "highway": "footway"}}, {"type": "Feature", "geometry": {"type": "LineString", "coordinates": [[-84.4078513, 33.726569], [-84.4078458, 33.7259885]]}, "properties": {"surface": "", "highway": "footway"}}, {"type": "Feature", "geometry": {"type": "LineString", "coordinates": [[-84.4078458, 33.7259885], [-84.4078445, 33.7258366], [-84.4078432, 33.7258165], [-84.4078409, 33.7257813]]}, "properties": {"surface": "", "highway": "footway"}}, {"type": "Feature", "geometry": {"type": "LineString", "coordinates": [[-84.4080181, 33.7258738], [-84.4080062, 33.7257006], [-84.4079957, 33.7254176], [-84.407985, 33.7252677]]}, "properties": {"surface": "", "highway": "footway"}}, {"type": "Feature", "geometry": {"type": "LineString", "coordinates": [[-84.407985, 33.7252677], [-84.4079819, 33.7247558]]}, "properties": {"surface": "", "highway": "footway"}}, {"type": "Feature", "geometry": {"type": "LineString", "coordinates": [[-84.4078365, 33.7256964], [-84.4078242, 33.7252981], [-84.4078182, 33.7251239]]}, "properties": {"surface": "", "highway": "footway"}}, {"type": "Feature", "geometry": {"type": "LineString", "coordinates": [[-84.4078182, 33.7251239], [-84.4078123, 33.7247594]]}, "properties": {"surface": "", "highway": "footway"}}, {"type": "Feature", "geometry": {"type": "LineString", "coordinates": [[-84.4078081, 33.7246529], [-84.4077953, 33.7243198], [-84.4077928, 33.723895], [-84.4077928, 33.7237882]]}, "properties": {"surface": "", "highway": "footway"}}, {"type": "Feature", "geometry": {"type": "LineString", "coordinates": [[-84.4077928, 33.7237882], [-84.4077879, 33.7235173]]}, "properties": {"surface": "", "highway": "footway"}}, {"type": "Feature", "geometry": {"type": "LineString", "coordinates": [[-84.407964, 33.7306058], [-84.4074422, 33.7306028], [-84.4070979, 33.7306]]}, "properties": {"surface": "", "highway": "footway"}}, {"type": "Feature", "geometry": {"type": "LineString", "coordinates": [[-84.4079626, 33.7305308], [-84.4079245, 33.7305134], [-84.4077478, 33.7305101], [-84.4072885, 33.7305115], [-84.4068984, 33.7305095]]}, "properties": {"surface": "", "highway": "footway"}}, {"type": "Feature", "geometry": {"type": "LineString", "coordinates": [[-84.4068984, 33.7305095], [-84.4065809, 33.7305094], [-84.4060807, 33.730513]]}, "properties": {"surface": "", "highway": "footway"}}, {"type": "Feature", "geometry": {"type": "LineString", "coordinates": [[-84.407011, 33.7305986], [-84.4060874, 33.7306021]]}, "properties": {"surface": "", "highway": "footway"}}, {"type": "Feature", "geometry": {"type": "LineString", "coordinates": [[-84.4079254, 33.7293079], [-84.4078206, 33.7293144], [-84.4074439, 33.7293131], [-84.4072481, 33.729313], [-84.4070483, 33.7293126]]}, "properties": {"surface": "", "highway": "footway"}}, {"type": "Feature", "geometry": {"type": "LineString", "coordinates": [[-84.407923, 33.7294046], [-84.4074336, 33.7294036], [-84.407057, 33.7294005]]}, "properties": {"surface": "", "highway": "footway"}}, {"type": "Feature", "geometry": {"type": "LineString", "coordinates": [[-84.407057, 33.7294005], [-84.4066359, 33.7294044], [-84.4063715, 33.7294033]]}, "properties": {"surface": "", "highway": "footway"}}, {"type": "Feature", "geometry": {"type": "LineString", "coordinates": [[-84.4063715, 33.7294033], [-84.4060635, 33.7294014]]}, "properties": {"surface": "", "highway": "footway"}}, {"type": "Feature", "geometry": {"type": "LineString", "coordinates": [[-84.4069294, 33.7293108], [-84.406528, 33.7293051], [-84.4060589, 33.7292993]]}, "properties": {"surface": "", "highway": "footway"}}, {"type": "Feature", "geometry": {"type": "LineString", "coordinates": [[-84.4059617, 33.7294024], [-84.40556, 33.729399], [-84.4054515, 33.7293975]]}, "properties": {"surface": "", "highway": "footway"}}, {"type": "Feature", "geometry": {"type": "LineString", "coordinates": [[-84.4054515, 33.7293975], [-84.4048942, 33.7293927]]}, "properties": {"surface": "", "highway": "footway"}}, {"type": "Feature", "geometry": {"type": "LineString", "coordinates": [[-84.4048966, 33.7292939], [-84.4051379, 33.7292952], [-84.4054778, 33.7292993], [-84.4055894, 33.7292978]]}, "properties": {"surface": "", "highway": "footway"}}, {"type": "Feature", "geometry": {"type": "LineString", "coordinates": [[-84.4059541, 33.7292981], [-84.4055894, 33.7292978]]}, "properties": {"surface": "", "highway": "footway"}}, {"type": "Feature", "geometry": {"type": "LineString", "coordinates": [[-84.4047761, 33.7293893], [-84.4045047, 33.7293829], [-84.4043481, 33.7293824]]}, "properties": {"surface": "", "highway": "footway"}}, {"type": "Feature", "geometry": {"type": "LineString", "coordinates": [[-84.4043481, 33.7293824], [-84.4043409, 33.7293709], [-84.4043391, 33.7293565], [-84.4043371, 33.7293306]]}, "properties": {"surface": "", "highway": "footway"}}, {"type": "Feature", "geometry": {"type": "LineString", "coordinates": [[-84.4047777, 33.72929], [-84.4043702, 33.7292889], [-84.4040696, 33.7292857], [-84.4040567, 33.7292858]]}, "properties": {"surface": "", "highway": "footway"}}, {"type": "Feature", "geometry": {"type": "LineString", "coordinates": [[-84.4077698, 33.722283], [-84.4077249, 33.7222633], [-84.4075749, 33.7222612], [-84.4073992, 33.7222584]]}, "properties": {"surface": "", "highway": "footway"}}, {"type": "Feature", "geometry": {"type": "LineString", "coordinates": [[-84.4066958, 33.7222209], [-84.406343, 33.7222215], [-84.4059446, 33.7222213]]}, "properties": {"surface": "", "highway": "footway"}}, {"type": "Feature", "geometry": {"type": "LineString", "coordinates": [[-84.4073992, 33.7222584], [-84.4073252, 33.7222585], [-84.4073134, 33.7222561], [-84.4073005, 33.7222505], [-84.4072786, 33.722236], [-84.4072509, 33.7222247], [-84.4072108, 33.7222217], [-84.4069897, 33.7222206], [-84.4066958, 33.7222209]]}, "properties": {"surface": "", "highway": "footway"}}, {"type": "Feature", "geometry": {"type": "LineString", "coordinates": [[-84.4077651, 33.7220784], [-84.4077068, 33.7221147], [-84.4076614, 33.7221271], [-84.4076214, 33.7221259], [-84.4075204, 33.722125]]}, "properties": {"surface": "", "highway": "footway"}}, {"type": "Feature", "geometry": {"type": "LineString", "coordinates": [[-84.4075204, 33.722125], [-84.4072371, 33.7221172], [-84.4062536, 33.7221139]]}, "properties": {"surface": "", "highway": "footway"}}, {"type": "Feature", "geometry": {"type": "LineString", "coordinates": [[-84.4062536, 33.7221139], [-84.4058918, 33.7221058]]}, "properties": {"surface": "", "highway": "footway"}}, {"type": "Feature", "geometry": {"type": "LineString", "coordinates": [[-84.40583, 33.7222201], [-84.4048734, 33.7222048]]}, "properties": {"surface": "", "highway": "footway"}}, {"type": "Feature", "geometry": {"type": "LineString", "coordinates": [[-84.4058918, 33.7221058], [-84.4053583, 33.722091]]}, "properties": {"surface": "", "highway": "footway"}}, {"type": "Feature", "geometry": {"type": "LineString", "coordinates": [[-84.4053583, 33.722091], [-84.4053542, 33.7221195], [-84.4053569, 33.7221578]]}, "properties": {"surface": "", "highway": "footway"}}, {"type": "Feature", "geometry": {"type": "LineString", "coordinates": [[-84.4047749, 33.7222028], [-84.4043883, 33.7221992], [-84.4042708, 33.7221995]]}, "properties": {"surface": "", "highway": "footway"}}, {"type": "Feature", "geometry": {"type": "LineString", "coordinates": [[-84.4042708, 33.7221995], [-84.4040597, 33.7221984]]}, "properties": {"surface": "", "highway": "footway"}}, {"type": "Feature", "geometry": {"type": "LineString", "coordinates": [[-84.4039616, 33.7221945], [-84.4034518, 33.7221908], [-84.4033038, 33.7221939]]}, "properties": {"surface": "", "highway": "footway"}}, {"type": "Feature", "geometry": {"type": "LineString", "coordinates": [[-84.4031648, 33.7221982], [-84.4029905, 33.7221981], [-84.4025031, 33.7221981]]}, "properties": {"surface": "", "highway": "footway"}}, {"type": "Feature", "geometry": {"type": "LineString", "coordinates": [[-84.4024044, 33.722199], [-84.4021331, 33.722192], [-84.4020505, 33.7221925], [-84.4017472, 33.722194]]}, "properties": {"surface": "", "highway": "footway"}}, {"type": "Feature", "geometry": {"type": "LineString", "coordinates": [[-84.4018528, 33.7220782], [-84.4023187, 33.7220754]]}, "properties": {"surface": "", "highway": "footway"}}, {"type": "Feature", "geometry": {"type": "LineString", "coordinates": [[-84.4018528, 33.7220782], [-84.4017788, 33.7220776], [-84.4017506, 33.7220774]]}, "properties": {"surface": "", "highway": "footway"}}, {"type": "Feature", "geometry": {"type": "LineString", "coordinates": [[-84.4078081, 33.7246529], [-84.4077889, 33.7246602], [-84.4077679, 33.7246623], [-84.4077114, 33.7246662], [-84.4075457, 33.7246659], [-84.4070846, 33.7246591], [-84.406558, 33.7246595], [-84.4064598, 33.7246559]]}, "properties": {"surface": "", "highway": "footway"}}, {"type": "Feature", "geometry": {"type": "LineString", "coordinates": [[-84.4064598, 33.7246559], [-84.4059642, 33.7246564]]}, "properties": {"surface": "", "highway": "footway"}}, {"type": "Feature", "geometry": {"type": "LineString", "coordinates": [[-84.4057161, 33.7246828], [-84.4057168, 33.7247305], [-84.4057162, 33.7247421], [-84.405699, 33.7247446], [-84.405605, 33.7247457], [-84.4055162, 33.7247449], [-84.4054922, 33.7247588], [-84.4054885, 33.7247862]]}, "properties": {"surface": "", "highway": "footway"}}, {"type": "Feature", "geometry": {"type": "LineString", "coordinates": [[-84.4058594, 33.7246531], [-84.4055726, 33.7246491], [-84.4054197, 33.7246491], [-84.4054116, 33.7246618], [-84.405405, 33.7246805], [-84.4054, 33.7247458], [-84.4053976, 33.7248867], [-84.4053925, 33.7251894]]}, "properties": {"surface": "", "highway": "footway"}}, {"type": "Feature", "geometry": {"type": "LineString", "coordinates": [[-84.405437, 33.7251739], [-84.4054619, 33.725177], [-84.4054752, 33.7251777], [-84.4054876, 33.7251755], [-84.4054897, 33.7250089], [-84.4054885, 33.7247862]]}, "properties": {"surface": "", "highway": "footway"}}, {"type": "Feature", "geometry": {"type": "LineString", "coordinates": [[-84.4053925, 33.7251894], [-84.4054002, 33.72554], [-84.4053979, 33.7256092], [-84.4053985, 33.7256461], [-84.4053955, 33.7256819]]}, "properties": {"surface": "", "highway": "footway"}}, {"type": "Feature", "geometry": {"type": "LineString", "coordinates": [[-84.4055088, 33.7256819], [-84.4055081, 33.7256026], [-84.4055038, 33.7254896]]}, "properties": {"surface": "", "highway": "footway"}}, {"type": "Feature", "geometry": {"type": "LineString", "coordinates": [[-84.4058953, 33.7229501], [-84.4058375, 33.7229495], [-84.4058342, 33.7226818], [-84.40583, 33.7222201]]}, "properties": {"surface": "", "highway": "footway"}}, {"type": "Feature", "geometry": {"type": "LineString", "coordinates": [[-84.4048655, 33.7228524], [-84.4048621, 33.7229087], [-84.4048511, 33.7230395], [-84.4048469, 33.7231726], [-84.4048372, 33.7234324]]}, "properties": {"surface": "", "highway": "footway"}}, {"type": "Feature", "geometry": {"type": "LineString", "coordinates": [[-84.4048372, 33.7234324], [-84.4048322, 33.7235875], [-84.4047766, 33.7235853]]}, "properties": {"surface": "", "highway": "footway"}}, {"type": "Feature", "geometry": {"type": "LineString", "coordinates": [[-84.404834, 33.724224], [-84.4048326, 33.7241878]]}, "properties": {"surface": "", "highway": "footway"}}, {"type": "Feature", "geometry": {"type": "LineString", "coordinates": [[-84.4048326, 33.7241878], [-84.4048333, 33.7240401], [-84.4048434, 33.7238155]]}, "properties": {"surface": "", "highway": "footway"}}, {"type": "Feature", "geometry": {"type": "LineString", "coordinates": [[-84.4048434, 33.7238155], [-84.4048397, 33.7237756], [-84.4048058, 33.7237663], [-84.4047719, 33.7237604]]}, "properties": {"surface": "", "highway": "footway"}}, {"type": "Feature", "geometry": {"type": "LineString", "coordinates": [[-84.4040362, 33.7242714], [-84.4040876, 33.7242726], [-84.4042817, 33.7242733], [-84.4047057, 33.7242751]]}, "properties": {"surface": "", "highway": "footway"}}, {"type": "Feature", "geometry": {"type": "LineString", "coordinates": [[-84.4047057, 33.7242751], [-84.4047189, 33.7242936], [-84.404715, 33.7243525], [-84.4047101, 33.7245291], [-84.4047295, 33.7246973], [-84.4047583, 33.7248924], [-84.4047695, 33.7251691]]}, "properties": {"surface": "", "highway": "footway"}}, {"type": "Feature", "geometry": {"type": "LineString", "coordinates": [[-84.4047695, 33.7251691], [-84.4047713, 33.7253193], [-84.4047823, 33.7256715]]}, "properties": {"surface": "", "highway": "footway"}}, {"type": "Feature", "geometry": {"type": "LineString", "coordinates": [[-84.404781, 33.7257605], [-84.4047794, 33.7258574], [-84.4047755, 33.7261248], [-84.4047776, 33.7263752]]}, "properties": {"surface": "", "highway": "footway"}}, {"type": "Feature", "geometry": {"type": "LineString", "coordinates": [[-84.4047776, 33.7263752], [-84.4047803, 33.7266636], [-84.404783, 33.7268733]]}, "properties": {"surface": "", "highway": "footway"}}, {"type": "Feature", "geometry": {"type": "LineString", "coordinates": [[-84.4047761, 33.7293893], [-84.4047808, 33.7296603], [-84.404785, 33.7299507], [-84.4047825, 33.7301313]]}, "properties": {"surface": "", "highway": "footway"}}, {"type": "Feature", "geometry": {"type": "LineString", "coordinates": [[-84.4047825, 33.7301313], [-84.40483, 33.7302564], [-84.4048923, 33.7304029], [-84.4049508, 33.7305409], [-84.4049659, 33.7306328], [-84.4049618, 33.7308011]]}, "properties": {"surface": "", "highway": "footway"}}, {"type": "Feature", "geometry": {"type": "LineString", "coordinates": [[-84.4049618, 33.7308011], [-84.4049519, 33.7310931]]}, "properties": {"surface": "", "highway": "footway"}}, {"type": "Feature", "geometry": {"type": "LineString", "coordinates": [[-84.4048942, 33.7293927], [-84.4048883, 33.7295747], [-84.4048915, 33.7299032], [-84.4049018, 33.7301287], [-84.4049299, 33.7302053]]}, "properties": {"surface": "", "highway": "footway"}}, {"type": "Feature", "geometry": {"type": "LineString", "coordinates": [[-84.4049299, 33.7302053], [-84.4049507, 33.7302781], [-84.4049905, 33.730399]]}, "properties": {"surface": "", "highway": "footway"}}, {"type": "Feature", "geometry": {"type": "LineString", "coordinates": [[-84.4049905, 33.730399], [-84.4050405, 33.7305472], [-84.4050493, 33.7307044], [-84.4050524, 33.7308436]]}, "properties": {"surface": "", "highway": "footway"}}, {"type": "Feature", "geometry": {"type": "LineString", "coordinates": [[-84.4050524, 33.7308436], [-84.4050516, 33.7310535], [-84.405051, 33.7310594], [-84.4050487, 33.7310666]]}, "properties": {"surface": "", "highway": "footway"}}, {"type": "Feature", "geometry": {"type": "LineString", "coordinates": [[-84.4049512, 33.7311744], [-84.40496, 33.731358], [-84.4049586, 33.731653]]}, "properties": {"surface": "", "highway": "footway"}}, {"type": "Feature", "geometry": {"type": "LineString", "coordinates": [[-84.4049586, 33.731653], [-84.4049533, 33.7318699]]}, "properties": {"surface": "", "highway": "footway"}}, {"type": "Feature", "geometry": {"type": "LineString", "coordinates": [[-84.407885, 33.7280986], [-84.4077542, 33.7281003], [-84.4069494, 33.7281003]]}, "properties": {"surface": "", "highway": "footway"}}, {"type": "Feature", "geometry": {"type": "LineString", "coordinates": [[-84.4078865, 33.7281939], [-84.4076993, 33.7281961], [-84.4071906, 33.7281935]]}, "properties": {"surface": "", "highway": "footway"}}, {"type": "Feature", "geometry": {"type": "LineString", "coordinates": [[-84.4071906, 33.7281935], [-84.40702, 33.7281921]]}, "properties": {"surface": "", "highway": "footway"}}, {"type": "Feature", "geometry": {"type": "LineString", "coordinates": [[-84.4069494, 33.7281003], [-84.405966, 33.7280926]]}, "properties": {"surface": "", "highway": "footway"}}, {"type": "Feature", "geometry": {"type": "LineString", "coordinates": [[-84.4069325, 33.7281922], [-84.4066378, 33.7281895], [-84.4060238, 33.728183]]}, "properties": {"surface": "", "highway": "footway"}}, {"type": "Feature", "geometry": {"type": "LineString", "coordinates": [[-84.4048925, 33.7280834], [-84.405228, 33.7280871], [-84.4056723, 33.7280885]]}, "properties": {"surface": "", "highway": "footway"}}, {"type": "Feature", "geometry": {"type": "LineString", "coordinates": [[-84.405966, 33.7280926], [-84.4056723, 33.7280885]]}, "properties": {"surface": "", "highway": "footway"}}, {"type": "Feature", "geometry": {"type": "LineString", "coordinates": [[-84.4048913, 33.7281714], [-84.4052288, 33.7281704], [-84.4055222, 33.7281695]]}, "properties": {"surface": "", "highway": "footway"}}, {"type": "Feature", "geometry": {"type": "LineString", "coordinates": [[-84.4055222, 33.7281695], [-84.4059415, 33.7281802]]}, "properties": {"surface": "", "highway": "footway"}}, {"type": "Feature", "geometry": {"type": "LineString", "coordinates": [[-84.4047829, 33.7281699], [-84.4043851, 33.7281653], [-84.4040678, 33.7281674]]}, "properties": {"surface": "", "highway": "footway"}}, {"type": "Feature", "geometry": {"type": "LineString", "coordinates": [[-84.4047836, 33.7280811], [-84.4044163, 33.7280763], [-84.40407, 33.7280673]]}, "properties": {"surface": "", "highway": "footway"}}, {"type": "Feature", "geometry": {"type": "LineString", "coordinates": [[-84.4039437, 33.7281667], [-84.4032558, 33.7281553]]}, "properties": {"surface": "", "highway": "footway"}}, {"type": "Feature", "geometry": {"type": "LineString", "coordinates": [[-84.4039424, 33.728069], [-84.4036386, 33.728064], [-84.4032504, 33.7280576]]}, "properties": {"surface": "", "highway": "footway"}}, {"type": "Feature", "geometry": {"type": "LineString", "coordinates": [[-84.4031387, 33.7281573], [-84.4027803, 33.7281541], [-84.402487, 33.7281523]]}, "properties": {"surface": "", "highway": "footway"}}, {"type": "Feature", "geometry": {"type": "LineString", "coordinates": [[-84.4031369, 33.7280592], [-84.4028971, 33.7280569], [-84.4024858, 33.7280607]]}, "properties": {"surface": "", "highway": "footway"}}, {"type": "Feature", "geometry": {"type": "LineString", "coordinates": [[-84.4023666, 33.7281526], [-84.4021826, 33.7281523], [-84.4019731, 33.7281514], [-84.4016952, 33.7281492]]}, "properties": {"surface": "", "highway": "footway"}}, {"type": "Feature", "geometry": {"type": "LineString", "coordinates": [[-84.402366, 33.7280592], [-84.4021795, 33.7280583], [-84.401855, 33.7280583], [-84.4016941, 33.7280583]]}, "properties": {"surface": "", "highway": "footway"}}, {"type": "Feature", "geometry": {"type": "LineString", "coordinates": [[-84.4070979, 33.7306], [-84.4070996, 33.7307175], [-84.4071063, 33.7310921], [-84.4071183, 33.7313031]]}, "properties": {"surface": "", "highway": "footway"}}, {"type": "Feature", "geometry": {"type": "LineString", "coordinates": [[-84.407011, 33.7305986], [-84.4070253, 33.7309268], [-84.4070366, 33.731434]]}, "properties": {"surface": "", "highway": "footway"}}, {"type": "Feature", "geometry": {"type": "LineString", "coordinates": [[-84.4071183, 33.7313031], [-84.4071265, 33.7315755], [-84.4071437, 33.7318796]]}, "properties": {"surface": "", "highway": "footway"}}, {"type": "Feature", "geometry": {"type": "LineString", "coordinates": [[-84.4070366, 33.731434], [-84.4070496, 33.7318781]]}, "properties": {"surface": "", "highway": "footway"}}, {"type": "Feature", "geometry": {"type": "LineString", "coordinates": [[-84.4070496, 33.7318781], [-84.406747, 33.731876], [-84.4064028, 33.731876], [-84.4060979, 33.7318704]]}, "properties": {"surface": "", "highway": "footway"}}, {"type": "Feature", "geometry": {"type": "LineString", "coordinates": [[-84.4060979, 33.7318704], [-84.406098, 33.7315586], [-84.4060956, 33.7308312]]}, "properties": {"surface": "", "highway": "footway"}}, {"type": "Feature", "geometry": {"type": "LineString", "coordinates": [[-84.4059982, 33.7318682], [-84.4059965, 33.7317587], [-84.4059918, 33.7313455], [-84.40599, 33.7312128]]}, "properties": {"surface": "", "highway": "footway"}}, {"type": "Feature", "geometry": {"type": "LineString", "coordinates": [[-84.40599, 33.7312128], [-84.4059912, 33.7308308]]}, "properties": {"surface": "", "highway": "footway"}}, {"type": "Feature", "geometry": {"type": "LineString", "coordinates": [[-84.4060956, 33.7308312], [-84.4060874, 33.7306021]]}, "properties": {"surface": "", "highway": "footway"}}, {"type": "Feature", "geometry": {"type": "LineString", "coordinates": [[-84.4059912, 33.7308308], [-84.4059823, 33.7307804], [-84.4059555, 33.7307276], [-84.4059269, 33.730654], [-84.4058865, 33.7305574], [-84.4058771, 33.7305258], [-84.405874, 33.7304861], [-84.4058743, 33.7304571], [-84.4058757, 33.7304289], [-84.4058825, 33.7303793], [-84.4059377, 33.7302208], [-84.4059679, 33.7301562], [-84.4059783, 33.7301202], [-84.4059786, 33.7300819], [-84.4059721, 33.7300456]]}, "properties": {"surface": "", "highway": "footway"}}, {"type": "Feature", "geometry": {"type": "LineString", "coordinates": [[-84.4059721, 33.7300456], [-84.4059722, 33.7296962], [-84.4059617, 33.7294024]]}, "properties": {"surface": "", "highway": "footway"}}, {"type": "Feature", "geometry": {"type": "LineString", "coordinates": [[-84.4060807, 33.730513], [-84.4060796, 33.7302766], [-84.4060762, 33.7297895]]}, "properties": {"surface": "", "highway": "footway"}}, {"type": "Feature", "geometry": {"type": "LineString", "coordinates": [[-84.4060762, 33.7297895], [-84.4060635, 33.7294014]]}, "properties": {"surface": "", "highway": "footway"}}, {"type": "Feature", "geometry": {"type": "LineString", "coordinates": [[-84.4048966, 33.7292939], [-84.4048935, 33.7290583], [-84.4048893, 33.7285818]]}, "properties": {"surface": "", "highway": "footway"}}, {"type": "Feature", "geometry": {"type": "LineString", "coordinates": [[-84.4048893, 33.7285818], [-84.4048913, 33.7281714]]}, "properties": {"surface": "", "highway": "footway"}}, {"type": "Feature", "geometry": {"type": "LineString", "coordinates": [[-84.4047829, 33.7281699], [-84.4047836, 33.7285212], [-84.4047849, 33.7287603]]}, "properties": {"surface": "", "highway": "footway"}}, {"type": "Feature", "geometry": {"type": "LineString", "coordinates": [[-84.4047849, 33.7287603], [-84.4047817, 33.729122], [-84.4047777, 33.72929]]}, "properties": {"surface": "", "highway": "footway"}}, {"type": "Feature", "geometry": {"type": "LineString", "coordinates": [[-84.4048925, 33.7280834], [-84.4048925, 33.7279085], [-84.4048971, 33.7275026]]}, "properties": {"surface": "", "highway": "footway"}}, {"type": "Feature", "geometry": {"type": "LineString", "coordinates": [[-84.4047836, 33.7280811], [-84.4047844, 33.7278225], [-84.4047925, 33.7275028]]}, "properties": {"surface": "", "highway": "footway"}}, {"type": "Feature", "geometry": {"type": "LineString", "coordinates": [[-84.4048971, 33.7275026], [-84.4049013, 33.7269644], [-84.4049017, 33.7269156]]}, "properties": {"surface": "", "highway": "footway"}}, {"type": "Feature", "geometry": {"type": "LineString", "coordinates": [[-84.4047925, 33.7275028], [-84.4047824, 33.7269677]]}, "properties": {"surface": "", "highway": "footway"}}, {"type": "Feature", "geometry": {"type": "LineString", "coordinates": [[-84.4049017, 33.7269156], [-84.4049049, 33.7265639], [-84.4048964, 33.7259937]]}, "properties": {"surface": "", "highway": "footway"}}, {"type": "Feature", "geometry": {"type": "LineString", "coordinates": [[-84.4048964, 33.7259937], [-84.4048885, 33.7257613]]}, "properties": {"surface": "", "highway": "footway"}}, {"type": "Feature", "geometry": {"type": "LineString", "coordinates": [[-84.403809, 33.731868], [-84.4038196, 33.7317557], [-84.4038363, 33.7315419]]}, "properties": {"surface": "", "highway": "footway"}}, {"type": "Feature", "geometry": {"type": "LineString", "coordinates": [[-84.4039211, 33.7318705], [-84.4039284, 33.7317463], [-84.4039312, 33.7314271]]}, "properties": {"surface": "", "highway": "footway"}}, {"type": "Feature", "geometry": {"type": "LineString", "coordinates": [[-84.4038363, 33.7315419], [-84.4038487, 33.7312048], [-84.4038505, 33.7311208]]}, "properties": {"surface": "", "highway": "footway"}}, {"type": "Feature", "geometry": {"type": "LineString", "coordinates": [[-84.4039312, 33.7314271], [-84.403939, 33.7311676]]}, "properties": {"surface": "", "highway": "footway"}}, {"type": "Feature", "geometry": {"type": "LineString", "coordinates": [[-84.4039445, 33.7310861], [-84.4040002, 33.7308665], [-84.4040417, 33.7306767], [-84.4040653, 33.7305451], [-84.4040684, 33.7304614]]}, "properties": {"surface": "", "highway": "footway"}}, {"type": "Feature", "geometry": {"type": "LineString", "coordinates": [[-84.4040684, 33.7304614], [-84.404071, 33.7303094], [-84.4040692, 33.7301042], [-84.4040706, 33.7296277]]}, "properties": {"surface": "", "highway": "footway"}}, {"type": "Feature", "geometry": {"type": "LineString", "coordinates": [[-84.4040706, 33.7296277], [-84.4040584, 33.7293663]]}, "properties": {"surface": "", "highway": "footway"}}, {"type": "Feature", "geometry": {"type": "LineString", "coordinates": [[-84.4038505, 33.7311208], [-84.4038695, 33.7310053], [-84.4039254, 33.7307402], [-84.4039658, 33.7304909]]}, "properties": {"surface": "", "highway": "footway"}}, {"type": "Feature", "geometry": {"type": "LineString", "coordinates": [[-84.4039658, 33.7304909], [-84.4039656, 33.7303369], [-84.4039633, 33.7298529], [-84.4039606, 33.7297957]]}, "properties": {"surface": "", "highway": "footway"}}, {"type": "Feature", "geometry": {"type": "LineString", "coordinates": [[-84.4039606, 33.7297957], [-84.4039623, 33.7296534], [-84.4039631, 33.7294607], [-84.4039651, 33.7292834]]}, "properties": {"surface": "", "highway": "footway"}}, {"type": "Feature", "geometry": {"type": "LineString", "coordinates": [[-84.4040567, 33.7292858], [-84.4040622, 33.7291164], [-84.4040672, 33.7287648], [-84.4040641, 33.7284621]]}, "properties": {"surface": "", "highway": "footway"}}, {"type": "Feature", "geometry": {"type": "LineString", "coordinates": [[-84.4039651, 33.7292834], [-84.4039577, 33.7289239], [-84.4039518, 33.7285287]]}, "properties": {"surface": "", "highway": "footway"}}, {"type": "Feature", "geometry": {"type": "LineString", "coordinates": [[-84.4040641, 33.7284621], [-84.4040678, 33.7281674]]}, "properties": {"surface": "", "highway": "footway"}}, {"type": "Feature", "geometry": {"type": "LineString", "coordinates": [[-84.4039518, 33.7285287], [-84.4039437, 33.7281667]]}, "properties": {"surface": "", "highway": "footway"}}, {"type": "Feature", "geometry": {"type": "LineString", "coordinates": [[-84.40407, 33.7280673], [-84.4040705, 33.7278591], [-84.4040656, 33.7275507], [-84.4040667, 33.7273563]]}, "properties": {"surface": "", "highway": "footway"}}, {"type": "Feature", "geometry": {"type": "LineString", "coordinates": [[-84.4039424, 33.728069], [-84.4039485, 33.727686], [-84.4039482, 33.7269584]]}, "properties": {"surface": "", "highway": "footway"}}, {"type": "Feature", "geometry": {"type": "LineString", "coordinates": [[-84.4040667, 33.7273563], [-84.4040638, 33.726957]]}, "properties": {"surface": "", "highway": "footway"}}, {"type": "Feature", "geometry": {"type": "LineString", "coordinates": [[-84.4040607, 33.7268667], [-84.4040588, 33.7266376], [-84.4040574, 33.7263161]]}, "properties": {"surface": "", "highway": "footway"}}, {"type": "Feature", "geometry": {"type": "LineString", "coordinates": [[-84.4039519, 33.7268647], [-84.4039504, 33.7266018], [-84.4039559, 33.7261748]]}, "properties": {"surface": "", "highway": "footway"}}, {"type": "Feature", "geometry": {"type": "LineString", "coordinates": [[-84.4040574, 33.7263161], [-84.4040613, 33.7257663]]}, "properties": {"surface": "", "highway": "footway"}}, {"type": "Feature", "geometry": {"type": "LineString", "coordinates": [[-84.4039559, 33.7261748], [-84.4039522, 33.725767]]}, "properties": {"surface": "", "highway": "footway"}}, {"type": "Feature", "geometry": {"type": "LineString", "coordinates": [[-84.4040362, 33.7242714], [-84.4040399, 33.7245311], [-84.4040469, 33.7248562]]}, "properties": {"surface": "", "highway": "footway"}}, {"type": "Feature", "geometry": {"type": "LineString", "coordinates": [[-84.4039243, 33.7242676], [-84.4039264, 33.7246084], [-84.4039394, 33.7250228]]}, "properties": {"surface": "", "highway": "footway"}}, {"type": "Feature", "geometry": {"type": "LineString", "coordinates": [[-84.4040469, 33.7248562], [-84.4040565, 33.7253408], [-84.404062, 33.7256708]]}, "properties": {"surface": "", "highway": "footway"}}, {"type": "Feature", "geometry": {"type": "LineString", "coordinates": [[-84.4039394, 33.7250228], [-84.4039516, 33.7255267], [-84.4039528, 33.7256708]]}, "properties": {"surface": "", "highway": "footway"}}, {"type": "Feature", "geometry": {"type": "LineString", "coordinates": [[-84.4040398, 33.7241761], [-84.4040448, 33.7239531], [-84.4040558, 33.7235983]]}, "properties": {"surface": "", "highway": "footway"}}, {"type": "Feature", "geometry": {"type": "LineString", "coordinates": [[-84.4039294, 33.7241744], [-84.4039383, 33.7239811], [-84.4039498, 33.7235849]]}, "properties": {"surface": "", "highway": "footway"}}, {"type": "Feature", "geometry": {"type": "LineString", "coordinates": [[-84.403965, 33.7228468], [-84.4039624, 33.7229002]]}, "properties": {"surface": "", "highway": "footway"}}, {"type": "Feature", "geometry": {"type": "LineString", "coordinates": [[-84.4040639, 33.7228474], [-84.4040658, 33.7229021]]}, "properties": {"surface": "", "highway": "footway"}}, {"type": "Feature", "geometry": {"type": "LineString", "coordinates": [[-84.4040658, 33.7229021], [-84.404062, 33.7232494], [-84.4040558, 33.7235983]]}, "properties": {"surface": "", "highway": "footway"}}, {"type": "Feature", "geometry": {"type": "LineString", "coordinates": [[-84.4039498, 33.7235849], [-84.4039578, 33.7233599], [-84.4039578, 33.7231748], [-84.4039624, 33.7229002]]}, "properties": {"surface": "", "highway": "footway"}}, {"type": "Feature", "geometry": {"type": "LineString", "coordinates": [[-84.4031455, 33.7242644], [-84.403145, 33.7243885], [-84.403143, 33.7248301]]}, "properties": {"surface": "", "highway": "footway"}}, {"type": "Feature", "geometry": {"type": "LineString", "coordinates": [[-84.403143, 33.7248301], [-84.4031405, 33.7253068], [-84.4031431, 33.725657]]}, "properties": {"surface": "", "highway": "footway"}}, {"type": "Feature", "geometry": {"type": "LineString", "coordinates": [[-84.4032406, 33.7257527], [-84.4032439, 33.7261844], [-84.4032464, 33.7268647]]}, "properties": {"surface": "", "highway": "footway"}}, {"type": "Feature", "geometry": {"type": "LineString", "coordinates": [[-84.4031402, 33.7257504], [-84.4031399, 33.7261404], [-84.4031392, 33.7264458]]}, "properties": {"surface": "", "highway": "footway"}}, {"type": "Feature", "geometry": {"type": "LineString", "coordinates": [[-84.4031392, 33.7264458], [-84.403136, 33.7268493]]}, "properties": {"surface": "", "highway": "footway"}}, {"type": "Feature", "geometry": {"type": "LineString", "coordinates": [[-84.4032504, 33.7280576], [-84.4032469, 33.7277915], [-84.4032482, 33.7273747]]}, "properties": {"surface": "", "highway": "footway"}}, {"type": "Feature", "geometry": {"type": "LineString", "coordinates": [[-84.4031369, 33.7280592], [-84.4031357, 33.7277987], [-84.4031398, 33.7273722]]}, "properties": {"surface": "", "highway": "footway"}}, {"type": "Feature", "geometry": {"type": "LineString", "coordinates": [[-84.4032482, 33.7273747], [-84.4032447, 33.7269473]]}, "properties": {"surface": "", "highway": "footway"}}, {"type": "Feature", "geometry": {"type": "LineString", "coordinates": [[-84.4031398, 33.7273722], [-84.4031371, 33.7269425]]}, "properties": {"surface": "", "highway": "footway"}}, {"type": "Feature", "geometry": {"type": "LineString", "coordinates": [[-84.4024408, 33.7229522], [-84.4024196, 33.7229526], [-84.4024003, 33.7229527], [-84.4023847, 33.7229513], [-84.4023946, 33.722598]]}, "properties": {"surface": "", "highway": "footway"}}, {"type": "Feature", "geometry": {"type": "LineString", "coordinates": [[-84.4023946, 33.722598], [-84.4024044, 33.722199]]}, "properties": {"surface": "", "highway": "footway"}}, {"type": "Feature", "geometry": {"type": "LineString", "coordinates": [[-84.4047196, 33.7241854], [-84.4046786, 33.7241848], [-84.4045124, 33.7241851], [-84.4040398, 33.7241761]]}, "properties": {"surface": "", "highway": "footway"}}, {"type": "Feature", "geometry": {"type": "LineString", "coordinates": [[-84.4039243, 33.7242676], [-84.4036666, 33.7242663], [-84.4032394, 33.724263]]}, "properties": {"surface": "", "highway": "footway"}}, {"type": "Feature", "geometry": {"type": "LineString", "coordinates": [[-84.4039294, 33.7241744], [-84.4037313, 33.7241802], [-84.4032294, 33.7241737]]}, "properties": {"surface": "", "highway": "footway"}}, {"type": "Feature", "geometry": {"type": "LineString", "coordinates": [[-84.4031455, 33.7242644], [-84.4028806, 33.724263], [-84.402455, 33.7242635]]}, "properties": {"surface": "", "highway": "footway"}}, {"type": "Feature", "geometry": {"type": "LineString", "coordinates": [[-84.4031455, 33.7241708], [-84.4029088, 33.7241734], [-84.4024587, 33.7241694]]}, "properties": {"surface": "", "highway": "footway"}}, {"type": "Feature", "geometry": {"type": "LineString", "coordinates": [[-84.4023654, 33.724264], [-84.401717, 33.7242518]]}, "properties": {"surface": "", "highway": "footway"}}, {"type": "Feature", "geometry": {"type": "LineString", "coordinates": [[-84.4023675, 33.7241682], [-84.4017176, 33.7241606]]}, "properties": {"surface": "", "highway": "footway"}}, {"type": "Feature", "geometry": {"type": "LineString", "coordinates": [[-84.4024778, 33.7257475], [-84.4026571, 33.725746], [-84.402901, 33.7257452], [-84.4031402, 33.7257504]]}, "properties": {"surface": "", "highway": "footway"}}, {"type": "Feature", "geometry": {"type": "LineString", "coordinates": [[-84.4032402, 33.7256611], [-84.4039528, 33.7256708]]}, "properties": {"surface": "", "highway": "footway"}}, {"type": "Feature", "geometry": {"type": "LineString", "coordinates": [[-84.4040613, 33.7257663], [-84.4044557, 33.7257618]]}, "properties": {"surface": "", "highway": "footway"}}, {"type": "Feature", "geometry": {"type": "LineString", "coordinates": [[-84.404062, 33.7256708], [-84.4045411, 33.7256694]]}, "properties": {"surface": "", "highway": "footway"}}, {"type": "Feature", "geometry": {"type": "LineString", "coordinates": [[-84.4045411, 33.7256694], [-84.4047823, 33.7256715]]}, "properties": {"surface": "", "highway": "footway"}}, {"type": "Feature", "geometry": {"type": "LineString", "coordinates": [[-84.4044557, 33.7257618], [-84.404781, 33.7257605]]}, "properties": {"surface": "", "highway": "footway"}}, {"type": "Feature", "geometry": {"type": "LineString", "coordinates": [[-84.4048871, 33.7256731], [-84.4051124, 33.7256782], [-84.4053955, 33.7256819]]}, "properties": {"surface": "", "highway": "footway"}}, {"type": "Feature", "geometry": {"type": "LineString", "coordinates": [[-84.4055088, 33.7256819], [-84.4060718, 33.7256863], [-84.4065105, 33.7256906], [-84.406701, 33.7256886]]}, "properties": {"surface": "", "highway": "footway"}}, {"type": "Feature", "geometry": {"type": "LineString", "coordinates": [[-84.406701, 33.7256886], [-84.4073747, 33.7257006]]}, "properties": {"surface": "", "highway": "footway"}}, {"type": "Feature", "geometry": {"type": "LineString", "coordinates": [[-84.4078365, 33.7256964], [-84.4073747, 33.7257006]]}, "properties": {"surface": "", "highway": "footway"}}, {"type": "Feature", "geometry": {"type": "LineString", "coordinates": [[-84.4023732, 33.7257418], [-84.4021544, 33.7257377], [-84.4020914, 33.7257366], [-84.4019366, 33.7257361]]}, "properties": {"surface": "", "highway": "footway"}}, {"type": "Feature", "geometry": {"type": "LineString", "coordinates": [[-84.4019366, 33.7257361], [-84.4017132, 33.7257392]]}, "properties": {"surface": "", "highway": "footway"}}, {"type": "Feature", "geometry": {"type": "LineString", "coordinates": [[-84.404783, 33.7268733], [-84.4045325, 33.7268689], [-84.4040607, 33.7268667]]}, "properties": {"surface": "", "highway": "footway"}}, {"type": "Feature", "geometry": {"type": "LineString", "coordinates": [[-84.4039519, 33.7268647], [-84.403666, 33.7268603], [-84.4032464, 33.7268647]]}, "properties": {"surface": "", "highway": "footway"}}, {"type": "Feature", "geometry": {"type": "LineString", "coordinates": [[-84.40702, 33.7281921], [-84.4070224, 33.7283428], [-84.407025, 33.7285207]]}, "properties": {"surface": "", "highway": "footway"}}, {"type": "Feature", "geometry": {"type": "LineString", "coordinates": [[-84.407025, 33.7285207], [-84.4070362, 33.7287597], [-84.4070483, 33.7293126]]}, "properties": {"surface": "", "highway": "footway"}}, {"type": "Feature", "geometry": {"type": "LineString", "coordinates": [[-84.4017746, 33.7304841], [-84.4022167, 33.7304882], [-84.4022836, 33.7304813], [-84.4023413, 33.7304724], [-84.4023554, 33.730458], [-84.4023626, 33.7304387], [-84.4023631, 33.7303643], [-84.4023633, 33.7302466]]}, "properties": {"surface": "", "highway": "footway"}}, {"type": "Feature", "geometry": {"type": "LineString", "coordinates": [[-84.4023633, 33.7302466], [-84.4023653, 33.7298061]]}, "properties": {"surface": "", "highway": "footway"}}, {"type": "Feature", "geometry": {"type": "LineString", "coordinates": [[-84.4023653, 33.7298061], [-84.4023704, 33.7296865], [-84.4023634, 33.7296403], [-84.4023504, 33.7296178], [-84.4023457, 33.7293607]]}, "properties": {"surface": "", "highway": "footway"}}, {"type": "Feature", "geometry": {"type": "LineString", "coordinates": [[-84.402366, 33.7280592], [-84.4023694, 33.7279069], [-84.4023774, 33.7275826], [-84.4023788, 33.7273648]]}, "properties": {"surface": "", "highway": "footway"}}, {"type": "Feature", "geometry": {"type": "LineString", "coordinates": [[-84.4032558, 33.7281553], [-84.4032508, 33.7285079], [-84.4032441, 33.7287509], [-84.403241, 33.7290555]]}, "properties": {"surface": "", "highway": "footway"}}, {"type": "Feature", "geometry": {"type": "LineString", "coordinates": [[-84.4031387, 33.7281573], [-84.4031402, 33.7284222], [-84.4031411, 33.7287679]]}, "properties": {"surface": "", "highway": "footway"}}, {"type": "Feature", "geometry": {"type": "LineString", "coordinates": [[-84.4031411, 33.7287679], [-84.4031399, 33.7292709]]}, "properties": {"surface": "", "highway": "footway"}}, {"type": "Feature", "geometry": {"type": "LineString", "coordinates": [[-84.403241, 33.7290555], [-84.4032387, 33.7293123]]}, "properties": {"surface": "", "highway": "footway"}}, {"type": "Feature", "geometry": {"type": "LineString", "coordinates": [[-84.4031389, 33.7293766], [-84.403137, 33.7297262], [-84.4031375, 33.7300986]]}, "properties": {"surface": "", "highway": "footway"}}, {"type": "Feature", "geometry": {"type": "LineString", "coordinates": [[-84.4032387, 33.7293123], [-84.4032327, 33.7300446]]}, "properties": {"surface": "", "highway": "footway"}}, {"type": "Feature", "geometry": {"type": "LineString", "coordinates": [[-84.4032327, 33.7300446], [-84.4032396, 33.7303535], [-84.4032404, 33.7304735], [-84.4032269, 33.7306245], [-84.4031916, 33.7308105]]}, "properties": {"surface": "", "highway": "footway"}}, {"type": "Feature", "geometry": {"type": "LineString", "coordinates": [[-84.4031375, 33.7300986], [-84.4031312, 33.7304727]]}, "properties": {"surface": "", "highway": "footway"}}, {"type": "Feature", "geometry": {"type": "LineString", "coordinates": [[-84.4031263, 33.7305706], [-84.4030867, 33.7308804], [-84.4030576, 33.7310511], [-84.4030556, 33.7311081]]}, "properties": {"surface": "", "highway": "footway"}}, {"type": "Feature", "geometry": {"type": "LineString", "coordinates": [[-84.4031916, 33.7308105], [-84.4031657, 33.7309356], [-84.4031475, 33.7310698], [-84.4031335, 33.7311689], [-84.4031235, 33.7312725], [-84.4031235, 33.731446]]}, "properties": {"surface": "", "highway": "footway"}}, {"type": "Feature", "geometry": {"type": "LineString", "coordinates": [[-84.4031235, 33.731446], [-84.4031202, 33.7316386], [-84.4031285, 33.731873]]}, "properties": {"surface": "", "highway": "footway"}}, {"type": "Feature", "geometry": {"type": "LineString", "coordinates": [[-84.4030437, 33.7318728], [-84.4030469, 33.7317893], [-84.4030562, 33.7315683]]}, "properties": {"surface": "", "highway": "footway"}}, {"type": "Feature", "geometry": {"type": "LineString", "coordinates": [[-84.4030562, 33.7315683], [-84.4030563, 33.7314067], [-84.4030549, 33.7312126], [-84.4030556, 33.7311081]]}, "properties": {"surface": "", "highway": "footway"}}, {"type": "Feature", "geometry": {"type": "LineString", "coordinates": [[-84.4031389, 33.7293766], [-84.4026688, 33.7293665], [-84.4024635, 33.7293643]]}, "properties": {"surface": "", "highway": "footway"}}, {"type": "Feature", "geometry": {"type": "LineString", "coordinates": [[-84.4031399, 33.7292709], [-84.4028034, 33.7292716], [-84.4024639, 33.7292716]]}, "properties": {"surface": "", "highway": "footway"}}, {"type": "Feature", "geometry": {"type": "LineString", "coordinates": [[-84.4023457, 33.7293607], [-84.4018656, 33.7293624], [-84.4017103, 33.7293632]]}, "properties": {"surface": "", "highway": "footway"}}, {"type": "Feature", "geometry": {"type": "LineString", "coordinates": [[-84.4023498, 33.7292676], [-84.4020756, 33.7292712], [-84.4017115, 33.7292682]]}, "properties": {"surface": "", "highway": "footway"}}, {"type": "Feature", "geometry": {"type": "LineString", "coordinates": [[-84.4026103, 33.7305478], [-84.4025769, 33.73055], [-84.402571, 33.7305543], [-84.402569, 33.7305641], [-84.4025712, 33.73061], [-84.4025715, 33.7307534]]}, "properties": {"surface": "", "highway": "footway"}}, {"type": "Feature", "geometry": {"type": "LineString", "coordinates": [[-84.4025715, 33.7307534], [-84.4025701, 33.7309551], [-84.4025692, 33.7311618], [-84.4025692, 33.7313967], [-84.4025685, 33.7314622]]}, "properties": {"surface": "", "highway": "footway"}}, {"type": "Feature", "geometry": {"type": "LineString", "coordinates": [[-84.4025685, 33.7314622], [-84.4025476, 33.7318709]]}, "properties": {"surface": "", "highway": "footway"}}, {"type": "Feature", "geometry": {"type": "LineString", "coordinates": [[-84.402642, 33.7318726], [-84.4026337, 33.7317859], [-84.4026396, 33.7315695]]}, "properties": {"surface": "", "highway": "footway"}}, {"type": "Feature", "geometry": {"type": "LineString", "coordinates": [[-84.4026396, 33.7315695], [-84.4026392, 33.7313151]]}, "properties": {"surface": "", "highway": "footway"}}, {"type": "Feature", "geometry": {"type": "LineString", "coordinates": [[-84.4007962, 33.7220683], [-84.4007626, 33.7220691], [-84.4001711, 33.7220641], [-84.4001218, 33.7220637]]}, "properties": {"surface": "", "highway": "footway"}}, {"type": "Feature", "geometry": {"type": "LineString", "coordinates": [[-84.3993355, 33.7221832], [-84.3995934, 33.7221899]]}, "properties": {"surface": "", "highway": "footway"}}, {"type": "Feature", "geometry": {"type": "LineString", "coordinates": [[-84.3995934, 33.7221899], [-84.3999756, 33.7221904], [-84.4000151, 33.7221904]]}, "properties": {"surface": "", "highway": "footway"}}, {"type": "Feature", "geometry": {"type": "LineString", "coordinates": [[-84.4001238, 33.7221914], [-84.400114, 33.7225171], [-84.4001026, 33.7228986]]}, "properties": {"surface": "", "highway": "footway"}}, {"type": "Feature", "geometry": {"type": "LineString", "coordinates": [[-84.4001026, 33.7228986], [-84.4000964, 33.7237989]]}, "properties": {"surface": "", "highway": "footway"}}, {"type": "Feature", "geometry": {"type": "LineString", "coordinates": [[-84.4000964, 33.7237989], [-84.4000968, 33.724157]]}, "properties": {"surface": "", "highway": "footway"}}, {"type": "Feature", "geometry": {"type": "LineString", "coordinates": [[-84.3999887, 33.7241534], [-84.3999873, 33.7238941], [-84.3999916, 33.7233194]]}, "properties": {"surface": "", "highway": "footway"}}, {"type": "Feature", "geometry": {"type": "LineString", "coordinates": [[-84.3999916, 33.7233194], [-84.4000026, 33.7227597], [-84.4000029, 33.7226996], [-84.4000151, 33.7221904]]}, "properties": {"surface": "", "highway": "footway"}}, {"type": "Feature", "geometry": {"type": "LineString", "coordinates": [[-84.4015752, 33.7241587], [-84.4011192, 33.7241601], [-84.400885, 33.7241562]]}, "properties": {"surface": "", "highway": "footway"}}, {"type": "Feature", "geometry": {"type": "LineString", "coordinates": [[-84.4007646, 33.7241545], [-84.4000968, 33.724157]]}, "properties": {"surface": "", "highway": "footway"}}, {"type": "Feature", "geometry": {"type": "LineString", "coordinates": [[-84.390345, 33.7210096], [-84.3905025, 33.7209845], [-84.390725, 33.7209698], [-84.3910317, 33.7209756], [-84.3914712, 33.7210832], [-84.3915571, 33.7211151], [-84.3920261, 33.7213492], [-84.3921498, 33.7214209], [-84.392455, 33.721597]]}, "properties": {"surface": "", "highway": "footway"}}, {"type": "Feature", "geometry": {"type": "LineString", "coordinates": [[-84.4016, 33.7221959], [-84.4013492, 33.7221914], [-84.4011869, 33.7221901]]}, "properties": {"surface": "", "highway": "footway"}}, {"type": "Feature", "geometry": {"type": "LineString", "coordinates": [[-84.4011869, 33.7221901], [-84.4009684, 33.7221899]]}, "properties": {"surface": "", "highway": "footway"}}, {"type": "Feature", "geometry": {"type": "LineString", "coordinates": [[-84.4009684, 33.7221899], [-84.4008989, 33.7221906]]}, "properties": {"surface": "", "highway": "footway"}}, {"type": "Feature", "geometry": {"type": "LineString", "coordinates": [[-84.401459, 33.7220749], [-84.4009604, 33.7220707], [-84.4009008, 33.7220702]]}, "properties": {"surface": "", "highway": "footway"}}, {"type": "Feature", "geometry": {"type": "LineString", "coordinates": [[-84.4007971, 33.7221904], [-84.4006311, 33.7221906], [-84.4001238, 33.7221914]]}, "properties": {"surface": "", "highway": "footway"}}, {"type": "Feature", "geometry": {"type": "LineString", "coordinates": [[-84.3992021, 33.722056], [-84.3985451, 33.7220521]]}, "properties": {"surface": "", "highway": "footway"}}, {"type": "Feature", "geometry": {"type": "LineString", "coordinates": [[-84.3992115, 33.7221832], [-84.3989639, 33.7221799], [-84.3987781, 33.722178]]}, "properties": {"surface": "", "highway": "footway"}}, {"type": "Feature", "geometry": {"type": "LineString", "coordinates": [[-84.3987781, 33.722178], [-84.3985415, 33.7221716]]}, "properties": {"surface": "", "highway": "footway"}}, {"type": "Feature", "geometry": {"type": "LineString", "coordinates": [[-84.3985451, 33.7220521], [-84.3984272, 33.722048]]}, "properties": {"surface": "", "highway": "footway"}}, {"type": "Feature", "geometry": {"type": "LineString", "coordinates": [[-84.3984286, 33.7221728], [-84.3981701, 33.7221688], [-84.3978705, 33.7221673]]}, "properties": {"surface": "", "highway": "footway"}}, {"type": "Feature", "geometry": {"type": "LineString", "coordinates": [[-84.3978705, 33.7221673], [-84.3976645, 33.7221693]]}, "properties": {"surface": "", "highway": "footway"}}, {"type": "Feature", "geometry": {"type": "LineString", "coordinates": [[-84.3975521, 33.7221685], [-84.3972297, 33.7221612], [-84.3968288, 33.7221606]]}, "properties": {"surface": "", "highway": "footway"}}, {"type": "Feature", "geometry": {"type": "LineString", "coordinates": [[-84.3967695, 33.7219956], [-84.3972972, 33.7220383]]}, "properties": {"surface": "", "highway": "footway"}}, {"type": "Feature", "geometry": {"type": "LineString", "coordinates": [[-84.3967695, 33.7219956], [-84.3965352, 33.7219788], [-84.3960607, 33.7219655], [-84.3959808, 33.7219486], [-84.3959032, 33.721918]]}, "properties": {"surface": "", "highway": "footway"}}, {"type": "Feature", "geometry": {"type": "LineString", "coordinates": [[-84.3967052, 33.7221616], [-84.396389, 33.7221693], [-84.3958582, 33.7221835], [-84.3957971, 33.7221848], [-84.3957576, 33.7221916], [-84.3956835, 33.7222201]]}, "properties": {"surface": "", "highway": "footway"}}, {"type": "Feature", "geometry": {"type": "LineString", "coordinates": [[-84.3958104, 33.7219588], [-84.3956626, 33.7219568]]}, "properties": {"surface": "", "highway": "footway"}}, {"type": "Feature", "geometry": {"type": "LineString", "coordinates": [[-84.3956233, 33.7221809], [-84.3954746, 33.7221772]]}, "properties": {"surface": "", "highway": "footway"}}, {"type": "Feature", "geometry": {"type": "LineString", "coordinates": [[-84.3953768, 33.7221789], [-84.395095, 33.7221683], [-84.3942214, 33.7221678], [-84.3940549, 33.7221714]]}, "properties": {"surface": "", "highway": "footway"}}, {"type": "Feature", "geometry": {"type": "LineString", "coordinates": [[-84.3955485, 33.721953], [-84.3949579, 33.7219519], [-84.3942928, 33.7219513]]}, "properties": {"surface": "", "highway": "footway"}}, {"type": "Feature", "geometry": {"type": "LineString", "coordinates": [[-84.3940061, 33.7219364], [-84.3939569, 33.7219469], [-84.3939353, 33.7219477], [-84.3937966, 33.7219451], [-84.3935192, 33.7219372]]}, "properties": {"surface": "", "highway": "footway"}}, {"type": "Feature", "geometry": {"type": "LineString", "coordinates": [[-84.3938168, 33.7221974], [-84.3937551, 33.7221757], [-84.3936973, 33.7221718], [-84.3935486, 33.7221773], [-84.3935245, 33.7221833], [-84.3934826, 33.7222098]]}, "properties": {"surface": "", "highway": "footway"}}, {"type": "Feature", "geometry": {"type": "LineString", "coordinates": [[-84.3925833, 33.7216801], [-84.3927061, 33.7217515]]}, "properties": {"surface": "", "highway": "footway"}}, {"type": "Feature", "geometry": {"type": "LineString", "coordinates": [[-84.3927799, 33.7218], [-84.3928828, 33.7218653], [-84.393029, 33.7219745], [-84.393263, 33.7221534], [-84.3932759, 33.7221889]]}, "properties": {"surface": "", "highway": "footway"}}, {"type": "Feature", "geometry": {"type": "LineString", "coordinates": [[-84.3928732, 33.7270998], [-84.3929398, 33.7270072], [-84.3930128, 33.726774], [-84.3930738, 33.72639], [-84.393102, 33.7260145]]}, "properties": {"surface": "", "highway": "footway"}}, {"type": "Feature", "geometry": {"type": "LineString", "coordinates": [[-84.393102, 33.7260145], [-84.3931111, 33.7258538], [-84.3931577, 33.7251482]]}, "properties": {"surface": "", "highway": "footway"}}, {"type": "Feature", "geometry": {"type": "LineString", "coordinates": [[-84.3931577, 33.7251482], [-84.393209, 33.724322]]}, "properties": {"surface": "", "highway": "footway"}}, {"type": "Feature", "geometry": {"type": "LineString", "coordinates": [[-84.393209, 33.724322], [-84.3932109, 33.7239785]]}, "properties": {"surface": "", "highway": "footway"}}, {"type": "Feature", "geometry": {"type": "LineString", "coordinates": [[-84.3932109, 33.7239785], [-84.3932247, 33.7233694]]}, "properties": {"surface": "", "highway": "footway"}}, {"type": "Feature", "geometry": {"type": "LineString", "coordinates": [[-84.3932247, 33.7233694], [-84.3932423, 33.7231157], [-84.3932579, 33.7229022]]}, "properties": {"surface": "", "highway": "footway"}}, {"type": "Feature", "geometry": {"type": "LineString", "coordinates": [[-84.3932579, 33.7229022], [-84.3932678, 33.7227234]]}, "properties": {"surface": "", "highway": "footway"}}, {"type": "Feature", "geometry": {"type": "LineString", "coordinates": [[-84.3932678, 33.7227234], [-84.3932767, 33.7224251]]}, "properties": {"surface": "", "highway": "footway"}}, {"type": "Feature", "geometry": {"type": "LineString", "coordinates": [[-84.3932785, 33.7223414], [-84.3932759, 33.7221889]]}, "properties": {"surface": "", "highway": "footway"}}, {"type": "Feature", "geometry": {"type": "LineString", "coordinates": [[-84.3932767, 33.7224251], [-84.3932785, 33.7223414]]}, "properties": {"surface": "", "highway": "footway"}}, {"type": "Feature", "geometry": {"type": "LineString", "coordinates": [[-84.3928732, 33.7270998], [-84.3928186, 33.7271329], [-84.3927658, 33.7271363], [-84.3926994, 33.7271217], [-84.3926546, 33.7270924], [-84.3925632, 33.7269937]]}, "properties": {"surface": "", "highway": "footway"}}, {"type": "Feature", "geometry": {"type": "LineString", "coordinates": [[-84.3925632, 33.7269937], [-84.3924532, 33.7267919]]}, "properties": {"surface": "", "highway": "footway"}}, {"type": "Feature", "geometry": {"type": "LineString", "coordinates": [[-84.3924532, 33.7267919], [-84.3923516, 33.7265743]]}, "properties": {"surface": "", "highway": "footway"}}, {"type": "Feature", "geometry": {"type": "LineString", "coordinates": [[-84.3924038, 33.7270713], [-84.392538, 33.7271878], [-84.3926607, 33.7273122], [-84.392681, 33.7274029], [-84.3926807, 33.7274937], [-84.3925626, 33.7277535]]}, "properties": {"surface": "", "highway": "footway"}}, {"type": "Feature", "geometry": {"type": "LineString", "coordinates": [[-84.3925626, 33.7277535], [-84.3924388, 33.72802], [-84.3923704, 33.7282383]]}, "properties": {"surface": "", "highway": "footway"}}, {"type": "Feature", "geometry": {"type": "LineString", "coordinates": [[-84.3923704, 33.7282383], [-84.3923029, 33.7284664], [-84.3922702, 33.7287351], [-84.3922734, 33.7289175]]}, "properties": {"surface": "", "highway": "footway"}}, {"type": "Feature", "geometry": {"type": "LineString", "coordinates": [[-84.3922734, 33.7289175], [-84.3923083, 33.7292403], [-84.3924141, 33.7296609], [-84.3928113, 33.7305858]]}, "properties": {"surface": "", "highway": "footway"}}, {"type": "Feature", "geometry": {"type": "LineString", "coordinates": [[-84.3959059, 33.7310915], [-84.395909, 33.7311155], [-84.3959122, 33.7311272], [-84.3959202, 33.7311389], [-84.3961148, 33.7311423], [-84.3968865, 33.7311537]]}, "properties": {"surface": "", "highway": "footway"}}, {"type": "Feature", "geometry": {"type": "LineString", "coordinates": [[-84.3968865, 33.7311537], [-84.3973901, 33.7311531], [-84.3974067, 33.731154], [-84.3974226, 33.7311577], [-84.3974261, 33.7311729], [-84.3974282, 33.7311921], [-84.3974286, 33.7312093], [-84.3974326, 33.7314652]]}, "properties": {"surface": "", "highway": "footway"}}, {"type": "Feature", "geometry": {"type": "LineString", "coordinates": [[-84.3974326, 33.7314652], [-84.3974539, 33.7317863]]}, "properties": {"surface": "", "highway": "footway"}}, {"type": "Feature", "geometry": {"type": "LineString", "coordinates": [[-84.4008023, 33.7318824], [-84.400821, 33.7318832], [-84.4008356, 33.7318822], [-84.4008511, 33.7318777], [-84.4008504, 33.7317377], [-84.4008564, 33.7313772]]}, "properties": {"surface": "", "highway": "footway"}}, {"type": "Feature", "geometry": {"type": "LineString", "coordinates": [[-84.400829, 33.7312952], [-84.4007866, 33.731294], [-84.4007844, 33.7310815], [-84.4007783, 33.7308324]]}, "properties": {"surface": "", "highway": "footway"}}, {"type": "Feature", "geometry": {"type": "LineString", "coordinates": [[-84.4008564, 33.7313772], [-84.4008632, 33.7312124], [-84.4008644, 33.7311942], [-84.4008778, 33.730816]]}, "properties": {"surface": "", "highway": "footway"}}, {"type": "Feature", "geometry": {"type": "LineString", "coordinates": [[-84.4008778, 33.730816], [-84.4008798, 33.7305476]]}, "properties": {"surface": "", "highway": "footway"}}, {"type": "Feature", "geometry": {"type": "LineString", "coordinates": [[-84.4007783, 33.7308324], [-84.4008029, 33.7308202], [-84.4008301, 33.7308141]]}, "properties": {"surface": "", "highway": "footway"}}, {"type": "Feature", "geometry": {"type": "LineString", "coordinates": [[-84.4016288, 33.73055], [-84.4012425, 33.7305465], [-84.4008798, 33.7305476]]}, "properties": {"surface": "", "highway": "footway"}}, {"type": "Feature", "geometry": {"type": "LineString", "coordinates": [[-84.4015569, 33.7304832], [-84.4011837, 33.7304829], [-84.4008545, 33.7304797]]}, "properties": {"surface": "", "highway": "footway"}}, {"type": "Feature", "geometry": {"type": "LineString", "coordinates": [[-84.4007857, 33.7305484], [-84.4004051, 33.730544], [-84.4002776, 33.7305451], [-84.4001193, 33.7305457]]}, "properties": {"surface": "", "highway": "footway"}}, {"type": "Feature", "geometry": {"type": "LineString", "coordinates": [[-84.4015475, 33.72936], [-84.4011957, 33.7293591], [-84.4008526, 33.7293552]]}, "properties": {"surface": "", "highway": "footway"}}, {"type": "Feature", "geometry": {"type": "LineString", "coordinates": [[-84.4015444, 33.7292662], [-84.4012689, 33.7292679], [-84.4008573, 33.7292696]]}, "properties": {"surface": "", "highway": "footway"}}, {"type": "Feature", "geometry": {"type": "LineString", "coordinates": [[-84.4007395, 33.729356], [-84.4004685, 33.7293582], [-84.4000632, 33.7293613]]}, "properties": {"surface": "", "highway": "footway"}}, {"type": "Feature", "geometry": {"type": "LineString", "coordinates": [[-84.4007409, 33.7292665], [-84.4004742, 33.7292693], [-84.400063, 33.7292699]]}, "properties": {"surface": "", "highway": "footway"}}, {"type": "Feature", "geometry": {"type": "LineString", "coordinates": [[-84.3999533, 33.7293589], [-84.3995242, 33.7293566], [-84.3992741, 33.7293575]]}, "properties": {"surface": "", "highway": "footway"}}, {"type": "Feature", "geometry": {"type": "LineString", "coordinates": [[-84.3999511, 33.7292667], [-84.3996894, 33.7292643], [-84.399269, 33.7292665]]}, "properties": {"surface": "", "highway": "footway"}}, {"type": "Feature", "geometry": {"type": "LineString", "coordinates": [[-84.3991635, 33.729357], [-84.3988744, 33.7293502], [-84.398845, 33.7293501], [-84.3988164, 33.7293507]]}, "properties": {"surface": "", "highway": "footway"}}, {"type": "Feature", "geometry": {"type": "LineString", "coordinates": [[-84.3991625, 33.7292629], [-84.3990242, 33.7292664]]}, "properties": {"surface": "", "highway": "footway"}}, {"type": "Feature", "geometry": {"type": "LineString", "coordinates": [[-84.3990242, 33.7292664], [-84.3984794, 33.7292682]]}, "properties": {"surface": "", "highway": "footway"}}, {"type": "Feature", "geometry": {"type": "LineString", "coordinates": [[-84.4008545, 33.7304797], [-84.4008518, 33.7304074], [-84.4008483, 33.7300468]]}, "properties": {"surface": "", "highway": "footway"}}, {"type": "Feature", "geometry": {"type": "LineString", "coordinates": [[-84.4008483, 33.7300468], [-84.4008526, 33.7293552]]}, "properties": {"surface": "", "highway": "footway"}}, {"type": "Feature", "geometry": {"type": "LineString", "coordinates": [[-84.4007395, 33.729356], [-84.400742, 33.7295144], [-84.4007456, 33.729846]]}, "properties": {"surface": "", "highway": "footway"}}, {"type": "Feature", "geometry": {"type": "LineString", "coordinates": [[-84.4007456, 33.729846], [-84.4007508, 33.7304786]]}, "properties": {"surface": "", "highway": "footway"}}, {"type": "Feature", "geometry": {"type": "LineString", "coordinates": [[-84.4008573, 33.7292696], [-84.4008553, 33.7290127], [-84.4008253, 33.7290033], [-84.4007921, 33.7290004]]}, "properties": {"surface": "", "highway": "footway"}}, {"type": "Feature", "geometry": {"type": "LineString", "coordinates": [[-84.400793, 33.7288873], [-84.4008176, 33.7288885], [-84.4008429, 33.7288851], [-84.4008465, 33.7287858], [-84.4008493, 33.7285386]]}, "properties": {"surface": "", "highway": "footway"}}, {"type": "Feature", "geometry": {"type": "LineString", "coordinates": [[-84.4008493, 33.7285386], [-84.4008553, 33.7282284], [-84.4008585, 33.728143]]}, "properties": {"surface": "", "highway": "footway"}}, {"type": "Feature", "geometry": {"type": "LineString", "coordinates": [[-84.4007409, 33.7292665], [-84.4007485, 33.7288873], [-84.4007488, 33.7284378]]}, "properties": {"surface": "", "highway": "footway"}}, {"type": "Feature", "geometry": {"type": "LineString", "coordinates": [[-84.4007488, 33.7284378], [-84.4007498, 33.7281454]]}, "properties": {"surface": "", "highway": "footway"}}, {"type": "Feature", "geometry": {"type": "LineString", "coordinates": [[-84.4001193, 33.7305457], [-84.4001158, 33.7308034]]}, "properties": {"surface": "", "highway": "footway"}}, {"type": "Feature", "geometry": {"type": "LineString", "coordinates": [[-84.3999521, 33.7304761], [-84.3999489, 33.7303153], [-84.3999484, 33.7300633]]}, "properties": {"surface": "", "highway": "footway"}}, {"type": "Feature", "geometry": {"type": "LineString", "coordinates": [[-84.3999484, 33.7300633], [-84.3999527, 33.7297336], [-84.3999533, 33.7293589]]}, "properties": {"surface": "", "highway": "footway"}}, {"type": "Feature", "geometry": {"type": "LineString", "coordinates": [[-84.4000632, 33.7293613], [-84.4000611, 33.7296703], [-84.4000589, 33.7301915]]}, "properties": {"surface": "", "highway": "footway"}}, {"type": "Feature", "geometry": {"type": "LineString", "coordinates": [[-84.4000589, 33.7301915], [-84.4000581, 33.7303175]]}, "properties": {"surface": "", "highway": "footway"}}, {"type": "Feature", "geometry": {"type": "LineString", "coordinates": [[-84.400063, 33.7292699], [-84.4000653, 33.7291429], [-84.4000645, 33.7286927]]}, "properties": {"surface": "", "highway": "footway"}}, {"type": "Feature", "geometry": {"type": "LineString", "coordinates": [[-84.4000645, 33.7286927], [-84.4000726, 33.7281441]]}, "properties": {"surface": "", "highway": "footway"}}, {"type": "Feature", "geometry": {"type": "LineString", "coordinates": [[-84.3999511, 33.7292667], [-84.3999581, 33.7290294], [-84.399961, 33.7286701]]}, "properties": {"surface": "", "highway": "footway"}}, {"type": "Feature", "geometry": {"type": "LineString", "coordinates": [[-84.399961, 33.7286701], [-84.3999613, 33.7281455]]}, "properties": {"surface": "", "highway": "footway"}}, {"type": "Feature", "geometry": {"type": "LineString", "coordinates": [[-84.3992781, 33.7281518], [-84.3992719, 33.7286286], [-84.399269, 33.7292665]]}, "properties": {"surface": "", "highway": "footway"}}, {"type": "Feature", "geometry": {"type": "LineString", "coordinates": [[-84.3992115, 33.7297399], [-84.3992422, 33.7297414], [-84.3992571, 33.7297425], [-84.3992728, 33.7297461], [-84.3992714, 33.7298788], [-84.3992696, 33.7301785]]}, "properties": {"surface": "", "highway": "footway"}}, {"type": "Feature", "geometry": {"type": "LineString", "coordinates": [[-84.3992696, 33.7301785], [-84.3992687, 33.7304703], [-84.3992535, 33.7304867], [-84.3992352, 33.7304937]]}, "properties": {"surface": "", "highway": "footway"}}, {"type": "Feature", "geometry": {"type": "LineString", "coordinates": [[-84.3992884, 33.7269389], [-84.3992836, 33.7271594], [-84.3992782, 33.7276133]]}, "properties": {"surface": "", "highway": "footway"}}, {"type": "Feature", "geometry": {"type": "LineString", "coordinates": [[-84.3991758, 33.7269383], [-84.3991751, 33.7271382], [-84.3991752, 33.7273911]]}, "properties": {"surface": "", "highway": "footway"}}, {"type": "Feature", "geometry": {"type": "LineString", "coordinates": [[-84.3991752, 33.7273911], [-84.3991731, 33.7278724], [-84.3991737, 33.7280537], [-84.399174, 33.7281528]]}, "properties": {"surface": "", "highway": "footway"}}, {"type": "Feature", "geometry": {"type": "LineString", "coordinates": [[-84.3992782, 33.7276133], [-84.3992769, 33.7280559]]}, "properties": {"surface": "", "highway": "footway"}}, {"type": "Feature", "geometry": {"type": "LineString", "coordinates": [[-84.3991625, 33.7292629], [-84.3991675, 33.7290572], [-84.3991648, 33.728937]]}, "properties": {"surface": "", "highway": "footway"}}, {"type": "Feature", "geometry": {"type": "LineString", "coordinates": [[-84.3991648, 33.728937], [-84.3991695, 33.7287409], [-84.39917, 33.7285263]]}, "properties": {"surface": "", "highway": "footway"}}, {"type": "Feature", "geometry": {"type": "LineString", "coordinates": [[-84.39917, 33.7285263], [-84.399174, 33.7281528]]}, "properties": {"surface": "", "highway": "footway"}}, {"type": "Feature", "geometry": {"type": "LineString", "coordinates": [[-84.4000733, 33.7280525], [-84.4000738, 33.7276037]]}, "properties": {"surface": "", "highway": "footway"}}, {"type": "Feature", "geometry": {"type": "LineString", "coordinates": [[-84.3999624, 33.728051], [-84.3999606, 33.727535]]}, "properties": {"surface": "", "highway": "footway"}}, {"type": "Feature", "geometry": {"type": "LineString", "coordinates": [[-84.4000738, 33.7276037], [-84.4000668, 33.7269353]]}, "properties": {"surface": "", "highway": "footway"}}, {"type": "Feature", "geometry": {"type": "LineString", "coordinates": [[-84.3999606, 33.727535], [-84.3999654, 33.726939]]}, "properties": {"surface": "", "highway": "footway"}}, {"type": "Feature", "geometry": {"type": "LineString", "coordinates": [[-84.3992942, 33.7257314], [-84.3992917, 33.7261712], [-84.399289, 33.7263229]]}, "properties": {"surface": "", "highway": "footway"}}, {"type": "Feature", "geometry": {"type": "LineString", "coordinates": [[-84.3991853, 33.7257301], [-84.3991817, 33.7259533], [-84.399181, 33.7263268]]}, "properties": {"surface": "", "highway": "footway"}}, {"type": "Feature", "geometry": {"type": "LineString", "coordinates": [[-84.399181, 33.7263268], [-84.3991775, 33.7268437]]}, "properties": {"surface": "", "highway": "footway"}}, {"type": "Feature", "geometry": {"type": "LineString", "coordinates": [[-84.399289, 33.7263229], [-84.3992885, 33.726848]]}, "properties": {"surface": "", "highway": "footway"}}, {"type": "Feature", "geometry": {"type": "LineString", "coordinates": [[-84.4007614, 33.7257344], [-84.4007598, 33.725972], [-84.40076, 33.7263492]]}, "properties": {"surface": "", "highway": "footway"}}, {"type": "Feature", "geometry": {"type": "LineString", "coordinates": [[-84.40076, 33.7263492], [-84.4007578, 33.7268454]]}, "properties": {"surface": "", "highway": "footway"}}, {"type": "Feature", "geometry": {"type": "LineString", "coordinates": [[-84.4008632, 33.7269364], [-84.4008642, 33.7271513], [-84.400859, 33.7275003]]}, "properties": {"surface": "", "highway": "footway"}}, {"type": "Feature", "geometry": {"type": "LineString", "coordinates": [[-84.400753, 33.7269351], [-84.4007536, 33.7275029]]}, "properties": {"surface": "", "highway": "footway"}}, {"type": "Feature", "geometry": {"type": "LineString", "coordinates": [[-84.400859, 33.7275003], [-84.4008623, 33.7280601]]}, "properties": {"surface": "", "highway": "footway"}}, {"type": "Feature", "geometry": {"type": "LineString", "coordinates": [[-84.4007536, 33.7275029], [-84.4007471, 33.7280583]]}, "properties": {"surface": "", "highway": "footway"}}, {"type": "Feature", "geometry": {"type": "LineString", "coordinates": [[-84.4017737, 33.7318778], [-84.4017785, 33.7317391], [-84.4017932, 33.731157]]}, "properties": {"surface": "", "highway": "footway"}}, {"type": "Feature", "geometry": {"type": "LineString", "coordinates": [[-84.4016423, 33.7318885], [-84.4016427, 33.7314681], [-84.4016463, 33.7310327]]}, "properties": {"surface": "", "highway": "footway"}}, {"type": "Feature", "geometry": {"type": "LineString", "coordinates": [[-84.4017932, 33.731157], [-84.401794, 33.7305492]]}, "properties": {"surface": "", "highway": "footway"}}, {"type": "Feature", "geometry": {"type": "LineString", "coordinates": [[-84.4016463, 33.7310327], [-84.4016599, 33.730693], [-84.4016537, 33.7306218], [-84.4016288, 33.73055]]}, "properties": {"surface": "", "highway": "footway"}}, {"type": "Feature", "geometry": {"type": "LineString", "coordinates": [[-84.4017103, 33.7293632], [-84.4016912, 33.7298541]]}, "properties": {"surface": "", "highway": "footway"}}, {"type": "Feature", "geometry": {"type": "LineString", "coordinates": [[-84.4015475, 33.72936], [-84.4015369, 33.7300949]]}, "properties": {"surface": "", "highway": "footway"}}, {"type": "Feature", "geometry": {"type": "LineString", "coordinates": [[-84.4016912, 33.7298541], [-84.4016868, 33.7303051]]}, "properties": {"surface": "", "highway": "footway"}}, {"type": "Feature", "geometry": {"type": "LineString", "coordinates": [[-84.4015369, 33.7300949], [-84.4015472, 33.730322], [-84.4015499, 33.7303691], [-84.4015569, 33.7304832]]}, "properties": {"surface": "", "highway": "footway"}}, {"type": "Feature", "geometry": {"type": "LineString", "coordinates": [[-84.4016868, 33.7303051], [-84.4016982, 33.7304426], [-84.4017255, 33.7304679], [-84.4017746, 33.7304841]]}, "properties": {"surface": "", "highway": "footway"}}, {"type": "Feature", "geometry": {"type": "LineString", "coordinates": [[-84.4017115, 33.7292682], [-84.4017, 33.7289602], [-84.4016886, 33.728409]]}, "properties": {"surface": "", "highway": "footway"}}, {"type": "Feature", "geometry": {"type": "LineString", "coordinates": [[-84.4015444, 33.7292662], [-84.4015464, 33.7291785], [-84.4015637, 33.7285839]]}, "properties": {"surface": "", "highway": "footway"}}, {"type": "Feature", "geometry": {"type": "LineString", "coordinates": [[-84.4015637, 33.7285839], [-84.4015618, 33.7281475]]}, "properties": {"surface": "", "highway": "footway"}}, {"type": "Feature", "geometry": {"type": "LineString", "coordinates": [[-84.4016886, 33.728409], [-84.4016952, 33.7281492]]}, "properties": {"surface": "", "highway": "footway"}}, {"type": "Feature", "geometry": {"type": "LineString", "coordinates": [[-84.4015602, 33.72805], [-84.4015602, 33.7278455], [-84.4015666, 33.7273939]]}, "properties": {"surface": "", "highway": "footway"}}, {"type": "Feature", "geometry": {"type": "LineString", "coordinates": [[-84.4016941, 33.7280583], [-84.4017005, 33.7277422], [-84.4017003, 33.7275397]]}, "properties": {"surface": "", "highway": "footway"}}, {"type": "Feature", "geometry": {"type": "LineString", "coordinates": [[-84.4015666, 33.7273939], [-84.4015735, 33.7269497]]}, "properties": {"surface": "", "highway": "footway"}}, {"type": "Feature", "geometry": {"type": "LineString", "coordinates": [[-84.4017003, 33.7275397], [-84.4017094, 33.7269531]]}, "properties": {"surface": "", "highway": "footway"}}, {"type": "Feature", "geometry": {"type": "LineString", "coordinates": [[-84.4017132, 33.7257392], [-84.4017052, 33.7260986], [-84.4017103, 33.7264441]]}, "properties": {"surface": "", "highway": "footway"}}, {"type": "Feature", "geometry": {"type": "LineString", "coordinates": [[-84.4017103, 33.7264441], [-84.4017035, 33.7267208], [-84.4017062, 33.7268523]]}, "properties": {"surface": "", "highway": "footway"}}, {"type": "Feature", "geometry": {"type": "LineString", "coordinates": [[-84.4015671, 33.7268501], [-84.401559, 33.7267538]]}, "properties": {"surface": "", "highway": "footway"}}, {"type": "Feature", "geometry": {"type": "LineString", "coordinates": [[-84.4015602, 33.72805], [-84.4015403, 33.728062], [-84.4014985, 33.7280644], [-84.4012655, 33.7280639], [-84.4010766, 33.7280615]]}, "properties": {"surface": "", "highway": "footway"}}, {"type": "Feature", "geometry": {"type": "LineString", "coordinates": [[-84.4010766, 33.7280615], [-84.4008623, 33.7280601]]}, "properties": {"surface": "", "highway": "footway"}}, {"type": "Feature", "geometry": {"type": "LineString", "coordinates": [[-84.4007498, 33.7281454], [-84.4003265, 33.7281492], [-84.4000726, 33.7281441]]}, "properties": {"surface": "", "highway": "footway"}}, {"type": "Feature", "geometry": {"type": "LineString", "coordinates": [[-84.4007471, 33.7280583], [-84.4005174, 33.7280589], [-84.4000733, 33.7280525]]}, "properties": {"surface": "", "highway": "footway"}}, {"type": "Feature", "geometry": {"type": "LineString", "coordinates": [[-84.3992769, 33.7280559], [-84.3999624, 33.728051]]}, "properties": {"surface": "", "highway": "footway"}}, {"type": "Feature", "geometry": {"type": "LineString", "coordinates": [[-84.3999613, 33.7281455], [-84.3994618, 33.7281509], [-84.3992781, 33.7281518]]}, "properties": {"surface": "", "highway": "footway"}}, {"type": "Feature", "geometry": {"type": "LineString", "coordinates": [[-84.402415, 33.7268449], [-84.4019523, 33.7268492], [-84.4017062, 33.7268523]]}, "properties": {"surface": "", "highway": "footway"}}, {"type": "Feature", "geometry": {"type": "LineString", "coordinates": [[-84.4007578, 33.7268454], [-84.4000659, 33.7268486]]}, "properties": {"surface": "", "highway": "footway"}}, {"type": "Feature", "geometry": {"type": "LineString", "coordinates": [[-84.3999654, 33.726939], [-84.3999081, 33.7269413], [-84.3997016, 33.7269393], [-84.3996957, 33.726935], [-84.399695, 33.7269274], [-84.3996948, 33.726914], [-84.3996956, 33.7268878]]}, "properties": {"surface": "", "highway": "footway"}}, {"type": "Feature", "geometry": {"type": "LineString", "coordinates": [[-84.3999607, 33.7268469], [-84.3992885, 33.726848]]}, "properties": {"surface": "", "highway": "footway"}}, {"type": "Feature", "geometry": {"type": "LineString", "coordinates": [[-84.3983723, 33.7266412], [-84.398373, 33.7268558], [-84.398378, 33.7268726], [-84.3983854, 33.7268848], [-84.3984038, 33.7269058], [-84.398424, 33.7269197], [-84.3984754, 33.7269334], [-84.3986177, 33.7269404]]}, "properties": {"surface": "", "highway": "footway"}}, {"type": "Feature", "geometry": {"type": "LineString", "coordinates": [[-84.3986177, 33.7269404], [-84.3991758, 33.7269383]]}, "properties": {"surface": "", "highway": "footway"}}, {"type": "Feature", "geometry": {"type": "LineString", "coordinates": [[-84.4012686, 33.7256831], [-84.4012698, 33.725659], [-84.4012696, 33.7256471], [-84.4012655, 33.7256366], [-84.4012406, 33.7256336], [-84.4008744, 33.7256357]]}, "properties": {"surface": "", "highway": "footway"}}, {"type": "Feature", "geometry": {"type": "LineString", "coordinates": [[-84.4007614, 33.7257344], [-84.4000768, 33.7257333]]}, "properties": {"surface": "", "highway": "footway"}}, {"type": "Feature", "geometry": {"type": "LineString", "coordinates": [[-84.4007578, 33.725637], [-84.4003171, 33.7256358]]}, "properties": {"surface": "", "highway": "footway"}}, {"type": "Feature", "geometry": {"type": "LineString", "coordinates": [[-84.3999735, 33.7257323], [-84.3992942, 33.7257314]]}, "properties": {"surface": "", "highway": "footway"}}, {"type": "Feature", "geometry": {"type": "LineString", "coordinates": [[-84.3992947, 33.7256379], [-84.3992897, 33.7253392], [-84.3992885, 33.7248637]]}, "properties": {"surface": "", "highway": "footway"}}, {"type": "Feature", "geometry": {"type": "LineString", "coordinates": [[-84.3992885, 33.7248637], [-84.3993019, 33.7242482]]}, "properties": {"surface": "", "highway": "footway"}}, {"type": "Feature", "geometry": {"type": "LineString", "coordinates": [[-84.3991824, 33.7256392], [-84.3991801, 33.7254009], [-84.3991864, 33.7249786]]}, "properties": {"surface": "", "highway": "footway"}}, {"type": "Feature", "geometry": {"type": "LineString", "coordinates": [[-84.3991864, 33.7249786], [-84.3992026, 33.7242452]]}, "properties": {"surface": "", "highway": "footway"}}, {"type": "Feature", "geometry": {"type": "LineString", "coordinates": [[-84.3993355, 33.7221832], [-84.3993231, 33.7226622], [-84.3993122, 33.723206]]}, "properties": {"surface": "", "highway": "footway"}}, {"type": "Feature", "geometry": {"type": "LineString", "coordinates": [[-84.3993122, 33.723206], [-84.3993024, 33.724166]]}, "properties": {"surface": "", "highway": "footway"}}, {"type": "Feature", "geometry": {"type": "LineString", "coordinates": [[-84.3992115, 33.7221832], [-84.3992176, 33.7224738], [-84.3992043, 33.7230379]]}, "properties": {"surface": "", "highway": "footway"}}, {"type": "Feature", "geometry": {"type": "LineString", "coordinates": [[-84.3992043, 33.7230379], [-84.399203, 33.7238208]]}, "properties": {"surface": "", "highway": "footway"}}, {"type": "Feature", "geometry": {"type": "LineString", "coordinates": [[-84.399203, 33.7238208], [-84.3992038, 33.7241671]]}, "properties": {"surface": "", "highway": "footway"}}, {"type": "Feature", "geometry": {"type": "LineString", "coordinates": [[-84.400885, 33.7241562], [-84.400892, 33.7237492], [-84.4008957, 33.7235012]]}, "properties": {"surface": "", "highway": "footway"}}, {"type": "Feature", "geometry": {"type": "LineString", "coordinates": [[-84.4008422, 33.723099], [-84.400864, 33.7230986], [-84.4008759, 33.7230981], [-84.4008807, 33.7230977], [-84.4008885, 33.7230987], [-84.4008906, 33.7231057], [-84.4008957, 33.7235012]]}, "properties": {"surface": "", "highway": "footway"}}, {"type": "Feature", "geometry": {"type": "LineString", "coordinates": [[-84.4016, 33.7221959], [-84.4016017, 33.7222448], [-84.4015943, 33.7227065]]}, "properties": {"surface": "", "highway": "footway"}}, {"type": "Feature", "geometry": {"type": "LineString", "coordinates": [[-84.4017472, 33.722194], [-84.4017399, 33.7225759], [-84.4017364, 33.7230168]]}, "properties": {"surface": "", "highway": "footway"}}, {"type": "Feature", "geometry": {"type": "LineString", "coordinates": [[-84.4015943, 33.7227065], [-84.4015915, 33.7232074], [-84.4015751, 33.7238594]]}, "properties": {"surface": "", "highway": "footway"}}, {"type": "Feature", "geometry": {"type": "LineString", "coordinates": [[-84.4017364, 33.7230168], [-84.4017228, 33.724029]]}, "properties": {"surface": "", "highway": "footway"}}, {"type": "Feature", "geometry": {"type": "LineString", "coordinates": [[-84.4015751, 33.7238594], [-84.4015752, 33.7241587]]}, "properties": {"surface": "", "highway": "footway"}}, {"type": "Feature", "geometry": {"type": "LineString", "coordinates": [[-84.4017228, 33.724029], [-84.4017176, 33.7241606]]}, "properties": {"surface": "", "highway": "footway"}}, {"type": "Feature", "geometry": {"type": "LineString", "coordinates": [[-84.401717, 33.7242518], [-84.401718, 33.7248123], [-84.401716, 33.7251686]]}, "properties": {"surface": "", "highway": "footway"}}, {"type": "Feature", "geometry": {"type": "LineString", "coordinates": [[-84.401716, 33.7251686], [-84.4017137, 33.7256455]]}, "properties": {"surface": "", "highway": "footway"}}, {"type": "Feature", "geometry": {"type": "LineString", "coordinates": [[-84.3984907, 33.7241605], [-84.3984913, 33.7239708], [-84.3984998, 33.7235704], [-84.3985204, 33.7225872], [-84.3985258, 33.7224507]]}, "properties": {"surface": "", "highway": "footway"}}, {"type": "Feature", "geometry": {"type": "LineString", "coordinates": [[-84.3985258, 33.7224507], [-84.3985415, 33.7221716]]}, "properties": {"surface": "", "highway": "footway"}}, {"type": "Feature", "geometry": {"type": "LineString", "coordinates": [[-84.3984657, 33.7226488], [-84.3984126, 33.722649], [-84.3984055, 33.7226462], [-84.3984008, 33.7226386], [-84.3984286, 33.7221728]]}, "properties": {"surface": "", "highway": "footway"}}, {"type": "Feature", "geometry": {"type": "LineString", "coordinates": [[-84.3984787, 33.7268441], [-84.3984797, 33.7263811], [-84.3984859, 33.7261275]]}, "properties": {"surface": "", "highway": "footway"}}, {"type": "Feature", "geometry": {"type": "LineString", "coordinates": [[-84.3984859, 33.7261275], [-84.3984897, 33.7257254]]}, "properties": {"surface": "", "highway": "footway"}}, {"type": "Feature", "geometry": {"type": "LineString", "coordinates": [[-84.3983717, 33.7265383], [-84.3983709, 33.7263277], [-84.3983722, 33.7260693]]}, "properties": {"surface": "", "highway": "footway"}}, {"type": "Feature", "geometry": {"type": "LineString", "coordinates": [[-84.3983722, 33.7260693], [-84.398366, 33.7257268]]}, "properties": {"surface": "", "highway": "footway"}}, {"type": "Feature", "geometry": {"type": "LineString", "coordinates": [[-84.3983717, 33.7265383], [-84.3980973, 33.7265373], [-84.3976165, 33.7265344]]}, "properties": {"surface": "", "highway": "footway"}}, {"type": "Feature", "geometry": {"type": "LineString", "coordinates": [[-84.3974969, 33.7265317], [-84.3969251, 33.7265307], [-84.3967532, 33.7265315]]}, "properties": {"surface": "", "highway": "footway"}}, {"type": "Feature", "geometry": {"type": "LineString", "coordinates": [[-84.3966573, 33.7265297], [-84.3960662, 33.7265295], [-84.3959245, 33.7265282], [-84.3959084, 33.726528], [-84.3958973, 33.7265238], [-84.3958869, 33.726515], [-84.3958829, 33.726491], [-84.3958831, 33.7264499], [-84.3958806, 33.7263016]]}, "properties": {"surface": "", "highway": "footway"}}, {"type": "Feature", "geometry": {"type": "LineString", "coordinates": [[-84.3958909, 33.7257046], [-84.395882, 33.7260173], [-84.3958806, 33.7263016]]}, "properties": {"surface": "", "highway": "footway"}}, {"type": "Feature", "geometry": {"type": "LineString", "coordinates": [[-84.3957839, 33.725704], [-84.3957843, 33.7257565], [-84.3957802, 33.7259782]]}, "properties": {"surface": "", "highway": "footway"}}, {"type": "Feature", "geometry": {"type": "LineString", "coordinates": [[-84.3957802, 33.7259782], [-84.3957738, 33.7263025]]}, "properties": {"surface": "", "highway": "footway"}}, {"type": "Feature", "geometry": {"type": "LineString", "coordinates": [[-84.3944937, 33.7263313], [-84.3944938, 33.7262952], [-84.3944946, 33.7260647], [-84.3944987, 33.7256876]]}, "properties": {"surface": "", "highway": "footway"}}, {"type": "Feature", "geometry": {"type": "LineString", "coordinates": [[-84.3945012, 33.7255956], [-84.3953734, 33.7255978], [-84.3957799, 33.7256049]]}, "properties": {"surface": "", "highway": "footway"}}, {"type": "Feature", "geometry": {"type": "LineString", "coordinates": [[-84.3944987, 33.7256876], [-84.3955249, 33.7257042], [-84.3957839, 33.725704]]}, "properties": {"surface": "", "highway": "footway"}}, {"type": "Feature", "geometry": {"type": "LineString", "coordinates": [[-84.3958925, 33.7256], [-84.3966107, 33.7256072], [-84.3969087, 33.7256173]]}, "properties": {"surface": "", "highway": "footway"}}, {"type": "Feature", "geometry": {"type": "LineString", "coordinates": [[-84.3958909, 33.7257046], [-84.3966639, 33.725721]]}, "properties": {"surface": "", "highway": "footway"}}, {"type": "Feature", "geometry": {"type": "LineString", "coordinates": [[-84.3969087, 33.7256173], [-84.3972974, 33.7256263]]}, "properties": {"surface": "", "highway": "footway"}}, {"type": "Feature", "geometry": {"type": "LineString", "coordinates": [[-84.3967559, 33.7257228], [-84.3975166, 33.725714]]}, "properties": {"surface": "", "highway": "footway"}}, {"type": "Feature", "geometry": {"type": "LineString", "coordinates": [[-84.3983661, 33.7256294], [-84.3981675, 33.725628], [-84.3972974, 33.7256263]]}, "properties": {"surface": "", "highway": "footway"}}, {"type": "Feature", "geometry": {"type": "LineString", "coordinates": [[-84.398366, 33.7257268], [-84.3978615, 33.7257194], [-84.3976155, 33.7257142]]}, "properties": {"surface": "", "highway": "footway"}}, {"type": "Feature", "geometry": {"type": "LineString", "coordinates": [[-84.3991853, 33.7257301], [-84.3987632, 33.7257242], [-84.3984897, 33.7257254]]}, "properties": {"surface": "", "highway": "footway"}}, {"type": "Feature", "geometry": {"type": "LineString", "coordinates": [[-84.3991824, 33.7256392], [-84.3986389, 33.7256303], [-84.3984918, 33.7256263]]}, "properties": {"surface": "", "highway": "footway"}}, {"type": "Feature", "geometry": {"type": "LineString", "coordinates": [[-84.3999873, 33.724241], [-84.3993019, 33.7242482]]}, "properties": {"surface": "", "highway": "footway"}}, {"type": "Feature", "geometry": {"type": "LineString", "coordinates": [[-84.3999887, 33.7241534], [-84.3993024, 33.724166]]}, "properties": {"surface": "", "highway": "footway"}}, {"type": "Feature", "geometry": {"type": "LineString", "coordinates": [[-84.3992026, 33.7242452], [-84.3984898, 33.7242371]]}, "properties": {"surface": "", "highway": "footway"}}, {"type": "Feature", "geometry": {"type": "LineString", "coordinates": [[-84.3984027, 33.7242364], [-84.3975097, 33.7242256]]}, "properties": {"surface": "", "highway": "footway"}}, {"type": "Feature", "geometry": {"type": "LineString", "coordinates": [[-84.3975097, 33.7242256], [-84.3967678, 33.7242214]]}, "properties": {"surface": "", "highway": "footway"}}, {"type": "Feature", "geometry": {"type": "LineString", "coordinates": [[-84.3967678, 33.7242214], [-84.3959022, 33.7242128]]}, "properties": {"surface": "", "highway": "footway"}}, {"type": "Feature", "geometry": {"type": "LineString", "coordinates": [[-84.3958925, 33.7256], [-84.3958918, 33.7254085], [-84.3958913, 33.7252824], [-84.3958916, 33.7250261]]}, "properties": {"surface": "", "highway": "footway"}}, {"type": "Feature", "geometry": {"type": "LineString", "coordinates": [[-84.3958916, 33.7250261], [-84.3958951, 33.7248756], [-84.3959022, 33.7242128]]}, "properties": {"surface": "", "highway": "footway"}}, {"type": "Feature", "geometry": {"type": "LineString", "coordinates": [[-84.3957799, 33.7256049], [-84.3957827, 33.7255058], [-84.3957809, 33.7251884]]}, "properties": {"surface": "", "highway": "footway"}}, {"type": "Feature", "geometry": {"type": "LineString", "coordinates": [[-84.3957809, 33.7251884], [-84.3958074, 33.7241331]]}, "properties": {"surface": "", "highway": "footway"}}, {"type": "Feature", "geometry": {"type": "LineString", "coordinates": [[-84.3959025, 33.7241338], [-84.3959181, 33.7236511], [-84.3959269, 33.7225747]]}, "properties": {"surface": "", "highway": "footway"}}, {"type": "Feature", "geometry": {"type": "LineString", "coordinates": [[-84.3958074, 33.7241331], [-84.3958124, 33.7237459], [-84.3958163, 33.7229593]]}, "properties": {"surface": "", "highway": "footway"}}, {"type": "Feature", "geometry": {"type": "LineString", "coordinates": [[-84.3958163, 33.7229593], [-84.3958199, 33.7226072]]}, "properties": {"surface": "", "highway": "footway"}}, {"type": "Feature", "geometry": {"type": "LineString", "coordinates": [[-84.3958199, 33.7226072], [-84.395822, 33.7225588], [-84.3958241, 33.7225357], [-84.3958173, 33.722516], [-84.39578, 33.7224901], [-84.3957407, 33.7224692], [-84.3957102, 33.7224365], [-84.3957055, 33.7224185], [-84.3957008, 33.7224027], [-84.3957048, 33.7223813], [-84.3957157, 33.7223565], [-84.3957996, 33.7222554], [-84.3958021, 33.7222443], [-84.3957954, 33.7222396], [-84.3957518, 33.7222336], [-84.395696, 33.7222272], [-84.3956835, 33.7222201]]}, "properties": {"surface": "", "highway": "footway"}}, {"type": "Feature", "geometry": {"type": "LineString", "coordinates": [[-84.3984173, 33.7248811], [-84.3983884, 33.7248806], [-84.3983791, 33.7248815], [-84.3983772, 33.7248902], [-84.3983781, 33.7251076], [-84.3983661, 33.7256294]]}, "properties": {"surface": "", "highway": "footway"}}, {"type": "Feature", "geometry": {"type": "LineString", "coordinates": [[-84.3984027, 33.7242364], [-84.398391, 33.7246222], [-84.3983927, 33.724646]]}, "properties": {"surface": "", "highway": "footway"}}, {"type": "Feature", "geometry": {"type": "LineString", "coordinates": [[-84.3983927, 33.724646], [-84.3984212, 33.7246466]]}, "properties": {"surface": "", "highway": "footway"}}, {"type": "Feature", "geometry": {"type": "LineString", "coordinates": [[-84.3908004, 33.7341682], [-84.3903679, 33.7341615], [-84.3894992, 33.7341328]]}, "properties": {"surface": "", "highway": "footway"}}, {"type": "Feature", "geometry": {"type": "LineString", "coordinates": [[-84.3893372, 33.7341334], [-84.3889174, 33.7341329], [-84.388028, 33.7341249], [-84.3880404, 33.7330198]]}, "properties": {"surface": "", "highway": "footway"}}, {"type": "Feature", "geometry": {"type": "LineString", "coordinates": [[-84.3880404, 33.7330198], [-84.3893385, 33.7330394]]}, "properties": {"surface": "", "highway": "footway"}}, {"type": "Feature", "geometry": {"type": "LineString", "coordinates": [[-84.3893385, 33.7330394], [-84.3893437, 33.7337144], [-84.3893372, 33.7341334]]}, "properties": {"surface": "", "highway": "footway"}}, {"type": "Feature", "geometry": {"type": "LineString", "coordinates": [[-84.3894992, 33.7341328], [-84.3894995, 33.733033]]}, "properties": {"surface": "", "highway": "footway"}}, {"type": "Feature", "geometry": {"type": "LineString", "coordinates": [[-84.3895016, 33.7329099], [-84.3895105, 33.7323236], [-84.3895161, 33.7319278], [-84.389517, 33.7318577]]}, "properties": {"surface": "", "highway": "footway"}}, {"type": "Feature", "geometry": {"type": "LineString", "coordinates": [[-84.3893631, 33.7318573], [-84.3893657, 33.7322491], [-84.3893488, 33.7329097]]}, "properties": {"surface": "", "highway": "footway"}}, {"type": "Feature", "geometry": {"type": "LineString", "coordinates": [[-84.3909689, 33.7367187], [-84.3909604, 33.7350787], [-84.3909617, 33.7345951], [-84.3909675, 33.7342848], [-84.3909684, 33.7342375], [-84.3909821, 33.7334975], [-84.3909822, 33.7330495], [-84.3909822, 33.7328369], [-84.3909818, 33.7320358]]}, "properties": {"surface": "", "highway": "footway"}}, {"type": "Feature", "geometry": {"type": "LineString", "coordinates": [[-84.3909818, 33.7320358], [-84.3909959, 33.7318692]]}, "properties": {"surface": "", "highway": "footway"}}, {"type": "Feature", "geometry": {"type": "LineString", "coordinates": [[-84.3908541, 33.7317124], [-84.3903161, 33.7317112], [-84.3895179, 33.7317014]]}, "properties": {"surface": "", "highway": "footway"}}, {"type": "Feature", "geometry": {"type": "LineString", "coordinates": [[-84.389517, 33.7318577], [-84.3905979, 33.7318565], [-84.3906904, 33.7318587], [-84.3907521, 33.7318721], [-84.390808, 33.7319021]]}, "properties": {"surface": "", "highway": "footway"}}, {"type": "Feature", "geometry": {"type": "LineString", "coordinates": [[-84.390808, 33.7319021], [-84.3908215, 33.7319233], [-84.390831, 33.7319474], [-84.3908376, 33.7320349], [-84.3908391, 33.7321879], [-84.3908338, 33.732348], [-84.3908293, 33.7327589], [-84.3908249, 33.7329331]]}, "properties": {"surface": "", "highway": "footway"}}, {"type": "Feature", "geometry": {"type": "LineString", "coordinates": [[-84.3909822, 33.7330495], [-84.3909655, 33.7330492]]}, "properties": {"surface": "", "highway": "footway"}}, {"type": "Feature", "geometry": {"type": "LineString", "coordinates": [[-84.3909675, 33.7342848], [-84.390956, 33.7342846]]}, "properties": {"surface": "", "highway": "footway"}}, {"type": "Feature", "geometry": {"type": "LineString", "coordinates": [[-84.3880202, 33.7316901], [-84.3885212, 33.7316967]]}, "properties": {"surface": "", "highway": "footway"}}, {"type": "Feature", "geometry": {"type": "LineString", "coordinates": [[-84.3893622, 33.7317014], [-84.3890525, 33.7317027], [-84.3890056, 33.7317024], [-84.3889731, 33.7317024], [-84.3886992, 33.7317038]]}, "properties": {"surface": "", "highway": "footway"}}, {"type": "Feature", "geometry": {"type": "LineString", "coordinates": [[-84.3893631, 33.7318573], [-84.3880519, 33.7318478]]}, "properties": {"surface": "", "highway": "footway"}}, {"type": "Feature", "geometry": {"type": "LineString", "coordinates": [[-84.3880519, 33.7318478], [-84.3880452, 33.7320606], [-84.3880423, 33.7324842], [-84.3880423, 33.7324864], [-84.3880404, 33.7328935]]}, "properties": {"surface": "", "highway": "footway"}}, {"type": "Feature", "geometry": {"type": "LineString", "coordinates": [[-84.3908249, 33.7329331], [-84.3895016, 33.7329099]]}, "properties": {"surface": "", "highway": "footway"}}, {"type": "Feature", "geometry": {"type": "LineString", "coordinates": [[-84.3893488, 33.7329097], [-84.3880404, 33.7328935]]}, "properties": {"surface": "", "highway": "footway"}}, {"type": "Feature", "geometry": {"type": "LineString", "coordinates": [[-84.3823287, 33.7331871], [-84.3823391, 33.7331839]]}, "properties": {"surface": "", "highway": "footway"}}, {"type": "Feature", "geometry": {"type": "LineString", "coordinates": [[-84.3840615, 33.7368596], [-84.3840564, 33.737326], [-84.3840258, 33.7385085], [-84.3840202, 33.7389454], [-84.3840236, 33.7394068]]}, "properties": {"surface": "", "highway": "footway"}}, {"type": "Feature", "geometry": {"type": "LineString", "coordinates": [[-84.3840236, 33.7394068], [-84.3839989, 33.7394072], [-84.3832894, 33.7394134], [-84.3829109, 33.7394144], [-84.3821008, 33.7394203], [-84.38161, 33.7394251]]}, "properties": {"surface": "", "highway": "footway"}}, {"type": "Feature", "geometry": {"type": "LineString", "coordinates": [[-84.3816104, 33.7394887], [-84.384023, 33.7394797]]}, "properties": {"surface": "", "highway": "footway"}}, {"type": "Feature", "geometry": {"type": "LineString", "coordinates": [[-84.384023, 33.7394797], [-84.384033, 33.7398875]]}, "properties": {"surface": "", "highway": "footway"}}, {"type": "Feature", "geometry": {"type": "LineString", "coordinates": [[-84.384033, 33.7398875], [-84.3816097, 33.7399566]]}, "properties": {"surface": "", "highway": "footway"}}, {"type": "Feature", "geometry": {"type": "LineString", "coordinates": [[-84.3816097, 33.7400245], [-84.3831697, 33.7399939], [-84.383691, 33.7399835], [-84.3840314, 33.7399766]]}, "properties": {"surface": "", "highway": "footway"}}, {"type": "Feature", "geometry": {"type": "LineString", "coordinates": [[-84.3840314, 33.7399766], [-84.3840316, 33.7400758], [-84.384022, 33.7407957]]}, "properties": {"surface": "", "highway": "footway"}}, {"type": "Feature", "geometry": {"type": "LineString", "coordinates": [[-84.384022, 33.7407957], [-84.3829019, 33.740807], [-84.3824949, 33.7408055], [-84.3816091, 33.7408023]]}, "properties": {"surface": "", "highway": "footway"}}, {"type": "Feature", "geometry": {"type": "LineString", "coordinates": [[-84.3824949, 33.7408055], [-84.3824949, 33.7408157]]}, "properties": {"surface": "", "highway": "footway"}}, {"type": "Feature", "geometry": {"type": "LineString", "coordinates": [[-84.3824956, 33.7408734], [-84.3824972, 33.7408809], [-84.3825096, 33.7408856], [-84.3825361, 33.7408862], [-84.3840242, 33.7408917]]}, "properties": {"surface": "", "highway": "footway"}}, {"type": "Feature", "geometry": {"type": "LineString", "coordinates": [[-84.3840242, 33.7408917], [-84.3840205, 33.7412336], [-84.3840034, 33.7415325]]}, "properties": {"surface": "", "highway": "footway"}}, {"type": "Feature", "geometry": {"type": "LineString", "coordinates": [[-84.3840034, 33.7415325], [-84.383646, 33.7415342], [-84.3816212, 33.7415398]]}, "properties": {"surface": "", "highway": "footway"}}, {"type": "Feature", "geometry": {"type": "LineString", "coordinates": [[-84.3839941, 33.7416074], [-84.383909, 33.7416047], [-84.3824613, 33.7415999]]}, "properties": {"surface": "", "highway": "footway"}}, {"type": "Feature", "geometry": {"type": "LineString", "coordinates": [[-84.3824613, 33.7415999], [-84.3824545, 33.7415899], [-84.3824508, 33.7415748], [-84.3824487, 33.7415636]]}, "properties": {"surface": "", "highway": "footway"}}, {"type": "Feature", "geometry": {"type": "LineString", "coordinates": [[-84.3841886, 33.7368611], [-84.3841427, 33.7377646], [-84.3841356, 33.7378755]]}, "properties": {"surface": "", "highway": "footway"}}, {"type": "Feature", "geometry": {"type": "LineString", "coordinates": [[-84.3841367, 33.7379364], [-84.3841283, 33.7383832], [-84.3841244, 33.7388502], [-84.3841247, 33.739405]]}, "properties": {"surface": "", "highway": "footway"}}, {"type": "Feature", "geometry": {"type": "LineString", "coordinates": [[-84.3841217, 33.7394871], [-84.3841257, 33.7398839]]}, "properties": {"surface": "", "highway": "footway"}}, {"type": "Feature", "geometry": {"type": "LineString", "coordinates": [[-84.3841285, 33.7399733], [-84.3841313, 33.7402652], [-84.3841243, 33.7406026]]}, "properties": {"surface": "", "highway": "footway"}}, {"type": "Feature", "geometry": {"type": "LineString", "coordinates": [[-84.3841233, 33.740709], [-84.3841209, 33.7409774], [-84.3841173, 33.7412631]]}, "properties": {"surface": "", "highway": "footway"}}, {"type": "Feature", "geometry": {"type": "LineString", "coordinates": [[-84.3841208, 33.7413423], [-84.3841002, 33.741585], [-84.3840945, 33.7415939], [-84.3840816, 33.7415993]]}, "properties": {"surface": "", "highway": "footway"}}, {"type": "Feature", "geometry": {"type": "LineString", "coordinates": [[-84.3855104, 33.7368741], [-84.3855154, 33.7368889], [-84.3855245, 33.7369038], [-84.3855289, 33.7369156], [-84.3855289, 33.7369455], [-84.3855239, 33.737119], [-84.3855183, 33.7372324], [-84.3855159, 33.7372509], [-84.3855157, 33.7372662], [-84.3855213, 33.7372829], [-84.3855221, 33.7373104], [-84.3855142, 33.7375772], [-84.3855145, 33.7378805]]}, "properties": {"surface": "", "highway": "footway"}}, {"type": "Feature", "geometry": {"type": "LineString", "coordinates": [[-84.3855145, 33.7378805], [-84.3853199, 33.7378798], [-84.3841356, 33.7378755]]}, "properties": {"surface": "", "highway": "footway"}}, {"type": "Feature", "geometry": {"type": "LineString", "coordinates": [[-84.3841367, 33.7379364], [-84.3843685, 33.7379329], [-84.3846076, 33.7379379], [-84.3848127, 33.7379474]]}, "properties": {"surface": "", "highway": "footway"}}, {"type": "Feature", "geometry": {"type": "LineString", "coordinates": [[-84.3848921, 33.7379482], [-84.3855043, 33.7379474]]}, "properties": {"surface": "", "highway": "footway"}}, {"type": "Feature", "geometry": {"type": "LineString", "coordinates": [[-84.3848127, 33.7379474], [-84.3848082, 33.7383634], [-84.384803, 33.7390209], [-84.3848027, 33.7394171]]}, "properties": {"surface": "", "highway": "footway"}}, {"type": "Feature", "geometry": {"type": "LineString", "coordinates": [[-84.3848027, 33.7394171], [-84.3841247, 33.739405]]}, "properties": {"surface": "", "highway": "footway"}}, {"type": "Feature", "geometry": {"type": "LineString", "coordinates": [[-84.3848882, 33.7394177], [-84.3848921, 33.7379482]]}, "properties": {"surface": "", "highway": "footway"}}, {"type": "Feature", "geometry": {"type": "LineString", "coordinates": [[-84.3848882, 33.7394177], [-84.385494, 33.7394231]]}, "properties": {"surface": "", "highway": "footway"}}, {"type": "Feature", "geometry": {"type": "LineString", "coordinates": [[-84.385494, 33.7394231], [-84.3855029, 33.7383368], [-84.3855043, 33.7379474]]}, "properties": {"surface": "", "highway": "footway"}}, {"type": "Feature", "geometry": {"type": "LineString", "coordinates": [[-84.3856109, 33.7368761], [-84.3856009, 33.7369912], [-84.3855955, 33.7372442], [-84.3855877, 33.737599], [-84.3855877, 33.737826], [-84.3855887, 33.7378473], [-84.385596, 33.7378711]]}, "properties": {"surface": "", "highway": "footway"}}, {"type": "Feature", "geometry": {"type": "LineString", "coordinates": [[-84.385596, 33.7378711], [-84.3859524, 33.737875], [-84.3861846, 33.7378802], [-84.3862238, 33.7378811], [-84.3862408, 33.7378811], [-84.3862616, 33.7378715], [-84.3862747, 33.7378593], [-84.3862785, 33.7378356], [-84.3862767, 33.73761], [-84.386278, 33.737168], [-84.3862821, 33.7368952]]}, "properties": {"surface": "", "highway": "footway"}}, {"type": "Feature", "geometry": {"type": "LineString", "coordinates": [[-84.3864635, 33.7369389], [-84.3864297, 33.7369654], [-84.3864192, 33.7369843], [-84.3864145, 33.7370167], [-84.3864145, 33.7373629], [-84.3864033, 33.737832], [-84.3864096, 33.7378603], [-84.3864267, 33.7378674], [-84.3868667, 33.7378721], [-84.3877345, 33.7378779]]}, "properties": {"surface": "", "highway": "footway"}}, {"type": "Feature", "geometry": {"type": "LineString", "coordinates": [[-84.3877345, 33.7378779], [-84.3877505, 33.7369851]]}, "properties": {"surface": "", "highway": "footway"}}, {"type": "Feature", "geometry": {"type": "LineString", "coordinates": [[-84.3879864, 33.7378624], [-84.3879495, 33.7378637]]}, "properties": {"surface": "", "highway": "footway"}}, {"type": "Feature", "geometry": {"type": "LineString", "coordinates": [[-84.4083349, 33.7391832], [-84.4083535, 33.7391898], [-84.4083834, 33.7391871], [-84.4084439, 33.7391655], [-84.4085521, 33.7391175], [-84.4086703, 33.7390479], [-84.4087839, 33.7389816]]}, "properties": {"surface": "", "highway": "footway"}}, {"type": "Feature", "geometry": {"type": "LineString", "coordinates": [[-84.4086673, 33.7391533], [-84.4085241, 33.739228], [-84.4083292, 33.7393003]]}, "properties": {"surface": "", "highway": "footway"}}, {"type": "Feature", "geometry": {"type": "LineString", "coordinates": [[-84.4083256, 33.739329], [-84.4083292, 33.7393003]]}, "properties": {"surface": "", "highway": "footway"}}, {"type": "Feature", "geometry": {"type": "LineString", "coordinates": [[-84.387727, 33.7379805], [-84.3877135, 33.7382141], [-84.3877147, 33.7385292], [-84.3877172, 33.7386057], [-84.387716, 33.7386604], [-84.3877166, 33.7387282], [-84.3877059, 33.7388249], [-84.3877028, 33.7388646], [-84.387702, 33.7389671], [-84.387697, 33.7392181], [-84.3877001, 33.7392378], [-84.3877201, 33.7392795], [-84.3877289, 33.7392961], [-84.3877289, 33.7393096], [-84.387711, 33.7394346]]}, "properties": {"surface": "", "highway": "footway"}}, {"type": "Feature", "geometry": {"type": "LineString", "coordinates": [[-84.3877082, 33.7395194], [-84.3877137, 33.7395424], [-84.3877183, 33.7395763], [-84.3877152, 33.7396525], [-84.3877043, 33.7403387], [-84.3877113, 33.7406541], [-84.3877151, 33.7409128], [-84.3877098, 33.7415517], [-84.3876859, 33.7417962]]}, "properties": {"surface": "", "highway": "footway"}}, {"type": "Feature", "geometry": {"type": "LineString", "coordinates": [[-84.3864267, 33.7378674], [-84.3864256, 33.7378882]]}, "properties": {"surface": "", "highway": "footway"}}, {"type": "Feature", "geometry": {"type": "LineString", "coordinates": [[-84.386425, 33.737972], [-84.3864169, 33.7382363], [-84.3864145, 33.738486], [-84.3864123, 33.7386079], [-84.3864239, 33.7386515], [-84.3864246, 33.7387043], [-84.3864231, 33.7388917], [-84.3864224, 33.7389143], [-84.3864083, 33.7393673], [-84.3864091, 33.7394233]]}, "properties": {"surface": "", "highway": "footway"}}, {"type": "Feature", "geometry": {"type": "LineString", "coordinates": [[-84.3864061, 33.7395036], [-84.3863907, 33.7395267], [-84.3863853, 33.7395433], [-84.386383, 33.7395703], [-84.386382, 33.739785], [-84.3863783, 33.7400964], [-84.386378, 33.7406686], [-84.3863648, 33.7412172], [-84.3863547, 33.7418167], [-84.3863744, 33.7418396], [-84.3863946, 33.7418412], [-84.3864231, 33.74184], [-84.3864761, 33.7418349], [-84.3866101, 33.7418216]]}, "properties": {"surface": "", "highway": "footway"}}, {"type": "Feature", "geometry": {"type": "LineString", "coordinates": [[-84.3862427, 33.7394233], [-84.3855816, 33.7394202]]}, "properties": {"surface": "", "highway": "footway"}}, {"type": "Feature", "geometry": {"type": "LineString", "coordinates": [[-84.3855816, 33.7394202], [-84.3856116, 33.7380328], [-84.3856122, 33.7379676]]}, "properties": {"surface": "", "highway": "footway"}}, {"type": "Feature", "geometry": {"type": "LineString", "coordinates": [[-84.3856122, 33.7379676], [-84.3856535, 33.7379676], [-84.3856851, 33.737967], [-84.3857338, 33.7379676], [-84.3862606, 33.7379778]]}, "properties": {"surface": "", "highway": "footway"}}, {"type": "Feature", "geometry": {"type": "LineString", "coordinates": [[-84.3861846, 33.7378802], [-84.386185, 33.7378905]]}, "properties": {"surface": "", "highway": "footway"}}, {"type": "Feature", "geometry": {"type": "LineString", "coordinates": [[-84.3862606, 33.7379778], [-84.386248, 33.7386987], [-84.3862427, 33.7394233]]}, "properties": {"surface": "", "highway": "footway"}}, {"type": "Feature", "geometry": {"type": "LineString", "coordinates": [[-84.3841217, 33.7394871], [-84.3847184, 33.7394843], [-84.3852675, 33.7394896], [-84.3853112, 33.7394894], [-84.3853234, 33.7394849], [-84.3853305, 33.7394744]]}, "properties": {"surface": "", "highway": "footway"}}, {"type": "Feature", "geometry": {"type": "LineString", "coordinates": [[-84.3853305, 33.7394744], [-84.3853309, 33.7394496]]}, "properties": {"surface": "", "highway": "footway"}}, {"type": "Feature", "geometry": {"type": "LineString", "coordinates": [[-84.3841257, 33.7398839], [-84.3848099, 33.739883], [-84.3853878, 33.7398957], [-84.3854022, 33.7398969], [-84.3854123, 33.7399004], [-84.3854209, 33.7399061]]}, "properties": {"surface": "", "highway": "footway"}}, {"type": "Feature", "geometry": {"type": "LineString", "coordinates": [[-84.3841285, 33.7399733], [-84.3843984, 33.7399602], [-84.3847265, 33.7399515], [-84.3851817, 33.7399594], [-84.3854413, 33.7399695]]}, "properties": {"surface": "", "highway": "footway"}}, {"type": "Feature", "geometry": {"type": "LineString", "coordinates": [[-84.3854413, 33.7399695], [-84.3854536, 33.7399853], [-84.3854612, 33.7399998], [-84.3854641, 33.7400161], [-84.3854654, 33.7400357], [-84.3854647, 33.7402784], [-84.3854554, 33.7406132]]}, "properties": {"surface": "", "highway": "footway"}}, {"type": "Feature", "geometry": {"type": "LineString", "coordinates": [[-84.3855718, 33.7406197], [-84.3855512, 33.7406195]]}, "properties": {"surface": "", "highway": "footway"}}, {"type": "Feature", "geometry": {"type": "LineString", "coordinates": [[-84.3854554, 33.7406132], [-84.3854145, 33.7406245], [-84.385372, 33.7406243], [-84.3841243, 33.7406026]]}, "properties": {"surface": "", "highway": "footway"}}, {"type": "Feature", "geometry": {"type": "LineString", "coordinates": [[-84.384562, 33.7413046], [-84.3845636, 33.7413473]]}, "properties": {"surface": "", "highway": "footway"}}, {"type": "Feature", "geometry": {"type": "LineString", "coordinates": [[-84.3845636, 33.7413473], [-84.384582, 33.7413595], [-84.3846105, 33.741364], [-84.3850719, 33.7413723], [-84.38567, 33.7413771], [-84.3862216, 33.7413815]]}, "properties": {"surface": "", "highway": "footway"}}, {"type": "Feature", "geometry": {"type": "LineString", "coordinates": [[-84.3862216, 33.7413815], [-84.3862206, 33.7417443], [-84.3862215, 33.7418796]]}, "properties": {"surface": "", "highway": "footway"}}, {"type": "Feature", "geometry": {"type": "LineString", "coordinates": [[-84.3862215, 33.7418796], [-84.3861893, 33.7418875], [-84.3860252, 33.7419092], [-84.385808, 33.7419307], [-84.3854884, 33.741937], [-84.3842021, 33.7419181], [-84.3841486, 33.7419193], [-84.3841116, 33.7419193], [-84.3840855, 33.7419161], [-84.3840754, 33.7419091], [-84.3840716, 33.7418886], [-84.3840865, 33.7416834]]}, "properties": {"surface": "", "highway": "footway"}}, {"type": "Feature", "geometry": {"type": "LineString", "coordinates": [[-84.3935192, 33.7219372], [-84.393477, 33.7219016], [-84.3934753, 33.7218869], [-84.3934718, 33.7217976]]}, "properties": {"surface": "", "highway": "footway"}}, {"type": "Feature", "geometry": {"type": "LineString", "coordinates": [[-84.3934718, 33.7217976], [-84.3934764, 33.7215235]]}, "properties": {"surface": "", "highway": "footway"}}, {"type": "Feature", "geometry": {"type": "LineString", "coordinates": [[-84.3934764, 33.7215235], [-84.3934793, 33.7214474], [-84.3934785, 33.7214146], [-84.3934713, 33.7213983], [-84.3934559, 33.7213531], [-84.3934446, 33.7213143]]}, "properties": {"surface": "", "highway": "footway"}}, {"type": "Feature", "geometry": {"type": "LineString", "coordinates": [[-84.3934446, 33.7213143], [-84.3934538, 33.720868]]}, "properties": {"surface": "", "highway": "footway"}}, {"type": "Feature", "geometry": {"type": "LineString", "coordinates": [[-84.3934538, 33.720868], [-84.3934582, 33.720552]]}, "properties": {"surface": "", "highway": "footway"}}, {"type": "Feature", "geometry": {"type": "LineString", "coordinates": [[-84.393478, 33.7201082], [-84.3934789, 33.7199419], [-84.393487, 33.7196553]]}, "properties": {"surface": "", "highway": "footway"}}, {"type": "Feature", "geometry": {"type": "LineString", "coordinates": [[-84.393487, 33.7196553], [-84.3934839, 33.7194493], [-84.393483, 33.7192571]]}, "properties": {"surface": "", "highway": "footway"}}, {"type": "Feature", "geometry": {"type": "LineString", "coordinates": [[-84.3932914, 33.7218524], [-84.3932905, 33.7217391], [-84.3932902, 33.7217295]]}, "properties": {"surface": "", "highway": "footway"}}, {"type": "Feature", "geometry": {"type": "LineString", "coordinates": [[-84.3932855, 33.7216365], [-84.3932843, 33.7215541], [-84.3932933, 33.7213139]]}, "properties": {"surface": "", "highway": "footway"}}, {"type": "Feature", "geometry": {"type": "LineString", "coordinates": [[-84.3932933, 33.7213139], [-84.3932877, 33.7210765], [-84.3933022, 33.7205455]]}, "properties": {"surface": "", "highway": "footway"}}, {"type": "Feature", "geometry": {"type": "LineString", "coordinates": [[-84.3933022, 33.7205455], [-84.3933141, 33.7201579], [-84.3933194, 33.719696]]}, "properties": {"surface": "", "highway": "footway"}}, {"type": "Feature", "geometry": {"type": "LineString", "coordinates": [[-84.3933194, 33.719696], [-84.3933255, 33.7185658]]}, "properties": {"surface": "", "highway": "footway"}}, {"type": "Feature", "geometry": {"type": "LineString", "coordinates": [[-84.3999106, 33.7344359], [-84.3999107, 33.7346391], [-84.3999132, 33.7349254], [-84.399913, 33.7352556]]}, "properties": {"surface": "", "highway": "footway"}}, {"type": "Feature", "geometry": {"type": "LineString", "coordinates": [[-84.399913, 33.7352556], [-84.3999086, 33.7356073]]}, "properties": {"surface": "", "highway": "footway"}}, {"type": "Feature", "geometry": {"type": "LineString", "coordinates": [[-84.400056, 33.7348585], [-84.4000466, 33.7351881], [-84.4000366, 33.7356106]]}, "properties": {"surface": "", "highway": "footway"}}, {"type": "Feature", "geometry": {"type": "LineString", "coordinates": [[-84.3999035, 33.7356862], [-84.3999039, 33.7359668], [-84.3999039, 33.7363335]]}, "properties": {"surface": "", "highway": "footway"}}, {"type": "Feature", "geometry": {"type": "LineString", "coordinates": [[-84.3999039, 33.7363335], [-84.3998941, 33.736876]]}, "properties": {"surface": "", "highway": "footway"}}, {"type": "Feature", "geometry": {"type": "LineString", "coordinates": [[-84.4000358, 33.7356884], [-84.4000285, 33.736054], [-84.4000321, 33.7365711]]}, "properties": {"surface": "", "highway": "footway"}}, {"type": "Feature", "geometry": {"type": "LineString", "coordinates": [[-84.4000321, 33.7365711], [-84.400046, 33.7368819]]}, "properties": {"surface": "", "highway": "footway"}}, {"type": "Feature", "geometry": {"type": "LineString", "coordinates": [[-84.3991908, 33.7368537], [-84.399196, 33.7366446], [-84.3992056, 33.7362464], [-84.3992211, 33.7356814]]}, "properties": {"surface": "", "highway": "footway"}}, {"type": "Feature", "geometry": {"type": "LineString", "coordinates": [[-84.3990587, 33.7368516], [-84.3990644, 33.7363051], [-84.3990788, 33.7356772]]}, "properties": {"surface": "", "highway": "footway"}}, {"type": "Feature", "geometry": {"type": "LineString", "coordinates": [[-84.39908, 33.7355951], [-84.3990787, 33.7352812], [-84.3990876, 33.7344488]]}, "properties": {"surface": "", "highway": "footway"}}, {"type": "Feature", "geometry": {"type": "LineString", "coordinates": [[-84.3992213, 33.7355999], [-84.3992212, 33.7352215], [-84.399226, 33.7344542]]}, "properties": {"surface": "", "highway": "footway"}}, {"type": "Feature", "geometry": {"type": "LineString", "coordinates": [[-84.4008898, 33.7369171], [-84.4008901, 33.7367847], [-84.4008988, 33.7364658]]}, "properties": {"surface": "", "highway": "footway"}}, {"type": "Feature", "geometry": {"type": "LineString", "coordinates": [[-84.4008056, 33.7369151], [-84.400812, 33.7367095], [-84.4008215, 33.7363606]]}, "properties": {"surface": "", "highway": "footway"}}, {"type": "Feature", "geometry": {"type": "LineString", "coordinates": [[-84.4008988, 33.7364658], [-84.4009017, 33.7359563], [-84.4009048, 33.7356928]]}, "properties": {"surface": "", "highway": "footway"}}, {"type": "Feature", "geometry": {"type": "LineString", "coordinates": [[-84.4008215, 33.7363606], [-84.4008235, 33.7356992]]}, "properties": {"surface": "", "highway": "footway"}}, {"type": "Feature", "geometry": {"type": "LineString", "coordinates": [[-84.4008235, 33.7356992], [-84.4008201, 33.7356944], [-84.4008144, 33.7356899], [-84.4008064, 33.7356859]]}, "properties": {"surface": "", "highway": "footway"}}, {"type": "Feature", "geometry": {"type": "LineString", "coordinates": [[-84.3983827, 33.7368418], [-84.3983878, 33.7364108], [-84.3983989, 33.7356956], [-84.398402, 33.7356847], [-84.3984195, 33.7356657]]}, "properties": {"surface": "", "highway": "footway"}}, {"type": "Feature", "geometry": {"type": "LineString", "coordinates": [[-84.3982789, 33.7368394], [-84.3982908, 33.7365765], [-84.3982997, 33.7361984]]}, "properties": {"surface": "", "highway": "footway"}}, {"type": "Feature", "geometry": {"type": "LineString", "coordinates": [[-84.3982997, 33.7361984], [-84.3982853, 33.7356736], [-84.3982821, 33.7356632], [-84.398273, 33.735653]]}, "properties": {"surface": "", "highway": "footway"}}, {"type": "Feature", "geometry": {"type": "LineString", "coordinates": [[-84.3983978, 33.7355973], [-84.3983926, 33.7354154], [-84.3984, 33.7350329]]}, "properties": {"surface": "", "highway": "footway"}}, {"type": "Feature", "geometry": {"type": "LineString", "coordinates": [[-84.3982875, 33.7355815], [-84.398294, 33.7352548], [-84.3983017, 33.7348539]]}, "properties": {"surface": "", "highway": "footway"}}, {"type": "Feature", "geometry": {"type": "LineString", "coordinates": [[-84.3984, 33.7350329], [-84.3984113, 33.7344185]]}, "properties": {"surface": "", "highway": "footway"}}, {"type": "Feature", "geometry": {"type": "LineString", "coordinates": [[-84.3983017, 33.7348539], [-84.3983032, 33.7342876]]}, "properties": {"surface": "", "highway": "footway"}}, {"type": "Feature", "geometry": {"type": "LineString", "coordinates": [[-84.3971361, 33.7368011], [-84.3971468, 33.7365209], [-84.39715, 33.7362192]]}, "properties": {"surface": "", "highway": "footway"}}, {"type": "Feature", "geometry": {"type": "LineString", "coordinates": [[-84.39715, 33.7362192], [-84.3971596, 33.7356416]]}, "properties": {"surface": "", "highway": "footway"}}, {"type": "Feature", "geometry": {"type": "LineString", "coordinates": [[-84.3969934, 33.7367963], [-84.3970052, 33.736424]]}, "properties": {"surface": "", "highway": "footway"}}, {"type": "Feature", "geometry": {"type": "LineString", "coordinates": [[-84.3970052, 33.736424], [-84.3970128, 33.735884]]}, "properties": {"surface": "", "highway": "footway"}}, {"type": "Feature", "geometry": {"type": "LineString", "coordinates": [[-84.3970128, 33.735884], [-84.397027, 33.7356747]]}, "properties": {"surface": "", "highway": "footway"}}, {"type": "Feature", "geometry": {"type": "LineString", "coordinates": [[-84.3971593, 33.735567], [-84.3971677, 33.7351592], [-84.3971702, 33.7345609]]}, "properties": {"surface": "", "highway": "footway"}}, {"type": "Feature", "geometry": {"type": "LineString", "coordinates": [[-84.3970265, 33.7355871], [-84.3970265, 33.7353178], [-84.3970434, 33.73457]]}, "properties": {"surface": "", "highway": "footway"}}, {"type": "Feature", "geometry": {"type": "LineString", "coordinates": [[-84.3970434, 33.73457], [-84.3970469, 33.7342093]]}, "properties": {"surface": "", "highway": "footway"}}, {"type": "Feature", "geometry": {"type": "LineString", "coordinates": [[-84.3971702, 33.7345609], [-84.3971755, 33.7343021]]}, "properties": {"surface": "", "highway": "footway"}}, {"type": "Feature", "geometry": {"type": "LineString", "coordinates": [[-84.3958957, 33.7367654], [-84.3958974, 33.7365447], [-84.3959028, 33.7363385], [-84.395907, 33.7361788], [-84.3959082, 33.7361326]]}, "properties": {"surface": "", "highway": "footway"}}, {"type": "Feature", "geometry": {"type": "LineString", "coordinates": [[-84.3959082, 33.7361326], [-84.3959096, 33.7360355], [-84.3959143, 33.7357037]]}, "properties": {"surface": "", "highway": "footway"}}, {"type": "Feature", "geometry": {"type": "LineString", "coordinates": [[-84.3957799, 33.7367629], [-84.3957795, 33.736337], [-84.3957911, 33.7361738]]}, "properties": {"surface": "", "highway": "footway"}}, {"type": "Feature", "geometry": {"type": "LineString", "coordinates": [[-84.3957911, 33.7361738], [-84.3958092, 33.7357184]]}, "properties": {"surface": "", "highway": "footway"}}, {"type": "Feature", "geometry": {"type": "LineString", "coordinates": [[-84.3959143, 33.7357037], [-84.3959171, 33.7356632]]}, "properties": {"surface": "", "highway": "footway"}}, {"type": "Feature", "geometry": {"type": "LineString", "coordinates": [[-84.3957964, 33.7356271], [-84.3957953, 33.7356162], [-84.3957982, 33.7356072], [-84.3958042, 33.7355906], [-84.3958154, 33.735575]]}, "properties": {"surface": "", "highway": "footway"}}, {"type": "Feature", "geometry": {"type": "LineString", "coordinates": [[-84.3959039, 33.7355677], [-84.3959086, 33.7355721], [-84.3959129, 33.735579], [-84.3959145, 33.7355858], [-84.3959148, 33.7355929]]}, "properties": {"surface": "", "highway": "footway"}}, {"type": "Feature", "geometry": {"type": "LineString", "coordinates": [[-84.3958154, 33.735575], [-84.3958176, 33.735287], [-84.3958203, 33.7350431]]}, "properties": {"surface": "", "highway": "footway"}}, {"type": "Feature", "geometry": {"type": "LineString", "coordinates": [[-84.3959039, 33.7355677], [-84.3959144, 33.7355245], [-84.3959168, 33.7353233], [-84.3959226, 33.7349105]]}, "properties": {"surface": "", "highway": "footway"}}, {"type": "Feature", "geometry": {"type": "LineString", "coordinates": [[-84.3958203, 33.7350431], [-84.3958264, 33.7345562], [-84.395833, 33.734152]]}, "properties": {"surface": "", "highway": "footway"}}, {"type": "Feature", "geometry": {"type": "LineString", "coordinates": [[-84.3959226, 33.7349105], [-84.3959246, 33.73457], [-84.3959274, 33.7340854]]}, "properties": {"surface": "", "highway": "footway"}}, {"type": "Feature", "geometry": {"type": "LineString", "coordinates": [[-84.3959274, 33.7340854], [-84.3959413, 33.7336345], [-84.39595, 33.7333738]]}, "properties": {"surface": "", "highway": "footway"}}, {"type": "Feature", "geometry": {"type": "LineString", "coordinates": [[-84.3958332, 33.7340755], [-84.3958416, 33.7337803], [-84.3958452, 33.7336013]]}, "properties": {"surface": "", "highway": "footway"}}, {"type": "Feature", "geometry": {"type": "LineString", "coordinates": [[-84.3958452, 33.7336013], [-84.3958468, 33.7333732]]}, "properties": {"surface": "", "highway": "footway"}}, {"type": "Feature", "geometry": {"type": "LineString", "coordinates": [[-84.4015957, 33.7356275], [-84.4013192, 33.7356249], [-84.401094, 33.7356256]]}, "properties": {"surface": "", "highway": "footway"}}, {"type": "Feature", "geometry": {"type": "LineString", "coordinates": [[-84.401094, 33.7356256], [-84.4009053, 33.7356261]]}, "properties": {"surface": "", "highway": "footway"}}, {"type": "Feature", "geometry": {"type": "LineString", "coordinates": [[-84.4009048, 33.7356928], [-84.4011926, 33.7356979], [-84.4012139, 33.7356967], [-84.4012168, 33.7356749], [-84.4012174, 33.7356546]]}, "properties": {"surface": "", "highway": "footway"}}, {"type": "Feature", "geometry": {"type": "LineString", "coordinates": [[-84.400804, 33.7356278], [-84.4005933, 33.7356247], [-84.4003817, 33.7356179], [-84.4000366, 33.7356106]]}, "properties": {"surface": "", "highway": "footway"}}, {"type": "Feature", "geometry": {"type": "LineString", "coordinates": [[-84.4008064, 33.7356859], [-84.4004968, 33.7356857], [-84.4000358, 33.7356884]]}, "properties": {"surface": "", "highway": "footway"}}, {"type": "Feature", "geometry": {"type": "LineString", "coordinates": [[-84.3999086, 33.7356073], [-84.3998794, 33.7356114], [-84.399798, 33.7356092], [-84.399545, 33.7356033], [-84.3992213, 33.7355999]]}, "properties": {"surface": "", "highway": "footway"}}, {"type": "Feature", "geometry": {"type": "LineString", "coordinates": [[-84.39908, 33.7355951], [-84.3983978, 33.7355973]]}, "properties": {"surface": "", "highway": "footway"}}, {"type": "Feature", "geometry": {"type": "LineString", "coordinates": [[-84.398273, 33.735653], [-84.3979936, 33.7356496], [-84.3975972, 33.7356446], [-84.3971596, 33.7356416]]}, "properties": {"surface": "", "highway": "footway"}}, {"type": "Feature", "geometry": {"type": "LineString", "coordinates": [[-84.3982875, 33.7355815], [-84.397995, 33.7355748], [-84.3972529, 33.7355729], [-84.3971593, 33.735567]]}, "properties": {"surface": "", "highway": "footway"}}, {"type": "Feature", "geometry": {"type": "LineString", "coordinates": [[-84.3970265, 33.7355871], [-84.3970053, 33.7355898], [-84.396944, 33.7355893], [-84.3964471, 33.7355877]]}, "properties": {"surface": "", "highway": "footway"}}, {"type": "Feature", "geometry": {"type": "LineString", "coordinates": [[-84.3964471, 33.7355877], [-84.3963683, 33.7355887], [-84.3962751, 33.7355882], [-84.3961047, 33.7355882], [-84.3959148, 33.7355929]]}, "properties": {"surface": "", "highway": "footway"}}, {"type": "Feature", "geometry": {"type": "LineString", "coordinates": [[-84.397027, 33.7356747], [-84.3970116, 33.7356582], [-84.3969928, 33.7356545], [-84.396966, 33.7356507], [-84.3968936, 33.7356494], [-84.3967157, 33.7356504], [-84.3965419, 33.7356527], [-84.3964137, 33.7356556]]}, "properties": {"surface": "", "highway": "footway"}}, {"type": "Feature", "geometry": {"type": "LineString", "coordinates": [[-84.3964137, 33.7356556], [-84.3959171, 33.7356632]]}, "properties": {"surface": "", "highway": "footway"}}, {"type": "Feature", "geometry": {"type": "LineString", "coordinates": [[-84.3957964, 33.7356271], [-84.3956215, 33.7356185], [-84.39521, 33.7356171]]}, "properties": {"surface": "", "highway": "footway"}}, {"type": "Feature", "geometry": {"type": "LineString", "coordinates": [[-84.39521, 33.7356171], [-84.3947076, 33.7356186]]}, "properties": {"surface": "", "highway": "footway"}}, {"type": "Feature", "geometry": {"type": "LineString", "coordinates": [[-84.3954516, 33.7356443], [-84.395452, 33.7356801], [-84.395447, 33.7357081], [-84.3952178, 33.7357042]]}, "properties": {"surface": "", "highway": "footway"}}, {"type": "Feature", "geometry": {"type": "LineString", "coordinates": [[-84.3952178, 33.7357042], [-84.3947087, 33.7357004]]}, "properties": {"surface": "", "highway": "footway"}}, {"type": "Feature", "geometry": {"type": "LineString", "coordinates": [[-84.3947076, 33.7356186], [-84.3947064, 33.7356144], [-84.3947037, 33.7356096], [-84.394701, 33.7356059], [-84.3946977, 33.7356023]]}, "properties": {"surface": "", "highway": "footway"}}, {"type": "Feature", "geometry": {"type": "LineString", "coordinates": [[-84.3945656, 33.7356056], [-84.394558, 33.7356119], [-84.3945535, 33.7356155], [-84.3945506, 33.73562]]}, "properties": {"surface": "", "highway": "footway"}}, {"type": "Feature", "geometry": {"type": "LineString", "coordinates": [[-84.3945506, 33.73562], [-84.3944855, 33.7356204], [-84.3942415, 33.7356156]]}, "properties": {"surface": "", "highway": "footway"}}, {"type": "Feature", "geometry": {"type": "LineString", "coordinates": [[-84.3942415, 33.7356156], [-84.3938396, 33.7356112], [-84.3935618, 33.7356025]]}, "properties": {"surface": "", "highway": "footway"}}, {"type": "Feature", "geometry": {"type": "LineString", "coordinates": [[-84.3940571, 33.7356939], [-84.3938064, 33.7356918], [-84.3935637, 33.7356875]]}, "properties": {"surface": "", "highway": "footway"}}, {"type": "Feature", "geometry": {"type": "LineString", "coordinates": [[-84.3934393, 33.7356849], [-84.3934388, 33.7356576], [-84.3934382, 33.7355965]]}, "properties": {"surface": "", "highway": "footway"}}, {"type": "Feature", "geometry": {"type": "LineString", "coordinates": [[-84.3990876, 33.7344488], [-84.3990813, 33.734432], [-84.399069, 33.7344201], [-84.3990536, 33.7344155], [-84.3989499, 33.7344167], [-84.3984113, 33.7344185]]}, "properties": {"surface": "", "highway": "footway"}}, {"type": "Feature", "geometry": {"type": "LineString", "coordinates": [[-84.3983032, 33.7342876], [-84.3980478, 33.7342917], [-84.3972865, 33.7342924], [-84.3971755, 33.7343021]]}, "properties": {"surface": "", "highway": "footway"}}, {"type": "Feature", "geometry": {"type": "LineString", "coordinates": [[-84.3971744, 33.7342137], [-84.3971981, 33.7342268], [-84.3972115, 33.7342289], [-84.3973091, 33.7342285], [-84.3974562, 33.7342305], [-84.3977268, 33.73423]]}, "properties": {"surface": "", "highway": "footway"}}, {"type": "Feature", "geometry": {"type": "LineString", "coordinates": [[-84.3977268, 33.73423], [-84.3983028, 33.7342239]]}, "properties": {"surface": "", "highway": "footway"}}, {"type": "Feature", "geometry": {"type": "LineString", "coordinates": [[-84.395833, 33.734152], [-84.3954753, 33.7341473], [-84.3949585, 33.7341304], [-84.3945521, 33.7341326]]}, "properties": {"surface": "", "highway": "footway"}}, {"type": "Feature", "geometry": {"type": "LineString", "coordinates": [[-84.3958332, 33.7340755], [-84.3957863, 33.7340746], [-84.3956527, 33.7340767], [-84.3954905, 33.7340759], [-84.3950241, 33.7340746]]}, "properties": {"surface": "", "highway": "footway"}}, {"type": "Feature", "geometry": {"type": "LineString", "coordinates": [[-84.3950241, 33.7340746], [-84.3945734, 33.73407], [-84.3945464, 33.7340665], [-84.3945241, 33.7340571]]}, "properties": {"surface": "", "highway": "footway"}}, {"type": "Feature", "geometry": {"type": "LineString", "coordinates": [[-84.3944245, 33.734159], [-84.3943942, 33.7340897]]}, "properties": {"surface": "", "highway": "footway"}}, {"type": "Feature", "geometry": {"type": "LineString", "coordinates": [[-84.3977825, 33.7324236], [-84.3972206, 33.7324196]]}, "properties": {"surface": "", "highway": "footway"}}, {"type": "Feature", "geometry": {"type": "LineString", "coordinates": [[-84.3977172, 33.7323083], [-84.3973308, 33.7323112], [-84.3970984, 33.7323076]]}, "properties": {"surface": "", "highway": "footway"}}, {"type": "Feature", "geometry": {"type": "LineString", "coordinates": [[-84.3970851, 33.7324164], [-84.3964898, 33.7324187], [-84.3957508, 33.732411]]}, "properties": {"surface": "", "highway": "footway"}}, {"type": "Feature", "geometry": {"type": "LineString", "coordinates": [[-84.3957508, 33.732411], [-84.3954058, 33.7324112], [-84.3953942, 33.7323933], [-84.3953861, 33.7323732], [-84.3953824, 33.7323405]]}, "properties": {"surface": "", "highway": "footway"}}, {"type": "Feature", "geometry": {"type": "LineString", "coordinates": [[-84.3970984, 33.7323076], [-84.396164, 33.7322986], [-84.395085, 33.7322892]]}, "properties": {"surface": "", "highway": "footway"}}, {"type": "Feature", "geometry": {"type": "LineString", "coordinates": [[-84.395085, 33.7322892], [-84.3941724, 33.7322898]]}, "properties": {"surface": "", "highway": "footway"}}, {"type": "Feature", "geometry": {"type": "LineString", "coordinates": [[-84.3941724, 33.7322898], [-84.3937919, 33.7322886]]}, "properties": {"surface": "", "highway": "footway"}}, {"type": "Feature", "geometry": {"type": "LineString", "coordinates": [[-84.3972206, 33.7324196], [-84.397216, 33.7325713], [-84.3972, 33.7330286], [-84.3971886, 33.7333488]]}, "properties": {"surface": "", "highway": "footway"}}, {"type": "Feature", "geometry": {"type": "LineString", "coordinates": [[-84.3970851, 33.7324164], [-84.397065, 33.733277]]}, "properties": {"surface": "", "highway": "footway"}}, {"type": "Feature", "geometry": {"type": "LineString", "coordinates": [[-84.3970664, 33.7333752], [-84.3970596, 33.7338245], [-84.3970469, 33.7342093]]}, "properties": {"surface": "", "highway": "footway"}}, {"type": "Feature", "geometry": {"type": "LineString", "coordinates": [[-84.3971744, 33.7342137], [-84.3971703, 33.7341851], [-84.3971727, 33.7341511], [-84.3971836, 33.7339211], [-84.3971886, 33.7333488]]}, "properties": {"surface": "", "highway": "footway"}}, {"type": "Feature", "geometry": {"type": "LineString", "coordinates": [[-84.3984106, 33.734353], [-84.398413, 33.7342374], [-84.3984158, 33.7340668], [-84.3984194, 33.7338937]]}, "properties": {"surface": "", "highway": "footway"}}, {"type": "Feature", "geometry": {"type": "LineString", "coordinates": [[-84.3983028, 33.7342239], [-84.3983064, 33.7339928], [-84.3983138, 33.7335681]]}, "properties": {"surface": "", "highway": "footway"}}, {"type": "Feature", "geometry": {"type": "LineString", "coordinates": [[-84.3984194, 33.7338937], [-84.398432, 33.7335713], [-84.3984318, 33.7335599], [-84.398428, 33.7333831], [-84.3984217, 33.7333251], [-84.3984137, 33.7332746]]}, "properties": {"surface": "", "highway": "footway"}}, {"type": "Feature", "geometry": {"type": "LineString", "coordinates": [[-84.3983138, 33.7335681], [-84.3983197, 33.7334085], [-84.3983156, 33.733376], [-84.3983115, 33.7333291], [-84.3983017, 33.7332817]]}, "properties": {"surface": "", "highway": "footway"}}, {"type": "Feature", "geometry": {"type": "LineString", "coordinates": [[-84.3977172, 33.7323083], [-84.3976204, 33.7321315], [-84.397454, 33.7318746]]}, "properties": {"surface": "", "highway": "footway"}}, {"type": "Feature", "geometry": {"type": "LineString", "coordinates": [[-84.397454, 33.7318746], [-84.3974039, 33.7318747], [-84.3973151, 33.7318741], [-84.39694, 33.7318686], [-84.3955256, 33.7318501]]}, "properties": {"surface": "", "highway": "footway"}}, {"type": "Feature", "geometry": {"type": "LineString", "coordinates": [[-84.3974539, 33.7317863], [-84.3968924, 33.7317741], [-84.3960412, 33.7317619]]}, "properties": {"surface": "", "highway": "footway"}}, {"type": "Feature", "geometry": {"type": "LineString", "coordinates": [[-84.3960412, 33.7317619], [-84.3951882, 33.7317617]]}, "properties": {"surface": "", "highway": "footway"}}, {"type": "Feature", "geometry": {"type": "LineString", "coordinates": [[-84.3935984, 33.7318399], [-84.3940702, 33.7318365], [-84.3942745, 33.7318405], [-84.394325, 33.7318415], [-84.3943412, 33.7318208], [-84.3943572, 33.7317874]]}, "properties": {"surface": "", "highway": "footway"}}, {"type": "Feature", "geometry": {"type": "LineString", "coordinates": [[-84.3951882, 33.7317617], [-84.3947194, 33.7317595], [-84.3939162, 33.7317539]]}, "properties": {"surface": "", "highway": "footway"}}, {"type": "Feature", "geometry": {"type": "LineString", "coordinates": [[-84.3939162, 33.7317539], [-84.3935545, 33.7317432]]}, "properties": {"surface": "", "highway": "footway"}}, {"type": "Feature", "geometry": {"type": "LineString", "coordinates": [[-84.3955256, 33.7318501], [-84.3955226, 33.7318294], [-84.3955257, 33.7318032]]}, "properties": {"surface": "", "highway": "footway"}}, {"type": "Feature", "geometry": {"type": "LineString", "coordinates": [[-84.4016455, 33.7319552], [-84.4014544, 33.7319526], [-84.4011776, 33.7319507]]}, "properties": {"surface": "", "highway": "footway"}}, {"type": "Feature", "geometry": {"type": "LineString", "coordinates": [[-84.4011776, 33.7319507], [-84.4009804, 33.7319524]]}, "properties": {"surface": "", "highway": "footway"}}, {"type": "Feature", "geometry": {"type": "LineString", "coordinates": [[-84.4016423, 33.7318885], [-84.4014498, 33.7318875], [-84.4011301, 33.7318846], [-84.4008511, 33.7318777]]}, "properties": {"surface": "", "highway": "footway"}}, {"type": "Feature", "geometry": {"type": "LineString", "coordinates": [[-84.4017737, 33.7318778], [-84.4021352, 33.7318721], [-84.4025476, 33.7318709]]}, "properties": {"surface": "", "highway": "footway"}}, {"type": "Feature", "geometry": {"type": "LineString", "coordinates": [[-84.402642, 33.7318726], [-84.4030437, 33.7318728]]}, "properties": {"surface": "", "highway": "footway"}}, {"type": "Feature", "geometry": {"type": "LineString", "coordinates": [[-84.4031285, 33.731873], [-84.403809, 33.731868]]}, "properties": {"surface": "", "highway": "footway"}}, {"type": "Feature", "geometry": {"type": "LineString", "coordinates": [[-84.4017739, 33.7320081], [-84.4021055, 33.7320174], [-84.4022816, 33.7320189], [-84.4026606, 33.7320222]]}, "properties": {"surface": "", "highway": "footway"}}, {"type": "Feature", "geometry": {"type": "LineString", "coordinates": [[-84.4026606, 33.7320222], [-84.4035168, 33.7320291], [-84.4036889, 33.7320176], [-84.4037051, 33.7320149], [-84.4037154, 33.7320121], [-84.4037314, 33.7320052]]}, "properties": {"surface": "", "highway": "footway"}}, {"type": "Feature", "geometry": {"type": "LineString", "coordinates": [[-84.4017739, 33.7320081], [-84.4017701, 33.7322457], [-84.4017655, 33.7324199]]}, "properties": {"surface": "", "highway": "footway"}}, {"type": "Feature", "geometry": {"type": "LineString", "coordinates": [[-84.4016455, 33.7319552], [-84.4016464, 33.7319901], [-84.4016459, 33.732049], [-84.4016364, 33.7321646], [-84.4016286, 33.7324639]]}, "properties": {"surface": "", "highway": "footway"}}, {"type": "Feature", "geometry": {"type": "LineString", "coordinates": [[-84.4017655, 33.7324199], [-84.4017476, 33.7331963], [-84.4017426, 33.7334097]]}, "properties": {"surface": "", "highway": "footway"}}, {"type": "Feature", "geometry": {"type": "LineString", "coordinates": [[-84.4016286, 33.7324639], [-84.4016192, 33.7328927], [-84.4016121, 33.7331384]]}, "properties": {"surface": "", "highway": "footway"}}, {"type": "Feature", "geometry": {"type": "LineString", "coordinates": [[-84.4016105, 33.7332121], [-84.4016121, 33.7334542], [-84.4016036, 33.7337651]]}, "properties": {"surface": "", "highway": "footway"}}, {"type": "Feature", "geometry": {"type": "LineString", "coordinates": [[-84.4017426, 33.7334097], [-84.401747, 33.7337388]]}, "properties": {"surface": "", "highway": "footway"}}, {"type": "Feature", "geometry": {"type": "LineString", "coordinates": [[-84.401747, 33.7337388], [-84.4017308, 33.734369]]}, "properties": {"surface": "", "highway": "footway"}}, {"type": "Feature", "geometry": {"type": "LineString", "coordinates": [[-84.4016036, 33.7337651], [-84.4015938, 33.7344805]]}, "properties": {"surface": "", "highway": "footway"}}, {"type": "Feature", "geometry": {"type": "LineString", "coordinates": [[-84.4017279, 33.7344912], [-84.401725, 33.7347252], [-84.4016846, 33.7347271], [-84.4016623, 33.7347243]]}, "properties": {"surface": "", "highway": "footway"}}, {"type": "Feature", "geometry": {"type": "LineString", "coordinates": [[-84.4015708, 33.7369147], [-84.4015742, 33.7365702]]}, "properties": {"surface": "", "highway": "footway"}}, {"type": "Feature", "geometry": {"type": "LineString", "coordinates": [[-84.4015742, 33.7365702], [-84.4015839, 33.7362451], [-84.4015918, 33.7359775]]}, "properties": {"surface": "", "highway": "footway"}}, {"type": "Feature", "geometry": {"type": "LineString", "coordinates": [[-84.401711, 33.7369195], [-84.4017202, 33.7365379], [-84.4017234, 33.7359746]]}, "properties": {"surface": "", "highway": "footway"}}, {"type": "Feature", "geometry": {"type": "LineString", "coordinates": [[-84.4015918, 33.7359775], [-84.4015968, 33.7356954]]}, "properties": {"surface": "", "highway": "footway"}}, {"type": "Feature", "geometry": {"type": "LineString", "coordinates": [[-84.4017234, 33.7359746], [-84.4017211, 33.7356955], [-84.4017207, 33.7356521]]}, "properties": {"surface": "", "highway": "footway"}}, {"type": "Feature", "geometry": {"type": "LineString", "coordinates": [[-84.4015957, 33.7356275], [-84.4015953, 33.7354768], [-84.401601, 33.7350364]]}, "properties": {"surface": "", "highway": "footway"}}, {"type": "Feature", "geometry": {"type": "LineString", "coordinates": [[-84.4017207, 33.7356521], [-84.4017276, 33.7354139], [-84.4017239, 33.7350894]]}, "properties": {"surface": "", "highway": "footway"}}, {"type": "Feature", "geometry": {"type": "LineString", "coordinates": [[-84.3946898, 33.7367404], [-84.3946883, 33.7366435], [-84.3946941, 33.7364881]]}, "properties": {"surface": "", "highway": "footway"}}, {"type": "Feature", "geometry": {"type": "LineString", "coordinates": [[-84.3945246, 33.7367354], [-84.3945447, 33.7364502], [-84.3945524, 33.7356952]]}, "properties": {"surface": "", "highway": "footway"}}, {"type": "Feature", "geometry": {"type": "LineString", "coordinates": [[-84.3946941, 33.7364881], [-84.3947052, 33.7361292], [-84.3947087, 33.7357004]]}, "properties": {"surface": "", "highway": "footway"}}, {"type": "Feature", "geometry": {"type": "LineString", "coordinates": [[-84.3946977, 33.7356023], [-84.3947066, 33.7353369], [-84.3947127, 33.7347535]]}, "properties": {"surface": "", "highway": "footway"}}, {"type": "Feature", "geometry": {"type": "LineString", "coordinates": [[-84.3945656, 33.7356056], [-84.3945652, 33.735444], [-84.3945646, 33.7351488]]}, "properties": {"surface": "", "highway": "footway"}}, {"type": "Feature", "geometry": {"type": "LineString", "coordinates": [[-84.3945646, 33.7351488], [-84.3945624, 33.734842], [-84.3945612, 33.7346687]]}, "properties": {"surface": "", "highway": "footway"}}, {"type": "Feature", "geometry": {"type": "LineString", "coordinates": [[-84.3945612, 33.7346687], [-84.3945316, 33.7344863], [-84.3944822, 33.73433], [-84.3944245, 33.734159]]}, "properties": {"surface": "", "highway": "footway"}}, {"type": "Feature", "geometry": {"type": "LineString", "coordinates": [[-84.3947127, 33.7347535], [-84.3947126, 33.7345907], [-84.3946679, 33.7344405], [-84.3946017, 33.7342487], [-84.3945521, 33.7341326]]}, "properties": {"surface": "", "highway": "footway"}}, {"type": "Feature", "geometry": {"type": "LineString", "coordinates": [[-84.3945241, 33.7340571], [-84.3944611, 33.7338951], [-84.3942471, 33.7333711]]}, "properties": {"surface": "", "highway": "footway"}}, {"type": "Feature", "geometry": {"type": "LineString", "coordinates": [[-84.3943942, 33.7340897], [-84.3943338, 33.733947], [-84.3941645, 33.7335623], [-84.3940795, 33.7333751]]}, "properties": {"surface": "", "highway": "footway"}}, {"type": "Feature", "geometry": {"type": "LineString", "coordinates": [[-84.3934077, 33.7367281], [-84.3934234, 33.736073], [-84.3934393, 33.7356849]]}, "properties": {"surface": "", "highway": "footway"}}, {"type": "Feature", "geometry": {"type": "LineString", "coordinates": [[-84.3935608, 33.7367287], [-84.3935557, 33.73644]]}, "properties": {"surface": "", "highway": "footway"}}, {"type": "Feature", "geometry": {"type": "LineString", "coordinates": [[-84.3935557, 33.73644], [-84.3935551, 33.7363243], [-84.3935593, 33.736217], [-84.393564, 33.7357427], [-84.3935637, 33.7356875]]}, "properties": {"surface": "", "highway": "footway"}}, {"type": "Feature", "geometry": {"type": "LineString", "coordinates": [[-84.3935618, 33.7356025], [-84.3935617, 33.7353991], [-84.3935791, 33.7345772]]}, "properties": {"surface": "", "highway": "footway"}}, {"type": "Feature", "geometry": {"type": "LineString", "coordinates": [[-84.3934382, 33.7355965], [-84.3934415, 33.7353787], [-84.3934585, 33.7348646]]}, "properties": {"surface": "", "highway": "footway"}}, {"type": "Feature", "geometry": {"type": "LineString", "coordinates": [[-84.3934585, 33.7348646], [-84.3934459, 33.7348609], [-84.3934303, 33.7348592], [-84.3934161, 33.7348556], [-84.3933998, 33.7348499], [-84.3933844, 33.7348317], [-84.3933813, 33.7347637], [-84.3933829, 33.7346984], [-84.3933878, 33.734644], [-84.3934007, 33.7346198], [-84.3934152, 33.7346045], [-84.3934656, 33.7345618]]}, "properties": {"surface": "", "highway": "footway"}}, {"type": "Feature", "geometry": {"type": "LineString", "coordinates": [[-84.3934656, 33.7345618], [-84.3934657, 33.7344173], [-84.3934658, 33.7342558], [-84.3934902, 33.7335217]]}, "properties": {"surface": "", "highway": "footway"}}, {"type": "Feature", "geometry": {"type": "LineString", "coordinates": [[-84.3935791, 33.7345772], [-84.3935865, 33.7342442], [-84.3935879, 33.7341847], [-84.3935939, 33.7338202], [-84.3935984, 33.7335498]]}, "properties": {"surface": "", "highway": "footway"}}, {"type": "Feature", "geometry": {"type": "LineString", "coordinates": [[-84.3935984, 33.7335498], [-84.3936065, 33.7333749]]}, "properties": {"surface": "", "highway": "footway"}}, {"type": "Feature", "geometry": {"type": "LineString", "coordinates": [[-84.3934902, 33.7335217], [-84.3934868, 33.7333719]]}, "properties": {"surface": "", "highway": "footway"}}, {"type": "Feature", "geometry": {"type": "LineString", "coordinates": [[-84.3935042, 33.7332683], [-84.3932976, 33.7332651], [-84.3930115, 33.7332659]]}, "properties": {"surface": "", "highway": "footway"}}, {"type": "Feature", "geometry": {"type": "LineString", "coordinates": [[-84.3930218, 33.7333027], [-84.3930135, 33.7332855], [-84.3930105, 33.7332761], [-84.3930115, 33.7332659]]}, "properties": {"surface": "", "highway": "footway"}}, {"type": "Feature", "geometry": {"type": "LineString", "coordinates": [[-84.3934868, 33.7333719], [-84.3934194, 33.7333613], [-84.393279, 33.7333593], [-84.3931032, 33.7333623], [-84.3929547, 33.7333709], [-84.3929011, 33.7333865], [-84.3928492, 33.7334081], [-84.3927777, 33.7334651]]}, "properties": {"surface": "", "highway": "footway"}}, {"type": "Feature", "geometry": {"type": "LineString", "coordinates": [[-84.3927777, 33.7334651], [-84.3927431, 33.7335104], [-84.3927249, 33.7335499], [-84.3927093, 33.7336259], [-84.3927005, 33.7337342], [-84.392695, 33.733916]]}, "properties": {"surface": "", "highway": "footway"}}, {"type": "Feature", "geometry": {"type": "LineString", "coordinates": [[-84.392695, 33.733916], [-84.3926879, 33.7343509], [-84.3926817, 33.7349405]]}, "properties": {"surface": "", "highway": "footway"}}, {"type": "Feature", "geometry": {"type": "LineString", "coordinates": [[-84.3926817, 33.7349405], [-84.3926778, 33.7353117], [-84.3926784, 33.7357255], [-84.3926739, 33.7360997]]}, "properties": {"surface": "", "highway": "footway"}}, {"type": "Feature", "geometry": {"type": "LineString", "coordinates": [[-84.3926739, 33.7360997], [-84.3926714, 33.7366003]]}, "properties": {"surface": "", "highway": "footway"}}, {"type": "Feature", "geometry": {"type": "LineString", "coordinates": [[-84.3970664, 33.7333752], [-84.3968454, 33.7333747], [-84.3962407, 33.7333667], [-84.39595, 33.7333738]]}, "properties": {"surface": "", "highway": "footway"}}, {"type": "Feature", "geometry": {"type": "LineString", "coordinates": [[-84.397065, 33.733277], [-84.3967903, 33.7332736], [-84.3961084, 33.7332717], [-84.3957927, 33.733271]]}, "properties": {"surface": "", "highway": "footway"}}, {"type": "Feature", "geometry": {"type": "LineString", "coordinates": [[-84.3957927, 33.733271], [-84.3948354, 33.7332567], [-84.3941813, 33.7332468]]}, "properties": {"surface": "", "highway": "footway"}}, {"type": "Feature", "geometry": {"type": "LineString", "coordinates": [[-84.3958468, 33.7333732], [-84.3955339, 33.7333708], [-84.3949084, 33.7333677]]}, "properties": {"surface": "", "highway": "footway"}}, {"type": "Feature", "geometry": {"type": "LineString", "coordinates": [[-84.3949084, 33.7333677], [-84.3942471, 33.7333711]]}, "properties": {"surface": "", "highway": "footway"}}, {"type": "Feature", "geometry": {"type": "LineString", "coordinates": [[-84.3940795, 33.7333751], [-84.3936065, 33.7333749]]}, "properties": {"surface": "", "highway": "footway"}}, {"type": "Feature", "geometry": {"type": "LineString", "coordinates": [[-84.3940249, 33.7332498], [-84.393921, 33.7332533], [-84.393761, 33.7332562], [-84.3936319, 33.7332589]]}, "properties": {"surface": "", "highway": "footway"}}, {"type": "Feature", "geometry": {"type": "LineString", "coordinates": [[-84.3940249, 33.7332498], [-84.3939569, 33.7330704], [-84.3939085, 33.7329595], [-84.3938649, 33.7328516], [-84.393846, 33.7328104], [-84.3938271, 33.7327859], [-84.3938024, 33.732781], [-84.3937764, 33.732779], [-84.393754, 33.7327878], [-84.3937375, 33.7328006], [-84.3937304, 33.7328183], [-84.393721, 33.7328467], [-84.3937092, 33.7328879], [-84.3936903, 33.7330027]]}, "properties": {"surface": "", "highway": "footway"}}, {"type": "Feature", "geometry": {"type": "LineString", "coordinates": [[-84.3936903, 33.7330027], [-84.3936319, 33.7332589]]}, "properties": {"surface": "", "highway": "footway"}}, {"type": "Feature", "geometry": {"type": "LineString", "coordinates": [[-84.3935042, 33.7332683], [-84.3935756, 33.7327949], [-84.3935595, 33.7324676]]}, "properties": {"surface": "", "highway": "footway"}}, {"type": "Feature", "geometry": {"type": "LineString", "coordinates": [[-84.3941813, 33.7332468], [-84.3941126, 33.7330704], [-84.3940733, 33.732977], [-84.3939423, 33.7326652], [-84.393895, 33.7325363], [-84.3938529, 33.7324312], [-84.3938536, 33.732398]]}, "properties": {"surface": "", "highway": "footway"}}, {"type": "Feature", "geometry": {"type": "LineString", "coordinates": [[-84.3937919, 33.7322886], [-84.3937261, 33.7322562], [-84.3937003, 33.732228], [-84.3936532, 33.7320582], [-84.3935984, 33.7318399]]}, "properties": {"surface": "", "highway": "footway"}}, {"type": "Feature", "geometry": {"type": "LineString", "coordinates": [[-84.3935595, 33.7324676], [-84.3935357, 33.7323792], [-84.3935113, 33.7323157], [-84.3934825, 33.7322426], [-84.3934622, 33.732187], [-84.393429, 33.7321076], [-84.393372, 33.7319706], [-84.3932981, 33.7317739]]}, "properties": {"surface": "", "highway": "footway"}}, {"type": "Feature", "geometry": {"type": "LineString", "coordinates": [[-84.3928113, 33.7305858], [-84.3931659, 33.731463], [-84.3932981, 33.7317739]]}, "properties": {"surface": "", "highway": "footway"}}, {"type": "Feature", "geometry": {"type": "LineString", "coordinates": [[-84.4023933, 33.7369444], [-84.401711, 33.7369195]]}, "properties": {"surface": "", "highway": "footway"}}, {"type": "Feature", "geometry": {"type": "LineString", "coordinates": [[-84.4015708, 33.7369147], [-84.4015402, 33.736941]]}, "properties": {"surface": "", "highway": "footway"}}, {"type": "Feature", "geometry": {"type": "LineString", "coordinates": [[-84.4015356, 33.7371163], [-84.4009053, 33.7371057]]}, "properties": {"surface": "", "highway": "footway"}}, {"type": "Feature", "geometry": {"type": "LineString", "coordinates": [[-84.4015402, 33.736941], [-84.4008898, 33.7369171]]}, "properties": {"surface": "", "highway": "footway"}}, {"type": "Feature", "geometry": {"type": "LineString", "coordinates": [[-84.4008004, 33.7371027], [-84.4000487, 33.737095]]}, "properties": {"surface": "", "highway": "footway"}}, {"type": "Feature", "geometry": {"type": "LineString", "coordinates": [[-84.4008056, 33.7369151], [-84.400046, 33.7368819]]}, "properties": {"surface": "", "highway": "footway"}}, {"type": "Feature", "geometry": {"type": "LineString", "coordinates": [[-84.3998869, 33.7370891], [-84.3992349, 33.7370729]]}, "properties": {"surface": "", "highway": "footway"}}, {"type": "Feature", "geometry": {"type": "LineString", "coordinates": [[-84.3998941, 33.736876], [-84.3996976, 33.7368718], [-84.3991908, 33.7368537]]}, "properties": {"surface": "", "highway": "footway"}}, {"type": "Feature", "geometry": {"type": "LineString", "coordinates": [[-84.3991196, 33.7370635], [-84.3987052, 33.7370453], [-84.3984871, 33.7370357], [-84.3983838, 33.7370312]]}, "properties": {"surface": "", "highway": "footway"}}, {"type": "Feature", "geometry": {"type": "LineString", "coordinates": [[-84.3990587, 33.7368516], [-84.3990137, 33.7368582], [-84.3989696, 33.7368627], [-84.3989242, 33.7368627], [-84.3983827, 33.7368418]]}, "properties": {"surface": "", "highway": "footway"}}, {"type": "Feature", "geometry": {"type": "LineString", "coordinates": [[-84.3982752, 33.7370312], [-84.3971341, 33.7370096]]}, "properties": {"surface": "", "highway": "footway"}}, {"type": "Feature", "geometry": {"type": "LineString", "coordinates": [[-84.3982789, 33.7368394], [-84.3979704, 33.7368301], [-84.3971361, 33.7368011]]}, "properties": {"surface": "", "highway": "footway"}}, {"type": "Feature", "geometry": {"type": "LineString", "coordinates": [[-84.3969894, 33.7370069], [-84.3965633, 33.7369933], [-84.3958957, 33.7369739]]}, "properties": {"surface": "", "highway": "footway"}}, {"type": "Feature", "geometry": {"type": "LineString", "coordinates": [[-84.3969934, 33.7367963], [-84.3966567, 33.7367868], [-84.3958957, 33.7367654]]}, "properties": {"surface": "", "highway": "footway"}}, {"type": "Feature", "geometry": {"type": "LineString", "coordinates": [[-84.3957777, 33.7369695], [-84.3946859, 33.7369373]]}, "properties": {"surface": "", "highway": "footway"}}, {"type": "Feature", "geometry": {"type": "LineString", "coordinates": [[-84.3957799, 33.7367629], [-84.3953272, 33.7367538], [-84.3951011, 33.7367492], [-84.3946898, 33.7367404]]}, "properties": {"surface": "", "highway": "footway"}}, {"type": "Feature", "geometry": {"type": "LineString", "coordinates": [[-84.394521, 33.7369319], [-84.3939895, 33.7369307], [-84.3935568, 33.7369298]]}, "properties": {"surface": "", "highway": "footway"}}, {"type": "Feature", "geometry": {"type": "LineString", "coordinates": [[-84.3945246, 33.7367354], [-84.3943874, 33.7367344], [-84.394106, 33.7367325], [-84.3939967, 33.7367317], [-84.3937902, 33.7367303], [-84.3935608, 33.7367287]]}, "properties": {"surface": "", "highway": "footway"}}, {"type": "Feature", "geometry": {"type": "LineString", "coordinates": [[-84.3934077, 33.7367281], [-84.3933569, 33.7367375], [-84.3933037, 33.7367364], [-84.3932444, 33.7367352], [-84.3927443, 33.7367042]]}, "properties": {"surface": "", "highway": "footway"}}, {"type": "Feature", "geometry": {"type": "LineString", "coordinates": [[-84.3934057, 33.7369298], [-84.393286, 33.7369306], [-84.3929937, 33.7369325], [-84.3929205, 33.7369426], [-84.3928722, 33.7369537], [-84.3928294, 33.7369739], [-84.3927557, 33.7370188]]}, "properties": {"surface": "", "highway": "footway"}}, {"type": "Feature", "geometry": {"type": "LineString", "coordinates": [[-84.3927557, 33.7370188], [-84.3927093, 33.7371249], [-84.3927003, 33.7373123], [-84.3927003, 33.7375784], [-84.3926673, 33.7378522], [-84.3926251, 33.7381052], [-84.3926056, 33.7382306]]}, "properties": {"surface": "", "highway": "footway"}}, {"type": "Feature", "geometry": {"type": "LineString", "coordinates": [[-84.3926056, 33.7382306], [-84.3925922, 33.7384078], [-84.392585, 33.7385623], [-84.3925675, 33.7387394], [-84.3925429, 33.7390017], [-84.3925105, 33.7393103], [-84.3925007, 33.7394636]]}, "properties": {"surface": "", "highway": "footway"}}, {"type": "Feature", "geometry": {"type": "LineString", "coordinates": [[-84.3925007, 33.7394636], [-84.3924924, 33.7398555], [-84.3924877, 33.7402204], [-84.3924933, 33.7404286], [-84.3924986, 33.740683]]}, "properties": {"surface": "", "highway": "footway"}}, {"type": "Feature", "geometry": {"type": "LineString", "coordinates": [[-84.3822634, 33.736826], [-84.3822634, 33.7368384]]}, "properties": {"surface": "", "highway": "footway"}}, {"type": "Feature", "geometry": {"type": "LineString", "coordinates": [[-84.3809345, 33.7343828], [-84.3809705, 33.734382]]}, "properties": {"surface": "", "highway": "footway"}}, {"type": "Feature", "geometry": {"type": "LineString", "coordinates": [[-84.4015356, 33.7371163], [-84.4015279, 33.7373539], [-84.4015263, 33.7377136], [-84.4015234, 33.7380882]]}, "properties": {"surface": "", "highway": "footway"}}, {"type": "Feature", "geometry": {"type": "LineString", "coordinates": [[-84.4017592, 33.7380812], [-84.4017511, 33.7380642], [-84.4017522, 33.7380171], [-84.401755, 33.7378964], [-84.4017644, 33.7371614], [-84.401764, 33.7371437], [-84.4017713, 33.7371322], [-84.4017816, 33.7371246], [-84.4020431, 33.7371365], [-84.402096, 33.737138]]}, "properties": {"surface": "", "highway": "footway"}}, {"type": "Feature", "geometry": {"type": "LineString", "coordinates": [[-84.401808, 33.7382057], [-84.4019628, 33.7385792], [-84.4021084, 33.7389749]]}, "properties": {"surface": "", "highway": "footway"}}, {"type": "Feature", "geometry": {"type": "LineString", "coordinates": [[-84.4015532, 33.738213], [-84.4015684, 33.7382522], [-84.4015791, 33.7382973], [-84.4015762, 33.7383364], [-84.4015765, 33.7383571], [-84.4015831, 33.7383764], [-84.4016557, 33.7385676], [-84.401793, 33.7389228]]}, "properties": {"surface": "", "highway": "footway"}}, {"type": "Feature", "geometry": {"type": "LineString", "coordinates": [[-84.401793, 33.7389228], [-84.4020004, 33.7394728]]}, "properties": {"surface": "", "highway": "footway"}}, {"type": "Feature", "geometry": {"type": "LineString", "coordinates": [[-84.4021084, 33.7389749], [-84.4022643, 33.7394304]]}, "properties": {"surface": "", "highway": "footway"}}, {"type": "Feature", "geometry": {"type": "LineString", "coordinates": [[-84.4023905, 33.7403353], [-84.4023633, 33.7403441], [-84.4023299, 33.740349], [-84.4023034, 33.7402765], [-84.4022715, 33.7401969], [-84.402331, 33.740177]]}, "properties": {"surface": "", "highway": "footway"}}, {"type": "Feature", "geometry": {"type": "LineString", "coordinates": [[-84.4022715, 33.7401969], [-84.4020671, 33.7396243], [-84.4020004, 33.7394728], [-84.4020659, 33.7394598]]}, "properties": {"surface": "", "highway": "footway"}}, {"type": "Feature", "geometry": {"type": "LineString", "coordinates": [[-84.4022643, 33.7394304], [-84.4022845, 33.7394715]]}, "properties": {"surface": "", "highway": "footway"}}, {"type": "Feature", "geometry": {"type": "LineString", "coordinates": [[-84.4021172, 33.7396154], [-84.4020671, 33.7396243]]}, "properties": {"surface": "", "highway": "footway"}}, {"type": "Feature", "geometry": {"type": "LineString", "coordinates": [[-84.4023309, 33.7395857], [-84.4025429, 33.7400759], [-84.4025462, 33.7401119], [-84.4025223, 33.7401148], [-84.4024948, 33.7401263]]}, "properties": {"surface": "", "highway": "footway"}}, {"type": "Feature", "geometry": {"type": "LineString", "coordinates": [[-84.4009053, 33.7371057], [-84.4008978, 33.7371284], [-84.4008981, 33.7371536], [-84.4008976, 33.7375078], [-84.4008959, 33.73809], [-84.4008876, 33.7380987]]}, "properties": {"surface": "", "highway": "footway"}}, {"type": "Feature", "geometry": {"type": "LineString", "coordinates": [[-84.400809, 33.7380961], [-84.4008037, 33.7380859], [-84.4008171, 33.7376135], [-84.4008162, 33.7371479], [-84.4008083, 33.7371221], [-84.4008004, 33.7371027]]}, "properties": {"surface": "", "highway": "footway"}}, {"type": "Feature", "geometry": {"type": "LineString", "coordinates": [[-84.3998869, 33.7370891], [-84.3999, 33.7371154], [-84.3999054, 33.7371325], [-84.3999063, 33.7371734], [-84.3999054, 33.7374187], [-84.3999049, 33.7377366]]}, "properties": {"surface": "", "highway": "footway"}}, {"type": "Feature", "geometry": {"type": "LineString", "coordinates": [[-84.4000487, 33.737095], [-84.4000345, 33.7371136], [-84.4000299, 33.7371265], [-84.4000306, 33.7372437], [-84.4000337, 33.7376735]]}, "properties": {"surface": "", "highway": "footway"}}, {"type": "Feature", "geometry": {"type": "LineString", "coordinates": [[-84.4000337, 33.7376735], [-84.4000291, 33.7380945]]}, "properties": {"surface": "", "highway": "footway"}}, {"type": "Feature", "geometry": {"type": "LineString", "coordinates": [[-84.3999049, 33.7377366], [-84.3999023, 33.7380915]]}, "properties": {"surface": "", "highway": "footway"}}, {"type": "Feature", "geometry": {"type": "LineString", "coordinates": [[-84.3999007, 33.7381912], [-84.3999099, 33.7382091], [-84.3998694, 33.7397648], [-84.3999293, 33.7397642], [-84.4000047, 33.7397634]]}, "properties": {"surface": "", "highway": "footway"}}, {"type": "Feature", "geometry": {"type": "LineString", "coordinates": [[-84.4000284, 33.7381845], [-84.4000328, 33.7382111], [-84.4000364, 33.738229], [-84.400031, 33.7384721], [-84.4000136, 33.738942], [-84.4000059, 33.7391113]]}, "properties": {"surface": "", "highway": "footway"}}, {"type": "Feature", "geometry": {"type": "LineString", "coordinates": [[-84.4000059, 33.7391113], [-84.4000043, 33.7394617], [-84.400005, 33.7395017], [-84.4000064, 33.7395091], [-84.4000123, 33.7395178]]}, "properties": {"surface": "", "highway": "footway"}}, {"type": "Feature", "geometry": {"type": "LineString", "coordinates": [[-84.4000123, 33.7395178], [-84.4002148, 33.7395174], [-84.4005411, 33.7395173]]}, "properties": {"surface": "", "highway": "footway"}}, {"type": "Feature", "geometry": {"type": "LineString", "coordinates": [[-84.4005411, 33.7395173], [-84.401359, 33.7395146]]}, "properties": {"surface": "", "highway": "footway"}}, {"type": "Feature", "geometry": {"type": "LineString", "coordinates": [[-84.3992349, 33.7370729], [-84.3992286, 33.7371044], [-84.3992234, 33.7371548], [-84.3992224, 33.7372718], [-84.3992221, 33.7374679], [-84.399222, 33.7376473]]}, "properties": {"surface": "", "highway": "footway"}}, {"type": "Feature", "geometry": {"type": "LineString", "coordinates": [[-84.3991196, 33.7370635], [-84.3991197, 33.7371964], [-84.399121, 33.7374139], [-84.399124, 33.7377059], [-84.3991168, 33.7380724], [-84.3991233, 33.7380805]]}, "properties": {"surface": "", "highway": "footway"}}, {"type": "Feature", "geometry": {"type": "LineString", "coordinates": [[-84.399222, 33.7376473], [-84.3992217, 33.7380588], [-84.3992176, 33.738071], [-84.3992092, 33.7380822]]}, "properties": {"surface": "", "highway": "footway"}}, {"type": "Feature", "geometry": {"type": "LineString", "coordinates": [[-84.4011255, 33.7381964], [-84.4011153, 33.738208], [-84.4011488, 33.7383872], [-84.4012051, 33.73869], [-84.4012713, 33.7390649]]}, "properties": {"surface": "", "highway": "footway"}}, {"type": "Feature", "geometry": {"type": "LineString", "coordinates": [[-84.4012287, 33.73819], [-84.4012885, 33.7385302], [-84.4013766, 33.7390687]]}, "properties": {"surface": "", "highway": "footway"}}, {"type": "Feature", "geometry": {"type": "LineString", "coordinates": [[-84.4012713, 33.7390649], [-84.401359, 33.7395146]]}, "properties": {"surface": "", "highway": "footway"}}, {"type": "Feature", "geometry": {"type": "LineString", "coordinates": [[-84.4013766, 33.7390687], [-84.4014723, 33.7395372], [-84.4015416, 33.7399761]]}, "properties": {"surface": "", "highway": "footway"}}, {"type": "Feature", "geometry": {"type": "LineString", "coordinates": [[-84.4015416, 33.7399761], [-84.4016943, 33.7408332]]}, "properties": {"surface": "", "highway": "footway"}}, {"type": "Feature", "geometry": {"type": "LineString", "coordinates": [[-84.4016943, 33.7408332], [-84.4017225, 33.7408503], [-84.4017404, 33.7408845], [-84.4018039, 33.7412042], [-84.4019039, 33.7417927]]}, "properties": {"surface": "", "highway": "footway"}}, {"type": "Feature", "geometry": {"type": "LineString", "coordinates": [[-84.4019039, 33.7417927], [-84.4019193, 33.741867], [-84.4019214, 33.7418809], [-84.4019229, 33.7418932], [-84.4019176, 33.741899], [-84.4019104, 33.7419025]]}, "properties": {"surface": "", "highway": "footway"}}, {"type": "Feature", "geometry": {"type": "LineString", "coordinates": [[-84.4015234, 33.7380882], [-84.4015082, 33.7381017], [-84.4014748, 33.7381042], [-84.4011541, 33.7381055]]}, "properties": {"surface": "", "highway": "footway"}}, {"type": "Feature", "geometry": {"type": "LineString", "coordinates": [[-84.4015532, 33.738213], [-84.4015294, 33.7381933], [-84.4015079, 33.7381888], [-84.4014668, 33.7381866], [-84.4014087, 33.7381866], [-84.4013434, 33.7381866], [-84.4012287, 33.73819]]}, "properties": {"surface": "", "highway": "footway"}}, {"type": "Feature", "geometry": {"type": "LineString", "coordinates": [[-84.4011541, 33.7381055], [-84.4011153, 33.7381036]]}, "properties": {"surface": "", "highway": "footway"}}, {"type": "Feature", "geometry": {"type": "LineString", "coordinates": [[-84.4011255, 33.7381964], [-84.4011028, 33.7381861], [-84.4010108, 33.7381861], [-84.4006133, 33.738178]]}, "properties": {"surface": "", "highway": "footway"}}, {"type": "Feature", "geometry": {"type": "LineString", "coordinates": [[-84.4011153, 33.7381036], [-84.4008876, 33.7380987]]}, "properties": {"surface": "", "highway": "footway"}}, {"type": "Feature", "geometry": {"type": "LineString", "coordinates": [[-84.4006133, 33.738178], [-84.4000284, 33.7381845]]}, "properties": {"surface": "", "highway": "footway"}}, {"type": "Feature", "geometry": {"type": "LineString", "coordinates": [[-84.400809, 33.7380961], [-84.4007888, 33.7381033], [-84.4007454, 33.7381033], [-84.4004877, 33.7381001], [-84.4004303, 33.7380993], [-84.4003444, 33.7380978]]}, "properties": {"surface": "", "highway": "footway"}}, {"type": "Feature", "geometry": {"type": "LineString", "coordinates": [[-84.4003444, 33.7380978], [-84.4000291, 33.7380945]]}, "properties": {"surface": "", "highway": "footway"}}, {"type": "Feature", "geometry": {"type": "LineString", "coordinates": [[-84.3999023, 33.7380915], [-84.3997409, 33.7380899], [-84.3992092, 33.7380822]]}, "properties": {"surface": "", "highway": "footway"}}, {"type": "Feature", "geometry": {"type": "LineString", "coordinates": [[-84.3971341, 33.7370096], [-84.3971375, 33.7370292], [-84.3971396, 33.7370664], [-84.3971287, 33.737209], [-84.3971237, 33.737343], [-84.3971187, 33.737475]]}, "properties": {"surface": "", "highway": "footway"}}, {"type": "Feature", "geometry": {"type": "LineString", "coordinates": [[-84.3971187, 33.737475], [-84.3971158, 33.7376866], [-84.3971121, 33.73806]]}, "properties": {"surface": "", "highway": "footway"}}, {"type": "Feature", "geometry": {"type": "LineString", "coordinates": [[-84.3969894, 33.7370069], [-84.3969847, 33.7370902], [-84.3969847, 33.7373798], [-84.3969624, 33.7380573]]}, "properties": {"surface": "", "highway": "footway"}}, {"type": "Feature", "geometry": {"type": "LineString", "coordinates": [[-84.3969609, 33.7381514], [-84.3969649, 33.7381874], [-84.3969634, 33.7383292], [-84.3969612, 33.7385443], [-84.3969606, 33.7386054]]}, "properties": {"surface": "", "highway": "footway"}}, {"type": "Feature", "geometry": {"type": "LineString", "coordinates": [[-84.3969606, 33.7386054], [-84.3969555, 33.7388102], [-84.3969451, 33.7392342], [-84.3969425, 33.7394824]]}, "properties": {"surface": "", "highway": "footway"}}, {"type": "Feature", "geometry": {"type": "LineString", "coordinates": [[-84.3971111, 33.7381532], [-84.397101, 33.7382014], [-84.397101, 33.7384633], [-84.3971019, 33.7386912]]}, "properties": {"surface": "", "highway": "footway"}}, {"type": "Feature", "geometry": {"type": "LineString", "coordinates": [[-84.3971019, 33.7386912], [-84.3970732, 33.7394866]]}, "properties": {"surface": "", "highway": "footway"}}, {"type": "Feature", "geometry": {"type": "LineString", "coordinates": [[-84.3957777, 33.7369695], [-84.3957903, 33.7369949], [-84.3957833, 33.7373146], [-84.3957784, 33.7374571]]}, "properties": {"surface": "", "highway": "footway"}}, {"type": "Feature", "geometry": {"type": "LineString", "coordinates": [[-84.3958957, 33.7369739], [-84.3958887, 33.737004], [-84.3958838, 33.7372632], [-84.3958815, 33.7373802]]}, "properties": {"surface": "", "highway": "footway"}}, {"type": "Feature", "geometry": {"type": "LineString", "coordinates": [[-84.3958815, 33.7373802], [-84.3958786, 33.7374633], [-84.3958635, 33.7380465]]}, "properties": {"surface": "", "highway": "footway"}}, {"type": "Feature", "geometry": {"type": "LineString", "coordinates": [[-84.3957784, 33.7374571], [-84.3957598, 33.738046]]}, "properties": {"surface": "", "highway": "footway"}}, {"type": "Feature", "geometry": {"type": "LineString", "coordinates": [[-84.3957592, 33.7381403], [-84.3957491, 33.7384208], [-84.3957414, 33.7389992]]}, "properties": {"surface": "", "highway": "footway"}}, {"type": "Feature", "geometry": {"type": "LineString", "coordinates": [[-84.395867, 33.7381414], [-84.3958616, 33.7386174], [-84.3958511, 33.7389654]]}, "properties": {"surface": "", "highway": "footway"}}, {"type": "Feature", "geometry": {"type": "LineString", "coordinates": [[-84.3958511, 33.7389654], [-84.3958424, 33.7394784]]}, "properties": {"surface": "", "highway": "footway"}}, {"type": "Feature", "geometry": {"type": "LineString", "coordinates": [[-84.3957414, 33.7389992], [-84.3957371, 33.7394789]]}, "properties": {"surface": "", "highway": "footway"}}, {"type": "Feature", "geometry": {"type": "LineString", "coordinates": [[-84.3958408, 33.7395584], [-84.3958254, 33.7402086], [-84.3958276, 33.7406629]]}, "properties": {"surface": "", "highway": "footway"}}, {"type": "Feature", "geometry": {"type": "LineString", "coordinates": [[-84.3958245, 33.7408142], [-84.3958071, 33.74124]]}, "properties": {"surface": "", "highway": "footway"}}, {"type": "Feature", "geometry": {"type": "LineString", "coordinates": [[-84.3958071, 33.74124], [-84.3958065, 33.7418767]]}, "properties": {"surface": "", "highway": "footway"}}, {"type": "Feature", "geometry": {"type": "LineString", "coordinates": [[-84.3982752, 33.7370312], [-84.3982899, 33.7370544], [-84.3982884, 33.7371915], [-84.3982808, 33.7374665], [-84.3982735, 33.7376844], [-84.3982723, 33.7377211]]}, "properties": {"surface": "", "highway": "footway"}}, {"type": "Feature", "geometry": {"type": "LineString", "coordinates": [[-84.3982723, 33.7377211], [-84.398268, 33.7380656]]}, "properties": {"surface": "", "highway": "footway"}}, {"type": "Feature", "geometry": {"type": "LineString", "coordinates": [[-84.3983838, 33.7370312], [-84.398375, 33.7373531]]}, "properties": {"surface": "", "highway": "footway"}}, {"type": "Feature", "geometry": {"type": "LineString", "coordinates": [[-84.398375, 33.7373531], [-84.3983625, 33.7377418], [-84.3983578, 33.7380669]]}, "properties": {"surface": "", "highway": "footway"}}, {"type": "Feature", "geometry": {"type": "LineString", "coordinates": [[-84.3983578, 33.7380669], [-84.3983589, 33.7380733], [-84.3983618, 33.7380798], [-84.3983707, 33.7380827], [-84.39838, 33.7380826]]}, "properties": {"surface": "", "highway": "footway"}}, {"type": "Feature", "geometry": {"type": "LineString", "coordinates": [[-84.3982669, 33.7381803], [-84.3982608, 33.7381688], [-84.3982517, 33.7381605]]}, "properties": {"surface": "", "highway": "footway"}}, {"type": "Feature", "geometry": {"type": "LineString", "coordinates": [[-84.398268, 33.7380656], [-84.3982631, 33.7380727], [-84.3982564, 33.7380767]]}, "properties": {"surface": "", "highway": "footway"}}, {"type": "Feature", "geometry": {"type": "LineString", "coordinates": [[-84.3982669, 33.7381803], [-84.3982709, 33.738448], [-84.398271, 33.7384843], [-84.3982721, 33.7387831]]}, "properties": {"surface": "", "highway": "footway"}}, {"type": "Feature", "geometry": {"type": "LineString", "coordinates": [[-84.3982721, 33.7387831], [-84.3982747, 33.7394955]]}, "properties": {"surface": "", "highway": "footway"}}, {"type": "Feature", "geometry": {"type": "LineString", "coordinates": [[-84.3982708, 33.7395801], [-84.3982635, 33.739878], [-84.3982604, 33.7400055]]}, "properties": {"surface": "", "highway": "footway"}}, {"type": "Feature", "geometry": {"type": "LineString", "coordinates": [[-84.3982604, 33.7400055], [-84.3982527, 33.740297], [-84.3982372, 33.7406954]]}, "properties": {"surface": "", "highway": "footway"}}, {"type": "Feature", "geometry": {"type": "LineString", "coordinates": [[-84.3982286, 33.7408265], [-84.3982389, 33.7408333], [-84.3982434, 33.7408385], [-84.3982456, 33.7408416]]}, "properties": {"surface": "", "highway": "footway"}}, {"type": "Feature", "geometry": {"type": "LineString", "coordinates": [[-84.3982456, 33.7408416], [-84.3982421, 33.7409266], [-84.3982343, 33.741118], [-84.3982254, 33.7414617]]}, "properties": {"surface": "", "highway": "footway"}}, {"type": "Feature", "geometry": {"type": "LineString", "coordinates": [[-84.3982254, 33.7414617], [-84.3982105, 33.7418776], [-84.3982076, 33.7418911]]}, "properties": {"surface": "", "highway": "footway"}}, {"type": "Feature", "geometry": {"type": "LineString", "coordinates": [[-84.3982076, 33.7418911], [-84.3981987, 33.7419006], [-84.3981921, 33.7419128]]}, "properties": {"surface": "", "highway": "footway"}}, {"type": "Feature", "geometry": {"type": "LineString", "coordinates": [[-84.3983738, 33.739573], [-84.3983768, 33.7394813], [-84.3983658, 33.7381815]]}, "properties": {"surface": "", "highway": "footway"}}, {"type": "Feature", "geometry": {"type": "LineString", "coordinates": [[-84.3983466, 33.7407911], [-84.398354, 33.7405575], [-84.3983636, 33.7399524], [-84.3983636, 33.7398901], [-84.3983738, 33.739573]]}, "properties": {"surface": "", "highway": "footway"}}, {"type": "Feature", "geometry": {"type": "LineString", "coordinates": [[-84.3983442, 33.7408409], [-84.3983466, 33.7407911]]}, "properties": {"surface": "", "highway": "footway"}}, {"type": "Feature", "geometry": {"type": "LineString", "coordinates": [[-84.3983829, 33.7381651], [-84.399886, 33.7381829], [-84.3999007, 33.7381912]]}, "properties": {"surface": "", "highway": "footway"}}, {"type": "Feature", "geometry": {"type": "LineString", "coordinates": [[-84.3983658, 33.7381815], [-84.3983829, 33.7381651]]}, "properties": {"surface": "", "highway": "footway"}}, {"type": "Feature", "geometry": {"type": "LineString", "coordinates": [[-84.3991233, 33.7380805], [-84.3990928, 33.7380936], [-84.3990347, 33.7380936], [-84.3985814, 33.7380847], [-84.39838, 33.7380826]]}, "properties": {"surface": "", "highway": "footway"}}, {"type": "Feature", "geometry": {"type": "LineString", "coordinates": [[-84.3982517, 33.7381605], [-84.3979307, 33.7381563], [-84.3975157, 33.7381531]]}, "properties": {"surface": "", "highway": "footway"}}, {"type": "Feature", "geometry": {"type": "LineString", "coordinates": [[-84.3975157, 33.7381531], [-84.3971111, 33.7381532]]}, "properties": {"surface": "", "highway": "footway"}}, {"type": "Feature", "geometry": {"type": "LineString", "coordinates": [[-84.3982564, 33.7380767], [-84.3980265, 33.7380742], [-84.3976222, 33.7380675]]}, "properties": {"surface": "", "highway": "footway"}}, {"type": "Feature", "geometry": {"type": "LineString", "coordinates": [[-84.3976222, 33.7380675], [-84.3971121, 33.73806]]}, "properties": {"surface": "", "highway": "footway"}}, {"type": "Feature", "geometry": {"type": "LineString", "coordinates": [[-84.3969609, 33.7381514], [-84.3964288, 33.738146], [-84.3962383, 33.7381441], [-84.395867, 33.7381414]]}, "properties": {"surface": "", "highway": "footway"}}, {"type": "Feature", "geometry": {"type": "LineString", "coordinates": [[-84.3969624, 33.7380573], [-84.3969115, 33.7380544], [-84.3967321, 33.7380515], [-84.3965923, 33.738052], [-84.3965632, 33.738041], [-84.3965165, 33.7380351], [-84.3959167, 33.7380305], [-84.3958879, 33.7380374], [-84.3958635, 33.7380465]]}, "properties": {"surface": "", "highway": "footway"}}, {"type": "Feature", "geometry": {"type": "LineString", "coordinates": [[-84.3957598, 33.738046], [-84.3956941, 33.7380498], [-84.3952812, 33.738042], [-84.3949745, 33.7380332]]}, "properties": {"surface": "", "highway": "footway"}}, {"type": "Feature", "geometry": {"type": "LineString", "coordinates": [[-84.3949745, 33.7380332], [-84.3948421, 33.7380334], [-84.3946792, 33.7380337], [-84.3946581, 33.7380339], [-84.3946504, 33.7380339], [-84.3946434, 33.7380282], [-84.3946409, 33.7380194]]}, "properties": {"surface": "", "highway": "footway"}}, {"type": "Feature", "geometry": {"type": "LineString", "coordinates": [[-84.3957592, 33.7381403], [-84.3950092, 33.7381223]]}, "properties": {"surface": "", "highway": "footway"}}, {"type": "Feature", "geometry": {"type": "LineString", "coordinates": [[-84.3950092, 33.7381223], [-84.3946978, 33.7381193]]}, "properties": {"surface": "", "highway": "footway"}}, {"type": "Feature", "geometry": {"type": "LineString", "coordinates": [[-84.3946978, 33.7381193], [-84.394665, 33.7381238], [-84.3946498, 33.7381374]]}, "properties": {"surface": "", "highway": "footway"}}, {"type": "Feature", "geometry": {"type": "LineString", "coordinates": [[-84.3945127, 33.7381362], [-84.3945042, 33.7385666], [-84.3944861, 33.7394803], [-84.3939564, 33.7394782]]}, "properties": {"surface": "", "highway": "footway"}}, {"type": "Feature", "geometry": {"type": "LineString", "coordinates": [[-84.3945131, 33.7381177], [-84.3945127, 33.7381362]]}, "properties": {"surface": "", "highway": "footway"}}, {"type": "Feature", "geometry": {"type": "LineString", "coordinates": [[-84.3945206, 33.7380087], [-84.394517, 33.7380214], [-84.3945113, 33.7380352]]}, "properties": {"surface": "", "highway": "footway"}}, {"type": "Feature", "geometry": {"type": "LineString", "coordinates": [[-84.3945113, 33.7380352], [-84.3943379, 33.7380319], [-84.3940659, 33.7380268]]}, "properties": {"surface": "", "highway": "footway"}}, {"type": "Feature", "geometry": {"type": "LineString", "coordinates": [[-84.3940659, 33.7380268], [-84.3938814, 33.7380224], [-84.3935622, 33.7380148]]}, "properties": {"surface": "", "highway": "footway"}}, {"type": "Feature", "geometry": {"type": "LineString", "coordinates": [[-84.3935595, 33.7381003], [-84.3945131, 33.7381177]]}, "properties": {"surface": "", "highway": "footway"}}, {"type": "Feature", "geometry": {"type": "LineString", "coordinates": [[-84.3935622, 33.7380148], [-84.3935564, 33.7380014], [-84.3935475, 33.7379906], [-84.3935277, 33.7379759]]}, "properties": {"surface": "", "highway": "footway"}}, {"type": "Feature", "geometry": {"type": "LineString", "coordinates": [[-84.3982708, 33.7395801], [-84.3979517, 33.7395747], [-84.3972392, 33.7395707], [-84.3970547, 33.73957]]}, "properties": {"surface": "", "highway": "footway"}}, {"type": "Feature", "geometry": {"type": "LineString", "coordinates": [[-84.3982747, 33.7394955], [-84.3979399, 33.7394865], [-84.3975119, 33.7394898]]}, "properties": {"surface": "", "highway": "footway"}}, {"type": "Feature", "geometry": {"type": "LineString", "coordinates": [[-84.3975119, 33.7394898], [-84.3970732, 33.7394866]]}, "properties": {"surface": "", "highway": "footway"}}, {"type": "Feature", "geometry": {"type": "LineString", "coordinates": [[-84.3970547, 33.73957], [-84.396641, 33.7395638], [-84.3958408, 33.7395584]]}, "properties": {"surface": "", "highway": "footway"}}, {"type": "Feature", "geometry": {"type": "LineString", "coordinates": [[-84.3969425, 33.7394824], [-84.3963492, 33.739482], [-84.3962865, 33.7394819]]}, "properties": {"surface": "", "highway": "footway"}}, {"type": "Feature", "geometry": {"type": "LineString", "coordinates": [[-84.3962865, 33.7394819], [-84.3958424, 33.7394784]]}, "properties": {"surface": "", "highway": "footway"}}, {"type": "Feature", "geometry": {"type": "LineString", "coordinates": [[-84.3957371, 33.7394789], [-84.3954171, 33.7394774], [-84.3948839, 33.7394818]]}, "properties": {"surface": "", "highway": "footway"}}, {"type": "Feature", "geometry": {"type": "LineString", "coordinates": [[-84.3948839, 33.7394818], [-84.3946331, 33.7394772]]}, "properties": {"surface": "", "highway": "footway"}}, {"type": "Feature", "geometry": {"type": "LineString", "coordinates": [[-84.3939596, 33.7395459], [-84.3939428, 33.739533], [-84.3939388, 33.7395133], [-84.3939445, 33.7394957], [-84.3939564, 33.7394782]]}, "properties": {"surface": "", "highway": "footway"}}, {"type": "Feature", "geometry": {"type": "LineString", "coordinates": [[-84.3957162, 33.7402721], [-84.3957357, 33.7395535], [-84.3946356, 33.7395478]]}, "properties": {"surface": "", "highway": "footway"}}, {"type": "Feature", "geometry": {"type": "LineString", "coordinates": [[-84.394521, 33.7369319], [-84.3945336, 33.7369449], [-84.394535, 33.7370512], [-84.3945285, 33.7371879], [-84.3945182, 33.7374071], [-84.3945197, 33.7375272]]}, "properties": {"surface": "", "highway": "footway"}}, {"type": "Feature", "geometry": {"type": "LineString", "coordinates": [[-84.3946859, 33.7369373], [-84.3946597, 33.7376381], [-84.3946591, 33.7377525], [-84.3946511, 33.7379182], [-84.3946478, 33.7379524], [-84.3946409, 33.7380194]]}, "properties": {"surface": "", "highway": "footway"}}, {"type": "Feature", "geometry": {"type": "LineString", "coordinates": [[-84.3945197, 33.7375272], [-84.3945195, 33.7378826], [-84.3945206, 33.7380087]]}, "properties": {"surface": "", "highway": "footway"}}, {"type": "Feature", "geometry": {"type": "LineString", "coordinates": [[-84.3946498, 33.7381374], [-84.3946454, 33.7386843], [-84.3946436, 33.7389106]]}, "properties": {"surface": "", "highway": "footway"}}, {"type": "Feature", "geometry": {"type": "LineString", "coordinates": [[-84.3946436, 33.7389106], [-84.394628, 33.7393758], [-84.394628, 33.7394457], [-84.3946331, 33.7394772]]}, "properties": {"surface": "", "highway": "footway"}}, {"type": "Feature", "geometry": {"type": "LineString", "coordinates": [[-84.3982286, 33.7408265], [-84.3976684, 33.7408227], [-84.3975189, 33.7408217], [-84.3973673, 33.7408207]]}, "properties": {"surface": "", "highway": "footway"}}, {"type": "Feature", "geometry": {"type": "LineString", "coordinates": [[-84.3982372, 33.7406954], [-84.3980634, 33.7406937], [-84.397384, 33.7406872]]}, "properties": {"surface": "", "highway": "footway"}}, {"type": "Feature", "geometry": {"type": "LineString", "coordinates": [[-84.3973673, 33.7408207], [-84.3966142, 33.7408161], [-84.396343, 33.7408144], [-84.3960545, 33.7408143], [-84.3958245, 33.7408142]]}, "properties": {"surface": "", "highway": "footway"}}, {"type": "Feature", "geometry": {"type": "LineString", "coordinates": [[-84.397384, 33.7406872], [-84.3972705, 33.7406854], [-84.3958276, 33.7406629]]}, "properties": {"surface": "", "highway": "footway"}}, {"type": "Feature", "geometry": {"type": "LineString", "coordinates": [[-84.3924986, 33.740683], [-84.3928948, 33.7406927], [-84.3929336, 33.7406937]]}, "properties": {"surface": "", "highway": "footway"}}, {"type": "Feature", "geometry": {"type": "LineString", "coordinates": [[-84.3929336, 33.7406937], [-84.3933335, 33.7407004]]}, "properties": {"surface": "", "highway": "footway"}}, {"type": "Feature", "geometry": {"type": "LineString", "coordinates": [[-84.3935568, 33.7369298], [-84.3935406, 33.7369535], [-84.3935332, 33.7369682], [-84.3935284, 33.7372104], [-84.3935306, 33.7372703], [-84.3935352, 33.7373968], [-84.3935367, 33.7374383]]}, "properties": {"surface": "", "highway": "footway"}}, {"type": "Feature", "geometry": {"type": "LineString", "coordinates": [[-84.3934057, 33.7369298], [-84.3934045, 33.737023], [-84.3933998, 33.7373852], [-84.393399, 33.7374431]]}, "properties": {"surface": "", "highway": "footway"}}, {"type": "Feature", "geometry": {"type": "LineString", "coordinates": [[-84.3935367, 33.7374383], [-84.3935277, 33.7379759]]}, "properties": {"surface": "", "highway": "footway"}}, {"type": "Feature", "geometry": {"type": "LineString", "coordinates": [[-84.3933944, 33.7380875], [-84.3933931, 33.737981], [-84.3933976, 33.7375721], [-84.393399, 33.7374431]]}, "properties": {"surface": "", "highway": "footway"}}, {"type": "Feature", "geometry": {"type": "LineString", "coordinates": [[-84.3799553, 33.7322975], [-84.3799052, 33.7322968]]}, "properties": {"surface": "", "highway": "footway"}}, {"type": "Feature", "geometry": {"type": "LineString", "coordinates": [[-84.4001327, 33.7304779], [-84.400118, 33.7304772], [-84.4000788, 33.7304767], [-84.4000649, 33.7304764], [-84.4000568, 33.730476], [-84.4000507, 33.7304746], [-84.4000481, 33.730468], [-84.4000477, 33.730461], [-84.4000471, 33.730446]]}, "properties": {"surface": "", "highway": "footway"}}, {"type": "Feature", "geometry": {"type": "LineString", "coordinates": [[-84.4080035, 33.731998], [-84.4079184, 33.7320004], [-84.4078751, 33.7320049], [-84.4076047, 33.7320032], [-84.4071296, 33.7319941]]}, "properties": {"surface": "", "highway": "footway"}}, {"type": "Feature", "geometry": {"type": "LineString", "coordinates": [[-84.4079967, 33.7318711], [-84.4079577, 33.7318829], [-84.4079193, 33.7318869], [-84.4078811, 33.7318856], [-84.407699, 33.7318778], [-84.4071437, 33.7318796]]}, "properties": {"surface": "", "highway": "footway"}}, {"type": "Feature", "geometry": {"type": "LineString", "coordinates": [[-84.4070545, 33.731992], [-84.4063863, 33.7319905], [-84.406368, 33.7319881], [-84.4063619, 33.7319748], [-84.4063618, 33.7319409], [-84.4063618, 33.7319243]]}, "properties": {"surface": "", "highway": "footway"}}, {"type": "Feature", "geometry": {"type": "LineString", "coordinates": [[-84.4059982, 33.7318682], [-84.4059768, 33.7318764], [-84.4059563, 33.7318778], [-84.4059335, 33.7318778], [-84.4058955, 33.7318771], [-84.4056604, 33.7318764], [-84.4054273, 33.731877]]}, "properties": {"surface": "", "highway": "footway"}}, {"type": "Feature", "geometry": {"type": "LineString", "coordinates": [[-84.4054273, 33.731877], [-84.4050498, 33.7318706]]}, "properties": {"surface": "", "highway": "footway"}}, {"type": "Feature", "geometry": {"type": "LineString", "coordinates": [[-84.4049533, 33.7318699], [-84.4049493, 33.7318715], [-84.4049457, 33.7318739], [-84.4049412, 33.731878]]}, "properties": {"surface": "", "highway": "footway"}}, {"type": "Feature", "geometry": {"type": "LineString", "coordinates": [[-84.4049412, 33.731878], [-84.4048665, 33.7318731], [-84.4045898, 33.7318707]]}, "properties": {"surface": "", "highway": "footway"}}, {"type": "Feature", "geometry": {"type": "LineString", "coordinates": [[-84.4059576, 33.7319246], [-84.4059594, 33.7319667], [-84.4059536, 33.7319763], [-84.4059491, 33.7319852], [-84.4056603, 33.7319854]]}, "properties": {"surface": "", "highway": "footway"}}, {"type": "Feature", "geometry": {"type": "LineString", "coordinates": [[-84.4055381, 33.7319861], [-84.4051821, 33.7319843], [-84.4049444, 33.7319847]]}, "properties": {"surface": "", "highway": "footway"}}, {"type": "Feature", "geometry": {"type": "LineString", "coordinates": [[-84.4049444, 33.7319847], [-84.404776, 33.7319834]]}, "properties": {"surface": "", "highway": "footway"}}, {"type": "Feature", "geometry": {"type": "LineString", "coordinates": [[-84.4045898, 33.7318707], [-84.4039211, 33.7318705]]}, "properties": {"surface": "", "highway": "footway"}}, {"type": "Feature", "geometry": {"type": "LineString", "coordinates": [[-84.4046969, 33.7319816], [-84.4041913, 33.7319788]]}, "properties": {"surface": "", "highway": "footway"}}, {"type": "Feature", "geometry": {"type": "LineString", "coordinates": [[-84.4041913, 33.7319788], [-84.4038861, 33.7319798]]}, "properties": {"surface": "", "highway": "footway"}}, {"type": "Feature", "geometry": {"type": "LineString", "coordinates": [[-84.4080035, 33.731998], [-84.4080136, 33.7320177], [-84.4080181, 33.7321198], [-84.4080166, 33.7323612], [-84.40802, 33.7326549]]}, "properties": {"surface": "", "highway": "footway"}}, {"type": "Feature", "geometry": {"type": "LineString", "coordinates": [[-84.4081853, 33.7319876], [-84.4081854, 33.7324001], [-84.408194, 33.7327948]]}, "properties": {"surface": "", "highway": "footway"}}, {"type": "Feature", "geometry": {"type": "LineString", "coordinates": [[-84.40802, 33.7326549], [-84.4080245, 33.7327601], [-84.4080305, 33.7328983]]}, "properties": {"surface": "", "highway": "footway"}}, {"type": "Feature", "geometry": {"type": "LineString", "coordinates": [[-84.4081944, 33.7329022], [-84.4081944, 33.7333375], [-84.4081993, 33.7336062]]}, "properties": {"surface": "", "highway": "footway"}}, {"type": "Feature", "geometry": {"type": "LineString", "coordinates": [[-84.4080305, 33.7328983], [-84.4080437, 33.733339], [-84.4080043, 33.7333762], [-84.4080079, 33.7336023]]}, "properties": {"surface": "", "highway": "footway"}}, {"type": "Feature", "geometry": {"type": "LineString", "coordinates": [[-84.4104199, 33.7318192], [-84.4104226, 33.7320813], [-84.4104206, 33.7323293]]}, "properties": {"surface": "", "highway": "footway"}}, {"type": "Feature", "geometry": {"type": "LineString", "coordinates": [[-84.4104206, 33.7323293], [-84.4104355, 33.732789]]}, "properties": {"surface": "", "highway": "footway"}}, {"type": "Feature", "geometry": {"type": "LineString", "coordinates": [[-84.4104394, 33.7329057], [-84.4104441, 33.7333065], [-84.4104476, 33.7336022]]}, "properties": {"surface": "", "highway": "footway"}}, {"type": "Feature", "geometry": {"type": "LineString", "coordinates": [[-84.4105543, 33.7328707], [-84.4105561, 33.733072], [-84.4105505, 33.7333721]]}, "properties": {"surface": "", "highway": "footway"}}, {"type": "Feature", "geometry": {"type": "LineString", "coordinates": [[-84.4105505, 33.7333721], [-84.4105576, 33.7337618], [-84.4105629, 33.7340826]]}, "properties": {"surface": "", "highway": "footway"}}, {"type": "Feature", "geometry": {"type": "LineString", "coordinates": [[-84.4105629, 33.7340826], [-84.4105644, 33.7343739]]}, "properties": {"surface": "", "highway": "footway"}}, {"type": "Feature", "geometry": {"type": "LineString", "coordinates": [[-84.4104498, 33.7336983], [-84.4104511, 33.7343712]]}, "properties": {"surface": "", "highway": "footway"}}, {"type": "Feature", "geometry": {"type": "LineString", "coordinates": [[-84.4081996, 33.7336864], [-84.4082084, 33.7343756]]}, "properties": {"surface": "", "highway": "footway"}}, {"type": "Feature", "geometry": {"type": "LineString", "coordinates": [[-84.4080104, 33.7337172], [-84.4080315, 33.7343781]]}, "properties": {"surface": "", "highway": "footway"}}, {"type": "Feature", "geometry": {"type": "LineString", "coordinates": [[-84.4104476, 33.7336022], [-84.4100617, 33.7336004], [-84.4098396, 33.7335976], [-84.4097884, 33.733596]]}, "properties": {"surface": "", "highway": "footway"}}, {"type": "Feature", "geometry": {"type": "LineString", "coordinates": [[-84.40995, 33.7336483], [-84.4099504, 33.7336704], [-84.4099487, 33.7336835], [-84.4099461, 33.7336938], [-84.4099372, 33.7336948], [-84.4093804, 33.7336878], [-84.4093725, 33.7336791], [-84.4093659, 33.7336629], [-84.4093643, 33.7336453]]}, "properties": {"surface": "", "highway": "footway"}}, {"type": "Feature", "geometry": {"type": "LineString", "coordinates": [[-84.4081996, 33.7336864], [-84.4083493, 33.7336845], [-84.4085183, 33.7336845], [-84.4087945, 33.7336933], [-84.4088169, 33.7336912], [-84.4088233, 33.7336801], [-84.4088235, 33.733662], [-84.4088227, 33.7336426]]}, "properties": {"surface": "", "highway": "footway"}}, {"type": "Feature", "geometry": {"type": "LineString", "coordinates": [[-84.4123639, 33.7343822], [-84.4121958, 33.7343816], [-84.4115389, 33.7343764]]}, "properties": {"surface": "", "highway": "footway"}}, {"type": "Feature", "geometry": {"type": "LineString", "coordinates": [[-84.4114065, 33.7343762], [-84.4110439, 33.7343723], [-84.4105644, 33.7343739]]}, "properties": {"surface": "", "highway": "footway"}}, {"type": "Feature", "geometry": {"type": "LineString", "coordinates": [[-84.4104511, 33.7343712], [-84.4096974, 33.734366], [-84.4090243, 33.734362]]}, "properties": {"surface": "", "highway": "footway"}}, {"type": "Feature", "geometry": {"type": "LineString", "coordinates": [[-84.4090243, 33.734362], [-84.4082084, 33.7343756]]}, "properties": {"surface": "", "highway": "footway"}}, {"type": "Feature", "geometry": {"type": "LineString", "coordinates": [[-84.4062423, 33.7343631], [-84.406307, 33.7343642], [-84.4065181, 33.734367], [-84.4070439, 33.7343642]]}, "properties": {"surface": "", "highway": "footway"}}, {"type": "Feature", "geometry": {"type": "LineString", "coordinates": [[-84.4080315, 33.7343781], [-84.4073785, 33.7343679], [-84.4070439, 33.7343642]]}, "properties": {"surface": "", "highway": "footway"}}, {"type": "Feature", "geometry": {"type": "LineString", "coordinates": [[-84.3935545, 33.7317432], [-84.3933127, 33.7311239]]}, "properties": {"surface": "", "highway": "footway"}}, {"type": "Feature", "geometry": {"type": "LineString", "coordinates": [[-84.3933127, 33.7311239], [-84.3938972, 33.7311248], [-84.3953463, 33.7311443], [-84.3953576, 33.7311422], [-84.3953665, 33.7311382], [-84.3953739, 33.7311316], [-84.3953791, 33.7311242], [-84.3953819, 33.7310853]]}, "properties": {"surface": "", "highway": "footway"}}, {"type": "Feature", "geometry": {"type": "LineString", "coordinates": [[-84.3952985, 33.7310843], [-84.3952906, 33.7310459], [-84.3952884, 33.7310378], [-84.3952835, 33.7310323], [-84.3952751, 33.7310278], [-84.3952605, 33.7310271], [-84.394608, 33.7310319], [-84.3938535, 33.7310242], [-84.3932662, 33.7310169]]}, "properties": {"surface": "", "highway": "footway"}}, {"type": "Feature", "geometry": {"type": "LineString", "coordinates": [[-84.3932662, 33.7310169], [-84.3930562, 33.7305253]]}, "properties": {"surface": "", "highway": "footway"}}, {"type": "Feature", "geometry": {"type": "LineString", "coordinates": [[-84.3930562, 33.7305253], [-84.3927474, 33.7297341], [-84.3926336, 33.7294264], [-84.3925787, 33.7291813], [-84.3925523, 33.7289717], [-84.3925459, 33.7289146]]}, "properties": {"surface": "", "highway": "footway"}}, {"type": "Feature", "geometry": {"type": "LineString", "coordinates": [[-84.3925459, 33.7289146], [-84.3925477, 33.7287168], [-84.3925801, 33.7284618], [-84.3925955, 33.7283721], [-84.3926248, 33.7282453], [-84.3926463, 33.7281735], [-84.393051, 33.7272792]]}, "properties": {"surface": "", "highway": "footway"}}, {"type": "Feature", "geometry": {"type": "LineString", "coordinates": [[-84.393051, 33.7272792], [-84.3931375, 33.7270636]]}, "properties": {"surface": "", "highway": "footway"}}, {"type": "Feature", "geometry": {"type": "LineString", "coordinates": [[-84.3928722, 33.7369537], [-84.3928347, 33.7369479]]}, "properties": {"surface": "", "highway": "footway"}}, {"type": "Feature", "geometry": {"type": "LineString", "coordinates": [[-84.3925499, 33.7369521], [-84.3925488, 33.7369412]]}, "properties": {"surface": "", "highway": "footway"}}, {"type": "Feature", "geometry": {"type": "LineString", "coordinates": [[-84.4092728, 33.73168], [-84.4092733, 33.7318264], [-84.4092777, 33.7320616]]}, "properties": {"surface": "", "highway": "footway"}}, {"type": "Feature", "geometry": {"type": "LineString", "coordinates": [[-84.4092777, 33.7320616], [-84.4092806, 33.7323548], [-84.4092908, 33.7323583], [-84.4093027, 33.7323586], [-84.4093256, 33.7323573]]}, "properties": {"surface": "", "highway": "footway"}}, {"type": "Feature", "geometry": {"type": "LineString", "coordinates": [[-84.4093125, 33.731831], [-84.4093514, 33.7318271], [-84.4093764, 33.7318281], [-84.4093881, 33.7318362], [-84.409395, 33.7320159], [-84.4093966, 33.7322427]]}, "properties": {"surface": "", "highway": "footway"}}, {"type": "Feature", "geometry": {"type": "LineString", "coordinates": [[-84.4093966, 33.7322427], [-84.4093918, 33.7324572], [-84.4093867, 33.73247], [-84.4093739, 33.7324731], [-84.409355, 33.7324724], [-84.4093291, 33.732471]]}, "properties": {"surface": "", "highway": "footway"}}, {"type": "Feature", "geometry": {"type": "LineString", "coordinates": [[-84.4127725, 33.7328052], [-84.4127017, 33.7328052], [-84.4122643, 33.732805]]}, "properties": {"surface": "", "highway": "footway"}}, {"type": "Feature", "geometry": {"type": "LineString", "coordinates": [[-84.4127253, 33.7329234], [-84.4127075, 33.7329479], [-84.4126886, 33.7329524], [-84.4123653, 33.7329519]]}, "properties": {"surface": "", "highway": "footway"}}, {"type": "Feature", "geometry": {"type": "LineString", "coordinates": [[-84.4123653, 33.7329519], [-84.4117201, 33.7329403]]}, "properties": {"surface": "", "highway": "footway"}}, {"type": "Feature", "geometry": {"type": "LineString", "coordinates": [[-84.4117201, 33.7329403], [-84.4117073, 33.7329268], [-84.4116975, 33.7329108]]}, "properties": {"surface": "", "highway": "footway"}}, {"type": "Feature", "geometry": {"type": "LineString", "coordinates": [[-84.4117201, 33.7329403], [-84.4117073, 33.7329825], [-84.4116823, 33.7331632], [-84.4116475, 33.7334606]]}, "properties": {"surface": "", "highway": "footway"}}, {"type": "Feature", "geometry": {"type": "LineString", "coordinates": [[-84.4116475, 33.7334606], [-84.41163, 33.7336194], [-84.4115948, 33.7339386], [-84.4115677, 33.7341749]]}, "properties": {"surface": "", "highway": "footway"}}, {"type": "Feature", "geometry": {"type": "LineString", "coordinates": [[-84.4115677, 33.7341749], [-84.4115389, 33.7343764]]}, "properties": {"surface": "", "highway": "footway"}}, {"type": "Feature", "geometry": {"type": "LineString", "coordinates": [[-84.4114065, 33.7343762], [-84.4114325, 33.7341852], [-84.4114983, 33.7336242]]}, "properties": {"surface": "", "highway": "footway"}}, {"type": "Feature", "geometry": {"type": "LineString", "coordinates": [[-84.4114983, 33.7336242], [-84.4115321, 33.7333548], [-84.4115841, 33.7328754]]}, "properties": {"surface": "", "highway": "footway"}}, {"type": "Feature", "geometry": {"type": "LineString", "coordinates": [[-84.4071296, 33.7319941], [-84.4071288, 33.7320069], [-84.407132, 33.7320154], [-84.4071326, 33.7320996], [-84.4071291, 33.7322493]]}, "properties": {"surface": "", "highway": "footway"}}, {"type": "Feature", "geometry": {"type": "LineString", "coordinates": [[-84.4071291, 33.7322493], [-84.4071227, 33.7325466], [-84.4071162, 33.7327239]]}, "properties": {"surface": "", "highway": "footway"}}, {"type": "Feature", "geometry": {"type": "LineString", "coordinates": [[-84.4070328, 33.732722], [-84.4069995, 33.7327275], [-84.4068041, 33.7327221], [-84.4064751, 33.7327195]]}, "properties": {"surface": "", "highway": "footway"}}, {"type": "Feature", "geometry": {"type": "LineString", "coordinates": [[-84.4064751, 33.7327195], [-84.4058086, 33.7327175]]}, "properties": {"surface": "", "highway": "footway"}}, {"type": "Feature", "geometry": {"type": "LineString", "coordinates": [[-84.4058086, 33.7327175], [-84.4056592, 33.7327162]]}, "properties": {"surface": "", "highway": "footway"}}, {"type": "Feature", "geometry": {"type": "LineString", "coordinates": [[-84.4056603, 33.7319854], [-84.4056635, 33.7320237], [-84.4056635, 33.7320696], [-84.4056592, 33.732381]]}, "properties": {"surface": "", "highway": "footway"}}, {"type": "Feature", "geometry": {"type": "LineString", "coordinates": [[-84.4056592, 33.732381], [-84.4056592, 33.7327162]]}, "properties": {"surface": "", "highway": "footway"}}, {"type": "Feature", "geometry": {"type": "LineString", "coordinates": [[-84.4055381, 33.7319861], [-84.4055281, 33.7323995], [-84.4055254, 33.7327056]]}, "properties": {"surface": "", "highway": "footway"}}, {"type": "Feature", "geometry": {"type": "LineString", "coordinates": [[-84.4055254, 33.7327056], [-84.4055262, 33.7329656], [-84.4055039, 33.733162]]}, "properties": {"surface": "", "highway": "footway"}}, {"type": "Feature", "geometry": {"type": "LineString", "coordinates": [[-84.4055039, 33.733162], [-84.4054643, 33.7333946], [-84.4054212, 33.7335697], [-84.4053869, 33.7337262]]}, "properties": {"surface": "", "highway": "footway"}}, {"type": "Feature", "geometry": {"type": "LineString", "coordinates": [[-84.4053869, 33.7337262], [-84.4052985, 33.7341262], [-84.4052234, 33.7344579]]}, "properties": {"surface": "", "highway": "footway"}}, {"type": "Feature", "geometry": {"type": "LineString", "coordinates": [[-84.405663, 33.7327984], [-84.4056578, 33.7329875], [-84.4056247, 33.733134]]}, "properties": {"surface": "", "highway": "footway"}}, {"type": "Feature", "geometry": {"type": "LineString", "coordinates": [[-84.4056247, 33.733134], [-84.4055613, 33.7334111], [-84.4054984, 33.7336932]]}, "properties": {"surface": "", "highway": "footway"}}, {"type": "Feature", "geometry": {"type": "LineString", "coordinates": [[-84.4054984, 33.7336932], [-84.4054288, 33.7340461], [-84.4053637, 33.7343009]]}, "properties": {"surface": "", "highway": "footway"}}, {"type": "Feature", "geometry": {"type": "LineString", "coordinates": [[-84.4053637, 33.7343009], [-84.405327, 33.7344678]]}, "properties": {"surface": "", "highway": "footway"}}, {"type": "Feature", "geometry": {"type": "LineString", "coordinates": [[-84.4044324, 33.7345151], [-84.4044678, 33.7343105], [-84.4045493, 33.7338281]]}, "properties": {"surface": "", "highway": "footway"}}, {"type": "Feature", "geometry": {"type": "LineString", "coordinates": [[-84.4045493, 33.7338281], [-84.4045901, 33.7336064], [-84.4046675, 33.7331483]]}, "properties": {"surface": "", "highway": "footway"}}, {"type": "Feature", "geometry": {"type": "LineString", "coordinates": [[-84.4046675, 33.7331483], [-84.4046763, 33.7329984], [-84.404683, 33.7325771]]}, "properties": {"surface": "", "highway": "footway"}}, {"type": "Feature", "geometry": {"type": "LineString", "coordinates": [[-84.4046969, 33.7319816], [-84.404692, 33.7321533], [-84.404683, 33.7325771]]}, "properties": {"surface": "", "highway": "footway"}}, {"type": "Feature", "geometry": {"type": "LineString", "coordinates": [[-84.4047216, 33.7321847], [-84.4047464, 33.7321835], [-84.404758, 33.7321843], [-84.40477, 33.7321867], [-84.4047649, 33.7323462], [-84.4047589, 33.732605]]}, "properties": {"surface": "", "highway": "footway"}}, {"type": "Feature", "geometry": {"type": "LineString", "coordinates": [[-84.4047589, 33.732605], [-84.4047554, 33.7327869], [-84.404746, 33.7330988]]}, "properties": {"surface": "", "highway": "footway"}}, {"type": "Feature", "geometry": {"type": "LineString", "coordinates": [[-84.404746, 33.7330988], [-84.4047458, 33.7331532], [-84.404734, 33.733268], [-84.4046801, 33.733607]]}, "properties": {"surface": "", "highway": "footway"}}, {"type": "Feature", "geometry": {"type": "LineString", "coordinates": [[-84.4046801, 33.733607], [-84.4046341, 33.7338915], [-84.4045931, 33.734121]]}, "properties": {"surface": "", "highway": "footway"}}, {"type": "Feature", "geometry": {"type": "LineString", "coordinates": [[-84.4045931, 33.734121], [-84.404523, 33.7345168]]}, "properties": {"surface": "", "highway": "footway"}}, {"type": "Feature", "geometry": {"type": "LineString", "coordinates": [[-84.4037314, 33.7320052], [-84.4037409, 33.7320575], [-84.4037347, 33.7322133], [-84.4037336, 33.7326547]]}, "properties": {"surface": "", "highway": "footway"}}, {"type": "Feature", "geometry": {"type": "LineString", "coordinates": [[-84.4037336, 33.7326547], [-84.403725, 33.7331776], [-84.4037412, 33.7337405]]}, "properties": {"surface": "", "highway": "footway"}}, {"type": "Feature", "geometry": {"type": "LineString", "coordinates": [[-84.4037412, 33.7337405], [-84.4037338, 33.7339731], [-84.4037348, 33.7343995], [-84.4037316, 33.7344914]]}, "properties": {"surface": "", "highway": "footway"}}, {"type": "Feature", "geometry": {"type": "LineString", "coordinates": [[-84.4070558, 33.7332593], [-84.4070296, 33.7332596], [-84.4069853, 33.73326], [-84.4066429, 33.7332535], [-84.4064495, 33.7332468], [-84.4064347, 33.7332598], [-84.4064246, 33.7332934], [-84.4063965, 33.7334184]]}, "properties": {"surface": "", "highway": "footway"}}, {"type": "Feature", "geometry": {"type": "LineString", "coordinates": [[-84.4063965, 33.7334184], [-84.4063548, 33.7336012]]}, "properties": {"surface": "", "highway": "footway"}}, {"type": "Feature", "geometry": {"type": "LineString", "coordinates": [[-84.4065572, 33.7332896], [-84.4065491, 33.733329], [-84.4065216, 33.733442], [-84.4064745, 33.7336562]]}, "properties": {"surface": "", "highway": "footway"}}, {"type": "Feature", "geometry": {"type": "LineString", "coordinates": [[-84.4064584, 33.7337259], [-84.4064046, 33.7339685], [-84.4063657, 33.7341593]]}, "properties": {"surface": "", "highway": "footway"}}, {"type": "Feature", "geometry": {"type": "LineString", "coordinates": [[-84.4052234, 33.7344579], [-84.4052084, 33.7345102], [-84.4051726, 33.7345265], [-84.4048651, 33.7345243], [-84.404523, 33.7345168]]}, "properties": {"surface": "", "highway": "footway"}}, {"type": "Feature", "geometry": {"type": "LineString", "coordinates": [[-84.4044324, 33.7345151], [-84.4043816, 33.7345233], [-84.4040487, 33.7345057], [-84.4038538, 33.7344917]]}, "properties": {"surface": "", "highway": "footway"}}, {"type": "Feature", "geometry": {"type": "LineString", "coordinates": [[-84.4037258, 33.7346047], [-84.4033687, 33.7345734], [-84.4028076, 33.7345203]]}, "properties": {"surface": "", "highway": "footway"}}, {"type": "Feature", "geometry": {"type": "LineString", "coordinates": [[-84.4028076, 33.7345203], [-84.4024599, 33.7345072], [-84.4017279, 33.7344912]]}, "properties": {"surface": "", "highway": "footway"}}, {"type": "Feature", "geometry": {"type": "LineString", "coordinates": [[-84.4037316, 33.7344914], [-84.4034255, 33.7344707], [-84.4028756, 33.7344053]]}, "properties": {"surface": "", "highway": "footway"}}, {"type": "Feature", "geometry": {"type": "LineString", "coordinates": [[-84.4028756, 33.7344053], [-84.4023458, 33.7343897], [-84.4017308, 33.734369]]}, "properties": {"surface": "", "highway": "footway"}}, {"type": "Feature", "geometry": {"type": "LineString", "coordinates": [[-84.4050456, 33.7353626], [-84.4050266, 33.7353577], [-84.4050077, 33.7353528], [-84.4050893, 33.7350053], [-84.4051227, 33.7348492], [-84.4051444, 33.7348471], [-84.4051654, 33.7348495]]}, "properties": {"surface": "", "highway": "footway"}}, {"type": "Feature", "geometry": {"type": "LineString", "coordinates": [[-84.4059725, 33.7366778], [-84.4056449, 33.7365683], [-84.405245, 33.736498], [-84.4048519, 33.7364799]]}, "properties": {"surface": "", "highway": "footway"}}, {"type": "Feature", "geometry": {"type": "LineString", "coordinates": [[-84.4023933, 33.7369444], [-84.4026789, 33.7369429], [-84.4031796, 33.7368713], [-84.4035121, 33.7367795]]}, "properties": {"surface": "", "highway": "footway"}}, {"type": "Feature", "geometry": {"type": "LineString", "coordinates": [[-84.4035121, 33.7367795], [-84.4041876, 33.7366024], [-84.4043135, 33.7365694]]}, "properties": {"surface": "", "highway": "footway"}}, {"type": "Feature", "geometry": {"type": "LineString", "coordinates": [[-84.4043135, 33.7365694], [-84.4047269, 33.736496]]}, "properties": {"surface": "", "highway": "footway"}}, {"type": "Feature", "geometry": {"type": "LineString", "coordinates": [[-84.4047269, 33.736496], [-84.4047999, 33.7361945]]}, "properties": {"surface": "", "highway": "footway"}}, {"type": "Feature", "geometry": {"type": "LineString", "coordinates": [[-84.4048519, 33.7364799], [-84.4049347, 33.7361007]]}, "properties": {"surface": "", "highway": "footway"}}, {"type": "Feature", "geometry": {"type": "LineString", "coordinates": [[-84.4029307, 33.7382159], [-84.402554, 33.7382153]]}, "properties": {"surface": "", "highway": "footway"}}, {"type": "Feature", "geometry": {"type": "LineString", "coordinates": [[-84.4024518, 33.7382142], [-84.401808, 33.7382057]]}, "properties": {"surface": "", "highway": "footway"}}, {"type": "Feature", "geometry": {"type": "LineString", "coordinates": [[-84.4058469, 33.7382363], [-84.4049302, 33.7382138], [-84.404454, 33.738206]]}, "properties": {"surface": "", "highway": "footway"}}, {"type": "Feature", "geometry": {"type": "LineString", "coordinates": [[-84.4080621, 33.739427], [-84.4076695, 33.7395818], [-84.4072563, 33.7397398]]}, "properties": {"surface": "", "highway": "footway"}}, {"type": "Feature", "geometry": {"type": "LineString", "coordinates": [[-84.408076, 33.7392621], [-84.4074695, 33.7395082], [-84.4072984, 33.7395777]]}, "properties": {"surface": "", "highway": "footway"}}, {"type": "Feature", "geometry": {"type": "LineString", "coordinates": [[-84.4072563, 33.7397398], [-84.4068703, 33.7398755]]}, "properties": {"surface": "", "highway": "footway"}}, {"type": "Feature", "geometry": {"type": "LineString", "coordinates": [[-84.4072984, 33.7395777], [-84.4068494, 33.739736], [-84.4068397, 33.7397743], [-84.4068489, 33.7398146]]}, "properties": {"surface": "", "highway": "footway"}}, {"type": "Feature", "geometry": {"type": "LineString", "coordinates": [[-84.4066302, 33.7399956], [-84.4062871, 33.7401323], [-84.4054668, 33.740482], [-84.4053216, 33.7406008], [-84.4052844, 33.7406313]]}, "properties": {"surface": "", "highway": "footway"}}, {"type": "Feature", "geometry": {"type": "LineString", "coordinates": [[-84.4065439, 33.7398453], [-84.4062653, 33.7399647], [-84.4061333, 33.7400213], [-84.405846, 33.7401445]]}, "properties": {"surface": "", "highway": "footway"}}, {"type": "Feature", "geometry": {"type": "LineString", "coordinates": [[-84.405846, 33.7401445], [-84.4053844, 33.7403895], [-84.4053767, 33.7403936], [-84.4053526, 33.7404036], [-84.4053285, 33.7404057], [-84.4052994, 33.740396]]}, "properties": {"surface": "", "highway": "footway"}}, {"type": "Feature", "geometry": {"type": "LineString", "coordinates": [[-84.4052264, 33.7404523], [-84.4052099, 33.7404818], [-84.4051863, 33.7405114], [-84.4051498, 33.7405307], [-84.4050235, 33.7405788]]}, "properties": {"surface": "", "highway": "footway"}}, {"type": "Feature", "geometry": {"type": "LineString", "coordinates": [[-84.4051498, 33.7405307], [-84.4051643, 33.7405609]]}, "properties": {"surface": "", "highway": "footway"}}, {"type": "Feature", "geometry": {"type": "LineString", "coordinates": [[-84.405218, 33.7406305], [-84.4052289, 33.7406446], [-84.4052429, 33.7406553], [-84.4052844, 33.7406313]]}, "properties": {"surface": "", "highway": "footway"}}, {"type": "Feature", "geometry": {"type": "LineString", "coordinates": [[-84.4050235, 33.7405788], [-84.4040703, 33.7409887], [-84.403, 33.7414777]]}, "properties": {"surface": "", "highway": "footway"}}, {"type": "Feature", "geometry": {"type": "LineString", "coordinates": [[-84.4052429, 33.7406553], [-84.404906, 33.7408041], [-84.4043954, 33.7410332], [-84.4039822, 33.7412139], [-84.4038414, 33.7412755]]}, "properties": {"surface": "", "highway": "footway"}}, {"type": "Feature", "geometry": {"type": "LineString", "coordinates": [[-84.4038414, 33.7412755], [-84.4030944, 33.7416032]]}, "properties": {"surface": "", "highway": "footway"}}, {"type": "Feature", "geometry": {"type": "LineString", "coordinates": [[-84.4030944, 33.7416032], [-84.4030877, 33.7416238], [-84.4030888, 33.7416508]]}, "properties": {"surface": "", "highway": "footway"}}, {"type": "Feature", "geometry": {"type": "LineString", "coordinates": [[-84.4054668, 33.740482], [-84.4054455, 33.7404538]]}, "properties": {"surface": "", "highway": "footway"}}, {"type": "Feature", "geometry": {"type": "LineString", "coordinates": [[-84.4025462, 33.7401119], [-84.4025576, 33.7401665]]}, "properties": {"surface": "", "highway": "footway"}}, {"type": "Feature", "geometry": {"type": "LineString", "coordinates": [[-84.4025895, 33.7402481], [-84.402572, 33.7402737], [-84.4025622, 33.7403028]]}, "properties": {"surface": "", "highway": "footway"}}, {"type": "Feature", "geometry": {"type": "LineString", "coordinates": [[-84.4025622, 33.7403028], [-84.402603, 33.7403228], [-84.4026277, 33.7403412], [-84.4026424, 33.7403745], [-84.4026869, 33.7405305], [-84.402852, 33.7410529]]}, "properties": {"surface": "", "highway": "footway"}}, {"type": "Feature", "geometry": {"type": "LineString", "coordinates": [[-84.4023299, 33.740349], [-84.4024736, 33.7407187], [-84.4026957, 33.7413078]]}, "properties": {"surface": "", "highway": "footway"}}, {"type": "Feature", "geometry": {"type": "LineString", "coordinates": [[-84.4026957, 33.7413078], [-84.4027884, 33.7415835]]}, "properties": {"surface": "", "highway": "footway"}}, {"type": "Feature", "geometry": {"type": "LineString", "coordinates": [[-84.402852, 33.7410529], [-84.403, 33.7414777]]}, "properties": {"surface": "", "highway": "footway"}}, {"type": "Feature", "geometry": {"type": "LineString", "coordinates": [[-84.4043155, 33.7382224], [-84.4044085, 33.7384659], [-84.4045337, 33.7388378], [-84.404575, 33.7389569]]}, "properties": {"surface": "", "highway": "footway"}}, {"type": "Feature", "geometry": {"type": "LineString", "coordinates": [[-84.404454, 33.738206], [-84.4044956, 33.738337], [-84.4046147, 33.7386889], [-84.4046995, 33.7389261], [-84.4047493, 33.7390572]]}, "properties": {"surface": "", "highway": "footway"}}, {"type": "Feature", "geometry": {"type": "LineString", "coordinates": [[-84.4047493, 33.7390572], [-84.4048534, 33.739355], [-84.4050236, 33.739775]]}, "properties": {"surface": "", "highway": "footway"}}, {"type": "Feature", "geometry": {"type": "LineString", "coordinates": [[-84.4046244, 33.7390882], [-84.4046315, 33.7391346], [-84.4046457, 33.7391794], [-84.4048947, 33.7398107]]}, "properties": {"surface": "", "highway": "footway"}}, {"type": "Feature", "geometry": {"type": "LineString", "coordinates": [[-84.4048947, 33.7398107], [-84.4049953, 33.7401098], [-84.4051219, 33.740459], [-84.4051498, 33.7405307]]}, "properties": {"surface": "", "highway": "footway"}}, {"type": "Feature", "geometry": {"type": "LineString", "coordinates": [[-84.4050236, 33.739775], [-84.4051275, 33.7400833], [-84.4051743, 33.7402207], [-84.4052183, 33.740325], [-84.4052565, 33.7403711], [-84.4052994, 33.740396]]}, "properties": {"surface": "", "highway": "footway"}}, {"type": "Feature", "geometry": {"type": "LineString", "coordinates": [[-84.4046244, 33.7390882], [-84.4044633, 33.7391354], [-84.403847, 33.7393045]]}, "properties": {"surface": "", "highway": "footway"}}, {"type": "Feature", "geometry": {"type": "LineString", "coordinates": [[-84.403847, 33.7393045], [-84.4034988, 33.7393834], [-84.4030109, 33.7395155]]}, "properties": {"surface": "", "highway": "footway"}}, {"type": "Feature", "geometry": {"type": "LineString", "coordinates": [[-84.404575, 33.7389569], [-84.4045421, 33.7389884], [-84.4042074, 33.7390712], [-84.4035304, 33.7392443]]}, "properties": {"surface": "", "highway": "footway"}}, {"type": "Feature", "geometry": {"type": "LineString", "coordinates": [[-84.4035304, 33.7392443], [-84.4032951, 33.7392968], [-84.4032905, 33.739312], [-84.4032797, 33.7393267], [-84.4030712, 33.7393754], [-84.4030363, 33.7393748], [-84.4030189, 33.7393701], [-84.4029972, 33.7393714], [-84.4029598, 33.7393824]]}, "properties": {"surface": "", "highway": "footway"}}, {"type": "Feature", "geometry": {"type": "LineString", "coordinates": [[-84.4028733, 33.7394026], [-84.4028558, 33.7394066], [-84.402839, 33.7394124], [-84.4028349, 33.739427], [-84.4028386, 33.7394461]]}, "properties": {"surface": "", "highway": "footway"}}, {"type": "Feature", "geometry": {"type": "LineString", "coordinates": [[-84.4028513, 33.7395132], [-84.4028557, 33.739531], [-84.4028651, 33.7395513], [-84.4029293, 33.7395359]]}, "properties": {"surface": "", "highway": "footway"}}, {"type": "Feature", "geometry": {"type": "LineString", "coordinates": [[-84.4028651, 33.7395513], [-84.4027435, 33.7395738], [-84.4026882, 33.7395801], [-84.4023309, 33.7395857]]}, "properties": {"surface": "", "highway": "footway"}}, {"type": "Feature", "geometry": {"type": "LineString", "coordinates": [[-84.402839, 33.7394124], [-84.4027243, 33.7394315], [-84.4025864, 33.739439], [-84.4025354, 33.7394423], [-84.4025141, 33.7394439], [-84.4024875, 33.7394477], [-84.4023936, 33.7394571], [-84.4022845, 33.7394715]]}, "properties": {"surface": "", "highway": "footway"}}, {"type": "Feature", "geometry": {"type": "LineString", "coordinates": [[-84.4083256, 33.739329], [-84.4083283, 33.73949], [-84.4083828, 33.7396079], [-84.408481, 33.7398806], [-84.4084721, 33.7398991]]}, "properties": {"surface": "", "highway": "footway"}}, {"type": "Feature", "geometry": {"type": "LineString", "coordinates": [[-84.4084721, 33.7398991], [-84.4084683, 33.7399203], [-84.4084785, 33.7399521], [-84.4085463, 33.7401452], [-84.4086164, 33.7403563], [-84.4086414, 33.740435], [-84.408677, 33.740549], [-84.408716, 33.7406636]]}, "properties": {"surface": "", "highway": "footway"}}, {"type": "Feature", "geometry": {"type": "LineString", "coordinates": [[-84.408716, 33.7406636], [-84.4085717, 33.7406809]]}, "properties": {"surface": "", "highway": "footway"}}, {"type": "Feature", "geometry": {"type": "LineString", "coordinates": [[-84.4085717, 33.7406809], [-84.4085039, 33.7404634], [-84.4083875, 33.7401215]]}, "properties": {"surface": "", "highway": "footway"}}, {"type": "Feature", "geometry": {"type": "LineString", "coordinates": [[-84.4083875, 33.7401215], [-84.4083713, 33.7400906], [-84.408351, 33.7400862], [-84.4083317, 33.7400932], [-84.4083207, 33.7401047], [-84.4083164, 33.7401327], [-84.4083104, 33.740227], [-84.4083085, 33.7406489]]}, "properties": {"surface": "", "highway": "footway"}}, {"type": "Feature", "geometry": {"type": "LineString", "coordinates": [[-84.4080621, 33.739427], [-84.408071, 33.7394572], [-84.4080612, 33.7397628], [-84.4080627, 33.7398457], [-84.4080654, 33.7399942]]}, "properties": {"surface": "", "highway": "footway"}}, {"type": "Feature", "geometry": {"type": "LineString", "coordinates": [[-84.4080654, 33.7399942], [-84.4080405, 33.7407075]]}, "properties": {"surface": "", "highway": "footway"}}, {"type": "Feature", "geometry": {"type": "LineString", "coordinates": [[-84.4083085, 33.7406489], [-84.4082832, 33.7415456]]}, "properties": {"surface": "", "highway": "footway"}}, {"type": "Feature", "geometry": {"type": "LineString", "coordinates": [[-84.4080405, 33.7407075], [-84.4080399, 33.7407549], [-84.4080287, 33.7415815]]}, "properties": {"surface": "", "highway": "footway"}}, {"type": "Feature", "geometry": {"type": "LineString", "coordinates": [[-84.4082832, 33.7415456], [-84.4082839, 33.7416298], [-84.4082878, 33.7420726]]}, "properties": {"surface": "", "highway": "footway"}}, {"type": "Feature", "geometry": {"type": "LineString", "coordinates": [[-84.4080287, 33.7415815], [-84.4080291, 33.7421363]]}, "properties": {"surface": "", "highway": "footway"}}, {"type": "Feature", "geometry": {"type": "LineString", "coordinates": [[-84.4086673, 33.7391533], [-84.4086954, 33.7391811], [-84.4091555, 33.7394136], [-84.4091957, 33.7394229]]}, "properties": {"surface": "", "highway": "footway"}}, {"type": "Feature", "geometry": {"type": "LineString", "coordinates": [[-84.4091957, 33.7394229], [-84.4093211, 33.7394582], [-84.4096794, 33.7394826]]}, "properties": {"surface": "", "highway": "footway"}}, {"type": "Feature", "geometry": {"type": "LineString", "coordinates": [[-84.4096794, 33.7394826], [-84.4096917, 33.7394709], [-84.4096972, 33.7394468], [-84.4096971, 33.739411]]}, "properties": {"surface": "", "highway": "footway"}}, {"type": "Feature", "geometry": {"type": "LineString", "coordinates": [[-84.409838, 33.7393773], [-84.4100744, 33.7393888], [-84.4106068, 33.7394101]]}, "properties": {"surface": "", "highway": "footway"}}, {"type": "Feature", "geometry": {"type": "LineString", "coordinates": [[-84.4106252, 33.7400819], [-84.4105992, 33.7400851], [-84.4105733, 33.7400882], [-84.4105663, 33.7400877], [-84.4105613, 33.7400866], [-84.4105587, 33.7400791], [-84.4105473, 33.7398648], [-84.4105262, 33.7396156]]}, "properties": {"surface": "", "highway": "footway"}}, {"type": "Feature", "geometry": {"type": "LineString", "coordinates": [[-84.4105262, 33.7396156], [-84.4105174, 33.7395222], [-84.4105068, 33.7394987], [-84.4104643, 33.7394938], [-84.4103511, 33.7394859], [-84.4101159, 33.7394787]]}, "properties": {"surface": "", "highway": "footway"}}, {"type": "Feature", "geometry": {"type": "LineString", "coordinates": [[-84.4101159, 33.7394787], [-84.4098333, 33.7394617]]}, "properties": {"surface": "", "highway": "footway"}}, {"type": "Feature", "geometry": {"type": "LineString", "coordinates": [[-84.4111625, 33.7409864], [-84.4109889, 33.7412055], [-84.4107889, 33.7414311], [-84.410407, 33.7415151]]}, "properties": {"surface": "", "highway": "footway"}}, {"type": "Feature", "geometry": {"type": "LineString", "coordinates": [[-84.410407, 33.7415151], [-84.409825, 33.7416605], [-84.4090701, 33.74188]]}, "properties": {"surface": "", "highway": "footway"}}, {"type": "Feature", "geometry": {"type": "LineString", "coordinates": [[-84.4106469, 33.7415151], [-84.4106571, 33.7415545], [-84.410661, 33.7415756], [-84.4106626, 33.7415929], [-84.4106414, 33.741601], [-84.41036, 33.7416689], [-84.4094119, 33.7419249]]}, "properties": {"surface": "", "highway": "footway"}}, {"type": "Feature", "geometry": {"type": "LineString", "coordinates": [[-84.3814253, 33.7469586], [-84.3814247, 33.7469791], [-84.3814466, 33.7469837]]}, "properties": {"surface": "", "highway": "footway"}}, {"type": "Feature", "geometry": {"type": "LineString", "coordinates": [[-84.3798792, 33.7315033], [-84.3798792, 33.731489], [-84.3798979, 33.7314893]]}, "properties": {"surface": "", "highway": "footway"}}, {"type": "Feature", "geometry": {"type": "LineString", "coordinates": [[-84.3814372, 33.7285842], [-84.3814212, 33.7285832]]}, "properties": {"surface": "", "highway": "footway"}}, {"type": "Feature", "geometry": {"type": "LineString", "coordinates": [[-84.3813135, 33.7285738], [-84.3812898, 33.7285722]]}, "properties": {"surface": "", "highway": "footway"}}, {"type": "Feature", "geometry": {"type": "LineString", "coordinates": [[-84.3814372, 33.7285842], [-84.3814404, 33.728568]]}, "properties": {"surface": "", "highway": "footway"}}, {"type": "Feature", "geometry": {"type": "LineString", "coordinates": [[-84.3814557, 33.7284779], [-84.3814574, 33.7284669]]}, "properties": {"surface": "", "highway": "footway"}}, {"type": "Feature", "geometry": {"type": "LineString", "coordinates": [[-84.3813557, 33.728452], [-84.3813389, 33.728451]]}, "properties": {"surface": "", "highway": "footway"}}, {"type": "Feature", "geometry": {"type": "LineString", "coordinates": [[-84.3814595, 33.7284591], [-84.3814464, 33.7284577]]}, "properties": {"surface": "", "highway": "footway"}}, {"type": "Feature", "geometry": {"type": "LineString", "coordinates": [[-84.3812898, 33.7285722], [-84.3812953, 33.728562]]}, "properties": {"surface": "", "highway": "footway"}}, {"type": "Feature", "geometry": {"type": "LineString", "coordinates": [[-84.3787334, 33.7220787], [-84.3787085, 33.7225929], [-84.378677, 33.7235352], [-84.3786763, 33.7235884], [-84.3786668, 33.7243288], [-84.378639, 33.726483]]}, "properties": {"surface": "concrete", "highway": "footway"}}, {"type": "Feature", "geometry": {"type": "LineString", "coordinates": [[-84.3791451, 33.7266349], [-84.3791554, 33.7266024]]}, "properties": {"surface": "", "highway": "footway"}}, {"type": "Feature", "geometry": {"type": "LineString", "coordinates": [[-84.3791372, 33.7266481], [-84.3791413, 33.7266427], [-84.3791451, 33.7266349]]}, "properties": {"surface": "", "highway": "footway"}}, {"type": "Feature", "geometry": {"type": "LineString", "coordinates": [[-84.3805581, 33.72687], [-84.380594, 33.7268707]]}, "properties": {"surface": "", "highway": "footway"}}, {"type": "Feature", "geometry": {"type": "LineString", "coordinates": [[-84.3805436, 33.7268698], [-84.3805581, 33.72687]]}, "properties": {"surface": "", "highway": "footway"}}, {"type": "Feature", "geometry": {"type": "LineString", "coordinates": [[-84.3979497, 33.7443885], [-84.3979704, 33.7443802]]}, "properties": {"surface": "", "highway": "footway"}}, {"type": "Feature", "geometry": {"type": "LineString", "coordinates": [[-84.3979277, 33.7444275], [-84.3979275, 33.7444436]]}, "properties": {"surface": "", "highway": "footway"}}, {"type": "Feature", "geometry": {"type": "LineString", "coordinates": [[-84.3982512, 33.7444966], [-84.39807, 33.7456697]]}, "properties": {"surface": "", "highway": "footway"}}, {"type": "Feature", "geometry": {"type": "LineString", "coordinates": [[-84.3982793, 33.7442708], [-84.3982758, 33.7442654], [-84.3982701, 33.7442552], [-84.3982641, 33.7442423], [-84.3982548, 33.7442188], [-84.3982512, 33.7441744], [-84.3982601, 33.7439223], [-84.3982662, 33.7437895]]}, "properties": {"surface": "", "highway": "footway"}}, {"type": "Feature", "geometry": {"type": "LineString", "coordinates": [[-84.3982662, 33.7437895], [-84.3982704, 33.7436739], [-84.3982798, 33.7433035], [-84.3982924, 33.7429808], [-84.3982929, 33.7429658]]}, "properties": {"surface": "", "highway": "footway"}}, {"type": "Feature", "geometry": {"type": "LineString", "coordinates": [[-84.3982997, 33.7428687], [-84.3983113, 33.7424352], [-84.3983208, 33.7420776]]}, "properties": {"surface": "", "highway": "footway"}}, {"type": "Feature", "geometry": {"type": "LineString", "coordinates": [[-84.3982924, 33.7429808], [-84.3982739, 33.7429808]]}, "properties": {"surface": "", "highway": "footway"}}, {"type": "Feature", "geometry": {"type": "LineString", "coordinates": [[-84.3981053, 33.7420767], [-84.3981114, 33.7420554]]}, "properties": {"surface": "", "highway": "footway"}}, {"type": "Feature", "geometry": {"type": "LineString", "coordinates": [[-84.3981053, 33.7420767], [-84.3981386, 33.7420763]]}, "properties": {"surface": "", "highway": "footway"}}, {"type": "Feature", "geometry": {"type": "LineString", "coordinates": [[-84.3982244, 33.7418921], [-84.3982076, 33.7418911]]}, "properties": {"surface": "", "highway": "footway"}}, {"type": "Feature", "geometry": {"type": "LineString", "coordinates": [[-84.3983208, 33.7420776], [-84.4002452, 33.742161], [-84.4004956, 33.7421758], [-84.4007888, 33.7421862], [-84.4010064, 33.7421928], [-84.4012585, 33.7421906], [-84.4013628, 33.7421849], [-84.4018474, 33.742115]]}, "properties": {"surface": "", "highway": "footway"}}, {"type": "Feature", "geometry": {"type": "LineString", "coordinates": [[-84.4019229, 33.7418932], [-84.4019493, 33.7419003], [-84.4019685, 33.7419037], [-84.4020132, 33.7418973], [-84.4027884, 33.7415835]]}, "properties": {"surface": "", "highway": "footway"}}, {"type": "Feature", "geometry": {"type": "LineString", "coordinates": [[-84.4019685, 33.7419037], [-84.4019837, 33.7419296]]}, "properties": {"surface": "", "highway": "footway"}}, {"type": "Feature", "geometry": {"type": "LineString", "coordinates": [[-84.4020385, 33.7420464], [-84.4020503, 33.7420689], [-84.4019931, 33.7420876], [-84.4019828, 33.7420905], [-84.4019589, 33.7420974]]}, "properties": {"surface": "", "highway": "footway"}}, {"type": "Feature", "geometry": {"type": "LineString", "coordinates": [[-84.4020503, 33.7420689], [-84.4023482, 33.7419556], [-84.4028553, 33.7417388]]}, "properties": {"surface": "", "highway": "footway"}}, {"type": "Feature", "geometry": {"type": "LineString", "coordinates": [[-84.3981987, 33.7419006], [-84.3974785, 33.7418925], [-84.3970545, 33.7418878], [-84.3969084, 33.7418873], [-84.3965008, 33.7418834], [-84.3958065, 33.7418767]]}, "properties": {"surface": "", "highway": "footway"}}, {"type": "Feature", "geometry": {"type": "LineString", "coordinates": [[-84.3982997, 33.7428687], [-84.398784, 33.7429405], [-84.399203, 33.7430026], [-84.399511, 33.7430482], [-84.3998441, 33.7430976]]}, "properties": {"surface": "", "highway": "footway"}}, {"type": "Feature", "geometry": {"type": "LineString", "coordinates": [[-84.4018474, 33.742115], [-84.401999, 33.742463], [-84.4019967, 33.7424836], [-84.4019742, 33.7425012], [-84.4014707, 33.7427394], [-84.4008867, 33.7430157]]}, "properties": {"surface": "", "highway": "footway"}}, {"type": "Feature", "geometry": {"type": "LineString", "coordinates": [[-84.3982924, 33.7429808], [-84.3994935, 33.7431609], [-84.4000933, 33.7432582]]}, "properties": {"surface": "", "highway": "footway"}}, {"type": "Feature", "geometry": {"type": "LineString", "coordinates": [[-84.3998441, 33.7430976], [-84.4003833, 33.7431934], [-84.400486, 33.7432019], [-84.4005795, 33.7431789], [-84.4008867, 33.7430157]]}, "properties": {"surface": "", "highway": "footway"}}, {"type": "Feature", "geometry": {"type": "LineString", "coordinates": [[-84.4000933, 33.7432582], [-84.4004891, 33.743301], [-84.4005754, 33.743289], [-84.4006555, 33.7432617], [-84.4008198, 33.7431857], [-84.4020341, 33.742609], [-84.4020966, 33.7425678], [-84.4021285, 33.7424991], [-84.4021205, 33.7424351], [-84.4021143, 33.7423853], [-84.4019828, 33.7420905]]}, "properties": {"surface": "", "highway": "footway"}}, {"type": "Feature", "geometry": {"type": "LineString", "coordinates": [[-84.3839115, 33.7468298], [-84.3839487, 33.7468183]]}, "properties": {"surface": "", "highway": "footway"}}, {"type": "Feature", "geometry": {"type": "LineString", "coordinates": [[-84.3837986, 33.7468292], [-84.3837561, 33.746813]]}, "properties": {"surface": "", "highway": "footway"}}, {"type": "Feature", "geometry": {"type": "LineString", "coordinates": [[-84.3837484, 33.744599], [-84.3837504, 33.7446296]]}, "properties": {"surface": "", "highway": "footway"}}, {"type": "Feature", "geometry": {"type": "LineString", "coordinates": [[-84.3837541, 33.7455619], [-84.3837955, 33.7455624]]}, "properties": {"surface": "", "highway": "footway"}}, {"type": "Feature", "geometry": {"type": "LineString", "coordinates": [[-84.3837541, 33.7455776], [-84.3837593, 33.7456176]]}, "properties": {"surface": "", "highway": "footway"}}, {"type": "Feature", "geometry": {"type": "LineString", "coordinates": [[-84.383895, 33.7457277], [-84.3839433, 33.7457283]]}, "properties": {"surface": "", "highway": "footway"}}, {"type": "Feature", "geometry": {"type": "LineString", "coordinates": [[-84.383773, 33.7457255], [-84.3838007, 33.7457261]]}, "properties": {"surface": "", "highway": "footway"}}, {"type": "Feature", "geometry": {"type": "LineString", "coordinates": [[-84.3837683, 33.7456883], [-84.383773, 33.7457255]]}, "properties": {"surface": "", "highway": "footway"}}, {"type": "Feature", "geometry": {"type": "LineString", "coordinates": [[-84.3839602, 33.7457003], [-84.3839648, 33.7457255]]}, "properties": {"surface": "", "highway": "footway"}}, {"type": "Feature", "geometry": {"type": "LineString", "coordinates": [[-84.3851379, 33.7468278], [-84.3850907, 33.7468254]]}, "properties": {"surface": "", "highway": "footway"}}, {"type": "Feature", "geometry": {"type": "LineString", "coordinates": [[-84.3849572, 33.7468267], [-84.384992, 33.7468238]]}, "properties": {"surface": "", "highway": "footway"}}, {"type": "Feature", "geometry": {"type": "LineString", "coordinates": [[-84.3849149, 33.7456901], [-84.3849238, 33.7457318], [-84.3848898, 33.7457323]]}, "properties": {"surface": "", "highway": "footway"}}, {"type": "Feature", "geometry": {"type": "LineString", "coordinates": [[-84.3848566, 33.7455768], [-84.3848904, 33.7455764], [-84.3848958, 33.7456016]]}, "properties": {"surface": "", "highway": "footway"}}, {"type": "Feature", "geometry": {"type": "LineString", "coordinates": [[-84.3847197, 33.7456211], [-84.3847097, 33.745579], [-84.3847546, 33.7455784]]}, "properties": {"surface": "", "highway": "footway"}}, {"type": "Feature", "geometry": {"type": "LineString", "coordinates": [[-84.3847777, 33.7457339], [-84.3847467, 33.7457344], [-84.3847381, 33.7456982]]}, "properties": {"surface": "", "highway": "footway"}}, {"type": "Feature", "geometry": {"type": "LineString", "coordinates": [[-84.3846569, 33.7443036], [-84.3846598, 33.7443372]]}, "properties": {"surface": "", "highway": "footway"}}, {"type": "Feature", "geometry": {"type": "LineString", "coordinates": [[-84.3844842, 33.7443355], [-84.3844822, 33.7443019]]}, "properties": {"surface": "", "highway": "footway"}}, {"type": "Feature", "geometry": {"type": "LineString", "coordinates": [[-84.3846674, 33.7444176], [-84.3846702, 33.7444463], [-84.3846372, 33.7444457]]}, "properties": {"surface": "", "highway": "footway"}}, {"type": "Feature", "geometry": {"type": "LineString", "coordinates": [[-84.384538, 33.744444], [-84.3844918, 33.7444432], [-84.3844902, 33.7444218]]}, "properties": {"surface": "", "highway": "footway"}}, {"type": "Feature", "geometry": {"type": "LineString", "coordinates": [[-84.3839361, 33.7443425], [-84.3839343, 33.7443223]]}, "properties": {"surface": "", "highway": "footway"}}, {"type": "Feature", "geometry": {"type": "LineString", "coordinates": [[-84.3839398, 33.7444356], [-84.3839392, 33.744411]]}, "properties": {"surface": "", "highway": "footway"}}, {"type": "Feature", "geometry": {"type": "LineString", "coordinates": [[-84.3862894, 33.7470061], [-84.3862896, 33.7470281]]}, "properties": {"surface": "", "highway": "footway"}}, {"type": "Feature", "geometry": {"type": "LineString", "coordinates": [[-84.3862876, 33.7468299], [-84.3862878, 33.7468553]]}, "properties": {"surface": "", "highway": "footway"}}, {"type": "Feature", "geometry": {"type": "LineString", "coordinates": [[-84.3862876, 33.7468299], [-84.3862692, 33.7468299]]}, "properties": {"surface": "", "highway": "footway"}}, {"type": "Feature", "geometry": {"type": "LineString", "coordinates": [[-84.3861666, 33.7468298], [-84.3861532, 33.7468303]]}, "properties": {"surface": "", "highway": "footway"}}, {"type": "Feature", "geometry": {"type": "LineString", "coordinates": [[-84.3860927, 33.7468642], [-84.3860941, 33.7468342]]}, "properties": {"surface": "", "highway": "footway"}}, {"type": "Feature", "geometry": {"type": "LineString", "coordinates": [[-84.3860878, 33.7470404], [-84.3860885, 33.7470183]]}, "properties": {"surface": "", "highway": "footway"}}, {"type": "Feature", "geometry": {"type": "LineString", "coordinates": [[-84.3863163, 33.7445831], [-84.386291, 33.7445829]]}, "properties": {"surface": "", "highway": "footway"}}, {"type": "Feature", "geometry": {"type": "LineString", "coordinates": [[-84.3862005, 33.7445823], [-84.3861652, 33.7445821]]}, "properties": {"surface": "", "highway": "footway"}}, {"type": "Feature", "geometry": {"type": "LineString", "coordinates": [[-84.3860392, 33.7444659], [-84.3860395, 33.7444382]]}, "properties": {"surface": "", "highway": "footway"}}, {"type": "Feature", "geometry": {"type": "LineString", "coordinates": [[-84.3860421, 33.7443448], [-84.3860432, 33.7443177]]}, "properties": {"surface": "", "highway": "footway"}}, {"type": "Feature", "geometry": {"type": "LineString", "coordinates": [[-84.4085356, 33.7441028], [-84.4085147, 33.7440311], [-84.4084973, 33.7439321], [-84.4084332, 33.7434495], [-84.4084162, 33.7433529], [-84.4083502, 33.7427235], [-84.408306, 33.7422206]]}, "properties": {"surface": "", "highway": "footway"}}, {"type": "Feature", "geometry": {"type": "LineString", "coordinates": [[-84.4082717, 33.744106], [-84.4082714, 33.7439329], [-84.4082572, 33.743829], [-84.4082301, 33.74362], [-84.4081188, 33.7427891], [-84.4080823, 33.7424795], [-84.4080665, 33.7423767], [-84.4080593, 33.7423199], [-84.4080472, 33.742293]]}, "properties": {"surface": "", "highway": "footway"}}, {"type": "Feature", "geometry": {"type": "LineString", "coordinates": [[-84.382804, 33.7447098], [-84.38276, 33.7446917]]}, "properties": {"surface": "", "highway": "footway"}}, {"type": "Feature", "geometry": {"type": "LineString", "coordinates": [[-84.3827952, 33.7468052], [-84.3827579, 33.7468011]]}, "properties": {"surface": "", "highway": "footway"}}, {"type": "Feature", "geometry": {"type": "LineString", "coordinates": [[-84.3826246, 33.7467991], [-84.3826682, 33.7467961]]}, "properties": {"surface": "", "highway": "footway"}}, {"type": "Feature", "geometry": {"type": "LineString", "coordinates": [[-84.387887, 33.7451433], [-84.3878612, 33.7451444]]}, "properties": {"surface": "", "highway": "footway"}}, {"type": "Feature", "geometry": {"type": "LineString", "coordinates": [[-84.3878695, 33.7449396], [-84.3878904, 33.7449401]]}, "properties": {"surface": "", "highway": "footway"}}, {"type": "Feature", "geometry": {"type": "LineString", "coordinates": [[-84.3879286, 33.7432366], [-84.3879066, 33.7432364]]}, "properties": {"surface": "", "highway": "footway"}}, {"type": "Feature", "geometry": {"type": "LineString", "coordinates": [[-84.3876826, 33.7432347], [-84.3876547, 33.7432345]]}, "properties": {"surface": "", "highway": "footway"}}, {"type": "Feature", "geometry": {"type": "LineString", "coordinates": [[-84.3879627, 33.7432201], [-84.3879619, 33.7431907]]}, "properties": {"surface": "", "highway": "footway"}}, {"type": "Feature", "geometry": {"type": "LineString", "coordinates": [[-84.3879587, 33.7430696], [-84.387958, 33.7430436]]}, "properties": {"surface": "", "highway": "footway"}}, {"type": "Feature", "geometry": {"type": "LineString", "coordinates": [[-84.3879056, 33.7429958], [-84.3878806, 33.7429962]]}, "properties": {"surface": "", "highway": "footway"}}, {"type": "Feature", "geometry": {"type": "LineString", "coordinates": [[-84.387676, 33.7429996], [-84.387648, 33.7430001]]}, "properties": {"surface": "", "highway": "footway"}}, {"type": "Feature", "geometry": {"type": "LineString", "coordinates": [[-84.3875991, 33.7430603], [-84.3875986, 33.7430421]]}, "properties": {"surface": "", "highway": "footway"}}, {"type": "Feature", "geometry": {"type": "LineString", "coordinates": [[-84.3876021, 33.7431757], [-84.3876017, 33.7431607]]}, "properties": {"surface": "", "highway": "footway"}}, {"type": "Feature", "geometry": {"type": "LineString", "coordinates": [[-84.395662, 33.743596], [-84.3956924, 33.7436007]]}, "properties": {"surface": "", "highway": "footway"}}, {"type": "Feature", "geometry": {"type": "LineString", "coordinates": [[-84.3932887, 33.7443087], [-84.3932889, 33.7443303]]}, "properties": {"surface": "", "highway": "footway"}}, {"type": "Feature", "geometry": {"type": "LineString", "coordinates": [[-84.4045053, 33.7443096], [-84.4044935, 33.7442934], [-84.4044227, 33.7441815], [-84.4041089, 33.7436184], [-84.4041002, 33.7436013], [-84.4040946, 33.7435928]]}, "properties": {"surface": "", "highway": "footway"}}, {"type": "Feature", "geometry": {"type": "LineString", "coordinates": [[-84.4037776, 33.742905], [-84.4034984, 33.7424552]]}, "properties": {"surface": "", "highway": "footway"}}, {"type": "Feature", "geometry": {"type": "LineString", "coordinates": [[-84.4033394, 33.7421894], [-84.4033329, 33.742176], [-84.4033225, 33.7421547]]}, "properties": {"surface": "", "highway": "footway"}}, {"type": "Feature", "geometry": {"type": "LineString", "coordinates": [[-84.4032694, 33.7420576], [-84.4032186, 33.7419743], [-84.4031863, 33.741888], [-84.4031565, 33.7417832], [-84.4031223, 33.7417033], [-84.403099, 33.7416656], [-84.4030888, 33.7416508]]}, "properties": {"surface": "", "highway": "footway"}}, {"type": "Feature", "geometry": {"type": "LineString", "coordinates": [[-84.4046974, 33.7445439], [-84.4046769, 33.7445356], [-84.4046502, 33.7445094]]}, "properties": {"surface": "", "highway": "footway"}}, {"type": "Feature", "geometry": {"type": "LineString", "coordinates": [[-84.4046502, 33.7445094], [-84.4045053, 33.7443096]]}, "properties": {"surface": "", "highway": "footway"}}, {"type": "Feature", "geometry": {"type": "LineString", "coordinates": [[-84.4041089, 33.7436184], [-84.4040871, 33.743631]]}, "properties": {"surface": "", "highway": "footway"}}, {"type": "Feature", "geometry": {"type": "LineString", "coordinates": [[-84.4040417, 33.7434246], [-84.4038873, 33.7431283], [-84.4037776, 33.742905]]}, "properties": {"surface": "", "highway": "footway"}}, {"type": "Feature", "geometry": {"type": "LineString", "coordinates": [[-84.4034984, 33.7424552], [-84.4033962, 33.7423013]]}, "properties": {"surface": "", "highway": "footway"}}, {"type": "Feature", "geometry": {"type": "LineString", "coordinates": [[-84.4033329, 33.742176], [-84.4033024, 33.7421853]]}, "properties": {"surface": "", "highway": "footway"}}, {"type": "Feature", "geometry": {"type": "LineString", "coordinates": [[-84.4035688, 33.7430084], [-84.4032834, 33.7425569]]}, "properties": {"surface": "", "highway": "footway"}}, {"type": "Feature", "geometry": {"type": "LineString", "coordinates": [[-84.4032834, 33.7425569], [-84.4031858, 33.7423929], [-84.4031079, 33.7422552], [-84.403053, 33.7421609], [-84.4028553, 33.7417388]]}, "properties": {"surface": "", "highway": "footway"}}, {"type": "Feature", "geometry": {"type": "LineString", "coordinates": [[-84.3839487, 33.7419135], [-84.3835741, 33.7419089], [-84.3829154, 33.7419074], [-84.3826703, 33.7418963], [-84.3825401, 33.7418786], [-84.3820666, 33.7417967], [-84.3816878, 33.7416458], [-84.3816129, 33.7416174]]}, "properties": {"surface": "", "highway": "footway"}}, {"type": "Feature", "geometry": {"type": "LineString", "coordinates": [[-84.3839483, 33.741939], [-84.3839487, 33.7419135]]}, "properties": {"surface": "", "highway": "footway"}}, {"type": "Feature", "geometry": {"type": "LineString", "coordinates": [[-84.4090701, 33.74188], [-84.408581, 33.7420004], [-84.4082878, 33.7420726]]}, "properties": {"surface": "", "highway": "footway"}}, {"type": "Feature", "geometry": {"type": "LineString", "coordinates": [[-84.4094119, 33.7419249], [-84.408306, 33.7422206]]}, "properties": {"surface": "", "highway": "footway"}}, {"type": "Feature", "geometry": {"type": "LineString", "coordinates": [[-84.4080291, 33.7421363], [-84.4071788, 33.7423947]]}, "properties": {"surface": "", "highway": "footway"}}, {"type": "Feature", "geometry": {"type": "LineString", "coordinates": [[-84.4071788, 33.7423947], [-84.4068307, 33.742509]]}, "properties": {"surface": "", "highway": "footway"}}, {"type": "Feature", "geometry": {"type": "LineString", "coordinates": [[-84.4068307, 33.742509], [-84.4061481, 33.7427116], [-84.4059849, 33.7427601], [-84.4055278, 33.7429292], [-84.4049794, 33.74313], [-84.4048767, 33.7431677], [-84.4044915, 33.743304], [-84.4042438, 33.7433917], [-84.4040505, 33.7434526]]}, "properties": {"surface": "", "highway": "footway"}}, {"type": "Feature", "geometry": {"type": "LineString", "coordinates": [[-84.4040505, 33.7434526], [-84.4040474, 33.7434429], [-84.4040417, 33.7434246]]}, "properties": {"surface": "", "highway": "footway"}}, {"type": "Feature", "geometry": {"type": "LineString", "coordinates": [[-84.4041002, 33.7436013], [-84.4043521, 33.7435091], [-84.4044383, 33.7434773], [-84.4046476, 33.7434], [-84.4047406, 33.7433657], [-84.4048525, 33.743327], [-84.405561, 33.743072], [-84.4058333, 33.742974], [-84.4065086, 33.7427533], [-84.4067628, 33.7426702]]}, "properties": {"surface": "", "highway": "footway"}}, {"type": "Feature", "geometry": {"type": "LineString", "coordinates": [[-84.4067628, 33.7426702], [-84.4071352, 33.7425584]]}, "properties": {"surface": "", "highway": "footway"}}, {"type": "Feature", "geometry": {"type": "LineString", "coordinates": [[-84.4071352, 33.7425584], [-84.4072139, 33.7425354]]}, "properties": {"surface": "", "highway": "footway"}}, {"type": "Feature", "geometry": {"type": "LineString", "coordinates": [[-84.4072139, 33.7425354], [-84.407349, 33.7424961], [-84.407707, 33.742392], [-84.4080472, 33.742293]]}, "properties": {"surface": "", "highway": "footway"}}, {"type": "Feature", "geometry": {"type": "LineString", "coordinates": [[-84.3830886, 33.7420103], [-84.3830824, 33.7420144], [-84.3830018, 33.7420255], [-84.3829556, 33.7420318], [-84.3828134, 33.7420241], [-84.3825153, 33.7419971], [-84.382096, 33.7419244], [-84.3818619, 33.7418463], [-84.381602, 33.7417395]]}, "properties": {"surface": "", "highway": "footway"}}, {"type": "Feature", "geometry": {"type": "LineString", "coordinates": [[-84.3831602, 33.7419598], [-84.3831104, 33.7419961], [-84.3830886, 33.7420103]]}, "properties": {"surface": "", "highway": "footway"}}, {"type": "Feature", "geometry": {"type": "LineString", "coordinates": [[-84.3830018, 33.7420255], [-84.3829173, 33.7420612], [-84.3824052, 33.7422315], [-84.3820611, 33.7423275], [-84.381623, 33.742373]]}, "properties": {"surface": "", "highway": "footway"}}, {"type": "Feature", "geometry": {"type": "LineString", "coordinates": [[-84.383934, 33.7420835], [-84.3837645, 33.7420829], [-84.3835085, 33.7420861], [-84.3833394, 33.7420997], [-84.3831797, 33.7421221], [-84.383045, 33.7421636], [-84.3828928, 33.7422058], [-84.3826033, 33.7423074], [-84.3824078, 33.7423715], [-84.382356, 33.7423981]]}, "properties": {"surface": "", "highway": "footway"}}, {"type": "Feature", "geometry": {"type": "LineString", "coordinates": [[-84.382356, 33.7423981], [-84.3822969, 33.7424457]]}, "properties": {"surface": "", "highway": "footway"}}, {"type": "Feature", "geometry": {"type": "LineString", "coordinates": [[-84.383934, 33.7420835], [-84.383939, 33.7421057], [-84.38394, 33.7421354], [-84.3839099, 33.7423956], [-84.3839061, 33.7424081], [-84.3838958, 33.7424159], [-84.3838808, 33.7424222], [-84.3838507, 33.7424245], [-84.3832551, 33.7424049]]}, "properties": {"surface": "", "highway": "footway"}}, {"type": "Feature", "geometry": {"type": "LineString", "coordinates": [[-84.3863334, 33.742021], [-84.3863129, 33.7420261]]}, "properties": {"surface": "", "highway": "footway"}}, {"type": "Feature", "geometry": {"type": "LineString", "coordinates": [[-84.3854665, 33.7421147], [-84.3854049, 33.7421157], [-84.38491, 33.7421125], [-84.3842531, 33.7420979], [-84.3840835, 33.7420996], [-84.3840709, 33.7421055], [-84.3840653, 33.742114], [-84.3840511, 33.7422172], [-84.3840022, 33.7427138], [-84.383987, 33.7428693]]}, "properties": {"surface": "", "highway": "footway"}}, {"type": "Feature", "geometry": {"type": "LineString", "coordinates": [[-84.3840709, 33.7421055], [-84.3840534, 33.7420916]]}, "properties": {"surface": "", "highway": "footway"}}, {"type": "Feature", "geometry": {"type": "LineString", "coordinates": [[-84.3876859, 33.7417962], [-84.386806, 33.7418109]]}, "properties": {"surface": "", "highway": "footway"}}, {"type": "Feature", "geometry": {"type": "LineString", "coordinates": [[-84.3918719, 33.7455786], [-84.3921939, 33.7451691]]}, "properties": {"surface": "", "highway": "footway"}}, {"type": "Feature", "geometry": {"type": "LineString", "coordinates": [[-84.3920046, 33.7456513], [-84.3923451, 33.7451819]]}, "properties": {"surface": "", "highway": "footway"}}, {"type": "Feature", "geometry": {"type": "LineString", "coordinates": [[-84.3908541, 33.7317124], [-84.3908602, 33.7311464], [-84.3908562, 33.7309887], [-84.3908665, 33.7304846]]}, "properties": {"surface": "", "highway": "footway"}}, {"type": "Feature", "geometry": {"type": "LineString", "coordinates": [[-84.3909974, 33.7313699], [-84.3910085, 33.7305752], [-84.3910147, 33.7304468]]}, "properties": {"surface": "", "highway": "footway"}}, {"type": "Feature", "geometry": {"type": "LineString", "coordinates": [[-84.3908635, 33.7303851], [-84.3908819, 33.729681], [-84.3908971, 33.7287653], [-84.3909043, 33.728599], [-84.3909268, 33.7285874], [-84.390978, 33.7285895]]}, "properties": {"surface": "", "highway": "footway"}}, {"type": "Feature", "geometry": {"type": "LineString", "coordinates": [[-84.3916953, 33.7304336], [-84.3910805, 33.7304228], [-84.3910502, 33.7304304], [-84.3910147, 33.7304468]]}, "properties": {"surface": "", "highway": "footway"}}, {"type": "Feature", "geometry": {"type": "LineString", "coordinates": [[-84.3910155, 33.730368], [-84.3913806, 33.7303712], [-84.3917241, 33.7303756], [-84.3917596, 33.7303743], [-84.3917888, 33.7303654], [-84.3918337, 33.7303511], [-84.3918674, 33.7303138], [-84.3919033, 33.730249], [-84.3919322, 33.7301789], [-84.3919962, 33.7300292], [-84.3920212, 33.7299671], [-84.3920391, 33.7299169], [-84.3920427, 33.7298869], [-84.3920432, 33.7298143], [-84.3920391, 33.7297584], [-84.3920361, 33.7294695], [-84.3920353, 33.7290316], [-84.392033, 33.7285821], [-84.3920276, 33.7282001], [-84.3920169, 33.7281714], [-84.3919829, 33.7281335], [-84.3919445, 33.7281097], [-84.3918839, 33.7281009], [-84.3918124, 33.7281039], [-84.3917167, 33.7281247], [-84.3916255, 33.7281427], [-84.3915298, 33.7281726], [-84.3913494, 33.7282481], [-84.3912642, 33.7283085], [-84.3911926, 33.7283756], [-84.3911627, 33.7284197], [-84.391131, 33.7284641], [-84.3910594, 33.7285806], [-84.3910455, 33.7286626], [-84.3910387, 33.72885], [-84.3910314, 33.7291514], [-84.3910246, 33.7294906], [-84.3910155, 33.730368]]}, "properties": {"surface": "", "highway": "footway"}}, {"type": "Feature", "geometry": {"type": "LineString", "coordinates": [[-84.3919308, 33.7279324], [-84.3918209, 33.7279666], [-84.3917064, 33.7279933], [-84.3915124, 33.7280432], [-84.391338, 33.7281051], [-84.3912021, 33.7281869], [-84.3911047, 33.7282694], [-84.3910613, 33.7283085]]}, "properties": {"surface": "", "highway": "footway"}}, {"type": "Feature", "geometry": {"type": "LineString", "coordinates": [[-84.3910907, 33.7253686], [-84.3910698, 33.7261727], [-84.3910571, 33.7269836], [-84.3910582, 33.7271284], [-84.3910466, 33.7277969], [-84.3910389, 33.7282775], [-84.3910613, 33.7283085]]}, "properties": {"surface": "", "highway": "footway"}}, {"type": "Feature", "geometry": {"type": "LineString", "coordinates": [[-84.3908981, 33.7284448], [-84.3908998, 33.7283698], [-84.3909113, 33.7277873], [-84.3909288, 33.7265739], [-84.39093, 33.7263089], [-84.3909359, 33.7258582]]}, "properties": {"surface": "", "highway": "footway"}}, {"type": "Feature", "geometry": {"type": "LineString", "coordinates": [[-84.3909374, 33.7257352], [-84.3909446, 33.7252213]]}, "properties": {"surface": "", "highway": "footway"}}, {"type": "Feature", "geometry": {"type": "LineString", "coordinates": [[-84.3895808, 33.7257362], [-84.3909374, 33.7257352]]}, "properties": {"surface": "", "highway": "footway"}}, {"type": "Feature", "geometry": {"type": "LineString", "coordinates": [[-84.3909359, 33.7258582], [-84.389579, 33.7258523]]}, "properties": {"surface": "", "highway": "footway"}}, {"type": "Feature", "geometry": {"type": "LineString", "coordinates": [[-84.3895808, 33.7257362], [-84.3895622, 33.7250727]]}, "properties": {"surface": "", "highway": "footway"}}, {"type": "Feature", "geometry": {"type": "LineString", "coordinates": [[-84.3895179, 33.7317014], [-84.3895093, 33.7313752], [-84.389517, 33.7304524]]}, "properties": {"surface": "", "highway": "footway"}}, {"type": "Feature", "geometry": {"type": "LineString", "coordinates": [[-84.3893622, 33.7317014], [-84.3893666, 33.7313188], [-84.3893732, 33.7304513]]}, "properties": {"surface": "", "highway": "footway"}}, {"type": "Feature", "geometry": {"type": "LineString", "coordinates": [[-84.3895596, 33.7283276], [-84.389579, 33.7258523]]}, "properties": {"surface": "", "highway": "footway"}}, {"type": "Feature", "geometry": {"type": "LineString", "coordinates": [[-84.3894521, 33.7266773], [-84.3894428, 33.7269281], [-84.3894327, 33.7274354], [-84.3894168, 33.7286168], [-84.3893776, 33.7303634]]}, "properties": {"surface": "", "highway": "footway"}}, {"type": "Feature", "geometry": {"type": "LineString", "coordinates": [[-84.3895179, 33.7303609], [-84.3895343, 33.7294376], [-84.3895581, 33.7284412]]}, "properties": {"surface": "", "highway": "footway"}}, {"type": "Feature", "geometry": {"type": "LineString", "coordinates": [[-84.3908665, 33.7304846], [-84.3908417, 33.7304638], [-84.3908211, 33.7304599], [-84.3907733, 33.7304584], [-84.3906901, 33.7304584], [-84.389517, 33.7304524]]}, "properties": {"surface": "", "highway": "footway"}}, {"type": "Feature", "geometry": {"type": "LineString", "coordinates": [[-84.3908635, 33.7303851], [-84.3895693, 33.7303771], [-84.3895532, 33.7303759], [-84.3895353, 33.7303722], [-84.3895179, 33.7303609]]}, "properties": {"surface": "", "highway": "footway"}}, {"type": "Feature", "geometry": {"type": "LineString", "coordinates": [[-84.3893732, 33.7304513], [-84.3880862, 33.730431], [-84.3880665, 33.7304321], [-84.3880418, 33.7304459]]}, "properties": {"surface": "", "highway": "footway"}}, {"type": "Feature", "geometry": {"type": "LineString", "coordinates": [[-84.3893776, 33.7303634], [-84.3893396, 33.7303696], [-84.3893026, 33.7303726], [-84.3887398, 33.7303669], [-84.3880418, 33.7303543]]}, "properties": {"surface": "", "highway": "footway"}}, {"type": "Feature", "geometry": {"type": "LineString", "coordinates": [[-84.3880418, 33.7304459], [-84.3880352, 33.730702], [-84.3880202, 33.7316901]]}, "properties": {"surface": "", "highway": "footway"}}, {"type": "Feature", "geometry": {"type": "LineString", "coordinates": [[-84.3894521, 33.7266773], [-84.3894118, 33.7266689], [-84.3893674, 33.7266633], [-84.3891254, 33.7266494], [-84.3888041, 33.7266384], [-84.3884615, 33.7266195], [-84.3882735, 33.7266121], [-84.388194, 33.7266092], [-84.3881235, 33.7266174]]}, "properties": {"surface": "", "highway": "footway"}}, {"type": "Feature", "geometry": {"type": "LineString", "coordinates": [[-84.3908998, 33.7283698], [-84.3908559, 33.7283766], [-84.3908162, 33.7283819], [-84.3907436, 33.7283799], [-84.3906742, 33.7283774], [-84.3896178, 33.728353], [-84.3895955, 33.7283468], [-84.3895596, 33.7283276]]}, "properties": {"surface": "", "highway": "footway"}}, {"type": "Feature", "geometry": {"type": "LineString", "coordinates": [[-84.3923516, 33.7265743], [-84.392336, 33.7265165], [-84.3923024, 33.7264154], [-84.3922729, 33.7263418], [-84.392176, 33.726187], [-84.3918924, 33.7259158], [-84.3918452, 33.7258719], [-84.3917467, 33.7257799], [-84.3913241, 33.7253856], [-84.3912068, 33.7252776], [-84.3908785, 33.7249756], [-84.3901132, 33.7242486], [-84.3899091, 33.7240779], [-84.3897993, 33.7239523], [-84.3897531, 33.7239132], [-84.3896958, 33.7238381], [-84.3896091, 33.7237147], [-84.3895749, 33.723679], [-84.389532, 33.7236314], [-84.3894896, 33.7235663], [-84.3892048, 33.7231639], [-84.3890969, 33.7230114], [-84.3887495, 33.7225243], [-84.3886254, 33.722331], [-84.3885607, 33.7222438], [-84.3885042, 33.7221926], [-84.3884466, 33.7221723], [-84.3883738, 33.7221638], [-84.3882354, 33.7221466]]}, "properties": {"surface": "", "highway": "footway"}}, {"type": "Feature", "geometry": {"type": "LineString", "coordinates": [[-84.3881428, 33.7224976], [-84.388288, 33.7224898], [-84.3884438, 33.7224731], [-84.3885122, 33.72248], [-84.3885606, 33.7225016], [-84.3886644, 33.7226164], [-84.3887234, 33.7227125], [-84.3887485, 33.7227483], [-84.3887746, 33.7227854], [-84.3890674, 33.7232026], [-84.3890934, 33.7232385], [-84.3893929, 33.7236527], [-84.3894669, 33.7237655], [-84.3895429, 33.723868], [-84.3896517, 33.7240064], [-84.3897853, 33.7241379], [-84.3899537, 33.7243053], [-84.390155, 33.7244899], [-84.3906329, 33.7249273]]}, "properties": {"surface": "", "highway": "footway"}}, {"type": "Feature", "geometry": {"type": "LineString", "coordinates": [[-84.3923092, 33.726826], [-84.3921758, 33.7264783], [-84.3920877, 33.7262857], [-84.3920216, 33.7262033], [-84.3918986, 33.726095], [-84.3916944, 33.7259104], [-84.3910907, 33.7253686]]}, "properties": {"surface": "", "highway": "footway"}}, {"type": "Feature", "geometry": {"type": "LineString", "coordinates": [[-84.388157, 33.7249562], [-84.3881949, 33.7249648], [-84.3882593, 33.7249636], [-84.3888508, 33.7249648], [-84.3905853, 33.7249399], [-84.3906111, 33.7249362], [-84.3906267, 33.7249333], [-84.3906329, 33.7249273]]}, "properties": {"surface": "", "highway": "footway"}}, {"type": "Feature", "geometry": {"type": "LineString", "coordinates": [[-84.3897729, 33.7250515], [-84.3907414, 33.7250361]]}, "properties": {"surface": "", "highway": "footway"}}, {"type": "Feature", "geometry": {"type": "LineString", "coordinates": [[-84.3866572, 33.7244435], [-84.386144, 33.7242331], [-84.3859982, 33.7241723], [-84.385899, 33.7241135], [-84.3858024, 33.7240377], [-84.38573, 33.7239507], [-84.385674, 33.7238762], [-84.385567, 33.723729]]}, "properties": {"surface": "", "highway": "footway"}}, {"type": "Feature", "geometry": {"type": "LineString", "coordinates": [[-84.3851381, 33.7254624], [-84.3843153, 33.7254422]]}, "properties": {"surface": "", "highway": "footway"}}, {"type": "Feature", "geometry": {"type": "LineString", "coordinates": [[-84.3860803, 33.7254942], [-84.386088, 33.7255427], [-84.386088, 33.7256301], [-84.386091, 33.7257249], [-84.3860923, 33.7257774], [-84.3860927, 33.7259024], [-84.3860998, 33.7259082], [-84.3861074, 33.7259114], [-84.3861254, 33.7259138], [-84.3861465, 33.7259156]]}, "properties": {"surface": "", "highway": "footway"}}, {"type": "Feature", "geometry": {"type": "LineString", "coordinates": [[-84.3860803, 33.7254942], [-84.3860564, 33.7254848], [-84.3856104, 33.7254739], [-84.3852813, 33.7254658]]}, "properties": {"surface": "", "highway": "footway"}}, {"type": "Feature", "geometry": {"type": "LineString", "coordinates": [[-84.3832728, 33.7253429], [-84.3832761, 33.7253104], [-84.3832985, 33.7252997], [-84.3833533, 33.7253026], [-84.3833689, 33.7253076], [-84.3833811, 33.7253082], [-84.3833913, 33.7253057], [-84.3834079, 33.7252904], [-84.3834306, 33.7252842], [-84.3835099, 33.725289], [-84.3841835, 33.7253094], [-84.3842396, 33.7253084], [-84.3843526, 33.7253118], [-84.3851361, 33.7253295]]}, "properties": {"surface": "", "highway": "footway"}}, {"type": "Feature", "geometry": {"type": "LineString", "coordinates": [[-84.3852557, 33.7253318], [-84.3861161, 33.7253563], [-84.3861595, 33.7253572], [-84.386372, 33.7253635], [-84.3868139, 33.7253761]]}, "properties": {"surface": "", "highway": "footway"}}, {"type": "Feature", "geometry": {"type": "LineString", "coordinates": [[-84.3833846, 33.7264369], [-84.3834081, 33.7264468], [-84.3841464, 33.7264721], [-84.3841793, 33.7264519]]}, "properties": {"surface": "", "highway": "footway"}}, {"type": "Feature", "geometry": {"type": "LineString", "coordinates": [[-84.3842766, 33.7264547], [-84.3842779, 33.7263193], [-84.3842788, 33.726278], [-84.3842775, 33.7262553], [-84.3842779, 33.7262326], [-84.3842851, 33.72622], [-84.38429, 33.7262089], [-84.3842954, 33.7261914], [-84.3842931, 33.7261773], [-84.3842972, 33.7261246], [-84.3842994, 33.7260592], [-84.3842958, 33.7260439], [-84.384286, 33.7260361], [-84.3842668, 33.7260342], [-84.3842283, 33.7260343]]}, "properties": {"surface": "", "highway": "footway"}}, {"type": "Feature", "geometry": {"type": "LineString", "coordinates": [[-84.3869774, 33.7283323], [-84.3870251, 33.7283341]]}, "properties": {"surface": "", "highway": "footway"}}, {"type": "Feature", "geometry": {"type": "LineString", "coordinates": [[-84.3833161, 33.7315627], [-84.3842913, 33.7315922]]}, "properties": {"surface": "", "highway": "footway"}}, {"type": "Feature", "geometry": {"type": "LineString", "coordinates": [[-84.3842838, 33.7316048], [-84.3842913, 33.7315922]]}, "properties": {"surface": "", "highway": "footway"}}, {"type": "Feature", "geometry": {"type": "LineString", "coordinates": [[-84.3919308, 33.7279324], [-84.3919653, 33.727913], [-84.391994, 33.7278814], [-84.3920269, 33.7278165], [-84.3920269, 33.7277319], [-84.3920289, 33.7275679], [-84.3920381, 33.7273847], [-84.3920628, 33.7272633], [-84.3920896, 33.7271748], [-84.3921602, 33.7270475], [-84.3923092, 33.726826]]}, "properties": {"surface": "", "highway": "footway"}}, {"type": "Feature", "geometry": {"type": "LineString", "coordinates": [[-84.3924038, 33.7270713], [-84.3923618, 33.7270504], [-84.3923083, 33.7270634], [-84.3922697, 33.7270927], [-84.3921843, 33.7272961], [-84.3921563, 33.7275445], [-84.3921546, 33.727665], [-84.3921582, 33.7281222]]}, "properties": {"surface": "", "highway": "footway"}}, {"type": "Feature", "geometry": {"type": "LineString", "coordinates": [[-84.3862263, 33.7420498], [-84.3861581, 33.7420661], [-84.3860018, 33.7420896], [-84.3858132, 33.7421042], [-84.3855678, 33.7421121]]}, "properties": {"surface": "", "highway": "footway"}}, {"type": "Feature", "geometry": {"type": "LineString", "coordinates": [[-84.3843061, 33.7257802], [-84.3842981, 33.7257937], [-84.3842885, 33.7257983], [-84.3842686, 33.7258045], [-84.3842304, 33.7258094]]}, "properties": {"surface": "", "highway": "footway"}}, {"type": "Feature", "geometry": {"type": "LineString", "coordinates": [[-84.3842467, 33.7286353], [-84.3842403, 33.7286544], [-84.3842338, 33.7286654], [-84.3842219, 33.728675], [-84.3841817, 33.7286821]]}, "properties": {"surface": "", "highway": "footway"}}, {"type": "Feature", "geometry": {"type": "LineString", "coordinates": [[-84.3855726, 33.7241125], [-84.3852966, 33.7237277], [-84.3850463, 33.7233417]]}, "properties": {"surface": "", "highway": "footway"}}, {"type": "Feature", "geometry": {"type": "LineString", "coordinates": [[-84.3863056, 33.7344709], [-84.3863027, 33.7348288], [-84.3863038, 33.7348687]]}, "properties": {"surface": "", "highway": "footway"}}, {"type": "Feature", "geometry": {"type": "LineString", "coordinates": [[-84.3864466, 33.7344788], [-84.3864182, 33.7351019], [-84.3864176, 33.735123], [-84.386421, 33.7351415], [-84.3864266, 33.7351541], [-84.3864322, 33.7351707], [-84.3864357, 33.7351901], [-84.3864366, 33.735211], [-84.3864334, 33.735548], [-84.3864324, 33.7355661]]}, "properties": {"surface": "", "highway": "footway"}}, {"type": "Feature", "geometry": {"type": "LineString", "coordinates": [[-84.3864334, 33.735548], [-84.3876629, 33.7355466], [-84.3876741, 33.7355496], [-84.387682, 33.7355542], [-84.3876897, 33.7355609], [-84.3876954, 33.7355654], [-84.3877028, 33.7355678], [-84.3877137, 33.7355687], [-84.3877335, 33.7355689], [-84.3877883, 33.7355703]]}, "properties": {"surface": "", "highway": "footway"}}, {"type": "Feature", "geometry": {"type": "LineString", "coordinates": [[-84.3863177, 33.7356312], [-84.3863032, 33.7356309]]}, "properties": {"surface": "", "highway": "footway"}}, {"type": "Feature", "geometry": {"type": "LineString", "coordinates": [[-84.3863053, 33.7356186], [-84.3863032, 33.7356309]]}, "properties": {"surface": "", "highway": "footway"}}, {"type": "Feature", "geometry": {"type": "LineString", "coordinates": [[-84.3864334, 33.735548], [-84.3864122, 33.7355494]]}, "properties": {"surface": "", "highway": "footway"}}, {"type": "Feature", "geometry": {"type": "LineString", "coordinates": [[-84.3842498, 33.7343765], [-84.3842432, 33.7343766], [-84.384239, 33.7343766], [-84.3842361, 33.7343777], [-84.3842344, 33.7343791], [-84.3842329, 33.7343816], [-84.3842324, 33.7343837]]}, "properties": {"surface": "", "highway": "footway"}}, {"type": "Feature", "geometry": {"type": "LineString", "coordinates": [[-84.4136713, 33.7319521], [-84.4136623, 33.7319528], [-84.4136542, 33.7319548]]}, "properties": {"surface": "", "highway": "footway"}}, {"type": "Feature", "geometry": {"type": "LineString", "coordinates": [[-84.4135447, 33.7321601], [-84.4135416, 33.7321535], [-84.4135404, 33.7321472], [-84.4135422, 33.732137]]}, "properties": {"surface": "", "highway": "footway"}}, {"type": "Feature", "geometry": {"type": "LineString", "coordinates": [[-84.4049013, 33.7269644], [-84.4048858, 33.7269644]]}, "properties": {"surface": "", "highway": "footway"}}, {"type": "Feature", "geometry": {"type": "LineString", "coordinates": [[-84.4078409, 33.7257813], [-84.4069934, 33.725778]]}, "properties": {"surface": "", "highway": "footway"}}, {"type": "Feature", "geometry": {"type": "LineString", "coordinates": [[-84.4110707, 33.7222613], [-84.4110726, 33.7222913], [-84.4110788, 33.7223078], [-84.411093, 33.7223133], [-84.4111234, 33.7223141], [-84.4111314, 33.7223189], [-84.4111352, 33.7223311], [-84.4111371, 33.7224664], [-84.4111362, 33.7224802], [-84.4111257, 33.7224869], [-84.4111068, 33.7224892], [-84.4110271, 33.7224916], [-84.4109863, 33.7224991], [-84.4109688, 33.722507], [-84.4109603, 33.7225176], [-84.4109536, 33.7225298], [-84.4109527, 33.7225405], [-84.4109612, 33.722561], [-84.4110788, 33.7227665], [-84.4111656, 33.7229163], [-84.4111741, 33.7229238], [-84.4112021, 33.7229376], [-84.4112462, 33.7229435], [-84.4112803, 33.7229435], [-84.4113107, 33.7229349], [-84.4115947, 33.7228244]]}, "properties": {"surface": "", "highway": "footway"}}, {"type": "Feature", "geometry": {"type": "LineString", "coordinates": [[-84.4134015, 33.7316442], [-84.413156, 33.7320264], [-84.4130554, 33.7322384], [-84.4128809, 33.7325919], [-84.4128, 33.732775], [-84.4127935, 33.732791], [-84.4127869, 33.7328004], [-84.4127725, 33.7328052]]}, "properties": {"surface": "", "highway": "footway"}}, {"type": "Feature", "geometry": {"type": "LineString", "coordinates": [[-84.4123293, 33.7383213], [-84.412317, 33.7383404]]}, "properties": {"surface": "", "highway": "footway"}}, {"type": "Feature", "geometry": {"type": "LineString", "coordinates": [[-84.4123285, 33.7381548], [-84.4123273, 33.7381669]]}, "properties": {"surface": "", "highway": "footway"}}, {"type": "Feature", "geometry": {"type": "LineString", "coordinates": [[-84.3999756, 33.7221904], [-84.3999756, 33.7221732]]}, "properties": {"surface": "", "highway": "footway"}}, {"type": "Feature", "geometry": {"type": "LineString", "coordinates": [[-84.3999695, 33.722081], [-84.3999717, 33.7220624]]}, "properties": {"surface": "", "highway": "footway"}}, {"type": "Feature", "geometry": {"type": "LineString", "coordinates": [[-84.3863334, 33.742021], [-84.3863355, 33.7420044]]}, "properties": {"surface": "", "highway": "footway"}}, {"type": "Feature", "geometry": {"type": "LineString", "coordinates": [[-84.386357, 33.7418538], [-84.3863744, 33.7418396]]}, "properties": {"surface": "", "highway": "footway"}}, {"type": "Feature", "geometry": {"type": "LineString", "coordinates": [[-84.3910143, 33.7384766], [-84.3907738, 33.7384836], [-84.390238, 33.7384836], [-84.3898051, 33.7384849], [-84.3896732, 33.7384616], [-84.3895922, 33.7384324], [-84.3894978, 33.7383788], [-84.3893273, 33.7382853], [-84.3891845, 33.7381688], [-84.3890688, 33.7380996], [-84.3889843, 33.738068], [-84.3888317, 33.7380312], [-84.3884022, 33.7380288], [-84.388369, 33.7380282], [-84.3882274, 33.7380257], [-84.3879806, 33.73802]]}, "properties": {"surface": "", "highway": "footway"}}, {"type": "Feature", "geometry": {"type": "LineString", "coordinates": [[-84.3877914, 33.7344899], [-84.3864466, 33.7344788]]}, "properties": {"surface": "", "highway": "footway"}}, {"type": "Feature", "geometry": {"type": "LineString", "coordinates": [[-84.4025414, 33.7207596], [-84.4016064, 33.7207547], [-84.4015503, 33.7207534], [-84.4014835, 33.7207534]]}, "properties": {"surface": "", "highway": "footway"}}, {"type": "Feature", "geometry": {"type": "LineString", "coordinates": [[-84.3911112, 33.7387609], [-84.3910917, 33.7386757], [-84.3910143, 33.7384766], [-84.3910047, 33.738452]]}, "properties": {"surface": "", "highway": "footway"}}, {"type": "Feature", "geometry": {"type": "LineString", "coordinates": [[-84.4160918, 33.7282211], [-84.4162172, 33.7280542], [-84.4163377, 33.7279045], [-84.4163647, 33.7278722]]}, "properties": {"surface": "", "highway": "footway"}}, {"type": "Feature", "geometry": {"type": "LineString", "coordinates": [[-84.4163647, 33.7278722], [-84.4165346, 33.7276642]]}, "properties": {"surface": "", "highway": "footway"}}, {"type": "Feature", "geometry": {"type": "LineString", "coordinates": [[-84.3878904, 33.7449401], [-84.3878907, 33.7449024]]}, "properties": {"surface": "", "highway": "footway"}}, {"type": "Feature", "geometry": {"type": "LineString", "coordinates": [[-84.3878904, 33.7449401], [-84.387887, 33.7451433], [-84.3878796, 33.7459645]]}, "properties": {"surface": "", "highway": "footway"}}, {"type": "Feature", "geometry": {"type": "LineString", "coordinates": [[-84.3878796, 33.7459645], [-84.3878806, 33.7462443], [-84.3878804, 33.7462661], [-84.3878847, 33.7463439], [-84.3879159, 33.7464477], [-84.387974, 33.7465433], [-84.3880677, 33.7466495], [-84.3881921, 33.7467297], [-84.3882792, 33.7467698], [-84.3884259, 33.7468013], [-84.3884545, 33.7468076], [-84.3885284, 33.7468155]]}, "properties": {"surface": "", "highway": "footway"}}, {"type": "Feature", "geometry": {"type": "LineString", "coordinates": [[-84.3869686, 33.7467816], [-84.387208, 33.7467794], [-84.3875163, 33.7467725], [-84.3875757, 33.746783], [-84.3875795, 33.7465024]]}, "properties": {"surface": "", "highway": "footway"}}, {"type": "Feature", "geometry": {"type": "LineString", "coordinates": [[-84.3862863, 33.7467857], [-84.3867432, 33.7467888], [-84.3869093, 33.746787], [-84.3869686, 33.7467816]]}, "properties": {"surface": "", "highway": "footway"}}, {"type": "Feature", "geometry": {"type": "LineString", "coordinates": [[-84.3866793, 33.7470091], [-84.3868404, 33.7470319], [-84.3868895, 33.7470394], [-84.3869453, 33.7470479], [-84.3873668, 33.7470479], [-84.3875518, 33.7470665]]}, "properties": {"surface": "", "highway": "footway"}}, {"type": "Feature", "geometry": {"type": "LineString", "coordinates": [[-84.3875899, 33.7462431], [-84.3875875, 33.7463013], [-84.3875795, 33.7465024]]}, "properties": {"surface": "", "highway": "footway"}}]}