{"type": "FeatureCollection", "features": [{"type": "Feature", "geometry": {"type": "Polygon", "coordinates": [[[-84.3492758, 33.7654248], [-84.3497766, 33.7650194], [-84.3497718, 33.7650128], [-84.3497511, 33.7650168], [-84.3497151, 33.7650168], [-84.3494371, 33.765019], [-84.3494157, 33.7650045], [-84.3493634, 33.7650115], [-84.3493431, 33.765023], [-84.3493316, 33.7650434], [-84.3493319, 33.7650588], [-84.3493315, 33.7650668], [-84.3493255, 33.7650872], [-84.349323, 33.765114], [-84.3493241, 33.7652207], [-84.3493028, 33.7653143], [-84.3492855, 33.7653864], [-84.3492758, 33.7654248]]]}, "properties": {"surface": "paving_stones", "highway": "pedestrian"}}, {"type": "Feature", "geometry": {"type": "LineString", "coordinates": [[-84.3570901, 33.7640306], [-84.3571131, 33.7639681], [-84.3572931, 33.7634783], [-84.3573044, 33.7634384], [-84.357264, 33.763385]]}, "properties": {"surface": "asphalt", "highway": "residential"}}, {"type": "Feature", "geometry": {"type": "LineString", "coordinates": [[-84.3557157, 33.764813], [-84.3556449, 33.7647537], [-84.3556092, 33.7646973], [-84.3556122, 33.7646693], [-84.3556203, 33.7646415], [-84.3557475, 33.7645456], [-84.3557674, 33.7645246], [-84.3558066, 33.7644341], [-84.3558237, 33.7643716]]}, "properties": {"surface": "concrete", "highway": "path"}}, {"type": "Feature", "geometry": {"type": "LineString", "coordinates": [[-84.3564034, 33.764316], [-84.3563471, 33.7642477], [-84.3563263, 33.7642354], [-84.3563, 33.7642265], [-84.356233, 33.7642255], [-84.3561659, 33.7642538], [-84.3560471, 33.7643315], [-84.3560042, 33.7643514], [-84.3559265, 33.7643665], [-84.3558748, 33.7643715], [-84.3558237, 33.7643716], [-84.355777, 33.7643572], [-84.3557219, 33.7643271], [-84.3556792, 33.7642811], [-84.3556434, 33.7642447]]}, "properties": {"surface": "concrete", "highway": "path"}}, {"type": "Feature", "geometry": {"type": "LineString", "coordinates": [[-84.3556005, 33.7641952], [-84.3556127, 33.7641918], [-84.3556275, 33.7641924], [-84.3556392, 33.7641969], [-84.3556483, 33.7642044], [-84.3556537, 33.7642135], [-84.3556551, 33.7642241], [-84.3556529, 33.7642328], [-84.3556434, 33.7642447], [-84.3556326, 33.7642505], [-84.3556201, 33.7642529], [-84.3556101, 33.7642521], [-84.3555982, 33.764248], [-84.3555889, 33.7642409], [-84.355583, 33.7642315], [-84.3555821, 33.7642156], [-84.3555869, 33.7642057], [-84.3556005, 33.7641952]]}, "properties": {"surface": "concrete", "highway": "path"}}, {"type": "Feature", "geometry": {"type": "LineString", "coordinates": [[-84.3597938, 33.7737044], [-84.3597413, 33.7736307], [-84.3597197, 33.7735764], [-84.359682, 33.7735461], [-84.3596074, 33.7735373], [-84.3593365, 33.7734823], [-84.3592353, 33.7733539], [-84.3591977, 33.7732112], [-84.3591709, 33.7730284], [-84.3590851, 33.7728678], [-84.3589295, 33.772685], [-84.3588692, 33.7725581], [-84.3588852, 33.7723434], [-84.3588551, 33.7722258], [-84.358785, 33.7721289], [-84.3586718, 33.7720351], [-84.3584679, 33.7718947], [-84.3584055, 33.7717593], [-84.3584383, 33.7715239], [-84.3585325, 33.7714052], [-84.3586986, 33.7713191], [-84.3588557, 33.7713106], [-84.3592243, 33.7711913], [-84.359306, 33.7711628]]}, "properties": {"surface": "paved", "highway": "path"}}, {"type": "Feature", "geometry": {"type": "LineString", "coordinates": [[-84.365621, 33.757572], [-84.3655662, 33.7575717], [-84.3654465, 33.7575689], [-84.3651849, 33.7575642], [-84.365038, 33.7575616], [-84.3648923, 33.7575617]]}, "properties": {"surface": "asphalt", "highway": "residential"}}, {"type": "Feature", "geometry": {"type": "LineString", "coordinates": [[-84.3537133, 33.7691945], [-84.3537243, 33.7692097], [-84.3537577, 33.7692311], [-84.3537782, 33.7692337], [-84.3538048, 33.7692267], [-84.3538266, 33.7691979], [-84.3538244, 33.769169], [-84.3538094, 33.7691491]]}, "properties": {"surface": "", "highway": "path"}}, {"type": "Feature", "geometry": {"type": "LineString", "coordinates": [[-84.3488795, 33.7691088], [-84.348693, 33.7691637]]}, "properties": {"surface": "", "highway": "path"}}, {"type": "Feature", "geometry": {"type": "LineString", "coordinates": [[-84.344304, 33.7740561], [-84.3442964, 33.7740865], [-84.3444009, 33.7741722], [-84.3445646, 33.7743698], [-84.3447875, 33.7745806], [-84.3448595, 33.774645], [-84.34487, 33.7746672]]}, "properties": {"surface": "", "highway": "footway"}}, {"type": "Feature", "geometry": {"type": "LineString", "coordinates": [[-84.3550339, 33.7635296], [-84.3549417, 33.7635957], [-84.3549003, 33.7636254]]}, "properties": {"surface": "concrete", "highway": "footway"}}, {"type": "Feature", "geometry": {"type": "LineString", "coordinates": [[-84.355706, 33.7623015], [-84.3556931, 33.7623056], [-84.3556826, 33.7623132], [-84.3556777, 33.7623197], [-84.3556739, 33.7623308], [-84.3556762, 33.7623455], [-84.3556832, 33.7623555], [-84.3556976, 33.7623644], [-84.355711, 33.7623672], [-84.3557263, 33.7623655]]}, "properties": {"surface": "concrete", "highway": "path"}}, {"type": "Feature", "geometry": {"type": "LineString", "coordinates": [[-84.3548396, 33.7617472], [-84.3546653, 33.7617672], [-84.3546371, 33.7617706], [-84.3545245, 33.7617695], [-84.3543756, 33.7617238], [-84.3542857, 33.7616702], [-84.3542348, 33.7616245]]}, "properties": {"surface": "concrete", "highway": "footway"}}, {"type": "Feature", "geometry": {"type": "LineString", "coordinates": [[-84.3548753, 33.7609279], [-84.3548986, 33.7609388], [-84.3549322, 33.7609589], [-84.3549402, 33.7609912], [-84.3549268, 33.7610258], [-84.3548879, 33.7610682], [-84.3548557, 33.7611172], [-84.3548329, 33.7611618], [-84.3548021, 33.7613168], [-84.3547887, 33.7613659], [-84.3547377, 33.7615309], [-84.3547323, 33.7616658], [-84.3547565, 33.7617037], [-84.3547873, 33.7617293], [-84.3548396, 33.7617472]]}, "properties": {"surface": "concrete", "highway": "path"}}, {"type": "Feature", "geometry": {"type": "LineString", "coordinates": [[-84.3582376, 33.7689784], [-84.3581759, 33.7689951], [-84.3580833, 33.7690341], [-84.3579814, 33.7690821], [-84.357917, 33.7691311], [-84.3578634, 33.7691846], [-84.3577807, 33.7692969]]}, "properties": {"surface": "paved", "highway": "path"}}, {"type": "Feature", "geometry": {"type": "LineString", "coordinates": [[-84.3579814, 33.7690821], [-84.3579036, 33.7690754], [-84.3578553, 33.7690587], [-84.3578, 33.7690004]]}, "properties": {"surface": "paved", "highway": "path"}}, {"type": "Feature", "geometry": {"type": "LineString", "coordinates": [[-84.3586718, 33.7720351], [-84.358664, 33.7723652], [-84.358737, 33.772364]]}, "properties": {"surface": "", "highway": "path"}}, {"type": "Feature", "geometry": {"type": "LineString", "coordinates": [[-84.355425, 33.7686869], [-84.3552729, 33.7688263], [-84.3552598, 33.7688416]]}, "properties": {"surface": "", "highway": "path"}}, {"type": "Feature", "geometry": {"type": "LineString", "coordinates": [[-84.3588692, 33.7725581], [-84.3587355, 33.7725558]]}, "properties": {"surface": "", "highway": "path"}}, {"type": "Feature", "geometry": {"type": "LineString", "coordinates": [[-84.3582979, 33.770547], [-84.3583194, 33.7705937], [-84.3583489, 33.7706082], [-84.3584039, 33.7706283], [-84.358432, 33.7706439], [-84.3584682, 33.7706796], [-84.3584937, 33.7707264], [-84.3585111, 33.7707966], [-84.3585286, 33.7708323], [-84.3585541, 33.7708613], [-84.3586035, 33.7708755]]}, "properties": {"surface": "paved", "highway": "path"}}, {"type": "Feature", "geometry": {"type": "LineString", "coordinates": [[-84.3575469, 33.7696852], [-84.3576743, 33.7697354], [-84.3578151, 33.769848], [-84.3578406, 33.7698836], [-84.357846, 33.769916], [-84.3578379, 33.7699561], [-84.3578164, 33.7700163], [-84.3578071, 33.7700598], [-84.3578164, 33.7701111], [-84.3578325, 33.7701423], [-84.3578768, 33.7701702], [-84.3579573, 33.7701936], [-84.3580592, 33.7702192], [-84.3581158, 33.7702444], [-84.3582094, 33.7702839], [-84.3582523, 33.7703218], [-84.3582805, 33.7703675], [-84.3582912, 33.7704399], [-84.3582979, 33.770547], [-84.3582791, 33.770587], [-84.3582443, 33.7706093], [-84.3581946, 33.770625], [-84.3581504, 33.7706394], [-84.3581289, 33.7706595], [-84.3581209, 33.7706963], [-84.3581142, 33.7708256], [-84.3581008, 33.7708892]]}, "properties": {"surface": "paved", "highway": "path"}}, {"type": "Feature", "geometry": {"type": "LineString", "coordinates": [[-84.3578313, 33.7694446], [-84.3577628, 33.7694834], [-84.3576153, 33.7696339], [-84.3575469, 33.7696852], [-84.3574865, 33.7696941], [-84.3574289, 33.7696941], [-84.3573243, 33.7697019], [-84.3572518, 33.769741], [-84.3571794, 33.7697699], [-84.3571043, 33.76978], [-84.3570239, 33.7697777], [-84.3569434, 33.7697655], [-84.3568723, 33.7697443], [-84.3568146, 33.7697175], [-84.3567449, 33.7696718], [-84.3567167, 33.769664], [-84.3566792, 33.7696663], [-84.3566066, 33.7697043]]}, "properties": {"surface": "paved", "highway": "path"}}, {"type": "Feature", "geometry": {"type": "LineString", "coordinates": [[-84.3591455, 33.7703621], [-84.3591391, 33.7704508], [-84.359124, 33.7705247], [-84.3591052, 33.7705815], [-84.3590623, 33.7706484], [-84.3590208, 33.7706974], [-84.3589631, 33.7707576], [-84.3588866, 33.7708122], [-84.3588223, 33.7708435], [-84.3587606, 33.7708613], [-84.3586035, 33.7708755], [-84.358432, 33.7708858], [-84.3583569, 33.7708802], [-84.358255, 33.7708702], [-84.3581732, 33.7708669], [-84.3581236, 33.7708724], [-84.3581008, 33.7708892], [-84.3580806, 33.7709237], [-84.3580628, 33.7710353], [-84.3580545, 33.771087]]}, "properties": {"surface": "paved", "highway": "path"}}, {"type": "Feature", "geometry": {"type": "LineString", "coordinates": [[-84.3589631, 33.7707576], [-84.3590154, 33.7707543], [-84.3590409, 33.7707621], [-84.3590838, 33.7707877], [-84.359128, 33.7708223], [-84.3592135, 33.7709147]]}, "properties": {"surface": "paved", "highway": "path"}}, {"type": "Feature", "geometry": {"type": "LineString", "coordinates": [[-84.3576153, 33.7696339], [-84.3576743, 33.7697354]]}, "properties": {"surface": "paved", "highway": "path"}}, {"type": "Feature", "geometry": {"type": "LineString", "coordinates": [[-84.3522041, 33.7631892], [-84.3521928, 33.7631987], [-84.351638, 33.7636202], [-84.3511279, 33.7640128], [-84.350403, 33.7645711], [-84.3503743, 33.7645986]]}, "properties": {"surface": "concrete", "highway": "footway"}}, {"type": "Feature", "geometry": {"type": "LineString", "coordinates": [[-84.3549563, 33.7633081], [-84.3545737, 33.76324], [-84.35448, 33.763225]]}, "properties": {"surface": "concrete", "highway": "footway"}}, {"type": "Feature", "geometry": {"type": "LineString", "coordinates": [[-84.3570022, 33.7642679], [-84.3570132, 33.7641922], [-84.3570801, 33.7640856], [-84.3570932, 33.7640663], [-84.3570901, 33.7640306]]}, "properties": {"surface": "concrete", "highway": "path"}}, {"type": "Feature", "geometry": {"type": "LineString", "coordinates": [[-84.3519608, 33.7686252], [-84.3520175, 33.7686494], [-84.3520256, 33.768654], [-84.3521181, 33.7687063], [-84.3521838, 33.7687487], [-84.3522455, 33.7688044], [-84.3522898, 33.768849], [-84.3523177, 33.7689013], [-84.3523472, 33.7689514], [-84.3523826, 33.7689937], [-84.3524172, 33.769043], [-84.3524532, 33.7690256]]}, "properties": {"surface": "", "highway": "path"}}, {"type": "Feature", "geometry": {"type": "LineString", "coordinates": [[-84.3495576, 33.7697946], [-84.3495177, 33.7697476], [-84.3494641, 33.7696985], [-84.3494051, 33.7696751], [-84.3493313, 33.7696483], [-84.349279, 33.7696216], [-84.3492106, 33.7695759], [-84.3491369, 33.7695235]]}, "properties": {"surface": "", "highway": "footway"}}, {"type": "Feature", "geometry": {"type": "LineString", "coordinates": [[-84.345284, 33.770076], [-84.3453308, 33.7701159], [-84.3453629, 33.7701706], [-84.345374, 33.7702052], [-84.3453789, 33.7702447], [-84.3453853, 33.7703133]]}, "properties": {"surface": "concrete", "highway": "path"}}, {"type": "Feature", "geometry": {"type": "LineString", "coordinates": [[-84.345629, 33.7701548], [-84.3455643, 33.7701469], [-84.3455157, 33.7701357], [-84.345401, 33.7700981], [-84.3453456, 33.7700854], [-84.345284, 33.770076], [-84.3451948, 33.7700761]]}, "properties": {"surface": "concrete", "highway": "path"}}, {"type": "Feature", "geometry": {"type": "LineString", "coordinates": [[-84.336563, 33.7717024], [-84.3368028, 33.7717012]]}, "properties": {"surface": "concrete", "highway": "path"}}, {"type": "Feature", "geometry": {"type": "LineString", "coordinates": [[-84.3537782, 33.7692337], [-84.3537795, 33.7693206], [-84.3537768, 33.7693313], [-84.3537701, 33.7693428], [-84.3537614, 33.7693541], [-84.353697, 33.7694025]]}, "properties": {"surface": "", "highway": "path"}}, {"type": "Feature", "geometry": {"type": "LineString", "coordinates": [[-84.3556005, 33.7641952], [-84.3556031, 33.7641311], [-84.3556347, 33.7640808], [-84.3556917, 33.7640328], [-84.3557802, 33.764003], [-84.3558977, 33.7639792], [-84.3559903, 33.763928], [-84.3560573, 33.7638499], [-84.3560874, 33.7637911], [-84.3560951, 33.7637151], [-84.3560704, 33.763648], [-84.3560245, 33.7635994], [-84.355946, 33.7635723], [-84.3558798, 33.7635738], [-84.3556336, 33.7636247], [-84.3555289, 33.7636437], [-84.3553843, 33.7636443], [-84.355232, 33.7636228], [-84.3551199, 33.7635863], [-84.3550339, 33.7635296], [-84.3549657, 33.7634485], [-84.3549469, 33.7633861], [-84.3549563, 33.7633081], [-84.3549925, 33.7632423], [-84.3550596, 33.763181], [-84.355136, 33.7631464], [-84.3553425, 33.7630639], [-84.3554431, 33.7629981], [-84.3555799, 33.7628866], [-84.3556685, 33.762796], [-84.3557322, 33.7627098], [-84.355761, 33.762638], [-84.3557653, 33.762591]]}, "properties": {"surface": "concrete", "highway": "path"}}, {"type": "Feature", "geometry": {"type": "LineString", "coordinates": [[-84.3491086, 33.769286], [-84.3491369, 33.7695235], [-84.3491515, 33.7696839], [-84.3491639, 33.7698198], [-84.3491699, 33.7698463], [-84.3491816, 33.7698606], [-84.3492016, 33.7698731], [-84.3492195, 33.7698764]]}, "properties": {"surface": "concrete", "highway": "footway"}}, {"type": "Feature", "geometry": {"type": "LineString", "coordinates": [[-84.3503859, 33.7700829], [-84.3504886, 33.7701232], [-84.3505744, 33.7701633], [-84.3506656, 33.7701856], [-84.3507607, 33.770188]]}, "properties": {"surface": "", "highway": "path"}}, {"type": "Feature", "geometry": {"type": "LineString", "coordinates": [[-84.3505744, 33.7701633], [-84.3505208, 33.7701154], [-84.3505044, 33.7700578]]}, "properties": {"surface": "", "highway": "path"}}, {"type": "Feature", "geometry": {"type": "LineString", "coordinates": [[-84.3584383, 33.7715239], [-84.3583796, 33.7714688], [-84.3583421, 33.7714063], [-84.35833, 33.771364], [-84.3583354, 33.7713283], [-84.3583488, 33.7713004], [-84.3583622, 33.7712603], [-84.3583568, 33.7712135], [-84.3583424, 33.7711476], [-84.3583293, 33.7710881]]}, "properties": {"surface": "paved", "highway": "path"}}, {"type": "Feature", "geometry": {"type": "LineString", "coordinates": [[-84.355754, 33.7625165], [-84.3557698, 33.7625152], [-84.3557852, 33.7625184], [-84.3557921, 33.7625217], [-84.3558035, 33.7625309], [-84.3558089, 33.7625392], [-84.355812, 33.7625521], [-84.3558065, 33.7625712], [-84.3557903, 33.7625854], [-84.3557756, 33.7625902]]}, "properties": {"surface": "concrete", "highway": "path"}}, {"type": "Feature", "geometry": {"type": "LineString", "coordinates": [[-84.3556931, 33.7623056], [-84.355592, 33.7622957], [-84.3553063, 33.7622823], [-84.3550944, 33.7622678], [-84.3550341, 33.7622511], [-84.3549965, 33.7622221], [-84.3549764, 33.7621809], [-84.3549818, 33.7621407], [-84.3550113, 33.7620995], [-84.3550931, 33.7620683], [-84.3551695, 33.7620738], [-84.3553278, 33.7621084], [-84.3554136, 33.7621118], [-84.3554941, 33.7620984], [-84.3555504, 33.7620627], [-84.3556067, 33.7619802], [-84.3556014, 33.7618865], [-84.3555331, 33.7618146], [-84.355415, 33.7617449], [-84.3552647, 33.7617304], [-84.3549684, 33.7617483], [-84.3548396, 33.7617472]]}, "properties": {"surface": "concrete", "highway": "path"}}, {"type": "Feature", "geometry": {"type": "LineString", "coordinates": [[-84.3648524, 33.7710053], [-84.3648236, 33.7710059], [-84.3641079, 33.7710202], [-84.3635284, 33.7710318], [-84.3623712, 33.7710378]]}, "properties": {"surface": "", "highway": "footway"}}, {"type": "Feature", "geometry": {"type": "LineString", "coordinates": [[-84.331588, 33.7758011], [-84.3315237, 33.7757811], [-84.3314056, 33.7757543], [-84.3312823, 33.7757298], [-84.3311964, 33.7757231], [-84.3311133, 33.7757409], [-84.3310489, 33.7757766], [-84.3309202, 33.7760218], [-84.3309054, 33.7760586], [-84.3308826, 33.7761155], [-84.3308611, 33.7762047], [-84.3308665, 33.7763005], [-84.3308933, 33.7763763], [-84.330888, 33.7764499], [-84.3308531, 33.7765079], [-84.330786, 33.7765458], [-84.3307109, 33.7765993], [-84.3307163, 33.7766639], [-84.3307565, 33.7767197], [-84.3307619, 33.7768289], [-84.3307512, 33.7769493], [-84.3307378, 33.7770563], [-84.3307163, 33.7771834], [-84.3306761, 33.7773038], [-84.3306278, 33.777393], [-84.3305929, 33.7774755], [-84.330542, 33.7775513], [-84.3304964, 33.777665], [-84.3304454, 33.777801], [-84.33044, 33.7778768], [-84.33044, 33.778073], [-84.3304266, 33.7782335], [-84.3303864, 33.7784319], [-84.3303381, 33.7786192], [-84.330322, 33.7787262], [-84.3303274, 33.7787864], [-84.3303676, 33.778851], [-84.3304025, 33.7789246], [-84.3304025, 33.7790205], [-84.3303918, 33.7791163], [-84.3303998, 33.7791944], [-84.3304239, 33.7792434], [-84.330491, 33.7792791], [-84.3305688, 33.7793237], [-84.3305929, 33.7793883], [-84.3305768, 33.7794641], [-84.3305366, 33.7795466], [-84.3304642, 33.7796023], [-84.3303515, 33.7796425], [-84.330255, 33.7796826], [-84.3301986, 33.7797629], [-84.3301638, 33.779881], [-84.3301262, 33.7800081], [-84.3300645, 33.7800772], [-84.329976, 33.7801396], [-84.329976, 33.7802154], [-84.3299894, 33.7802957], [-84.3300055, 33.7803715], [-84.329976, 33.780474], [-84.3299492, 33.7805744], [-84.3298821, 33.7806613], [-84.3298178, 33.7807259], [-84.329799, 33.780824], [-84.3298312, 33.7809422], [-84.3298634, 33.7810604], [-84.3298607, 33.781154], [-84.3298392, 33.7812877], [-84.3298419, 33.7814126], [-84.3297883, 33.7815374], [-84.3297051, 33.7816088], [-84.32963, 33.7816645], [-84.3296005, 33.781805], [-84.3295871, 33.7818696], [-84.3296059, 33.7819722], [-84.3296166, 33.7820324], [-84.32974, 33.7820457], [-84.3298286, 33.7820722], [-84.3298629, 33.7821541], [-84.3299693, 33.782351], [-84.3300237, 33.7824739], [-84.3300123, 33.7825511], [-84.3299626, 33.7825986], [-84.3298339, 33.7826878], [-84.3297105, 33.7827636], [-84.3296032, 33.7828282], [-84.3295469, 33.782884], [-84.3295254, 33.7829798], [-84.329488, 33.7830297], [-84.3294235, 33.7831158]]}, "properties": {"surface": "", "highway": "service"}}, {"type": "Feature", "geometry": {"type": "LineString", "coordinates": [[-84.3305929, 33.7758814], [-84.3305582, 33.7758658], [-84.3305421, 33.7759126], [-84.3305341, 33.7759951], [-84.3305448, 33.7760955], [-84.3305314, 33.7761891], [-84.3304939, 33.7762671], [-84.3304751, 33.776363], [-84.3305046, 33.77647], [-84.3305475, 33.7765949], [-84.3305475, 33.7767108], [-84.3305207, 33.7768646], [-84.3304992, 33.7769627], [-84.3305099, 33.7770341], [-84.330518, 33.7771233], [-84.3304885, 33.7772013], [-84.3304402, 33.7772726], [-84.3304348, 33.7773886], [-84.3304241, 33.7774688], [-84.3303678, 33.777587], [-84.3303222, 33.7776851], [-84.3303007, 33.777801], [-84.3302551, 33.7779192], [-84.3302122, 33.7780329], [-84.330223, 33.7781377], [-84.3302042, 33.7782491], [-84.3301505, 33.7783606], [-84.3300942, 33.7784988], [-84.3300245, 33.778646], [-84.3299976, 33.7787195], [-84.3299976, 33.7788043], [-84.3299789, 33.7788868], [-84.3299494, 33.7789626], [-84.3299306, 33.7790227], [-84.3299547, 33.7791142], [-84.3299842, 33.7792234], [-84.3299655, 33.7792992], [-84.3299467, 33.7793973], [-84.3299252, 33.7794998], [-84.3298743, 33.7796247], [-84.3298099, 33.7797161], [-84.3297267, 33.7797741], [-84.3296007, 33.7798053], [-84.329488, 33.7798253], [-84.3293941, 33.7797919], [-84.3292949, 33.779725], [-84.3292198, 33.779647], [-84.3291823, 33.7795511], [-84.3291796, 33.7794686], [-84.3291367, 33.7794017], [-84.3290696, 33.7793661], [-84.3289972, 33.7793661], [-84.3289435, 33.7794062], [-84.3289006, 33.779482], [-84.3288523, 33.7795578], [-84.3288362, 33.7796648], [-84.3288336, 33.7797607], [-84.3288443, 33.7798655], [-84.3288416, 33.7799836], [-84.3288255, 33.7800951], [-84.3288497, 33.7801887], [-84.3289435, 33.78024], [-84.3290911, 33.7802668], [-84.3291608, 33.7802734], [-84.32926, 33.7803091], [-84.3292895, 33.7803559], [-84.3292895, 33.7804652], [-84.329311, 33.7805677], [-84.3293593, 33.7806524], [-84.3293968, 33.7807372], [-84.3293995, 33.7808642], [-84.3293861, 33.7809958], [-84.3293646, 33.7811161], [-84.3293646, 33.7812232], [-84.3293941, 33.7813458], [-84.3293673, 33.7814572], [-84.3293539, 33.7815642], [-84.3293888, 33.7816735], [-84.3293915, 33.7817983], [-84.3294129, 33.7819187], [-84.3293915, 33.7820012], [-84.3294076, 33.7820792], [-84.3293754, 33.7821439], [-84.3293003, 33.7821818], [-84.3292734, 33.7822264], [-84.3292788, 33.7822799], [-84.3293003, 33.7823467], [-84.3292761, 33.782398], [-84.329193, 33.782427], [-84.3291045, 33.782427], [-84.3290374, 33.7823713], [-84.3289569, 33.7823289], [-84.3289221, 33.7822464], [-84.3288872, 33.7821573], [-84.3288577, 33.7820681], [-84.3288228, 33.781999], [-84.3287933, 33.7819254], [-84.3288282, 33.7818095], [-84.3288497, 33.7817471], [-84.3288577, 33.7816623], [-84.3288309, 33.7815642], [-84.3288041, 33.7814662], [-84.3287746, 33.7813725], [-84.3287719, 33.7812833], [-84.3287907, 33.781212], [-84.3287772, 33.7811072], [-84.3287585, 33.7810136], [-84.3287611, 33.7808977], [-84.3287611, 33.7808263], [-84.3287129, 33.7807416], [-84.3286995, 33.7806457], [-84.3286807, 33.780561], [-84.3286539, 33.7804629], [-84.3286351, 33.7803626], [-84.3286163, 33.7802645], [-84.3285868, 33.7801664], [-84.3285493, 33.7800884], [-84.3285358, 33.7800037], [-84.3285707, 33.7799257], [-84.3286431, 33.7798699], [-84.3287129, 33.7798008], [-84.328729, 33.7797272], [-84.3287263, 33.7796269], [-84.3286887, 33.7795333], [-84.3286002, 33.7794686], [-84.3284929, 33.7794374], [-84.3283803, 33.7794196], [-84.3282864, 33.7793795], [-84.3282337, 33.7793657], [-84.3281925, 33.7793549], [-84.3281094, 33.7793014], [-84.3280557, 33.7792279], [-84.3280343, 33.7791498], [-84.3280262, 33.7790718], [-84.3279994, 33.7790094], [-84.3279672, 33.7789313], [-84.3279726, 33.7788444], [-84.3279887, 33.7787396], [-84.3280155, 33.7786081], [-84.3280182, 33.7785189], [-84.3280209, 33.7784386], [-84.3280772, 33.7783673], [-84.328163, 33.7782848], [-84.328222, 33.7781979], [-84.3282918, 33.7780975], [-84.3283749, 33.7779972], [-84.3284822, 33.7779147], [-84.32856, 33.7778189], [-84.3286029, 33.7777051], [-84.3286404, 33.7775981], [-84.3287343, 33.7775045], [-84.3287826, 33.7774465], [-84.328847, 33.7773618], [-84.3289194, 33.7772659], [-84.3289865, 33.7772013], [-84.3290964, 33.7771166], [-84.3291554, 33.777043], [-84.3292225, 33.7769338], [-84.3293083, 33.7768245], [-84.3294022, 33.776713], [-84.3294961, 33.7766172], [-84.3295819, 33.7765436], [-84.3296758, 33.7764611], [-84.3297241, 33.7763719], [-84.3297777, 33.7763006], [-84.3298689, 33.7762448], [-84.3299628, 33.7762069], [-84.3299976, 33.7761423], [-84.3300245, 33.7760464], [-84.3300674, 33.7759684], [-84.3300942, 33.7759082], [-84.3301049, 33.7758502], [-84.330172, 33.7757766], [-84.330223, 33.775712], [-84.3302525, 33.7756607], [-84.3303141, 33.7756317], [-84.3303866, 33.7756406], [-84.330459, 33.7756786], [-84.3305046, 33.7757098], [-84.3305824, 33.7757187], [-84.3306677, 33.7757485]]}, "properties": {"surface": "", "highway": "service"}}, {"type": "Feature", "geometry": {"type": "LineString", "coordinates": [[-84.3266259, 33.7867785], [-84.3266528, 33.7867183], [-84.3267225, 33.7866559], [-84.3267761, 33.7865979], [-84.3268137, 33.7865221], [-84.3268298, 33.7864018], [-84.3268486, 33.7863148], [-84.3268807, 33.7862323], [-84.3268942, 33.7861298], [-84.3269317, 33.7860317], [-84.3269988, 33.7859604], [-84.327039, 33.7858957], [-84.3270605, 33.7857909], [-84.3270658, 33.785704], [-84.3270792, 33.7856304], [-84.3271141, 33.7855569], [-84.3271651, 33.7854766], [-84.3272026, 33.7854008], [-84.3272026, 33.7853027], [-84.3271677, 33.7852203], [-84.3271141, 33.7851668], [-84.3270363, 33.7850999], [-84.3269559, 33.7850285], [-84.3268861, 33.7849505], [-84.3268378, 33.7848591], [-84.3267869, 33.7847655], [-84.3267547, 33.7847098], [-84.3266715, 33.7846406], [-84.3266206, 33.7846005], [-84.3264838, 33.7845158], [-84.3264254, 33.784471], [-84.3263792, 33.7844355], [-84.326296, 33.7843865], [-84.3262343, 33.7842951], [-84.3261646, 33.784226], [-84.3260546, 33.7841836], [-84.3259822, 33.7841524], [-84.3258696, 33.7840543], [-84.3257569, 33.7839785], [-84.3256657, 33.7839206], [-84.3255799, 33.7839139], [-84.3255155, 33.7839518], [-84.3254619, 33.7839942], [-84.3253841, 33.7840098], [-84.3252982, 33.7839785], [-84.3252285, 33.7839273], [-84.3251749, 33.7838649], [-84.3251507, 33.7837801], [-84.3251185, 33.7836843], [-84.3251185, 33.7835906], [-84.3251829, 33.7835327], [-84.3252714, 33.783468], [-84.3253197, 33.7834101], [-84.3253707, 33.7833543], [-84.3254404, 33.7833053], [-84.3254967, 33.7832852], [-84.3256094, 33.7832875], [-84.3257086, 33.7832674], [-84.3257623, 33.7832139], [-84.3258401, 33.7831604], [-84.3259554, 33.7831292], [-84.3261217, 33.7831203], [-84.3262343, 33.7830757], [-84.3262853, 33.7830422], [-84.3263631, 33.7830311], [-84.3263819, 33.7829219], [-84.3263792, 33.7828037], [-84.3263497, 33.7826231], [-84.3263094, 33.7823846], [-84.3262799, 33.78234], [-84.3261941, 33.7822754], [-84.3260769, 33.7822228], [-84.32606, 33.7822152], [-84.3259527, 33.7821839], [-84.3258749, 33.782155], [-84.3258213, 33.7820925], [-84.325714, 33.7819231], [-84.3257113, 33.7818206], [-84.3256979, 33.7817359], [-84.3256362, 33.7816467], [-84.3255933, 33.7815776], [-84.3255824, 33.7815352], [-84.3255772, 33.7815151], [-84.3255879, 33.7814237], [-84.3256469, 33.7812944], [-84.3256872, 33.7811741], [-84.3256979, 33.7810715], [-84.3257113, 33.7809935], [-84.3256872, 33.7808486], [-84.3257006, 33.7807928], [-84.3257274, 33.7807103], [-84.3257167, 33.7806591], [-84.3256147, 33.7805699], [-84.3255879, 33.7805298], [-84.3255665, 33.7804183], [-84.3255262, 33.7803603], [-84.3253921, 33.7802801], [-84.3253009, 33.7802154], [-84.3252312, 33.7801329], [-84.3251802, 33.7800549], [-84.3251749, 33.7799903], [-84.3252339, 33.7798922], [-84.3252741, 33.7798074], [-84.3253143, 33.7797539], [-84.3254511, 33.7796781], [-84.3255638, 33.7796536], [-84.3256523, 33.7796536], [-84.3258159, 33.779667], [-84.3259071, 33.7796692], [-84.3259849, 33.7796759], [-84.3260385, 33.7796269], [-84.3260627, 33.7795778], [-84.3260975, 33.7795332], [-84.326178, 33.779502], [-84.3263175, 33.7795176], [-84.3264462, 33.7795555], [-84.3265428, 33.7796046], [-84.3266554, 33.7796335], [-84.3267815, 33.7796402], [-84.3268727, 33.7796291], [-84.3269773, 33.7795823], [-84.3270444, 33.7795221], [-84.3271221, 33.7794507], [-84.3271946, 33.7793972], [-84.3272382, 33.779362], [-84.3272402, 33.7792791], [-84.3271999, 33.7791587], [-84.3271651, 33.7790673], [-84.3271597, 33.7789625], [-84.3271812, 33.778851], [-84.327149, 33.7787618], [-84.3270766, 33.7786437], [-84.3270631, 33.7785233], [-84.3270497, 33.7784386], [-84.3270363, 33.7783427], [-84.327031, 33.7781844], [-84.3270524, 33.7781287], [-84.3270953, 33.778122], [-84.3271758, 33.7781978], [-84.3272536, 33.7782468], [-84.3273662, 33.7782669], [-84.3274682, 33.7782156], [-84.3275567, 33.7781331], [-84.32768, 33.7780484], [-84.32779, 33.7780128], [-84.3279027, 33.777937], [-84.3279965, 33.77785], [-84.328069, 33.7777564], [-84.3280609, 33.777665], [-84.3280529, 33.7775379], [-84.3280234, 33.7774465], [-84.3279402, 33.7773528], [-84.3279617, 33.777277], [-84.3280529, 33.7772213], [-84.3281602, 33.7771366], [-84.3282272, 33.7770742], [-84.3283077, 33.7769493], [-84.3283506, 33.7768245], [-84.3283747, 33.7767553], [-84.3284391, 33.7766728], [-84.3284901, 33.7765703], [-84.3285384, 33.7764811], [-84.3286671, 33.7764098], [-84.3287905, 33.7763273], [-84.3288736, 33.7762292], [-84.3289487, 33.7761467], [-84.3290372, 33.7760731], [-84.3291204, 33.7759995], [-84.3292196, 33.7759304], [-84.3293269, 33.7758256], [-84.329394, 33.7757075], [-84.3294798, 33.7755826], [-84.3295871, 33.7754756], [-84.3297212, 33.7753686], [-84.3298607, 33.775237], [-84.3300055, 33.77513], [-84.3301316, 33.7750096], [-84.3302469, 33.7749138], [-84.3303488, 33.7748692], [-84.3305098, 33.7748558], [-84.3306117, 33.7748848], [-84.3306788, 33.7749494], [-84.3306734, 33.775052], [-84.3306037, 33.7753195], [-84.330609, 33.7754065], [-84.3307083, 33.7754756], [-84.3307565, 33.7755269], [-84.3307485, 33.7756049], [-84.3306677, 33.7757485], [-84.3305929, 33.7758814], [-84.3305902, 33.7759572], [-84.3306197, 33.7760196], [-84.3307539, 33.7760664], [-84.3308316, 33.7760486], [-84.3309054, 33.7760586]]}, "properties": {"surface": "", "highway": "service"}}, {"type": "Feature", "geometry": {"type": "LineString", "coordinates": [[-84.3597031, 33.7611086], [-84.3596977, 33.7610462], [-84.3597004, 33.761005], [-84.3597272, 33.7609815], [-84.3597607, 33.7609659], [-84.359801, 33.7609648]]}, "properties": {"surface": "paved", "highway": "footway"}}, {"type": "Feature", "geometry": {"type": "LineString", "coordinates": [[-84.3600088, 33.7618044], [-84.3598036, 33.7611399], [-84.3597996, 33.761093], [-84.359801, 33.7609648], [-84.3598439, 33.7608466], [-84.3598881, 33.7607652], [-84.3599726, 33.7606816], [-84.3596726, 33.7604917], [-84.3593597, 33.7602936], [-84.3589837, 33.7607195], [-84.3587415, 33.7609938]]}, "properties": {"surface": "paved", "highway": "footway"}}, {"type": "Feature", "geometry": {"type": "LineString", "coordinates": [[-84.3600088, 33.7618044], [-84.3600867, 33.7617614], [-84.3601644, 33.7617196], [-84.359978, 33.7611086], [-84.3599631, 33.7610549], [-84.359974, 33.7609871], [-84.3600383, 33.76086], [-84.3601523, 33.760724], [-84.3601899, 33.7606819], [-84.360203, 33.7606672]]}, "properties": {"surface": "paved", "highway": "footway"}}, {"type": "Feature", "geometry": {"type": "LineString", "coordinates": [[-84.360203, 33.7606672], [-84.3604205, 33.7604252], [-84.3604493, 33.7603985], [-84.3605037, 33.7603483], [-84.3604863, 33.7603304], [-84.3606298, 33.7602111], [-84.3606807, 33.7602356], [-84.360737, 33.7602434], [-84.3607786, 33.7602379], [-84.3608269, 33.7602234], [-84.3608685, 33.7601977], [-84.360898, 33.7601643], [-84.3609194, 33.7601208], [-84.3609208, 33.7600762], [-84.360906, 33.7600383], [-84.3616007, 33.7595221], [-84.3625757, 33.7604531], [-84.3617254, 33.7610707], [-84.3616356, 33.7610986], [-84.3615431, 33.7611086], [-84.3614398, 33.7611031], [-84.3613526, 33.7610875], [-84.3612614, 33.7610562], [-84.3611823, 33.7610083], [-84.3605037, 33.7603483]]}, "properties": {"surface": "paved", "highway": "footway"}}, {"type": "Feature", "geometry": {"type": "LineString", "coordinates": [[-84.3616007, 33.7595221], [-84.361598, 33.7594909], [-84.361563, 33.7594569], [-84.3613412, 33.7592449], [-84.3611045, 33.7590181], [-84.3598747, 33.7598242], [-84.3595253, 33.7601408], [-84.3594411, 33.7602181], [-84.3594017, 33.7602542], [-84.3593597, 33.7602936]]}, "properties": {"surface": "paved", "highway": "footway"}}, {"type": "Feature", "geometry": {"type": "LineString", "coordinates": [[-84.3404468, 33.7623647], [-84.3404907, 33.7623548], [-84.3406557, 33.7623279], [-84.34086, 33.7622999]]}, "properties": {"surface": "", "highway": "footway"}}, {"type": "Feature", "geometry": {"type": "LineString", "coordinates": [[-84.3330962, 33.7674157], [-84.3331002, 33.7668581], [-84.3331043, 33.76554], [-84.3330941, 33.7651957], [-84.3330921, 33.7651277]]}, "properties": {"surface": "", "highway": "footway"}}, {"type": "Feature", "geometry": {"type": "LineString", "coordinates": [[-84.3329391, 33.7674158], [-84.3329051, 33.7666283], [-84.3329078, 33.7657101], [-84.3329124, 33.7650695]]}, "properties": {"surface": "", "highway": "footway"}}, {"type": "Feature", "geometry": {"type": "LineString", "coordinates": [[-84.3330688, 33.7622057], [-84.3330679, 33.7623932], [-84.3330653, 33.7629273], [-84.3330723, 33.7637041], [-84.33309, 33.7643573], [-84.3330794, 33.7645691]]}, "properties": {"surface": "", "highway": "footway"}}, {"type": "Feature", "geometry": {"type": "LineString", "coordinates": [[-84.3329131, 33.7621623], [-84.3329202, 33.7627302], [-84.3329343, 33.7639512], [-84.3329237, 33.7645191]]}, "properties": {"surface": "", "highway": "footway"}}, {"type": "Feature", "geometry": {"type": "LineString", "coordinates": [[-84.3331113, 33.7647898], [-84.3337448, 33.7647868], [-84.333858, 33.7647927], [-84.3338808, 33.7647886], [-84.3338899, 33.7646074]]}, "properties": {"surface": "", "highway": "footway"}}, {"type": "Feature", "geometry": {"type": "LineString", "coordinates": [[-84.3340905, 33.7650823], [-84.3340916, 33.7649134], [-84.3340562, 33.7649016], [-84.3337994, 33.7648947], [-84.33347, 33.7649008], [-84.3334298, 33.7649016], [-84.3330968, 33.7649004]]}, "properties": {"surface": "", "highway": "footway"}}, {"type": "Feature", "geometry": {"type": "LineString", "coordinates": [[-84.3330968, 33.7649004], [-84.3330971, 33.7649222], [-84.3330921, 33.7651277]]}, "properties": {"surface": "", "highway": "footway"}}, {"type": "Feature", "geometry": {"type": "LineString", "coordinates": [[-84.3342487, 33.7658772], [-84.3342297, 33.7649016], [-84.3350964, 33.7648977], [-84.3351582, 33.7649012]]}, "properties": {"surface": "", "highway": "footway"}}, {"type": "Feature", "geometry": {"type": "LineString", "coordinates": [[-84.3329237, 33.7645191], [-84.3329272, 33.7647868], [-84.3323539, 33.7647868], [-84.3322583, 33.7647927], [-84.3322512, 33.7645132]]}, "properties": {"surface": "concrete", "highway": "footway"}}, {"type": "Feature", "geometry": {"type": "LineString", "coordinates": [[-84.3329124, 33.7650695], [-84.3329095, 33.7649163], [-84.3327467, 33.7648898], [-84.3321911, 33.7649016], [-84.3321198, 33.7649023], [-84.3319115, 33.7649045]]}, "properties": {"surface": "concrete", "highway": "footway"}}, {"type": "Feature", "geometry": {"type": "LineString", "coordinates": [[-84.3503026, 33.7646497], [-84.3506811, 33.7650071], [-84.3506961, 33.7650207], [-84.3515589, 33.7658043], [-84.3518115, 33.7660228], [-84.3520538, 33.7662431]]}, "properties": {"surface": "", "highway": "footway"}}, {"type": "Feature", "geometry": {"type": "LineString", "coordinates": [[-84.3521928, 33.7631987], [-84.3530813, 33.7640031], [-84.3533675, 33.7642748], [-84.3534465, 33.7643493], [-84.3534606, 33.7643793], [-84.3534747, 33.764437], [-84.3534744, 33.7644656], [-84.3534669, 33.7644986], [-84.3534534, 33.7645329], [-84.3534016, 33.7646149], [-84.3532309, 33.7648664], [-84.3528043, 33.7654812], [-84.352763, 33.7655394], [-84.3525976, 33.7657156], [-84.3523414, 33.7659991], [-84.3521784, 33.7661861], [-84.3521468, 33.7661781], [-84.3507946, 33.7649699], [-84.3503743, 33.7645986]]}, "properties": {"surface": "concrete", "highway": "footway"}}, {"type": "Feature", "geometry": {"type": "LineString", "coordinates": [[-84.3511813, 33.7637808], [-84.3508421, 33.7640377], [-84.3506994, 33.7641457], [-84.3505638, 33.7642584], [-84.3502789, 33.7644953], [-84.3501908, 33.7645596], [-84.3500458, 33.7646654], [-84.3498277, 33.7648245], [-84.3497417, 33.7648959], [-84.3496312, 33.7649036], [-84.3495928, 33.7648947], [-84.349576, 33.7648908], [-84.349358, 33.7648857], [-84.3493764, 33.7647023], [-84.3493795, 33.7646713], [-84.3493611, 33.7644595], [-84.3493551, 33.7642809], [-84.3493519, 33.7641839], [-84.3493564, 33.763974], [-84.3493639, 33.7636209], [-84.3493704, 33.763313]]}, "properties": {"surface": "", "highway": "footway"}}, {"type": "Feature", "geometry": {"type": "LineString", "coordinates": [[-84.3490087, 33.765749], [-84.349005, 33.7657134], [-84.3489871, 33.7656866], [-84.3489457, 33.7657015], [-84.3487963, 33.7658273]]}, "properties": {"surface": "", "highway": "footway"}}, {"type": "Feature", "geometry": {"type": "LineString", "coordinates": [[-84.3490851, 33.7650169], [-84.3488393, 33.7650133], [-84.3480087, 33.7650133], [-84.3479368, 33.7650133], [-84.3471387, 33.7650082]]}, "properties": {"surface": "concrete", "highway": "footway"}}, {"type": "Feature", "geometry": {"type": "LineString", "coordinates": [[-84.3473628, 33.7648985], [-84.3480129, 33.7648968]]}, "properties": {"surface": "", "highway": "footway"}}, {"type": "Feature", "geometry": {"type": "LineString", "coordinates": [[-84.3490885, 33.7648713], [-84.3490865, 33.7647572], [-84.3490895, 33.7646605], [-84.349097, 33.7644968], [-84.3490986, 33.7643238], [-84.3491036, 33.763797], [-84.3491094, 33.7635548], [-84.3491003, 33.7631879], [-84.3491043, 33.7627775], [-84.3491059, 33.7626093]]}, "properties": {"surface": "concrete", "highway": "footway"}}, {"type": "Feature", "geometry": {"type": "LineString", "coordinates": [[-84.3491697, 33.7657285], [-84.3491616, 33.7658988], [-84.3491493, 33.7663325], [-84.3491473, 33.7664334], [-84.3491406, 33.7667635], [-84.3491337, 33.767103], [-84.3491277, 33.7677353]]}, "properties": {"surface": "", "highway": "footway"}}, {"type": "Feature", "geometry": {"type": "LineString", "coordinates": [[-84.3514121, 33.760784], [-84.351156, 33.7604624], [-84.3508595, 33.7600786], [-84.3506206, 33.7597694], [-84.3504646, 33.7595646], [-84.3504698, 33.7595472], [-84.3510347, 33.7591379], [-84.3516449, 33.7587022], [-84.3516773, 33.7586922], [-84.3517044, 33.7587036], [-84.3520979, 33.759206], [-84.3525926, 33.7598539], [-84.3528027, 33.7601187], [-84.3528806, 33.7602258], [-84.3529245, 33.7602849]]}, "properties": {"surface": "", "highway": "footway"}}, {"type": "Feature", "geometry": {"type": "LineString", "coordinates": [[-84.3549013, 33.760676], [-84.3548813, 33.7606974], [-84.3547508, 33.7608473], [-84.354613, 33.7610279], [-84.3544703, 33.7611928], [-84.3543696, 33.7613005], [-84.3542336, 33.7614282], [-84.3538064, 33.7617846], [-84.3536265, 33.7619172], [-84.3535855, 33.7618507], [-84.3533726, 33.7614819], [-84.3532441, 33.7612747], [-84.3531062, 33.7610161], [-84.3530597, 33.7609637], [-84.3529943, 33.7609182], [-84.3529281, 33.7608916], [-84.3528651, 33.7608795], [-84.3528027, 33.7608752], [-84.352613, 33.7608607], [-84.3525644, 33.7608575], [-84.3520776, 33.7608257], [-84.3517828, 33.7608088], [-84.3514121, 33.760784]]}, "properties": {"surface": "", "highway": "footway"}}, {"type": "Feature", "geometry": {"type": "LineString", "coordinates": [[-84.351217, 33.7607807], [-84.3507799, 33.7607469], [-84.3504614, 33.7607328], [-84.3498109, 33.7606934], [-84.3495604, 33.7606815], [-84.3495466, 33.7602765], [-84.34955, 33.7601328], [-84.3495501, 33.7601027], [-84.3500385, 33.7598303], [-84.3502047, 33.7597317]]}, "properties": {"surface": "", "highway": "footway"}}, {"type": "Feature", "geometry": {"type": "LineString", "coordinates": [[-84.3499572, 33.7618726], [-84.349932, 33.7618677], [-84.3499062, 33.7618583], [-84.3498944, 33.7618513], [-84.3498739, 33.7618244], [-84.3498636, 33.7617832], [-84.3498621, 33.7617457], [-84.3498622, 33.7616439], [-84.3498429, 33.7615731], [-84.3497768, 33.7614263], [-84.3496424, 33.7611245], [-84.3495976, 33.7610184], [-84.3495703, 33.7609356], [-84.3495567, 33.7608545], [-84.3495667, 33.7608285], [-84.3495974, 33.7608088], [-84.3496821, 33.7607976], [-84.3499362, 33.7608145], [-84.3503665, 33.7608398], [-84.3508307, 33.7608764], [-84.351209, 33.7608993], [-84.3514029, 33.760911], [-84.3514372, 33.7609131], [-84.3519997, 33.7609497], [-84.3524672, 33.760975], [-84.3525551, 33.7609802], [-84.3527519, 33.7609919], [-84.352884, 33.7610145], [-84.3529755, 33.761099], [-84.3531754, 33.7614426], [-84.3534993, 33.7619735]]}, "properties": {"surface": "", "highway": "footway"}}, {"type": "Feature", "geometry": {"type": "LineString", "coordinates": [[-84.3534993, 33.7619735], [-84.3535009, 33.7620067], [-84.3532567, 33.7622032], [-84.3530153, 33.762396], [-84.3529637, 33.7624372], [-84.352823, 33.7625496], [-84.3527134, 33.7626184], [-84.352704, 33.7626072], [-84.3525147, 33.7623835], [-84.3523329, 33.762132], [-84.3522673, 33.762037], [-84.3521759, 33.7619891], [-84.3520674, 33.7619328], [-84.3518574, 33.761913], [-84.3514372, 33.7618792], [-84.3512034, 33.7618821], [-84.350702, 33.7618483], [-84.3502276, 33.7618426], [-84.3500107, 33.7618685], [-84.3499572, 33.7618726]]}, "properties": {"surface": "paving_stones", "highway": "footway"}}, {"type": "Feature", "geometry": {"type": "LineString", "coordinates": [[-84.351854, 33.7632905], [-84.3518855, 33.7632664], [-84.3521029, 33.763096], [-84.3521928, 33.7630257], [-84.3522012, 33.763019], [-84.3524469, 33.7628229], [-84.3525933, 33.7627051], [-84.3526091, 33.7626924], [-84.3525992, 33.7626823], [-84.3523114, 33.7623891], [-84.3521487, 33.7621863], [-84.3520539, 33.7620764], [-84.3519116, 33.7620623], [-84.351793, 33.762068], [-84.3516168, 33.7620454], [-84.3513593, 33.7620285], [-84.3511424, 33.7620173], [-84.3508172, 33.7620088], [-84.3505648, 33.7619934], [-84.3504004, 33.7619835], [-84.3501497, 33.7620004], [-84.3499571, 33.7620285], [-84.3498142, 33.7620531], [-84.3496618, 33.7620792], [-84.3494797, 33.7621129], [-84.3494244, 33.7621439], [-84.3493932, 33.7621719], [-84.3493784, 33.7621908], [-84.3493717, 33.7622078], [-84.3493656, 33.7622472], [-84.3493643, 33.7623777], [-84.3493622, 33.7624578], [-84.3493636, 33.7630595], [-84.3493653, 33.7631462], [-84.349367, 33.7632341], [-84.3493704, 33.763313]]}, "properties": {"surface": "", "highway": "footway"}}, {"type": "Feature", "geometry": {"type": "LineString", "coordinates": [[-84.348218, 33.7607479], [-84.34822, 33.7606458], [-84.3483844, 33.7605919], [-84.3486046, 33.7605159], [-84.3486409, 33.7605001], [-84.348747, 33.7604539], [-84.3487882, 33.7604546], [-84.3488249, 33.760468], [-84.3488509, 33.7604943], [-84.3488681, 33.7605465], [-84.3488742, 33.760712], [-84.348866, 33.7608399], [-84.3488509, 33.7609517], [-84.3488181, 33.7610933], [-84.3487487, 33.7612644], [-84.3486746, 33.7614308], [-84.3485979, 33.7616229], [-84.3485855, 33.7616787], [-84.3485775, 33.7617356], [-84.3485845, 33.7617803], [-84.3485945, 33.7618145], [-84.3486157, 33.7618605], [-84.3486416, 33.7619058], [-84.3486695, 33.7619435], [-84.3487198, 33.7619922], [-84.3487762, 33.7620266], [-84.348833, 33.7620493], [-84.3489261, 33.7620687], [-84.3489877, 33.7620835], [-84.3490362, 33.7621078], [-84.3490769, 33.7621448], [-84.3490934, 33.7621777], [-84.3491024, 33.7622245], [-84.349104, 33.7623784], [-84.3491059, 33.7626093]]}, "properties": {"surface": "", "highway": "footway"}}, {"type": "Feature", "geometry": {"type": "LineString", "coordinates": [[-84.3481638, 33.7632275], [-84.3481501, 33.7636432], [-84.3481443, 33.7639765], [-84.3481404, 33.7643939], [-84.3481385, 33.7645476]]}, "properties": {"surface": "", "highway": "footway"}}, {"type": "Feature", "geometry": {"type": "LineString", "coordinates": [[-84.3481638, 33.7632275], [-84.3481852, 33.7623975], [-84.348191, 33.7621209]]}, "properties": {"surface": "", "highway": "footway"}}, {"type": "Feature", "geometry": {"type": "LineString", "coordinates": [[-84.348191, 33.7621209], [-84.348191, 33.7616404], [-84.3482105, 33.7613022], [-84.3482202, 33.7609609], [-84.3482166, 33.7608676]]}, "properties": {"surface": "", "highway": "footway"}}, {"type": "Feature", "geometry": {"type": "LineString", "coordinates": [[-84.3482166, 33.7608676], [-84.348218, 33.7607479]]}, "properties": {"surface": "", "highway": "footway"}}, {"type": "Feature", "geometry": {"type": "LineString", "coordinates": [[-84.3470026, 33.7609889], [-84.3472841, 33.7609188], [-84.3474846, 33.7608638], [-84.3475896, 33.7608375], [-84.3476461, 33.7608234], [-84.347901, 33.7607441], [-84.3480967, 33.7606809], [-84.3481333, 33.7606698]]}, "properties": {"surface": "", "highway": "footway"}}, {"type": "Feature", "geometry": {"type": "LineString", "coordinates": [[-84.3470162, 33.7610503], [-84.346997, 33.7614516], [-84.3469908, 33.7619486], [-84.3469908, 33.7627221], [-84.3469816, 33.7628553]]}, "properties": {"surface": "concrete", "highway": "footway"}}, {"type": "Feature", "geometry": {"type": "LineString", "coordinates": [[-84.3456167, 33.7611366], [-84.3461959, 33.7610495], [-84.3465256, 33.7609803], [-84.3466704, 33.760947], [-84.3468583, 33.7609137], [-84.3468614, 33.761298], [-84.3468553, 33.7619921], [-84.3468337, 33.7624096], [-84.3468337, 33.7628502]]}, "properties": {"surface": "concrete", "highway": "footway"}}, {"type": "Feature", "geometry": {"type": "LineString", "coordinates": [[-84.3456259, 33.7628732], [-84.3455982, 33.7621612], [-84.3456044, 33.7616642], [-84.3456075, 33.7615993], [-84.3456095, 33.7615589], [-84.3456228, 33.7612826], [-84.3456167, 33.7611366]]}, "properties": {"surface": "", "highway": "footway"}}, {"type": "Feature", "geometry": {"type": "LineString", "coordinates": [[-84.3469816, 33.7628553], [-84.3469939, 33.7635699], [-84.3469754, 33.7643076], [-84.3469719, 33.7644194]]}, "properties": {"surface": "concrete", "highway": "footway"}}, {"type": "Feature", "geometry": {"type": "LineString", "coordinates": [[-84.3468337, 33.7628502], [-84.3468214, 33.7637364], [-84.3468245, 33.7643076], [-84.3468245, 33.764405]]}, "properties": {"surface": "concrete", "highway": "footway"}}, {"type": "Feature", "geometry": {"type": "LineString", "coordinates": [[-84.3456259, 33.7628732], [-84.3456198, 33.7640694], [-84.3456136, 33.7643665]]}, "properties": {"surface": "", "highway": "footway"}}, {"type": "Feature", "geometry": {"type": "LineString", "coordinates": [[-84.3471387, 33.7650082], [-84.3471037, 33.7650085], [-84.3470712, 33.7654343]]}, "properties": {"surface": "", "highway": "footway"}}, {"type": "Feature", "geometry": {"type": "LineString", "coordinates": [[-84.3469777, 33.7650017], [-84.3466992, 33.7650001], [-84.3461707, 33.7649899], [-84.3458617, 33.7649848], [-84.3458414, 33.7653313]]}, "properties": {"surface": "", "highway": "footway"}}, {"type": "Feature", "geometry": {"type": "LineString", "coordinates": [[-84.3473628, 33.7648985], [-84.3469918, 33.7648874], [-84.3469719, 33.7644194]]}, "properties": {"surface": "", "highway": "footway"}}, {"type": "Feature", "geometry": {"type": "LineString", "coordinates": [[-84.3468245, 33.764405], [-84.3468376, 33.7648867], [-84.3461585, 33.7648699], [-84.3457763, 33.7648716], [-84.345622, 33.764867], [-84.3456056, 33.7648666], [-84.3456136, 33.7643665]]}, "properties": {"surface": "", "highway": "footway"}}, {"type": "Feature", "geometry": {"type": "LineString", "coordinates": [[-84.351854, 33.7632905], [-84.3517723, 33.7633248], [-84.3515869, 33.7634662], [-84.351258, 33.7637169], [-84.3512449, 33.7637278], [-84.3511813, 33.7637808]]}, "properties": {"surface": "", "highway": "footway"}}, {"type": "Feature", "geometry": {"type": "LineString", "coordinates": [[-84.3506802, 33.769441], [-84.3506102, 33.7694369], [-84.3506253, 33.7692828], [-84.350667, 33.7690432], [-84.3507125, 33.7688352], [-84.3507488, 33.7687125], [-84.3508062, 33.7685663], [-84.3507629, 33.7684474], [-84.3506533, 33.7681703], [-84.3505456, 33.7679051]]}, "properties": {"surface": "", "highway": "footway"}}, {"type": "Feature", "geometry": {"type": "LineString", "coordinates": [[-84.3513779, 33.7668989], [-84.3512051, 33.7670425], [-84.3510547, 33.7671692], [-84.3507417, 33.7674109], [-84.3505669, 33.7675393], [-84.3505486, 33.7675731], [-84.3505465, 33.7675934], [-84.3505648, 33.7676508], [-84.350665, 33.7679123], [-84.3506827, 33.7679584], [-84.3507681, 33.7681696], [-84.3508209, 33.7682939], [-84.3508931, 33.7684423], [-84.3509369, 33.7685052], [-84.3509803, 33.768525], [-84.351142, 33.7685478], [-84.3514976, 33.7685646], [-84.3519145, 33.7685925], [-84.3519524, 33.7685884], [-84.3524447, 33.7684555], [-84.3524686, 33.7684349]]}, "properties": {"surface": "", "highway": "footway"}}, {"type": "Feature", "geometry": {"type": "LineString", "coordinates": [[-84.3500058, 33.766838], [-84.3497782, 33.7665153], [-84.3496399, 33.7662973], [-84.3495891, 33.7662381]]}, "properties": {"surface": "", "highway": "footway"}}, {"type": "Feature", "geometry": {"type": "LineString", "coordinates": [[-84.349002, 33.7658477], [-84.3489996, 33.7663581], [-84.3490017, 33.7664334], [-84.3489903, 33.7667638], [-84.3489854, 33.7669056], [-84.3489834, 33.7671041], [-84.3489742, 33.7672171]]}, "properties": {"surface": "concrete", "highway": "footway"}}, {"type": "Feature", "geometry": {"type": "LineString", "coordinates": [[-84.3487963, 33.7658273], [-84.3486015, 33.7659846], [-84.348417, 33.7661336], [-84.3482415, 33.7662764], [-84.3481825, 33.7663243], [-84.3478038, 33.7666227], [-84.3477535, 33.7666623], [-84.3476558, 33.7667449], [-84.3474282, 33.7669371], [-84.3473734, 33.7669834], [-84.3472006, 33.7671135], [-84.3471046, 33.767192]]}, "properties": {"surface": "", "highway": "footway"}}, {"type": "Feature", "geometry": {"type": "LineString", "coordinates": [[-84.3485931, 33.7658258], [-84.3482719, 33.7660827], [-84.3476641, 33.7665761], [-84.3475581, 33.7666585], [-84.347349, 33.7668211], [-84.3470422, 33.7670805], [-84.3470045, 33.7671091], [-84.347006, 33.767092], [-84.3470258, 33.766784], [-84.3470441, 33.7660708], [-84.3470665, 33.7658461]]}, "properties": {"surface": "", "highway": "footway"}}, {"type": "Feature", "geometry": {"type": "LineString", "coordinates": [[-84.3469506, 33.7658393], [-84.3469222, 33.7664206], [-84.3469161, 33.7668668], [-84.3469059, 33.7671811], [-84.3468754, 33.7672115]]}, "properties": {"surface": "", "highway": "footway"}}, {"type": "Feature", "geometry": {"type": "LineString", "coordinates": [[-84.3338899, 33.7646074], [-84.3339785, 33.7630908]]}, "properties": {"surface": "", "highway": "footway"}}, {"type": "Feature", "geometry": {"type": "LineString", "coordinates": [[-84.3340999, 33.7630869], [-84.3340138, 33.7647839]]}, "properties": {"surface": "", "highway": "footway"}}, {"type": "Feature", "geometry": {"type": "LineString", "coordinates": [[-84.335083, 33.7630927], [-84.3349849, 33.764568]]}, "properties": {"surface": "", "highway": "footway"}}, {"type": "Feature", "geometry": {"type": "LineString", "coordinates": [[-84.33509, 33.7645758], [-84.3351857, 33.763083]]}, "properties": {"surface": "", "highway": "footway"}}, {"type": "Feature", "geometry": {"type": "LineString", "coordinates": [[-84.3321315, 33.7646864], [-84.3321385, 33.7638032]]}, "properties": {"surface": "", "highway": "footway"}}, {"type": "Feature", "geometry": {"type": "LineString", "coordinates": [[-84.3321385, 33.7637275], [-84.3321455, 33.7630966]]}, "properties": {"surface": "", "highway": "footway"}}, {"type": "Feature", "geometry": {"type": "LineString", "coordinates": [[-84.3319115, 33.7649045], [-84.3319027, 33.7654299]]}, "properties": {"surface": "", "highway": "footway"}}, {"type": "Feature", "geometry": {"type": "LineString", "coordinates": [[-84.3317579, 33.7654338], [-84.3317548, 33.764908], [-84.3307142, 33.7649038], [-84.3307119, 33.7654221]]}, "properties": {"surface": "concrete", "highway": "footway"}}, {"type": "Feature", "geometry": {"type": "LineString", "coordinates": [[-84.3305671, 33.7654396], [-84.3305694, 33.7649058], [-84.3301701, 33.7649058], [-84.3296564, 33.7649058]]}, "properties": {"surface": "", "highway": "footway"}}, {"type": "Feature", "geometry": {"type": "LineString", "coordinates": [[-84.3321315, 33.7646864], [-84.3321151, 33.7647849], [-84.3307119, 33.7647854], [-84.330171, 33.7647934], [-84.3301468, 33.7638401]]}, "properties": {"surface": "", "highway": "footway"}}, {"type": "Feature", "geometry": {"type": "LineString", "coordinates": [[-84.3296634, 33.7639488], [-84.3300581, 33.7640303], [-84.3300534, 33.7647783], [-84.3300519, 33.7647834], [-84.3300525, 33.7647882], [-84.3296448, 33.7647893]]}, "properties": {"surface": "", "highway": "footway"}}, {"type": "Feature", "geometry": {"type": "LineString", "coordinates": [[-84.3321385, 33.7638032], [-84.3301468, 33.7638052], [-84.3301468, 33.7638401]]}, "properties": {"surface": "", "highway": "footway"}}, {"type": "Feature", "geometry": {"type": "LineString", "coordinates": [[-84.3321385, 33.7637275], [-84.3317579, 33.7637159], [-84.3309781, 33.76371], [-84.3301525, 33.7637077], [-84.3301585, 33.7631393], [-84.3301468, 33.7630811], [-84.3301725, 33.7630326]]}, "properties": {"surface": "", "highway": "footway"}}, {"type": "Feature", "geometry": {"type": "LineString", "coordinates": [[-84.3349849, 33.764568], [-84.3349611, 33.7647766], [-84.3349592, 33.7647932], [-84.334219, 33.7647835], [-84.3340138, 33.7647839]]}, "properties": {"surface": "", "highway": "footway"}}, {"type": "Feature", "geometry": {"type": "LineString", "coordinates": [[-84.3359439, 33.7636678], [-84.3358812, 33.7636682], [-84.3358284, 33.7636747], [-84.3357582, 33.7647816], [-84.3350934, 33.7647854], [-84.33509, 33.7645758]]}, "properties": {"surface": "", "highway": "footway"}}, {"type": "Feature", "geometry": {"type": "LineString", "coordinates": [[-84.3370467, 33.7634732], [-84.3370428, 33.7640919], [-84.3370446, 33.7642248], [-84.3370467, 33.7643797], [-84.337042, 33.7647835], [-84.3362796, 33.7647797], [-84.3362575, 33.7647796], [-84.3358716, 33.7647834], [-84.3359439, 33.7636678]]}, "properties": {"surface": "", "highway": "footway"}}, {"type": "Feature", "geometry": {"type": "LineString", "coordinates": [[-84.3351582, 33.7649012], [-84.3351624, 33.7651154], [-84.33516, 33.7654047], [-84.3351857, 33.7655968], [-84.3351904, 33.7657851]]}, "properties": {"surface": "", "highway": "footway"}}, {"type": "Feature", "geometry": {"type": "LineString", "coordinates": [[-84.3352791, 33.7649019], [-84.3352838, 33.7651232], [-84.3352908, 33.7654998], [-84.3352861, 33.7657968], [-84.3353025, 33.7658744], [-84.3353655, 33.7659753], [-84.3354542, 33.7660588], [-84.3355406, 33.7661112], [-84.3356597, 33.7661306], [-84.3358302, 33.7661209], [-84.3359843, 33.7660433], [-84.3360754, 33.7659559], [-84.3361758, 33.7658298], [-84.3362084, 33.7657366], [-84.3361991, 33.7656279], [-84.3361991, 33.7653969], [-84.3362061, 33.7649485], [-84.3362061, 33.7649], [-84.3358745, 33.7648903], [-84.3357181, 33.764898], [-84.3352791, 33.7649019]]}, "properties": {"surface": "", "highway": "footway"}}, {"type": "Feature", "geometry": {"type": "LineString", "coordinates": [[-84.3341023, 33.7661772], [-84.3340905, 33.7650823]]}, "properties": {"surface": "", "highway": "footway"}}, {"type": "Feature", "geometry": {"type": "LineString", "coordinates": [[-84.3363112, 33.7649058], [-84.3367628, 33.7649104], [-84.3369089, 33.7649077]]}, "properties": {"surface": "", "highway": "footway"}}, {"type": "Feature", "geometry": {"type": "LineString", "coordinates": [[-84.3369089, 33.7649077], [-84.3370263, 33.7648948], [-84.3377332, 33.7649058], [-84.3384724, 33.7649003]]}, "properties": {"surface": "", "highway": "footway"}}, {"type": "Feature", "geometry": {"type": "LineString", "coordinates": [[-84.3386024, 33.7649007], [-84.3389918, 33.7649019]]}, "properties": {"surface": "", "highway": "footway"}}, {"type": "Feature", "geometry": {"type": "LineString", "coordinates": [[-84.3371724, 33.7639523], [-84.3371658, 33.76457], [-84.3371611, 33.7647835], [-84.3381614, 33.7647863], [-84.3385364, 33.7647874], [-84.3390011, 33.7647777]]}, "properties": {"surface": "", "highway": "footway"}}, {"type": "Feature", "geometry": {"type": "LineString", "coordinates": [[-84.3391202, 33.7638498], [-84.3371724, 33.7639523]]}, "properties": {"surface": "", "highway": "footway"}}, {"type": "Feature", "geometry": {"type": "LineString", "coordinates": [[-84.3376141, 33.7624754], [-84.3373031, 33.7625132], [-84.3371845, 33.7625298], [-84.3371605, 33.7625437], [-84.3371582, 33.762578], [-84.3371681, 33.762852], [-84.3371643, 33.7630919], [-84.3371635, 33.7631413], [-84.3371682, 33.7638552], [-84.3380251, 33.7638013], [-84.339363, 33.7637314], [-84.3391879, 33.7633509], [-84.3392696, 33.7633211]]}, "properties": {"surface": "", "highway": "footway"}}, {"type": "Feature", "geometry": {"type": "LineString", "coordinates": [[-84.3370467, 33.7634732], [-84.3370444, 33.763151], [-84.3370489, 33.7627834], [-84.3370508, 33.7626266], [-84.3370516, 33.7625566], [-84.3370397, 33.7625453], [-84.3366691, 33.7625728], [-84.3364793, 33.7625861], [-84.3362864, 33.7625889], [-84.3360115, 33.7625928], [-84.3359329, 33.7625939]]}, "properties": {"surface": "", "highway": "footway"}}, {"type": "Feature", "geometry": {"type": "LineString", "coordinates": [[-84.3376141, 33.7624754], [-84.3378064, 33.7624452], [-84.3383216, 33.7623687], [-84.3391412, 33.7622503], [-84.3396758, 33.7621798], [-84.3396923, 33.7621818]]}, "properties": {"surface": "", "highway": "footway"}}, {"type": "Feature", "geometry": {"type": "LineString", "coordinates": [[-84.3396923, 33.7621818], [-84.3397147, 33.7621919]]}, "properties": {"surface": "", "highway": "footway"}}, {"type": "Feature", "geometry": {"type": "LineString", "coordinates": [[-84.3417587, 33.7625259], [-84.341757, 33.7624262], [-84.3417471, 33.7624085], [-84.3416833, 33.7623633], [-84.3416317, 33.7623482], [-84.3415857, 33.7623474], [-84.3414817, 33.7623627], [-84.3412934, 33.7623935]]}, "properties": {"surface": "", "highway": "footway"}}, {"type": "Feature", "geometry": {"type": "LineString", "coordinates": [[-84.3412616, 33.7622612], [-84.3415176, 33.7622228], [-84.3417172, 33.762175], [-84.3417373, 33.762162], [-84.3417486, 33.7621426], [-84.341752, 33.7619334], [-84.341744, 33.7619149], [-84.3417289, 33.761896], [-84.3417034, 33.7618855], [-84.3416723, 33.7618834], [-84.3415696, 33.7619008], [-84.3412439, 33.7619468], [-84.3407322, 33.7620281], [-84.3406096, 33.7620846]]}, "properties": {"surface": "", "highway": "footway"}}, {"type": "Feature", "geometry": {"type": "LineString", "coordinates": [[-84.3399504, 33.7622086], [-84.3399324, 33.7622381], [-84.3399209, 33.7622629], [-84.3399177, 33.7622885], [-84.3399182, 33.7623139], [-84.339929, 33.7623549], [-84.3399407, 33.7623986], [-84.3399758, 33.7624332], [-84.3400094, 33.7624474], [-84.340039, 33.762451], [-84.3401206, 33.7624378], [-84.3403058, 33.7624076], [-84.3404468, 33.7623647]]}, "properties": {"surface": "", "highway": "footway"}}, {"type": "Feature", "geometry": {"type": "LineString", "coordinates": [[-84.3406096, 33.7620846], [-84.3404277, 33.7621135], [-84.3402177, 33.7621442]]}, "properties": {"surface": "", "highway": "footway"}}, {"type": "Feature", "geometry": {"type": "LineString", "coordinates": [[-84.3399751, 33.7621908], [-84.3399504, 33.7622086]]}, "properties": {"surface": "", "highway": "footway"}}, {"type": "Feature", "geometry": {"type": "LineString", "coordinates": [[-84.3397332, 33.7623164], [-84.3397476, 33.762296], [-84.3397511, 33.7622763], [-84.3397421, 33.7622296], [-84.3397344, 33.7622109], [-84.3397147, 33.7621919]]}, "properties": {"surface": "", "highway": "footway"}}, {"type": "Feature", "geometry": {"type": "LineString", "coordinates": [[-84.34118, 33.7624642], [-84.3411702, 33.7624112], [-84.3411623, 33.762399], [-84.3411459, 33.7623874], [-84.3411252, 33.762384], [-84.3409762, 33.7624065], [-84.3408781, 33.76245], [-84.3401523, 33.7625628], [-84.3400077, 33.7625575]]}, "properties": {"surface": "", "highway": "footway"}}, {"type": "Feature", "geometry": {"type": "LineString", "coordinates": [[-84.3400077, 33.7625575], [-84.3399678, 33.7625667], [-84.3399491, 33.76259], [-84.3399491, 33.7626171], [-84.3399664, 33.7626983]]}, "properties": {"surface": "", "highway": "footway"}}, {"type": "Feature", "geometry": {"type": "LineString", "coordinates": [[-84.3417587, 33.7625259], [-84.3417611, 33.7627394], [-84.3417301, 33.7634014], [-84.3411867, 33.7634849], [-84.3406776, 33.7635819], [-84.3403017, 33.763644], [-84.3395498, 33.7637722]]}, "properties": {"surface": "", "highway": "footway"}}, {"type": "Feature", "geometry": {"type": "LineString", "coordinates": [[-84.3419262, 33.761854], [-84.3418615, 33.7633626], [-84.3427955, 33.763217]]}, "properties": {"surface": "", "highway": "footway"}}, {"type": "Feature", "geometry": {"type": "LineString", "coordinates": [[-84.3428118, 33.7633703], [-84.34186, 33.7635281]]}, "properties": {"surface": "", "highway": "footway"}}, {"type": "Feature", "geometry": {"type": "LineString", "coordinates": [[-84.3417214, 33.7639604], [-84.3417237, 33.763545], [-84.3396134, 33.7639035]]}, "properties": {"surface": "", "highway": "footway"}}, {"type": "Feature", "geometry": {"type": "LineString", "coordinates": [[-84.3433372, 33.7631257], [-84.3447359, 33.7629161], [-84.344938, 33.7628933], [-84.345441, 33.7628365], [-84.3454947, 33.7628093], [-84.3455085, 33.7627705], [-84.3455052, 33.7624255], [-84.3454945, 33.7619816], [-84.3454907, 33.761821], [-84.3454877, 33.7616951], [-84.3454933, 33.7615882], [-84.3454966, 33.7613037], [-84.3455003, 33.7611471], [-84.3453131, 33.7611762], [-84.3452758, 33.7611815], [-84.3450429, 33.7612169]]}, "properties": {"surface": "", "highway": "footway"}}, {"type": "Feature", "geometry": {"type": "LineString", "coordinates": [[-84.3443272, 33.7635198], [-84.3443111, 33.7631247], [-84.3433425, 33.7632744], [-84.3433372, 33.7632752], [-84.3433279, 33.7635295]]}, "properties": {"surface": "", "highway": "footway"}}, {"type": "Feature", "geometry": {"type": "LineString", "coordinates": [[-84.3432041, 33.7635353], [-84.3432041, 33.7632985], [-84.3428118, 33.7633703]]}, "properties": {"surface": "", "highway": "footway"}}, {"type": "Feature", "geometry": {"type": "LineString", "coordinates": [[-84.3427955, 33.763217], [-84.3432228, 33.7631529], [-84.3432251, 33.7626463], [-84.3432204, 33.7619901]]}, "properties": {"surface": "paving_stones", "highway": "footway"}}, {"type": "Feature", "geometry": {"type": "LineString", "coordinates": [[-84.3454831, 33.7643273], [-84.3454829, 33.7629987], [-84.3454815, 33.762983], [-84.3454667, 33.7629704], [-84.3452729, 33.7629918], [-84.3443737, 33.7631117]]}, "properties": {"surface": "", "highway": "footway"}}, {"type": "Feature", "geometry": {"type": "LineString", "coordinates": [[-84.3443249, 33.7635353], [-84.3443272, 33.7635198]]}, "properties": {"surface": "", "highway": "footway"}}, {"type": "Feature", "geometry": {"type": "LineString", "coordinates": [[-84.3443249, 33.7635353], [-84.3443156, 33.7643079]]}, "properties": {"surface": "", "highway": "footway"}}, {"type": "Feature", "geometry": {"type": "LineString", "coordinates": [[-84.3443156, 33.7643079], [-84.3443029, 33.7648465], [-84.3433255, 33.7648437], [-84.3433162, 33.7638886], [-84.3433162, 33.7638187]]}, "properties": {"surface": "", "highway": "footway"}}, {"type": "Feature", "geometry": {"type": "LineString", "coordinates": [[-84.3457133, 33.7649865], [-84.345632, 33.7649882], [-84.3448363, 33.764964], [-84.3447966, 33.764964], [-84.3447872, 33.7654047]]}, "properties": {"surface": "", "highway": "footway"}}, {"type": "Feature", "geometry": {"type": "LineString", "coordinates": [[-84.3446495, 33.7654027], [-84.3446748, 33.7649631], [-84.3446685, 33.7649595], [-84.3443039, 33.7649539], [-84.3438757, 33.7649511], [-84.3431789, 33.7649476]]}, "properties": {"surface": "", "highway": "footway"}}, {"type": "Feature", "geometry": {"type": "LineString", "coordinates": [[-84.3454831, 33.7643273], [-84.3454775, 33.7648649], [-84.3444276, 33.7648553]]}, "properties": {"surface": "", "highway": "footway"}}, {"type": "Feature", "geometry": {"type": "LineString", "coordinates": [[-84.3457133, 33.7649865], [-84.3456932, 33.765789], [-84.3456582, 33.76648]]}, "properties": {"surface": "", "highway": "footway"}}, {"type": "Feature", "geometry": {"type": "LineString", "coordinates": [[-84.3458414, 33.7653313], [-84.3458076, 33.7660705], [-84.345796, 33.7664936]]}, "properties": {"surface": "", "highway": "footway"}}, {"type": "Feature", "geometry": {"type": "LineString", "coordinates": [[-84.3447872, 33.7654047], [-84.3447452, 33.7664005], [-84.3447475, 33.7664994]]}, "properties": {"surface": "", "highway": "footway"}}, {"type": "Feature", "geometry": {"type": "LineString", "coordinates": [[-84.3446495, 33.7654027], [-84.3446214, 33.7662626], [-84.3446212, 33.7664434]]}, "properties": {"surface": "", "highway": "footway"}}, {"type": "Feature", "geometry": {"type": "LineString", "coordinates": [[-84.3470712, 33.7654343], [-84.3470665, 33.7658461]]}, "properties": {"surface": "", "highway": "footway"}}, {"type": "Feature", "geometry": {"type": "LineString", "coordinates": [[-84.3469655, 33.7653989], [-84.3469506, 33.7658393]]}, "properties": {"surface": "", "highway": "footway"}}, {"type": "Feature", "geometry": {"type": "LineString", "coordinates": [[-84.3488024, 33.765664], [-84.3485931, 33.7658258]]}, "properties": {"surface": "", "highway": "footway"}}, {"type": "Feature", "geometry": {"type": "LineString", "coordinates": [[-84.3468754, 33.7672115], [-84.3465684, 33.7674602], [-84.3462665, 33.7676805], [-84.3457735, 33.7679418], [-84.3457211, 33.7679546], [-84.3456903, 33.7679008], [-84.3457211, 33.7678111], [-84.345792, 33.7675115], [-84.3457797, 33.7671247], [-84.345796, 33.7664936]]}, "properties": {"surface": "", "highway": "footway"}}, {"type": "Feature", "geometry": {"type": "LineString", "coordinates": [[-84.3456582, 33.76648], [-84.3456564, 33.7669352], [-84.3456256, 33.7676472], [-84.3455948, 33.7679187], [-84.345601, 33.7680109], [-84.344729, 33.7683567], [-84.3446992, 33.7683515], [-84.3446859, 33.7683413], [-84.3447075, 33.7678367], [-84.3447475, 33.7664994]]}, "properties": {"surface": "", "highway": "footway"}}, {"type": "Feature", "geometry": {"type": "LineString", "coordinates": [[-84.3445565, 33.768349], [-84.3446212, 33.7665202], [-84.3446212, 33.7664434]]}, "properties": {"surface": "", "highway": "footway"}}, {"type": "Feature", "geometry": {"type": "LineString", "coordinates": [[-84.3489515, 33.7678464], [-84.3485709, 33.7678446], [-84.3483924, 33.7678521], [-84.3482137, 33.7678547], [-84.3478532, 33.7679469], [-84.3474404, 33.7680493], [-84.3471787, 33.7681008], [-84.3467564, 33.7681902], [-84.3464421, 33.7682568], [-84.3463096, 33.7682696], [-84.3459553, 33.7679853], [-84.3456934, 33.7681185], [-84.3452158, 33.768285], [-84.3451212, 33.7683271]]}, "properties": {"surface": "", "highway": "footway"}}, {"type": "Feature", "geometry": {"type": "LineString", "coordinates": [[-84.3502047, 33.7597317], [-84.3503222, 33.7596497], [-84.3503564, 33.75964], [-84.3503736, 33.7596458], [-84.3510741, 33.7605699], [-84.3511721, 33.7606863], [-84.351217, 33.7607807]]}, "properties": {"surface": "", "highway": "footway"}}, {"type": "Feature", "geometry": {"type": "LineString", "coordinates": [[-84.3493455, 33.7604591], [-84.3493438, 33.7603104], [-84.3493336, 33.7603107], [-84.3493201, 33.7602829], [-84.3492998, 33.7602629], [-84.3492748, 33.7602485], [-84.349241, 33.7602378], [-84.3492127, 33.7602362], [-84.3491826, 33.7602367], [-84.3491483, 33.7602472], [-84.3491208, 33.7602608], [-84.3490956, 33.7602827]]}, "properties": {"surface": "", "highway": "footway"}}, {"type": "Feature", "geometry": {"type": "LineString", "coordinates": [[-84.3481333, 33.7606698], [-84.3481366, 33.7609465], [-84.3480479, 33.7636797]]}, "properties": {"surface": "", "highway": "footway"}}, {"type": "Feature", "geometry": {"type": "LineString", "coordinates": [[-84.3481385, 33.7645476], [-84.3481401, 33.7648862]]}, "properties": {"surface": "", "highway": "footway"}}, {"type": "Feature", "geometry": {"type": "LineString", "coordinates": [[-84.3480479, 33.7636797], [-84.3480336, 33.7648935]]}, "properties": {"surface": "", "highway": "footway"}}, {"type": "Feature", "geometry": {"type": "LineString", "coordinates": [[-84.3492758, 33.7654248], [-84.3497766, 33.7650194]]}, "properties": {"surface": "", "highway": "footway"}}, {"type": "Feature", "geometry": {"type": "LineString", "coordinates": [[-84.3492187, 33.7656226], [-84.3493892, 33.7658459]]}, "properties": {"surface": "", "highway": "pedestrian"}}, {"type": "Feature", "geometry": {"type": "LineString", "coordinates": [[-84.3431789, 33.7649476], [-84.3418228, 33.7649298], [-84.341775, 33.7664126], [-84.343546, 33.7664555], [-84.3435423, 33.7665081]]}, "properties": {"surface": "", "highway": "footway"}}, {"type": "Feature", "geometry": {"type": "LineString", "coordinates": [[-84.3431958, 33.7639864], [-84.3431808, 33.7648453], [-84.3418415, 33.7648211], [-84.3418568, 33.7639333]]}, "properties": {"surface": "paving_stones", "highway": "footway"}}, {"type": "Feature", "geometry": {"type": "LineString", "coordinates": [[-84.341692, 33.7649259], [-84.3416662, 33.7659417], [-84.341666, 33.7659417], [-84.3404476, 33.7659269], [-84.3397955, 33.7659143], [-84.3394871, 33.7659084], [-84.3394738, 33.7659081], [-84.3395078, 33.7649053], [-84.3400489, 33.7649104], [-84.341692, 33.7649259]]}, "properties": {"surface": "concrete", "highway": "footway"}}, {"type": "Feature", "geometry": {"type": "LineString", "coordinates": [[-84.3433279, 33.7635295], [-84.3433162, 33.7638187]]}, "properties": {"surface": "", "highway": "footway"}}, {"type": "Feature", "geometry": {"type": "LineString", "coordinates": [[-84.3432041, 33.7635353], [-84.3431958, 33.7639864]]}, "properties": {"surface": "", "highway": "footway"}}, {"type": "Feature", "geometry": {"type": "LineString", "coordinates": [[-84.3417214, 33.7639604], [-84.3417014, 33.7648094], [-84.3400385, 33.7647967], [-84.3396333, 33.763959], [-84.3396134, 33.7639035]]}, "properties": {"surface": "concrete", "highway": "footway"}}, {"type": "Feature", "geometry": {"type": "LineString", "coordinates": [[-84.3391202, 33.7638498], [-84.3393944, 33.7638389], [-84.3398425, 33.7647971], [-84.3395071, 33.7648037], [-84.3390161, 33.7648133], [-84.3390011, 33.7647777]]}, "properties": {"surface": "", "highway": "footway"}}, {"type": "Feature", "geometry": {"type": "LineString", "coordinates": [[-84.341159, 33.7660439], [-84.3408419, 33.7660392], [-84.3406854, 33.7660341], [-84.3404404, 33.7660389], [-84.33968, 33.7660154], [-84.3394858, 33.7660129], [-84.339478, 33.7664483], [-84.3394755, 33.7668274], [-84.3394751, 33.7668895], [-84.3394607, 33.7678182], [-84.3394598, 33.7678919], [-84.3394569, 33.7679502], [-84.339441, 33.768273], [-84.3394318, 33.7684587], [-84.3400106, 33.7684626], [-84.3403121, 33.7684647], [-84.3406672, 33.7684829], [-84.3408226, 33.7684854], [-84.3411498, 33.7684902], [-84.34122, 33.768492], [-84.3414129, 33.7684934], [-84.3416189, 33.7684862], [-84.3416361, 33.7681482], [-84.3416353, 33.7680226]]}, "properties": {"surface": "", "highway": "footway"}}, {"type": "Feature", "geometry": {"type": "LineString", "coordinates": [[-84.3410616, 33.7685879], [-84.3394364, 33.7685752], [-84.3394327, 33.7693255], [-84.3394282, 33.7694642], [-84.3394756, 33.7695859], [-84.3394621, 33.7697329], [-84.3394362, 33.7697756], [-84.339413, 33.7702192], [-84.3394029, 33.7705452]]}, "properties": {"surface": "", "highway": "footway"}}, {"type": "Feature", "geometry": {"type": "LineString", "coordinates": [[-84.3359339, 33.7705123], [-84.3359059, 33.7680938], [-84.3359152, 33.767725], [-84.3358125, 33.7676008], [-84.335741, 33.7675554], [-84.3356958, 33.7675444], [-84.335523, 33.7675309], [-84.3354537, 33.7675364], [-84.3354156, 33.7675386], [-84.3342994, 33.767527], [-84.3342797, 33.7675434], [-84.3342574, 33.7675619], [-84.3342574, 33.7682103], [-84.3342807, 33.7693322], [-84.3342621, 33.7699067], [-84.3342761, 33.7705279]]}, "properties": {"surface": "", "highway": "footway"}}, {"type": "Feature", "geometry": {"type": "LineString", "coordinates": [[-84.3341023, 33.7661772], [-84.334108, 33.7674222], [-84.3330962, 33.7674157]]}, "properties": {"surface": "", "highway": "footway"}}, {"type": "Feature", "geometry": {"type": "LineString", "coordinates": [[-84.3342496, 33.7659493], [-84.3342527, 33.7674222], [-84.3355416, 33.7674261]]}, "properties": {"surface": "", "highway": "footway"}}, {"type": "Feature", "geometry": {"type": "LineString", "coordinates": [[-84.3341099, 33.7688975], [-84.3341033, 33.7675425], [-84.3331037, 33.7675351], [-84.3331226, 33.7689401], [-84.3341099, 33.7688975]]}, "properties": {"surface": "", "highway": "footway"}}, {"type": "Feature", "geometry": {"type": "LineString", "coordinates": [[-84.3296564, 33.7649058], [-84.3295726, 33.7649059], [-84.3295734, 33.7673212]]}, "properties": {"surface": "", "highway": "footway"}}, {"type": "Feature", "geometry": {"type": "LineString", "coordinates": [[-84.3329391, 33.7674158], [-84.3324172, 33.767423], [-84.3319131, 33.7674299], [-84.3319027, 33.7654299]]}, "properties": {"surface": "", "highway": "footway"}}, {"type": "Feature", "geometry": {"type": "LineString", "coordinates": [[-84.3317579, 33.7654338], [-84.3317636, 33.7674377]]}, "properties": {"surface": "", "highway": "footway"}}, {"type": "Feature", "geometry": {"type": "LineString", "coordinates": [[-84.3307325, 33.767435], [-84.3307119, 33.7654221]]}, "properties": {"surface": "", "highway": "footway"}}, {"type": "Feature", "geometry": {"type": "LineString", "coordinates": [[-84.3305915, 33.7674066], [-84.3305671, 33.7654396]]}, "properties": {"surface": "", "highway": "footway"}}, {"type": "Feature", "geometry": {"type": "LineString", "coordinates": [[-84.3294312, 33.7658105], [-84.3294242, 33.764904], [-84.32874, 33.764906]]}, "properties": {"surface": "", "highway": "footway"}}, {"type": "Feature", "geometry": {"type": "LineString", "coordinates": [[-84.3329405, 33.7689207], [-84.3329411, 33.7678393], [-84.3329309, 33.7675301]]}, "properties": {"surface": "", "highway": "footway"}}, {"type": "Feature", "geometry": {"type": "LineString", "coordinates": [[-84.3305871, 33.7675368], [-84.3305865, 33.7678048], [-84.3305851, 33.7684696], [-84.3305893, 33.7689678], [-84.3305912, 33.7691996], [-84.3305919, 33.7692364], [-84.3306034, 33.7698653], [-84.330602, 33.7699055], [-84.3305953, 33.7700952]]}, "properties": {"surface": "", "highway": "footway"}}, {"type": "Feature", "geometry": {"type": "LineString", "coordinates": [[-84.3307359, 33.7689622], [-84.3307335, 33.7686453], [-84.3307396, 33.7677092], [-84.330729, 33.7675346]]}, "properties": {"surface": "", "highway": "footway"}}, {"type": "Feature", "geometry": {"type": "LineString", "coordinates": [[-84.3305915, 33.7674066], [-84.3305892, 33.7674321], [-84.3299306, 33.7674321], [-84.3296704, 33.767405], [-84.3295728, 33.7673898], [-84.3295734, 33.7673212]]}, "properties": {"surface": "", "highway": "footway"}}, {"type": "Feature", "geometry": {"type": "LineString", "coordinates": [[-84.3256049, 33.7655513], [-84.3254931, 33.7651744], [-84.3254213, 33.7648753], [-84.3258735, 33.7649031], [-84.3262025, 33.7649176], [-84.326408, 33.764915], [-84.3264749, 33.7649142], [-84.3268086, 33.7649121], [-84.3270807, 33.7649108], [-84.3278775, 33.7649108], [-84.3283572, 33.764899], [-84.3285991, 33.7649074]]}, "properties": {"surface": "", "highway": "footway"}}, {"type": "Feature", "geometry": {"type": "LineString", "coordinates": [[-84.3296448, 33.7647893], [-84.3295362, 33.7647959], [-84.3290321, 33.7647925], [-84.32874, 33.7647895]]}, "properties": {"surface": "", "highway": "footway"}}, {"type": "Feature", "geometry": {"type": "LineString", "coordinates": [[-84.3296634, 33.7639488], [-84.3289996, 33.7638175], [-84.3285117, 33.7637195]]}, "properties": {"surface": "", "highway": "footway"}}, {"type": "Feature", "geometry": {"type": "LineString", "coordinates": [[-84.3300464, 33.7631871], [-84.3300546, 33.7634846], [-84.3300532, 33.7635637], [-84.3300485, 33.7638192], [-84.3300464, 33.7639205], [-84.329274, 33.76376], [-84.3288166, 33.7636654], [-84.3285463, 33.7636028], [-84.3285861, 33.7634599], [-84.3286437, 33.763253], [-84.3286804, 33.7631212], [-84.3287524, 33.7629113], [-84.3291799, 33.7630089], [-84.329269, 33.7630277], [-84.3295362, 33.7630841], [-84.3295478, 33.7630864], [-84.3297097, 33.7631191], [-84.3298721, 33.7631519], [-84.3300464, 33.7631871]]}, "properties": {"surface": "", "highway": "footway"}}, {"type": "Feature", "geometry": {"type": "LineString", "coordinates": [[-84.3298192, 33.7630129], [-84.3299082, 33.7630317], [-84.3300607, 33.7630604], [-84.3302277, 33.7624656], [-84.3302904, 33.7622425], [-84.3302965, 33.7622205], [-84.3299962, 33.7621579], [-84.329798, 33.7621166], [-84.3295942, 33.7620742], [-84.3294255, 33.762039], [-84.3293797, 33.7620295], [-84.3290423, 33.7619586]]}, "properties": {"surface": "", "highway": "footway"}}, {"type": "Feature", "geometry": {"type": "LineString", "coordinates": [[-84.3303229, 33.7616037], [-84.3302965, 33.7616595], [-84.3303127, 33.7617271], [-84.3303574, 33.7617642], [-84.330392, 33.7617811], [-84.3304245, 33.7617963], [-84.330331, 33.7621056], [-84.3290707, 33.7618335], [-84.3291622, 33.7615614], [-84.329272, 33.7611964], [-84.3293655, 33.761019], [-84.3293874, 33.7609648], [-84.3294061, 33.7609193], [-84.3294234, 33.7608747], [-84.329455, 33.7608838], [-84.3297903, 33.7610376], [-84.3303717, 33.7612995], [-84.3308845, 33.7615206], [-84.3310526, 33.7615902], [-84.3312519, 33.7616713], [-84.3314958, 33.7617473], [-84.3318332, 33.7618538], [-84.3320507, 33.7619113], [-84.3321097, 33.7619315], [-84.3321463, 33.7619411], [-84.3321463, 33.7619704], [-84.3321524, 33.7621462], [-84.3321585, 33.7625974], [-84.3321505, 33.76298], [-84.3321503, 33.7629894], [-84.3321455, 33.7630966]]}, "properties": {"surface": "", "highway": "footway"}}, {"type": "Feature", "geometry": {"type": "LineString", "coordinates": [[-84.3329131, 33.7621623], [-84.3323089, 33.7619873], [-84.3322834, 33.7619854], [-84.3322764, 33.7619941], [-84.3322642, 33.7620346], [-84.3322642, 33.7621178]]}, "properties": {"surface": "", "highway": "footway"}}, {"type": "Feature", "geometry": {"type": "LineString", "coordinates": [[-84.3305587, 33.7617034], [-84.3304083, 33.7622138], [-84.3302213, 33.762861], [-84.3301725, 33.7630326]]}, "properties": {"surface": "", "highway": "footway"}}, {"type": "Feature", "geometry": {"type": "LineString", "coordinates": [[-84.3261328, 33.7647862], [-84.3259063, 33.7647849], [-84.3257184, 33.7647785], [-84.3255859, 33.7647644], [-84.325478, 33.7647593], [-84.3254518, 33.7647542], [-84.3253086, 33.7647311], [-84.3252793, 33.7647234], [-84.3251206, 33.7646043], [-84.3249774, 33.7644826], [-84.3248541, 33.7643968], [-84.3247201, 33.7643008], [-84.3245845, 33.7642368], [-84.3245482, 33.7642181], [-84.3245075, 33.7641971], [-84.3244197, 33.7641714], [-84.3243273, 33.7641177], [-84.3242595, 33.7640511], [-84.3242133, 33.7639909], [-84.3241902, 33.7639307], [-84.3241902, 33.7638628], [-84.3241963, 33.7637975], [-84.3242287, 33.7636707], [-84.3242502, 33.7636041], [-84.3242364, 33.7635196], [-84.3242271, 33.7634632], [-84.3241994, 33.7634094], [-84.3241825, 33.7633813], [-84.3241424, 33.7633262], [-84.3240608, 33.7632442], [-84.3239498, 33.7631251], [-84.3237912, 33.7629535], [-84.3237172, 33.7628869], [-84.3236772, 33.7628318], [-84.3236633, 33.7627883], [-84.3236772, 33.7627422], [-84.3236987, 33.7627114], [-84.323748, 33.7626743], [-84.3238713, 33.7626077], [-84.32407, 33.7624451], [-84.3241578, 33.7623797], [-84.3241871, 33.7623528], [-84.3242179, 33.7624002], [-84.3243088, 33.7624451], [-84.3243966, 33.7624745], [-84.3244736, 33.7624796], [-84.3245845, 33.7624835], [-84.3246847, 33.7624579], [-84.3247648, 33.7624374], [-84.3248094, 33.7624348], [-84.3248587, 33.7624527], [-84.3248942, 33.7624899], [-84.3249296, 33.7626039], [-84.3249727, 33.7627204], [-84.3250698, 33.7629625], [-84.325136, 33.7630995], [-84.3251576, 33.7631418], [-84.3252608, 33.7632929], [-84.3253887, 33.7634402], [-84.325475, 33.7635375], [-84.3255504, 33.7636182], [-84.3256121, 33.7636515], [-84.3256999, 33.7636809], [-84.3258123, 33.7636976], [-84.3259155, 33.7636797], [-84.3259879, 33.7636515], [-84.3260149, 33.7636373], [-84.3260804, 33.7635862], [-84.3261389, 33.7635247], [-84.3261543, 33.7634658], [-84.3261666, 33.7634325]]}, "properties": {"surface": "", "highway": "footway"}}, {"type": "Feature", "geometry": {"type": "LineString", "coordinates": [[-84.3261697, 33.7633966], [-84.3261805, 33.7632839], [-84.3261759, 33.7631085], [-84.3261744, 33.7629727], [-84.3261651, 33.7628818], [-84.326142, 33.7627921], [-84.3261204, 33.7627204]]}, "properties": {"surface": "", "highway": "footway"}}, {"type": "Feature", "geometry": {"type": "LineString", "coordinates": [[-84.3261096, 33.7626884], [-84.3260557, 33.7625616], [-84.3259633, 33.7623195], [-84.3259232, 33.762212], [-84.3259232, 33.7621646], [-84.3259325, 33.762139]]}, "properties": {"surface": "", "highway": "footway"}}, {"type": "Feature", "geometry": {"type": "LineString", "coordinates": [[-84.3256228, 33.7603844], [-84.3257137, 33.7603818], [-84.3261035, 33.7603498], [-84.3263993, 33.7603255], [-84.3265641, 33.7603165], [-84.326679, 33.760307], [-84.3267364, 33.7603054], [-84.3267952, 33.7606251], [-84.3268799, 33.7610785], [-84.3269708, 33.7615703], [-84.3271526, 33.7625117], [-84.3272342, 33.7629714], [-84.3272389, 33.7630099]]}, "properties": {"surface": "", "highway": "footway"}}, {"type": "Feature", "geometry": {"type": "LineString", "coordinates": [[-84.325494, 33.7603942], [-84.3252654, 33.76041], [-84.3249712, 33.7604318], [-84.3247155, 33.7604779], [-84.3244829, 33.7605368], [-84.3243088, 33.7605816], [-84.3242569, 33.7605995], [-84.3242905, 33.7607571], [-84.3242954, 33.7607899]]}, "properties": {"surface": "", "highway": "footway"}}, {"type": "Feature", "geometry": {"type": "LineString", "coordinates": [[-84.3215976, 33.7620891], [-84.3215804, 33.7621035], [-84.3215715, 33.7621106], [-84.3215683, 33.7621195], [-84.3216565, 33.7623177], [-84.3216668, 33.7623362], [-84.3217484, 33.7624784], [-84.3218501, 33.7626564], [-84.3219027, 33.7627578], [-84.3219271, 33.7628049], [-84.3219749, 33.7628933], [-84.3219811, 33.7629047], [-84.3220211, 33.7629791], [-84.3220966, 33.7630675], [-84.3221597, 33.7631033], [-84.3222522, 33.7631443], [-84.32234, 33.7631559], [-84.322402, 33.7631569], [-84.322417, 33.7631571], [-84.3225264, 33.7631418], [-84.3225628, 33.7631323], [-84.322605, 33.7631213], [-84.3226804, 33.7630764], [-84.3226943, 33.7630713]]}, "properties": {"surface": "", "highway": "footway"}}, {"type": "Feature", "geometry": {"type": "LineString", "coordinates": [[-84.3234021, 33.7627696], [-84.3235361, 33.7629054], [-84.3236682, 33.7630359], [-84.3237508, 33.7631178], [-84.3238143, 33.7631807], [-84.3239421, 33.7633172], [-84.3240192, 33.7633928], [-84.3240247, 33.7634003], [-84.3240792, 33.7634747], [-84.324107, 33.7635541], [-84.3240993, 33.7636387], [-84.3240669, 33.7637373], [-84.3240592, 33.763777], [-84.3240484, 33.7638641], [-84.3240669, 33.7639678], [-84.3240977, 33.7640447], [-84.3241039, 33.7640596]]}, "properties": {"surface": "", "highway": "footway"}}, {"type": "Feature", "geometry": {"type": "LineString", "coordinates": [[-84.324965, 33.7646824], [-84.3247386, 33.7646645], [-84.3244443, 33.764621], [-84.3238636, 33.7645377], [-84.3235169, 33.7644852], [-84.3231195, 33.7644276], [-84.3228052, 33.7643892], [-84.3227867, 33.7643674], [-84.3227852, 33.7643341], [-84.3227898, 33.7643085], [-84.3228422, 33.7642637], [-84.3228776, 33.7642278], [-84.3229007, 33.7641791], [-84.3229038, 33.7641253], [-84.322893, 33.7640805], [-84.3228468, 33.7640306], [-84.3228052, 33.7640088], [-84.3227374, 33.7639857], [-84.3226635, 33.763987], [-84.322588, 33.7640152], [-84.3225587, 33.7640293], [-84.3225233, 33.7640664], [-84.3225033, 33.7641164], [-84.3225048, 33.7641702], [-84.3225125, 33.7642214], [-84.3225449, 33.7642637], [-84.3226019, 33.7642982], [-84.3226388, 33.7643174], [-84.322645, 33.7643495], [-84.3226234, 33.7643699], [-84.3225926, 33.7643815], [-84.3223616, 33.7643981], [-84.3223076, 33.7643972], [-84.3222861, 33.7643968], [-84.3221674, 33.7643764], [-84.3220534, 33.7643507]]}, "properties": {"surface": "", "highway": "footway"}}, {"type": "Feature", "geometry": {"type": "LineString", "coordinates": [[-84.3223015, 33.7645377], [-84.3222075, 33.7645608], [-84.3220442, 33.7646133], [-84.321927, 33.7646608], [-84.3218516, 33.7646914], [-84.3212878, 33.7649296], [-84.3208133, 33.7651371], [-84.3205098, 33.7652677], [-84.320288, 33.7653612], [-84.3201617, 33.7653971], [-84.3199645, 33.7654585], [-84.3195501, 33.7655379], [-84.3191511, 33.7656225], [-84.3189724, 33.7656545]]}, "properties": {"surface": "", "highway": "footway"}}, {"type": "Feature", "geometry": {"type": "LineString", "coordinates": [[-84.3217762, 33.765999], [-84.3231272, 33.7660207], [-84.323594, 33.7660284], [-84.3236587, 33.7660297], [-84.3236725, 33.7659311], [-84.3237141, 33.7658043], [-84.3237865, 33.7656609], [-84.3238405, 33.7655892], [-84.3239082, 33.7655264], [-84.3240222, 33.7654444], [-84.3242056, 33.7653305], [-84.3242589, 33.7652976], [-84.3244089, 33.765205], [-84.3246492, 33.765041], [-84.3248033, 33.7649475], [-84.3249311, 33.7648681], [-84.3249604, 33.7648425], [-84.3249681, 33.7648207], [-84.3243319, 33.7647337], [-84.3236787, 33.7646312], [-84.3233891, 33.7645915], [-84.3228129, 33.7645083], [-84.3226589, 33.7645057], [-84.3224417, 33.7645121], [-84.3223554, 33.7645275], [-84.3223015, 33.7645377]]}, "properties": {"surface": "", "highway": "footway"}}, {"type": "Feature", "geometry": {"type": "LineString", "coordinates": [[-84.3187444, 33.7655443], [-84.3187339, 33.7655468], [-84.3186966, 33.7655559], [-84.3185672, 33.7655559], [-84.3181667, 33.7655559], [-84.3176475, 33.7655559], [-84.3172717, 33.7655571], [-84.3170853, 33.7655546], [-84.3170822, 33.7652908], [-84.3170729, 33.7650372], [-84.3170745, 33.7649629], [-84.3170745, 33.7646427], [-84.3170762, 33.7646318], [-84.3170806, 33.7646043], [-84.317267, 33.7645134], [-84.3175258, 33.7643635], [-84.3177662, 33.7642214], [-84.3179664, 33.7641023], [-84.3180414, 33.7640705], [-84.3180526, 33.7640831], [-84.3182591, 33.764498], [-84.3184116, 33.7648041], [-84.3186165, 33.7652178], [-84.3187613, 33.7655033], [-84.3187583, 33.7655238], [-84.3187444, 33.7655443]]}, "properties": {"surface": "", "highway": "footway"}}, {"type": "Feature", "geometry": {"type": "LineString", "coordinates": [[-84.3365627, 33.768667], [-84.3363991, 33.7687039]]}, "properties": {"surface": "", "highway": "path"}}, {"type": "Feature", "geometry": {"type": "LineString", "coordinates": [[-84.3365661, 33.7678678], [-84.3363991, 33.7677545]]}, "properties": {"surface": "", "highway": "path"}}, {"type": "Feature", "geometry": {"type": "LineString", "coordinates": [[-84.336788, 33.7715674], [-84.3368935, 33.771574]]}, "properties": {"surface": "", "highway": "path"}}, {"type": "Feature", "geometry": {"type": "LineString", "coordinates": [[-84.3368935, 33.771574], [-84.3370368, 33.7715609]]}, "properties": {"surface": "", "highway": "path"}}, {"type": "Feature", "geometry": {"type": "LineString", "coordinates": [[-84.3362147, 33.7716316], [-84.33638, 33.7716276], [-84.3365344, 33.7716172], [-84.3366683, 33.7716028], [-84.336788, 33.7715674]]}, "properties": {"surface": "", "highway": "path"}}, {"type": "Feature", "geometry": {"type": "LineString", "coordinates": [[-84.3278392, 33.7718523], [-84.3281155, 33.7718668], [-84.3283126, 33.7718935], [-84.3283363, 33.7718976], [-84.328455, 33.7719182], [-84.328499, 33.7719259], [-84.3286747, 33.7719638], [-84.3289389, 33.7720184], [-84.3290259, 33.7720454], [-84.3290824, 33.772063], [-84.3293908, 33.7721599], [-84.3294123, 33.7721667], [-84.3296215, 33.7722503], [-84.3297183, 33.7722953], [-84.3298012, 33.7723339], [-84.3299716, 33.7724119], [-84.3300758, 33.7724701], [-84.3302451, 33.7725646], [-84.3303158, 33.7726086], [-84.3304959, 33.7727207], [-84.3306944, 33.7728656], [-84.3307129, 33.772869], [-84.3308701, 33.7730016], [-84.3309774, 33.7730882], [-84.3310029, 33.7731087], [-84.3311839, 33.7732179], [-84.3313033, 33.7732792], [-84.3313462, 33.7732993], [-84.3313757, 33.7732603], [-84.3314736, 33.773112], [-84.3315903, 33.772937], [-84.3317217, 33.7727597], [-84.3318317, 33.7726237], [-84.3319658, 33.7724755], [-84.3321763, 33.7723004], [-84.3324553, 33.7720942], [-84.3326672, 33.7719337], [-84.3328241, 33.7718032], [-84.3329193, 33.7717129], [-84.3329595, 33.771675], [-84.3329662, 33.7716327], [-84.332965, 33.7716119], [-84.3329649, 33.7716093], [-84.3329649, 33.7711823], [-84.3329609, 33.7708467], [-84.3329683, 33.7705646]]}, "properties": {"surface": "", "highway": "footway"}}, {"type": "Feature", "geometry": {"type": "LineString", "coordinates": [[-84.332963, 33.770416], [-84.3329555, 33.7702804], [-84.3329475, 33.7698478], [-84.3329528, 33.7694844], [-84.3329475, 33.7691054], [-84.332949, 33.7690462]]}, "properties": {"surface": "", "highway": "footway"}}, {"type": "Feature", "geometry": {"type": "LineString", "coordinates": [[-84.3331179, 33.7690643], [-84.3331202, 33.7694682], [-84.3331202, 33.7700051], [-84.3331089, 33.770432]]}, "properties": {"surface": "", "highway": "footway"}}, {"type": "Feature", "geometry": {"type": "LineString", "coordinates": [[-84.3319363, 33.7716541], [-84.3319357, 33.7715254], [-84.331935, 33.7713799], [-84.3319346, 33.7713026], [-84.3319338, 33.7712479], [-84.3319319, 33.771113], [-84.3319298, 33.7709697], [-84.3319278, 33.7708295], [-84.3319257, 33.7706818], [-84.331924, 33.7705553]]}, "properties": {"surface": "", "highway": "footway"}}, {"type": "Feature", "geometry": {"type": "LineString", "coordinates": [[-84.3317842, 33.7705465], [-84.3317863, 33.7707291], [-84.331788, 33.7708663], [-84.3317895, 33.7709981], [-84.3317903, 33.7711446], [-84.3317916, 33.7713816], [-84.331793, 33.7716512]]}, "properties": {"surface": "", "highway": "footway"}}, {"type": "Feature", "geometry": {"type": "LineString", "coordinates": [[-84.3306759, 33.7704627], [-84.3306372, 33.7704514], [-84.3306211, 33.7704333], [-84.330596, 33.7702757], [-84.3305953, 33.7700952]]}, "properties": {"surface": "", "highway": "footway"}}, {"type": "Feature", "geometry": {"type": "LineString", "coordinates": [[-84.3317864, 33.7704482], [-84.3317824, 33.7700125], [-84.3317753, 33.7690416]]}, "properties": {"surface": "", "highway": "footway"}}, {"type": "Feature", "geometry": {"type": "LineString", "coordinates": [[-84.3319186, 33.7690416], [-84.331924, 33.7699595], [-84.3319271, 33.7704445]]}, "properties": {"surface": "", "highway": "footway"}}, {"type": "Feature", "geometry": {"type": "LineString", "coordinates": [[-84.3319186, 33.7689489], [-84.331908, 33.7683105], [-84.3319116, 33.767522]]}, "properties": {"surface": "", "highway": "footway"}}, {"type": "Feature", "geometry": {"type": "LineString", "coordinates": [[-84.3317594, 33.7675235], [-84.3317613, 33.7677043], [-84.3317666, 33.7682171], [-84.3317669, 33.7682468], [-84.3317682, 33.7683767], [-84.3317683, 33.7683847], [-84.3317692, 33.7685311], [-84.33177, 33.7686679], [-84.3317707, 33.7687766], [-84.3317718, 33.7689489]]}, "properties": {"surface": "", "highway": "footway"}}, {"type": "Feature", "geometry": {"type": "LineString", "coordinates": [[-84.3294321, 33.7673569], [-84.3294321, 33.7666052], [-84.3294336, 33.7659789], [-84.3294312, 33.7658105]]}, "properties": {"surface": "", "highway": "footway"}}, {"type": "Feature", "geometry": {"type": "LineString", "coordinates": [[-84.3271471, 33.7617161], [-84.3274734, 33.7617312], [-84.3276407, 33.761739], [-84.3276511, 33.7617395], [-84.327833, 33.761749], [-84.3280347, 33.7617596], [-84.3280847, 33.761769], [-84.3282826, 33.7618061], [-84.3284363, 33.7618349], [-84.3284451, 33.7618365], [-84.3286766, 33.7618845], [-84.3288917, 33.7619291], [-84.3288256, 33.7621703], [-84.3287509, 33.762443], [-84.328653, 33.7627708], [-84.3280302, 33.762643], [-84.3278765, 33.7626114], [-84.3276964, 33.7625659], [-84.327572, 33.7625345], [-84.3275347, 33.7625224], [-84.3274175, 33.7624853], [-84.3272969, 33.7624651], [-84.3272802, 33.7623762], [-84.327265, 33.7622954], [-84.3272211, 33.7620794], [-84.3272172, 33.7620599], [-84.3272075, 33.7620017], [-84.3271846, 33.7618637], [-84.3271471, 33.7617161]]}, "properties": {"surface": "", "highway": "footway"}}, {"type": "Feature", "geometry": {"type": "LineString", "coordinates": [[-84.3286154, 33.762889], [-84.3285296, 33.7631756], [-84.3285268, 33.7631848], [-84.3284934, 33.7632937], [-84.3284572, 33.763345], [-84.3284089, 33.7633997], [-84.3283566, 33.7634454], [-84.3282694, 33.7634955], [-84.3282077, 33.7635189], [-84.3281474, 33.7635424]]}, "properties": {"surface": "", "highway": "footway"}}, {"type": "Feature", "geometry": {"type": "LineString", "coordinates": [[-84.3330794, 33.7645691], [-84.3330759, 33.7647751]]}, "properties": {"surface": "", "highway": "footway"}}, {"type": "Feature", "geometry": {"type": "LineString", "coordinates": [[-84.334115, 33.770441], [-84.3341115, 33.7699105], [-84.3341115, 33.7692564], [-84.3341022, 33.7690545], [-84.3340671, 33.7690487], [-84.3331179, 33.7690643]]}, "properties": {"surface": "", "highway": "footway"}}, {"type": "Feature", "geometry": {"type": "LineString", "coordinates": [[-84.3359339, 33.7705123], [-84.3359211, 33.7711004], [-84.3359071, 33.771607], [-84.3342563, 33.7715992]]}, "properties": {"surface": "", "highway": "footway"}}, {"type": "Feature", "geometry": {"type": "LineString", "coordinates": [[-84.3342761, 33.7705279], [-84.334268, 33.7713411]]}, "properties": {"surface": "", "highway": "footway"}}, {"type": "Feature", "geometry": {"type": "LineString", "coordinates": [[-84.3341162, 33.7715992], [-84.3331254, 33.771593], [-84.3330888, 33.7706753], [-84.3331004, 33.7705747]]}, "properties": {"surface": "", "highway": "footway"}}, {"type": "Feature", "geometry": {"type": "LineString", "coordinates": [[-84.3341372, 33.7717293], [-84.3333947, 33.7717234], [-84.3331448, 33.7717273], [-84.3331197, 33.7717337], [-84.3330841, 33.7717429], [-84.3329814, 33.7718651], [-84.332788, 33.7720395], [-84.3327595, 33.7720651], [-84.3325704, 33.772199], [-84.3322505, 33.7724455], [-84.3319727, 33.7727114], [-84.3317111, 33.7730647], [-84.33155, 33.7732782], [-84.3314968, 33.7733657], [-84.331727, 33.7734533], [-84.331982, 33.7735188], [-84.3323509, 33.7735635], [-84.3326895, 33.7735654], [-84.3329744, 33.7735518], [-84.3332966, 33.7734936], [-84.333389, 33.7734742], [-84.3334624, 33.7734587], [-84.3337987, 33.773409], [-84.333857, 33.7734004], [-84.3339006, 33.7733995], [-84.3342259, 33.7733927], [-84.3344074, 33.7734101], [-84.3345295, 33.7734218], [-84.3347863, 33.7734684], [-84.3349987, 33.7735125], [-84.3351786, 33.7735499], [-84.3353794, 33.7736237], [-84.3356129, 33.7737071], [-84.3356478, 33.7737235], [-84.3356943, 33.773748], [-84.3358254, 33.7738158], [-84.3359764, 33.7739015], [-84.3360267, 33.7739144], [-84.3360933, 33.773909]]}, "properties": {"surface": "", "highway": "footway"}}, {"type": "Feature", "geometry": {"type": "LineString", "coordinates": [[-84.339732, 33.7738382], [-84.3396439, 33.7738188], [-84.3395232, 33.7737787], [-84.3394602, 33.7737341], [-84.3394287, 33.7737139], [-84.3393717, 33.7736772], [-84.3392845, 33.7736404], [-84.3392188, 33.7736204], [-84.3392188, 33.7735546], [-84.339255, 33.7735011]]}, "properties": {"surface": "", "highway": "footway"}}, {"type": "Feature", "geometry": {"type": "LineString", "coordinates": [[-84.3392188, 33.7735546], [-84.339192, 33.7735468], [-84.33909, 33.7735579], [-84.3390552, 33.7735568], [-84.3389586, 33.7734844], [-84.3389466, 33.7734728], [-84.3389331, 33.7734598], [-84.3388594, 33.7734387], [-84.3387829, 33.7734297], [-84.3387132, 33.7734008], [-84.3386904, 33.7733751], [-84.33863, 33.773345], [-84.338626, 33.7732826], [-84.3386153, 33.7732269], [-84.3385536, 33.7732101], [-84.3384839, 33.7731956], [-84.3383953, 33.7731722], [-84.3383122, 33.7731276], [-84.3382586, 33.7730953], [-84.3381714, 33.7730686], [-84.3380921, 33.7730648], [-84.3380547, 33.773063], [-84.3380373, 33.7729459]]}, "properties": {"surface": "", "highway": "footway"}}, {"type": "Feature", "geometry": {"type": "LineString", "coordinates": [[-84.3380921, 33.7730648], [-84.3380815, 33.7731572], [-84.3380829, 33.7732246], [-84.3381003, 33.7732592], [-84.3380829, 33.7732993], [-84.3380654, 33.773345], [-84.3380775, 33.7733974], [-84.3380976, 33.7734476], [-84.3381137, 33.7735412]]}, "properties": {"surface": "", "highway": "footway"}}, {"type": "Feature", "geometry": {"type": "LineString", "coordinates": [[-84.3393477, 33.773824], [-84.3393717, 33.7737887]]}, "properties": {"surface": "", "highway": "footway"}}, {"type": "Feature", "geometry": {"type": "LineString", "coordinates": [[-84.3390552, 33.7735568], [-84.3391383, 33.7736081], [-84.3392188, 33.7736204]]}, "properties": {"surface": "", "highway": "footway"}}, {"type": "Feature", "geometry": {"type": "LineString", "coordinates": [[-84.3395232, 33.7737787], [-84.3395447, 33.7738645]]}, "properties": {"surface": "", "highway": "footway"}}, {"type": "Feature", "geometry": {"type": "LineString", "coordinates": [[-84.337282, 33.7736974], [-84.33736, 33.7736984], [-84.3374177, 33.7736839], [-84.3376416, 33.7736494], [-84.33793, 33.7735947], [-84.3380004, 33.7735742], [-84.3380566, 33.7735578], [-84.3380715, 33.7735535], [-84.3381137, 33.7735412], [-84.338516, 33.7735468], [-84.3386944, 33.773588], [-84.338759, 33.7735969], [-84.3388325, 33.773607], [-84.3390511, 33.7736516], [-84.3393717, 33.7737887], [-84.3395447, 33.7738645], [-84.3397323, 33.773953], [-84.3399604, 33.7740607]]}, "properties": {"surface": "", "highway": "footway"}}, {"type": "Feature", "geometry": {"type": "LineString", "coordinates": [[-84.3399604, 33.7740607], [-84.34005, 33.7741031], [-84.3402219, 33.7741844], [-84.3405197, 33.7743216], [-84.3406781, 33.774378], [-84.3407074, 33.7743885], [-84.3409273, 33.7744297], [-84.3411352, 33.7744609], [-84.3412801, 33.7744631], [-84.3414598, 33.7744676], [-84.3417468, 33.7744687]]}, "properties": {"surface": "", "highway": "footway"}}, {"type": "Feature", "geometry": {"type": "LineString", "coordinates": [[-84.3412801, 33.7744631], [-84.3412908, 33.7742714], [-84.3413002, 33.7740183]]}, "properties": {"surface": "", "highway": "footway"}}, {"type": "Feature", "geometry": {"type": "LineString", "coordinates": [[-84.3413002, 33.7740183], [-84.341291, 33.7740186], [-84.3412799, 33.7740189], [-84.341221, 33.7740206], [-84.3408201, 33.7739437], [-84.3407718, 33.7739381], [-84.340698, 33.7740351], [-84.3406645, 33.7741298], [-84.3406578, 33.7742368], [-84.3406781, 33.774378]]}, "properties": {"surface": "", "highway": "footway"}}, {"type": "Feature", "geometry": {"type": "LineString", "coordinates": [[-84.3412908, 33.7742714], [-84.3414678, 33.7742736], [-84.3414679, 33.7742483]]}, "properties": {"surface": "", "highway": "footway"}}, {"type": "Feature", "geometry": {"type": "LineString", "coordinates": [[-84.3408201, 33.7739437], [-84.3408375, 33.7738578], [-84.3408493, 33.7738595]]}, "properties": {"surface": "", "highway": "footway"}}, {"type": "Feature", "geometry": {"type": "LineString", "coordinates": [[-84.3407718, 33.7739381], [-84.3407879, 33.7738545], [-84.3408375, 33.7738578]]}, "properties": {"surface": "", "highway": "footway"}}, {"type": "Feature", "geometry": {"type": "LineString", "coordinates": [[-84.3407879, 33.7738545], [-84.3406578, 33.7738143], [-84.3405317, 33.7737898]]}, "properties": {"surface": "", "highway": "footway"}}, {"type": "Feature", "geometry": {"type": "LineString", "coordinates": [[-84.3402313, 33.7737575], [-84.3401348, 33.7738467], [-84.3400556, 33.773869], [-84.3400583, 33.7740039], [-84.3400731, 33.7740551], [-84.34005, 33.7741031]]}, "properties": {"surface": "", "highway": "footway"}}, {"type": "Feature", "geometry": {"type": "LineString", "coordinates": [[-84.3401348, 33.7738467], [-84.3403145, 33.7738768], [-84.3403601, 33.773937], [-84.3404714, 33.7739749], [-84.3405988, 33.7740261], [-84.3406296, 33.7740384], [-84.340698, 33.7740351]]}, "properties": {"surface": "", "highway": "footway"}}, {"type": "Feature", "geometry": {"type": "LineString", "coordinates": [[-84.3405988, 33.7740261], [-84.3406645, 33.7741298]]}, "properties": {"surface": "", "highway": "footway"}}, {"type": "Feature", "geometry": {"type": "LineString", "coordinates": [[-84.3400556, 33.773869], [-84.3400221, 33.7738556], [-84.3399859, 33.7738556], [-84.3399416, 33.7738366], [-84.3398064, 33.7738223]]}, "properties": {"surface": "", "highway": "footway"}}, {"type": "Feature", "geometry": {"type": "LineString", "coordinates": [[-84.3386904, 33.7733751], [-84.3386998, 33.7734409], [-84.338741, 33.7735494], [-84.338759, 33.7735969]]}, "properties": {"surface": "", "highway": "footway"}}, {"type": "Feature", "geometry": {"type": "LineString", "coordinates": [[-84.3388325, 33.773607], [-84.3388594, 33.7734387]]}, "properties": {"surface": "", "highway": "footway"}}, {"type": "Feature", "geometry": {"type": "LineString", "coordinates": [[-84.3388594, 33.7734387], [-84.3389264, 33.7732101]]}, "properties": {"surface": "", "highway": "footway"}}, {"type": "Feature", "geometry": {"type": "LineString", "coordinates": [[-84.3389466, 33.7734728], [-84.3390283, 33.7733406], [-84.3390412, 33.7733415]]}, "properties": {"surface": "", "highway": "footway"}}, {"type": "Feature", "geometry": {"type": "LineString", "coordinates": [[-84.3380547, 33.773063], [-84.3378673, 33.7730142], [-84.3378058, 33.7730132]]}, "properties": {"surface": "", "highway": "footway"}}, {"type": "Feature", "geometry": {"type": "LineString", "coordinates": [[-84.3381003, 33.7732592], [-84.3383152, 33.773265], [-84.3383206, 33.7733609], [-84.3384359, 33.7733631], [-84.3384405, 33.7733453]]}, "properties": {"surface": "", "highway": "footway"}}, {"type": "Feature", "geometry": {"type": "LineString", "coordinates": [[-84.3383152, 33.773265], [-84.3383122, 33.7731276]]}, "properties": {"surface": "", "highway": "footway"}}, {"type": "Feature", "geometry": {"type": "LineString", "coordinates": [[-84.3398064, 33.7738223], [-84.339767, 33.7738307], [-84.339732, 33.7738382]]}, "properties": {"surface": "", "highway": "footway"}}, {"type": "Feature", "geometry": {"type": "LineString", "coordinates": [[-84.3623712, 33.7710378], [-84.3623962, 33.7703649], [-84.3624166, 33.7697628], [-84.362632, 33.7695651], [-84.362596, 33.769513]]}, "properties": {"surface": "", "highway": "footway"}}, {"type": "Feature", "geometry": {"type": "LineString", "coordinates": [[-84.3400936, 33.7621583], [-84.3399751, 33.7621908]]}, "properties": {"surface": "", "highway": "footway"}}, {"type": "Feature", "geometry": {"type": "LineString", "coordinates": [[-84.3588153, 33.7737246], [-84.3588087, 33.7737081], [-84.3587934, 33.7736244], [-84.3588071, 33.7733357]]}, "properties": {"surface": "", "highway": "footway"}}, {"type": "Feature", "geometry": {"type": "LineString", "coordinates": [[-84.3586725, 33.7737241], [-84.35868, 33.773633], [-84.3586811, 33.7732851], [-84.3586787, 33.7731432], [-84.3586707, 33.772635], [-84.358664, 33.7723652]]}, "properties": {"surface": "", "highway": "footway"}}, {"type": "Feature", "geometry": {"type": "LineString", "coordinates": [[-84.3586725, 33.7737241], [-84.3583871, 33.7737003], [-84.3582364, 33.7737075], [-84.3577857, 33.7737076], [-84.3575315, 33.7737065], [-84.3574376, 33.773692], [-84.3574002, 33.7736485], [-84.3573965, 33.7734997], [-84.3574052, 33.7725848], [-84.3574276, 33.7711615], [-84.357426, 33.7711408]]}, "properties": {"surface": "concrete", "highway": "footway"}}, {"type": "Feature", "geometry": {"type": "LineString", "coordinates": [[-84.3607678, 33.7675826], [-84.361283, 33.7674182], [-84.3618473, 33.7672375], [-84.3623632, 33.7670838], [-84.3624301, 33.7670579]]}, "properties": {"surface": "concrete", "highway": "footway"}}, {"type": "Feature", "geometry": {"type": "LineString", "coordinates": [[-84.3612144, 33.7589349], [-84.3612279, 33.7589261], [-84.3621379, 33.7583286], [-84.3621893, 33.7582906], [-84.3623045, 33.7582107], [-84.3626883, 33.7579684], [-84.3628272, 33.7578807], [-84.3632584, 33.7576084], [-84.3633793, 33.7575899], [-84.3638076, 33.7575992], [-84.3640462, 33.7576085], [-84.364078, 33.7576179], [-84.3640867, 33.7576213], [-84.364097, 33.7576262]]}, "properties": {"surface": "", "highway": "footway"}}, {"type": "Feature", "geometry": {"type": "LineString", "coordinates": [[-84.3613917, 33.7612757], [-84.3611129, 33.7612778], [-84.3609471, 33.7613159], [-84.3601644, 33.7617196]]}, "properties": {"surface": "", "highway": "footway"}}, {"type": "Feature", "geometry": {"type": "LineString", "coordinates": [[-84.3622107, 33.7612752], [-84.3620392, 33.7612707], [-84.3613917, 33.7612757]]}, "properties": {"surface": "", "highway": "footway"}}, {"type": "Feature", "geometry": {"type": "LineString", "coordinates": [[-84.3600088, 33.7618044], [-84.359274, 33.7621938], [-84.3581034, 33.7628623]]}, "properties": {"surface": "", "highway": "footway"}}, {"type": "Feature", "geometry": {"type": "LineString", "coordinates": [[-84.3546458, 33.765062], [-84.3545619, 33.7651411], [-84.3539473, 33.7656735], [-84.3534917, 33.7661021], [-84.3534055, 33.7661832], [-84.3531196, 33.7665622]]}, "properties": {"surface": "", "highway": "footway"}}, {"type": "Feature", "geometry": {"type": "LineString", "coordinates": [[-84.3526025, 33.7689105], [-84.3525948, 33.7688687], [-84.3525963, 33.7686901], [-84.3526044, 33.7685038], [-84.3526165, 33.7682782], [-84.3526259, 33.7681984], [-84.3526494, 33.7679977], [-84.352718, 33.7676757], [-84.3527928, 33.7674607], [-84.3529796, 33.7670531], [-84.3530709, 33.766875], [-84.35321, 33.7666618], [-84.3532432, 33.7666122], [-84.3533211, 33.7665048], [-84.3534795, 33.766307], [-84.353647, 33.7661314]]}, "properties": {"surface": "", "highway": "footway"}}, {"type": "Feature", "geometry": {"type": "LineString", "coordinates": [[-84.353647, 33.7661314], [-84.3543962, 33.7662658], [-84.3548764, 33.766352]]}, "properties": {"surface": "", "highway": "footway"}}, {"type": "Feature", "geometry": {"type": "LineString", "coordinates": [[-84.3546458, 33.765062], [-84.3545552, 33.7649823], [-84.3538919, 33.7644374], [-84.3537961, 33.7643578], [-84.3537595, 33.7643261], [-84.3537404, 33.7643214], [-84.353711, 33.7643424], [-84.3536029, 33.7644971], [-84.3528614, 33.7655574], [-84.3523882, 33.7661124], [-84.3522808, 33.7662219], [-84.3522881, 33.766234], [-84.3524468, 33.7663001], [-84.3531196, 33.7665622]]}, "properties": {"surface": "", "highway": "footway"}}, {"type": "Feature", "geometry": {"type": "LineString", "coordinates": [[-84.3547228, 33.7649951], [-84.3542949, 33.7646255], [-84.354097, 33.7644551], [-84.3537911, 33.7642205], [-84.3538124, 33.7641789], [-84.3541565, 33.7636298], [-84.3542673, 33.7634836], [-84.3544649, 33.7633047], [-84.3544794, 33.7633021], [-84.3544932, 33.7633057]]}, "properties": {"surface": "", "highway": "footway"}}, {"type": "Feature", "geometry": {"type": "LineString", "coordinates": [[-84.3619554, 33.7614243], [-84.3611766, 33.7614305]]}, "properties": {"surface": "", "highway": "footway"}}, {"type": "Feature", "geometry": {"type": "LineString", "coordinates": [[-84.3611766, 33.7614305], [-84.3610658, 33.761442], [-84.3608325, 33.761496], [-84.3604162, 33.7617158], [-84.3602443, 33.7618202], [-84.3602226, 33.7618392], [-84.3601754, 33.7618806], [-84.3591576, 33.7624535], [-84.3589781, 33.7625388], [-84.3586643, 33.7627201], [-84.3585919, 33.7627343], [-84.3584869, 33.7627815], [-84.3581168, 33.7629825], [-84.3580509, 33.7630183]]}, "properties": {"surface": "", "highway": "footway"}}, {"type": "Feature", "geometry": {"type": "LineString", "coordinates": [[-84.36355, 33.7735242], [-84.3635107, 33.7735701], [-84.3634073, 33.7736079], [-84.3630751, 33.7736812], [-84.3628672, 33.7737094], [-84.3626543, 33.7737151], [-84.3624279, 33.7737264], [-84.3623605, 33.7737236], [-84.3622659, 33.7737239], [-84.3621904, 33.7737241], [-84.3618629, 33.773725], [-84.3617112, 33.7737293], [-84.3614723, 33.7737286]]}, "properties": {"surface": "", "highway": "footway"}}, {"type": "Feature", "geometry": {"type": "LineString", "coordinates": [[-84.3597938, 33.7737044], [-84.3592554, 33.7737264], [-84.3590688, 33.7737264], [-84.3589815, 33.7737241]]}, "properties": {"surface": "concrete", "highway": "footway"}}, {"type": "Feature", "geometry": {"type": "LineString", "coordinates": [[-84.3572642, 33.7737307], [-84.3572237, 33.7737358], [-84.3571636, 33.7737382], [-84.356784, 33.7737394], [-84.3567577, 33.7737406], [-84.3565627, 33.77373], [-84.3562522, 33.7737287], [-84.3559182, 33.7737466], [-84.3557426, 33.7737429], [-84.3555204, 33.7737415], [-84.3553718, 33.7737406], [-84.3549115, 33.7737418], [-84.3546365, 33.7737227], [-84.3543511, 33.773718], [-84.353876, 33.7737144], [-84.3535744, 33.7737121], [-84.3535646, 33.7737124]]}, "properties": {"surface": "concrete", "highway": "footway"}}, {"type": "Feature", "geometry": {"type": "LineString", "coordinates": [[-84.3524184, 33.7737299], [-84.3521765, 33.7737513], [-84.3516333, 33.7737561], [-84.3510062, 33.7737594], [-84.3508234, 33.7737557]]}, "properties": {"surface": "concrete", "highway": "footway"}}, {"type": "Feature", "geometry": {"type": "LineString", "coordinates": [[-84.3490828, 33.7711628], [-84.3490959, 33.7711493], [-84.3491357, 33.7711461], [-84.3500541, 33.771127], [-84.3506919, 33.7711316]]}, "properties": {"surface": "", "highway": "footway"}}, {"type": "Feature", "geometry": {"type": "LineString", "coordinates": [[-84.3623594, 33.7712242], [-84.3623502, 33.7713271], [-84.3623582, 33.7718226], [-84.362392, 33.7726436], [-84.3624279, 33.7737264]]}, "properties": {"surface": "", "highway": "footway"}}, {"type": "Feature", "geometry": {"type": "LineString", "coordinates": [[-84.3622659, 33.7737239], [-84.3622936, 33.7734863], [-84.3622874, 33.7734228], [-84.3622338, 33.7715464], [-84.3622044, 33.7712203]]}, "properties": {"surface": "", "highway": "footway"}}, {"type": "Feature", "geometry": {"type": "LineString", "coordinates": [[-84.3609359, 33.7710474], [-84.3601922, 33.7710414], [-84.3601543, 33.7710417], [-84.3596511, 33.7710439], [-84.3596309, 33.7710431], [-84.3596162, 33.7710391], [-84.3595927, 33.7710238], [-84.3595783, 33.770992], [-84.359552, 33.7705103], [-84.3595175, 33.7702222], [-84.3594976, 33.7700886], [-84.3594605, 33.769998], [-84.3593966, 33.7698501], [-84.3593222, 33.7697055], [-84.3589822, 33.7691832], [-84.3588415, 33.7688895], [-84.3587445, 33.7686168], [-84.3586944, 33.768311], [-84.3587034, 33.7682661], [-84.358715, 33.7682577], [-84.3587217, 33.7682528], [-84.358876, 33.7681951], [-84.3594201, 33.7680154], [-84.3597391, 33.7679101], [-84.3607678, 33.7675826]]}, "properties": {"surface": "", "highway": "footway"}}, {"type": "Feature", "geometry": {"type": "LineString", "coordinates": [[-84.3584079, 33.7684109], [-84.3584199, 33.7685247], [-84.3584159, 33.7685715], [-84.3583931, 33.7686138], [-84.3583381, 33.7686629], [-84.358204, 33.7687722], [-84.3580055, 33.7688959], [-84.3578, 33.7690004], [-84.3577394, 33.7690179]]}, "properties": {"surface": "paved", "highway": "footway"}}, {"type": "Feature", "geometry": {"type": "LineString", "coordinates": [[-84.3655788, 33.7575202], [-84.3653819, 33.7575271], [-84.3650938, 33.7575223], [-84.3649027, 33.7575192]]}, "properties": {"surface": "concrete", "highway": "footway"}}, {"type": "Feature", "geometry": {"type": "LineString", "coordinates": [[-84.3591691, 33.7544356], [-84.3592615, 33.7544159], [-84.3593982, 33.7543868], [-84.3596835, 33.7543373], [-84.3611451, 33.7540884]]}, "properties": {"surface": "", "highway": "footway"}}, {"type": "Feature", "geometry": {"type": "LineString", "coordinates": [[-84.352987, 33.748928], [-84.3522714, 33.7486025], [-84.351912, 33.748439], [-84.351856, 33.748413]]}, "properties": {"surface": "concrete", "highway": "residential"}}, {"type": "Feature", "geometry": {"type": "LineString", "coordinates": [[-84.3506734, 33.7695217], [-84.3507856, 33.7695477], [-84.3508349, 33.7695885], [-84.3508488, 33.7696034]]}, "properties": {"surface": "paved", "highway": "path"}}, {"type": "Feature", "geometry": {"type": "LineString", "coordinates": [[-84.3662655, 33.7529792], [-84.3663098, 33.7529608], [-84.3667827, 33.7528286], [-84.3669059, 33.7527942], [-84.3669837, 33.7527901], [-84.3673914, 33.7526788], [-84.3673885, 33.752659], [-84.3674571, 33.7526393], [-84.3674644, 33.752656], [-84.3675167, 33.7526414], [-84.3677668, 33.7525506], [-84.3688242, 33.752224]]}, "properties": {"surface": "", "highway": "footway"}}, {"type": "Feature", "geometry": {"type": "LineString", "coordinates": [[-84.3631579, 33.7522919], [-84.3632456, 33.7522733]]}, "properties": {"surface": "concrete", "highway": "footway"}}, {"type": "Feature", "geometry": {"type": "LineString", "coordinates": [[-84.3681006, 33.7503409], [-84.3680896, 33.7508029]]}, "properties": {"surface": "", "highway": "footway"}}, {"type": "Feature", "geometry": {"type": "LineString", "coordinates": [[-84.3681224, 33.7494259], [-84.3681031, 33.7502363], [-84.3681027, 33.750253]]}, "properties": {"surface": "", "highway": "footway"}}, {"type": "Feature", "geometry": {"type": "LineString", "coordinates": [[-84.3687253, 33.7484676], [-84.3681863, 33.7480627], [-84.3681544, 33.7480807], [-84.3681249, 33.749321]]}, "properties": {"surface": "", "highway": "footway"}}, {"type": "Feature", "geometry": {"type": "LineString", "coordinates": [[-84.3697826, 33.7494773], [-84.3697694, 33.7494641], [-84.3689269, 33.7486189], [-84.3687902, 33.7485163]]}, "properties": {"surface": "", "highway": "footway"}}, {"type": "Feature", "geometry": {"type": "LineString", "coordinates": [[-84.3707686, 33.7509694], [-84.3700736, 33.7497691], [-84.3698827, 33.7495776]]}, "properties": {"surface": "concrete", "highway": "footway"}}, {"type": "Feature", "geometry": {"type": "LineString", "coordinates": [[-84.3710742, 33.7516473], [-84.3709703, 33.7514169], [-84.3707686, 33.7509694]]}, "properties": {"surface": "", "highway": "footway"}}, {"type": "Feature", "geometry": {"type": "LineString", "coordinates": [[-84.3680896, 33.7508029], [-84.3680474, 33.7508159], [-84.366636, 33.7512488], [-84.3665927, 33.7512649], [-84.3665643, 33.7512857], [-84.3665381, 33.7513235], [-84.3665302, 33.75135], [-84.366529, 33.7513746], [-84.3665631, 33.7514701], [-84.3634002, 33.7522337]]}, "properties": {"surface": "", "highway": "footway"}}, {"type": "Feature", "geometry": {"type": "LineString", "coordinates": [[-84.3634002, 33.7522337], [-84.3633907, 33.7522471], [-84.3633918, 33.7522746], [-84.3634467, 33.7524031]]}, "properties": {"surface": "", "highway": "footway"}}, {"type": "Feature", "geometry": {"type": "LineString", "coordinates": [[-84.3634467, 33.7524031], [-84.3638925, 33.7534483]]}, "properties": {"surface": "concrete", "highway": "footway"}}, {"type": "Feature", "geometry": {"type": "LineString", "coordinates": [[-84.3632456, 33.7522733], [-84.363269, 33.7523327]]}, "properties": {"surface": "", "highway": "footway"}}, {"type": "Feature", "geometry": {"type": "LineString", "coordinates": [[-84.3680614, 33.7482458], [-84.3680699, 33.7479937], [-84.3680299, 33.7478818], [-84.3680068, 33.7477386], [-84.3680076, 33.7475909], [-84.3680102, 33.7470916], [-84.3680117, 33.7468088], [-84.3679935, 33.7467866], [-84.3674793, 33.7467846], [-84.3674748, 33.7470982], [-84.3674587, 33.7482257], [-84.3680614, 33.7482458]]}, "properties": {"surface": "asphalt", "highway": "footway"}}, {"type": "Feature", "geometry": {"type": "LineString", "coordinates": [[-84.35796, 33.7629427], [-84.3579211, 33.7629641], [-84.3578086, 33.7630259], [-84.3571679, 33.763378], [-84.3560871, 33.7639718], [-84.3556551, 33.7642241]]}, "properties": {"surface": "", "highway": "footway"}}, {"type": "Feature", "geometry": {"type": "LineString", "coordinates": [[-84.3572296, 33.7634797], [-84.3562757, 33.7640071], [-84.3557219, 33.7643271], [-84.3550298, 33.7649212]]}, "properties": {"surface": "", "highway": "footway"}}, {"type": "Feature", "geometry": {"type": "LineString", "coordinates": [[-84.3563585, 33.758322], [-84.356319, 33.7582612], [-84.3561646, 33.7579559], [-84.3559747, 33.7575673], [-84.3559309, 33.7574777], [-84.3557805, 33.7570736], [-84.3556151, 33.7568102], [-84.355534, 33.7567378], [-84.3554555, 33.756682], [-84.3551247, 33.7568038], [-84.3548471, 33.7569476], [-84.3547866, 33.7569789], [-84.3546193, 33.7570942], [-84.3543157, 33.7573966], [-84.3542868, 33.7574359], [-84.3542629, 33.75748], [-84.3542607, 33.7575022], [-84.3542995, 33.7576217], [-84.3544331, 33.7579608], [-84.3546094, 33.7584102], [-84.3548222, 33.7589073], [-84.3550014, 33.7592424], [-84.3551004, 33.7593849], [-84.355211, 33.7595081], [-84.3553173, 33.759611], [-84.3553467, 33.7596246], [-84.3553824, 33.7596281], [-84.3554136, 33.7596204], [-84.3554332, 33.7596118], [-84.3554484, 33.7596012], [-84.355466, 33.7595762], [-84.3554874, 33.7595353], [-84.3558887, 33.7589032], [-84.3559666, 33.7587806], [-84.3562626, 33.7584135], [-84.3563585, 33.758322]]}, "properties": {"surface": "", "highway": "footway"}}, {"type": "Feature", "geometry": {"type": "LineString", "coordinates": [[-84.3557921, 33.7625217], [-84.3558507, 33.762513], [-84.3562789, 33.7624113], [-84.356491, 33.7623526], [-84.3568149, 33.7622325], [-84.3578477, 33.7617608], [-84.3578614, 33.7617969], [-84.3578834, 33.7620518], [-84.357921, 33.7624894], [-84.3579279, 33.7625689], [-84.3579306, 33.7626009], [-84.35796, 33.7629427]]}, "properties": {"surface": "", "highway": "footway"}}, {"type": "Feature", "geometry": {"type": "LineString", "coordinates": [[-84.3631713, 33.7712215], [-84.364403, 33.7712221], [-84.3647797, 33.7712223]]}, "properties": {"surface": "concrete:plates", "highway": "footway"}}, {"type": "Feature", "geometry": {"type": "LineString", "coordinates": [[-84.3630573, 33.754939], [-84.3641106, 33.7547027]]}, "properties": {"surface": "concrete", "highway": "footway"}}, {"type": "Feature", "geometry": {"type": "LineString", "coordinates": [[-84.3630127, 33.7548036], [-84.3636719, 33.7546524], [-84.3640709, 33.7545608]]}, "properties": {"surface": "concrete", "highway": "footway"}}, {"type": "Feature", "geometry": {"type": "LineString", "coordinates": [[-84.3630573, 33.754939], [-84.3630595, 33.7549883], [-84.3630625, 33.7550196], [-84.3632868, 33.7559579], [-84.3633315, 33.7562129], [-84.3633464, 33.7564216], [-84.3633364, 33.7568268], [-84.363247, 33.7574581]]}, "properties": {"surface": "concrete", "highway": "footway"}}, {"type": "Feature", "geometry": {"type": "LineString", "coordinates": [[-84.3622362, 33.7551271], [-84.3628785, 33.7549801], [-84.3629174, 33.7549711], [-84.3629592, 33.7551483], [-84.363174, 33.7560674], [-84.3631996, 33.7562096], [-84.3632151, 33.7563499], [-84.3632158, 33.7566363], [-84.362204, 33.7566131]]}, "properties": {"surface": "concrete", "highway": "footway"}}, {"type": "Feature", "geometry": {"type": "LineString", "coordinates": [[-84.362204, 33.7566131], [-84.3614942, 33.7566543], [-84.3614937, 33.7558613], [-84.3614934, 33.7552982], [-84.3616332, 33.7552659], [-84.3619277, 33.7551978], [-84.3620961, 33.7551592], [-84.3622362, 33.7551271]]}, "properties": {"surface": "", "highway": "footway"}}, {"type": "Feature", "geometry": {"type": "LineString", "coordinates": [[-84.3641106, 33.7547027], [-84.3641219, 33.7547194], [-84.3641546, 33.7549774], [-84.3642192, 33.755509], [-84.36423, 33.7555982], [-84.3642848, 33.756044], [-84.3643128, 33.7563805], [-84.3643179, 33.7566577], [-84.3643019, 33.7569007], [-84.3642823, 33.7569211], [-84.3642037, 33.7574885]]}, "properties": {"surface": "concrete", "highway": "footway"}}, {"type": "Feature", "geometry": {"type": "LineString", "coordinates": [[-84.3642037, 33.7574885], [-84.3641751, 33.7574869], [-84.3639845, 33.7574742], [-84.3636193, 33.757469], [-84.363247, 33.7574581]]}, "properties": {"surface": "", "highway": "footway"}}, {"type": "Feature", "geometry": {"type": "LineString", "coordinates": [[-84.364248, 33.757622], [-84.3642569, 33.757617], [-84.3642737, 33.7576097], [-84.3643362, 33.7576026], [-84.3648823, 33.7576141]]}, "properties": {"surface": "concrete", "highway": "footway"}}, {"type": "Feature", "geometry": {"type": "LineString", "coordinates": [[-84.3631197, 33.7575238], [-84.3630477, 33.7575617], [-84.3626144, 33.7578647], [-84.3625378, 33.7579183], [-84.3624689, 33.7579618], [-84.3624667, 33.7579632], [-84.3623973, 33.7580069], [-84.3616607, 33.7584686], [-84.3611342, 33.7588346], [-84.3609361, 33.7589723], [-84.360258, 33.7593641], [-84.3595333, 33.7599048], [-84.3594027, 33.7600283], [-84.3594005, 33.76003], [-84.3593924, 33.7600374]]}, "properties": {"surface": "", "highway": "footway"}}, {"type": "Feature", "geometry": {"type": "LineString", "coordinates": [[-84.3649027, 33.7575192], [-84.3644662, 33.7575032], [-84.3643469, 33.7574993], [-84.3643326, 33.7574967], [-84.3643276, 33.7574854]]}, "properties": {"surface": "concrete", "highway": "footway"}}, {"type": "Feature", "geometry": {"type": "LineString", "coordinates": [[-84.364248, 33.757622], [-84.3642332, 33.7576534], [-84.3642087, 33.7577006], [-84.3639487, 33.7582102], [-84.3638551, 33.7583937], [-84.3637152, 33.758649], [-84.3637013, 33.7588858], [-84.3636966, 33.758992], [-84.3637183, 33.7590079], [-84.3637347, 33.7593143], [-84.3638317, 33.759317], [-84.3638261, 33.759537]]}, "properties": {"surface": "", "highway": "footway"}}, {"type": "Feature", "geometry": {"type": "LineString", "coordinates": [[-84.3643276, 33.7574854], [-84.3643494, 33.7573407], [-84.3643672, 33.757218], [-84.364381, 33.7571224], [-84.3643893, 33.757065], [-84.3644026, 33.7567272], [-84.3644112, 33.7565086], [-84.3644034, 33.7563426], [-84.3643934, 33.7561283], [-84.364366, 33.75585], [-84.3643613, 33.7558021], [-84.3643661, 33.755756], [-84.3642389, 33.75468]]}, "properties": {"surface": "concrete", "highway": "footway"}}, {"type": "Feature", "geometry": {"type": "LineString", "coordinates": [[-84.3641897, 33.7545271], [-84.3641645, 33.7545077], [-84.3640186, 33.7539375], [-84.3639452, 33.7535563]]}, "properties": {"surface": "", "highway": "footway"}}, {"type": "Feature", "geometry": {"type": "LineString", "coordinates": [[-84.3641897, 33.7545271], [-84.3646806, 33.7544193], [-84.3652756, 33.7542912]]}, "properties": {"surface": "", "highway": "footway"}}, {"type": "Feature", "geometry": {"type": "LineString", "coordinates": [[-84.3652756, 33.7542912], [-84.3655365, 33.7542556], [-84.3657266, 33.7542399], [-84.3658894, 33.7542359], [-84.3662327, 33.7542345], [-84.3664522, 33.7542331], [-84.3668882, 33.7542319]]}, "properties": {"surface": "", "highway": "footway"}}, {"type": "Feature", "geometry": {"type": "LineString", "coordinates": [[-84.3642389, 33.75468], [-84.365269, 33.7544459], [-84.3652788, 33.754434]]}, "properties": {"surface": "concrete", "highway": "footway"}}, {"type": "Feature", "geometry": {"type": "LineString", "coordinates": [[-84.3652788, 33.754434], [-84.3653103, 33.7544283], [-84.3653633, 33.7544187], [-84.3654159, 33.7544094], [-84.3654788, 33.7543983], [-84.365653, 33.7543816], [-84.3658027, 33.7543769], [-84.3659073, 33.7543736], [-84.3666335, 33.754367], [-84.3668908, 33.7543646]]}, "properties": {"surface": "concrete", "highway": "footway"}}, {"type": "Feature", "geometry": {"type": "LineString", "coordinates": [[-84.3638925, 33.7534483], [-84.3639285, 33.7534392]]}, "properties": {"surface": "", "highway": "footway"}}, {"type": "Feature", "geometry": {"type": "LineString", "coordinates": [[-84.3662655, 33.7529792], [-84.3663183, 33.753214], [-84.3663559, 33.7533609], [-84.3663867, 33.753389], [-84.3665232, 33.7538915], [-84.366519, 33.7539232], [-84.3665316, 33.7539623], [-84.3667399, 33.7539006], [-84.3667623, 33.7539061], [-84.3667792, 33.7539016], [-84.366787, 33.753888], [-84.3669628, 33.7538351], [-84.3673836, 33.7537083], [-84.3673987, 33.7536902], [-84.3674566, 33.7536697], [-84.3674644, 33.752656]]}, "properties": {"surface": "", "highway": "footway"}}, {"type": "Feature", "geometry": {"type": "LineString", "coordinates": [[-84.3630127, 33.7548036], [-84.3627573, 33.7538111], [-84.3627597, 33.7537859]]}, "properties": {"surface": "concrete", "highway": "footway"}}, {"type": "Feature", "geometry": {"type": "LineString", "coordinates": [[-84.3627597, 33.7537859], [-84.3637455, 33.7535759], [-84.363806, 33.7535645], [-84.3638278, 33.7535663], [-84.3638378, 33.7535745], [-84.363845, 33.7535805], [-84.3639408, 33.7539928], [-84.3640709, 33.7545608]]}, "properties": {"surface": "", "highway": "footway"}}, {"type": "Feature", "geometry": {"type": "LineString", "coordinates": [[-84.3626192, 33.7538119], [-84.3626423, 33.7538294], [-84.3627415, 33.7542432], [-84.3628201, 33.754571], [-84.3628814, 33.754827], [-84.362832, 33.7548358]]}, "properties": {"surface": "concrete", "highway": "footway"}}, {"type": "Feature", "geometry": {"type": "LineString", "coordinates": [[-84.362832, 33.7548358], [-84.3626815, 33.7548755], [-84.3618972, 33.7550621], [-84.3616012, 33.7551297]]}, "properties": {"surface": "concrete", "highway": "footway"}}, {"type": "Feature", "geometry": {"type": "LineString", "coordinates": [[-84.3612906, 33.7540601], [-84.3612857, 33.7540781], [-84.3613493, 33.7542992], [-84.3615151, 33.7548747], [-84.361584, 33.7551138], [-84.3616012, 33.7551297]]}, "properties": {"surface": "", "highway": "footway"}}, {"type": "Feature", "geometry": {"type": "LineString", "coordinates": [[-84.3614272, 33.7551719], [-84.3613385, 33.7547978], [-84.3612936, 33.7546085], [-84.3611451, 33.7540884]]}, "properties": {"surface": "", "highway": "footway"}}, {"type": "Feature", "geometry": {"type": "LineString", "coordinates": [[-84.3612906, 33.7540601], [-84.3614298, 33.754031], [-84.3626192, 33.7538119]]}, "properties": {"surface": "paving_stones", "highway": "footway"}}, {"type": "Feature", "geometry": {"type": "LineString", "coordinates": [[-84.3613954, 33.7551796], [-84.3598927, 33.755523], [-84.3598347, 33.7555177], [-84.3597943, 33.7555019], [-84.3597763, 33.7554892], [-84.3595596, 33.7553361], [-84.3594117, 33.755216], [-84.3593163, 33.7551181], [-84.3592673, 33.7550195], [-84.3592501, 33.7549058], [-84.3591999, 33.7546686], [-84.3591688, 33.7545217], [-84.3591564, 33.7544633], [-84.3591691, 33.7544356]]}, "properties": {"surface": "paving_stones", "highway": "footway"}}, {"type": "Feature", "geometry": {"type": "LineString", "coordinates": [[-84.3598347, 33.7555177], [-84.3598227, 33.7555307]]}, "properties": {"surface": "", "highway": "footway"}}, {"type": "Feature", "geometry": {"type": "LineString", "coordinates": [[-84.3613529, 33.75534], [-84.3613294, 33.7553437], [-84.3605408, 33.755522], [-84.3604943, 33.755532]]}, "properties": {"surface": "concrete", "highway": "footway"}}, {"type": "Feature", "geometry": {"type": "LineString", "coordinates": [[-84.3589458, 33.7558855], [-84.3581433, 33.7560679], [-84.3580873, 33.7560892], [-84.357453, 33.7562354]]}, "properties": {"surface": "concrete", "highway": "footway"}}, {"type": "Feature", "geometry": {"type": "LineString", "coordinates": [[-84.3598709, 33.7556752], [-84.3591358, 33.7558423]]}, "properties": {"surface": "", "highway": "footway"}}, {"type": "Feature", "geometry": {"type": "LineString", "coordinates": [[-84.3596439, 33.7555711], [-84.3592095, 33.7556721]]}, "properties": {"surface": "", "highway": "footway"}}, {"type": "Feature", "geometry": {"type": "LineString", "coordinates": [[-84.359019, 33.754472], [-84.3590358, 33.7545086], [-84.359139, 33.7550368], [-84.3591038, 33.7554267], [-84.3590917, 33.7554687], [-84.3590766, 33.7555211], [-84.3590142, 33.7556628], [-84.3589782, 33.755724], [-84.3588534, 33.7557606], [-84.3574694, 33.7560763]]}, "properties": {"surface": "paving_stones", "highway": "footway"}}, {"type": "Feature", "geometry": {"type": "LineString", "coordinates": [[-84.3557306, 33.7566588], [-84.3573151, 33.756293]]}, "properties": {"surface": "", "highway": "footway"}}, {"type": "Feature", "geometry": {"type": "LineString", "coordinates": [[-84.3673615, 33.7467796], [-84.3668062, 33.7467763]]}, "properties": {"surface": "concrete", "highway": "footway"}}, {"type": "Feature", "geometry": {"type": "LineString", "coordinates": [[-84.3666869, 33.7467774], [-84.3659708, 33.7467688], [-84.3657629, 33.7467662]]}, "properties": {"surface": "concrete", "highway": "footway"}}, {"type": "Feature", "geometry": {"type": "LineString", "coordinates": [[-84.3656586, 33.7467669], [-84.3653509, 33.7467593], [-84.3647409, 33.7467529], [-84.3647302, 33.7467863]]}, "properties": {"surface": "", "highway": "footway"}}, {"type": "Feature", "geometry": {"type": "LineString", "coordinates": [[-84.3646337, 33.7467551], [-84.3636897, 33.7467451], [-84.3632672, 33.7467406], [-84.3631625, 33.7467395]]}, "properties": {"surface": "concrete", "highway": "footway"}}, {"type": "Feature", "geometry": {"type": "LineString", "coordinates": [[-84.3624345, 33.7467285], [-84.3623726, 33.7467267], [-84.3623176, 33.7467272]]}, "properties": {"surface": "concrete", "highway": "footway"}}, {"type": "Feature", "geometry": {"type": "LineString", "coordinates": [[-84.3621969, 33.7467094], [-84.3613377, 33.7466948], [-84.3608383, 33.7466815], [-84.3607914, 33.7467027], [-84.3605787, 33.7467005], [-84.3599036, 33.7466938], [-84.3598589, 33.7466931], [-84.3591874, 33.7466826], [-84.3591954, 33.7470037], [-84.3592005, 33.7472096], [-84.3592154, 33.7478076], [-84.3592238, 33.747933], [-84.3592425, 33.7485985], [-84.3592474, 33.74874], [-84.3592556, 33.748963]]}, "properties": {"surface": "concrete", "highway": "footway"}}, {"type": "Feature", "geometry": {"type": "LineString", "coordinates": [[-84.3591468, 33.7490643], [-84.3591427, 33.7491185], [-84.3591456, 33.7491734], [-84.359148, 33.7492206], [-84.3591478, 33.7492336], [-84.3591463, 33.7493318], [-84.3591488, 33.7494691], [-84.3591331, 33.7496709], [-84.3591249, 33.7498246], [-84.3591166, 33.7500106], [-84.3591001, 33.7501795]]}, "properties": {"surface": "", "highway": "footway"}}, {"type": "Feature", "geometry": {"type": "LineString", "coordinates": [[-84.3591001, 33.7501795], [-84.3589119, 33.7501788], [-84.3587256, 33.7501812], [-84.3585965, 33.7501829], [-84.3584083, 33.7501857], [-84.3581062, 33.7501857], [-84.3577338, 33.7501795], [-84.357534, 33.750174], [-84.3575008, 33.7501746], [-84.3573942, 33.7501765]]}, "properties": {"surface": "", "highway": "footway"}}, {"type": "Feature", "geometry": {"type": "LineString", "coordinates": [[-84.3565906, 33.7502373], [-84.356423, 33.7502413], [-84.3558471, 33.7502359], [-84.3558109, 33.7502395], [-84.3557827, 33.7502502]]}, "properties": {"surface": "", "highway": "footway"}}, {"type": "Feature", "geometry": {"type": "LineString", "coordinates": [[-84.3558818, 33.7510207], [-84.35601, 33.7511335], [-84.3560348, 33.7511499], [-84.3560687, 33.7511829], [-84.3561314, 33.7512392], [-84.3561398, 33.751301], [-84.3562659, 33.7514201], [-84.3563818, 33.7515306], [-84.356505, 33.7516437], [-84.3565201, 33.7516575], [-84.3565769, 33.7516599], [-84.3566209, 33.7517046], [-84.3566829, 33.7517938], [-84.3566824, 33.7518524], [-84.356682, 33.7518961], [-84.3566763, 33.7520176], [-84.3566721, 33.7521995], [-84.3566629, 33.7524585]]}, "properties": {"surface": "concrete", "highway": "footway"}}, {"type": "Feature", "geometry": {"type": "LineString", "coordinates": [[-84.3567727, 33.7524564], [-84.3569178, 33.7524574], [-84.3570519, 33.7524583], [-84.357079, 33.7524596], [-84.3572409, 33.7524638], [-84.3574759, 33.7524698]]}, "properties": {"surface": "concrete", "highway": "footway"}}, {"type": "Feature", "geometry": {"type": "LineString", "coordinates": [[-84.3647309, 33.7502831], [-84.3643347, 33.7502804], [-84.3639691, 33.7502779]]}, "properties": {"surface": "", "highway": "footway"}}, {"type": "Feature", "geometry": {"type": "LineString", "coordinates": [[-84.3647309, 33.7502831], [-84.3647441, 33.7502637], [-84.3646226, 33.7494967], [-84.3646319, 33.7486168], [-84.3646351, 33.7482691]]}, "properties": {"surface": "", "highway": "footway"}}, {"type": "Feature", "geometry": {"type": "LineString", "coordinates": [[-84.3660198, 33.7515053], [-84.3661146, 33.7514826], [-84.3662749, 33.7514471], [-84.3663328, 33.7514323], [-84.3663761, 33.7514143], [-84.3664092, 33.7513858], [-84.3664251, 33.751353], [-84.3664245, 33.7513181], [-84.3663876, 33.7512318], [-84.3659717, 33.7502202]]}, "properties": {"surface": "", "highway": "footway"}}, {"type": "Feature", "geometry": {"type": "LineString", "coordinates": [[-84.3660198, 33.7515053], [-84.3653288, 33.7516567], [-84.365314, 33.7516579], [-84.3653061, 33.7516563], [-84.3648315, 33.7503746], [-84.3652608, 33.7503732], [-84.3653087, 33.7503686], [-84.3659278, 33.7502175], [-84.3659425, 33.7502139], [-84.3659717, 33.7502202]]}, "properties": {"surface": "", "highway": "footway"}}, {"type": "Feature", "geometry": {"type": "LineString", "coordinates": [[-84.3695766, 33.7498813], [-84.3694952, 33.7498547], [-84.3694553, 33.749878], [-84.3694351, 33.7498898], [-84.3694323, 33.7499374]]}, "properties": {"surface": "", "highway": "footway"}}, {"type": "Feature", "geometry": {"type": "LineString", "coordinates": [[-84.3695429, 33.7499154], [-84.3694323, 33.7499374], [-84.3693863, 33.7499481], [-84.3692515, 33.7499804]]}, "properties": {"surface": "", "highway": "footway"}}, {"type": "Feature", "geometry": {"type": "LineString", "coordinates": [[-84.3697694, 33.7494641], [-84.3695773, 33.7496082]]}, "properties": {"surface": "", "highway": "footway"}}, {"type": "Feature", "geometry": {"type": "LineString", "coordinates": [[-84.3693379, 33.7497844], [-84.3693043, 33.7497967], [-84.3692488, 33.7497896], [-84.3692474, 33.749769], [-84.3692575, 33.7497507]]}, "properties": {"surface": "", "highway": "footway"}}, {"type": "Feature", "geometry": {"type": "LineString", "coordinates": [[-84.3692515, 33.7499804], [-84.3691076, 33.7500386], [-84.3690387, 33.7500846], [-84.3690781, 33.7501064], [-84.3691126, 33.7501254], [-84.3693079, 33.7504939], [-84.3693941, 33.7504762], [-84.369444, 33.7504817], [-84.3694692, 33.7504919], [-84.3694974, 33.7505209], [-84.3695117, 33.7505486], [-84.3695152, 33.7505692], [-84.3697174, 33.7509991]]}, "properties": {"surface": "", "highway": "footway"}}, {"type": "Feature", "geometry": {"type": "LineString", "coordinates": [[-84.3690403, 33.7501167], [-84.3690781, 33.7501064]]}, "properties": {"surface": "", "highway": "footway"}}, {"type": "Feature", "geometry": {"type": "LineString", "coordinates": [[-84.3689544, 33.7500109], [-84.3689074, 33.7500253], [-84.3688427, 33.750045]]}, "properties": {"surface": "", "highway": "footway"}}, {"type": "Feature", "geometry": {"type": "LineString", "coordinates": [[-84.368272, 33.7501823], [-84.3685701, 33.7500812], [-84.3686034, 33.7500699]]}, "properties": {"surface": "", "highway": "footway"}}, {"type": "Feature", "geometry": {"type": "LineString", "coordinates": [[-84.3685701, 33.7500812], [-84.3685269, 33.7500545], [-84.3685266, 33.7500369]]}, "properties": {"surface": "", "highway": "footway"}}, {"type": "Feature", "geometry": {"type": "LineString", "coordinates": [[-84.3686901, 33.7500488], [-84.3688202, 33.7500102], [-84.3688427, 33.750045]]}, "properties": {"surface": "", "highway": "footway"}}, {"type": "Feature", "geometry": {"type": "LineString", "coordinates": [[-84.368272, 33.7501823], [-84.3681478, 33.7502213], [-84.3681031, 33.7502363]]}, "properties": {"surface": "", "highway": "footway"}}, {"type": "Feature", "geometry": {"type": "LineString", "coordinates": [[-84.3417658, 33.7672916], [-84.3417526, 33.7676515]]}, "properties": {"surface": "", "highway": "footway"}}, {"type": "Feature", "geometry": {"type": "LineString", "coordinates": [[-84.34164, 33.7676817], [-84.3416408, 33.7675484]]}, "properties": {"surface": "", "highway": "footway"}}, {"type": "Feature", "geometry": {"type": "LineString", "coordinates": [[-84.3416408, 33.7675484], [-84.341642, 33.7675318], [-84.3416408, 33.767499]]}, "properties": {"surface": "", "highway": "footway"}}, {"type": "Feature", "geometry": {"type": "LineString", "coordinates": [[-84.3416408, 33.767499], [-84.3416439, 33.7673602]]}, "properties": {"surface": "", "highway": "footway"}}, {"type": "Feature", "geometry": {"type": "LineString", "coordinates": [[-84.3416439, 33.7673602], [-84.3416447, 33.7673296], [-84.3416446, 33.7672798]]}, "properties": {"surface": "", "highway": "footway"}}, {"type": "Feature", "geometry": {"type": "LineString", "coordinates": [[-84.3416446, 33.7672798], [-84.3416471, 33.7671405]]}, "properties": {"surface": "", "highway": "footway"}}, {"type": "Feature", "geometry": {"type": "LineString", "coordinates": [[-84.3417658, 33.7672916], [-84.3417668, 33.7672471]]}, "properties": {"surface": "", "highway": "footway"}}, {"type": "Feature", "geometry": {"type": "LineString", "coordinates": [[-84.3440223, 33.7687011], [-84.3445423, 33.7684125]]}, "properties": {"surface": "", "highway": "footway"}}, {"type": "Feature", "geometry": {"type": "LineString", "coordinates": [[-84.3445423, 33.7684125], [-84.3445565, 33.768349]]}, "properties": {"surface": "", "highway": "footway"}}, {"type": "Feature", "geometry": {"type": "LineString", "coordinates": [[-84.3440223, 33.7687011], [-84.343918, 33.7686254], [-84.3437974, 33.7685736], [-84.3437138, 33.7685601], [-84.3437056, 33.7685588], [-84.3435756, 33.7685562], [-84.3433638, 33.7685525]]}, "properties": {"surface": "", "highway": "footway"}}, {"type": "Feature", "geometry": {"type": "LineString", "coordinates": [[-84.3433638, 33.7685525], [-84.3433239, 33.7685541], [-84.343258, 33.7685536]]}, "properties": {"surface": "", "highway": "footway"}}, {"type": "Feature", "geometry": {"type": "LineString", "coordinates": [[-84.343036, 33.7686502], [-84.3430615, 33.7686497]]}, "properties": {"surface": "", "highway": "footway"}}, {"type": "Feature", "geometry": {"type": "LineString", "coordinates": [[-84.3430615, 33.7686497], [-84.3431911, 33.7686481], [-84.3434914, 33.7686533], [-84.3436608, 33.768656], [-84.3437582, 33.7686707], [-84.3438682, 33.7687196], [-84.3439331, 33.7687673]]}, "properties": {"surface": "", "highway": "footway"}}, {"type": "Feature", "geometry": {"type": "LineString", "coordinates": [[-84.3439331, 33.7687673], [-84.3437613, 33.768872], [-84.3435989, 33.7689934], [-84.343347, 33.7692113]]}, "properties": {"surface": "", "highway": "footway"}}, {"type": "Feature", "geometry": {"type": "LineString", "coordinates": [[-84.3441914, 33.7687603], [-84.3439372, 33.7689154], [-84.3439233, 33.7689322], [-84.3439208, 33.7689621], [-84.3439379, 33.7691513], [-84.3439119, 33.7692165], [-84.3438487, 33.7693799], [-84.3437615, 33.7695902], [-84.3436768, 33.7697962], [-84.3435952, 33.7700148], [-84.3435693, 33.7701372], [-84.3435219, 33.7703154]]}, "properties": {"surface": "", "highway": "footway"}}, {"type": "Feature", "geometry": {"type": "LineString", "coordinates": [[-84.3441914, 33.7687603], [-84.3442186, 33.768746]]}, "properties": {"surface": "", "highway": "footway"}}, {"type": "Feature", "geometry": {"type": "LineString", "coordinates": [[-84.3437138, 33.7685601], [-84.343795, 33.7685065], [-84.3438735, 33.7684237], [-84.3438797, 33.7683716], [-84.3438807, 33.7682854]]}, "properties": {"surface": "", "highway": "footway"}}, {"type": "Feature", "geometry": {"type": "LineString", "coordinates": [[-84.3524441, 33.7692871], [-84.3524573, 33.7693327], [-84.3524594, 33.7694386], [-84.3524532, 33.7696751], [-84.3524553, 33.7698821], [-84.3524558, 33.7699235]]}, "properties": {"surface": "", "highway": "footway"}}, {"type": "Feature", "geometry": {"type": "LineString", "coordinates": [[-84.3524583, 33.7700046], [-84.3524542, 33.7701421]]}, "properties": {"surface": "", "highway": "footway"}}, {"type": "Feature", "geometry": {"type": "LineString", "coordinates": [[-84.3524568, 33.7702283], [-84.3524543, 33.770348], [-84.3524517, 33.7704639], [-84.3524529, 33.7705399], [-84.3524532, 33.7705574], [-84.3524558, 33.770849], [-84.352455, 33.7708718], [-84.3524501, 33.7710099]]}, "properties": {"surface": "concrete", "highway": "footway"}}, {"type": "Feature", "geometry": {"type": "LineString", "coordinates": [[-84.3524501, 33.7710099], [-84.35233, 33.7710143], [-84.3522524, 33.7710172], [-84.3520887, 33.7710179], [-84.3519555, 33.7710184], [-84.3517986, 33.7710201], [-84.3517117, 33.7710167], [-84.3514476, 33.771016], [-84.351416, 33.7710159], [-84.3511099, 33.771015], [-84.3508428, 33.7710172]]}, "properties": {"surface": "concrete", "highway": "footway"}}, {"type": "Feature", "geometry": {"type": "LineString", "coordinates": [[-84.3526027, 33.7711267], [-84.3536993, 33.7711282], [-84.3542616, 33.771141], [-84.3545001, 33.771141], [-84.3549732, 33.7711462], [-84.3554871, 33.7711468], [-84.3561862, 33.7711477], [-84.3572798, 33.7711414]]}, "properties": {"surface": "", "highway": "footway"}}, {"type": "Feature", "geometry": {"type": "LineString", "coordinates": [[-84.3508419, 33.7711271], [-84.3508372, 33.7712908], [-84.3508387, 33.771438], [-84.3508386, 33.7723823]]}, "properties": {"surface": "", "highway": "footway"}}, {"type": "Feature", "geometry": {"type": "LineString", "coordinates": [[-84.3508238, 33.7724792], [-84.3508439, 33.7724954], [-84.3508413, 33.7730247]]}, "properties": {"surface": "", "highway": "footway"}}, {"type": "Feature", "geometry": {"type": "LineString", "coordinates": [[-84.35083, 33.7730998], [-84.3508264, 33.7734041], [-84.3508234, 33.7737557]]}, "properties": {"surface": "", "highway": "footway"}}, {"type": "Feature", "geometry": {"type": "LineString", "coordinates": [[-84.3490619, 33.7737271], [-84.3490743, 33.7736004], [-84.3490775, 33.7733239], [-84.3490757, 33.7731549], [-84.3490769, 33.772768], [-84.3490777, 33.7724882], [-84.3490778, 33.7724784]]}, "properties": {"surface": "concrete", "highway": "footway"}}, {"type": "Feature", "geometry": {"type": "LineString", "coordinates": [[-84.3506746, 33.7737417], [-84.3506826, 33.7736948], [-84.3506831, 33.773624], [-84.3506872, 33.7732109], [-84.3506814, 33.772487]]}, "properties": {"surface": "", "highway": "footway"}}, {"type": "Feature", "geometry": {"type": "LineString", "coordinates": [[-84.3506814, 33.772487], [-84.3503791, 33.7724847], [-84.3500644, 33.772486]]}, "properties": {"surface": "", "highway": "footway"}}, {"type": "Feature", "geometry": {"type": "LineString", "coordinates": [[-84.3500644, 33.772486], [-84.3500064, 33.7724851], [-84.3499683, 33.7724838]]}, "properties": {"surface": "", "highway": "footway"}}, {"type": "Feature", "geometry": {"type": "LineString", "coordinates": [[-84.3499683, 33.7724838], [-84.3498797, 33.7724834], [-84.3498384, 33.7724826], [-84.349653, 33.7724847], [-84.3493891, 33.7724902], [-84.3490777, 33.7724882]]}, "properties": {"surface": "", "highway": "footway"}}, {"type": "Feature", "geometry": {"type": "LineString", "coordinates": [[-84.3490783, 33.7724052], [-84.3490828, 33.7711628]]}, "properties": {"surface": "concrete", "highway": "footway"}}, {"type": "Feature", "geometry": {"type": "LineString", "coordinates": [[-84.348902, 33.7723511], [-84.3488999, 33.7723628], [-84.3488915, 33.7727929], [-84.3488971, 33.7732426], [-84.3488888, 33.7737015], [-84.3488778, 33.7737169]]}, "properties": {"surface": "concrete", "highway": "footway"}}, {"type": "Feature", "geometry": {"type": "LineString", "coordinates": [[-84.3488778, 33.7737169], [-84.3488083, 33.7737337], [-84.3487138, 33.7737247], [-84.3486905, 33.7737192], [-84.348643, 33.773714], [-84.348395, 33.7736782], [-84.348092, 33.7736346], [-84.3480007, 33.7736258], [-84.3478691, 33.7736129], [-84.3478208, 33.7736106], [-84.3474393, 33.7735873], [-84.3473028, 33.7735841], [-84.347201, 33.7735868], [-84.3471, 33.7735898], [-84.3470501, 33.7735902], [-84.346571, 33.7736112], [-84.3463199, 33.7736291], [-84.3459863, 33.7736644], [-84.3458007, 33.7736876], [-84.345489, 33.7737311], [-84.3452281, 33.7737708], [-84.3449699, 33.7738105], [-84.3445529, 33.773898], [-84.3443589, 33.7739676]]}, "properties": {"surface": "", "highway": "footway"}}, {"type": "Feature", "geometry": {"type": "LineString", "coordinates": [[-84.3442435, 33.7740007], [-84.3439855, 33.7740697], [-84.3439446, 33.77408], [-84.3437154, 33.7741482], [-84.3434483, 33.7742328], [-84.3432445, 33.7742946], [-84.343149, 33.7743147], [-84.3430377, 33.774326], [-84.3428475, 33.7743843], [-84.3426021, 33.7744206], [-84.3425482, 33.7744293], [-84.3424331, 33.7744398], [-84.3421425, 33.7744568], [-84.3418847, 33.7744688], [-84.341868, 33.7744657], [-84.3418755, 33.7744146], [-84.3419135, 33.7741], [-84.3419124, 33.7739583], [-84.3419201, 33.7738053], [-84.3418703, 33.7735266], [-84.3417946, 33.7732], [-84.3417869, 33.7731219], [-84.3417783, 33.7728925]]}, "properties": {"surface": "", "highway": "footway"}}, {"type": "Feature", "geometry": {"type": "LineString", "coordinates": [[-84.3417783, 33.7728925], [-84.3418051, 33.7728726], [-84.3418884, 33.7728615], [-84.3421108, 33.772832], [-84.3424989, 33.7727675], [-84.3427403, 33.7727181], [-84.342909, 33.7727029], [-84.343115, 33.7727276], [-84.3434389, 33.7727754], [-84.3436315, 33.7727818], [-84.3438494, 33.772784]]}, "properties": {"surface": "", "highway": "footway"}}, {"type": "Feature", "geometry": {"type": "LineString", "coordinates": [[-84.3489053, 33.7722407], [-84.3485512, 33.7722347], [-84.3481923, 33.7722236], [-84.3479494, 33.7722224], [-84.3476305, 33.7722164], [-84.3474841, 33.772213], [-84.3473085, 33.7722087], [-84.3467729, 33.7721955], [-84.34651, 33.7721916], [-84.3462923, 33.772201], [-84.3459323, 33.7722296], [-84.3457937, 33.7722441], [-84.3454311, 33.7723009], [-84.3452391, 33.7723449], [-84.344837, 33.7724405], [-84.3446593, 33.7724857], [-84.3443707, 33.7725698], [-84.3442028, 33.7726087], [-84.3441058, 33.7726228], [-84.3438849, 33.7726553], [-84.3438274, 33.7726637], [-84.3436498, 33.7726599], [-84.3434711, 33.7726505], [-84.3432965, 33.772624], [-84.3431383, 33.7725993], [-84.342898, 33.7725869], [-84.3427213, 33.7726031], [-84.3423578, 33.7726612], [-84.3421929, 33.7726885], [-84.3420137, 33.7727265], [-84.3418766, 33.7727431]]}, "properties": {"surface": "", "highway": "footway"}}, {"type": "Feature", "geometry": {"type": "LineString", "coordinates": [[-84.3417169, 33.7727658], [-84.3415449, 33.7727743], [-84.3413996, 33.772782], [-84.3410699, 33.7727739], [-84.3407664, 33.7727474], [-84.3405816, 33.7727209], [-84.3402123, 33.7726424], [-84.3400413, 33.772604], [-84.3395466, 33.7724602], [-84.3391939, 33.7723954], [-84.3388376, 33.7723533], [-84.3383728, 33.7723435], [-84.3379835, 33.7723327], [-84.3377936, 33.7723386], [-84.337619, 33.7723748], [-84.3374857, 33.7724759], [-84.3374629, 33.7724998], [-84.3374054, 33.7725896], [-84.3373063, 33.7727681], [-84.3372673, 33.773071], [-84.337153, 33.7735948], [-84.3371199, 33.7737399], [-84.3371033, 33.7737556], [-84.3370455, 33.7737868], [-84.3368359, 33.7738264], [-84.3364336, 33.7738883], [-84.336351, 33.773897]]}, "properties": {"surface": "", "highway": "footway"}}, {"type": "Feature", "geometry": {"type": "LineString", "coordinates": [[-84.3372054, 33.7739894], [-84.3373639, 33.7739806], [-84.33782, 33.7739865], [-84.3381873, 33.7740266], [-84.3385228, 33.7740757], [-84.3385758, 33.7740859], [-84.3386442, 33.774099], [-84.3390957, 33.774222], [-84.3393222, 33.7743332], [-84.3396607, 33.7744924], [-84.3397187, 33.7745271], [-84.3399401, 33.7746554], [-84.3401647, 33.7747883], [-84.340516, 33.7749838], [-84.3407683, 33.7751031], [-84.3410469, 33.7751846], [-84.3413388, 33.7752332], [-84.34144, 33.7752429]]}, "properties": {"surface": "concrete", "highway": "footway"}}, {"type": "Feature", "geometry": {"type": "LineString", "coordinates": [[-84.34144, 33.7752429], [-84.3413925, 33.7754117], [-84.3413692, 33.7754809], [-84.3412727, 33.77573], [-84.3411217, 33.7760134], [-84.3409598, 33.7762534], [-84.3408833, 33.776317], [-84.3407823, 33.7763867], [-84.3404228, 33.7765541], [-84.3404071, 33.7765614], [-84.3399713, 33.776782], [-84.3398529, 33.7768395], [-84.3395844, 33.7769871], [-84.339249, 33.7771708], [-84.3388367, 33.7774254], [-84.3387018, 33.7775325], [-84.3383134, 33.7778314], [-84.3380908, 33.7780209], [-84.337843, 33.7782112], [-84.3378355, 33.7782169], [-84.3377355, 33.7782979], [-84.3375623, 33.7784382], [-84.3373382, 33.7786459], [-84.3372088, 33.7788044], [-84.337128, 33.7789034], [-84.3369531, 33.7791802], [-84.33684, 33.7793601], [-84.3367065, 33.7795991], [-84.3366027, 33.7798045], [-84.336482, 33.7800465], [-84.3363536, 33.7803712]]}, "properties": {"surface": "concrete", "highway": "footway"}}, {"type": "Feature", "geometry": {"type": "LineString", "coordinates": [[-84.3317859, 33.7885793], [-84.3317672, 33.7885818], [-84.3317463, 33.7885781], [-84.3317002, 33.7885599], [-84.3315349, 33.7884911], [-84.3312096, 33.7883579], [-84.3308344, 33.7881981], [-84.330355, 33.7879859], [-84.3300647, 33.7878378], [-84.329695, 33.7876334], [-84.329388, 33.7874617], [-84.3293548, 33.7874432], [-84.3293206, 33.7873591], [-84.3293097, 33.7872821], [-84.3293367, 33.787223], [-84.329695, 33.786438], [-84.3298365, 33.7861335], [-84.329867, 33.7860679], [-84.3300335, 33.7857283], [-84.3302328, 33.7853124], [-84.3303196, 33.7851316], [-84.3306607, 33.7843815], [-84.3307146, 33.7841087], [-84.3307392, 33.7838349], [-84.3307585, 33.7835136], [-84.3307618, 33.7834596], [-84.3307871, 33.7831902], [-84.3307994, 33.7830586], [-84.330801, 33.7828866], [-84.330751, 33.7826194], [-84.3306938, 33.7824688], [-84.3305572, 33.7820614], [-84.3305374, 33.7819388], [-84.3305286, 33.7817704], [-84.33053, 33.7816082], [-84.3305728, 33.7812724], [-84.3308594, 33.7808113], [-84.3310027, 33.7806794], [-84.3315663, 33.7803359], [-84.3320572, 33.7801264], [-84.332464, 33.7799479], [-84.3328221, 33.7797965], [-84.3334387, 33.7795314], [-84.3338919, 33.7792638], [-84.3340938, 33.7790834], [-84.3342599, 33.7787095], [-84.3342876, 33.7786629], [-84.3345186, 33.7782746], [-84.3347984, 33.7776597], [-84.3349431, 33.7773045], [-84.3350514, 33.7769874], [-84.3352756, 33.7767087], [-84.3353669, 33.7766291], [-84.3356618, 33.7764538], [-84.3358333, 33.7763961], [-84.3358898, 33.7763669], [-84.3359867, 33.776316], [-84.3363479, 33.7760484], [-84.3364455, 33.7759532], [-84.3367015, 33.7753825], [-84.336873, 33.7748839]]}, "properties": {"surface": "", "highway": "footway"}}, {"type": "Feature", "geometry": {"type": "LineString", "coordinates": [[-84.349337, 33.7502105], [-84.349337, 33.7502191], [-84.34934, 33.7508436], [-84.3493373, 33.7511006], [-84.3493353, 33.7512829], [-84.3493386, 33.7517852], [-84.3493346, 33.7519977], [-84.3493355, 33.7520459], [-84.349338, 33.75219], [-84.3493339, 33.7523796], [-84.3494225, 33.7523801], [-84.3499724, 33.7523835], [-84.3503899, 33.7523861], [-84.3503987, 33.7523709], [-84.3504276, 33.7502308], [-84.350305, 33.7502291], [-84.3501064, 33.7502264], [-84.349752, 33.750223], [-84.349337, 33.7502191]]}, "properties": {"surface": "", "highway": "footway"}}, {"type": "Feature", "geometry": {"type": "LineString", "coordinates": [[-84.3548274, 33.7531283], [-84.3547683, 33.7531301], [-84.3547596, 33.7531403], [-84.3547594, 33.7531583], [-84.3547546, 33.7535506], [-84.3547179, 33.7535901], [-84.354679, 33.7536075]]}, "properties": {"surface": "", "highway": "footway"}}, {"type": "Feature", "geometry": {"type": "LineString", "coordinates": [[-84.3549297, 33.7530618], [-84.3547712, 33.7530618], [-84.3547272, 33.753057], [-84.3541026, 33.7530534]]}, "properties": {"surface": "concrete", "highway": "footway"}}, {"type": "Feature", "geometry": {"type": "LineString", "coordinates": [[-84.3545091, 33.7531099], [-84.3542829, 33.7531071], [-84.3541222, 33.7531077], [-84.3540607, 33.7531091], [-84.3540592, 33.7534768], [-84.3540616, 33.7535032], [-84.3540773, 33.7535185], [-84.3546192, 33.7535644], [-84.3546573, 33.7535554], [-84.3546768, 33.7535446], [-84.3546912, 33.753529], [-84.3546898, 33.7531343], [-84.354679, 33.7531199], [-84.3546537, 33.7531109], [-84.3545091, 33.7531099]]}, "properties": {"surface": "", "highway": "footway"}}, {"type": "Feature", "geometry": {"type": "LineString", "coordinates": [[-84.3540036, 33.7532671], [-84.3540018, 33.7531108], [-84.3540019, 33.7530345], [-84.3539889, 33.7530094], [-84.3539579, 33.7529924], [-84.3537873, 33.7529908]]}, "properties": {"surface": "concrete", "highway": "footway"}}, {"type": "Feature", "geometry": {"type": "LineString", "coordinates": [[-84.3537873, 33.7529908], [-84.3537898, 33.7531125], [-84.3537843, 33.7531689], [-84.3537737, 33.7532251], [-84.3537343, 33.7532779], [-84.3536607, 33.7533232], [-84.3535815, 33.7533582]]}, "properties": {"surface": "", "highway": "footway"}}, {"type": "Feature", "geometry": {"type": "LineString", "coordinates": [[-84.3533775, 33.7533466], [-84.3528173, 33.753582], [-84.3527864, 33.7535914], [-84.3527575, 33.7535969]]}, "properties": {"surface": "", "highway": "footway"}}, {"type": "Feature", "geometry": {"type": "LineString", "coordinates": [[-84.3535815, 33.7533582], [-84.3534848, 33.7533942]]}, "properties": {"surface": "", "highway": "footway"}}, {"type": "Feature", "geometry": {"type": "LineString", "coordinates": [[-84.3534848, 33.7533942], [-84.3534674, 33.7534012]]}, "properties": {"surface": "", "highway": "footway"}}, {"type": "Feature", "geometry": {"type": "LineString", "coordinates": [[-84.3533966, 33.7534241], [-84.353296, 33.7534601]]}, "properties": {"surface": "", "highway": "footway"}}, {"type": "Feature", "geometry": {"type": "LineString", "coordinates": [[-84.353296, 33.7534601], [-84.3524964, 33.7537895], [-84.3524548, 33.7538063], [-84.3523492, 33.7538236], [-84.3517226, 33.7538189], [-84.3517108, 33.75416], [-84.3517204, 33.754188], [-84.3519148, 33.7544991], [-84.352006, 33.7546451], [-84.3524331, 33.7553286], [-84.3524835, 33.7554121], [-84.3524974, 33.7554308], [-84.3526439, 33.7556284], [-84.3526616, 33.7556522]]}, "properties": {"surface": "", "highway": "footway"}}, {"type": "Feature", "geometry": {"type": "LineString", "coordinates": [[-84.3525697, 33.7557103], [-84.3523972, 33.7554743], [-84.3512337, 33.7554714], [-84.3512399, 33.7560307], [-84.3512309, 33.7560947], [-84.3512056, 33.756147], [-84.351068, 33.7562598], [-84.3506538, 33.7565992], [-84.3505965, 33.7566628], [-84.3505836, 33.756716], [-84.3505886, 33.7567828], [-84.3507814, 33.7571627], [-84.3514102, 33.7578695], [-84.3517091, 33.7576691], [-84.3517297, 33.757653], [-84.3520417, 33.7574098], [-84.3522452, 33.7572512], [-84.3524018, 33.7571291], [-84.3526372, 33.7569455], [-84.3528657, 33.7567724], [-84.3528718, 33.7567556], [-84.3528694, 33.7567392]]}, "properties": {"surface": "", "highway": "footway"}}, {"type": "Feature", "geometry": {"type": "LineString", "coordinates": [[-84.3511347, 33.7554723], [-84.3492889, 33.7554805], [-84.3492889, 33.7561927], [-84.3503823, 33.7561977], [-84.3510029, 33.7562005], [-84.3510642, 33.7561567], [-84.3511016, 33.7561142], [-84.351129, 33.7560591], [-84.3511312, 33.7560232], [-84.3511347, 33.7554723]]}, "properties": {"surface": "", "highway": "footway"}}, {"type": "Feature", "geometry": {"type": "LineString", "coordinates": [[-84.350579, 33.7545546], [-84.3517481, 33.7545562], [-84.3518104, 33.7545404], [-84.3516115, 33.7542264], [-84.3515975, 33.7541843], [-84.3516033, 33.7538167], [-84.3516044, 33.7537484], [-84.3516059, 33.753655], [-84.3509773, 33.7536472], [-84.3506208, 33.7536428], [-84.3505708, 33.753641], [-84.3493138, 33.7536312], [-84.3493091, 33.7542429], [-84.3492912, 33.755375], [-84.3495232, 33.7553709], [-84.3495295, 33.7553716], [-84.3496524, 33.7553831], [-84.3511332, 33.7553779], [-84.3512328, 33.7553776], [-84.3523331, 33.7553736], [-84.3519004, 33.7546896], [-84.3517388, 33.7546758], [-84.3505835, 33.7546804], [-84.3505507, 33.7547233], [-84.3505031, 33.7547551], [-84.3504457, 33.7547725], [-84.3503847, 33.7547737], [-84.3503264, 33.7547586], [-84.350277, 33.7547287], [-84.3502418, 33.7546872], [-84.3502244, 33.7546385], [-84.3502268, 33.7545877], [-84.3502494, 33.7545393], [-84.3502898, 33.7544997], [-84.3503436, 33.7544733], [-84.3504049, 33.754463], [-84.3504668, 33.7544701], [-84.3505225, 33.7544936], [-84.3505659, 33.754531], [-84.350579, 33.7545546]]}, "properties": {"surface": "", "highway": "footway"}}, {"type": "Feature", "geometry": {"type": "LineString", "coordinates": [[-84.3526486, 33.7558285], [-84.3526666, 33.7558302], [-84.3526832, 33.7558413], [-84.3529159, 33.756143], [-84.3528497, 33.7562352], [-84.352871, 33.7562607], [-84.3529233, 33.7562804], [-84.3530737, 33.7564321], [-84.3530846, 33.7564798], [-84.3531488, 33.7565455], [-84.3531633, 33.7565481], [-84.3531747, 33.7565437], [-84.3531831, 33.7565353], [-84.3531862, 33.7565242], [-84.3531896, 33.7565074], [-84.3531857, 33.7564939]]}, "properties": {"surface": "", "highway": "footway"}}, {"type": "Feature", "geometry": {"type": "LineString", "coordinates": [[-84.3529785, 33.7566774], [-84.3529683, 33.7566805], [-84.3529558, 33.7566733], [-84.352899, 33.7566021], [-84.3527692, 33.7564346]]}, "properties": {"surface": "", "highway": "footway"}}, {"type": "Feature", "geometry": {"type": "LineString", "coordinates": [[-84.3517213, 33.75375], [-84.3523431, 33.7537566], [-84.3524288, 33.7537416], [-84.3525203, 33.7537093], [-84.3526291, 33.7536583], [-84.3526521, 33.75363]]}, "properties": {"surface": "", "highway": "footway"}}, {"type": "Feature", "geometry": {"type": "LineString", "coordinates": [[-84.3517213, 33.75375], [-84.3517232, 33.7536561], [-84.3517258, 33.7535279], [-84.3517465, 33.7525088], [-84.3526774, 33.7525094]]}, "properties": {"surface": "", "highway": "footway"}}, {"type": "Feature", "geometry": {"type": "LineString", "coordinates": [[-84.3493118, 33.7534884], [-84.3493398, 33.753506], [-84.3496982, 33.7535096], [-84.3516043, 33.7535261], [-84.3516352, 33.7524967], [-84.3505244, 33.7524884], [-84.3504549, 33.7524879], [-84.3503877, 33.7524871], [-84.3498641, 33.7524806], [-84.3496731, 33.7524782], [-84.3493326, 33.7524752], [-84.3493301, 33.7525699], [-84.3493242, 33.7528011], [-84.3493185, 33.7530199], [-84.3493162, 33.7531156], [-84.3493132, 33.7532422], [-84.3493118, 33.7534884]]}, "properties": {"surface": "", "highway": "footway"}}, {"type": "Feature", "geometry": {"type": "LineString", "coordinates": [[-84.3527761, 33.7525102], [-84.3537068, 33.7525236], [-84.3537042, 33.7528319]]}, "properties": {"surface": "", "highway": "footway"}}, {"type": "Feature", "geometry": {"type": "LineString", "coordinates": [[-84.3537867, 33.7529163], [-84.353784, 33.7528531], [-84.3537853, 33.7526507], [-84.3537954, 33.7525236], [-84.3566063, 33.7525631], [-84.3566492, 33.7525651], [-84.3570751, 33.7525848]]}, "properties": {"surface": "", "highway": "footway"}}, {"type": "Feature", "geometry": {"type": "LineString", "coordinates": [[-84.3566629, 33.7524585], [-84.3555503, 33.752446], [-84.3537938, 33.7524261]]}, "properties": {"surface": "", "highway": "footway"}}, {"type": "Feature", "geometry": {"type": "LineString", "coordinates": [[-84.3537938, 33.7524261], [-84.3537978, 33.7518708]]}, "properties": {"surface": "", "highway": "footway"}}, {"type": "Feature", "geometry": {"type": "LineString", "coordinates": [[-84.3537032, 33.7524278], [-84.352777, 33.752418], [-84.3527808, 33.7520789], [-84.3527919, 33.7510301], [-84.3537421, 33.7510223], [-84.3537189, 33.7520796]]}, "properties": {"surface": "", "highway": "footway"}}, {"type": "Feature", "geometry": {"type": "LineString", "coordinates": [[-84.3527229, 33.7510251], [-84.3526964, 33.7521024], [-84.3526889, 33.7524157], [-84.3526809, 33.7524227], [-84.3517526, 33.7524066], [-84.3517868, 33.7510251], [-84.3527229, 33.7510251]]}, "properties": {"surface": "", "highway": "footway"}}, {"type": "Feature", "geometry": {"type": "LineString", "coordinates": [[-84.3516306, 33.7524044], [-84.3505255, 33.7523966], [-84.3505127, 33.7523874], [-84.3505347, 33.7502306], [-84.3505569, 33.7502233], [-84.351231, 33.7502351], [-84.3516375, 33.7502398], [-84.3516704, 33.75024], [-84.3516895, 33.7502506], [-84.351678, 33.7506715], [-84.3516306, 33.7524044]]}, "properties": {"surface": "", "highway": "footway"}}, {"type": "Feature", "geometry": {"type": "LineString", "coordinates": [[-84.3502937, 33.7481883], [-84.3503989, 33.7481901], [-84.350417, 33.7497221], [-84.3504226, 33.7501591], [-84.3505606, 33.7501606], [-84.3516364, 33.7501721], [-84.3516304, 33.7497417], [-84.3516235, 33.7492506], [-84.3516386, 33.749078], [-84.3516656, 33.7487695], [-84.3516859, 33.7485381]]}, "properties": {"surface": "", "highway": "footway"}}, {"type": "Feature", "geometry": {"type": "LineString", "coordinates": [[-84.3493339, 33.750142], [-84.349363, 33.7501522], [-84.3503043, 33.750156], [-84.3502937, 33.7481883]]}, "properties": {"surface": "", "highway": "footway"}}, {"type": "Feature", "geometry": {"type": "LineString", "coordinates": [[-84.3517948, 33.7485242], [-84.3517334, 33.7492394], [-84.3517429, 33.7501683], [-84.3518035, 33.7501696], [-84.3532072, 33.7501785], [-84.3537627, 33.7501764], [-84.35418, 33.7501747], [-84.3541887, 33.750168], [-84.3542074, 33.7498395], [-84.3542269, 33.7494848]]}, "properties": {"surface": "concrete", "highway": "footway"}}, {"type": "Feature", "geometry": {"type": "LineString", "coordinates": [[-84.3542323, 33.7493978], [-84.3542396, 33.7493031]]}, "properties": {"surface": "concrete", "highway": "footway"}}, {"type": "Feature", "geometry": {"type": "LineString", "coordinates": [[-84.3542963, 33.7475032], [-84.3543082, 33.7466024], [-84.3535053, 33.7467737], [-84.3533269, 33.7468117], [-84.3529996, 33.7468816], [-84.3527867, 33.7469236], [-84.3529792, 33.7478884], [-84.3529737, 33.7479137], [-84.3529374, 33.7479197]]}, "properties": {"surface": "asphalt", "highway": "footway"}}, {"type": "Feature", "geometry": {"type": "LineString", "coordinates": [[-84.3529426, 33.7486373], [-84.352941, 33.7486048], [-84.3529129, 33.7480692], [-84.3529429, 33.7480618]]}, "properties": {"surface": "", "highway": "footway"}}, {"type": "Feature", "geometry": {"type": "LineString", "coordinates": [[-84.352933, 33.7478897], [-84.3528991, 33.7478835], [-84.3528848, 33.7478443], [-84.3527084, 33.7469381]]}, "properties": {"surface": "", "highway": "footway"}}, {"type": "Feature", "geometry": {"type": "LineString", "coordinates": [[-84.3527084, 33.7469381], [-84.3523385, 33.7470145], [-84.3514787, 33.747192], [-84.3513293, 33.7472228], [-84.3510552, 33.7472794], [-84.3508607, 33.7473196], [-84.3508249, 33.7473402], [-84.3508192, 33.7473569], [-84.350813, 33.7473753], [-84.3508139, 33.7473981], [-84.3508322, 33.7474309]]}, "properties": {"surface": "", "highway": "footway"}}, {"type": "Feature", "geometry": {"type": "LineString", "coordinates": [[-84.3507042, 33.7473964], [-84.3506954, 33.7473875], [-84.3506745, 33.7473807], [-84.3506208, 33.7473807], [-84.3505937, 33.7473954], [-84.3505713, 33.7474287], [-84.3505835, 33.7474653], [-84.3506594, 33.7475346]]}, "properties": {"surface": "concrete", "highway": "footway"}}, {"type": "Feature", "geometry": {"type": "LineString", "coordinates": [[-84.3504118, 33.7474382], [-84.3505365, 33.747549], [-84.3513338, 33.7482641]]}, "properties": {"surface": "", "highway": "footway"}}, {"type": "Feature", "geometry": {"type": "LineString", "coordinates": [[-84.3517948, 33.7485242], [-84.3525642, 33.7488814], [-84.3532152, 33.7491827], [-84.3535379, 33.7493045], [-84.3538903, 33.7493799], [-84.3542269, 33.7494848]]}, "properties": {"surface": "concrete", "highway": "footway"}}, {"type": "Feature", "geometry": {"type": "LineString", "coordinates": [[-84.353863, 33.749239], [-84.353437, 33.749138], [-84.352987, 33.748928]]}, "properties": {"surface": "asphalt", "highway": "residential"}}, {"type": "Feature", "geometry": {"type": "LineString", "coordinates": [[-84.3542884, 33.7498415], [-84.3543118, 33.7498387], [-84.3543434, 33.7498453], [-84.3548295, 33.7501259], [-84.3548284, 33.7501675], [-84.3545718, 33.7501663]]}, "properties": {"surface": "asphalt", "highway": "footway"}}, {"type": "Feature", "geometry": {"type": "LineString", "coordinates": [[-84.3517878, 33.7509403], [-84.3527198, 33.7509424], [-84.3527293, 33.7505981], [-84.352739, 33.7502475], [-84.3518035, 33.750247], [-84.351796, 33.7505803], [-84.3517878, 33.7509403]]}, "properties": {"surface": "", "highway": "footway"}}, {"type": "Feature", "geometry": {"type": "LineString", "coordinates": [[-84.3537431, 33.750941], [-84.353085, 33.7509486], [-84.3528054, 33.7509454], [-84.3528133, 33.750597], [-84.3528211, 33.7502496], [-84.3537624, 33.7502399], [-84.3537526, 33.7505958], [-84.3537431, 33.750941]]}, "properties": {"surface": "", "highway": "footway"}}, {"type": "Feature", "geometry": {"type": "LineString", "coordinates": [[-84.3538252, 33.7509424], [-84.3556978, 33.750955], [-84.3557388, 33.7509355], [-84.355748, 33.7509167], [-84.3557459, 33.7508946], [-84.3552171, 33.7503582], [-84.3551484, 33.7503039], [-84.3550415, 33.7502366], [-84.3550286, 33.7502367], [-84.35418, 33.7502405], [-84.3538384, 33.7502422]]}, "properties": {"surface": "", "highway": "footway"}}, {"type": "Feature", "geometry": {"type": "LineString", "coordinates": [[-84.3556388, 33.7502412], [-84.3556318, 33.750238], [-84.355219, 33.7502377], [-84.3555822, 33.7506054], [-84.3556095, 33.7506144], [-84.355635, 33.7506026], [-84.3556517, 33.7505734], [-84.355642, 33.7502472]]}, "properties": {"surface": "", "highway": "footway"}}, {"type": "Feature", "geometry": {"type": "LineString", "coordinates": [[-84.3557511, 33.7507428], [-84.3557709, 33.7507671]]}, "properties": {"surface": "", "highway": "footway"}}, {"type": "Feature", "geometry": {"type": "LineString", "coordinates": [[-84.3557709, 33.7507671], [-84.3558355, 33.7508317]]}, "properties": {"surface": "", "highway": "footway"}}, {"type": "Feature", "geometry": {"type": "LineString", "coordinates": [[-84.3558818, 33.7510207], [-84.3554627, 33.7510186], [-84.3549968, 33.7510163], [-84.3542488, 33.7510108], [-84.3542046, 33.7510121], [-84.3541661, 33.7510274], [-84.3538207, 33.7510246], [-84.3538043, 33.7517209]]}, "properties": {"surface": "", "highway": "footway"}}, {"type": "Feature", "geometry": {"type": "LineString", "coordinates": [[-84.3493302, 33.7480916], [-84.3493308, 33.7481536], [-84.3493319, 33.7482765], [-84.3493332, 33.749455], [-84.3493339, 33.750142]]}, "properties": {"surface": "", "highway": "footway"}}, {"type": "Feature", "geometry": {"type": "LineString", "coordinates": [[-84.3709038, 33.7514786], [-84.3701201, 33.751716], [-84.3688439, 33.7521026], [-84.3671441, 33.7526023], [-84.3661553, 33.752893], [-84.3648073, 33.7532441], [-84.3639285, 33.7534392]]}, "properties": {"surface": "", "highway": "footway"}}, {"type": "Feature", "geometry": {"type": "LineString", "coordinates": [[-84.3494158, 33.7461203], [-84.3493857, 33.7462203], [-84.3493853, 33.7463776], [-84.3493748, 33.7464571], [-84.3493664, 33.7465201], [-84.3493664, 33.7466965], [-84.3493663, 33.7467799], [-84.3493671, 33.7468686], [-84.3493682, 33.7469793], [-84.3493221, 33.7470381], [-84.3493213, 33.747174], [-84.3493201, 33.7473923], [-84.3493199, 33.7474257], [-84.3493336, 33.747467], [-84.3493776, 33.7475071], [-84.3493923, 33.74751], [-84.3494237, 33.7475161], [-84.3496475, 33.7474792], [-84.3497832, 33.747449], [-84.3498811, 33.7474234], [-84.350227, 33.7473328], [-84.3502467, 33.7473155], [-84.3502594, 33.7472951], [-84.3502501, 33.7472651], [-84.3500813, 33.7470982], [-84.3497875, 33.7468077], [-84.349681, 33.7467023], [-84.349517, 33.7465573], [-84.3494266, 33.7464773]]}, "properties": {"surface": "concrete", "highway": "footway"}}, {"type": "Feature", "geometry": {"type": "LineString", "coordinates": [[-84.3417838, 33.7605544], [-84.3417729, 33.7607338], [-84.3417613, 33.760924], [-84.3417591, 33.7609602], [-84.3417754, 33.7609609], [-84.3417697, 33.7610606], [-84.3417534, 33.7610619], [-84.3417244, 33.7617191]]}, "properties": {"surface": "concrete", "highway": "footway"}}, {"type": "Feature", "geometry": {"type": "LineString", "coordinates": [[-84.3502609, 33.7471402], [-84.350292, 33.7471712], [-84.3503933, 33.7472722], [-84.3504117, 33.7472871], [-84.3505861, 33.7472535], [-84.3505953, 33.7472323], [-84.3505992, 33.747202], [-84.350593, 33.7471383]]}, "properties": {"surface": "concrete", "highway": "footway"}}, {"type": "Feature", "geometry": {"type": "LineString", "coordinates": [[-84.3506844, 33.7471518], [-84.3507153, 33.7471962], [-84.3507303, 33.7472165], [-84.3507481, 33.7472185], [-84.3508423, 33.7472104], [-84.3512645, 33.7471211], [-84.3513763, 33.7470975], [-84.3515443, 33.7470619], [-84.3516391, 33.7470419], [-84.3518411, 33.7469992], [-84.3519681, 33.7469723], [-84.3523753, 33.7468862], [-84.3542742, 33.7464902]]}, "properties": {"surface": "concrete", "highway": "footway"}}, {"type": "Feature", "geometry": {"type": "LineString", "coordinates": [[-84.3492758, 33.7654248], [-84.3492602, 33.7654576], [-84.3492187, 33.7656226]]}, "properties": {"surface": "", "highway": "footway"}}, {"type": "Feature", "geometry": {"type": "LineString", "coordinates": [[-84.3503026, 33.7646497], [-84.3500233, 33.7648533], [-84.3498128, 33.7650072], [-84.3497766, 33.7650194]]}, "properties": {"surface": "concrete", "highway": "footway"}}, {"type": "Feature", "geometry": {"type": "LineString", "coordinates": [[-84.3526018, 33.7557516], [-84.3526218, 33.7557464], [-84.3526482, 33.7557433], [-84.3526749, 33.7557451], [-84.3526985, 33.7557515]]}, "properties": {"surface": "", "highway": "footway"}}, {"type": "Feature", "geometry": {"type": "LineString", "coordinates": [[-84.352958, 33.756517], [-84.3528547, 33.7563868]]}, "properties": {"surface": "", "highway": "footway"}}, {"type": "Feature", "geometry": {"type": "LineString", "coordinates": [[-84.3513163, 33.7579255], [-84.3511242, 33.758024], [-84.3510111, 33.7580723], [-84.3508357, 33.7581356], [-84.3507142, 33.7581726], [-84.3506649, 33.75817], [-84.3504682, 33.7582175], [-84.3503394, 33.7582433], [-84.3501626, 33.7582695], [-84.3499828, 33.7582907], [-84.3498217, 33.7580884], [-84.3496906, 33.7579223], [-84.34965, 33.7579136], [-84.3495751, 33.7578226], [-84.3493035, 33.7574891], [-84.3493051, 33.7572275], [-84.3492956, 33.7571826], [-84.3492939, 33.7570705], [-84.3492963, 33.7567752], [-84.3492974, 33.7563096], [-84.3492974, 33.7562822]]}, "properties": {"surface": "", "highway": "footway"}}, {"type": "Feature", "geometry": {"type": "LineString", "coordinates": [[-84.3492974, 33.7563096], [-84.3498817, 33.7563167], [-84.3499181, 33.7562839], [-84.3503681, 33.7562877], [-84.3503809, 33.7562752], [-84.350422, 33.756235]]}, "properties": {"surface": "", "highway": "footway"}}, {"type": "Feature", "geometry": {"type": "LineString", "coordinates": [[-84.3503681, 33.7562877], [-84.3503694, 33.7564969], [-84.3503759, 33.7565538], [-84.3504003, 33.7566428], [-84.3504479, 33.7567408], [-84.350503, 33.7568546], [-84.3506204, 33.7570983], [-84.3506523, 33.7571609], [-84.3507502, 33.7572823], [-84.35099, 33.7575488], [-84.3513163, 33.7579255]]}, "properties": {"surface": "", "highway": "footway"}}, {"type": "Feature", "geometry": {"type": "LineString", "coordinates": [[-84.349295, 33.7577739], [-84.3492954, 33.7580711], [-84.3492969, 33.7581694], [-84.3493082, 33.7581957], [-84.3493435, 33.75825], [-84.349382, 33.758295], [-84.349394, 33.7583047], [-84.3494231, 33.7583213], [-84.3494803, 33.7583414], [-84.3495178, 33.7583489], [-84.3495525, 33.7583524], [-84.3496203, 33.7583508], [-84.3497696, 33.7583425], [-84.349774, 33.758279], [-84.3496042, 33.7580668], [-84.3493752, 33.7577807], [-84.349295, 33.7577739]]}, "properties": {"surface": "", "highway": "footway"}}, {"type": "Feature", "geometry": {"type": "LineString", "coordinates": [[-84.3527994, 33.756315], [-84.3527683, 33.7562745], [-84.3527486, 33.7562774], [-84.3527228, 33.7562809]]}, "properties": {"surface": "", "highway": "footway"}}, {"type": "Feature", "geometry": {"type": "LineString", "coordinates": [[-84.3493317, 33.7585402], [-84.3493187, 33.7585469], [-84.3493098, 33.7585573]]}, "properties": {"surface": "", "highway": "footway"}}, {"type": "Feature", "geometry": {"type": "LineString", "coordinates": [[-84.3530974, 33.7576406], [-84.3531298, 33.7576069], [-84.3535863, 33.7571577], [-84.3536142, 33.7571354], [-84.3536254, 33.7571306], [-84.3536375, 33.7571265], [-84.3536652, 33.7571241], [-84.353688, 33.7571276], [-84.353708, 33.7571357], [-84.3539252, 33.7573536], [-84.3539347, 33.7573718], [-84.3539386, 33.7573853], [-84.3539394, 33.7573964]]}, "properties": {"surface": "", "highway": "footway"}}, {"type": "Feature", "geometry": {"type": "LineString", "coordinates": [[-84.3541016, 33.7575773], [-84.3542419, 33.7579223], [-84.3544721, 33.7585188], [-84.3546474, 33.7589686], [-84.3548089, 33.7592584], [-84.3549146, 33.7594138], [-84.3549404, 33.7594481], [-84.3549775, 33.7594937], [-84.3551171, 33.7596519], [-84.35527, 33.7598038], [-84.3552951, 33.759841], [-84.3553049, 33.7598733]]}, "properties": {"surface": "", "highway": "footway"}}, {"type": "Feature", "geometry": {"type": "LineString", "coordinates": [[-84.3553049, 33.7598733], [-84.3553149, 33.7598713]]}, "properties": {"surface": "", "highway": "footway"}}, {"type": "Feature", "geometry": {"type": "LineString", "coordinates": [[-84.3554399, 33.7596221], [-84.3554332, 33.7596118]]}, "properties": {"surface": "", "highway": "footway"}}, {"type": "Feature", "geometry": {"type": "LineString", "coordinates": [[-84.3555061, 33.7598513], [-84.3557665, 33.7593864], [-84.3559099, 33.7591613], [-84.3560888, 33.7589096], [-84.356285, 33.7586521], [-84.3564543, 33.7584649]]}, "properties": {"surface": "", "highway": "footway"}}, {"type": "Feature", "geometry": {"type": "LineString", "coordinates": [[-84.3542629, 33.75748], [-84.354243, 33.757476]]}, "properties": {"surface": "concrete", "highway": "footway"}}, {"type": "Feature", "geometry": {"type": "LineString", "coordinates": [[-84.3537776, 33.7569761], [-84.3540928, 33.7573053], [-84.3541121, 33.7573083], [-84.3543183, 33.75716], [-84.354545, 33.7569586], [-84.3546284, 33.7568995], [-84.3547334, 33.7568274], [-84.3548174, 33.7567769], [-84.3548885, 33.756742], [-84.3550324, 33.7566699], [-84.3551855, 33.7566188], [-84.3553077, 33.7565737]]}, "properties": {"surface": "", "highway": "footway"}}, {"type": "Feature", "geometry": {"type": "LineString", "coordinates": [[-84.3528022, 33.7578655], [-84.3527151, 33.7579341]]}, "properties": {"surface": "", "highway": "footway"}}, {"type": "Feature", "geometry": {"type": "LineString", "coordinates": [[-84.3531313, 33.7579706], [-84.3530635, 33.7579162], [-84.3530137, 33.757875], [-84.3529999, 33.7578552], [-84.3529905, 33.7578301], [-84.3529857, 33.757801], [-84.3529859, 33.7577855], [-84.3529926, 33.757757], [-84.3530142, 33.7577179], [-84.353042, 33.7576885]]}, "properties": {"surface": "", "highway": "footway"}}, {"type": "Feature", "geometry": {"type": "LineString", "coordinates": [[-84.353042, 33.7576885], [-84.3530974, 33.7576406]]}, "properties": {"surface": "", "highway": "footway"}}, {"type": "Feature", "geometry": {"type": "LineString", "coordinates": [[-84.3398778, 33.7621672], [-84.3398316, 33.7621746]]}, "properties": {"surface": "", "highway": "footway"}}, {"type": "Feature", "geometry": {"type": "LineString", "coordinates": [[-84.34086, 33.7622999], [-84.3410335, 33.7622983], [-84.3410752, 33.7622932], [-84.3411019, 33.7622873], [-84.3411157, 33.7622786], [-84.3411236, 33.7622833]]}, "properties": {"surface": "", "highway": "footway"}}, {"type": "Feature", "geometry": {"type": "LineString", "coordinates": [[-84.3411157, 33.7622786], [-84.3411269, 33.7622684], [-84.3411332, 33.7622541], [-84.3411352, 33.7622419], [-84.3411176, 33.7621611]]}, "properties": {"surface": "", "highway": "footway"}}, {"type": "Feature", "geometry": {"type": "LineString", "coordinates": [[-84.3417448, 33.762315], [-84.3417429, 33.7622658]]}, "properties": {"surface": "", "highway": "footway"}}, {"type": "Feature", "geometry": {"type": "LineString", "coordinates": [[-84.3490956, 33.7602827], [-84.3490787, 33.7603058], [-84.3490699, 33.760332]]}, "properties": {"surface": "", "highway": "footway"}}, {"type": "Feature", "geometry": {"type": "LineString", "coordinates": [[-84.3529988, 33.7602699], [-84.3530591, 33.7602377], [-84.3529884, 33.7601402], [-84.3527163, 33.759792], [-84.3525397, 33.7595611], [-84.3524052, 33.7593935], [-84.3522758, 33.7592185], [-84.3521126, 33.7590166], [-84.3519156, 33.7587677], [-84.3518112, 33.7586392], [-84.3517973, 33.7586094], [-84.3517994, 33.7585964], [-84.352201, 33.7583048], [-84.3524006, 33.7581611], [-84.3526402, 33.7579842], [-84.3526512, 33.7579828], [-84.3526624, 33.7579735]]}, "properties": {"surface": "", "highway": "footway"}}, {"type": "Feature", "geometry": {"type": "LineString", "coordinates": [[-84.3548753, 33.7609279], [-84.3546072, 33.7612633], [-84.3544128, 33.761464], [-84.3542348, 33.7616245], [-84.3540311, 33.7617982], [-84.3537261, 33.7620282], [-84.3533473, 33.7623174], [-84.3532206, 33.7624158], [-84.3532152, 33.7624268], [-84.3532033, 33.7624253]]}, "properties": {"surface": "", "highway": "footway"}}, {"type": "Feature", "geometry": {"type": "LineString", "coordinates": [[-84.3531398, 33.7624704], [-84.3530789, 33.7625205]]}, "properties": {"surface": "", "highway": "footway"}}, {"type": "Feature", "geometry": {"type": "LineString", "coordinates": [[-84.3553049, 33.7598733], [-84.3553022, 33.7598855], [-84.3552879, 33.7599143], [-84.3551539, 33.7601589], [-84.3549903, 33.7604662], [-84.3549408, 33.7605667], [-84.354957, 33.7605988]]}, "properties": {"surface": "", "highway": "footway"}}, {"type": "Feature", "geometry": {"type": "LineString", "coordinates": [[-84.3554416, 33.7599679], [-84.3554376, 33.7599894], [-84.3552274, 33.7603913], [-84.3550663, 33.7606542], [-84.3550512, 33.7606637]]}, "properties": {"surface": "", "highway": "footway"}}, {"type": "Feature", "geometry": {"type": "LineString", "coordinates": [[-84.349352, 33.7620775], [-84.3493501, 33.7620497], [-84.3493588, 33.7620146], [-84.3493494, 33.7619707], [-84.3493517, 33.7619413]]}, "properties": {"surface": "", "highway": "footway"}}, {"type": "Feature", "geometry": {"type": "LineString", "coordinates": [[-84.3493572, 33.7618477], [-84.349365, 33.7618421], [-84.3493469, 33.7618115], [-84.3493362, 33.7617803], [-84.349336, 33.761652], [-84.3493301, 33.7611704], [-84.3493187, 33.760306]]}, "properties": {"surface": "concrete", "highway": "footway"}}, {"type": "Feature", "geometry": {"type": "LineString", "coordinates": [[-84.3493187, 33.760306], [-84.34931, 33.7595235]]}, "properties": {"surface": "", "highway": "footway"}}, {"type": "Feature", "geometry": {"type": "LineString", "coordinates": [[-84.34931, 33.7595235], [-84.3493038, 33.7585846], [-84.3493098, 33.7585573]]}, "properties": {"surface": "concrete", "highway": "footway"}}, {"type": "Feature", "geometry": {"type": "LineString", "coordinates": [[-84.3491031, 33.7620443], [-84.3491085, 33.7620087], [-84.3491067, 33.7619801], [-84.3491017, 33.7619381]]}, "properties": {"surface": "", "highway": "footway"}}, {"type": "Feature", "geometry": {"type": "LineString", "coordinates": [[-84.3490831, 33.7618614], [-84.3490761, 33.7618562], [-84.3490917, 33.7618396], [-84.3491014, 33.7618238], [-84.3491083, 33.761804], [-84.3491121, 33.761785], [-84.349112, 33.7617564], [-84.3491082, 33.7614363], [-84.3491055, 33.761111], [-84.349096, 33.7603151]]}, "properties": {"surface": "concrete", "highway": "footway"}}, {"type": "Feature", "geometry": {"type": "LineString", "coordinates": [[-84.349096, 33.7603151], [-84.3490899, 33.7596392]]}, "properties": {"surface": "", "highway": "footway"}}, {"type": "Feature", "geometry": {"type": "LineString", "coordinates": [[-84.3286154, 33.762889], [-84.3284835, 33.7628625], [-84.3283029, 33.7628185], [-84.3282944, 33.7628166], [-84.3281595, 33.7627878], [-84.3280943, 33.7627739], [-84.327977, 33.7627463], [-84.3279661, 33.7627437], [-84.3277466, 33.7626976], [-84.3276086, 33.7626616], [-84.3272938, 33.7625852]]}, "properties": {"surface": "", "highway": "footway"}}, {"type": "Feature", "geometry": {"type": "LineString", "coordinates": [[-84.364722, 33.7502971], [-84.3647309, 33.7502831]]}, "properties": {"surface": "", "highway": "footway"}}, {"type": "Feature", "geometry": {"type": "LineString", "coordinates": [[-84.3647441, 33.7502637], [-84.3647527, 33.7502656]]}, "properties": {"surface": "", "highway": "footway"}}, {"type": "Feature", "geometry": {"type": "LineString", "coordinates": [[-84.364818, 33.7502796], [-84.3648299, 33.7502828], [-84.3648253, 33.7502663], [-84.3647058, 33.7495176], [-84.3647089, 33.7487899], [-84.3647129, 33.7482914], [-84.364716, 33.7482798], [-84.3647253, 33.7482741], [-84.3647414, 33.7482702], [-84.3656246, 33.7482756], [-84.3656506, 33.7482772]]}, "properties": {"surface": "", "highway": "footway"}}, {"type": "Feature", "geometry": {"type": "LineString", "coordinates": [[-84.364722, 33.7503724], [-84.3647176, 33.7503758], [-84.3646943, 33.7503705], [-84.3643335, 33.7503675], [-84.3643259, 33.7503719], [-84.364323, 33.7503792], [-84.3643224, 33.7505963], [-84.364321, 33.7510485], [-84.3643116, 33.7516746], [-84.3643081, 33.7518202], [-84.3643089, 33.7518605], [-84.3643166, 33.7518791], [-84.3643297, 33.7518881], [-84.364352, 33.7518868], [-84.3651958, 33.7516898], [-84.365211, 33.7516835], [-84.3652145, 33.7516728], [-84.365225, 33.7516752]]}, "properties": {"surface": "", "highway": "footway"}}, {"type": "Feature", "geometry": {"type": "LineString", "coordinates": [[-84.3653061, 33.7516563], [-84.3652952, 33.7516587]]}, "properties": {"surface": "", "highway": "footway"}}, {"type": "Feature", "geometry": {"type": "LineString", "coordinates": [[-84.3652145, 33.7516728], [-84.3652139, 33.7516632], [-84.3652072, 33.7516417], [-84.3650056, 33.7511077], [-84.3648839, 33.7507689], [-84.3647799, 33.7504999], [-84.3647382, 33.7503975], [-84.3647275, 33.7503831], [-84.3647176, 33.7503758]]}, "properties": {"surface": "", "highway": "footway"}}, {"type": "Feature", "geometry": {"type": "LineString", "coordinates": [[-84.3639691, 33.7502779], [-84.3634007, 33.7502737], [-84.3633929, 33.7502705], [-84.3633896, 33.7502636], [-84.3633946, 33.7497772], [-84.3633963, 33.7496061], [-84.3633973, 33.749568], [-84.363406, 33.7492002], [-84.3634037, 33.7491631], [-84.3633937, 33.7491419], [-84.3633706, 33.7491272], [-84.3633413, 33.7491221], [-84.3631472, 33.749124], [-84.3631264, 33.7491157], [-84.3631149, 33.7491035], [-84.3631133, 33.7490734], [-84.363128, 33.7488877], [-84.3631286, 33.7488631], [-84.3631295, 33.7488288], [-84.3631355, 33.7482601], [-84.3631432, 33.748253], [-84.363841, 33.7482605], [-84.3646351, 33.7482691]]}, "properties": {"surface": "", "highway": "footway"}}, {"type": "Feature", "geometry": {"type": "LineString", "coordinates": [[-84.3632332, 33.7521436], [-84.3631974, 33.7521562], [-84.362268, 33.7523926], [-84.3622441, 33.7523921], [-84.3622294, 33.7523846], [-84.3622213, 33.7523731], [-84.3622172, 33.7523537], [-84.3622273, 33.7518766], [-84.3622439, 33.7510838], [-84.3622487, 33.7508344], [-84.3622537, 33.7503767], [-84.3622567, 33.7503616], [-84.3622629, 33.7503561], [-84.3622581, 33.7503483]]}, "properties": {"surface": "", "highway": "footway"}}, {"type": "Feature", "geometry": {"type": "LineString", "coordinates": [[-84.362264, 33.7502707], [-84.3622726, 33.750263], [-84.3622808, 33.7502669], [-84.3622983, 33.7502689], [-84.3632523, 33.7502733], [-84.3632677, 33.7502723], [-84.3632773, 33.7502675], [-84.3632814, 33.7502693]]}, "properties": {"surface": "", "highway": "footway"}}, {"type": "Feature", "geometry": {"type": "LineString", "coordinates": [[-84.3622629, 33.7503561], [-84.3622729, 33.7503533], [-84.3632308, 33.7503576], [-84.3632513, 33.750361], [-84.3632682, 33.7503673], [-84.3632764, 33.7503795], [-84.3632781, 33.7503989], [-84.3632614, 33.7513263], [-84.3632469, 33.7518939], [-84.3632422, 33.7520799], [-84.3632383, 33.7521183], [-84.3632332, 33.7521436]]}, "properties": {"surface": "", "highway": "footway"}}, {"type": "Feature", "geometry": {"type": "LineString", "coordinates": [[-84.3633447, 33.7521104], [-84.3633576, 33.751705], [-84.3633883, 33.7504199], [-84.3633905, 33.7503925], [-84.3633934, 33.7503803], [-84.3633995, 33.7503723], [-84.3634051, 33.7503681], [-84.3634127, 33.7503646], [-84.3634367, 33.7503626], [-84.3641989, 33.7503673], [-84.3642155, 33.7503691], [-84.3642264, 33.7503732], [-84.3642346, 33.7503673]]}, "properties": {"surface": "", "highway": "footway"}}, {"type": "Feature", "geometry": {"type": "LineString", "coordinates": [[-84.3643169, 33.7503673], [-84.3643259, 33.7503719]]}, "properties": {"surface": "", "highway": "footway"}}, {"type": "Feature", "geometry": {"type": "LineString", "coordinates": [[-84.3643335, 33.7503675], [-84.3643336, 33.7503577]]}, "properties": {"surface": "", "highway": "footway"}}, {"type": "Feature", "geometry": {"type": "LineString", "coordinates": [[-84.3643345, 33.7502939], [-84.3643347, 33.7502804]]}, "properties": {"surface": "", "highway": "footway"}}, {"type": "Feature", "geometry": {"type": "LineString", "coordinates": [[-84.3642264, 33.7503732], [-84.36423, 33.750381], [-84.3642316, 33.7503977], [-84.3642273, 33.7510393], [-84.3642196, 33.7518911], [-84.3642173, 33.7519091], [-84.3642132, 33.7519178], [-84.3642261, 33.7519154]]}, "properties": {"surface": "", "highway": "footway"}}, {"type": "Feature", "geometry": {"type": "LineString", "coordinates": [[-84.3642132, 33.7519178], [-84.3633834, 33.7521218], [-84.3633656, 33.7521231], [-84.36335, 33.75212]]}, "properties": {"surface": "", "highway": "footway"}}, {"type": "Feature", "geometry": {"type": "LineString", "coordinates": [[-84.3633447, 33.7521104], [-84.36335, 33.75212], [-84.3633576, 33.752134]]}, "properties": {"surface": "", "highway": "footway"}}, {"type": "Feature", "geometry": {"type": "LineString", "coordinates": [[-84.3643008, 33.751896], [-84.3643297, 33.7518881]]}, "properties": {"surface": "", "highway": "footway"}}, {"type": "Feature", "geometry": {"type": "LineString", "coordinates": [[-84.3633914, 33.7503652], [-84.3633995, 33.7503723]]}, "properties": {"surface": "", "highway": "footway"}}, {"type": "Feature", "geometry": {"type": "LineString", "coordinates": [[-84.3632799, 33.750364], [-84.3632682, 33.7503673]]}, "properties": {"surface": "", "highway": "footway"}}, {"type": "Feature", "geometry": {"type": "LineString", "coordinates": [[-84.3632773, 33.7502675], [-84.3632814, 33.7502601], [-84.3632829, 33.7502431], [-84.3632936, 33.7495412], [-84.3632945, 33.7492212], [-84.363291, 33.7492057], [-84.3632786, 33.7492013], [-84.3630441, 33.7492006], [-84.3630255, 33.7491969], [-84.363014, 33.7491844], [-84.3630114, 33.749163], [-84.3630293, 33.7482477]]}, "properties": {"surface": "", "highway": "footway"}}, {"type": "Feature", "geometry": {"type": "LineString", "coordinates": [[-84.3622395, 33.748646], [-84.3622509, 33.7486466], [-84.3622424, 33.7495216], [-84.3622425, 33.7495329], [-84.362241, 33.7496274], [-84.3622409, 33.7496335], [-84.3622328, 33.7502182], [-84.3622362, 33.7502316], [-84.3622726, 33.750263]]}, "properties": {"surface": "", "highway": "footway"}}, {"type": "Feature", "geometry": {"type": "LineString", "coordinates": [[-84.3543814, 33.7493236], [-84.3543775, 33.7497196], [-84.3543817, 33.7497351], [-84.354392, 33.7497457], [-84.3546799, 33.7499157], [-84.3547061, 33.7499442], [-84.3550756, 33.7501567], [-84.3551052, 33.7501606], [-84.3556302, 33.7501633]]}, "properties": {"surface": "concrete", "highway": "footway"}}, {"type": "Feature", "geometry": {"type": "LineString", "coordinates": [[-84.3543814, 33.7493236], [-84.3545937, 33.7493263], [-84.3549184, 33.7493368], [-84.3549428, 33.7493241], [-84.3556212, 33.7493346], [-84.355621, 33.7493281]]}, "properties": {"surface": "", "highway": "footway"}}, {"type": "Feature", "geometry": {"type": "LineString", "coordinates": [[-84.3543941, 33.7474707], [-84.3543882, 33.7483852]]}, "properties": {"surface": "", "highway": "footway"}}, {"type": "Feature", "geometry": {"type": "LineString", "coordinates": [[-84.3543855, 33.7484618], [-84.3543749, 33.7491906], [-84.3543822, 33.7491971], [-84.3543776, 33.7492017]]}, "properties": {"surface": "", "highway": "footway"}}, {"type": "Feature", "geometry": {"type": "LineString", "coordinates": [[-84.3543822, 33.7491971], [-84.3543956, 33.7492069], [-84.3555869, 33.7492302], [-84.3556134, 33.7492349]]}, "properties": {"surface": "", "highway": "footway"}}, {"type": "Feature", "geometry": {"type": "LineString", "coordinates": [[-84.3556212, 33.7493346], [-84.3556288, 33.7493465], [-84.3556386, 33.7497417], [-84.3556248, 33.7497608], [-84.3556282, 33.7498936], [-84.3556302, 33.7501633], [-84.3556388, 33.7501632]]}, "properties": {"surface": "", "highway": "footway"}}, {"type": "Feature", "geometry": {"type": "LineString", "coordinates": [[-84.3557255, 33.7493213], [-84.3557308, 33.7493292], [-84.3557558, 33.7501575], [-84.3557576, 33.7501624]]}, "properties": {"surface": "", "highway": "footway"}}, {"type": "Feature", "geometry": {"type": "LineString", "coordinates": [[-84.3557771, 33.7502439], [-84.3557827, 33.7502502], [-84.3557605, 33.7502643], [-84.3557502, 33.7502862], [-84.3557519, 33.7504272], [-84.355753, 33.7506286], [-84.3557511, 33.7507428]]}, "properties": {"surface": "", "highway": "footway"}}, {"type": "Feature", "geometry": {"type": "LineString", "coordinates": [[-84.3565872, 33.7501568], [-84.3566124, 33.7501496], [-84.3566188, 33.7501411], [-84.3566236, 33.7501215], [-84.3566335, 33.74999], [-84.3566348, 33.7499668], [-84.3566639, 33.7497119], [-84.3566892, 33.7494769], [-84.3567156, 33.749254], [-84.3567169, 33.749243]]}, "properties": {"surface": "", "highway": "footway"}}, {"type": "Feature", "geometry": {"type": "LineString", "coordinates": [[-84.355642, 33.7502472], [-84.3556388, 33.7502412], [-84.3556417, 33.7502383]]}, "properties": {"surface": "", "highway": "footway"}}, {"type": "Feature", "geometry": {"type": "LineString", "coordinates": [[-84.3416353, 33.7680226], [-84.3416349, 33.7679729], [-84.3416382, 33.7679253]]}, "properties": {"surface": "", "highway": "footway"}}, {"type": "Feature", "geometry": {"type": "LineString", "coordinates": [[-84.3522993, 33.7631183], [-84.3531073, 33.7638461], [-84.3534283, 33.7641505], [-84.3535967, 33.7643098], [-84.3536133, 33.7643082], [-84.3536931, 33.7641785], [-84.3537867, 33.7640263], [-84.3540274, 33.7636351], [-84.354118, 33.7635044], [-84.3541692, 33.7634437], [-84.3542342, 33.7633751], [-84.3542883, 33.7633248], [-84.354354, 33.7632737], [-84.3544451, 33.7632019], [-84.3545428, 33.7631346], [-84.3546774, 33.7630443], [-84.3547974, 33.7629622], [-84.3549028, 33.7628977], [-84.3549712, 33.7628519], [-84.3551242, 33.7627525], [-84.3552887, 33.7626431], [-84.3553916, 33.7625815], [-84.3554057, 33.7625676], [-84.3554074, 33.7625562], [-84.3551278, 33.7625522], [-84.3549346, 33.7625436], [-84.354646, 33.762525], [-84.3545351, 33.7625148], [-84.3544364, 33.7625108], [-84.354296, 33.762513], [-84.3541738, 33.7625224], [-84.3539269, 33.7625474], [-84.353631, 33.7625749], [-84.3532086, 33.7626198], [-84.3529869, 33.7626487], [-84.3529196, 33.7626627]]}, "properties": {"surface": "", "highway": "footway"}}, {"type": "Feature", "geometry": {"type": "LineString", "coordinates": [[-84.3532152, 33.7624268], [-84.353215, 33.7624426], [-84.3532211, 33.7624557], [-84.3532392, 33.7624692], [-84.3532701, 33.7624728], [-84.3534728, 33.7624475], [-84.3537711, 33.7624124], [-84.3540691, 33.7623849], [-84.3541396, 33.7623772], [-84.3542451, 33.7623667], [-84.3543666, 33.7623594], [-84.3545495, 33.7623693], [-84.3548526, 33.7623899], [-84.3552085, 33.7624097], [-84.3554104, 33.7624099], [-84.355526, 33.7624043], [-84.3556578, 33.7623927], [-84.3557293, 33.7623841]]}, "properties": {"surface": "", "highway": "footway"}}, {"type": "Feature", "geometry": {"type": "LineString", "coordinates": [[-84.355754, 33.7625165], [-84.3556869, 33.7625301], [-84.3556428, 33.7625434], [-84.3555896, 33.7625658], [-84.3555449, 33.7625916], [-84.355317, 33.7627425], [-84.3548714, 33.7630326], [-84.3546534, 33.7631792], [-84.3545737, 33.76324]]}, "properties": {"surface": "", "highway": "footway"}}, {"type": "Feature", "geometry": {"type": "LineString", "coordinates": [[-84.3555115, 33.764319], [-84.3551094, 33.7646301], [-84.3547228, 33.7649951]]}, "properties": {"surface": "", "highway": "footway"}}, {"type": "Feature", "geometry": {"type": "LineString", "coordinates": [[-84.3530663, 33.7666405], [-84.3523364, 33.7663421], [-84.352225, 33.7663035], [-84.3521564, 33.766284], [-84.3518547, 33.7665251], [-84.3513779, 33.7668989]]}, "properties": {"surface": "", "highway": "footway"}}, {"type": "Feature", "geometry": {"type": "LineString", "coordinates": [[-84.3520538, 33.7662431], [-84.3516733, 33.7665338], [-84.3512552, 33.7668753], [-84.3509084, 33.7671505], [-84.3505932, 33.7673995], [-84.3505224, 33.7674429], [-84.3504921, 33.7674482], [-84.3502888, 33.7670575], [-84.3501977, 33.766919], [-84.3497427, 33.7662823], [-84.3495882, 33.7660661], [-84.3495729, 33.7660332], [-84.3495709, 33.7660125], [-84.3495758, 33.7659878], [-84.3496006, 33.7659188], [-84.3495995, 33.7658902], [-84.3495931, 33.7658671], [-84.3495763, 33.7658431], [-84.3495511, 33.7658253], [-84.3495309, 33.765817], [-84.3495056, 33.7658106], [-84.3494736, 33.7658083], [-84.3494401, 33.7658126], [-84.3494157, 33.7658235], [-84.3493892, 33.7658459]]}, "properties": {"surface": "", "highway": "footway"}}, {"type": "Feature", "geometry": {"type": "LineString", "coordinates": [[-84.3507718, 33.768903], [-84.3508452, 33.768912], [-84.3508824, 33.768767], [-84.3509317, 33.7686303], [-84.351592, 33.7686648], [-84.3518673, 33.7686777], [-84.3519438, 33.7686732], [-84.3520256, 33.768654], [-84.3523979, 33.7685577], [-84.3524285, 33.7685611], [-84.3524522, 33.7685749], [-84.3524628, 33.7685871]]}, "properties": {"surface": "", "highway": "footway"}}, {"type": "Feature", "geometry": {"type": "LineString", "coordinates": [[-84.3524628, 33.7685871], [-84.3524697, 33.7686009], [-84.3524649, 33.7689448], [-84.3524587, 33.7690118], [-84.3524532, 33.7690256]]}, "properties": {"surface": "", "highway": "footway"}}, {"type": "Feature", "geometry": {"type": "LineString", "coordinates": [[-84.3530663, 33.7666405], [-84.3528892, 33.7669383], [-84.3528232, 33.7670544], [-84.352688, 33.767343], [-84.3526484, 33.7674584], [-84.3525739, 33.7676848], [-84.3525079, 33.7679763], [-84.3524736, 33.7683304], [-84.3524686, 33.7684349]]}, "properties": {"surface": "", "highway": "footway"}}, {"type": "Feature", "geometry": {"type": "LineString", "coordinates": [[-84.3545737, 33.76324], [-84.3546498, 33.7633162], [-84.3549417, 33.7635957], [-84.3554031, 33.7640487], [-84.355583, 33.7642315]]}, "properties": {"surface": "", "highway": "footway"}}, {"type": "Feature", "geometry": {"type": "LineString", "coordinates": [[-84.3544932, 33.7633057], [-84.3548805, 33.7636753], [-84.3551317, 33.7639202], [-84.3555115, 33.764319]]}, "properties": {"surface": "", "highway": "footway"}}, {"type": "Feature", "geometry": {"type": "LineString", "coordinates": [[-84.3548156, 33.7650891], [-84.3550298, 33.7649212]]}, "properties": {"surface": "", "highway": "footway"}}, {"type": "Feature", "geometry": {"type": "LineString", "coordinates": [[-84.3526233, 33.7693917], [-84.3526296, 33.7692014]]}, "properties": {"surface": "", "highway": "footway"}}, {"type": "Feature", "geometry": {"type": "LineString", "coordinates": [[-84.35261, 33.768939], [-84.3526163, 33.7689331], [-84.3526025, 33.7689105]]}, "properties": {"surface": "", "highway": "footway"}}, {"type": "Feature", "geometry": {"type": "LineString", "coordinates": [[-84.3489403, 33.7710265], [-84.3489233, 33.7710297], [-84.3467848, 33.7710263], [-84.3455081, 33.7710282], [-84.3452749, 33.7710518], [-84.3450142, 33.7710968], [-84.3448685, 33.7711329], [-84.3446335, 33.7711996], [-84.3444409, 33.771245], [-84.3442931, 33.7712697], [-84.3441912, 33.7712836], [-84.3440886, 33.7712908], [-84.3439794, 33.7712947], [-84.343835, 33.7712893], [-84.3436876, 33.7712651], [-84.3434314, 33.7711841], [-84.3433462, 33.771173], [-84.3432227, 33.771163], [-84.3425839, 33.7711602]]}, "properties": {"surface": "", "highway": "footway"}}, {"type": "Feature", "geometry": {"type": "LineString", "coordinates": [[-84.3489233, 33.7710297], [-84.348921, 33.7710483]]}, "properties": {"surface": "", "highway": "footway"}}, {"type": "Feature", "geometry": {"type": "LineString", "coordinates": [[-84.3489045, 33.7722588], [-84.3489053, 33.7722407], [-84.3489111, 33.7722321], [-84.3489179, 33.7714043], [-84.3489199, 33.771161], [-84.3489205, 33.7711393], [-84.3489207, 33.7711305]]}, "properties": {"surface": "", "highway": "footway"}}, {"type": "Feature", "geometry": {"type": "LineString", "coordinates": [[-84.3490973, 33.7710372], [-84.3490974, 33.7710238], [-84.3491006, 33.7704606], [-84.349157, 33.7703334], [-84.3491745, 33.7701717], [-84.3491826, 33.7701429], [-84.3492004, 33.7701158], [-84.3492178, 33.7700984]]}, "properties": {"surface": "", "highway": "footway"}}, {"type": "Feature", "geometry": {"type": "LineString", "coordinates": [[-84.349073, 33.7711627], [-84.3490828, 33.7711628]]}, "properties": {"surface": "", "highway": "footway"}}, {"type": "Feature", "geometry": {"type": "LineString", "coordinates": [[-84.3489199, 33.771161], [-84.3489388, 33.7711612]]}, "properties": {"surface": "", "highway": "footway"}}, {"type": "Feature", "geometry": {"type": "LineString", "coordinates": [[-84.3490959, 33.7711493], [-84.3490961, 33.7711384]]}, "properties": {"surface": "", "highway": "footway"}}, {"type": "Feature", "geometry": {"type": "LineString", "coordinates": [[-84.349076, 33.7710237], [-84.3490974, 33.7710238], [-84.3499118, 33.771017], [-84.3506907, 33.7710195]]}, "properties": {"surface": "", "highway": "footway"}}, {"type": "Feature", "geometry": {"type": "LineString", "coordinates": [[-84.342561, 33.77125], [-84.3425869, 33.7712513], [-84.342909, 33.7712557], [-84.3429974, 33.7712583], [-84.343256, 33.7712617], [-84.3433464, 33.771266], [-84.3434554, 33.7712907], [-84.3435854, 33.7713388], [-84.3436562, 33.7713585], [-84.3437479, 33.7713759], [-84.3438378, 33.7713879], [-84.3439424, 33.7713926], [-84.3440962, 33.7713858], [-84.3442913, 33.7713681], [-84.3444461, 33.7713418], [-84.3446712, 33.7712867], [-84.3449607, 33.7712049], [-84.3451673, 33.7711618], [-84.3453268, 33.77114], [-84.3454776, 33.7711242], [-84.3455927, 33.7711175], [-84.3457745, 33.7711177], [-84.3463, 33.771115], [-84.3467054, 33.7711204], [-84.3488844, 33.7711267], [-84.3489205, 33.7711393]]}, "properties": {"surface": "", "highway": "footway"}}, {"type": "Feature", "geometry": {"type": "LineString", "coordinates": [[-84.3439438, 33.77277], [-84.3442672, 33.7727253], [-84.3444564, 33.7726784], [-84.3449503, 33.7725477], [-84.3452254, 33.7724761], [-84.3455512, 33.7724076], [-84.3458835, 33.7723595], [-84.3461816, 33.7723337], [-84.3463805, 33.7723223], [-84.3466327, 33.7723186], [-84.346975, 33.7723242], [-84.3478973, 33.7723417], [-84.3486316, 33.77236], [-84.3488999, 33.7723628]]}, "properties": {"surface": "", "highway": "footway"}}, {"type": "Feature", "geometry": {"type": "LineString", "coordinates": [[-84.3638041, 33.7712691], [-84.3631788, 33.7712441], [-84.3631713, 33.7712215]]}, "properties": {"surface": "", "highway": "footway"}}, {"type": "Feature", "geometry": {"type": "LineString", "coordinates": [[-84.3642305, 33.7721543], [-84.3642411, 33.7721982], [-84.3643404, 33.7726096], [-84.364304, 33.772637]]}, "properties": {"surface": "concrete", "highway": "footway"}}, {"type": "Feature", "geometry": {"type": "LineString", "coordinates": [[-84.3642411, 33.7721982], [-84.364181, 33.7722196]]}, "properties": {"surface": "concrete", "highway": "footway"}}, {"type": "Feature", "geometry": {"type": "LineString", "coordinates": [[-84.3575192, 33.7466493], [-84.3571482, 33.7466419]]}, "properties": {"surface": "", "highway": "footway"}}, {"type": "Feature", "geometry": {"type": "LineString", "coordinates": [[-84.3579536, 33.746658], [-84.3579012, 33.7466543], [-84.357831, 33.7466555]]}, "properties": {"surface": "", "highway": "footway"}}, {"type": "Feature", "geometry": {"type": "LineString", "coordinates": [[-84.3622636, 33.746535], [-84.3622203, 33.7465536], [-84.3622057, 33.7465817], [-84.3614766, 33.7465494], [-84.3610897, 33.7465477], [-84.3600175, 33.7465431], [-84.3591491, 33.7465394]]}, "properties": {"surface": "concrete", "highway": "footway"}}, {"type": "Feature", "geometry": {"type": "LineString", "coordinates": [[-84.3516859, 33.7485381], [-84.3516868, 33.7485216], [-84.3516705, 33.7485219], [-84.3510574, 33.7483449]]}, "properties": {"surface": "", "highway": "footway"}}, {"type": "Feature", "geometry": {"type": "LineString", "coordinates": [[-84.3590286, 33.7525038], [-84.3583597, 33.7524913]]}, "properties": {"surface": "", "highway": "footway"}}, {"type": "Feature", "geometry": {"type": "LineString", "coordinates": [[-84.3582429, 33.7524894], [-84.3575992, 33.7524747]]}, "properties": {"surface": "", "highway": "footway"}}, {"type": "Feature", "geometry": {"type": "LineString", "coordinates": [[-84.3567727, 33.7524564], [-84.3567946, 33.7518497], [-84.3567796, 33.751766], [-84.3566735, 33.7516255], [-84.3564292, 33.7513886], [-84.3562431, 33.751214], [-84.3560819, 33.7510669], [-84.3558355, 33.7508317]]}, "properties": {"surface": "concrete", "highway": "footway"}}, {"type": "Feature", "geometry": {"type": "LineString", "coordinates": [[-84.3591005, 33.7502524], [-84.3590859, 33.7507471], [-84.3590829, 33.7508404], [-84.3590286, 33.7525038]]}, "properties": {"surface": "", "highway": "footway"}}, {"type": "Feature", "geometry": {"type": "LineString", "coordinates": [[-84.3592064, 33.7500954], [-84.3592313, 33.749521]]}, "properties": {"surface": "", "highway": "footway"}}, {"type": "Feature", "geometry": {"type": "LineString", "coordinates": [[-84.3595243, 33.7517307], [-84.3601235, 33.7517512], [-84.3620979, 33.7518219], [-84.3621516, 33.7518238]]}, "properties": {"surface": "", "highway": "footway"}}, {"type": "Feature", "geometry": {"type": "LineString", "coordinates": [[-84.3620979, 33.7518219], [-84.3620786, 33.7524244]]}, "properties": {"surface": "", "highway": "footway"}}, {"type": "Feature", "geometry": {"type": "LineString", "coordinates": [[-84.3598501, 33.7516256], [-84.36088, 33.7516557], [-84.3621041, 33.7517008], [-84.3621533, 33.7517026]]}, "properties": {"surface": "", "highway": "footway"}}, {"type": "Feature", "geometry": {"type": "LineString", "coordinates": [[-84.3621653, 33.7509308], [-84.3621184, 33.7509292], [-84.3613373, 33.7509019], [-84.3597632, 33.7508597], [-84.3594289, 33.750849], [-84.3591822, 33.7508445]]}, "properties": {"surface": "", "highway": "footway"}}, {"type": "Feature", "geometry": {"type": "LineString", "coordinates": [[-84.3621322, 33.7501752], [-84.362132, 33.7501519], [-84.3621355, 33.7496231]]}, "properties": {"surface": "", "highway": "footway"}}, {"type": "Feature", "geometry": {"type": "LineString", "coordinates": [[-84.362145, 33.7486968], [-84.361891, 33.7487702], [-84.3617261, 33.7488161], [-84.3614732, 33.7488655], [-84.3610015, 33.7489049], [-84.3605397, 33.7489442], [-84.359267, 33.7490512]]}, "properties": {"surface": "", "highway": "footway"}}, {"type": "Feature", "geometry": {"type": "LineString", "coordinates": [[-84.3592313, 33.749521], [-84.3621355, 33.7496231]]}, "properties": {"surface": "", "highway": "footway"}}, {"type": "Feature", "geometry": {"type": "LineString", "coordinates": [[-84.3621333, 33.7495209], [-84.3592482, 33.7494345]]}, "properties": {"surface": "", "highway": "footway"}}, {"type": "Feature", "geometry": {"type": "LineString", "coordinates": [[-84.3621302, 33.75029], [-84.359204, 33.75018]]}, "properties": {"surface": "", "highway": "footway"}}, {"type": "Feature", "geometry": {"type": "LineString", "coordinates": [[-84.3592064, 33.7500954], [-84.3621322, 33.7501752]]}, "properties": {"surface": "", "highway": "footway"}}, {"type": "Feature", "geometry": {"type": "LineString", "coordinates": [[-84.3591409, 33.7525082], [-84.3600066, 33.7525163], [-84.3600767, 33.7525181], [-84.3601565, 33.7525198]]}, "properties": {"surface": "", "highway": "footway"}}, {"type": "Feature", "geometry": {"type": "LineString", "coordinates": [[-84.3544303, 33.7466059], [-84.3544614, 33.74662], [-84.3555807, 33.7466462]]}, "properties": {"surface": "", "highway": "footway"}}, {"type": "Feature", "geometry": {"type": "LineString", "coordinates": [[-84.3557096, 33.746623], [-84.3557456, 33.7466211], [-84.3562614, 33.7466246], [-84.3565865, 33.7466351], [-84.3567152, 33.7466374]]}, "properties": {"surface": "", "highway": "footway"}}, {"type": "Feature", "geometry": {"type": "LineString", "coordinates": [[-84.3557096, 33.746623], [-84.3557101, 33.7466322], [-84.3557055, 33.7469145], [-84.3557068, 33.7470211]]}, "properties": {"surface": "", "highway": "footway"}}, {"type": "Feature", "geometry": {"type": "LineString", "coordinates": [[-84.3566993, 33.7465022], [-84.3557489, 33.7464782]]}, "properties": {"surface": "", "highway": "footway"}}, {"type": "Feature", "geometry": {"type": "LineString", "coordinates": [[-84.3555809, 33.7464939], [-84.3544226, 33.7464902]]}, "properties": {"surface": "", "highway": "footway"}}, {"type": "Feature", "geometry": {"type": "LineString", "coordinates": [[-84.358033, 33.746522], [-84.3580025, 33.7465238], [-84.3568632, 33.7465066], [-84.3568403, 33.7465063]]}, "properties": {"surface": "", "highway": "footway"}}, {"type": "Feature", "geometry": {"type": "LineString", "coordinates": [[-84.359056, 33.74668], [-84.3583319, 33.7466647], [-84.3582413, 33.7466629]]}, "properties": {"surface": "", "highway": "footway"}}, {"type": "Feature", "geometry": {"type": "LineString", "coordinates": [[-84.3591859, 33.7507501], [-84.359204, 33.75018]]}, "properties": {"surface": "", "highway": "footway"}}, {"type": "Feature", "geometry": {"type": "LineString", "coordinates": [[-84.3591602, 33.7516241], [-84.3591822, 33.7508445]]}, "properties": {"surface": "", "highway": "footway"}}, {"type": "Feature", "geometry": {"type": "LineString", "coordinates": [[-84.3621333, 33.7495209], [-84.362145, 33.7486968]]}, "properties": {"surface": "", "highway": "footway"}}, {"type": "Feature", "geometry": {"type": "LineString", "coordinates": [[-84.3621214, 33.7508317], [-84.3621302, 33.75029]]}, "properties": {"surface": "", "highway": "footway"}}, {"type": "Feature", "geometry": {"type": "LineString", "coordinates": [[-84.3620979, 33.7518219], [-84.3621011, 33.7517617], [-84.3621041, 33.7517008], [-84.3621184, 33.7509292]]}, "properties": {"surface": "", "highway": "footway"}}, {"type": "Feature", "geometry": {"type": "LineString", "coordinates": [[-84.3591409, 33.7525082], [-84.359157, 33.7517476]]}, "properties": {"surface": "", "highway": "footway"}}, {"type": "Feature", "geometry": {"type": "LineString", "coordinates": [[-84.3592482, 33.7494345], [-84.359267, 33.7490512]]}, "properties": {"surface": "", "highway": "footway"}}, {"type": "Feature", "geometry": {"type": "LineString", "coordinates": [[-84.3542692, 33.7492108], [-84.3542913, 33.7479084], [-84.3542901, 33.7478147], [-84.3542928, 33.7477365], [-84.3542963, 33.7475032]]}, "properties": {"surface": "asphalt", "highway": "footway"}}, {"type": "Feature", "geometry": {"type": "LineString", "coordinates": [[-84.357831, 33.7466555], [-84.3575998, 33.7466509]]}, "properties": {"surface": "", "highway": "footway"}}, {"type": "Feature", "geometry": {"type": "LineString", "coordinates": [[-84.3580594, 33.7466559], [-84.3579536, 33.746658]]}, "properties": {"surface": "", "highway": "footway"}}, {"type": "Feature", "geometry": {"type": "LineString", "coordinates": [[-84.3590082, 33.7465418], [-84.3588433, 33.7465457], [-84.3583272, 33.7465435]]}, "properties": {"surface": "", "highway": "footway"}}, {"type": "Feature", "geometry": {"type": "LineString", "coordinates": [[-84.3525826, 33.7721082], [-84.3525827, 33.7723758]]}, "properties": {"surface": "", "highway": "footway"}}, {"type": "Feature", "geometry": {"type": "LineString", "coordinates": [[-84.3525827, 33.7723758], [-84.3525878, 33.7723949]]}, "properties": {"surface": "", "highway": "footway"}}, {"type": "Feature", "geometry": {"type": "LineString", "coordinates": [[-84.3525827, 33.7723758], [-84.3530385, 33.7723747]]}, "properties": {"surface": "", "highway": "footway"}}, {"type": "Feature", "geometry": {"type": "LineString", "coordinates": [[-84.3604345, 33.755546], [-84.3600599, 33.7556312]]}, "properties": {"surface": "concrete", "highway": "footway"}}, {"type": "Feature", "geometry": {"type": "LineString", "coordinates": [[-84.3600918, 33.7557961], [-84.3600958, 33.7557856], [-84.3601111, 33.7557733], [-84.3604981, 33.7555667], [-84.3605408, 33.755522]]}, "properties": {"surface": "", "highway": "footway"}}, {"type": "Feature", "geometry": {"type": "LineString", "coordinates": [[-84.3492187, 33.7656226], [-84.3491697, 33.7657285]]}, "properties": {"surface": "", "highway": "footway"}}, {"type": "Feature", "geometry": {"type": "LineString", "coordinates": [[-84.3557263, 33.7623655], [-84.3557385, 33.76236], [-84.3557499, 33.7623481], [-84.3557534, 33.762337], [-84.3557522, 33.7623255], [-84.3557487, 33.7623181], [-84.35574, 33.7623091], [-84.3557281, 33.7623031], [-84.3557145, 33.7623009], [-84.355706, 33.7623015]]}, "properties": {"surface": "concrete", "highway": "path"}}, {"type": "Feature", "geometry": {"type": "LineString", "coordinates": [[-84.3557756, 33.7625902], [-84.3557653, 33.762591], [-84.3557498, 33.7625884], [-84.3557425, 33.7625854], [-84.3557306, 33.7625767], [-84.3557214, 33.7625599], [-84.3557213, 33.7625467], [-84.3557291, 33.762531], [-84.3557404, 33.7625218], [-84.355754, 33.7625165]]}, "properties": {"surface": "concrete", "highway": "path"}}, {"type": "Feature", "geometry": {"type": "LineString", "coordinates": [[-84.353876, 33.7737144], [-84.3538757, 33.7737239]]}, "properties": {"surface": "concrete", "highway": "footway"}}, {"type": "Feature", "geometry": {"type": "LineString", "coordinates": [[-84.3580767, 33.7465416], [-84.3580588, 33.7465344]]}, "properties": {"surface": "concrete", "highway": "footway"}}, {"type": "Feature", "geometry": {"type": "LineString", "coordinates": [[-84.3580877, 33.7465333], [-84.3580588, 33.7465344]]}, "properties": {"surface": "concrete", "highway": "footway"}}, {"type": "Feature", "geometry": {"type": "LineString", "coordinates": [[-84.3580825, 33.7466443], [-84.3580594, 33.7466559]]}, "properties": {"surface": "", "highway": "footway"}}, {"type": "Feature", "geometry": {"type": "LineString", "coordinates": [[-84.356035, 33.7454842], [-84.355944, 33.7455041], [-84.3559195, 33.7455167], [-84.3557083, 33.7455624], [-84.3556793, 33.7455664], [-84.3556856, 33.7455951], [-84.3556934, 33.7456201], [-84.3557394, 33.7457839], [-84.3557477, 33.7458893], [-84.3557312, 33.7460728], [-84.355733, 33.7462503], [-84.3557489, 33.7464782]]}, "properties": {"surface": "", "highway": "footway"}}, {"type": "Feature", "geometry": {"type": "LineString", "coordinates": [[-84.356124, 33.7454766], [-84.3561549, 33.74547], [-84.3562065, 33.7454518], [-84.3562954, 33.7454647], [-84.3564567, 33.7454422], [-84.3567099, 33.7453872], [-84.3567253, 33.7453651]]}, "properties": {"surface": "", "highway": "footway"}}, {"type": "Feature", "geometry": {"type": "LineString", "coordinates": [[-84.358715, 33.7682577], [-84.3587137, 33.7682502]]}, "properties": {"surface": "", "highway": "footway"}}, {"type": "Feature", "geometry": {"type": "LineString", "coordinates": [[-84.3554871, 33.7711468], [-84.3554873, 33.7711399]]}, "properties": {"surface": "", "highway": "footway"}}, {"type": "Feature", "geometry": {"type": "LineString", "coordinates": [[-84.3489903, 33.7667638], [-84.3490011, 33.7667638]]}, "properties": {"surface": "concrete", "highway": "footway"}}, {"type": "Feature", "geometry": {"type": "LineString", "coordinates": [[-84.3491298, 33.7667635], [-84.3491406, 33.7667635]]}, "properties": {"surface": "", "highway": "footway"}}, {"type": "Feature", "geometry": {"type": "LineString", "coordinates": [[-84.3492758, 33.7654248], [-84.3493273, 33.7652484], [-84.3493385, 33.7651354], [-84.3493462, 33.7650592]]}, "properties": {"surface": "", "highway": "footway"}}, {"type": "Feature", "geometry": {"type": "LineString", "coordinates": [[-84.3491074, 33.767879], [-84.3491076, 33.7681697], [-84.3491086, 33.769286]]}, "properties": {"surface": "", "highway": "footway"}}, {"type": "Feature", "geometry": {"type": "LineString", "coordinates": [[-84.348888, 33.7739385], [-84.3485716, 33.7739516], [-84.3484592, 33.7739556], [-84.3482581, 33.7740151], [-84.3476883, 33.7741443], [-84.3474785, 33.7742211], [-84.3470534, 33.7743768], [-84.3469966, 33.7743976], [-84.3467752, 33.7744664], [-84.3465365, 33.7745407], [-84.3463145, 33.7745985], [-84.3460261, 33.7746737], [-84.3459653, 33.7746834], [-84.3454102, 33.7747718], [-84.3452423, 33.774784], [-84.3452057, 33.7747827]]}, "properties": {"surface": "", "highway": "footway"}}, {"type": "Feature", "geometry": {"type": "LineString", "coordinates": [[-84.3485716, 33.7739516], [-84.348578, 33.7740329], [-84.3485445, 33.7740911], [-84.3483495, 33.7741886], [-84.3483564, 33.7742861], [-84.3483738, 33.7745331], [-84.3484922, 33.7746366]]}, "properties": {"surface": "", "highway": "footway"}}, {"type": "Feature", "geometry": {"type": "LineString", "coordinates": [[-84.3488065, 33.7748358], [-84.3487974, 33.7747902], [-84.3487547, 33.7747053], [-84.3487425, 33.7744027], [-84.3486435, 33.7742279], [-84.3483564, 33.7742861], [-84.347964, 33.7743013], [-84.3480006, 33.7746623], [-84.3478345, 33.7746825]]}, "properties": {"surface": "", "highway": "footway"}}, {"type": "Feature", "geometry": {"type": "LineString", "coordinates": [[-84.3476747, 33.7747475], [-84.3476901, 33.7747285], [-84.3476986, 33.7747179], [-84.347733, 33.7746964], [-84.3477739, 33.7746855], [-84.3478169, 33.7746864], [-84.347856, 33.7746984], [-84.3478885, 33.7747202], [-84.3479109, 33.7747495], [-84.3479209, 33.7747832], [-84.3479174, 33.7748178], [-84.3479027, 33.7748458], [-84.3478727, 33.7748754], [-84.3478363, 33.7748924], [-84.347794, 33.7748988], [-84.3477516, 33.7748934], [-84.3477136, 33.7748766], [-84.3476844, 33.7748504], [-84.3476672, 33.7748177], [-84.3476638, 33.7747821], [-84.3476747, 33.7747475]]}, "properties": {"surface": "", "highway": "footway"}}, {"type": "Feature", "geometry": {"type": "LineString", "coordinates": [[-84.3449775, 33.7747892], [-84.3441008, 33.774857], [-84.3440457, 33.7748665], [-84.3433261, 33.7749893], [-84.3426683, 33.7751016], [-84.3420948, 33.7751994], [-84.3420718, 33.7752034], [-84.3416101, 33.775236], [-84.3415921, 33.7752861], [-84.3414661, 33.7756376], [-84.3414236, 33.775722], [-84.3412716, 33.7760235]]}, "properties": {"surface": "", "highway": "footway"}}, {"type": "Feature", "geometry": {"type": "LineString", "coordinates": [[-84.34144, 33.7752429], [-84.3411684, 33.7754242], [-84.3411424, 33.7754598], [-84.3410202, 33.7756276], [-84.3408536, 33.7759277], [-84.3407041, 33.7760102], [-84.3405758, 33.7760409], [-84.3405533, 33.7760278]]}, "properties": {"surface": "", "highway": "footway"}}, {"type": "Feature", "geometry": {"type": "LineString", "coordinates": [[-84.342352, 33.7712492], [-84.3417234, 33.7712509]]}, "properties": {"surface": "", "highway": "footway"}}, {"type": "Feature", "geometry": {"type": "LineString", "coordinates": [[-84.341577, 33.771232], [-84.3415769, 33.7712413], [-84.3415767, 33.7712515], [-84.3416001, 33.7712506]]}, "properties": {"surface": "", "highway": "footway"}}, {"type": "Feature", "geometry": {"type": "LineString", "coordinates": [[-84.3415781, 33.7711465], [-84.341578, 33.7711548], [-84.341578, 33.7711606]]}, "properties": {"surface": "", "highway": "footway"}}, {"type": "Feature", "geometry": {"type": "LineString", "coordinates": [[-84.3424095, 33.7711582], [-84.3417063, 33.7711497], [-84.341727, 33.7696829], [-84.341747, 33.768639], [-84.3417472, 33.7686274]]}, "properties": {"surface": "", "highway": "footway"}}, {"type": "Feature", "geometry": {"type": "LineString", "coordinates": [[-84.3415781, 33.7711465], [-84.341587, 33.7711195], [-84.3416217, 33.7693528], [-84.3416245, 33.7689676], [-84.3416273, 33.7685992]]}, "properties": {"surface": "", "highway": "footway"}}, {"type": "Feature", "geometry": {"type": "LineString", "coordinates": [[-84.3415769, 33.7712413], [-84.3415407, 33.7712423], [-84.3413278, 33.7712423], [-84.3406684, 33.7712365], [-84.3401159, 33.771228], [-84.3396179, 33.7712258], [-84.3394338, 33.7712217], [-84.3393637, 33.7712197], [-84.3393149, 33.7712075]]}, "properties": {"surface": "", "highway": "footway"}}, {"type": "Feature", "geometry": {"type": "LineString", "coordinates": [[-84.341578, 33.7711548], [-84.3414874, 33.7711515], [-84.3411321, 33.7711459], [-84.3407577, 33.7711348], [-84.340445, 33.7711354], [-84.3399721, 33.7711281], [-84.3396672, 33.7711271], [-84.3394091, 33.7711377]]}, "properties": {"surface": "", "highway": "footway"}}, {"type": "Feature", "geometry": {"type": "LineString", "coordinates": [[-84.3394091, 33.7711377], [-84.339397, 33.7711349]]}, "properties": {"surface": "", "highway": "footway"}}, {"type": "Feature", "geometry": {"type": "LineString", "coordinates": [[-84.339397, 33.7711349], [-84.3393927, 33.7711249], [-84.3393985, 33.7710483], [-84.3393988, 33.7706704], [-84.3393993, 33.7706174], [-84.3394029, 33.7705452]]}, "properties": {"surface": "", "highway": "footway"}}, {"type": "Feature", "geometry": {"type": "LineString", "coordinates": [[-84.3410616, 33.7685879], [-84.3416273, 33.7685992]]}, "properties": {"surface": "", "highway": "footway"}}, {"type": "Feature", "geometry": {"type": "LineString", "coordinates": [[-84.3416273, 33.7685992], [-84.3416287, 33.768576]]}, "properties": {"surface": "", "highway": "footway"}}, {"type": "Feature", "geometry": {"type": "LineString", "coordinates": [[-84.3416189, 33.7684862], [-84.3416235, 33.7685064]]}, "properties": {"surface": "", "highway": "footway"}}, {"type": "Feature", "geometry": {"type": "LineString", "coordinates": [[-84.3394336, 33.7684734], [-84.3394318, 33.7684587]]}, "properties": {"surface": "", "highway": "footway"}}, {"type": "Feature", "geometry": {"type": "LineString", "coordinates": [[-84.3394364, 33.7685752], [-84.3394368, 33.7685548]]}, "properties": {"surface": "", "highway": "footway"}}, {"type": "Feature", "geometry": {"type": "LineString", "coordinates": [[-84.3416382, 33.7679253], [-84.3416419, 33.7677245], [-84.34164, 33.7676817]]}, "properties": {"surface": "", "highway": "footway"}}, {"type": "Feature", "geometry": {"type": "LineString", "coordinates": [[-84.3416471, 33.7671405], [-84.3416455, 33.7671108], [-84.3416536, 33.7667947], [-84.3416686, 33.7660511], [-84.3416689, 33.7660387]]}, "properties": {"surface": "", "highway": "footway"}}, {"type": "Feature", "geometry": {"type": "LineString", "coordinates": [[-84.341666, 33.7659417], [-84.341667, 33.7659495], [-84.3416683, 33.7659606]]}, "properties": {"surface": "", "highway": "footway"}}, {"type": "Feature", "geometry": {"type": "LineString", "coordinates": [[-84.3417457, 33.7685505], [-84.3417457, 33.7685321], [-84.3417243, 33.7685297]]}, "properties": {"surface": "", "highway": "footway"}}, {"type": "Feature", "geometry": {"type": "LineString", "coordinates": [[-84.3417457, 33.7685321], [-84.3417464, 33.7680085], [-84.3417537, 33.7677657]]}, "properties": {"surface": "", "highway": "footway"}}, {"type": "Feature", "geometry": {"type": "LineString", "coordinates": [[-84.3417537, 33.7676907], [-84.3417533, 33.7676795], [-84.3417526, 33.7676515]]}, "properties": {"surface": "", "highway": "footway"}}, {"type": "Feature", "geometry": {"type": "LineString", "coordinates": [[-84.3417669, 33.7672172], [-84.341769, 33.7668021], [-84.3417744, 33.7664939]]}, "properties": {"surface": "", "highway": "footway"}}, {"type": "Feature", "geometry": {"type": "LineString", "coordinates": [[-84.3417748, 33.7664318], [-84.341775, 33.7664126]]}, "properties": {"surface": "", "highway": "footway"}}, {"type": "Feature", "geometry": {"type": "LineString", "coordinates": [[-84.34174, 33.7676804], [-84.3417533, 33.7676795]]}, "properties": {"surface": "", "highway": "footway"}}, {"type": "Feature", "geometry": {"type": "LineString", "coordinates": [[-84.34164, 33.7676817], [-84.3416545, 33.7676815]]}, "properties": {"surface": "", "highway": "footway"}}, {"type": "Feature", "geometry": {"type": "LineString", "coordinates": [[-84.3416273, 33.7685992], [-84.3416412, 33.7686023]]}, "properties": {"surface": "", "highway": "footway"}}, {"type": "Feature", "geometry": {"type": "LineString", "coordinates": [[-84.3417271, 33.7686317], [-84.341747, 33.768639]]}, "properties": {"surface": "", "highway": "footway"}}, {"type": "Feature", "geometry": {"type": "LineString", "coordinates": [[-84.341747, 33.768639], [-84.3418041, 33.7686382], [-84.3423275, 33.76864], [-84.343036, 33.7686502]]}, "properties": {"surface": "", "highway": "footway"}}, {"type": "Feature", "geometry": {"type": "LineString", "coordinates": [[-84.3389918, 33.7649019], [-84.3393477, 33.7649026]]}, "properties": {"surface": "", "highway": "footway"}}, {"type": "Feature", "geometry": {"type": "LineString", "coordinates": [[-84.3394857, 33.7649042], [-84.3395078, 33.7649053]]}, "properties": {"surface": "", "highway": "footway"}}, {"type": "Feature", "geometry": {"type": "LineString", "coordinates": [[-84.3395071, 33.7648037], [-84.3395062, 33.7648143]]}, "properties": {"surface": "", "highway": "footway"}}, {"type": "Feature", "geometry": {"type": "LineString", "coordinates": [[-84.3395078, 33.7649053], [-84.3395079, 33.7648871]]}, "properties": {"surface": "", "highway": "footway"}}, {"type": "Feature", "geometry": {"type": "LineString", "coordinates": [[-84.337042, 33.7647835], [-84.3370257, 33.7648038]]}, "properties": {"surface": "", "highway": "footway"}}, {"type": "Feature", "geometry": {"type": "LineString", "coordinates": [[-84.3370268, 33.7648821], [-84.3370263, 33.7648948]]}, "properties": {"surface": "", "highway": "footway"}}, {"type": "Feature", "geometry": {"type": "LineString", "coordinates": [[-84.3371611, 33.7647835], [-84.3371369, 33.7647831]]}, "properties": {"surface": "", "highway": "footway"}}, {"type": "Feature", "geometry": {"type": "LineString", "coordinates": [[-84.3370628, 33.7647831], [-84.337042, 33.7647835]]}, "properties": {"surface": "", "highway": "footway"}}, {"type": "Feature", "geometry": {"type": "LineString", "coordinates": [[-84.3362061, 33.7649], [-84.3362184, 33.7649005]]}, "properties": {"surface": "", "highway": "footway"}}, {"type": "Feature", "geometry": {"type": "LineString", "coordinates": [[-84.3358736, 33.7648802], [-84.3358745, 33.7648903]]}, "properties": {"surface": "", "highway": "footway"}}, {"type": "Feature", "geometry": {"type": "LineString", "coordinates": [[-84.3358716, 33.7647834], [-84.3358718, 33.7647994]]}, "properties": {"surface": "", "highway": "footway"}}, {"type": "Feature", "geometry": {"type": "LineString", "coordinates": [[-84.3358509, 33.7647836], [-84.3358716, 33.7647834]]}, "properties": {"surface": "", "highway": "footway"}}, {"type": "Feature", "geometry": {"type": "LineString", "coordinates": [[-84.3357582, 33.7647816], [-84.3357765, 33.7647826]]}, "properties": {"surface": "", "highway": "footway"}}, {"type": "Feature", "geometry": {"type": "LineString", "coordinates": [[-84.3352791, 33.7649019], [-84.3352643, 33.7648996]]}, "properties": {"surface": "", "highway": "footway"}}, {"type": "Feature", "geometry": {"type": "LineString", "coordinates": [[-84.3351757, 33.7648986], [-84.3351582, 33.7649012]]}, "properties": {"surface": "", "highway": "footway"}}, {"type": "Feature", "geometry": {"type": "LineString", "coordinates": [[-84.3350934, 33.7647854], [-84.3350937, 33.7648045]]}, "properties": {"surface": "", "highway": "footway"}}, {"type": "Feature", "geometry": {"type": "LineString", "coordinates": [[-84.335096, 33.7648823], [-84.3350964, 33.7648977]]}, "properties": {"surface": "", "highway": "footway"}}, {"type": "Feature", "geometry": {"type": "LineString", "coordinates": [[-84.3350934, 33.7647854], [-84.3350748, 33.7647858]]}, "properties": {"surface": "", "highway": "footway"}}, {"type": "Feature", "geometry": {"type": "LineString", "coordinates": [[-84.3349611, 33.7647766], [-84.334976, 33.7647767]]}, "properties": {"surface": "", "highway": "footway"}}, {"type": "Feature", "geometry": {"type": "LineString", "coordinates": [[-84.3342297, 33.7649016], [-84.3342115, 33.7649017]]}, "properties": {"surface": "", "highway": "footway"}}, {"type": "Feature", "geometry": {"type": "LineString", "coordinates": [[-84.3340954, 33.7649013], [-84.3340562, 33.7649016], [-84.33405, 33.7648841]]}, "properties": {"surface": "", "highway": "footway"}}, {"type": "Feature", "geometry": {"type": "LineString", "coordinates": [[-84.3340202, 33.7648014], [-84.3340138, 33.7647839], [-84.3339865, 33.7647848]]}, "properties": {"surface": "", "highway": "footway"}}, {"type": "Feature", "geometry": {"type": "LineString", "coordinates": [[-84.3339017, 33.7647874], [-84.3338808, 33.7647886]]}, "properties": {"surface": "", "highway": "footway"}}, {"type": "Feature", "geometry": {"type": "LineString", "coordinates": [[-84.341159, 33.7660439], [-84.3416686, 33.7660511]]}, "properties": {"surface": "", "highway": "footway"}}, {"type": "Feature", "geometry": {"type": "LineString", "coordinates": [[-84.3394858, 33.7660129], [-84.3394844, 33.7659984]]}, "properties": {"surface": "", "highway": "footway"}}, {"type": "Feature", "geometry": {"type": "LineString", "coordinates": [[-84.339487, 33.765922], [-84.3394871, 33.7659084]]}, "properties": {"surface": "", "highway": "footway"}}, {"type": "Feature", "geometry": {"type": "LineString", "coordinates": [[-84.3359329, 33.7625939], [-84.3356211, 33.7625944], [-84.3355117, 33.7625915], [-84.3353819, 33.762587], [-84.3352061, 33.7625797]]}, "properties": {"surface": "", "highway": "footway"}}, {"type": "Feature", "geometry": {"type": "LineString", "coordinates": [[-84.3351032, 33.762574], [-84.3349639, 33.762563], [-84.3348164, 33.7625441], [-84.3344909, 33.7625078], [-84.3342388, 33.7624699], [-84.3341332, 33.7624546]]}, "properties": {"surface": "", "highway": "footway"}}, {"type": "Feature", "geometry": {"type": "LineString", "coordinates": [[-84.3340205, 33.7624343], [-84.3337251, 33.7623686], [-84.3335262, 33.7623204], [-84.3333567, 33.7622787], [-84.3331146, 33.7622118], [-84.3330688, 33.7622057]]}, "properties": {"surface": "", "highway": "footway"}}, {"type": "Feature", "geometry": {"type": "LineString", "coordinates": [[-84.3330688, 33.7622057], [-84.333046, 33.7621995]]}, "properties": {"surface": "", "highway": "footway"}}, {"type": "Feature", "geometry": {"type": "LineString", "coordinates": [[-84.332935, 33.7621692], [-84.3329131, 33.7621623]]}, "properties": {"surface": "", "highway": "footway"}}, {"type": "Feature", "geometry": {"type": "LineString", "coordinates": [[-84.3415767, 33.7712515], [-84.3415733, 33.7713778], [-84.341577, 33.7716513], [-84.3415957, 33.7717823], [-84.3416318, 33.7719145], [-84.3416583, 33.7721963]]}, "properties": {"surface": "", "highway": "footway"}}, {"type": "Feature", "geometry": {"type": "LineString", "coordinates": [[-84.3394755, 33.7668274], [-84.339447, 33.7668274]]}, "properties": {"surface": "", "highway": "footway"}}, {"type": "Feature", "geometry": {"type": "LineString", "coordinates": [[-84.333099, 33.7648847], [-84.3330968, 33.7649004], [-84.3330701, 33.7649027]]}, "properties": {"surface": "", "highway": "footway"}}, {"type": "Feature", "geometry": {"type": "LineString", "coordinates": [[-84.3329327, 33.7649144], [-84.3329095, 33.7649163], [-84.3329065, 33.7648875]]}, "properties": {"surface": "", "highway": "footway"}}, {"type": "Feature", "geometry": {"type": "LineString", "coordinates": [[-84.3329237, 33.7648015], [-84.3329272, 33.7647868], [-84.3329465, 33.7647852]]}, "properties": {"surface": "", "highway": "footway"}}, {"type": "Feature", "geometry": {"type": "LineString", "coordinates": [[-84.3330638, 33.7647761], [-84.3330759, 33.7647751], [-84.3330902, 33.764781]]}, "properties": {"surface": "", "highway": "footway"}}, {"type": "Feature", "geometry": {"type": "LineString", "coordinates": [[-84.3371717, 33.7639425], [-84.3371724, 33.7639523]]}, "properties": {"surface": "", "highway": "footway"}}, {"type": "Feature", "geometry": {"type": "LineString", "coordinates": [[-84.3371682, 33.7638552], [-84.3371684, 33.7638691]]}, "properties": {"surface": "", "highway": "footway"}}, {"type": "Feature", "geometry": {"type": "LineString", "coordinates": [[-84.3371605, 33.7625437], [-84.3371426, 33.7625458]]}, "properties": {"surface": "", "highway": "footway"}}, {"type": "Feature", "geometry": {"type": "LineString", "coordinates": [[-84.3370676, 33.7625547], [-84.3370516, 33.7625566]]}, "properties": {"surface": "", "highway": "footway"}}, {"type": "Feature", "geometry": {"type": "LineString", "coordinates": [[-84.3397259, 33.76219], [-84.3397147, 33.7621919]]}, "properties": {"surface": "", "highway": "footway"}}, {"type": "Feature", "geometry": {"type": "LineString", "coordinates": [[-84.3399504, 33.7622086], [-84.3399448, 33.7622054]]}, "properties": {"surface": "", "highway": "footway"}}, {"type": "Feature", "geometry": {"type": "LineString", "coordinates": [[-84.3417049, 33.7618741], [-84.3417318, 33.7618756]]}, "properties": {"surface": "", "highway": "footway"}}, {"type": "Feature", "geometry": {"type": "LineString", "coordinates": [[-84.3417034, 33.7618855], [-84.3417049, 33.7618741]]}, "properties": {"surface": "asphalt", "highway": "footway"}}, {"type": "Feature", "geometry": {"type": "LineString", "coordinates": [[-84.3419262, 33.761854], [-84.3419132, 33.761849]]}, "properties": {"surface": "asphalt", "highway": "footway"}}, {"type": "Feature", "geometry": {"type": "LineString", "coordinates": [[-84.3419481, 33.7616862], [-84.3419551, 33.7616855]]}, "properties": {"surface": "asphalt", "highway": "footway"}}, {"type": "Feature", "geometry": {"type": "LineString", "coordinates": [[-84.3419551, 33.7616855], [-84.3419538, 33.7616926]]}, "properties": {"surface": "asphalt", "highway": "footway"}}, {"type": "Feature", "geometry": {"type": "LineString", "coordinates": [[-84.3417244, 33.7617191], [-84.341735, 33.761717]]}, "properties": {"surface": "asphalt", "highway": "footway"}}, {"type": "Feature", "geometry": {"type": "LineString", "coordinates": [[-84.3417231, 33.7617301], [-84.3417244, 33.7617191]]}, "properties": {"surface": "asphalt", "highway": "footway"}}, {"type": "Feature", "geometry": {"type": "LineString", "coordinates": [[-84.3417049, 33.7618741], [-84.3417068, 33.761858]]}, "properties": {"surface": "asphalt", "highway": "footway"}}, {"type": "Feature", "geometry": {"type": "LineString", "coordinates": [[-84.3419262, 33.761854], [-84.3419499, 33.7618386], [-84.3419914, 33.7618222], [-84.3420395, 33.7618134], [-84.3422163, 33.7617622], [-84.342263, 33.7617504], [-84.3426253, 33.7616666], [-84.3431608, 33.7615467], [-84.3431919, 33.7615426], [-84.3432245, 33.761551]]}, "properties": {"surface": "", "highway": "footway"}}, {"type": "Feature", "geometry": {"type": "LineString", "coordinates": [[-84.3418568, 33.7635102], [-84.34186, 33.7635281]]}, "properties": {"surface": "", "highway": "footway"}}, {"type": "Feature", "geometry": {"type": "LineString", "coordinates": [[-84.3417434, 33.7635419], [-84.3417237, 33.763545]]}, "properties": {"surface": "", "highway": "footway"}}, {"type": "Feature", "geometry": {"type": "LineString", "coordinates": [[-84.3417268, 33.763521], [-84.3417237, 33.763545]]}, "properties": {"surface": "", "highway": "footway"}}, {"type": "Feature", "geometry": {"type": "LineString", "coordinates": [[-84.3417301, 33.7634014], [-84.3417287, 33.7634218]]}, "properties": {"surface": "", "highway": "footway"}}, {"type": "Feature", "geometry": {"type": "LineString", "coordinates": [[-84.3418615, 33.7633626], [-84.3418607, 33.7633915]]}, "properties": {"surface": "", "highway": "footway"}}, {"type": "Feature", "geometry": {"type": "LineString", "coordinates": [[-84.34186, 33.7635281], [-84.3418568, 33.7639333]]}, "properties": {"surface": "", "highway": "footway"}}, {"type": "Feature", "geometry": {"type": "LineString", "coordinates": [[-84.3395498, 33.7637722], [-84.3393312, 33.7633108], [-84.3392696, 33.7633211]]}, "properties": {"surface": "", "highway": "footway"}}, {"type": "Feature", "geometry": {"type": "LineString", "coordinates": [[-84.3396134, 33.7639035], [-84.3395999, 33.7638932]]}, "properties": {"surface": "", "highway": "footway"}}, {"type": "Feature", "geometry": {"type": "LineString", "coordinates": [[-84.3395498, 33.7637722], [-84.3395503, 33.7637818]]}, "properties": {"surface": "", "highway": "footway"}}, {"type": "Feature", "geometry": {"type": "LineString", "coordinates": [[-84.3393944, 33.7638389], [-84.3393934, 33.763822]]}, "properties": {"surface": "", "highway": "footway"}}, {"type": "Feature", "geometry": {"type": "LineString", "coordinates": [[-84.3393662, 33.7637518], [-84.339363, 33.7637314]]}, "properties": {"surface": "", "highway": "footway"}}, {"type": "Feature", "geometry": {"type": "LineString", "coordinates": [[-84.3342797, 33.7675434], [-84.334251, 33.7675297]]}, "properties": {"surface": "", "highway": "footway"}}, {"type": "Feature", "geometry": {"type": "LineString", "coordinates": [[-84.3341033, 33.7675425], [-84.3341153, 33.7675328]]}, "properties": {"surface": "", "highway": "footway"}}, {"type": "Feature", "geometry": {"type": "LineString", "coordinates": [[-84.3342527, 33.7674222], [-84.3342449, 33.7674317]]}, "properties": {"surface": "", "highway": "footway"}}, {"type": "Feature", "geometry": {"type": "LineString", "coordinates": [[-84.334108, 33.7674222], [-84.3341148, 33.7674302]]}, "properties": {"surface": "", "highway": "footway"}}, {"type": "Feature", "geometry": {"type": "LineString", "coordinates": [[-84.3331037, 33.7675351], [-84.3331027, 33.7675234]]}, "properties": {"surface": "", "highway": "footway"}}, {"type": "Feature", "geometry": {"type": "LineString", "coordinates": [[-84.3330975, 33.7674286], [-84.3330962, 33.7674157], [-84.3330809, 33.7674159]]}, "properties": {"surface": "", "highway": "footway"}}, {"type": "Feature", "geometry": {"type": "LineString", "coordinates": [[-84.3329581, 33.7674161], [-84.3329391, 33.7674158], [-84.3329378, 33.7674316]]}, "properties": {"surface": "", "highway": "footway"}}, {"type": "Feature", "geometry": {"type": "LineString", "coordinates": [[-84.3329317, 33.7675162], [-84.3329309, 33.7675301]]}, "properties": {"surface": "", "highway": "footway"}}, {"type": "Feature", "geometry": {"type": "LineString", "coordinates": [[-84.332949, 33.7690462], [-84.332949, 33.7690299]]}, "properties": {"surface": "", "highway": "footway"}}, {"type": "Feature", "geometry": {"type": "LineString", "coordinates": [[-84.3331226, 33.7689401], [-84.3331132, 33.7689451]]}, "properties": {"surface": "", "highway": "footway"}}, {"type": "Feature", "geometry": {"type": "LineString", "coordinates": [[-84.3331179, 33.7690643], [-84.3331139, 33.7690454]]}, "properties": {"surface": "", "highway": "footway"}}, {"type": "Feature", "geometry": {"type": "LineString", "coordinates": [[-84.3329477, 33.7689328], [-84.3329405, 33.7689207]]}, "properties": {"surface": "", "highway": "footway"}}, {"type": "Feature", "geometry": {"type": "LineString", "coordinates": [[-84.3341099, 33.7688975], [-84.3341129, 33.7689155]]}, "properties": {"surface": "", "highway": "footway"}}, {"type": "Feature", "geometry": {"type": "LineString", "coordinates": [[-84.3341022, 33.7690545], [-84.3341134, 33.7690428]]}, "properties": {"surface": "", "highway": "footway"}}, {"type": "Feature", "geometry": {"type": "LineString", "coordinates": [[-84.3331254, 33.771593], [-84.3331207, 33.7716024]]}, "properties": {"surface": "", "highway": "footway"}}, {"type": "Feature", "geometry": {"type": "LineString", "coordinates": [[-84.33298, 33.7716112], [-84.332965, 33.7716119]]}, "properties": {"surface": "", "highway": "footway"}}, {"type": "Feature", "geometry": {"type": "LineString", "coordinates": [[-84.3331163, 33.7717081], [-84.3331197, 33.7717337]]}, "properties": {"surface": "", "highway": "footway"}}, {"type": "Feature", "geometry": {"type": "LineString", "coordinates": [[-84.3400385, 33.7647967], [-84.3400191, 33.7647966]]}, "properties": {"surface": "", "highway": "footway"}}, {"type": "Feature", "geometry": {"type": "LineString", "coordinates": [[-84.3398717, 33.7647968], [-84.3398425, 33.7647971]]}, "properties": {"surface": "", "highway": "footway"}}, {"type": "Feature", "geometry": {"type": "LineString", "coordinates": [[-84.3400385, 33.7647967], [-84.3400431, 33.7648088]]}, "properties": {"surface": "", "highway": "footway"}}, {"type": "Feature", "geometry": {"type": "LineString", "coordinates": [[-84.3400503, 33.7648892], [-84.3400489, 33.7649104]]}, "properties": {"surface": "", "highway": "footway"}}, {"type": "Feature", "geometry": {"type": "LineString", "coordinates": [[-84.3418253, 33.7649155], [-84.3418228, 33.7649298], [-84.3418095, 33.7649294]]}, "properties": {"surface": "asphalt", "highway": "footway"}}, {"type": "Feature", "geometry": {"type": "LineString", "coordinates": [[-84.3417152, 33.7649265], [-84.341692, 33.7649259], [-84.341693, 33.7649128]]}, "properties": {"surface": "asphalt", "highway": "footway"}}, {"type": "Feature", "geometry": {"type": "LineString", "coordinates": [[-84.3418241, 33.7648197], [-84.3418415, 33.7648211], [-84.3418392, 33.764835]]}, "properties": {"surface": "asphalt", "highway": "footway"}}, {"type": "Feature", "geometry": {"type": "LineString", "coordinates": [[-84.3417004, 33.7648215], [-84.3417014, 33.7648094], [-84.3417217, 33.7648111]]}, "properties": {"surface": "asphalt", "highway": "footway"}}, {"type": "Feature", "geometry": {"type": "LineString", "coordinates": [[-84.332963, 33.770416], [-84.3329646, 33.7704351]]}, "properties": {"surface": "", "highway": "footway"}}, {"type": "Feature", "geometry": {"type": "LineString", "coordinates": [[-84.3331089, 33.770432], [-84.333099, 33.7704377]]}, "properties": {"surface": "", "highway": "footway"}}, {"type": "Feature", "geometry": {"type": "LineString", "coordinates": [[-84.3334903, 33.7705563], [-84.3341232, 33.770553], [-84.3341232, 33.7705548], [-84.3341162, 33.7715992]]}, "properties": {"surface": "", "highway": "footway"}}, {"type": "Feature", "geometry": {"type": "LineString", "coordinates": [[-84.334115, 33.770441], [-84.3341164, 33.7704602]]}, "properties": {"surface": "", "highway": "footway"}}, {"type": "Feature", "geometry": {"type": "LineString", "coordinates": [[-84.3341258, 33.7705342], [-84.3341232, 33.7705548]]}, "properties": {"surface": "", "highway": "footway"}}, {"type": "Feature", "geometry": {"type": "LineString", "coordinates": [[-84.3611006, 33.7579561], [-84.3607795, 33.7581649], [-84.3594052, 33.7590608]]}, "properties": {"surface": "", "highway": "footway"}}, {"type": "Feature", "geometry": {"type": "LineString", "coordinates": [[-84.3612632, 33.7579738], [-84.359435, 33.7591834]]}, "properties": {"surface": "", "highway": "footway"}}, {"type": "Feature", "geometry": {"type": "LineString", "coordinates": [[-84.3624667, 33.7579632], [-84.3613506, 33.7579609], [-84.3612632, 33.7579738]]}, "properties": {"surface": "", "highway": "footway"}}, {"type": "Feature", "geometry": {"type": "LineString", "coordinates": [[-84.3611006, 33.7579561], [-84.3610797, 33.7579482], [-84.3610573, 33.7579467], [-84.3594263, 33.7579355]]}, "properties": {"surface": "", "highway": "footway"}}, {"type": "Feature", "geometry": {"type": "LineString", "coordinates": [[-84.3626144, 33.7578647], [-84.3613566, 33.7578582], [-84.3610978, 33.7578568], [-84.3601991, 33.7578522]]}, "properties": {"surface": "", "highway": "footway"}}, {"type": "Feature", "geometry": {"type": "LineString", "coordinates": [[-84.3601312, 33.7578517], [-84.3589922, 33.7578428]]}, "properties": {"surface": "", "highway": "footway"}}, {"type": "Feature", "geometry": {"type": "LineString", "coordinates": [[-84.3592886, 33.7579347], [-84.3589907, 33.7579328]]}, "properties": {"surface": "", "highway": "footway"}}, {"type": "Feature", "geometry": {"type": "LineString", "coordinates": [[-84.3594263, 33.7579355], [-84.3594157, 33.7579466], [-84.3594126, 33.7579564], [-84.3594116, 33.7579654], [-84.3594052, 33.7590608]]}, "properties": {"surface": "", "highway": "footway"}}, {"type": "Feature", "geometry": {"type": "LineString", "coordinates": [[-84.3592886, 33.7579347], [-84.3592438, 33.7601905]]}, "properties": {"surface": "", "highway": "footway"}}, {"type": "Feature", "geometry": {"type": "LineString", "coordinates": [[-84.3594005, 33.76003], [-84.3594159, 33.7592472], [-84.3594171, 33.7592193], [-84.3594195, 33.7592065], [-84.359423, 33.7591948], [-84.359435, 33.7591834]]}, "properties": {"surface": "", "highway": "footway"}}, {"type": "Feature", "geometry": {"type": "LineString", "coordinates": [[-84.3579487, 33.7597491], [-84.3579943, 33.7599069], [-84.3580379, 33.7600246], [-84.3580799, 33.7602175], [-84.3581529, 33.7606614], [-84.3581647, 33.7608889], [-84.3581481, 33.7610988], [-84.3581246, 33.7612597], [-84.3581043, 33.7613654]]}, "properties": {"surface": "", "highway": "footway"}}, {"type": "Feature", "geometry": {"type": "LineString", "coordinates": [[-84.3557306, 33.7566588], [-84.3557544, 33.7567686], [-84.3557626, 33.7568053], [-84.3557749, 33.7568318], [-84.3558191, 33.7568924], [-84.3558858, 33.7569898], [-84.3559249, 33.7570572], [-84.355969, 33.7571298], [-84.3561331, 33.757479], [-84.3564699, 33.758182]]}, "properties": {"surface": "", "highway": "footway"}}, {"type": "Feature", "geometry": {"type": "LineString", "coordinates": [[-84.3565617, 33.7583389], [-84.3567488, 33.7586131], [-84.356874, 33.7587617], [-84.3573586, 33.759252], [-84.3575709, 33.7594619], [-84.3577209, 33.7595781], [-84.3577721, 33.7596205]]}, "properties": {"surface": "", "highway": "footway"}}, {"type": "Feature", "geometry": {"type": "LineString", "coordinates": [[-84.3587415, 33.7609938], [-84.3585875, 33.7611733], [-84.3585269, 33.7612399], [-84.3584139, 33.7613535], [-84.3582938, 33.7614636], [-84.3582003, 33.7615447], [-84.3580736, 33.7616398], [-84.3579855, 33.7616784]]}, "properties": {"surface": "", "highway": "footway"}}, {"type": "Feature", "geometry": {"type": "LineString", "coordinates": [[-84.3578281, 33.7599935], [-84.3575356, 33.7601311], [-84.3572467, 33.7602788], [-84.3557672, 33.7611792], [-84.3557329, 33.7611986], [-84.3557018, 33.7612142], [-84.3556722, 33.7612142], [-84.3556255, 33.7612012], [-84.355583, 33.761173]]}, "properties": {"surface": "", "highway": "footway"}}, {"type": "Feature", "geometry": {"type": "LineString", "coordinates": [[-84.3563372, 33.7606812], [-84.3556333, 33.761108], [-84.3556053, 33.7611184], [-84.3555788, 33.7611197], [-84.3555508, 33.761108], [-84.355297, 33.7608699], [-84.3552535, 33.7608363], [-84.3550512, 33.7606637]]}, "properties": {"surface": "", "highway": "footway"}}, {"type": "Feature", "geometry": {"type": "LineString", "coordinates": [[-84.3576901, 33.7598052], [-84.3576289, 33.759878], [-84.3575109, 33.7599604], [-84.3564782, 33.7605951]]}, "properties": {"surface": "", "highway": "footway"}}, {"type": "Feature", "geometry": {"type": "LineString", "coordinates": [[-84.3576197, 33.7573713], [-84.3576303, 33.7574185], [-84.3576455, 33.7574556], [-84.3576741, 33.7575159], [-84.3577143, 33.7575924], [-84.3577608, 33.757669], [-84.3578064, 33.7577225], [-84.357941, 33.7578423], [-84.3580842, 33.7579394], [-84.3585017, 33.7582211], [-84.3585426, 33.7582881], [-84.358569, 33.7583425], [-84.3586013, 33.7584135], [-84.3585959, 33.7584879], [-84.3585634, 33.75856], [-84.3585218, 33.7586302], [-84.3584201, 33.7587482], [-84.35829, 33.7588496], [-84.358187, 33.758942], [-84.358103, 33.7590344], [-84.3580542, 33.7591268], [-84.3579949, 33.7593058], [-84.3579571, 33.7595196], [-84.3579417, 33.759679], [-84.3579487, 33.7597491]]}, "properties": {"surface": "", "highway": "footway"}}, {"type": "Feature", "geometry": {"type": "LineString", "coordinates": [[-84.357337, 33.7561106], [-84.3570455, 33.7555653], [-84.35697, 33.7554358], [-84.3568591, 33.7552926], [-84.3566973, 33.7551186]]}, "properties": {"surface": "", "highway": "footway"}}, {"type": "Feature", "geometry": {"type": "LineString", "coordinates": [[-84.3566973, 33.7551186], [-84.3566464, 33.7550598]]}, "properties": {"surface": "", "highway": "footway"}}, {"type": "Feature", "geometry": {"type": "LineString", "coordinates": [[-84.3567868, 33.7550028], [-84.356825, 33.7550707], [-84.3571101, 33.755461], [-84.3571101, 33.7554806], [-84.3570983, 33.7554963], [-84.3570647, 33.7555084]]}, "properties": {"surface": "", "highway": "footway"}}, {"type": "Feature", "geometry": {"type": "LineString", "coordinates": [[-84.357453, 33.7562354], [-84.3574111, 33.7564904], [-84.3573993, 33.7566042], [-84.3573851, 33.756713], [-84.3573946, 33.7568248], [-84.3574444, 33.7569309], [-84.3575316, 33.7571328], [-84.3575884, 33.7572603]]}, "properties": {"surface": "", "highway": "footway"}}, {"type": "Feature", "geometry": {"type": "LineString", "coordinates": [[-84.3589757, 33.7564596], [-84.3576197, 33.7573713]]}, "properties": {"surface": "", "highway": "footway"}}, {"type": "Feature", "geometry": {"type": "LineString", "coordinates": [[-84.3575884, 33.7572603], [-84.3588691, 33.756355], [-84.3590398, 33.7562344]]}, "properties": {"surface": "", "highway": "footway"}}, {"type": "Feature", "geometry": {"type": "LineString", "coordinates": [[-84.3592193, 33.7561262], [-84.3598792, 33.7557487], [-84.3598898, 33.7557392], [-84.3598917, 33.7557286], [-84.3598908, 33.7557152], [-84.3598709, 33.7556752]]}, "properties": {"surface": "", "highway": "footway"}}, {"type": "Feature", "geometry": {"type": "LineString", "coordinates": [[-84.3599744, 33.7558465], [-84.3593217, 33.7562432], [-84.3591259, 33.7563655]]}, "properties": {"surface": "", "highway": "footway"}}, {"type": "Feature", "geometry": {"type": "LineString", "coordinates": [[-84.3575454, 33.7574227], [-84.3566072, 33.7582576], [-84.3565848, 33.7582806], [-84.3565705, 33.7583007], [-84.3565617, 33.7583389]]}, "properties": {"surface": "", "highway": "footway"}}, {"type": "Feature", "geometry": {"type": "LineString", "coordinates": [[-84.3564699, 33.758182], [-84.35655, 33.758149], [-84.3566117, 33.7581059], [-84.3575129, 33.7573283]]}, "properties": {"surface": "", "highway": "footway"}}, {"type": "Feature", "geometry": {"type": "LineString", "coordinates": [[-84.3591259, 33.7563655], [-84.3591473, 33.7564146], [-84.3591652, 33.7564555], [-84.3591848, 33.7564897], [-84.3592278, 33.7565432], [-84.3593373, 33.7566903], [-84.3595683, 33.7569781], [-84.3595893, 33.7570018], [-84.359613, 33.7570221], [-84.3596449, 33.7570407], [-84.3596774, 33.7570508], [-84.3597147, 33.7570576], [-84.3597506, 33.7570581], [-84.3597953, 33.7570502], [-84.3598908, 33.757008], [-84.3599374, 33.7569802], [-84.3599652, 33.7569535], [-84.3599919, 33.7569148], [-84.3600018, 33.7568641], [-84.3600049, 33.756424], [-84.3599916, 33.7559122], [-84.3599906, 33.7558848], [-84.3599844, 33.7558626], [-84.3599744, 33.7558465]]}, "properties": {"surface": "", "highway": "footway"}}, {"type": "Feature", "geometry": {"type": "LineString", "coordinates": [[-84.3600918, 33.7557961], [-84.360084, 33.7558515], [-84.360084, 33.755913], [-84.3601126, 33.7567645]]}, "properties": {"surface": "", "highway": "footway"}}, {"type": "Feature", "geometry": {"type": "LineString", "coordinates": [[-84.3598284, 33.757125], [-84.3597593, 33.7571318], [-84.3596888, 33.7571284], [-84.3596211, 33.7571126], [-84.3595764, 33.7570912], [-84.3595371, 33.757063], [-84.3594652, 33.7569966], [-84.3589757, 33.7564596]]}, "properties": {"surface": "", "highway": "footway"}}, {"type": "Feature", "geometry": {"type": "LineString", "coordinates": [[-84.3601172, 33.7568781], [-84.3601001, 33.7569224], [-84.360057, 33.7569788], [-84.3600075, 33.7570319]]}, "properties": {"surface": "", "highway": "footway"}}, {"type": "Feature", "geometry": {"type": "LineString", "coordinates": [[-84.3601172, 33.7568781], [-84.361097, 33.7567975], [-84.3611802, 33.7567899], [-84.3616571, 33.7567589], [-84.3619356, 33.756744], [-84.3622706, 33.7567365], [-84.3632004, 33.7567602], [-84.3632579, 33.7567617]]}, "properties": {"surface": "", "highway": "footway"}}, {"type": "Feature", "geometry": {"type": "LineString", "coordinates": [[-84.3613589, 33.7566618], [-84.3601126, 33.7567645]]}, "properties": {"surface": "", "highway": "footway"}}, {"type": "Feature", "geometry": {"type": "LineString", "coordinates": [[-84.3632158, 33.7566363], [-84.3632689, 33.7566381]]}, "properties": {"surface": "", "highway": "footway"}}, {"type": "Feature", "geometry": {"type": "LineString", "coordinates": [[-84.3613589, 33.7566618], [-84.3613513, 33.7558808], [-84.3613529, 33.75534]]}, "properties": {"surface": "", "highway": "footway"}}, {"type": "Feature", "geometry": {"type": "LineString", "coordinates": [[-84.3620786, 33.7524244], [-84.3617928, 33.7525056], [-84.3616633, 33.7525319], [-84.3615342, 33.7525512], [-84.3613511, 33.752575], [-84.3611367, 33.7525886]]}, "properties": {"surface": "", "highway": "footway"}}, {"type": "Feature", "geometry": {"type": "LineString", "coordinates": [[-84.3610154, 33.7525854], [-84.3606796, 33.7525558], [-84.3601565, 33.7525198]]}, "properties": {"surface": "", "highway": "footway"}}, {"type": "Feature", "geometry": {"type": "LineString", "coordinates": [[-84.359019, 33.754472], [-84.3590005, 33.7544683], [-84.3589802, 33.7544695], [-84.3588286, 33.7545032], [-84.3584908, 33.7545709], [-84.3580676, 33.7546588], [-84.3580598, 33.754662], [-84.3580551, 33.7546698], [-84.3580501, 33.7546805], [-84.3580458, 33.7546869], [-84.3580392, 33.7546911], [-84.3579336, 33.7547172], [-84.3575004, 33.7548371], [-84.3573363, 33.7548942], [-84.3573216, 33.7548952], [-84.3573086, 33.7548917], [-84.3572944, 33.7548878], [-84.357282, 33.7548863], [-84.3572697, 33.7548898], [-84.356825, 33.7550707]]}, "properties": {"surface": "", "highway": "footway"}}, {"type": "Feature", "geometry": {"type": "LineString", "coordinates": [[-84.3566973, 33.7551186], [-84.3560641, 33.7553979], [-84.3557885, 33.7555403], [-84.3555981, 33.7556507], [-84.3554001, 33.7557604], [-84.3548981, 33.7561039], [-84.3548804, 33.7561245], [-84.3548781, 33.7561402]]}, "properties": {"surface": "", "highway": "footway"}}, {"type": "Feature", "geometry": {"type": "LineString", "coordinates": [[-84.3547377, 33.7562393], [-84.3547117, 33.7562422], [-84.3546893, 33.756253], [-84.3538027, 33.7569215], [-84.3537803, 33.7569392], [-84.353772, 33.7569578], [-84.3537776, 33.7569761]]}, "properties": {"surface": "", "highway": "footway"}}, {"type": "Feature", "geometry": {"type": "LineString", "coordinates": [[-84.3564782, 33.7605951], [-84.3556977, 33.7599979], [-84.3555061, 33.7598513]]}, "properties": {"surface": "", "highway": "footway"}}, {"type": "Feature", "geometry": {"type": "LineString", "coordinates": [[-84.3563372, 33.7606812], [-84.3554416, 33.7599679]]}, "properties": {"surface": "", "highway": "footway"}}, {"type": "Feature", "geometry": {"type": "LineString", "coordinates": [[-84.3526624, 33.7579735], [-84.3528292, 33.7581227], [-84.3528386, 33.7581374], [-84.3528488, 33.7581478], [-84.3528799, 33.7582237], [-84.3532092, 33.7593774], [-84.3532671, 33.7595803]]}, "properties": {"surface": "", "highway": "footway"}}, {"type": "Feature", "geometry": {"type": "LineString", "coordinates": [[-84.3532529, 33.7593686], [-84.3532092, 33.7593774]]}, "properties": {"surface": "", "highway": "footway"}}, {"type": "Feature", "geometry": {"type": "LineString", "coordinates": [[-84.3600861, 33.7606188], [-84.3597556, 33.7604139], [-84.3594411, 33.7602181]]}, "properties": {"surface": "", "highway": "footway"}}, {"type": "Feature", "geometry": {"type": "LineString", "coordinates": [[-84.3612279, 33.7589261], [-84.361894, 33.7596121]]}, "properties": {"surface": "", "highway": "footway"}}, {"type": "Feature", "geometry": {"type": "LineString", "coordinates": [[-84.3619851, 33.7596977], [-84.3623703, 33.760055], [-84.3627995, 33.7604532]]}, "properties": {"surface": "", "highway": "footway"}}, {"type": "Feature", "geometry": {"type": "LineString", "coordinates": [[-84.363871, 33.7581852], [-84.3638447, 33.7581607], [-84.3638035, 33.7581222], [-84.3637788, 33.7581103], [-84.363746, 33.7581043], [-84.3637131, 33.7581], [-84.3633937, 33.7581413], [-84.3622527, 33.7583249], [-84.3622263, 33.7583292]]}, "properties": {"surface": "", "highway": "footway"}}, {"type": "Feature", "geometry": {"type": "LineString", "coordinates": [[-84.3632004, 33.7567602], [-84.3631945, 33.7568387], [-84.363173, 33.7570156], [-84.3631056, 33.7574604], [-84.363105, 33.7574726], [-84.3631073, 33.7574879], [-84.3631197, 33.7575238]]}, "properties": {"surface": "", "highway": "footway"}}, {"type": "Feature", "geometry": {"type": "LineString", "coordinates": [[-84.357337, 33.7561106], [-84.355529, 33.756527]]}, "properties": {"surface": "", "highway": "footway"}}, {"type": "Feature", "geometry": {"type": "LineString", "coordinates": [[-84.3419882, 33.7605224], [-84.341977, 33.7607724], [-84.3419671, 33.7612806], [-84.3419481, 33.7616862]]}, "properties": {"surface": "", "highway": "footway"}}, {"type": "Feature", "geometry": {"type": "LineString", "coordinates": [[-84.3417668, 33.7672471], [-84.3417669, 33.7672172]]}, "properties": {"surface": "", "highway": "footway"}}, {"type": "Feature", "geometry": {"type": "LineString", "coordinates": [[-84.3438019, 33.7814042], [-84.3439004, 33.7812043], [-84.3440359, 33.7809403], [-84.344163, 33.7807176], [-84.344233, 33.7806007], [-84.3442872, 33.7805074], [-84.3443907, 33.7803102], [-84.3445402, 33.7800166], [-84.3447195, 33.7796925], [-84.3448509, 33.7794963], [-84.3448609, 33.7794809], [-84.3450039, 33.7792886], [-84.3451137, 33.7791596], [-84.3451776, 33.7790814], [-84.3452396, 33.7790158]]}, "properties": {"surface": "", "highway": "footway"}}, {"type": "Feature", "geometry": {"type": "LineString", "coordinates": [[-84.3486919, 33.77532], [-84.3487209, 33.7752788], [-84.3487411, 33.77525], [-84.3488589, 33.7750692], [-84.3488714, 33.7750391], [-84.3488969, 33.7748233], [-84.3488849, 33.7742349], [-84.348888, 33.7739385]]}, "properties": {"surface": "", "highway": "footway"}}, {"type": "Feature", "geometry": {"type": "LineString", "coordinates": [[-84.347992, 33.7761797], [-84.3482003, 33.7759253], [-84.3486145, 33.775423], [-84.3486285, 33.7754077]]}, "properties": {"surface": "", "highway": "footway"}}, {"type": "Feature", "geometry": {"type": "LineString", "coordinates": [[-84.3470443, 33.7773214], [-84.3471867, 33.7771641], [-84.3476183, 33.7766413], [-84.3476625, 33.7765789], [-84.3477891, 33.7764357], [-84.3478959, 33.7762958]]}, "properties": {"surface": "", "highway": "footway"}}, {"type": "Feature", "geometry": {"type": "LineString", "coordinates": [[-84.3465924, 33.7777772], [-84.3466335, 33.7777373], [-84.3469261, 33.7774403]]}, "properties": {"surface": "", "highway": "footway"}}, {"type": "Feature", "geometry": {"type": "LineString", "coordinates": [[-84.3456093, 33.778675], [-84.3456985, 33.7785932], [-84.3458568, 33.7784501], [-84.3460339, 33.7782725], [-84.3460988, 33.7782154], [-84.3462842, 33.7780612], [-84.3464187, 33.7779443]]}, "properties": {"surface": "", "highway": "footway"}}, {"type": "Feature", "geometry": {"type": "LineString", "coordinates": [[-84.3452952, 33.778961], [-84.3455491, 33.7787267]]}, "properties": {"surface": "", "highway": "footway"}}, {"type": "Feature", "geometry": {"type": "LineString", "coordinates": [[-84.3506746, 33.7737417], [-84.3503026, 33.7737453], [-84.3501839, 33.7737465], [-84.3498426, 33.7737474], [-84.3495493, 33.7737488], [-84.3492846, 33.7737466], [-84.3491231, 33.7737497]]}, "properties": {"surface": "concrete", "highway": "footway"}}, {"type": "Feature", "geometry": {"type": "LineString", "coordinates": [[-84.3491231, 33.7737497], [-84.3491025, 33.7737463], [-84.349082, 33.7737397], [-84.3490619, 33.7737271]]}, "properties": {"surface": "concrete", "highway": "footway"}}, {"type": "Feature", "geometry": {"type": "LineString", "coordinates": [[-84.3488873, 33.7739227], [-84.348888, 33.7739385], [-84.348915, 33.7739441]]}, "properties": {"surface": "concrete", "highway": "footway"}}, {"type": "Feature", "geometry": {"type": "LineString", "coordinates": [[-84.3448836, 33.7746425], [-84.3448595, 33.774645]]}, "properties": {"surface": "", "highway": "footway"}}, {"type": "Feature", "geometry": {"type": "LineString", "coordinates": [[-84.345056, 33.7747865], [-84.3449775, 33.7747892]]}, "properties": {"surface": "", "highway": "footway"}}, {"type": "Feature", "geometry": {"type": "LineString", "coordinates": [[-84.3452051, 33.7747666], [-84.3452057, 33.7747827]]}, "properties": {"surface": "", "highway": "footway"}}, {"type": "Feature", "geometry": {"type": "LineString", "coordinates": [[-84.3452057, 33.7747827], [-84.3451931, 33.7747833]]}, "properties": {"surface": "", "highway": "footway"}}, {"type": "Feature", "geometry": {"type": "LineString", "coordinates": [[-84.3450975, 33.7746196], [-84.3451634, 33.7746218], [-84.3451868, 33.7746358]]}, "properties": {"surface": "", "highway": "footway"}}, {"type": "Feature", "geometry": {"type": "LineString", "coordinates": [[-84.3452057, 33.7747827], [-84.345214, 33.7749204], [-84.3452221, 33.7751568], [-84.345177, 33.7753793], [-84.3450432, 33.7757402], [-84.3449337, 33.7759346], [-84.3448092, 33.776167], [-84.3446025, 33.7764598], [-84.3440104, 33.777], [-84.3437583, 33.7772192], [-84.3434494, 33.7775082], [-84.343293, 33.7776739], [-84.3432838, 33.7776836], [-84.3431497, 33.7778836], [-84.3430346, 33.7780613], [-84.3427358, 33.7785735], [-84.3421646, 33.7792223], [-84.3419278, 33.7794363], [-84.3418814, 33.7794801], [-84.3417014, 33.7796174], [-84.3415366, 33.7797266], [-84.3413492, 33.7798314], [-84.3412505, 33.7798908], [-84.3408582, 33.7801151], [-84.3407006, 33.7802345]]}, "properties": {"surface": "", "highway": "footway"}}, {"type": "Feature", "geometry": {"type": "LineString", "coordinates": [[-84.345056, 33.7747865], [-84.345062, 33.7748216], [-84.3450651, 33.7748491], [-84.3450692, 33.7748774], [-84.3450744, 33.7749259], [-84.3450716, 33.7750001], [-84.3450628, 33.7751371], [-84.345034, 33.7752932], [-84.3450039, 33.7754483], [-84.3449732, 33.7755479], [-84.344839, 33.7758264], [-84.3446219, 33.7761613], [-84.344463, 33.776398], [-84.3443397, 33.776532], [-84.3441989, 33.7766654], [-84.3441081, 33.7767465], [-84.3437756, 33.7770388], [-84.3435803, 33.7771935], [-84.3433689, 33.7773741], [-84.3433221, 33.7774306], [-84.3431213, 33.7776719], [-84.3429118, 33.7779806], [-84.3427849, 33.7781959], [-84.3425672, 33.7785434], [-84.3423559, 33.7788082], [-84.3420358, 33.7791642], [-84.3417342, 33.7794162], [-84.3414003, 33.7796546], [-84.3410989, 33.7798163], [-84.3408289, 33.7799767], [-84.3406954, 33.7800775], [-84.3405195, 33.7802245]]}, "properties": {"surface": "", "highway": "footway"}}, {"type": "Feature", "geometry": {"type": "LineString", "coordinates": [[-84.3524702, 33.7724971], [-84.3524384, 33.7724975], [-84.3513647, 33.7725086], [-84.3511708, 33.7725081], [-84.3511364, 33.772505], [-84.3511125, 33.7724948], [-84.3508439, 33.7724954]]}, "properties": {"surface": "", "highway": "footway"}}, {"type": "Feature", "geometry": {"type": "LineString", "coordinates": [[-84.3508386, 33.7723823], [-84.3509952, 33.7723843], [-84.3512453, 33.7723866], [-84.3518396, 33.772389], [-84.3518941, 33.7723881], [-84.3524352, 33.7723794]]}, "properties": {"surface": "", "highway": "footway"}}, {"type": "Feature", "geometry": {"type": "LineString", "coordinates": [[-84.3506766, 33.7723846], [-84.3506783, 33.7721686], [-84.350678, 33.7718752], [-84.350684, 33.7716925]]}, "properties": {"surface": "", "highway": "footway"}}, {"type": "Feature", "geometry": {"type": "LineString", "coordinates": [[-84.3506766, 33.7723846], [-84.3504017, 33.7723952], [-84.350086, 33.7723957], [-84.3497005, 33.7723946], [-84.3490783, 33.7724052]]}, "properties": {"surface": "", "highway": "footway"}}, {"type": "Feature", "geometry": {"type": "LineString", "coordinates": [[-84.3648823, 33.7576141], [-84.3651836, 33.7576156], [-84.3654376, 33.7576198], [-84.3655555, 33.7576295], [-84.3655676, 33.7576298], [-84.3655916, 33.7576303]]}, "properties": {"surface": "concrete", "highway": "footway"}}, {"type": "Feature", "geometry": {"type": "LineString", "coordinates": [[-84.364097, 33.7576262], [-84.3641018, 33.757636], [-84.3641035, 33.7576413]]}, "properties": {"surface": "", "highway": "footway"}}, {"type": "Feature", "geometry": {"type": "LineString", "coordinates": [[-84.3443589, 33.7739676], [-84.3442901, 33.7738242], [-84.3442298, 33.7736428], [-84.3440983, 33.7732684], [-84.3439438, 33.77277]]}, "properties": {"surface": "", "highway": "footway"}}, {"type": "Feature", "geometry": {"type": "LineString", "coordinates": [[-84.3438494, 33.772784], [-84.3439546, 33.7731424], [-84.3441125, 33.7737057], [-84.3441288, 33.7737586], [-84.3441673, 33.7738418], [-84.3442435, 33.7740007]]}, "properties": {"surface": "", "highway": "footway"}}, {"type": "Feature", "geometry": {"type": "LineString", "coordinates": [[-84.3592715, 33.7601603], [-84.3592438, 33.7601905], [-84.3592304, 33.7602052], [-84.358783, 33.7607204], [-84.3583365, 33.7612192], [-84.3581442, 33.7613649], [-84.3581043, 33.7613654]]}, "properties": {"surface": "", "highway": "footway"}}, {"type": "Feature", "geometry": {"type": "LineString", "coordinates": [[-84.3579402, 33.7615054], [-84.3579771, 33.7612274], [-84.357989, 33.7609657], [-84.3579811, 33.7606768], [-84.357889, 33.7601599], [-84.3578281, 33.7599935]]}, "properties": {"surface": "", "highway": "footway"}}, {"type": "Feature", "geometry": {"type": "LineString", "coordinates": [[-84.3611045, 33.7590181], [-84.3611166, 33.7590081]]}, "properties": {"surface": "", "highway": "footway"}}, {"type": "Feature", "geometry": {"type": "LineString", "coordinates": [[-84.3541121, 33.7573083], [-84.3541248, 33.7573249]]}, "properties": {"surface": "asphalt", "highway": "footway"}}, {"type": "Feature", "geometry": {"type": "LineString", "coordinates": [[-84.3540928, 33.7573053], [-84.3540792, 33.7573141]]}, "properties": {"surface": "asphalt", "highway": "footway"}}, {"type": "Feature", "geometry": {"type": "LineString", "coordinates": [[-84.3536652, 33.7571241], [-84.3536687, 33.7571072]]}, "properties": {"surface": "", "highway": "footway"}}, {"type": "Feature", "geometry": {"type": "LineString", "coordinates": [[-84.3537646, 33.756984], [-84.3537776, 33.7569761]]}, "properties": {"surface": "", "highway": "footway"}}, {"type": "Feature", "geometry": {"type": "LineString", "coordinates": [[-84.3553077, 33.7565737], [-84.3548973, 33.756333], [-84.3547781, 33.756263], [-84.3547377, 33.7562393]]}, "properties": {"surface": "", "highway": "footway"}}, {"type": "Feature", "geometry": {"type": "LineString", "coordinates": [[-84.3598928, 33.7556702], [-84.3598709, 33.7556752]]}, "properties": {"surface": "concrete", "highway": "footway"}}, {"type": "Feature", "geometry": {"type": "LineString", "coordinates": [[-84.3601012, 33.7557592], [-84.3601111, 33.7557733]]}, "properties": {"surface": "", "highway": "footway"}}, {"type": "Feature", "geometry": {"type": "LineString", "coordinates": [[-84.3614272, 33.7551719], [-84.3613954, 33.7551796]]}, "properties": {"surface": "", "highway": "footway"}}, {"type": "Feature", "geometry": {"type": "LineString", "coordinates": [[-84.3528828, 33.7567548], [-84.3528718, 33.7567556]]}, "properties": {"surface": "", "highway": "footway"}}, {"type": "Feature", "geometry": {"type": "LineString", "coordinates": [[-84.3529683, 33.7566805], [-84.352966, 33.7566891]]}, "properties": {"surface": "", "highway": "footway"}}, {"type": "Feature", "geometry": {"type": "LineString", "coordinates": [[-84.3591279, 33.7525079], [-84.3591409, 33.7525082]]}, "properties": {"surface": "", "highway": "footway"}}, {"type": "Feature", "geometry": {"type": "LineString", "coordinates": [[-84.3590286, 33.7525038], [-84.3590514, 33.7525055]]}, "properties": {"surface": "", "highway": "footway"}}, {"type": "Feature", "geometry": {"type": "LineString", "coordinates": [[-84.3582429, 33.7524894], [-84.3582613, 33.7524897]]}, "properties": {"surface": "", "highway": "footway"}}, {"type": "Feature", "geometry": {"type": "LineString", "coordinates": [[-84.358346, 33.7524911], [-84.3583597, 33.7524913]]}, "properties": {"surface": "", "highway": "footway"}}, {"type": "Feature", "geometry": {"type": "LineString", "coordinates": [[-84.3575573, 33.7524733], [-84.3575992, 33.7524747]]}, "properties": {"surface": "", "highway": "footway"}}, {"type": "Feature", "geometry": {"type": "LineString", "coordinates": [[-84.3537032, 33.7524278], [-84.3537175, 33.7524275]]}, "properties": {"surface": "", "highway": "footway"}}, {"type": "Feature", "geometry": {"type": "LineString", "coordinates": [[-84.3574759, 33.7524698], [-84.357527, 33.7515952]]}, "properties": {"surface": "", "highway": "footway"}}, {"type": "Feature", "geometry": {"type": "LineString", "coordinates": [[-84.3592193, 33.7561262], [-84.3591968, 33.7561091], [-84.3591813, 33.756083], [-84.3591566, 33.7560002], [-84.3591398, 33.7558902], [-84.3591358, 33.7558423]]}, "properties": {"surface": "", "highway": "footway"}}, {"type": "Feature", "geometry": {"type": "LineString", "coordinates": [[-84.3590398, 33.7562344], [-84.3590301, 33.7560696], [-84.3590236, 33.7560078], [-84.3590067, 33.7559619], [-84.3589895, 33.7559293], [-84.3589458, 33.7558855]]}, "properties": {"surface": "", "highway": "footway"}}, {"type": "Feature", "geometry": {"type": "LineString", "coordinates": [[-84.3576901, 33.7598052], [-84.3575535, 33.759639], [-84.3573109, 33.7593888], [-84.3570011, 33.7591089], [-84.3565714, 33.7586357], [-84.3564543, 33.7584649]]}, "properties": {"surface": "", "highway": "footway"}}, {"type": "Feature", "geometry": {"type": "LineString", "coordinates": [[-84.3537978, 33.7518708], [-84.3538004, 33.7518111], [-84.3538043, 33.7517209]]}, "properties": {"surface": "", "highway": "footway"}}, {"type": "Feature", "geometry": {"type": "LineString", "coordinates": [[-84.3506814, 33.772487], [-84.3506908, 33.7724755]]}, "properties": {"surface": "", "highway": "footway"}}, {"type": "Feature", "geometry": {"type": "LineString", "coordinates": [[-84.3508386, 33.7723823], [-84.3508271, 33.7723907]]}, "properties": {"surface": "", "highway": "footway"}}, {"type": "Feature", "geometry": {"type": "LineString", "coordinates": [[-84.3506766, 33.7723846], [-84.3506921, 33.7723936]]}, "properties": {"surface": "", "highway": "footway"}}, {"type": "Feature", "geometry": {"type": "LineString", "coordinates": [[-84.3583319, 33.7466647], [-84.3583037, 33.7466511]]}, "properties": {"surface": "concrete", "highway": "footway"}}, {"type": "Feature", "geometry": {"type": "LineString", "coordinates": [[-84.3583276, 33.7465545], [-84.3583272, 33.7465435]]}, "properties": {"surface": "concrete", "highway": "footway"}}, {"type": "Feature", "geometry": {"type": "LineString", "coordinates": [[-84.3583319, 33.7466647], [-84.3583312, 33.746645]]}, "properties": {"surface": "concrete", "highway": "footway"}}, {"type": "Feature", "geometry": {"type": "LineString", "coordinates": [[-84.3583272, 33.7465435], [-84.3583125, 33.7465496]]}, "properties": {"surface": "concrete", "highway": "footway"}}, {"type": "Feature", "geometry": {"type": "LineString", "coordinates": [[-84.3583272, 33.7465435], [-84.3582998, 33.7465356]]}, "properties": {"surface": "concrete", "highway": "footway"}}, {"type": "Feature", "geometry": {"type": "LineString", "coordinates": [[-84.3596378, 33.7711679], [-84.3597552, 33.77115], [-84.3608967, 33.7711551], [-84.3609484, 33.7711698]]}, "properties": {"surface": "", "highway": "footway"}}, {"type": "Feature", "geometry": {"type": "LineString", "coordinates": [[-84.3472001, 33.7689846], [-84.3451777, 33.7689806], [-84.345113, 33.76898]]}, "properties": {"surface": "", "highway": "residential"}}, {"type": "Feature", "geometry": {"type": "LineString", "coordinates": [[-84.3494011, 33.7476716], [-84.3493635, 33.7476927], [-84.3493381, 33.7477172], [-84.3493259, 33.7477451]]}, "properties": {"surface": "", "highway": "footway"}}, {"type": "Feature", "geometry": {"type": "LineString", "coordinates": [[-84.3219592, 33.764421], [-84.3219611, 33.7644608], [-84.3219456, 33.7644995], [-84.3219111, 33.7645235], [-84.3218621, 33.7645462]]}, "properties": {"surface": "", "highway": "footway"}}, {"type": "Feature", "geometry": {"type": "LineString", "coordinates": [[-84.3205474, 33.7637947], [-84.3205127, 33.763785], [-84.3203715, 33.7637034], [-84.3202278, 33.763576], [-84.3201239, 33.7634315], [-84.3199281, 33.7629875]]}, "properties": {"surface": "", "highway": "footway"}}, {"type": "Feature", "geometry": {"type": "LineString", "coordinates": [[-84.3219592, 33.764421], [-84.3213031, 33.7641007], [-84.3206444, 33.7639029], [-84.3205118, 33.7638755]]}, "properties": {"surface": "", "highway": "footway"}}, {"type": "Feature", "geometry": {"type": "LineString", "coordinates": [[-84.3218621, 33.7645462], [-84.3204684, 33.7651567], [-84.320177, 33.7652721], [-84.3198111, 33.7653718], [-84.3189075, 33.7655437]]}, "properties": {"surface": "", "highway": "footway"}}, {"type": "Feature", "geometry": {"type": "LineString", "coordinates": [[-84.3189724, 33.7656545], [-84.318977, 33.7656839], [-84.3190402, 33.7658107], [-84.3191126, 33.765949], [-84.3191511, 33.7659669], [-84.3194176, 33.7659657], [-84.3196487, 33.7659618], [-84.3199368, 33.7659746], [-84.3202649, 33.7659721], [-84.3207579, 33.7659862], [-84.3212308, 33.7659938], [-84.3217762, 33.765999]]}, "properties": {"surface": "", "highway": "footway"}}, {"type": "Feature", "geometry": {"type": "LineString", "coordinates": [[-84.3188384, 33.7656873], [-84.3187927, 33.7656799], [-84.3170809, 33.7656775]]}, "properties": {"surface": "", "highway": "footway"}}, {"type": "Feature", "geometry": {"type": "LineString", "coordinates": [[-84.3529196, 33.7626627], [-84.3528919, 33.7626737], [-84.3527132, 33.7628078], [-84.3523068, 33.7631127], [-84.3522993, 33.7631183], [-84.3522847, 33.7631285]]}, "properties": {"surface": "concrete", "highway": "footway"}}, {"type": "Feature", "geometry": {"type": "LineString", "coordinates": [[-84.3522112, 33.7630277], [-84.3522012, 33.763019]]}, "properties": {"surface": "", "highway": "footway"}}, {"type": "Feature", "geometry": {"type": "LineString", "coordinates": [[-84.3523068, 33.7631127], [-84.3522974, 33.7631038]]}, "properties": {"surface": "", "highway": "footway"}}, {"type": "Feature", "geometry": {"type": "LineString", "coordinates": [[-84.3499404, 33.7583258], [-84.3499828, 33.7582907]]}, "properties": {"surface": "", "highway": "footway"}}, {"type": "Feature", "geometry": {"type": "LineString", "coordinates": [[-84.3497696, 33.7583425], [-84.3498083, 33.7583386]]}, "properties": {"surface": "", "highway": "footway"}}, {"type": "Feature", "geometry": {"type": "LineString", "coordinates": [[-84.3493035, 33.7574891], [-84.3493018, 33.7575458]]}, "properties": {"surface": "", "highway": "footway"}}, {"type": "Feature", "geometry": {"type": "LineString", "coordinates": [[-84.3492961, 33.7577364], [-84.349295, 33.7577739]]}, "properties": {"surface": "", "highway": "footway"}}, {"type": "Feature", "geometry": {"type": "LineString", "coordinates": [[-84.3499567, 33.7584279], [-84.3499595, 33.7584495]]}, "properties": {"surface": "", "highway": "footway"}}, {"type": "Feature", "geometry": {"type": "LineString", "coordinates": [[-84.349394, 33.7583047], [-84.3493808, 33.7583167]]}, "properties": {"surface": "", "highway": "footway"}}, {"type": "Feature", "geometry": {"type": "LineString", "coordinates": [[-84.3493313, 33.7585151], [-84.3493317, 33.7585402]]}, "properties": {"surface": "", "highway": "footway"}}, {"type": "Feature", "geometry": {"type": "LineString", "coordinates": [[-84.3493098, 33.7585573], [-84.3492873, 33.7585578]]}, "properties": {"surface": "", "highway": "footway"}}, {"type": "Feature", "geometry": {"type": "LineString", "coordinates": [[-84.3493317, 33.7585402], [-84.3493634, 33.758529], [-84.3494604, 33.7585166], [-84.3499595, 33.7584495], [-84.3501912, 33.7584118]]}, "properties": {"surface": "", "highway": "footway"}}, {"type": "Feature", "geometry": {"type": "LineString", "coordinates": [[-84.3495501, 33.7601027], [-84.3495373, 33.7601032]]}, "properties": {"surface": "", "highway": "footway"}}, {"type": "Feature", "geometry": {"type": "LineString", "coordinates": [[-84.3493437, 33.7602887], [-84.3493438, 33.7603104]]}, "properties": {"surface": "", "highway": "footway"}}, {"type": "Feature", "geometry": {"type": "LineString", "coordinates": [[-84.348747, 33.7604539], [-84.3487629, 33.7604405]]}, "properties": {"surface": "", "highway": "footway"}}, {"type": "Feature", "geometry": {"type": "LineString", "coordinates": [[-84.3196797, 33.76291], [-84.3196454, 33.7629317], [-84.3196178, 33.7629545]]}, "properties": {"surface": "", "highway": "footway"}}, {"type": "Feature", "geometry": {"type": "LineString", "coordinates": [[-84.3494011, 33.7476716], [-84.3496929, 33.7476262], [-84.3499835, 33.747555], [-84.3501723, 33.7474956], [-84.3504118, 33.7474382]]}, "properties": {"surface": "", "highway": "footway"}}, {"type": "Feature", "geometry": {"type": "LineString", "coordinates": [[-84.3493663, 33.7467799], [-84.349347, 33.7467796]]}, "properties": {"surface": "", "highway": "footway"}}, {"type": "Feature", "geometry": {"type": "LineString", "coordinates": [[-84.349333, 33.7479756], [-84.3493236, 33.7479547], [-84.3493259, 33.7477451]]}, "properties": {"surface": "", "highway": "footway"}}, {"type": "Feature", "geometry": {"type": "LineString", "coordinates": [[-84.3498147, 33.7620348], [-84.3498142, 33.7620531]]}, "properties": {"surface": "", "highway": "footway"}}, {"type": "Feature", "geometry": {"type": "LineString", "coordinates": [[-84.3493784, 33.7621908], [-84.3493633, 33.7621829]]}, "properties": {"surface": "", "highway": "footway"}}, {"type": "Feature", "geometry": {"type": "LineString", "coordinates": [[-84.3513338, 33.7482641], [-84.3513396, 33.7482815], [-84.3513644, 33.7483111]]}, "properties": {"surface": "", "highway": "footway"}}, {"type": "Feature", "geometry": {"type": "LineString", "coordinates": [[-84.3504276, 33.7502308], [-84.3504268, 33.7502193]]}, "properties": {"surface": "", "highway": "footway"}}, {"type": "Feature", "geometry": {"type": "LineString", "coordinates": [[-84.3504378, 33.750231], [-84.3504276, 33.7502308]]}, "properties": {"surface": "", "highway": "footway"}}, {"type": "Feature", "geometry": {"type": "LineString", "coordinates": [[-84.3572798, 33.7711414], [-84.3572789, 33.7724038]]}, "properties": {"surface": "", "highway": "footway"}}, {"type": "Feature", "geometry": {"type": "LineString", "coordinates": [[-84.3572789, 33.7724038], [-84.3536827, 33.772381]]}, "properties": {"surface": "", "highway": "footway"}}, {"type": "Feature", "geometry": {"type": "LineString", "coordinates": [[-84.3536827, 33.772381], [-84.3535627, 33.772379], [-84.3531555, 33.7723722], [-84.3530385, 33.7723747]]}, "properties": {"surface": "", "highway": "footway"}}, {"type": "Feature", "geometry": {"type": "LineString", "coordinates": [[-84.3526189, 33.7724797], [-84.352621, 33.7724945]]}, "properties": {"surface": "", "highway": "footway"}}, {"type": "Feature", "geometry": {"type": "LineString", "coordinates": [[-84.352621, 33.7724945], [-84.3525978, 33.7724945]]}, "properties": {"surface": "", "highway": "footway"}}, {"type": "Feature", "geometry": {"type": "LineString", "coordinates": [[-84.3524384, 33.7724975], [-84.3524379, 33.7724812]]}, "properties": {"surface": "", "highway": "footway"}}, {"type": "Feature", "geometry": {"type": "LineString", "coordinates": [[-84.3524352, 33.7723794], [-84.3524355, 33.7723918]]}, "properties": {"surface": "", "highway": "footway"}}, {"type": "Feature", "geometry": {"type": "LineString", "coordinates": [[-84.3524352, 33.7723794], [-84.352453, 33.7723788]]}, "properties": {"surface": "", "highway": "footway"}}, {"type": "Feature", "geometry": {"type": "LineString", "coordinates": [[-84.3535576, 33.7724952], [-84.3572747, 33.7725063]]}, "properties": {"surface": "", "highway": "footway"}}, {"type": "Feature", "geometry": {"type": "LineString", "coordinates": [[-84.3572747, 33.7725063], [-84.3572712, 33.773332], [-84.3572642, 33.7737307]]}, "properties": {"surface": "", "highway": "footway"}}, {"type": "Feature", "geometry": {"type": "LineString", "coordinates": [[-84.3614723, 33.7737286], [-84.3610781, 33.7737268]]}, "properties": {"surface": "", "highway": "footway"}}, {"type": "Feature", "geometry": {"type": "LineString", "coordinates": [[-84.3607425, 33.7737087], [-84.3609246, 33.7737333]]}, "properties": {"surface": "", "highway": "footway"}}, {"type": "Feature", "geometry": {"type": "LineString", "coordinates": [[-84.3607425, 33.7737087], [-84.3604703, 33.7736987], [-84.3602293, 33.7736854], [-84.3601698, 33.7736783]]}, "properties": {"surface": "", "highway": "footway"}}, {"type": "Feature", "geometry": {"type": "LineString", "coordinates": [[-84.3600992, 33.7737173], [-84.3600925, 33.7736945]]}, "properties": {"surface": "", "highway": "footway"}}, {"type": "Feature", "geometry": {"type": "LineString", "coordinates": [[-84.3600925, 33.7736945], [-84.3601014, 33.7736934]]}, "properties": {"surface": "", "highway": "footway"}}, {"type": "Feature", "geometry": {"type": "LineString", "coordinates": [[-84.3600925, 33.7736945], [-84.3600774, 33.7736934]]}, "properties": {"surface": "", "highway": "footway"}}, {"type": "Feature", "geometry": {"type": "LineString", "coordinates": [[-84.3598427, 33.7736724], [-84.3597938, 33.7737044]]}, "properties": {"surface": "", "highway": "footway"}}, {"type": "Feature", "geometry": {"type": "LineString", "coordinates": [[-84.3610789, 33.7736348], [-84.361083, 33.7731702], [-84.3610882, 33.7712215]]}, "properties": {"surface": "", "highway": "footway"}}, {"type": "Feature", "geometry": {"type": "LineString", "coordinates": [[-84.3609246, 33.7737333], [-84.3609488, 33.7724967], [-84.3609484, 33.7711698]]}, "properties": {"surface": "", "highway": "footway"}}, {"type": "Feature", "geometry": {"type": "LineString", "coordinates": [[-84.3589815, 33.7737241], [-84.3588153, 33.7737246]]}, "properties": {"surface": "concrete", "highway": "footway"}}, {"type": "Feature", "geometry": {"type": "LineString", "coordinates": [[-84.3526087, 33.7737184], [-84.3526083, 33.7736485], [-84.3526081, 33.7736016], [-84.3526087, 33.7735595], [-84.3526173, 33.7729884], [-84.3526202, 33.7726997], [-84.352621, 33.7724945]]}, "properties": {"surface": "", "highway": "footway"}}, {"type": "Feature", "geometry": {"type": "LineString", "coordinates": [[-84.3525826, 33.7721082], [-84.3525903, 33.7713446]]}, "properties": {"surface": "", "highway": "footway"}}, {"type": "Feature", "geometry": {"type": "LineString", "coordinates": [[-84.3524184, 33.7737299], [-84.3524357, 33.7732033], [-84.3524384, 33.7724975]]}, "properties": {"surface": "", "highway": "footway"}}, {"type": "Feature", "geometry": {"type": "LineString", "coordinates": [[-84.3524352, 33.7723794], [-84.3524435, 33.7712151]]}, "properties": {"surface": "", "highway": "footway"}}, {"type": "Feature", "geometry": {"type": "LineString", "coordinates": [[-84.323444, 33.7626506], [-84.3233998, 33.7625883], [-84.3231903, 33.7622254], [-84.3229803, 33.7618399], [-84.3226897, 33.7613391]]}, "properties": {"surface": "", "highway": "footway"}}, {"type": "Feature", "geometry": {"type": "LineString", "coordinates": [[-84.3225716, 33.761404], [-84.3229348, 33.7620398]]}, "properties": {"surface": "", "highway": "footway"}}, {"type": "Feature", "geometry": {"type": "LineString", "coordinates": [[-84.3225716, 33.761404], [-84.3218894, 33.7617913]]}, "properties": {"surface": "", "highway": "footway"}}, {"type": "Feature", "geometry": {"type": "LineString", "coordinates": [[-84.3620574, 33.7738257], [-84.3620573, 33.7738015]]}, "properties": {"surface": "", "highway": "footway"}}, {"type": "Feature", "geometry": {"type": "LineString", "coordinates": [[-84.3621893, 33.7738023], [-84.3621894, 33.7737957]]}, "properties": {"surface": "", "highway": "footway"}}, {"type": "Feature", "geometry": {"type": "LineString", "coordinates": [[-84.3621902, 33.773739], [-84.3621904, 33.7737241]]}, "properties": {"surface": "", "highway": "footway"}}, {"type": "Feature", "geometry": {"type": "LineString", "coordinates": [[-84.3226897, 33.7613391], [-84.3233106, 33.7609784], [-84.3234372, 33.7609107], [-84.3238614, 33.760734], [-84.3241066, 33.7606466], [-84.3241587, 33.7608569], [-84.3242411, 33.7611624]]}, "properties": {"surface": "", "highway": "footway"}}, {"type": "Feature", "geometry": {"type": "LineString", "coordinates": [[-84.3242954, 33.7607899], [-84.32433, 33.7609527], [-84.3243783, 33.76119], [-84.3244461, 33.7614862], [-84.3244479, 33.7615651], [-84.3244488, 33.7616714], [-84.3244486, 33.761744], [-84.324434, 33.7618555], [-84.3244122, 33.7619429], [-84.3244021, 33.7619547], [-84.3243804, 33.7619598], [-84.3243434, 33.7619487]]}, "properties": {"surface": "", "highway": "footway"}}, {"type": "Feature", "geometry": {"type": "LineString", "coordinates": [[-84.325494, 33.7603942], [-84.3254984, 33.760422], [-84.3255049, 33.7605186], [-84.3255184, 33.7606426], [-84.3255349, 33.7609066], [-84.3255692, 33.7612078], [-84.3256225, 33.7613907], [-84.3257063, 33.7616261], [-84.3257842, 33.7618306]]}, "properties": {"surface": "", "highway": "footway"}}, {"type": "Feature", "geometry": {"type": "LineString", "coordinates": [[-84.3259433, 33.7620929], [-84.3259479, 33.7620288], [-84.3259433, 33.7619533], [-84.3259217, 33.7618841], [-84.3258909, 33.7617804], [-84.3258077, 33.7615678], [-84.3257538, 33.7613949], [-84.3257199, 33.7612809], [-84.3256875, 33.7611643], [-84.3256583, 33.7609671], [-84.3256398, 33.7607724], [-84.3256167, 33.7605252], [-84.3256151, 33.7603933], [-84.3256228, 33.7603844]]}, "properties": {"surface": "", "highway": "footway"}}, {"type": "Feature", "geometry": {"type": "LineString", "coordinates": [[-84.3269578, 33.7607528], [-84.3271207, 33.76159]]}, "properties": {"surface": "", "highway": "footway"}}, {"type": "Feature", "geometry": {"type": "LineString", "coordinates": [[-84.326877, 33.760295], [-84.3268911, 33.760357], [-84.3269238, 33.7605392], [-84.3269511, 33.760714]]}, "properties": {"surface": "", "highway": "footway"}}, {"type": "Feature", "geometry": {"type": "LineString", "coordinates": [[-84.3269511, 33.760714], [-84.3269544, 33.7607351], [-84.3269578, 33.7607528]]}, "properties": {"surface": "", "highway": "footway"}}, {"type": "Feature", "geometry": {"type": "LineString", "coordinates": [[-84.3282256, 33.7604595], [-84.3282149, 33.7604484], [-84.328113, 33.7604223], [-84.3278747, 33.7603749], [-84.3277484, 33.7603561], [-84.3276128, 33.760339], [-84.3271121, 33.7602991], [-84.326877, 33.760295]]}, "properties": {"surface": "", "highway": "footway"}}, {"type": "Feature", "geometry": {"type": "LineString", "coordinates": [[-84.3271207, 33.76159], [-84.3271694, 33.7615953], [-84.3275882, 33.7616154], [-84.327979, 33.7616398], [-84.3279913, 33.7616305], [-84.3280085, 33.7615447], [-84.3281485, 33.7608466]]}, "properties": {"surface": "", "highway": "footway"}}, {"type": "Feature", "geometry": {"type": "LineString", "coordinates": [[-84.3534413, 33.7737144], [-84.3533872, 33.7737144], [-84.3527154, 33.7737275], [-84.3526087, 33.7737184]]}, "properties": {"surface": "concrete", "highway": "footway"}}, {"type": "Feature", "geometry": {"type": "LineString", "coordinates": [[-84.3281588, 33.7607954], [-84.3282256, 33.7604595]]}, "properties": {"surface": "", "highway": "footway"}}, {"type": "Feature", "geometry": {"type": "LineString", "coordinates": [[-84.3283413, 33.7604876], [-84.3282958, 33.7606639]]}, "properties": {"surface": "", "highway": "footway"}}, {"type": "Feature", "geometry": {"type": "LineString", "coordinates": [[-84.3281986, 33.7608614], [-84.3282476, 33.7608674], [-84.3282541, 33.7608753], [-84.3282466, 33.7609198], [-84.3282206, 33.7610424], [-84.3281492, 33.7614092], [-84.3281029, 33.7616516]]}, "properties": {"surface": "", "highway": "footway"}}, {"type": "Feature", "geometry": {"type": "LineString", "coordinates": [[-84.3289249, 33.7618075], [-84.3281029, 33.7616516]]}, "properties": {"surface": "", "highway": "footway"}}, {"type": "Feature", "geometry": {"type": "LineString", "coordinates": [[-84.3283413, 33.7604876], [-84.3283651, 33.7604874], [-84.3284146, 33.7604942], [-84.3286192, 33.7605574], [-84.3288958, 33.7606507], [-84.3291602, 33.7607617], [-84.3292717, 33.7608098], [-84.3292887, 33.7608222]]}, "properties": {"surface": "", "highway": "footway"}}, {"type": "Feature", "geometry": {"type": "LineString", "coordinates": [[-84.3292887, 33.7608222], [-84.329272, 33.7608762], [-84.3292189, 33.760988], [-84.3291115, 33.7612038], [-84.3291038, 33.7612208], [-84.3290997, 33.7612349], [-84.32911, 33.7612482], [-84.3291595, 33.7612678]]}, "properties": {"surface": "", "highway": "footway"}}, {"type": "Feature", "geometry": {"type": "LineString", "coordinates": [[-84.3290998, 33.7614174], [-84.3290769, 33.7614109], [-84.3290583, 33.7614073], [-84.3290498, 33.7614075], [-84.3290414, 33.7614227], [-84.329019, 33.7614875], [-84.3289249, 33.7618075]]}, "properties": {"surface": "", "highway": "footway"}}, {"type": "Feature", "geometry": {"type": "LineString", "coordinates": [[-84.3290423, 33.7619586], [-84.3289701, 33.7622003], [-84.3288956, 33.7624498], [-84.3288939, 33.7624554], [-84.3287943, 33.7627968], [-84.3290365, 33.7628479], [-84.3293409, 33.7629121], [-84.3298192, 33.7630129]]}, "properties": {"surface": "", "highway": "footway"}}, {"type": "Feature", "geometry": {"type": "LineString", "coordinates": [[-84.3309441, 33.7614116], [-84.3309835, 33.7614251]]}, "properties": {"surface": "", "highway": "footway"}}, {"type": "Feature", "geometry": {"type": "LineString", "coordinates": [[-84.3309172, 33.7613425], [-84.3309557, 33.7613121], [-84.330971, 33.7612886], [-84.3310415, 33.7609743]]}, "properties": {"surface": "", "highway": "footway"}}, {"type": "Feature", "geometry": {"type": "LineString", "coordinates": [[-84.3311418, 33.7614744], [-84.3311249, 33.7614177], [-84.3311257, 33.7613828], [-84.3311319, 33.7613485], [-84.3311937, 33.7610313]]}, "properties": {"surface": "", "highway": "footway"}}, {"type": "Feature", "geometry": {"type": "LineString", "coordinates": [[-84.3557591, 33.7501748], [-84.3557576, 33.7501624]]}, "properties": {"surface": "", "highway": "footway"}}, {"type": "Feature", "geometry": {"type": "LineString", "coordinates": [[-84.3567261, 33.7491589], [-84.3567306, 33.748977], [-84.356725, 33.7487147], [-84.3567266, 33.7484834]]}, "properties": {"surface": "", "highway": "footway"}}, {"type": "Feature", "geometry": {"type": "LineString", "coordinates": [[-84.3567279, 33.74839], [-84.3567263, 33.7480108], [-84.3567274, 33.7475632]]}, "properties": {"surface": "", "highway": "footway"}}, {"type": "Feature", "geometry": {"type": "LineString", "coordinates": [[-84.3567279, 33.747457], [-84.3567304, 33.7473017], [-84.3567322, 33.7471261], [-84.35673, 33.746877], [-84.3567219, 33.7466578], [-84.3567152, 33.7466374]]}, "properties": {"surface": "", "highway": "footway"}}, {"type": "Feature", "geometry": {"type": "LineString", "coordinates": [[-84.356633, 33.7442429], [-84.3566212, 33.7442525]]}, "properties": {"surface": "", "highway": "footway"}}, {"type": "Feature", "geometry": {"type": "LineString", "coordinates": [[-84.3566212, 33.7442525], [-84.35663, 33.7442622], [-84.3566353, 33.7442711], [-84.3566382, 33.7442831], [-84.356636, 33.7442973], [-84.3566296, 33.7443112], [-84.3566229, 33.7443235], [-84.3566285, 33.7443479], [-84.3566738, 33.7444973], [-84.3567141, 33.7446609], [-84.3567138, 33.7447741], [-84.3567138, 33.7449112], [-84.3567599, 33.744912]]}, "properties": {"surface": "", "highway": "footway"}}, {"type": "Feature", "geometry": {"type": "LineString", "coordinates": [[-84.3567138, 33.7449112], [-84.3567112, 33.7450275], [-84.3566968, 33.7452276], [-84.3567316, 33.7452579]]}, "properties": {"surface": "", "highway": "footway"}}, {"type": "Feature", "geometry": {"type": "LineString", "coordinates": [[-84.3567099, 33.7453872], [-84.3567177, 33.7453924], [-84.3567226, 33.7453977], [-84.3567269, 33.7454065], [-84.3567269, 33.7454174], [-84.356724, 33.7455316], [-84.3567209, 33.7457016], [-84.3567131, 33.7458845], [-84.3567106, 33.7460572], [-84.3567113, 33.7462195], [-84.3567123, 33.7462588], [-84.3567055, 33.7464258], [-84.3566983, 33.7464664], [-84.3566993, 33.7465022]]}, "properties": {"surface": "", "highway": "footway"}}, {"type": "Feature", "geometry": {"type": "LineString", "coordinates": [[-84.3591468, 33.7490643], [-84.3589313, 33.749082], [-84.3582823, 33.7491329], [-84.3577622, 33.7491678], [-84.357762, 33.7491444], [-84.3577619, 33.7491209]]}, "properties": {"surface": "", "highway": "footway"}}, {"type": "Feature", "geometry": {"type": "LineString", "coordinates": [[-84.359056, 33.74668], [-84.3590677, 33.7470441], [-84.3590974, 33.7475633], [-84.3591109, 33.7481559], [-84.3591481, 33.7489522], [-84.359147, 33.748962], [-84.359143, 33.7489805]]}, "properties": {"surface": "", "highway": "footway"}}, {"type": "Feature", "geometry": {"type": "LineString", "coordinates": [[-84.359143, 33.7489805], [-84.3591293, 33.7489834], [-84.3591063, 33.7489852], [-84.3588323, 33.7490064], [-84.3586026, 33.7490227], [-84.3575692, 33.7491125], [-84.3575153, 33.7491156], [-84.3572378, 33.7491262], [-84.3568472, 33.7491572]]}, "properties": {"surface": "", "highway": "footway"}}, {"type": "Feature", "geometry": {"type": "LineString", "coordinates": [[-84.3567156, 33.749254], [-84.3565279, 33.7492679], [-84.3563351, 33.7492776], [-84.3563342, 33.749268], [-84.3563303, 33.749228]]}, "properties": {"surface": "", "highway": "footway"}}, {"type": "Feature", "geometry": {"type": "LineString", "coordinates": [[-84.3557226, 33.7492384], [-84.355721, 33.7490424], [-84.3557127, 33.7487149], [-84.355717, 33.7484734]]}, "properties": {"surface": "", "highway": "footway"}}, {"type": "Feature", "geometry": {"type": "LineString", "coordinates": [[-84.3566212, 33.7442525], [-84.3566006, 33.7442474], [-84.3565814, 33.7442471], [-84.3565081, 33.7442605], [-84.3564455, 33.7442701], [-84.3557373, 33.7444187], [-84.3556595, 33.7444524], [-84.3556034, 33.7444912], [-84.355577, 33.7445572], [-84.3555739, 33.7447462], [-84.3555725, 33.7448858], [-84.3555684, 33.7450097], [-84.3555663, 33.7451386], [-84.3555694, 33.7451847], [-84.3555869, 33.7452539], [-84.3556378, 33.7454339]]}, "properties": {"surface": "", "highway": "footway"}}, {"type": "Feature", "geometry": {"type": "LineString", "coordinates": [[-84.3557068, 33.7470211], [-84.3557066, 33.7474909], [-84.3557043, 33.7477176], [-84.3557113, 33.7480438], [-84.3557204, 33.748388]]}, "properties": {"surface": "", "highway": "footway"}}, {"type": "Feature", "geometry": {"type": "LineString", "coordinates": [[-84.3622203, 33.7465536], [-84.3622226, 33.7462677], [-84.3622202, 33.7460617], [-84.362222, 33.7457772], [-84.3622347, 33.7455215], [-84.3622361, 33.7454932], [-84.3622391, 33.7454336], [-84.3622415, 33.7453589], [-84.3622423, 33.7452347], [-84.3622449, 33.7450697], [-84.3622445, 33.7448344], [-84.3622637, 33.7444352], [-84.3622745, 33.7442297], [-84.3622773, 33.7441768]]}, "properties": {"surface": "", "highway": "footway"}}, {"type": "Feature", "geometry": {"type": "LineString", "coordinates": [[-84.3622773, 33.7441768], [-84.3622732, 33.744128]]}, "properties": {"surface": "", "highway": "footway"}}, {"type": "Feature", "geometry": {"type": "LineString", "coordinates": [[-84.3622745, 33.7442297], [-84.3621634, 33.7442795], [-84.3618594, 33.7444282], [-84.3617714, 33.7444793], [-84.3616302, 33.7445489], [-84.3614803, 33.7446298], [-84.3613111, 33.7447198], [-84.3611496, 33.7448052], [-84.3609764, 33.7449036], [-84.360877, 33.7449661], [-84.3610894, 33.7452447], [-84.3611542, 33.7453398], [-84.3622415, 33.7453589]]}, "properties": {"surface": "", "highway": "footway"}}, {"type": "Feature", "geometry": {"type": "LineString", "coordinates": [[-84.3622347, 33.7455215], [-84.3621324, 33.745518], [-84.3618878, 33.745518], [-84.3612925, 33.7455119], [-84.3608108, 33.7454964], [-84.3608221, 33.7452137], [-84.3608386, 33.7451901], [-84.3607163, 33.7450531]]}, "properties": {"surface": "", "highway": "footway"}}, {"type": "Feature", "geometry": {"type": "LineString", "coordinates": [[-84.360877, 33.7449661], [-84.3608616, 33.7449738], [-84.3607861, 33.7450115], [-84.3607163, 33.7450531], [-84.3604996, 33.7451764], [-84.3602699, 33.7452977], [-84.3601114, 33.7453814], [-84.3600994, 33.745367], [-84.3600661, 33.7453272]]}, "properties": {"surface": "", "highway": "footway"}}, {"type": "Feature", "geometry": {"type": "LineString", "coordinates": [[-84.3597721, 33.7454869], [-84.359816, 33.7455404], [-84.3595918, 33.7456524], [-84.3594299, 33.7457436], [-84.3593367, 33.7458004], [-84.3592641, 33.7458375], [-84.3592198, 33.7458673], [-84.3591941, 33.745888], [-84.3591738, 33.74591], [-84.3591606, 33.7459359], [-84.359165, 33.7459745], [-84.3590963, 33.7459715]]}, "properties": {"surface": "", "highway": "footway"}}, {"type": "Feature", "geometry": {"type": "LineString", "coordinates": [[-84.3572101, 33.745395], [-84.357072, 33.7453899], [-84.3570432, 33.7453801], [-84.3570022, 33.7453617], [-84.3569837, 33.7453591], [-84.3569554, 33.7453591], [-84.3569308, 33.7453638], [-84.3569072, 33.7453732], [-84.3568753, 33.7453894]]}, "properties": {"surface": "", "highway": "footway"}}, {"type": "Feature", "geometry": {"type": "LineString", "coordinates": [[-84.3581444, 33.7452723], [-84.3581084, 33.7452717], [-84.3580843, 33.74527], [-84.3580627, 33.7452648], [-84.3580442, 33.7452554], [-84.3580201, 33.7452537], [-84.3579718, 33.7452524], [-84.3576996, 33.745252], [-84.3572606, 33.745246]]}, "properties": {"surface": "", "highway": "footway"}}, {"type": "Feature", "geometry": {"type": "LineString", "coordinates": [[-84.3571662, 33.7452454], [-84.3569078, 33.7452389], [-84.356889, 33.7452389], [-84.3568792, 33.7452433], [-84.3568667, 33.7452576]]}, "properties": {"surface": "", "highway": "footway"}}, {"type": "Feature", "geometry": {"type": "LineString", "coordinates": [[-84.3581372, 33.745408], [-84.3577293, 33.7454006], [-84.3577186, 33.7454025]]}, "properties": {"surface": "", "highway": "footway"}}, {"type": "Feature", "geometry": {"type": "LineString", "coordinates": [[-84.3576415, 33.7454019], [-84.3576203, 33.7454014], [-84.3572957, 33.7453962]]}, "properties": {"surface": "", "highway": "footway"}}, {"type": "Feature", "geometry": {"type": "LineString", "coordinates": [[-84.3568753, 33.7453894], [-84.3568622, 33.7454108], [-84.3568601, 33.7454368], [-84.3568612, 33.7455158], [-84.356854, 33.7457088], [-84.356853, 33.7458651]]}, "properties": {"surface": "", "highway": "footway"}}, {"type": "Feature", "geometry": {"type": "LineString", "coordinates": [[-84.3568452, 33.7460683], [-84.3568458, 33.7461746]]}, "properties": {"surface": "", "highway": "footway"}}, {"type": "Feature", "geometry": {"type": "LineString", "coordinates": [[-84.3568443, 33.7462967], [-84.3568416, 33.7464365], [-84.3568437, 33.7464675], [-84.3568632, 33.7465066]]}, "properties": {"surface": "", "highway": "footway"}}, {"type": "Feature", "geometry": {"type": "LineString", "coordinates": [[-84.356889, 33.7452389], [-84.356892, 33.7449119]]}, "properties": {"surface": "", "highway": "footway"}}, {"type": "Feature", "geometry": {"type": "LineString", "coordinates": [[-84.3568505, 33.7449125], [-84.356892, 33.7449119]]}, "properties": {"surface": "", "highway": "footway"}}, {"type": "Feature", "geometry": {"type": "LineString", "coordinates": [[-84.356892, 33.7449119], [-84.3568979, 33.7448055], [-84.3568979, 33.7446782], [-84.356887, 33.7445909], [-84.3568593, 33.7445227], [-84.3568349, 33.7444874]]}, "properties": {"surface": "", "highway": "footway"}}, {"type": "Feature", "geometry": {"type": "LineString", "coordinates": [[-84.3568349, 33.7444874], [-84.356802, 33.7444092]]}, "properties": {"surface": "", "highway": "footway"}}, {"type": "Feature", "geometry": {"type": "LineString", "coordinates": [[-84.356802, 33.7444092], [-84.35677, 33.744283], [-84.3567453, 33.7442177]]}, "properties": {"surface": "", "highway": "footway"}}, {"type": "Feature", "geometry": {"type": "LineString", "coordinates": [[-84.358118, 33.744095], [-84.3574777, 33.7441287], [-84.357352, 33.7441293], [-84.3573386, 33.7441367], [-84.3573251, 33.7441464], [-84.3573019, 33.7441538], [-84.3572089, 33.7441613], [-84.3571794, 33.7441456], [-84.357158, 33.7441412], [-84.3570221, 33.744162], [-84.3568263, 33.7441977], [-84.3567824, 33.7442118], [-84.3567453, 33.7442177]]}, "properties": {"surface": "", "highway": "footway"}}, {"type": "Feature", "geometry": {"type": "LineString", "coordinates": [[-84.3555901, 33.7464947], [-84.3555928, 33.7462657], [-84.3555993, 33.7459508], [-84.3556038, 33.7458395], [-84.3556058, 33.7458119], [-84.3555991, 33.7457921], [-84.3555855, 33.7457369], [-84.3555767, 33.7456955], [-84.3555706, 33.7456806], [-84.3555419, 33.7455881], [-84.3555093, 33.7454831], [-84.3554615, 33.7453288], [-84.3554446, 33.7452693], [-84.3554351, 33.7452279], [-84.3554297, 33.7451786], [-84.3554283, 33.7451236], [-84.35543, 33.7449385], [-84.3554341, 33.7448104], [-84.3554381, 33.744656], [-84.3554429, 33.7445568], [-84.3554688, 33.7445584], [-84.3555126, 33.7445601]]}, "properties": {"surface": "", "highway": "footway"}}, {"type": "Feature", "geometry": {"type": "LineString", "coordinates": [[-84.3555695, 33.7455843], [-84.3555419, 33.7455881]]}, "properties": {"surface": "", "highway": "footway"}}, {"type": "Feature", "geometry": {"type": "LineString", "coordinates": [[-84.3556134, 33.7492349], [-84.355622, 33.749143], [-84.3556169, 33.7490021], [-84.3556155, 33.7488339], [-84.3556128, 33.7486449], [-84.3556138, 33.7484705]]}, "properties": {"surface": "", "highway": "footway"}}, {"type": "Feature", "geometry": {"type": "LineString", "coordinates": [[-84.355613, 33.7483946], [-84.3556058, 33.7480648], [-84.3555916, 33.7478078], [-84.3555975, 33.7475504]]}, "properties": {"surface": "", "highway": "footway"}}, {"type": "Feature", "geometry": {"type": "LineString", "coordinates": [[-84.3205118, 33.7638755], [-84.3204012, 33.7638785], [-84.320309, 33.763887], [-84.3201973, 33.7639222], [-84.3200927, 33.7639752], [-84.319985, 33.7640389]]}, "properties": {"surface": "", "highway": "footway"}}, {"type": "Feature", "geometry": {"type": "LineString", "coordinates": [[-84.319985, 33.7640389], [-84.3197229, 33.7641905], [-84.3195942, 33.7642762], [-84.3195879, 33.7642765], [-84.319577, 33.76427], [-84.3195718, 33.7642609]]}, "properties": {"surface": "", "highway": "footway"}}, {"type": "Feature", "geometry": {"type": "LineString", "coordinates": [[-84.321598, 33.7619785], [-84.3216883, 33.7621164], [-84.3217624, 33.7622296], [-84.321959, 33.7626117], [-84.322093, 33.7628473]]}, "properties": {"surface": "", "highway": "footway"}}, {"type": "Feature", "geometry": {"type": "LineString", "coordinates": [[-84.322093, 33.7628473], [-84.3221116, 33.7628743], [-84.322178, 33.7629709], [-84.3222042, 33.7630009], [-84.3222386, 33.7630245], [-84.3223097, 33.7630486], [-84.3223787, 33.7630566], [-84.3224495, 33.7630549], [-84.3226148, 33.7630062]]}, "properties": {"surface": "", "highway": "footway"}}, {"type": "Feature", "geometry": {"type": "LineString", "coordinates": [[-84.3226148, 33.7630062], [-84.3228914, 33.7628721], [-84.3233186, 33.7627046]]}, "properties": {"surface": "", "highway": "footway"}}, {"type": "Feature", "geometry": {"type": "LineString", "coordinates": [[-84.3183991, 33.7646624], [-84.3184137, 33.7646583], [-84.3184247, 33.7646557], [-84.318435, 33.764652], [-84.3184407, 33.7646499], [-84.318446, 33.7646449], [-84.3183777, 33.7645001], [-84.3181223, 33.764023]]}, "properties": {"surface": "", "highway": "footway"}}, {"type": "Feature", "geometry": {"type": "LineString", "coordinates": [[-84.3169347, 33.764712], [-84.3169352, 33.7649534], [-84.3169394, 33.7653647]]}, "properties": {"surface": "", "highway": "footway"}}, {"type": "Feature", "geometry": {"type": "LineString", "coordinates": [[-84.3170809, 33.7656775], [-84.3170912, 33.7660672]]}, "properties": {"surface": "", "highway": "footway"}}, {"type": "Feature", "geometry": {"type": "LineString", "coordinates": [[-84.3188384, 33.7656873], [-84.3188762, 33.7657189], [-84.318914, 33.7657994], [-84.3189582, 33.7659097], [-84.3189919, 33.765978]]}, "properties": {"surface": "", "highway": "footway"}}, {"type": "Feature", "geometry": {"type": "LineString", "coordinates": [[-84.3189919, 33.765978], [-84.3190373, 33.7660469], [-84.3190846, 33.7660666], [-84.3191428, 33.7660759], [-84.31925, 33.7660796], [-84.3194807, 33.7660873], [-84.319508, 33.7660966], [-84.3195561, 33.7661231], [-84.3195955, 33.7661471], [-84.3196624, 33.7661933]]}, "properties": {"surface": "", "highway": "footway"}}, {"type": "Feature", "geometry": {"type": "LineString", "coordinates": [[-84.3236482, 33.7661498], [-84.3233584, 33.7661484], [-84.3226013, 33.7661387]]}, "properties": {"surface": "", "highway": "footway"}}, {"type": "Feature", "geometry": {"type": "LineString", "coordinates": [[-84.3226013, 33.7661387], [-84.3218745, 33.7661238], [-84.3212108, 33.7661079]]}, "properties": {"surface": "", "highway": "footway"}}, {"type": "Feature", "geometry": {"type": "LineString", "coordinates": [[-84.3212108, 33.7661079], [-84.3198389, 33.7660913]]}, "properties": {"surface": "", "highway": "footway"}}, {"type": "Feature", "geometry": {"type": "LineString", "coordinates": [[-84.3198389, 33.7660913], [-84.3198178, 33.7660926], [-84.3198019, 33.7660977], [-84.3197935, 33.7661032], [-84.3197902, 33.7661126], [-84.3198315, 33.7662012], [-84.3199429, 33.7664131]]}, "properties": {"surface": "", "highway": "footway"}}, {"type": "Feature", "geometry": {"type": "LineString", "coordinates": [[-84.3199429, 33.7664131], [-84.3200251, 33.76659], [-84.3200793, 33.7667229]]}, "properties": {"surface": "", "highway": "footway"}}, {"type": "Feature", "geometry": {"type": "LineString", "coordinates": [[-84.3196624, 33.7661933], [-84.3197744, 33.7663891], [-84.3198802, 33.7666156]]}, "properties": {"surface": "", "highway": "footway"}}, {"type": "Feature", "geometry": {"type": "LineString", "coordinates": [[-84.3198802, 33.7666156], [-84.320064, 33.7669557], [-84.320134, 33.7670683], [-84.3202251, 33.7671362], [-84.3203435, 33.7672009]]}, "properties": {"surface": "", "highway": "footway"}}, {"type": "Feature", "geometry": {"type": "LineString", "coordinates": [[-84.3203435, 33.7672009], [-84.3204057, 33.7672049], [-84.3204977, 33.7672029], [-84.3206806, 33.7672068], [-84.3211643, 33.7672088]]}, "properties": {"surface": "", "highway": "footway"}}, {"type": "Feature", "geometry": {"type": "LineString", "coordinates": [[-84.3211643, 33.7672088], [-84.3219415, 33.7672236], [-84.3227643, 33.767232]]}, "properties": {"surface": "", "highway": "footway"}}, {"type": "Feature", "geometry": {"type": "LineString", "coordinates": [[-84.3227643, 33.767232], [-84.3233076, 33.7672439], [-84.3236509, 33.7672528]]}, "properties": {"surface": "", "highway": "footway"}}, {"type": "Feature", "geometry": {"type": "LineString", "coordinates": [[-84.3236507, 33.7671296], [-84.323267, 33.767125], [-84.3229287, 33.767117], [-84.3225952, 33.7671066], [-84.3223249, 33.7671055]]}, "properties": {"surface": "", "highway": "footway"}}, {"type": "Feature", "geometry": {"type": "LineString", "coordinates": [[-84.3223249, 33.7671055], [-84.3219453, 33.7670994], [-84.3213681, 33.7670861]]}, "properties": {"surface": "", "highway": "footway"}}, {"type": "Feature", "geometry": {"type": "LineString", "coordinates": [[-84.3213681, 33.7670861], [-84.3207752, 33.7670805], [-84.32044, 33.7670748]]}, "properties": {"surface": "", "highway": "footway"}}, {"type": "Feature", "geometry": {"type": "LineString", "coordinates": [[-84.32044, 33.7670748], [-84.3204046, 33.7670804], [-84.320344, 33.7670556], [-84.3202629, 33.767007], [-84.3202269, 33.7669651], [-84.3201745, 33.7668994], [-84.3200793, 33.7667229]]}, "properties": {"surface": "", "highway": "footway"}}, {"type": "Feature", "geometry": {"type": "LineString", "coordinates": [[-84.3218894, 33.7617913], [-84.3217406, 33.7618817], [-84.321598, 33.7619785]]}, "properties": {"surface": "", "highway": "footway"}}, {"type": "Feature", "geometry": {"type": "LineString", "coordinates": [[-84.3215036, 33.7620335], [-84.3212922, 33.762153], [-84.3208605, 33.7623997]]}, "properties": {"surface": "", "highway": "footway"}}, {"type": "Feature", "geometry": {"type": "LineString", "coordinates": [[-84.3208605, 33.7623997], [-84.3207505, 33.7624652], [-84.3206466, 33.762527], [-84.3204828, 33.7626244], [-84.3199763, 33.7629198], [-84.3199567, 33.7629466], [-84.3199281, 33.7629875]]}, "properties": {"surface": "", "highway": "footway"}}, {"type": "Feature", "geometry": {"type": "LineString", "coordinates": [[-84.3199106, 33.762771], [-84.3197226, 33.7624694]]}, "properties": {"surface": "", "highway": "footway"}}, {"type": "Feature", "geometry": {"type": "LineString", "coordinates": [[-84.3195362, 33.762593], [-84.3196683, 33.7628235], [-84.3196797, 33.76291]]}, "properties": {"surface": "", "highway": "footway"}}, {"type": "Feature", "geometry": {"type": "LineString", "coordinates": [[-84.3197463, 33.7630811], [-84.3196972, 33.7630857], [-84.3194886, 33.7632118], [-84.3190432, 33.763476]]}, "properties": {"surface": "", "highway": "footway"}}, {"type": "Feature", "geometry": {"type": "LineString", "coordinates": [[-84.3190432, 33.763476], [-84.3185408, 33.7637741], [-84.3183435, 33.7638862], [-84.3181223, 33.764023]]}, "properties": {"surface": "", "highway": "footway"}}, {"type": "Feature", "geometry": {"type": "LineString", "coordinates": [[-84.3169347, 33.764712], [-84.316773, 33.7647733], [-84.3165042, 33.7648584], [-84.3159966, 33.7650298], [-84.3159177, 33.7650745], [-84.3158274, 33.765114]]}, "properties": {"surface": "", "highway": "footway"}}, {"type": "Feature", "geometry": {"type": "LineString", "coordinates": [[-84.3505257, 33.7678563], [-84.3503981, 33.7675427], [-84.3503789, 33.7674825], [-84.3503433, 33.767394], [-84.3502688, 33.7672475], [-84.3502098, 33.7671347], [-84.350137, 33.7670249], [-84.3500282, 33.7668718], [-84.3500058, 33.766838]]}, "properties": {"surface": "", "highway": "footway"}}, {"type": "Feature", "geometry": {"type": "LineString", "coordinates": [[-84.349002, 33.7658477], [-84.3490087, 33.765749]]}, "properties": {"surface": "", "highway": "footway"}}, {"type": "Feature", "geometry": {"type": "LineString", "coordinates": [[-84.3490021, 33.765518], [-84.3490034, 33.7655039]]}, "properties": {"surface": "", "highway": "footway"}}, {"type": "Feature", "geometry": {"type": "LineString", "coordinates": [[-84.3493462, 33.7650592], [-84.3493665, 33.7650378], [-84.3493731, 33.765034], [-84.3494164, 33.7650254], [-84.3497766, 33.7650194]]}, "properties": {"surface": "", "highway": "footway"}}, {"type": "Feature", "geometry": {"type": "LineString", "coordinates": [[-84.3488024, 33.765664], [-84.3489369, 33.7655433], [-84.3490034, 33.7655039], [-84.3490493, 33.7654375], [-84.3490613, 33.7654022], [-84.3490787, 33.765146], [-84.3490813, 33.7651196], [-84.3490914, 33.7650462]]}, "properties": {"surface": "concrete", "highway": "footway"}}, {"type": "Feature", "geometry": {"type": "LineString", "coordinates": [[-84.3491037, 33.7650521], [-84.3490914, 33.7650462]]}, "properties": {"surface": "", "highway": "footway"}}, {"type": "Feature", "geometry": {"type": "LineString", "coordinates": [[-84.3490914, 33.7650462], [-84.3490851, 33.7650169], [-84.3490796, 33.7650035]]}, "properties": {"surface": "", "highway": "footway"}}, {"type": "Feature", "geometry": {"type": "LineString", "coordinates": [[-84.3493634, 33.7650115], [-84.3493638, 33.7650149], [-84.3493665, 33.7650378]]}, "properties": {"surface": "", "highway": "footway"}}, {"type": "Feature", "geometry": {"type": "LineString", "coordinates": [[-84.3493381, 33.7648803], [-84.349358, 33.7648857], [-84.3493579, 33.7648975]]}, "properties": {"surface": "", "highway": "footway"}}, {"type": "Feature", "geometry": {"type": "LineString", "coordinates": [[-84.3481401, 33.7648862], [-84.3487825, 33.7648876], [-84.3489208, 33.7648879], [-84.3490781, 33.7648896]]}, "properties": {"surface": "concrete", "highway": "footway"}}, {"type": "Feature", "geometry": {"type": "LineString", "coordinates": [[-84.3490781, 33.7648896], [-84.3490885, 33.7648713]]}, "properties": {"surface": "concrete", "highway": "footway"}}, {"type": "Feature", "geometry": {"type": "LineString", "coordinates": [[-84.3490794, 33.7649065], [-84.3490781, 33.7648896]]}, "properties": {"surface": "", "highway": "footway"}}, {"type": "Feature", "geometry": {"type": "LineString", "coordinates": [[-84.3490885, 33.7648713], [-84.3491045, 33.7648717]]}, "properties": {"surface": "", "highway": "footway"}}, {"type": "Feature", "geometry": {"type": "LineString", "coordinates": [[-84.3490769, 33.7621448], [-84.3490842, 33.7621355]]}, "properties": {"surface": "", "highway": "footway"}}, {"type": "Feature", "geometry": {"type": "LineString", "coordinates": [[-84.3491134, 33.7678652], [-84.3491074, 33.767879]]}, "properties": {"surface": "", "highway": "footway"}}, {"type": "Feature", "geometry": {"type": "LineString", "coordinates": [[-84.3489644, 33.7678775], [-84.3489508, 33.7678773]]}, "properties": {"surface": "", "highway": "footway"}}, {"type": "Feature", "geometry": {"type": "LineString", "coordinates": [[-84.3489508, 33.7678773], [-84.3489515, 33.7678464]]}, "properties": {"surface": "", "highway": "footway"}}, {"type": "Feature", "geometry": {"type": "LineString", "coordinates": [[-84.3480336, 33.7648935], [-84.3480129, 33.7648968]]}, "properties": {"surface": "", "highway": "footway"}}, {"type": "Feature", "geometry": {"type": "LineString", "coordinates": [[-84.3471037, 33.7650085], [-84.3470848, 33.7650075]]}, "properties": {"surface": "", "highway": "footway"}}, {"type": "Feature", "geometry": {"type": "LineString", "coordinates": [[-84.3469655, 33.7653989], [-84.3469777, 33.7650017]]}, "properties": {"surface": "", "highway": "footway"}}, {"type": "Feature", "geometry": {"type": "LineString", "coordinates": [[-84.3469878, 33.7649216], [-84.3469918, 33.7648874], [-84.3469644, 33.7648868]]}, "properties": {"surface": "", "highway": "footway"}}, {"type": "Feature", "geometry": {"type": "LineString", "coordinates": [[-84.3443314, 33.7648485], [-84.3443029, 33.7648465], [-84.3443032, 33.7648801]]}, "properties": {"surface": "", "highway": "footway"}}, {"type": "Feature", "geometry": {"type": "LineString", "coordinates": [[-84.3433255, 33.7648437], [-84.343306, 33.7648455]]}, "properties": {"surface": "", "highway": "footway"}}, {"type": "Feature", "geometry": {"type": "LineString", "coordinates": [[-84.343191, 33.7648446], [-84.3431808, 33.7648453]]}, "properties": {"surface": "", "highway": "footway"}}, {"type": "Feature", "geometry": {"type": "LineString", "coordinates": [[-84.3431753, 33.7648667], [-84.3431808, 33.7648453]]}, "properties": {"surface": "", "highway": "footway"}}, {"type": "Feature", "geometry": {"type": "LineString", "coordinates": [[-84.3431789, 33.7649476], [-84.3431794, 33.7649368]]}, "properties": {"surface": "", "highway": "footway"}}, {"type": "Feature", "geometry": {"type": "LineString", "coordinates": [[-84.3433425, 33.7632744], [-84.343342, 33.7632593]]}, "properties": {"surface": "", "highway": "footway"}}, {"type": "Feature", "geometry": {"type": "LineString", "coordinates": [[-84.3440251, 33.7613769], [-84.3437632, 33.7614201], [-84.3434306, 33.7614852], [-84.3433521, 33.7615105], [-84.3433555, 33.7616493], [-84.3433526, 33.761688], [-84.3433405, 33.76185], [-84.3433722, 33.761963], [-84.3433647, 33.7622137], [-84.3433638, 33.7622425], [-84.3433598, 33.7623757], [-84.343356, 33.7625013], [-84.3433521, 33.7626305], [-84.3433417, 33.7629767], [-84.3433372, 33.7631257]]}, "properties": {"surface": "", "highway": "footway"}}, {"type": "Feature", "geometry": {"type": "LineString", "coordinates": [[-84.3433377, 33.7631395], [-84.3433372, 33.7631257]]}, "properties": {"surface": "", "highway": "footway"}}, {"type": "Feature", "geometry": {"type": "LineString", "coordinates": [[-84.3433372, 33.7631257], [-84.3433044, 33.7631338]]}, "properties": {"surface": "", "highway": "footway"}}, {"type": "Feature", "geometry": {"type": "LineString", "coordinates": [[-84.3476558, 33.7667449], [-84.3476436, 33.7667381]]}, "properties": {"surface": "", "highway": "footway"}}, {"type": "Feature", "geometry": {"type": "LineString", "coordinates": [[-84.3475671, 33.766666], [-84.3475581, 33.7666585]]}, "properties": {"surface": "", "highway": "footway"}}, {"type": "Feature", "geometry": {"type": "LineString", "coordinates": [[-84.3446992, 33.7683515], [-84.3446866, 33.7683618]]}, "properties": {"surface": "", "highway": "footway"}}, {"type": "Feature", "geometry": {"type": "LineString", "coordinates": [[-84.3424317, 33.7711582], [-84.3424353, 33.7710936], [-84.3424571, 33.771027], [-84.3424825, 33.7709799], [-84.3425461, 33.7708191], [-84.3426186, 33.7706332], [-84.3426703, 33.7704777], [-84.3427117, 33.7702938], [-84.3427207, 33.7702862], [-84.3428029, 33.7702925]]}, "properties": {"surface": "", "highway": "footway"}}, {"type": "Feature", "geometry": {"type": "LineString", "coordinates": [[-84.3430011, 33.7695934], [-84.3431259, 33.7694279], [-84.343347, 33.7692113]]}, "properties": {"surface": "", "highway": "footway"}}, {"type": "Feature", "geometry": {"type": "LineString", "coordinates": [[-84.345023, 33.768372], [-84.3450165, 33.7683798], [-84.3450236, 33.7684897], [-84.345046, 33.7686584], [-84.3450707, 33.7689506], [-84.3451105, 33.7693147], [-84.3451386, 33.7696123], [-84.3451592, 33.7700066], [-84.3451613, 33.7700321], [-84.3451924, 33.7700436]]}, "properties": {"surface": "", "highway": "footway"}}, {"type": "Feature", "geometry": {"type": "LineString", "coordinates": [[-84.34518, 33.7690319], [-84.345193, 33.7691838], [-84.3452297, 33.7695432], [-84.3452575, 33.7699641], [-84.3452315, 33.7699736], [-84.3451876, 33.76998]]}, "properties": {"surface": "", "highway": "footway"}}, {"type": "Feature", "geometry": {"type": "LineString", "coordinates": [[-84.3451724, 33.7689378], [-84.3451704, 33.7689215], [-84.3451582, 33.7687606], [-84.3451462, 33.7685299], [-84.3451212, 33.7683271]]}, "properties": {"surface": "", "highway": "footway"}}, {"type": "Feature", "geometry": {"type": "LineString", "coordinates": [[-84.3451724, 33.7689378], [-84.3454209, 33.768937], [-84.3461019, 33.7689379], [-84.3471604, 33.7689419]]}, "properties": {"surface": "", "highway": "footway"}}, {"type": "Feature", "geometry": {"type": "LineString", "coordinates": [[-84.3472479, 33.7689419], [-84.3478124, 33.7689386], [-84.3483404, 33.7689476], [-84.3489165, 33.7689474]]}, "properties": {"surface": "", "highway": "footway"}}, {"type": "Feature", "geometry": {"type": "LineString", "coordinates": [[-84.34518, 33.7690319], [-84.3456513, 33.7690295], [-84.3463984, 33.7690322], [-84.3468944, 33.7690342], [-84.3472022, 33.7690301]]}, "properties": {"surface": "", "highway": "footway"}}, {"type": "Feature", "geometry": {"type": "LineString", "coordinates": [[-84.3489742, 33.7672171], [-84.3489716, 33.7673841], [-84.3489508, 33.7677573]]}, "properties": {"surface": "", "highway": "footway"}}, {"type": "Feature", "geometry": {"type": "LineString", "coordinates": [[-84.3489508, 33.7677573], [-84.3487171, 33.7677553], [-84.3485163, 33.7677545], [-84.348392, 33.7677518], [-84.3483204, 33.7677512], [-84.3482462, 33.7677632], [-84.3481294, 33.767789], [-84.3479954, 33.7678159], [-84.3478605, 33.7678466], [-84.3476663, 33.7678931], [-84.3474006, 33.7679462], [-84.3471005, 33.7680087], [-84.3468239, 33.768071], [-84.3464864, 33.7681476], [-84.3463943, 33.7681664], [-84.346362, 33.7681721], [-84.346341, 33.7681727], [-84.3463193, 33.7681636], [-84.3462098, 33.7680744], [-84.3460514, 33.7679356], [-84.3462244, 33.7678369], [-84.346487, 33.7676658], [-84.3466698, 33.7675423], [-84.3471046, 33.767192]]}, "properties": {"surface": "", "highway": "footway"}}, {"type": "Feature", "geometry": {"type": "LineString", "coordinates": [[-84.3432204, 33.7619901], [-84.343221, 33.7618491], [-84.3432264, 33.7617406], [-84.3432344, 33.7616514], [-84.3432344, 33.7616053], [-84.343229, 33.7615719], [-84.3432245, 33.761551]]}, "properties": {"surface": "", "highway": "footway"}}, {"type": "Feature", "geometry": {"type": "LineString", "coordinates": [[-84.343258, 33.7685536], [-84.3426989, 33.7685557], [-84.3426223, 33.7685568], [-84.3426005, 33.7685657], [-84.3425964, 33.7685893]]}, "properties": {"surface": "", "highway": "footway"}}, {"type": "Feature", "geometry": {"type": "LineString", "coordinates": [[-84.3495584, 33.7608199], [-84.3495667, 33.7608285]]}, "properties": {"surface": "", "highway": "footway"}}, {"type": "Feature", "geometry": {"type": "LineString", "coordinates": [[-84.3469883, 33.7608869], [-84.3470042, 33.7608869], [-84.3470026, 33.7609889]]}, "properties": {"surface": "", "highway": "footway"}}, {"type": "Feature", "geometry": {"type": "LineString", "coordinates": [[-84.3468583, 33.7609137], [-84.3468736, 33.7609048]]}, "properties": {"surface": "", "highway": "footway"}}, {"type": "Feature", "geometry": {"type": "LineString", "coordinates": [[-84.3364815, 33.78044], [-84.3366736, 33.7799761], [-84.3367035, 33.7799177], [-84.3368094, 33.7797212], [-84.3369465, 33.779469], [-84.3369967, 33.7793749], [-84.3372489, 33.7789743], [-84.3374232, 33.7787544], [-84.3377555, 33.7784391]]}, "properties": {"surface": "", "highway": "footway"}}, {"type": "Feature", "geometry": {"type": "LineString", "coordinates": [[-84.3377555, 33.7784391], [-84.3381819, 33.7781138], [-84.3384046, 33.7779251], [-84.3386469, 33.7777409], [-84.3389113, 33.7775318]]}, "properties": {"surface": "", "highway": "footway"}}, {"type": "Feature", "geometry": {"type": "LineString", "coordinates": [[-84.3389113, 33.7775318], [-84.3391138, 33.7773901], [-84.3395184, 33.777155], [-84.3403025, 33.7767536], [-84.3404451, 33.7766811], [-84.3406138, 33.7765872], [-84.340972, 33.7763856], [-84.3410437, 33.7763326], [-84.341104, 33.7762733], [-84.3411461, 33.7762255], [-84.3411922, 33.7761621], [-84.3412271, 33.7761091], [-84.3412716, 33.7760235]]}, "properties": {"surface": "", "highway": "footway"}}, {"type": "Feature", "geometry": {"type": "LineString", "coordinates": [[-84.3372054, 33.7739894], [-84.3371563, 33.7741108], [-84.3369531, 33.7746873], [-84.3369332, 33.7747489], [-84.3369027, 33.7748173], [-84.336873, 33.7748839]]}, "properties": {"surface": "", "highway": "footway"}}, {"type": "Feature", "geometry": {"type": "LineString", "coordinates": [[-84.3371307, 33.7737621], [-84.3371199, 33.7737399]]}, "properties": {"surface": "", "highway": "footway"}}, {"type": "Feature", "geometry": {"type": "LineString", "coordinates": [[-84.3371506, 33.7737376], [-84.3371199, 33.7737399]]}, "properties": {"surface": "asphalt", "highway": "footway"}}, {"type": "Feature", "geometry": {"type": "LineString", "coordinates": [[-84.3360832, 33.774052], [-84.3359082, 33.7740616], [-84.335526, 33.7740755], [-84.3354289, 33.7740802], [-84.3351919, 33.7740941], [-84.3343121, 33.7741464], [-84.3341832, 33.7741582], [-84.3340229, 33.7741687], [-84.3336488, 33.7741833], [-84.3336094, 33.7741848], [-84.3334702, 33.7741877], [-84.3332274, 33.7741884], [-84.3330286, 33.7741694], [-84.3329749, 33.7741639], [-84.3328115, 33.7741483], [-84.3323933, 33.7740674], [-84.3318707, 33.7739647], [-84.3309975, 33.7737888], [-84.3309038, 33.7737677]]}, "properties": {"surface": "concrete", "highway": "footway"}}, {"type": "Feature", "geometry": {"type": "LineString", "coordinates": [[-84.3369999, 33.7739983], [-84.3369083, 33.7740072], [-84.336794, 33.7740172], [-84.3366, 33.7740255], [-84.3362196, 33.7740446], [-84.3361811, 33.7740467]]}, "properties": {"surface": "", "highway": "footway"}}, {"type": "Feature", "geometry": {"type": "LineString", "coordinates": [[-84.3361811, 33.7740467], [-84.3360832, 33.774052]]}, "properties": {"surface": "", "highway": "footway"}}, {"type": "Feature", "geometry": {"type": "LineString", "coordinates": [[-84.337282, 33.7736974], [-84.3373318, 33.7734138], [-84.3374099, 33.7729626], [-84.3374352, 33.7728256], [-84.3374711, 33.772735], [-84.3375004, 33.7726773], [-84.3375509, 33.7726088], [-84.3375894, 33.7725657], [-84.3376598, 33.772505], [-84.3377064, 33.7724796], [-84.3377808, 33.7724597], [-84.3378472, 33.7724553], [-84.337911, 33.7724553], [-84.3383248, 33.7724655], [-84.3387505, 33.772478], [-84.3389168, 33.7724851], [-84.3391433, 33.7725062], [-84.3395005, 33.7725811], [-84.339608, 33.772608], [-84.3397099, 33.7726389], [-84.3398885, 33.7726858], [-84.3401271, 33.7727527], [-84.3402655, 33.7727923], [-84.3403598, 33.7728133], [-84.3405213, 33.7728393], [-84.3406575, 33.7728597], [-84.3408343, 33.7728746], [-84.3410311, 33.772891], [-84.341246, 33.7729035], [-84.3414002, 33.7729059], [-84.3415718, 33.7729064]]}, "properties": {"surface": "", "highway": "footway"}}, {"type": "Feature", "geometry": {"type": "LineString", "coordinates": [[-84.3417482, 33.7728925], [-84.3417783, 33.7728925]]}, "properties": {"surface": "", "highway": "footway"}}, {"type": "Feature", "geometry": {"type": "LineString", "coordinates": [[-84.3415718, 33.7729064], [-84.3415931, 33.7728987]]}, "properties": {"surface": "", "highway": "footway"}}, {"type": "Feature", "geometry": {"type": "LineString", "coordinates": [[-84.3417468, 33.7744687], [-84.3417618, 33.7743099], [-84.3417896, 33.7740954], [-84.3418037, 33.7738994], [-84.3417997, 33.7737514], [-84.3417959, 33.7737195], [-84.3417818, 33.7736846], [-84.3417832, 33.773655], [-84.3417546, 33.7735384], [-84.3417175, 33.7733873], [-84.3416367, 33.7730789], [-84.3415718, 33.7729064]]}, "properties": {"surface": "", "highway": "footway"}}, {"type": "Feature", "geometry": {"type": "LineString", "coordinates": [[-84.3647845, 33.7732325], [-84.3644646, 33.773282], [-84.3640059, 33.7733889], [-84.3638613, 33.7734211], [-84.3637633, 33.7734568], [-84.3637474, 33.7734467], [-84.3637113, 33.7734295], [-84.3636, 33.773242], [-84.3636026, 33.773209]]}, "properties": {"surface": "", "highway": "footway"}}, {"type": "Feature", "geometry": {"type": "LineString", "coordinates": [[-84.352621, 33.7724945], [-84.3527079, 33.7724938], [-84.3534282, 33.7724938]]}, "properties": {"surface": "", "highway": "footway"}}, {"type": "Feature", "geometry": {"type": "LineString", "coordinates": [[-84.3610781, 33.7737268], [-84.3610789, 33.7736348]]}, "properties": {"surface": "", "highway": "footway"}}, {"type": "Feature", "geometry": {"type": "LineString", "coordinates": [[-84.3623594, 33.7712242], [-84.3623705, 33.7712242], [-84.3630098, 33.771222]]}, "properties": {"surface": "", "highway": "footway"}}, {"type": "Feature", "geometry": {"type": "LineString", "coordinates": [[-84.3218672, 33.7806514], [-84.3220128, 33.7806865], [-84.3222875, 33.7807495], [-84.3227508, 33.7809138], [-84.3228216, 33.7809188], [-84.3229124, 33.780912], [-84.3229169, 33.7809095], [-84.3229628, 33.7808842], [-84.3230102, 33.7808515], [-84.3230305, 33.7808194], [-84.3230645, 33.7807422], [-84.3231064, 33.7806164], [-84.323262, 33.7801943], [-84.3234583, 33.7797658], [-84.3236107, 33.7795007], [-84.3237371, 33.7792947], [-84.3238822, 33.7791128], [-84.3239966, 33.7789866], [-84.3240901, 33.7789234], [-84.3242298, 33.778862], [-84.324409, 33.7788034], [-84.3246467, 33.7787237], [-84.3247444, 33.7786741], [-84.3248518, 33.7786197], [-84.3250214, 33.7784955], [-84.3251229, 33.778386], [-84.3251885, 33.778276], [-84.3252189, 33.7782165], [-84.3252547, 33.7781303], [-84.3252435, 33.7779326], [-84.3251321, 33.7777096], [-84.3250147, 33.7775135], [-84.3248831, 33.7772001], [-84.3248581, 33.776992], [-84.3249249, 33.7768136], [-84.3249987, 33.7767159], [-84.3252318, 33.7765843], [-84.3253875, 33.7765443], [-84.3255212, 33.7765429], [-84.3257614, 33.7766003], [-84.3258995, 33.7766604], [-84.3264204, 33.7769597], [-84.3264663, 33.7769851], [-84.3266122, 33.7770826], [-84.3268502, 33.7772196], [-84.3269429, 33.7772706], [-84.3270556, 33.7772966], [-84.3271911, 33.7773], [-84.327348, 33.777281], [-84.3274363, 33.7772656], [-84.3275472, 33.7772178], [-84.3277121, 33.7771358], [-84.327839, 33.7770556], [-84.3279445, 33.7769634], [-84.3280125, 33.7768861], [-84.3280515, 33.776852], [-84.3281143, 33.7767293], [-84.3281815, 33.7766166], [-84.3282304, 33.7765296], [-84.3282735, 33.7764391], [-84.3282906, 33.7764033], [-84.3284136, 33.776173], [-84.3286499, 33.7758214], [-84.3288342, 33.7756369], [-84.3288636, 33.7756075], [-84.3292425, 33.7753184], [-84.3295014, 33.7751429], [-84.3298792, 33.7749027], [-84.3301578, 33.774725], [-84.3303151, 33.7746271], [-84.3304671, 33.7744745], [-84.33056, 33.7743536], [-84.3306413, 33.774097], [-84.330744, 33.7737374]]}, "properties": {"surface": "", "highway": "footway"}}, {"type": "Feature", "geometry": {"type": "LineString", "coordinates": [[-84.3296508, 33.7751322], [-84.3297048, 33.7751488], [-84.3297331, 33.7751331], [-84.3299632, 33.7749781], [-84.330183, 33.7748515], [-84.3303911, 33.7747175], [-84.3305831, 33.7745524], [-84.3306692, 33.77443], [-84.3307444, 33.7742399], [-84.3307668, 33.7741609], [-84.3308165, 33.7740058], [-84.3309038, 33.7737677]]}, "properties": {"surface": "", "highway": "footway"}}, {"type": "Feature", "geometry": {"type": "LineString", "coordinates": [[-84.3309141, 33.773758], [-84.3309038, 33.7737677], [-84.3308877, 33.7737642]]}, "properties": {"surface": "asphalt", "highway": "footway"}}, {"type": "Feature", "geometry": {"type": "LineString", "coordinates": [[-84.33077, 33.7737417], [-84.330744, 33.7737374], [-84.3307565, 33.7737206]]}, "properties": {"surface": "asphalt", "highway": "footway"}}, {"type": "Feature", "geometry": {"type": "LineString", "coordinates": [[-84.3310799, 33.7736552], [-84.3310691, 33.7736617]]}, "properties": {"surface": "asphalt", "highway": "footway"}}, {"type": "Feature", "geometry": {"type": "LineString", "coordinates": [[-84.3310799, 33.7736552], [-84.3310642, 33.7736468]]}, "properties": {"surface": "asphalt", "highway": "footway"}}, {"type": "Feature", "geometry": {"type": "LineString", "coordinates": [[-84.3308656, 33.7736096], [-84.330844, 33.7736055]]}, "properties": {"surface": "asphalt", "highway": "footway"}}, {"type": "Feature", "geometry": {"type": "LineString", "coordinates": [[-84.3308351, 33.7736171], [-84.330844, 33.7736055]]}, "properties": {"surface": "asphalt", "highway": "footway"}}, {"type": "Feature", "geometry": {"type": "LineString", "coordinates": [[-84.330744, 33.7737374], [-84.3306561, 33.7737206], [-84.3302432, 33.7736369], [-84.3300816, 33.7736004], [-84.3295616, 33.773438], [-84.3292665, 33.7732974], [-84.3291862, 33.7732518], [-84.3289493, 33.77312], [-84.3284363, 33.7728364], [-84.327886, 33.7725449], [-84.3276935, 33.772444], [-84.3272919, 33.7722621], [-84.3270858, 33.7721854], [-84.3268445, 33.7721], [-84.3267718, 33.7720792], [-84.3264577, 33.7719913], [-84.3261394, 33.771914], [-84.3256172, 33.7718205], [-84.325273, 33.7717747]]}, "properties": {"surface": "concrete", "highway": "footway"}}, {"type": "Feature", "geometry": {"type": "LineString", "coordinates": [[-84.3307489, 33.7705186], [-84.3307481, 33.7704468], [-84.3307396, 33.7696541], [-84.3307364, 33.769035]]}, "properties": {"surface": "", "highway": "footway"}}, {"type": "Feature", "geometry": {"type": "LineString", "coordinates": [[-84.3252214, 33.7648472], [-84.3251842, 33.7648416]]}, "properties": {"surface": "", "highway": "footway"}}, {"type": "Feature", "geometry": {"type": "LineString", "coordinates": [[-84.3250462, 33.7646969], [-84.3250729, 33.7647014]]}, "properties": {"surface": "", "highway": "footway"}}, {"type": "Feature", "geometry": {"type": "LineString", "coordinates": [[-84.3251034, 33.7709694], [-84.3251613, 33.7706481], [-84.3251917, 33.7704975], [-84.3251932, 33.7704691], [-84.3251924, 33.7704412], [-84.3251878, 33.7704005], [-84.3251815, 33.7703668], [-84.3250174, 33.7700252], [-84.3249241, 33.7698512], [-84.3247523, 33.7695715], [-84.3247192, 33.7693734], [-84.3247006, 33.7690616], [-84.3247278, 33.7688867], [-84.3247459, 33.7685344], [-84.3247509, 33.7683542], [-84.3247743, 33.7681814], [-84.3248185, 33.7679464], [-84.3248738, 33.767792], [-84.3249385, 33.7676159], [-84.3250755, 33.7673544], [-84.3252975, 33.7670761], [-84.3254544, 33.7668724], [-84.3255959, 33.7666235], [-84.3256482, 33.7664316], [-84.3256588, 33.7663002], [-84.3256696, 33.76597], [-84.3256696, 33.7658282], [-84.3256569, 33.7657702], [-84.3256049, 33.7655513]]}, "properties": {"surface": "", "highway": "footway"}}, {"type": "Feature", "geometry": {"type": "LineString", "coordinates": [[-84.3246089, 33.768248], [-84.3246117, 33.7682261], [-84.3246164, 33.7682096], [-84.3246301, 33.7681618], [-84.324699, 33.7679201], [-84.3247425, 33.7677642], [-84.324878, 33.7674491], [-84.3249538, 33.767309], [-84.325241, 33.7668929], [-84.3253304, 33.7667746], [-84.3254143, 33.7666571], [-84.3254899, 33.7664977], [-84.3255202, 33.7662309], [-84.3255141, 33.7658638], [-84.325511, 33.7658301], [-84.3254987, 33.7657586], [-84.3254443, 33.7655241], [-84.3253188, 33.765106], [-84.3252423, 33.7648955], [-84.3252153, 33.764882], [-84.325176, 33.7648745], [-84.3251842, 33.7648416]]}, "properties": {"surface": "", "highway": "footway"}}, {"type": "Feature", "geometry": {"type": "LineString", "coordinates": [[-84.3249337, 33.7708833], [-84.3249411, 33.7708462], [-84.3249554, 33.770754], [-84.3250151, 33.7705092], [-84.3250209, 33.7704181], [-84.3250119, 33.7703705], [-84.3249942, 33.7702969], [-84.3248282, 33.7700159], [-84.3247244, 33.7697923], [-84.3246587, 33.7697002], [-84.3245907, 33.7695522], [-84.3245415, 33.7691702], [-84.3245384, 33.7689248], [-84.324557, 33.768651], [-84.3245721, 33.768535], [-84.324582, 33.7684597], [-84.3245856, 33.7684333]]}, "properties": {"surface": "", "highway": "footway"}}, {"type": "Feature", "geometry": {"type": "LineString", "coordinates": [[-84.3233186, 33.7627046], [-84.3229348, 33.7620398]]}, "properties": {"surface": "", "highway": "footway"}}, {"type": "Feature", "geometry": {"type": "LineString", "coordinates": [[-84.324377, 33.761886], [-84.3243046, 33.7618771], [-84.3242924, 33.761868], [-84.3243133, 33.7617316], [-84.3243242, 33.7616475], [-84.324305, 33.7614822], [-84.3242411, 33.7611624]]}, "properties": {"surface": "", "highway": "footway"}}, {"type": "Feature", "geometry": {"type": "LineString", "coordinates": [[-84.323444, 33.7626506], [-84.3234645, 33.7626547], [-84.3234855, 33.7626463], [-84.3235722, 33.7626135], [-84.3235872, 33.7626226], [-84.3236064, 33.762672]]}, "properties": {"surface": "", "highway": "footway"}}, {"type": "Feature", "geometry": {"type": "LineString", "coordinates": [[-84.3664728, 33.7512027], [-84.3665364, 33.7511871], [-84.3665558, 33.7511793], [-84.3665746, 33.7511611], [-84.3665959, 33.751128], [-84.3666146, 33.7510991], [-84.3666284, 33.7510669], [-84.3666377, 33.7509941], [-84.3666465, 33.7506232], [-84.3666515, 33.7503319], [-84.3666584, 33.7501191], [-84.3666623, 33.7494247], [-84.3666708, 33.7489335], [-84.3666775, 33.7482948]]}, "properties": {"surface": "", "highway": "footway"}}, {"type": "Feature", "geometry": {"type": "LineString", "coordinates": [[-84.366787, 33.748286], [-84.3667733, 33.7488091]]}, "properties": {"surface": "", "highway": "footway"}}, {"type": "Feature", "geometry": {"type": "LineString", "coordinates": [[-84.366773, 33.7488705], [-84.3667697, 33.7495873], [-84.3667659, 33.7500399], [-84.366747, 33.7505958], [-84.3667417, 33.7511238]]}, "properties": {"surface": "", "highway": "footway"}}, {"type": "Feature", "geometry": {"type": "LineString", "coordinates": [[-84.3665959, 33.751128], [-84.3666107, 33.7511346]]}, "properties": {"surface": "", "highway": "footway"}}, {"type": "Feature", "geometry": {"type": "LineString", "coordinates": [[-84.3648299, 33.7502828], [-84.3649232, 33.7502879], [-84.3649913, 33.7502903], [-84.3652575, 33.7502927], [-84.3653066, 33.7502923], [-84.3653574, 33.7502834], [-84.365629, 33.7502162], [-84.3659312, 33.7501307]]}, "properties": {"surface": "", "highway": "footway"}}, {"type": "Feature", "geometry": {"type": "LineString", "coordinates": [[-84.3660287, 33.7502059], [-84.3660406, 33.7502021]]}, "properties": {"surface": "", "highway": "footway"}}, {"type": "Feature", "geometry": {"type": "LineString", "coordinates": [[-84.3659312, 33.7501307], [-84.3659249, 33.750102], [-84.365767, 33.7497555], [-84.3656638, 33.7494782], [-84.3656522, 33.74945], [-84.3656468, 33.7494128], [-84.3656468, 33.7493712], [-84.3656468, 33.7489485], [-84.3656506, 33.7482772]]}, "properties": {"surface": "", "highway": "footway"}}, {"type": "Feature", "geometry": {"type": "LineString", "coordinates": [[-84.3657397, 33.7482796], [-84.3657315, 33.7487591], [-84.365724, 33.7492833], [-84.3657286, 33.7493962], [-84.3657372, 33.7494293], [-84.3658694, 33.7497833], [-84.3660047, 33.7501143], [-84.3660406, 33.7502021], [-84.3662711, 33.7507185], [-84.3664728, 33.7512027]]}, "properties": {"surface": "", "highway": "footway"}}, {"type": "Feature", "geometry": {"type": "LineString", "coordinates": [[-84.3667417, 33.7511238], [-84.3673258, 33.7509517]]}, "properties": {"surface": "", "highway": "footway"}}, {"type": "Feature", "geometry": {"type": "LineString", "coordinates": [[-84.3674108, 33.7509268], [-84.3679747, 33.7507552], [-84.3679901, 33.7507475], [-84.3679983, 33.750737], [-84.3680016, 33.7507328], [-84.3680039, 33.7507123], [-84.3680355, 33.7494724], [-84.3680455, 33.7489478]]}, "properties": {"surface": "", "highway": "footway"}}, {"type": "Feature", "geometry": {"type": "LineString", "coordinates": [[-84.3680501, 33.7488587], [-84.3680738, 33.7483174]]}, "properties": {"surface": "", "highway": "footway"}}, {"type": "Feature", "geometry": {"type": "LineString", "coordinates": [[-84.3680738, 33.7483174], [-84.3670915, 33.7482837], [-84.3668685, 33.7482778], [-84.366787, 33.748286]]}, "properties": {"surface": "", "highway": "footway"}}, {"type": "Feature", "geometry": {"type": "LineString", "coordinates": [[-84.3667845, 33.7481938], [-84.3673308, 33.748206]]}, "properties": {"surface": "", "highway": "footway"}}, {"type": "Feature", "geometry": {"type": "LineString", "coordinates": [[-84.3674108, 33.7509268], [-84.3674317, 33.7498654], [-84.36745, 33.7489071]]}, "properties": {"surface": "", "highway": "footway"}}, {"type": "Feature", "geometry": {"type": "LineString", "coordinates": [[-84.3673258, 33.7509517], [-84.3673155, 33.750885], [-84.3673155, 33.750838], [-84.3673522, 33.748913]]}, "properties": {"surface": "", "highway": "footway"}}, {"type": "Feature", "geometry": {"type": "LineString", "coordinates": [[-84.36745, 33.7489071], [-84.3676863, 33.7489138], [-84.3676986, 33.74891]]}, "properties": {"surface": "", "highway": "footway"}}, {"type": "Feature", "geometry": {"type": "LineString", "coordinates": [[-84.3676986, 33.74891], [-84.3677008, 33.7488819]]}, "properties": {"surface": "", "highway": "footway"}}, {"type": "Feature", "geometry": {"type": "LineString", "coordinates": [[-84.3673522, 33.748913], [-84.3673516, 33.7488635]]}, "properties": {"surface": "", "highway": "footway"}}, {"type": "Feature", "geometry": {"type": "LineString", "coordinates": [[-84.3630293, 33.7482477], [-84.363029, 33.7482157]]}, "properties": {"surface": "", "highway": "footway"}}, {"type": "Feature", "geometry": {"type": "LineString", "coordinates": [[-84.3623176, 33.7467272], [-84.3623154, 33.7469847], [-84.362322, 33.7471744], [-84.3623163, 33.7472777], [-84.3623002, 33.7473754], [-84.3622907, 33.7475056], [-84.3622793, 33.7479881], [-84.3622733, 33.7481602], [-84.3622733, 33.7481725], [-84.3622825, 33.7481801], [-84.3623638, 33.7481835], [-84.3627805, 33.7481953]]}, "properties": {"surface": "", "highway": "footway"}}, {"type": "Feature", "geometry": {"type": "LineString", "coordinates": [[-84.3627805, 33.7481953], [-84.3627816, 33.7482184]]}, "properties": {"surface": "", "highway": "footway"}}, {"type": "Feature", "geometry": {"type": "LineString", "coordinates": [[-84.3624345, 33.7467285], [-84.3630331, 33.7467458]]}, "properties": {"surface": "", "highway": "footway"}}, {"type": "Feature", "geometry": {"type": "LineString", "coordinates": [[-84.3630331, 33.7467458], [-84.363019, 33.7470583], [-84.3630217, 33.7472989], [-84.3630236, 33.7473113], [-84.3630318, 33.7473205]]}, "properties": {"surface": "", "highway": "footway"}}, {"type": "Feature", "geometry": {"type": "LineString", "coordinates": [[-84.3630841, 33.7473197], [-84.3630318, 33.7473205]]}, "properties": {"surface": "", "highway": "footway"}}, {"type": "Feature", "geometry": {"type": "LineString", "coordinates": [[-84.3630476, 33.7473499], [-84.3630458, 33.7477411], [-84.3630408, 33.7477697], [-84.3630386, 33.747783], [-84.3630439, 33.7477962]]}, "properties": {"surface": "", "highway": "footway"}}, {"type": "Feature", "geometry": {"type": "LineString", "coordinates": [[-84.3630439, 33.7477962], [-84.363065, 33.7478123]]}, "properties": {"surface": "", "highway": "footway"}}, {"type": "Feature", "geometry": {"type": "LineString", "coordinates": [[-84.3673308, 33.748206], [-84.3673542, 33.7471023], [-84.3673569, 33.7469778]]}, "properties": {"surface": "", "highway": "footway"}}, {"type": "Feature", "geometry": {"type": "LineString", "coordinates": [[-84.3674748, 33.7470982], [-84.3674529, 33.7470979]]}, "properties": {"surface": "", "highway": "footway"}}, {"type": "Feature", "geometry": {"type": "LineString", "coordinates": [[-84.3673782, 33.7471023], [-84.3673542, 33.7471023]]}, "properties": {"surface": "", "highway": "footway"}}, {"type": "Feature", "geometry": {"type": "LineString", "coordinates": [[-84.3667845, 33.7481938], [-84.3667917, 33.7474276], [-84.3668062, 33.7467763]]}, "properties": {"surface": "", "highway": "footway"}}, {"type": "Feature", "geometry": {"type": "LineString", "coordinates": [[-84.3666766, 33.7482002], [-84.3666823, 33.7479541], [-84.3666916, 33.7471098], [-84.3666869, 33.7467774]]}, "properties": {"surface": "", "highway": "footway"}}, {"type": "Feature", "geometry": {"type": "LineString", "coordinates": [[-84.3666775, 33.7482948], [-84.3665472, 33.7482877], [-84.3664169, 33.7482822], [-84.3657397, 33.7482796]]}, "properties": {"surface": "", "highway": "footway"}}, {"type": "Feature", "geometry": {"type": "LineString", "coordinates": [[-84.3666766, 33.7482002], [-84.3657397, 33.748212]]}, "properties": {"surface": "", "highway": "footway"}}, {"type": "Feature", "geometry": {"type": "LineString", "coordinates": [[-84.3657397, 33.748212], [-84.3657542, 33.7473185], [-84.3657629, 33.7467662]]}, "properties": {"surface": "", "highway": "footway"}}, {"type": "Feature", "geometry": {"type": "LineString", "coordinates": [[-84.3656528, 33.7482073], [-84.3656564, 33.7477634], [-84.3656676, 33.7471224], [-84.3656675, 33.7468583], [-84.3656668, 33.7468142], [-84.3656636, 33.7467931], [-84.3656586, 33.7467669]]}, "properties": {"surface": "", "highway": "footway"}}, {"type": "Feature", "geometry": {"type": "LineString", "coordinates": [[-84.3656528, 33.7482073], [-84.3647225, 33.7482037]]}, "properties": {"surface": "", "highway": "footway"}}, {"type": "Feature", "geometry": {"type": "LineString", "coordinates": [[-84.3592243, 33.7710408], [-84.3580628, 33.7710353], [-84.3574226, 33.7710322]]}, "properties": {"surface": "", "highway": "footway"}}, {"type": "Feature", "geometry": {"type": "LineString", "coordinates": [[-84.3574226, 33.7710322], [-84.3574239, 33.7709761], [-84.3573753, 33.7707752], [-84.3571124, 33.7702645], [-84.3568806, 33.7699599], [-84.3566066, 33.7697043]]}, "properties": {"surface": "concrete", "highway": "footway"}}, {"type": "Feature", "geometry": {"type": "LineString", "coordinates": [[-84.357426, 33.7711408], [-84.3582753, 33.7711513], [-84.3583424, 33.7711476], [-84.359306, 33.7711628]]}, "properties": {"surface": "", "highway": "footway"}}, {"type": "Feature", "geometry": {"type": "LineString", "coordinates": [[-84.3572743, 33.7710332], [-84.3554905, 33.7710152], [-84.3545041, 33.7710174]]}, "properties": {"surface": "", "highway": "footway"}}, {"type": "Feature", "geometry": {"type": "LineString", "coordinates": [[-84.3542666, 33.7710153], [-84.3529773, 33.7710146], [-84.3525991, 33.7710141]]}, "properties": {"surface": "", "highway": "footway"}}, {"type": "Feature", "geometry": {"type": "LineString", "coordinates": [[-84.3508419, 33.7711271], [-84.350908, 33.7711231], [-84.3519199, 33.7711244], [-84.3522708, 33.7711257], [-84.3524402, 33.7711285], [-84.3524468, 33.7711289]]}, "properties": {"surface": "concrete", "highway": "footway"}}, {"type": "Feature", "geometry": {"type": "LineString", "coordinates": [[-84.362209, 33.7710426], [-84.3617833, 33.7710469], [-84.3616589, 33.7710471], [-84.3611524, 33.7710428], [-84.3610655, 33.7710422]]}, "properties": {"surface": "", "highway": "footway"}}, {"type": "Feature", "geometry": {"type": "LineString", "coordinates": [[-84.3610882, 33.7712215], [-84.3622044, 33.7712203]]}, "properties": {"surface": "", "highway": "footway"}}, {"type": "Feature", "geometry": {"type": "LineString", "coordinates": [[-84.3572743, 33.7710332], [-84.3572461, 33.7708556], [-84.3572205, 33.7707657], [-84.3571733, 33.7706593], [-84.3570885, 33.7704742], [-84.3570424, 33.7703959], [-84.3567421, 33.7700028], [-84.3566873, 33.7699408], [-84.3565003, 33.7697557]]}, "properties": {"surface": "", "highway": "footway"}}, {"type": "Feature", "geometry": {"type": "LineString", "coordinates": [[-84.3566066, 33.7697043], [-84.356494, 33.7696028], [-84.3564732, 33.7695835], [-84.3561678, 33.7693001], [-84.3559373, 33.7691789], [-84.3554227, 33.7689251], [-84.3552598, 33.7688416]]}, "properties": {"surface": "concrete", "highway": "footway"}}, {"type": "Feature", "geometry": {"type": "LineString", "coordinates": [[-84.3563996, 33.7696757], [-84.3558584, 33.7692991], [-84.3557749, 33.7692458], [-84.3556519, 33.7691776], [-84.3552348, 33.7689611]]}, "properties": {"surface": "", "highway": "footway"}}, {"type": "Feature", "geometry": {"type": "LineString", "coordinates": [[-84.3552028, 33.7688409], [-84.3551926, 33.7688431], [-84.3540507, 33.7696724], [-84.3536953, 33.7699371], [-84.3536636, 33.7699608], [-84.353648, 33.7699889], [-84.3536337, 33.7700234], [-84.3536039, 33.7700655], [-84.3535687, 33.7701119], [-84.3535199, 33.7701546], [-84.3534265, 33.7702187], [-84.3528308, 33.7704913], [-84.3527737, 33.7705118], [-84.3526891, 33.770533], [-84.3525901, 33.7705374]]}, "properties": {"surface": "", "highway": "footway"}}, {"type": "Feature", "geometry": {"type": "LineString", "coordinates": [[-84.3552348, 33.7689611], [-84.3552263, 33.7689588], [-84.3552143, 33.7689615], [-84.3543123, 33.7696248], [-84.3538386, 33.7699982], [-84.3537934, 33.7700424], [-84.3537628, 33.7700743], [-84.3537074, 33.7701378], [-84.3536469, 33.7701946], [-84.353591, 33.7702421], [-84.3535351, 33.7702782], [-84.3534287, 33.7703343], [-84.3531641, 33.7704561], [-84.3529566, 33.7705432], [-84.3528318, 33.7705956], [-84.3525928, 33.770678]]}, "properties": {"surface": "", "highway": "footway"}}, {"type": "Feature", "geometry": {"type": "LineString", "coordinates": [[-84.3552598, 33.7688416], [-84.3552437, 33.7688386], [-84.3552176, 33.7688378], [-84.3552028, 33.7688409]]}, "properties": {"surface": "", "highway": "footway"}}, {"type": "Feature", "geometry": {"type": "LineString", "coordinates": [[-84.3552028, 33.7688409], [-84.3551987, 33.7688296], [-84.3551485, 33.7687563]]}, "properties": {"surface": "", "highway": "path"}}, {"type": "Feature", "geometry": {"type": "LineString", "coordinates": [[-84.3525928, 33.770678], [-84.3525932, 33.7709433], [-84.3525991, 33.7710141]]}, "properties": {"surface": "", "highway": "footway"}}, {"type": "Feature", "geometry": {"type": "LineString", "coordinates": [[-84.3565003, 33.7697557], [-84.3561214, 33.7699536], [-84.3559906, 33.7700133], [-84.3558706, 33.7700673], [-84.3552725, 33.7702761], [-84.3549924, 33.7703601], [-84.3545641, 33.770535], [-84.3545176, 33.770565], [-84.3544983, 33.7706024], [-84.354494, 33.7707135], [-84.3545, 33.7708423], [-84.3545041, 33.7710174]]}, "properties": {"surface": "", "highway": "footway"}}, {"type": "Feature", "geometry": {"type": "LineString", "coordinates": [[-84.3563996, 33.7696757], [-84.3559972, 33.7698885], [-84.3557377, 33.769986], [-84.3553778, 33.7701098], [-84.3551727, 33.77018], [-84.3547812, 33.7702895], [-84.3545273, 33.7703859], [-84.3544516, 33.7704198], [-84.3543513, 33.7704641], [-84.3543124, 33.7704927], [-84.3542832, 33.7705329], [-84.3542706, 33.7705677], [-84.3542653, 33.7706435], [-84.3542666, 33.7710153]]}, "properties": {"surface": "", "highway": "footway"}}, {"type": "Feature", "geometry": {"type": "LineString", "coordinates": [[-84.3525903, 33.7713446], [-84.3526027, 33.7711267]]}, "properties": {"surface": "", "highway": "footway"}}, {"type": "Feature", "geometry": {"type": "LineString", "coordinates": [[-84.3525901, 33.7705374], [-84.352591, 33.7703173], [-84.3525977, 33.7699491], [-84.3525977, 33.7698734], [-84.3526233, 33.7693917]]}, "properties": {"surface": "", "highway": "footway"}}, {"type": "Feature", "geometry": {"type": "LineString", "coordinates": [[-84.3584281, 33.7683811], [-84.3584079, 33.7684109]]}, "properties": {"surface": "", "highway": "footway"}}, {"type": "Feature", "geometry": {"type": "LineString", "coordinates": [[-84.3612948, 33.7672491], [-84.3602451, 33.7675715], [-84.3594262, 33.7678418], [-84.3593525, 33.7678695]]}, "properties": {"surface": "", "highway": "footway"}}, {"type": "Feature", "geometry": {"type": "LineString", "coordinates": [[-84.3593525, 33.7678695], [-84.358977, 33.7680006]]}, "properties": {"surface": "", "highway": "footway"}}, {"type": "Feature", "geometry": {"type": "LineString", "coordinates": [[-84.358977, 33.7680006], [-84.3589493, 33.7680134], [-84.3589308, 33.7680339], [-84.3589298, 33.7680698], [-84.3589454, 33.7681256]]}, "properties": {"surface": "", "highway": "footway"}}, {"type": "Feature", "geometry": {"type": "LineString", "coordinates": [[-84.3557293, 33.7623841], [-84.3559915, 33.762341], [-84.3560184, 33.7623366], [-84.3561129, 33.7623119], [-84.3564416, 33.7622097], [-84.356621, 33.7621479], [-84.3567814, 33.7620822], [-84.3577915, 33.7616307]]}, "properties": {"surface": "", "highway": "footway"}}, {"type": "Feature", "geometry": {"type": "LineString", "coordinates": [[-84.3537493, 33.7660254], [-84.3538272, 33.7659503], [-84.3545319, 33.7653372], [-84.3547164, 33.7651749]]}, "properties": {"surface": "", "highway": "footway"}}, {"type": "Feature", "geometry": {"type": "LineString", "coordinates": [[-84.3579182, 33.7630926], [-84.3577395, 33.7631958], [-84.3573951, 33.7633878]]}, "properties": {"surface": "", "highway": "footway"}}, {"type": "Feature", "geometry": {"type": "LineString", "coordinates": [[-84.3534775, 33.764434], [-84.3534747, 33.764437]]}, "properties": {"surface": "", "highway": "footway"}}, {"type": "Feature", "geometry": {"type": "LineString", "coordinates": [[-84.3369999, 33.7739983], [-84.336968, 33.7741302], [-84.3369524, 33.7741755], [-84.3369041, 33.7743075], [-84.3368706, 33.774396], [-84.3368029, 33.7746224], [-84.336788, 33.7746765], [-84.3367937, 33.7747034], [-84.3368401, 33.7747433]]}, "properties": {"surface": "", "highway": "footway"}}, {"type": "Feature", "geometry": {"type": "LineString", "coordinates": [[-84.3418442, 33.7745808], [-84.3418501, 33.7745462]]}, "properties": {"surface": "", "highway": "footway"}}, {"type": "Feature", "geometry": {"type": "LineString", "coordinates": [[-84.3419394, 33.7745741], [-84.3418501, 33.7745462]]}, "properties": {"surface": "", "highway": "footway"}}, {"type": "Feature", "geometry": {"type": "LineString", "coordinates": [[-84.3416652, 33.7745922], [-84.341673, 33.7745723], [-84.3416806, 33.7745532]]}, "properties": {"surface": "", "highway": "footway"}}, {"type": "Feature", "geometry": {"type": "LineString", "coordinates": [[-84.3415725, 33.7746152], [-84.3416277, 33.774594], [-84.3416653, 33.7745759], [-84.341673, 33.7745723]]}, "properties": {"surface": "", "highway": "footway"}}, {"type": "Feature", "geometry": {"type": "LineString", "coordinates": [[-84.3418442, 33.7745808], [-84.3418104, 33.7745805]]}, "properties": {"surface": "", "highway": "footway"}}, {"type": "Feature", "geometry": {"type": "LineString", "coordinates": [[-84.341673, 33.7745723], [-84.3417056, 33.7745747]]}, "properties": {"surface": "", "highway": "footway"}}, {"type": "Feature", "geometry": {"type": "LineString", "coordinates": [[-84.3417815, 33.7748178], [-84.3417444, 33.7749157], [-84.341724, 33.7749574], [-84.3417001, 33.7750436], [-84.3416931, 33.7750716]]}, "properties": {"surface": "", "highway": "footway"}}, {"type": "Feature", "geometry": {"type": "LineString", "coordinates": [[-84.3591491, 33.7465394], [-84.3591548, 33.7464308], [-84.3591583, 33.7462037], [-84.3591601, 33.7460891], [-84.359165, 33.7459745]]}, "properties": {"surface": "", "highway": "footway"}}, {"type": "Feature", "geometry": {"type": "LineString", "coordinates": [[-84.3590082, 33.7465418], [-84.3590228, 33.7462594], [-84.3590506, 33.7459258], [-84.3590538, 33.7458877]]}, "properties": {"surface": "", "highway": "footway"}}, {"type": "Feature", "geometry": {"type": "LineString", "coordinates": [[-84.3557558, 33.7501575], [-84.3557719, 33.7501563], [-84.3559755, 33.7501542], [-84.3560007, 33.7501543], [-84.3565427, 33.7501573], [-84.3565593, 33.7501585]]}, "properties": {"surface": "", "highway": "footway"}}, {"type": "Feature", "geometry": {"type": "LineString", "coordinates": [[-84.3565593, 33.7501585], [-84.3565872, 33.7501568]]}, "properties": {"surface": "", "highway": "footway"}}, {"type": "Feature", "geometry": {"type": "LineString", "coordinates": [[-84.3565872, 33.7501568], [-84.3565874, 33.7501798]]}, "properties": {"surface": "", "highway": "footway"}}, {"type": "Feature", "geometry": {"type": "LineString", "coordinates": [[-84.3543814, 33.7493236], [-84.3543809, 33.7493053]]}, "properties": {"surface": "concrete", "highway": "footway"}}, {"type": "Feature", "geometry": {"type": "LineString", "coordinates": [[-84.3543596, 33.7493204], [-84.3543814, 33.7493236]]}, "properties": {"surface": "concrete", "highway": "footway"}}, {"type": "Feature", "geometry": {"type": "LineString", "coordinates": [[-84.3557558, 33.7501575], [-84.3557368, 33.7501586]]}, "properties": {"surface": "", "highway": "footway"}}, {"type": "Feature", "geometry": {"type": "LineString", "coordinates": [[-84.3556388, 33.7501632], [-84.3556394, 33.7501822]]}, "properties": {"surface": "", "highway": "footway"}}, {"type": "Feature", "geometry": {"type": "LineString", "coordinates": [[-84.3556595, 33.7501627], [-84.3556388, 33.7501632]]}, "properties": {"surface": "", "highway": "footway"}}, {"type": "Feature", "geometry": {"type": "LineString", "coordinates": [[-84.3557511, 33.7507428], [-84.3556942, 33.7506894]]}, "properties": {"surface": "", "highway": "footway"}}, {"type": "Feature", "geometry": {"type": "LineString", "coordinates": [[-84.3558355, 33.7508317], [-84.3558217, 33.7508412]]}, "properties": {"surface": "", "highway": "footway"}}, {"type": "Feature", "geometry": {"type": "LineString", "coordinates": [[-84.3557101, 33.7454204], [-84.3564301, 33.7452752], [-84.3566968, 33.7452276]]}, "properties": {"surface": "", "highway": "footway"}}, {"type": "Feature", "geometry": {"type": "LineString", "coordinates": [[-84.3556378, 33.7454339], [-84.3557101, 33.7454204]]}, "properties": {"surface": "", "highway": "footway"}}, {"type": "Feature", "geometry": {"type": "LineString", "coordinates": [[-84.3556378, 33.7454339], [-84.3556548, 33.7454686]]}, "properties": {"surface": "", "highway": "footway"}}, {"type": "Feature", "geometry": {"type": "LineString", "coordinates": [[-84.3555943, 33.7474474], [-84.3555508, 33.7474458], [-84.3547701, 33.7474173]]}, "properties": {"surface": "", "highway": "footway"}}, {"type": "Feature", "geometry": {"type": "LineString", "coordinates": [[-84.3555818, 33.7466161], [-84.3555807, 33.7466462], [-84.3555508, 33.7474458]]}, "properties": {"surface": "", "highway": "footway"}}, {"type": "Feature", "geometry": {"type": "LineString", "coordinates": [[-84.3569802, 33.7466409], [-84.3568185, 33.7466413]]}, "properties": {"surface": "", "highway": "footway"}}, {"type": "Feature", "geometry": {"type": "LineString", "coordinates": [[-84.3542855, 33.7464887], [-84.3543091, 33.7464855], [-84.3543217, 33.746059], [-84.3543529, 33.7447283]]}, "properties": {"surface": "concrete", "highway": "footway"}}, {"type": "Feature", "geometry": {"type": "LineString", "coordinates": [[-84.3542742, 33.7464902], [-84.3542855, 33.7464887]]}, "properties": {"surface": "concrete", "highway": "footway"}}, {"type": "Feature", "geometry": {"type": "LineString", "coordinates": [[-84.3542742, 33.7464902], [-84.35428, 33.7465023]]}, "properties": {"surface": "", "highway": "footway"}}, {"type": "Feature", "geometry": {"type": "LineString", "coordinates": [[-84.3568185, 33.7466413], [-84.3568232, 33.7467133], [-84.3568284, 33.7468926], [-84.3568213, 33.7474457], [-84.3568224, 33.7474638], [-84.3568137, 33.747482], [-84.3567719, 33.7474983]]}, "properties": {"surface": "", "highway": "footway"}}, {"type": "Feature", "geometry": {"type": "LineString", "coordinates": [[-84.3567279, 33.74839], [-84.3565179, 33.7483948], [-84.3557204, 33.748388]]}, "properties": {"surface": "", "highway": "footway"}}, {"type": "Feature", "geometry": {"type": "LineString", "coordinates": [[-84.3543118, 33.7498387], [-84.3543169, 33.7498302]]}, "properties": {"surface": "asphalt", "highway": "footway"}}, {"type": "Feature", "geometry": {"type": "LineString", "coordinates": [[-84.3543782, 33.7497607], [-84.354392, 33.7497457]]}, "properties": {"surface": "asphalt", "highway": "footway"}}, {"type": "Feature", "geometry": {"type": "LineString", "coordinates": [[-84.3529426, 33.7486373], [-84.3529506, 33.7487729], [-84.3529497, 33.748817], [-84.3529429, 33.7488262], [-84.3529311, 33.7488385], [-84.3529069, 33.7488434], [-84.3523302, 33.7485707], [-84.3523164, 33.7485673], [-84.3522714, 33.7486025]]}, "properties": {"surface": "", "highway": "footway"}}, {"type": "Feature", "geometry": {"type": "LineString", "coordinates": [[-84.3251842, 33.7648416], [-84.3251502, 33.7648361]]}, "properties": {"surface": "", "highway": "footway"}}, {"type": "Feature", "geometry": {"type": "LineString", "coordinates": [[-84.3251842, 33.7648416], [-84.3251899, 33.7648297]]}, "properties": {"surface": "", "highway": "footway"}}, {"type": "Feature", "geometry": {"type": "LineString", "coordinates": [[-84.3246164, 33.7682096], [-84.3245789, 33.7682271], [-84.3245364, 33.7682475], [-84.3244926, 33.768271], [-84.3244546, 33.7682877], [-84.3244233, 33.7683007], [-84.3243889, 33.7683137], [-84.3243236, 33.7683218], [-84.3242864, 33.7683233], [-84.3242097, 33.7683144], [-84.3241389, 33.7683022], [-84.3240011, 33.7682662], [-84.3239392, 33.7682466], [-84.3238778, 33.7682176], [-84.3238472, 33.7681882], [-84.3238245, 33.7681264], [-84.3238162, 33.7680499], [-84.3237979, 33.767939], [-84.3237904, 33.7678539], [-84.323787, 33.7677503], [-84.3237873, 33.7675398], [-84.3237897, 33.7673295], [-84.3237858, 33.7666795], [-84.3237825, 33.766295], [-84.3237844, 33.7661608], [-84.3237924, 33.7660365], [-84.3238082, 33.7659572], [-84.3238246, 33.7658919], [-84.3238673, 33.7657908], [-84.3239097, 33.7657058], [-84.3239523, 33.7656515], [-84.3240137, 33.7655916], [-84.3240911, 33.7655329], [-84.3241952, 33.7654678], [-84.3243275, 33.7653891], [-84.3244074, 33.7653363], [-84.32453, 33.7652563], [-84.3248474, 33.7650628], [-84.3250458, 33.7649285], [-84.3250732, 33.7649138], [-84.3251026, 33.7648995], [-84.3251521, 33.7648814], [-84.325176, 33.7648745]]}, "properties": {"surface": "", "highway": "footway"}}, {"type": "Feature", "geometry": {"type": "LineString", "coordinates": [[-84.3236482, 33.7661498], [-84.3236472, 33.76618], [-84.3236484, 33.7662413], [-84.3236484, 33.7663536], [-84.3236483, 33.7668303], [-84.3236507, 33.7671296]]}, "properties": {"surface": "", "highway": "footway"}}, {"type": "Feature", "geometry": {"type": "LineString", "coordinates": [[-84.3236509, 33.7672528], [-84.3236461, 33.7676951], [-84.323635, 33.7679887], [-84.3236365, 33.7681012], [-84.3236474, 33.7681879], [-84.3236637, 33.7682198], [-84.3237299, 33.7682864], [-84.3237992, 33.7683175], [-84.3239112, 33.7683461], [-84.3240902, 33.7683931], [-84.3242449, 33.7684258], [-84.3244329, 33.7684337], [-84.3244935, 33.7684376], [-84.3245496, 33.7684467], [-84.3245667, 33.7684515], [-84.324582, 33.7684597]]}, "properties": {"surface": "", "highway": "footway"}}, {"type": "Feature", "geometry": {"type": "LineString", "coordinates": [[-84.3450429, 33.7612169], [-84.3442988, 33.7613317], [-84.3440251, 33.7613769]]}, "properties": {"surface": "", "highway": "footway"}}, {"type": "Feature", "geometry": {"type": "LineString", "coordinates": [[-84.3493275, 33.759935], [-84.3490646, 33.7600615]]}, "properties": {"surface": "", "highway": "footway"}}, {"type": "Feature", "geometry": {"type": "LineString", "coordinates": [[-84.3664522, 33.7542331], [-84.3663818, 33.7539862], [-84.3663478, 33.7539389], [-84.3661037, 33.7530565], [-84.3661275, 33.753018]]}, "properties": {"surface": "concrete", "highway": "footway"}}, {"type": "Feature", "geometry": {"type": "LineString", "coordinates": [[-84.3650542, 33.7533356], [-84.3650822, 33.7533241], [-84.3656444, 33.7531766], [-84.3657633, 33.7531455], [-84.3661037, 33.7530565]]}, "properties": {"surface": "", "highway": "footway"}}, {"type": "Feature", "geometry": {"type": "LineString", "coordinates": [[-84.3438927, 33.7726725], [-84.3438849, 33.7726553]]}, "properties": {"surface": "", "highway": "footway"}}, {"type": "Feature", "geometry": {"type": "LineString", "coordinates": [[-84.3443737, 33.7631117], [-84.3443849, 33.763148], [-84.34439, 33.7631818], [-84.344401, 33.7639275], [-84.3444276, 33.7648553]]}, "properties": {"surface": "", "highway": "footway"}}, {"type": "Feature", "geometry": {"type": "LineString", "coordinates": [[-84.3187927, 33.7656799], [-84.3187907, 33.765659]]}, "properties": {"surface": "", "highway": "footway"}}, {"type": "Feature", "geometry": {"type": "LineString", "coordinates": [[-84.3187406, 33.7655615], [-84.3187339, 33.7655468]]}, "properties": {"surface": "", "highway": "footway"}}, {"type": "Feature", "geometry": {"type": "LineString", "coordinates": [[-84.3604784, 33.7621816], [-84.3604682, 33.7621725], [-84.3604651, 33.7621561], [-84.3604749, 33.7621437], [-84.3604964, 33.7621348]]}, "properties": {"surface": "", "highway": "footway"}}, {"type": "Feature", "geometry": {"type": "LineString", "coordinates": [[-84.3604278, 33.7620829], [-84.3604051, 33.762053], [-84.3604147, 33.7620471], [-84.3603249, 33.7619346], [-84.3603073, 33.7619439], [-84.3602226, 33.7618392]]}, "properties": {"surface": "", "highway": "footway"}}, {"type": "Feature", "geometry": {"type": "LineString", "coordinates": [[-84.3559833, 33.7493109], [-84.3557255, 33.7493213]]}, "properties": {"surface": "", "highway": "footway"}}, {"type": "Feature", "geometry": {"type": "LineString", "coordinates": [[-84.3565906, 33.7502373], [-84.3569274, 33.7502425], [-84.3572424, 33.7502417], [-84.3573691, 33.7502721]]}, "properties": {"surface": "", "highway": "footway"}}, {"type": "Feature", "geometry": {"type": "LineString", "coordinates": [[-84.3524435, 33.7712151], [-84.3524402, 33.7711285]]}, "properties": {"surface": "", "highway": "footway"}}, {"type": "Feature", "geometry": {"type": "LineString", "coordinates": [[-84.3533701, 33.757834], [-84.3534089, 33.7578693]]}, "properties": {"surface": "", "highway": "footway"}}, {"type": "Feature", "geometry": {"type": "LineString", "coordinates": [[-84.3534601, 33.7579148], [-84.3534908, 33.7579421]]}, "properties": {"surface": "", "highway": "footway"}}, {"type": "Feature", "geometry": {"type": "LineString", "coordinates": [[-84.3402177, 33.7621442], [-84.3400936, 33.7621583]]}, "properties": {"surface": "", "highway": "footway"}}, {"type": "Feature", "geometry": {"type": "LineString", "coordinates": [[-84.3524816, 33.7571999], [-84.3524762, 33.7571949]]}, "properties": {"surface": "", "highway": "footway"}}, {"type": "Feature", "geometry": {"type": "LineString", "coordinates": [[-84.3529863, 33.7565545], [-84.352963, 33.7565238], [-84.352958, 33.756517]]}, "properties": {"surface": "", "highway": "footway"}}, {"type": "Feature", "geometry": {"type": "LineString", "coordinates": [[-84.3528547, 33.7563868], [-84.3528452, 33.7563747]]}, "properties": {"surface": "", "highway": "footway"}}, {"type": "Feature", "geometry": {"type": "LineString", "coordinates": [[-84.3528452, 33.7563747], [-84.3527994, 33.756315]]}, "properties": {"surface": "", "highway": "footway"}}, {"type": "Feature", "geometry": {"type": "LineString", "coordinates": [[-84.3527228, 33.7562809], [-84.3526539, 33.7562895]]}, "properties": {"surface": "", "highway": "footway"}}, {"type": "Feature", "geometry": {"type": "LineString", "coordinates": [[-84.3527692, 33.7564346], [-84.3527588, 33.7564218]]}, "properties": {"surface": "", "highway": "footway"}}, {"type": "Feature", "geometry": {"type": "LineString", "coordinates": [[-84.3530413, 33.7566305], [-84.3529785, 33.7566774]]}, "properties": {"surface": "", "highway": "footway"}}, {"type": "Feature", "geometry": {"type": "LineString", "coordinates": [[-84.3530763, 33.7565823], [-84.3530826, 33.7565912], [-84.353084, 33.7565996], [-84.3530813, 33.7566084], [-84.3530413, 33.7566305]]}, "properties": {"surface": "", "highway": "footway"}}]}