{"type": "FeatureCollection", "features": [{"type": "Feature", "geometry": {"type": "LineString", "coordinates": [[-84.3559465, 33.7042983], [-84.3559994, 33.7043032], [-84.3560987, 33.7043359], [-84.3562079, 33.7044038], [-84.3562652, 33.7044641], [-84.3563547, 33.7045298], [-84.3564287, 33.7045877], [-84.3565124, 33.7046364]]}, "properties": {"surface": "", "highway": "footway"}}, {"type": "Feature", "geometry": {"type": "LineString", "coordinates": [[-84.3815822, 33.6654971], [-84.3813929, 33.6655893], [-84.3812959, 33.6656408], [-84.3812515, 33.6656678], [-84.3812404, 33.6656831], [-84.3812451, 33.6656947], [-84.3812608, 33.665697], [-84.3813005, 33.6656947], [-84.381319, 33.665697], [-84.3813393, 33.6657124], [-84.381379, 33.6657577], [-84.3814067, 33.6658023], [-84.3814206, 33.6658292], [-84.381427, 33.6658692], [-84.3814361, 33.6659178], [-84.3814367, 33.665921], [-84.3814356, 33.6659455], [-84.3814353, 33.665953], [-84.3814206, 33.6659945], [-84.3813864, 33.6660614], [-84.3813813, 33.6660675], [-84.3813494, 33.666106], [-84.381294, 33.6661521], [-84.3812497, 33.6661767], [-84.3811804, 33.6662036], [-84.3811554, 33.6662098], [-84.3811231, 33.6661959], [-84.3810926, 33.6661844], [-84.3810603, 33.6661752], [-84.3810511, 33.6661883], [-84.3810464, 33.666219], [-84.3810455, 33.6662821], [-84.3810456, 33.6663237]]}, "properties": {"surface": "", "highway": "footway"}}, {"type": "Feature", "geometry": {"type": "LineString", "coordinates": [[-84.3813074, 33.6659428], [-84.3814356, 33.6659455]]}, "properties": {"surface": "", "highway": "footway"}}, {"type": "Feature", "geometry": {"type": "LineString", "coordinates": [[-84.3813105, 33.6659242], [-84.3814361, 33.6659178]]}, "properties": {"surface": "", "highway": "footway"}}, {"type": "Feature", "geometry": {"type": "LineString", "coordinates": [[-84.3813813, 33.6660675], [-84.3814108, 33.6660909], [-84.3814316, 33.6661157], [-84.3814389, 33.6661307], [-84.3814389, 33.666154], [-84.3814249, 33.6661634]]}, "properties": {"surface": "", "highway": "footway"}}, {"type": "Feature", "geometry": {"type": "LineString", "coordinates": [[-84.3705761, 33.6627482], [-84.3705095, 33.6627886], [-84.3704472, 33.6628701], [-84.3703655, 33.6630189], [-84.370322, 33.6631015], [-84.370405, 33.663034], [-84.370472, 33.663013], [-84.3705409, 33.6629995], [-84.3706938, 33.662976], [-84.3707475, 33.66296], [-84.3707923, 33.6629377], [-84.3708421, 33.662908], [-84.3708894, 33.6628661], [-84.3709151, 33.6628322], [-84.370953, 33.6627993], [-84.3709942, 33.6627814], [-84.3710214, 33.6627747], [-84.371055, 33.6627702], [-84.371128, 33.6627793], [-84.371277, 33.6627973], [-84.3713591, 33.6628064], [-84.371423, 33.662823], [-84.3715219, 33.6628588], [-84.3716323, 33.662889], [-84.3717171, 33.6629016], [-84.3717542, 33.662898], [-84.3717889, 33.6628838], [-84.3718198, 33.6628433], [-84.3718336, 33.6628176], [-84.3718422, 33.6627866], [-84.3718458, 33.6627092], [-84.3718534, 33.6626611], [-84.3718822, 33.6626281], [-84.3719319, 33.6625605], [-84.3719874, 33.6624758], [-84.3720278, 33.6624428], [-84.3720822, 33.662413], [-84.3721502, 33.6623514], [-84.372191, 33.6622789], [-84.3722114, 33.6622192], [-84.3722076, 33.6621748], [-84.3721826, 33.6621451], [-84.3720548, 33.6621239], [-84.3719422, 33.6620826], [-84.3717587, 33.66195], [-84.371623, 33.66182], [-84.3715596, 33.6617639], [-84.3715388, 33.6617128], [-84.371553, 33.6616443], [-84.3715738, 33.6616132], [-84.3716067, 33.6615897], [-84.3716409, 33.661579], [-84.371678, 33.6615858], [-84.371729, 33.6616048], [-84.3717564, 33.6616334], [-84.3717583, 33.661679], [-84.3717774, 33.6617245], [-84.3718282, 33.6617713], [-84.3719262, 33.6618199], [-84.3719992, 33.6619286], [-84.3720292, 33.661949], [-84.3720849, 33.6619712], [-84.372174, 33.6620083], [-84.3722437, 33.6620491], [-84.372396, 33.6621091], [-84.3724508, 33.6621419], [-84.3724939, 33.6621577], [-84.3725523, 33.6621636], [-84.3725774, 33.662149], [-84.3725821, 33.6621201], [-84.3725654, 33.6620965], [-84.3725375, 33.6620744], [-84.3725032, 33.6620541], [-84.3723455, 33.6619856], [-84.3723016, 33.6619528], [-84.372153, 33.661707], [-84.3721374, 33.6616763], [-84.3721364, 33.6616525], [-84.372142, 33.6616277], [-84.3721634, 33.6616229], [-84.3721828, 33.6616247], [-84.3721996, 33.6616338], [-84.3722369, 33.661684], [-84.3723366, 33.6617477], [-84.3724147, 33.6618188], [-84.3725446, 33.6618885], [-84.3725861, 33.6619075], [-84.372623, 33.6619399], [-84.3727069, 33.6620418], [-84.3728759, 33.6622611], [-84.3729911, 33.6623375], [-84.3730806, 33.6624125], [-84.3731, 33.6624394], [-84.3731104, 33.6624751], [-84.3731128, 33.6625026], [-84.373103, 33.6625364], [-84.3730831, 33.6625819], [-84.3730419, 33.6626274], [-84.3729649, 33.6627044], [-84.3729168, 33.6627351], [-84.3728778, 33.6627772], [-84.37286, 33.6628224], [-84.3728575, 33.6628504], [-84.3728657, 33.6628784], [-84.3728782, 33.6629042], [-84.3728968, 33.66293], [-84.3729282, 33.6629539], [-84.3729642, 33.6629715], [-84.3730256, 33.662989], [-84.3730564, 33.6629924], [-84.3730946, 33.6630034], [-84.3731223, 33.6630133], [-84.3731454, 33.6630244], [-84.3731605, 33.6630378], [-84.373171, 33.663055], [-84.373177, 33.6630999], [-84.3731768, 33.6631599], [-84.3731828, 33.6632156], [-84.3732017, 33.6632579], [-84.3732054, 33.6632889], [-84.3731977, 33.6633032], [-84.3731794, 33.6633161], [-84.3731269, 33.6633436], [-84.3730741, 33.6633618], [-84.3730358, 33.6633844], [-84.3730146, 33.6634271], [-84.3730132, 33.6634504], [-84.3730223, 33.6634787], [-84.3730134, 33.6635443], [-84.3730052, 33.6635753], [-84.3729879, 33.6636037], [-84.37296, 33.6636321], [-84.3729178, 33.6636472], [-84.3728925, 33.6636506], [-84.3728661, 33.6636487], [-84.3728177, 33.6636251], [-84.3727666, 33.6635975], [-84.3727204, 33.6635855], [-84.3726795, 33.6635842], [-84.3726089, 33.6635845], [-84.3725253, 33.6635704], [-84.3724567, 33.6635661], [-84.3724013, 33.6635837], [-84.3723183, 33.6636361], [-84.3722618, 33.6636802], [-84.3722063, 33.6637318], [-84.3721865, 33.6637488], [-84.3721743, 33.6637671], [-84.3721657, 33.6637952], [-84.3721669, 33.6638169], [-84.3721841, 33.6638394], [-84.372199, 33.6638595], [-84.3722247, 33.6638706], [-84.372242, 33.6638799], [-84.3722615, 33.6638812], [-84.3722859, 33.6638761], [-84.3723081, 33.6638629], [-84.3723298, 33.663848], [-84.3723521, 33.6638304], [-84.372385, 33.6638179], [-84.372419, 33.6638166], [-84.3724415, 33.6638124], [-84.3724672, 33.6638114], [-84.3725378, 33.6638235], [-84.3726492, 33.6638604], [-84.3727098, 33.663872], [-84.3728466, 33.6639104], [-84.3729319, 33.6639317], [-84.3729676, 33.663941], [-84.3729861, 33.6639628], [-84.3729968, 33.6639822], [-84.3729915, 33.6640115], [-84.3729963, 33.6640456], [-84.3729936, 33.6640709], [-84.3729791, 33.664084], [-84.3729581, 33.6640936], [-84.3728133, 33.6641259], [-84.3727784, 33.6641363], [-84.3727467, 33.6641623], [-84.37273, 33.6641847], [-84.3727208, 33.6642098], [-84.3727186, 33.6642322], [-84.3727314, 33.6642617], [-84.3727833, 33.6642899], [-84.3728267, 33.6642927], [-84.3728601, 33.6642849], [-84.3728848, 33.6642723], [-84.3729404, 33.6642374], [-84.3729971, 33.664198], [-84.3730189, 33.6641896], [-84.3730504, 33.6641875], [-84.3730786, 33.664189], [-84.3731015, 33.6641967], [-84.3731447, 33.6642228], [-84.373163, 33.6642359], [-84.3731685, 33.6642543], [-84.3731377, 33.6643122], [-84.3731245, 33.6643416], [-84.3731167, 33.6643755], [-84.3731201, 33.6644168], [-84.3731311, 33.6644447], [-84.3731645, 33.6644849], [-84.3731918, 33.6645036], [-84.3732047, 33.6645205], [-84.3732019, 33.664534], [-84.3731959, 33.6645433], [-84.3731804, 33.6645552], [-84.3731411, 33.6645694], [-84.3730173, 33.6645859], [-84.3729564, 33.6645942], [-84.3729243, 33.664593], [-84.3728712, 33.6645836], [-84.3727981, 33.6645669], [-84.3727433, 33.6645434], [-84.3726879, 33.6645094], [-84.3726146, 33.6644682], [-84.3725164, 33.6644378], [-84.3724464, 33.6644168], [-84.3723951, 33.6644132], [-84.3723737, 33.6644142], [-84.3723594, 33.6644149], [-84.3723066, 33.6644372], [-84.3722659, 33.664458], [-84.3721736, 33.6645106], [-84.3721452, 33.6645215], [-84.3721149, 33.6645301], [-84.3720878, 33.6645354], [-84.3720685, 33.6645345], [-84.3720505, 33.6645306], [-84.3720333, 33.6645241], [-84.3720274, 33.664519], [-84.3720057, 33.6644931], [-84.3719882, 33.6644743], [-84.3719736, 33.6644628], [-84.3719661, 33.6644572], [-84.3719586, 33.6644565], [-84.3719335, 33.6644627], [-84.3719174, 33.6644764], [-84.3718717, 33.6645196], [-84.3718495, 33.6645305], [-84.3718264, 33.6645392], [-84.3717807, 33.6645382], [-84.3717312, 33.6645169], [-84.3716728, 33.6644898], [-84.3715866, 33.6644515], [-84.3715234, 33.6643957], [-84.3714891, 33.6643506], [-84.3714504, 33.6643365], [-84.371401, 33.6643268], [-84.3712442, 33.6642976], [-84.3711934, 33.6642797], [-84.3711121, 33.6641997], [-84.3710932, 33.6641598], [-84.3710769, 33.6640984], [-84.3710584, 33.6640628], [-84.370962, 33.6639012], [-84.3709553, 33.6638578], [-84.3709561, 33.6638154], [-84.370962, 33.6637315], [-84.3709923, 33.6636498], [-84.3710122, 33.6635898], [-84.3710098, 33.663556], [-84.3710172, 33.6635294], [-84.3710361, 33.6634832], [-84.3710638, 33.6634534], [-84.3710969, 33.6634361], [-84.3711557, 33.6634176], [-84.3711743, 33.6634041], [-84.3711844, 33.6633888], [-84.3712088, 33.6633475], [-84.3712202, 33.6633216], [-84.3712402, 33.6633028], [-84.3712597, 33.6632992], [-84.3712771, 33.6633028], [-84.3713065, 33.6633161], [-84.3713339, 33.66333], [-84.3713569, 33.6633448], [-84.371389, 33.6633761], [-84.3714171, 33.663418], [-84.3714526, 33.6634527], [-84.3714679, 33.6634935], [-84.3714566, 33.6635717], [-84.3714518, 33.6636275], [-84.3714749, 33.6636744], [-84.3714955, 33.6636907], [-84.3715259, 33.6637025], [-84.3716503, 33.6636967], [-84.3717391, 33.6636944], [-84.3717698, 33.6636891], [-84.3717972, 33.6636739], [-84.371904, 33.6635922], [-84.3719727, 33.663562], [-84.3720033, 33.6635465], [-84.3720274, 33.6635292], [-84.3721157, 33.6634657], [-84.3721824, 33.6633951], [-84.3722302, 33.6633712], [-84.3723007, 33.6633473], [-84.3723247, 33.663326], [-84.3723412, 33.6633011], [-84.3723451, 33.6632819], [-84.3723436, 33.6632672], [-84.3723342, 33.6632386], [-84.3723058, 33.663225], [-84.3722773, 33.6632212], [-84.3722253, 33.6632211], [-84.3721797, 33.6632327], [-84.3720633, 33.6632776], [-84.3720215, 33.6633028], [-84.3719834, 33.6633466], [-84.3719303, 33.6633904], [-84.3719127, 33.6633983], [-84.3718897, 33.6634035], [-84.3718635, 33.6634007], [-84.3718416, 33.6633979], [-84.3718053, 33.6633802], [-84.3717776, 33.663359], [-84.3717555, 33.6633159], [-84.3717442, 33.6632729], [-84.3717367, 33.6632105], [-84.3717227, 33.6631705], [-84.3717109, 33.6631228], [-84.3716829, 33.663077], [-84.3716524, 33.6630356], [-84.371588, 33.6629992], [-84.3715532, 33.6629646], [-84.3715152, 33.6629389], [-84.3714962, 33.6629229], [-84.3714708, 33.6629114], [-84.3714341, 33.6628973], [-84.3714027, 33.662892], [-84.3713549, 33.6628875], [-84.3713044, 33.6628902], [-84.3712642, 33.6628996], [-84.3712158, 33.6629241], [-84.371072, 33.6630042], [-84.3710324, 33.6630326], [-84.3710008, 33.6630669], [-84.3709278, 33.6631596], [-84.3708842, 33.6632372], [-84.3708375, 33.6633006], [-84.3707794, 33.6633589], [-84.3706933, 33.6634214], [-84.3706693, 33.6634535], [-84.370506, 33.6637551], [-84.370508, 33.6637813], [-84.3705132, 33.6638092], [-84.3705313, 33.6638466], [-84.3705424, 33.6638816], [-84.3705359, 33.6639346], [-84.3705283, 33.663962], [-84.3705133, 33.6639876], [-84.3704631, 33.6640461], [-84.370384, 33.664118], [-84.3703366, 33.664167], [-84.3703136, 33.664184], [-84.3702873, 33.66419], [-84.3702691, 33.6641808], [-84.3702533, 33.6641584], [-84.3702447, 33.6641411], [-84.3702436, 33.6641269], [-84.3702871, 33.6640176], [-84.3702994, 33.6639892], [-84.3703004, 33.6639726], [-84.370295, 33.6639574], [-84.3702939, 33.6639404], [-84.3702081, 33.6637974], [-84.3701677, 33.6637299], [-84.3701493, 33.6636413], [-84.3701464, 33.6635598], [-84.3701397, 33.6634971], [-84.3701481, 33.663425], [-84.3701576, 33.6633223], [-84.3701719, 33.6632513], [-84.3701866, 33.6632303], [-84.3701948, 33.6632022], [-84.3702927, 33.6631638], [-84.3703097, 33.6631452], [-84.370322, 33.6631015]]}, "properties": {"surface": "dirt", "highway": "path"}}, {"type": "Feature", "geometry": {"type": "LineString", "coordinates": [[-84.3558607, 33.7036799], [-84.3560019, 33.7036717], [-84.3561138, 33.7036581], [-84.3562046, 33.7036421], [-84.3562172, 33.7036398], [-84.3563075, 33.7036231], [-84.35636, 33.7036134], [-84.3564701, 33.7035862], [-84.3565154, 33.703571], [-84.3566839, 33.7035143], [-84.3568593, 33.7034362], [-84.3569719, 33.7033799], [-84.3570983, 33.7033059], [-84.3572386, 33.7032041], [-84.3573626, 33.7031077], [-84.3575307, 33.7029421], [-84.3576188, 33.70282], [-84.3576971, 33.7027134], [-84.357782, 33.7025594], [-84.3578195, 33.7024732]]}, "properties": {"surface": "concrete", "highway": "footway"}}, {"type": "Feature", "geometry": {"type": "LineString", "coordinates": [[-84.3558607, 33.7036799], [-84.3558563, 33.7038094], [-84.3558514, 33.7043165], [-84.3558383, 33.7044168], [-84.3557812, 33.7046781], [-84.3557486, 33.7047623]]}, "properties": {"surface": "concrete", "highway": "footway"}}, {"type": "Feature", "geometry": {"type": "LineString", "coordinates": [[-84.3559126, 33.704894], [-84.3559491, 33.7049373], [-84.3560037, 33.7050068], [-84.3560338, 33.7050838], [-84.3560399, 33.7051186], [-84.3560472, 33.7051608], [-84.356055, 33.7052887], [-84.3560695, 33.7053583], [-84.3560974, 33.7054223], [-84.3561709, 33.7055011], [-84.3562757, 33.7056012], [-84.3564307, 33.7057329], [-84.3565566, 33.7058461], [-84.356657, 33.705924], [-84.3567417, 33.7059944], [-84.356803, 33.7060352], [-84.3568776, 33.7060726], [-84.356929, 33.7060983], [-84.3570293, 33.7061326], [-84.3571586, 33.7061586], [-84.3572712, 33.7061651], [-84.3574172, 33.7061623], [-84.3578921, 33.7061308], [-84.3579575, 33.7061265], [-84.3580069, 33.7061233], [-84.3581652, 33.7061131], [-84.3582756, 33.7061076], [-84.3587192, 33.7060788], [-84.3587758, 33.706076], [-84.3588318, 33.7060733], [-84.3591986, 33.7060519], [-84.3593569, 33.7060306], [-84.3596077, 33.7060046], [-84.3599778, 33.7059583], [-84.3600663, 33.7059435], [-84.3601004, 33.7059379], [-84.3602342, 33.70591], [-84.3620456, 33.7054093], [-84.3644133, 33.7049836], [-84.3646597, 33.7049725], [-84.3658814, 33.7048019], [-84.365975, 33.7047787], [-84.3660386, 33.704749], [-84.3660954, 33.7047045], [-84.36613, 33.7046674], [-84.3661757, 33.7046016], [-84.3661969, 33.7045366], [-84.3662069, 33.7044856], [-84.3662058, 33.7044254], [-84.3661935, 33.704379], [-84.3660497, 33.7041388], [-84.3657978, 33.7038152], [-84.3655191, 33.7035388], [-84.3651691, 33.7032689], [-84.364896, 33.7030779], [-84.3646808, 33.7029453], [-84.3644713, 33.7028748], [-84.3638969, 33.7028051], [-84.3637255, 33.7027765], [-84.3635137, 33.7026995], [-84.3632712, 33.7025432], [-84.3631238, 33.7024333], [-84.3630915, 33.7024122], [-84.36307, 33.7024084], [-84.3630416, 33.7024154], [-84.3626362, 33.7028108], [-84.3625686, 33.7029041], [-84.3625356, 33.7029603], [-84.3625141, 33.7030216], [-84.3625041, 33.7034132], [-84.3624995, 33.7034541], [-84.3624796, 33.7035065], [-84.362425, 33.7035499], [-84.3623613, 33.7035678], [-84.3622884, 33.7035601], [-84.3622208, 33.7035314], [-84.3621701, 33.7034994], [-84.3621279, 33.7034477], [-84.3621217, 33.7033972], [-84.3621294, 33.7033423], [-84.3621517, 33.7033046], [-84.36221, 33.7032675], [-84.3622553, 33.7032465], [-84.362316, 33.7032356], [-84.3623375, 33.7032203], [-84.3623575, 33.7031998], [-84.3623644, 33.7031756], [-84.3623735, 33.7029754], [-84.3623929, 33.7028744], [-84.3624318, 33.702803], [-84.3625078, 33.7027182], [-84.3629286, 33.7023512], [-84.3629451, 33.7023253], [-84.3629328, 33.7023005], [-84.3628565, 33.7022496], [-84.3627767, 33.7021723], [-84.3627503, 33.7021391], [-84.3627121, 33.7020758], [-84.3623322, 33.7012967], [-84.3622862, 33.7012538]]}, "properties": {"surface": "", "highway": "footway"}}, {"type": "Feature", "geometry": {"type": "LineString", "coordinates": [[-84.3578621, 33.7023594], [-84.3582341, 33.7012861], [-84.3584118, 33.701059], [-84.3587014, 33.7007434], [-84.3587564, 33.7006915], [-84.3587985, 33.7006397], [-84.3588516, 33.7005726], [-84.3588828, 33.7005132], [-84.3589213, 33.70044], [-84.3589488, 33.7003531], [-84.3589781, 33.7002708], [-84.3589946, 33.7001549], [-84.3589656, 33.6987941], [-84.3589634, 33.6986898], [-84.3589506, 33.698551], [-84.3589231, 33.6984245], [-84.358901, 33.6983639], [-84.3588498, 33.6982233], [-84.3587637, 33.6980571], [-84.3586152, 33.697868], [-84.3584613, 33.6977171], [-84.3582359, 33.6975601], [-84.3572006, 33.6970585], [-84.3570961, 33.6970188], [-84.3569477, 33.6969853], [-84.3567956, 33.6969731], [-84.3565958, 33.6969853], [-84.3564162, 33.6970203], [-84.3562935, 33.6970646], [-84.3558592, 33.6972841], [-84.3558019, 33.6973125], [-84.3557457, 33.6973405], [-84.3555861, 33.6974198], [-84.3552581, 33.6975768], [-84.3551738, 33.6974716], [-84.355095, 33.6973756], [-84.3549447, 33.697275], [-84.3548311, 33.6972307], [-84.3545637, 33.6971739], [-84.354566, 33.6962653], [-84.354588, 33.6961784], [-84.3546338, 33.6961205], [-84.3547218, 33.6960565], [-84.3547933, 33.6960351], [-84.3549124, 33.696026], [-84.3550022, 33.6960412], [-84.3551176, 33.6960992], [-84.3552166, 33.6961754], [-84.3553027, 33.6962791], [-84.3553577, 33.6963995], [-84.3553815, 33.6965062], [-84.355387, 33.6965947], [-84.3553888, 33.6966907], [-84.3554035, 33.6967669], [-84.3554163, 33.6968264], [-84.3554548, 33.6969331], [-84.3555849, 33.6971191], [-84.3557457, 33.6973405]]}, "properties": {"surface": "", "highway": "footway"}}, {"type": "Feature", "geometry": {"type": "LineString", "coordinates": [[-84.3667152, 33.6629056], [-84.3665064, 33.6629319], [-84.3665585, 33.6630693], [-84.3665673, 33.6630987], [-84.3665863, 33.6632099], [-84.3666033, 33.6632437], [-84.3666943, 33.6633424], [-84.3667072, 33.6633841], [-84.3667253, 33.6634737], [-84.3667588, 33.6635434], [-84.3667602, 33.6635857], [-84.3667751, 33.6636216], [-84.3667758, 33.6636873], [-84.3667773, 33.6637424], [-84.3667583, 33.6637922], [-84.3667455, 33.6638331], [-84.3667441, 33.6638793], [-84.3667224, 33.6639117], [-84.3666994, 33.6639345], [-84.366643, 33.6639955], [-84.3666157, 33.6640178], [-84.3666002, 33.6640289], [-84.3665847, 33.664031], [-84.3665649, 33.6640307], [-84.3665465, 33.6640183], [-84.3665044, 33.6639746], [-84.366494, 33.6639489], [-84.3664632, 33.6639262], [-84.3664162, 33.6639012], [-84.3663487, 33.6638618], [-84.3663228, 33.6638435], [-84.3663004, 33.6638229], [-84.3662845, 33.6637824], [-84.3662789, 33.6637428], [-84.3662696, 33.6637212], [-84.3662196, 33.6636217], [-84.3662051, 33.6635946], [-84.3661842, 33.6635739], [-84.3661608, 33.66355], [-84.3661297, 33.6635292], [-84.366113, 33.6635266], [-84.3660898, 33.6635281], [-84.3660639, 33.6635388], [-84.366021, 33.6635366], [-84.3659648, 33.6635196], [-84.3659072, 33.6634941], [-84.3657671, 33.6634164], [-84.3657133, 33.6633864], [-84.3656749, 33.6633723], [-84.3656454, 33.6633784], [-84.3656236, 33.6633867], [-84.3655608, 33.6633782], [-84.3655223, 33.6634031], [-84.3654559, 33.663482], [-84.3654234, 33.663514], [-84.3653921, 33.6635353], [-84.3653385, 33.6635409], [-84.3652658, 33.6635422], [-84.3652135, 33.6635501], [-84.3651715, 33.6635479], [-84.3650802, 33.6635273], [-84.3650323, 33.6635112], [-84.3650141, 33.6634904], [-84.3650125, 33.6634717], [-84.365024, 33.6634601], [-84.3650277, 33.6634431], [-84.3650289, 33.6634077], [-84.3650206, 33.6633841], [-84.3650212, 33.6633605], [-84.3649984, 33.6633008], [-84.3650069, 33.6632909], [-84.3650273, 33.6632883], [-84.3651561, 33.6633006], [-84.3652325, 33.6632879], [-84.3653165, 33.6632897], [-84.3653507, 33.6632936], [-84.3654155, 33.6632848], [-84.3655209, 33.6632471], [-84.3655865, 33.6632306], [-84.365642, 33.6632454], [-84.3656707, 33.6632725], [-84.3657057, 33.6632969], [-84.3657866, 33.6633383], [-84.3658359, 33.6633554], [-84.3659102, 33.6633681], [-84.3660159, 33.6633604], [-84.3660691, 33.6633486], [-84.366107, 33.6633304], [-84.3661569, 33.6632983], [-84.366173, 33.6632748], [-84.3661791, 33.6632421], [-84.366175, 33.6632189], [-84.3661683, 33.6631965], [-84.3661564, 33.6631825], [-84.3661446, 33.6631691], [-84.366126, 33.6631661], [-84.3661074, 33.6631661], [-84.3660906, 33.6631515], [-84.3660815, 33.6631234], [-84.3660814, 33.6631008], [-84.366089, 33.6630782], [-84.3661195, 33.6630369], [-84.3661306, 33.6630119], [-84.3661302, 33.6629955], [-84.3661257, 33.6629672], [-84.366093, 33.6629322], [-84.3660588, 33.6629109], [-84.3660257, 33.6629064], [-84.3659824, 33.6629136], [-84.3659553, 33.6629105], [-84.3659371, 33.6629], [-84.3659059, 33.6628769], [-84.3658457, 33.6628212], [-84.3657932, 33.6627655], [-84.3657848, 33.6627386], [-84.3657687, 33.6627159], [-84.3657661, 33.6626826], [-84.3657506, 33.662644], [-84.3657164, 33.6626105], [-84.3656668, 33.6625805], [-84.3656362, 33.6625632], [-84.3656015, 33.6625395], [-84.365586, 33.6625303], [-84.3655591, 33.6625263], [-84.3655166, 33.6625264], [-84.3654817, 33.6625381], [-84.3653993, 33.6625424], [-84.36535, 33.6625679], [-84.3653318, 33.6625743], [-84.3653148, 33.6625744], [-84.3652753, 33.6625705], [-84.3652141, 33.6625559], [-84.3651803, 33.6625584], [-84.365144, 33.6625725], [-84.3651129, 33.6625869], [-84.3650946, 33.6626087], [-84.3650812, 33.6626367], [-84.3650739, 33.6626534], [-84.3650836, 33.6626713], [-84.365087, 33.6626913], [-84.3650862, 33.6627151], [-84.3650765, 33.662731], [-84.3650111, 33.6627261], [-84.364979, 33.6627489], [-84.3649647, 33.6627693], [-84.3649594, 33.6628017], [-84.3649893, 33.6628186], [-84.3650462, 33.6628325], [-84.3650589, 33.6628499], [-84.3650591, 33.662868], [-84.3650397, 33.6629097], [-84.3650058, 33.6629765], [-84.3649938, 33.6630036], [-84.3649728, 33.6630201], [-84.364938, 33.6630209], [-84.3648996, 33.6630111], [-84.364841, 33.6630322], [-84.3647883, 33.6630254], [-84.3646904, 33.6630232], [-84.3645875, 33.6630084], [-84.3644972, 33.6629801], [-84.3644325, 33.6629721], [-84.3643875, 33.6629779], [-84.3643534, 33.6629986], [-84.3643262, 33.6630202], [-84.3643027, 33.6630492], [-84.3642987, 33.6630747], [-84.3643019, 33.6631002], [-84.3643376, 33.6631738], [-84.3643696, 33.663236], [-84.3644135, 33.6632926], [-84.3644357, 33.6633514], [-84.3645168, 33.663443], [-84.3645425, 33.663479], [-84.3645438, 33.6635285], [-84.3645089, 33.6635821], [-84.3644506, 33.6636664], [-84.3643857, 33.6636873], [-84.3643377, 33.6637089], [-84.3642924, 33.6637359], [-84.3642518, 33.6637605], [-84.3642113, 33.663785], [-84.364192, 33.6637936], [-84.3641781, 33.6638186], [-84.3641602, 33.6638702], [-84.3641822, 33.6639019], [-84.3641807, 33.6639426], [-84.3641738, 33.6639698], [-84.3641543, 33.6639984], [-84.3641218, 33.6640228], [-84.3640987, 33.6640318], [-84.3640741, 33.664032], [-84.3640469, 33.6640294], [-84.3640211, 33.6640117], [-84.363997, 33.6639662], [-84.3640001, 33.6638961], [-84.3640139, 33.6638297], [-84.3640017, 33.6636724], [-84.3640018, 33.6636293], [-84.3640186, 33.6635861], [-84.3640209, 33.6635519], [-84.3640111, 33.6635202], [-84.3639967, 33.6634816], [-84.3639793, 33.6634316], [-84.3639248, 33.663379], [-84.3638899, 33.6633276], [-84.3637884, 33.6632261], [-84.3637339, 33.6631658], [-84.363699, 33.6631054], [-84.3636763, 33.66305], [-84.363667, 33.6630058], [-84.3636515, 33.6629705], [-84.3636314, 33.6629492], [-84.363594, 33.662943], [-84.3635536, 33.6629443], [-84.3634856, 33.6629444], [-84.3634298, 33.6629395], [-84.3634051, 33.6629239], [-84.3633941, 33.662907], [-84.3633857, 33.6628757], [-84.3633991, 33.6628282], [-84.3634292, 33.662792], [-84.3634471, 33.6627508], [-84.3634508, 33.6627283], [-84.3634408, 33.6627071], [-84.363439, 33.6626457], [-84.3634432, 33.6626046], [-84.3634599, 33.6625816], [-84.3634773, 33.6625352], [-84.3634664, 33.6624967], [-84.3634419, 33.6624646], [-84.3634007, 33.6623933], [-84.3633695, 33.6623665], [-84.3633186, 33.6623309], [-84.3632917, 33.6622923], [-84.3632871, 33.6622294], [-84.3632961, 33.662181], [-84.3632701, 33.6620943], [-84.3632554, 33.6620633], [-84.3632332, 33.6620387], [-84.3632132, 33.6620127], [-84.3631933, 33.6619994], [-84.3631726, 33.6619993], [-84.3631518, 33.6620094], [-84.3631433, 33.6620257], [-84.3631396, 33.6620532], [-84.3631572, 33.662097], [-84.3631604, 33.6621257], [-84.3631499, 33.6621519], [-84.3631334, 33.6622158], [-84.3631563, 33.6623049], [-84.3631323, 33.6623655], [-84.3631276, 33.6624242], [-84.363113, 33.662438], [-84.3630991, 33.6624413], [-84.3630879, 33.6624362], [-84.3630793, 33.6624267], [-84.3630775, 33.6624033], [-84.3630836, 33.6623706], [-84.3630801, 33.6623477], [-84.3630623, 33.6623229], [-84.3630532, 33.6622945], [-84.3630547, 33.6622434], [-84.3630434, 33.6622047], [-84.3630424, 33.6621719], [-84.3630296, 33.6621481], [-84.3629907, 33.6620976], [-84.3629325, 33.6620356], [-84.3628888, 33.6619619], [-84.3628594, 33.6619215], [-84.3628161, 33.6618838], [-84.3628209, 33.6618522], [-84.3628182, 33.6618282], [-84.3628052, 33.6617816], [-84.3627178, 33.66161], [-84.362682, 33.6615224], [-84.362623, 33.6614696], [-84.3626086, 33.6614013], [-84.3625593, 33.6613078], [-84.3624896, 33.6612092], [-84.3624837, 33.6611648], [-84.362513, 33.6611008], [-84.3625394, 33.6610356], [-84.362576, 33.660989], [-84.3626172, 33.6609626], [-84.3626775, 33.6609456], [-84.3627492, 33.6609306], [-84.3628926, 33.6608916], [-84.3629801, 33.660882], [-84.363057, 33.6608635], [-84.3631324, 33.6608627], [-84.3632032, 33.6608442], [-84.3632335, 33.6608325], [-84.3632897, 33.6608247], [-84.3633519, 33.6608427], [-84.3633837, 33.660862], [-84.3634204, 33.6608915], [-84.3634388, 33.6609336], [-84.3634443, 33.6609763], [-84.3634392, 33.6610228], [-84.363432, 33.6610596], [-84.3633822, 33.6611242], [-84.3633559, 33.6611376], [-84.363319, 33.6611446], [-84.3632315, 33.6612028], [-84.3631255, 33.6612421], [-84.3630817, 33.6612764], [-84.3630429, 33.6613761], [-84.3630242, 33.6614105], [-84.3630224, 33.6614586], [-84.3630086, 33.6615194], [-84.3630023, 33.6615492], [-84.3629855, 33.6615891], [-84.3629943, 33.6616272], [-84.3630199, 33.6616391], [-84.363053, 33.6616447], [-84.3630966, 33.6616558], [-84.3632716, 33.661764], [-84.3632962, 33.6617978], [-84.3633102, 33.6618468], [-84.3633765, 33.6619084], [-84.3634034, 33.6619573], [-84.363412, 33.6619837], [-84.3634116, 33.6620126], [-84.3633983, 33.6620542], [-84.3633743, 33.6620945], [-84.3633999, 33.6621432], [-84.3634668, 33.6621942], [-84.3634989, 33.6622452], [-84.3636333, 33.6623241], [-84.3636748, 33.6623623], [-84.3637283, 33.6624006], [-84.3637688, 33.6624426], [-84.36381, 33.6624897], [-84.3638512, 33.6625186], [-84.36389, 33.6625266], [-84.3639303, 33.6625259], [-84.3639946, 33.6625215], [-84.3640466, 33.6625321], [-84.3640862, 33.6625452], [-84.3641143, 33.6625637], [-84.3641709, 33.6626067], [-84.3642049, 33.6626192], [-84.3642427, 33.6626232], [-84.3642622, 33.6626244], [-84.3642817, 33.6626171], [-84.3643012, 33.6626045], [-84.3643143, 33.6625898], [-84.3643262, 33.6625655], [-84.3643292, 33.6625412], [-84.3643087, 33.662453], [-84.364308, 33.6623318], [-84.3643172, 33.6622642], [-84.3643191, 33.6622055], [-84.3643103, 33.6621266], [-84.3642986, 33.6620901], [-84.3642743, 33.6620627], [-84.3642582, 33.6620491], [-84.3642295, 33.662043], [-84.3641177, 33.662046], [-84.3640627, 33.6620519], [-84.3640041, 33.6620654], [-84.3639663, 33.6620639], [-84.3639102, 33.6620604], [-84.3638786, 33.6620512], [-84.3638451, 33.662048], [-84.3638052, 33.6620505], [-84.3637744, 33.6620545], [-84.3637237, 33.6620677], [-84.3636676, 33.6620613], [-84.3636337, 33.6620457], [-84.3636088, 33.6620181], [-84.3635806, 33.6619749], [-84.3635709, 33.6618635], [-84.3635611, 33.6618218], [-84.3635015, 33.6617538], [-84.3634354, 33.6616707], [-84.3634254, 33.6616185], [-84.3634293, 33.6615448], [-84.3634528, 33.6614892], [-84.3634592, 33.6614353], [-84.3634955, 33.6613937], [-84.3636148, 33.6613209], [-84.3636605, 33.6613017], [-84.3637018, 33.66127], [-84.363746, 33.661203], [-84.363809, 33.6611034], [-84.3638373, 33.6610411], [-84.3638398, 33.6609841], [-84.3638251, 33.6608973], [-84.3638011, 33.6608552], [-84.3637649, 33.6608156], [-84.3636676, 33.660751], [-84.3635683, 33.660731], [-84.3634264, 33.6607363], [-84.3633716, 33.6607091], [-84.3633107, 33.6606958], [-84.3632003, 33.6606812], [-84.3630792, 33.660666], [-84.362958, 33.660628]]}, "properties": {"surface": "dirt", "highway": "path"}}, {"type": "Feature", "geometry": {"type": "LineString", "coordinates": [[-84.36749, 33.6623264], [-84.3674665, 33.6622175], [-84.3674687, 33.6621658], [-84.3674806, 33.6621123], [-84.3675203, 33.6620428], [-84.3674593, 33.6619634], [-84.3674282, 33.661859], [-84.3673489, 33.6617608], [-84.3673296, 33.6617118], [-84.3673361, 33.6616681], [-84.3673919, 33.6616495], [-84.3674564, 33.6616399], [-84.3675662, 33.661626], [-84.3678513, 33.6616201], [-84.3679398, 33.6616368], [-84.3681159, 33.6613014], [-84.3681779, 33.6611514], [-84.3681958, 33.6610697]]}, "properties": {"surface": "", "highway": "path"}}, {"type": "Feature", "geometry": {"type": "LineString", "coordinates": [[-84.3521975, 33.7026394], [-84.3521217, 33.7025782], [-84.3519988, 33.7024513], [-84.3519689, 33.7024256], [-84.3518235, 33.7023005], [-84.3518175, 33.7022941], [-84.3516543, 33.7021206], [-84.3515861, 33.7020453], [-84.3514063, 33.7018467], [-84.3513947, 33.7018321], [-84.3512424, 33.7016396], [-84.3512137, 33.7016062], [-84.3511427, 33.7015236], [-84.351102, 33.7014762], [-84.3510402, 33.7013868], [-84.3509002, 33.7011846], [-84.3508605, 33.7010972], [-84.3508107, 33.7009877], [-84.3507326, 33.7008009], [-84.3507091, 33.7007447], [-84.3506954, 33.7007119], [-84.350351, 33.7007112], [-84.3500422, 33.7006891], [-84.3499192, 33.7006849], [-84.3498973, 33.7006841], [-84.3498146, 33.7006847], [-84.3497213, 33.700698], [-84.3496568, 33.7007403], [-84.3496417, 33.7007857], [-84.3496348, 33.7009466]]}, "properties": {"surface": "", "highway": "footway"}}, {"type": "Feature", "geometry": {"type": "LineString", "coordinates": [[-84.370322, 33.6631015], [-84.3701424, 33.6631876], [-84.3700167, 33.6632942], [-84.3698521, 33.6636775], [-84.3698527, 33.6638129], [-84.3697969, 33.6638483], [-84.3696869, 33.6638566], [-84.3695716, 33.663925], [-84.3695176, 33.6639784], [-84.3694604, 33.6640183], [-84.3693382, 33.6640341], [-84.3692864, 33.6640513], [-84.3692309, 33.6641077], [-84.3692026, 33.6641505], [-84.3691887, 33.6642024], [-84.3691892, 33.6642452], [-84.3691933, 33.6642925], [-84.3694615, 33.6644659], [-84.3694611, 33.66449], [-84.3694365, 33.6645027], [-84.3692671, 33.6644434], [-84.3691604, 33.6643977], [-84.3690961, 33.6643318], [-84.3688841, 33.6642491], [-84.3688236, 33.6642333], [-84.3687741, 33.6642495], [-84.36873, 33.6642505], [-84.3686816, 33.6642425], [-84.3686507, 33.6641931], [-84.368627, 33.6641554], [-84.3686269, 33.6641213], [-84.3686439, 33.6640191], [-84.3687795, 33.6638043], [-84.3688561, 33.6635877], [-84.3688883, 33.6634812], [-84.3688873, 33.663444], [-84.3688562, 33.6633818], [-84.3688434, 33.6632984], [-84.3688091, 33.6632044], [-84.3686868, 33.6631997], [-84.3686308, 33.663174], [-84.3685811, 33.6631366], [-84.3684387, 33.6630003], [-84.3683013, 33.6628938], [-84.3681025, 33.6626998], [-84.3678399, 33.6624995], [-84.3677584, 33.6623985], [-84.36765, 33.6620882], [-84.36749, 33.6623264], [-84.367434, 33.6624062], [-84.3673758, 33.6624731], [-84.3672864, 33.6625267], [-84.367207, 33.6625338], [-84.3671312, 33.6625228], [-84.3670434, 33.6625502], [-84.3669719, 33.6626194]]}, "properties": {"surface": "dirt", "highway": "path"}}, {"type": "Feature", "geometry": {"type": "LineString", "coordinates": [[-84.3669719, 33.6626194], [-84.3669232, 33.6627007]]}, "properties": {"surface": "", "highway": "path"}}, {"type": "Feature", "geometry": {"type": "LineString", "coordinates": [[-84.3633581, 33.6605419], [-84.3633127, 33.6605604], [-84.3633155, 33.6605833], [-84.3633455, 33.6605973], [-84.3633815, 33.6606042], [-84.3634215, 33.6605956], [-84.3634585, 33.6605959], [-84.363535, 33.6606083], [-84.3637116, 33.6606596], [-84.3637818, 33.6606778], [-84.3638683, 33.6606839], [-84.3640281, 33.6608104], [-84.3640382, 33.6608796], [-84.364014, 33.6609557], [-84.363977, 33.6610542], [-84.3639225, 33.6611735], [-84.3638571, 33.6612688], [-84.3638089, 33.6613636], [-84.3637769, 33.6614584], [-84.3638045, 33.6614835], [-84.3638483, 33.6615041], [-84.3639433, 33.6615482], [-84.3641114, 33.661537], [-84.3642401, 33.6614855], [-84.3642863, 33.661484], [-84.3643577, 33.661502], [-84.3643837, 33.6615074], [-84.364414, 33.6614923], [-84.3644714, 33.6613971], [-84.3645109, 33.6613848], [-84.3645439, 33.6613903], [-84.3646476, 33.661543], [-84.364728, 33.6617078], [-84.3648479, 33.6617749], [-84.3648949, 33.6618294], [-84.3650378, 33.6618979], [-84.36514, 33.6619681], [-84.3652839, 33.6620565], [-84.3654509, 33.6620885], [-84.3655407, 33.662124], [-84.36566, 33.6621752], [-84.365773, 33.6622183], [-84.3658118, 33.6622659], [-84.3659214, 33.6623761], [-84.3660378, 33.6624228], [-84.3660821, 33.662448], [-84.3661392, 33.6625071], [-84.3662377, 33.6625713], [-84.3662676, 33.6625998], [-84.3662933, 33.6626515], [-84.3662965, 33.6627125], [-84.3663218, 33.6627412], [-84.3664006, 33.6627913], [-84.3664555, 33.662853], [-84.3664886, 33.6628967], [-84.3665064, 33.6629319]]}, "properties": {"surface": "dirt", "highway": "path"}}, {"type": "Feature", "geometry": {"type": "LineString", "coordinates": [[-84.3634564, 33.6604681], [-84.3633581, 33.6605419]]}, "properties": {"surface": "", "highway": "path"}}, {"type": "Feature", "geometry": {"type": "LineString", "coordinates": [[-84.3629464, 33.6605987], [-84.3629633, 33.6605707], [-84.3629824, 33.6605445], [-84.3630427, 33.6605113], [-84.3630671, 33.6605036], [-84.3630926, 33.6604874], [-84.36311, 33.6604582], [-84.3631408, 33.6604311], [-84.363179, 33.6604147], [-84.3632481, 33.6603685], [-84.3632893, 33.6603582], [-84.3633219, 33.660346], [-84.3633727, 33.6603182], [-84.3634161, 33.6603012], [-84.3634378, 33.6603018], [-84.3634714, 33.6602958], [-84.3635419, 33.6602541], [-84.3635798, 33.6602303], [-84.3636081, 33.660203], [-84.3636217, 33.660168], [-84.3636256, 33.6601419], [-84.363612, 33.6601138], [-84.3635942, 33.6601], [-84.3635705, 33.6600902], [-84.3635463, 33.6600893], [-84.3635286, 33.660092], [-84.3634938, 33.6600994], [-84.3633912, 33.6601602], [-84.3633454, 33.6601822], [-84.3633088, 33.660192], [-84.3632835, 33.660208], [-84.3632269, 33.6602522], [-84.3632029, 33.6602685], [-84.3631746, 33.6602821], [-84.3631302, 33.6602903], [-84.3630945, 33.6602993], [-84.3630606, 33.6603171], [-84.3630268, 33.6603241], [-84.3629365, 33.6603248], [-84.3629041, 33.6603291], [-84.3628513, 33.6603518], [-84.362807, 33.6603629], [-84.3627843, 33.6603677], [-84.3627617, 33.6603672], [-84.3627163, 33.6603662], [-84.3626943, 33.6603619], [-84.3626455, 33.6603665], [-84.3625972, 33.660386], [-84.3625566, 33.6604048], [-84.3625032, 33.6604258], [-84.3624661, 33.6604379], [-84.3624381, 33.6604374], [-84.3624095, 33.6604344], [-84.3623841, 33.6604269], [-84.3623655, 33.6604163], [-84.3623544, 33.6604012], [-84.3623499, 33.6603837], [-84.3623551, 33.6603679], [-84.3624332, 33.6603278], [-84.3624547, 33.6602938], [-84.3625243, 33.6602379], [-84.3625671, 33.6602155], [-84.3626217, 33.6602074], [-84.3627076, 33.6601969], [-84.3627482, 33.6601841], [-84.3627866, 33.6601637], [-84.36282, 33.6601568], [-84.3628534, 33.6601436], [-84.3628936, 33.6601158], [-84.3629383, 33.660102], [-84.3629796, 33.6600874], [-84.3630209, 33.6600475], [-84.3631034, 33.6599715], [-84.363126, 33.6599178], [-84.3631289, 33.6598601], [-84.363144, 33.6598124], [-84.363163, 33.6597306], [-84.3631575, 33.6597071], [-84.3631447, 33.6596959], [-84.3631261, 33.6596937], [-84.3631106, 33.6596972], [-84.3631008, 33.6597094], [-84.363092, 33.6597318], [-84.3630922, 33.6597579], [-84.363078, 33.6597931], [-84.3630487, 33.6598257], [-84.3630382, 33.6598403], [-84.3630339, 33.659908], [-84.3630072, 33.6599291], [-84.3629669, 33.6599503], [-84.3628681, 33.6599925], [-84.3628435, 33.660004], [-84.3628112, 33.6600101], [-84.3627402, 33.6600037], [-84.3627016, 33.6600139], [-84.3626566, 33.6600187], [-84.3626008, 33.660032], [-84.3625243, 33.6600847], [-84.3624555, 33.6600945], [-84.3623373, 33.6601249], [-84.3622887, 33.6601513], [-84.3622508, 33.660183], [-84.3622024, 33.6601854], [-84.3621551, 33.6601789], [-84.362052, 33.6601874], [-84.3620173, 33.6601642], [-84.3620132, 33.6601282], [-84.36205, 33.6600954], [-84.3621046, 33.6600732], [-84.36215, 33.6600267], [-84.362225, 33.6599801], [-84.3622682, 33.6599547], [-84.3623224, 33.6599418], [-84.3623536, 33.659912], [-84.3624098, 33.65983], [-84.3624467, 33.659788], [-84.3624965, 33.6597566], [-84.3625905, 33.6597173], [-84.3626895, 33.6596949], [-84.3627467, 33.6596665], [-84.3627936, 33.6596211], [-84.3628239, 33.6595641], [-84.3628415, 33.6595133], [-84.3628821, 33.6594474], [-84.3628958, 33.6593539], [-84.3628623, 33.6592304], [-84.3628545, 33.6591931], [-84.3628314, 33.6591643], [-84.3627907, 33.6591408], [-84.3627448, 33.6591513], [-84.3626926, 33.6591873], [-84.3626583, 33.6592318], [-84.362617, 33.6592792], [-84.362568, 33.6593075], [-84.3624942, 33.6593598], [-84.362488, 33.6593961], [-84.3624919, 33.6594389], [-84.3625189, 33.6594809], [-84.3625165, 33.6595101], [-84.3625014, 33.6595372], [-84.3624187, 33.6596222], [-84.3623424, 33.6596987], [-84.3622848, 33.6597292], [-84.3622221, 33.6597406], [-84.3621233, 33.6597406], [-84.3620219, 33.6597214], [-84.3619713, 33.6596789], [-84.3618976, 33.6596438], [-84.3618417, 33.6595939], [-84.3617334, 33.6595814], [-84.3617298, 33.6595372], [-84.3617442, 33.6595019], [-84.361755, 33.6594554], [-84.361783, 33.6594157], [-84.3618131, 33.6594005], [-84.3618558, 33.6593943], [-84.361934, 33.659397], [-84.3620733, 33.6593905], [-84.3621194, 33.6593857], [-84.3621488, 33.6593653], [-84.3621836, 33.6593569], [-84.3622419, 33.6593368], [-84.3622818, 33.6593075], [-84.362329, 33.6592467], [-84.3623765, 33.6592083], [-84.3624547, 33.6591729], [-84.3625172, 33.6591186], [-84.3625658, 33.6590793], [-84.3625821, 33.6590294], [-84.3626091, 33.6589311], [-84.362636, 33.6588504], [-84.3626592, 33.6588228], [-84.3627005, 33.6588028], [-84.3627543, 33.6587961], [-84.3628211, 33.6588006], [-84.3628581, 33.6588233], [-84.3629808, 33.6588956], [-84.3630389, 33.6589488], [-84.3631182, 33.6590116], [-84.3631384, 33.6590357], [-84.363157, 33.6590851], [-84.3631759, 33.6591086], [-84.3632599, 33.6591333], [-84.3632824, 33.6591599], [-84.3632863, 33.6592483], [-84.3633, 33.6592863], [-84.363346, 33.6593475], [-84.3633507, 33.6593891], [-84.3633326, 33.6594385], [-84.3633296, 33.6594736], [-84.3633472, 33.6595206], [-84.3633905, 33.6595711], [-84.3634093, 33.6596403], [-84.3633642, 33.6597333], [-84.3633985, 33.6597604], [-84.3634376, 33.6597685], [-84.363481, 33.6597525], [-84.3634966, 33.6597376], [-84.3635078, 33.6597119], [-84.3635127, 33.6596551], [-84.3635196, 33.6596089], [-84.3635508, 33.6595567], [-84.3635434, 33.6594474], [-84.3634915, 33.6593355], [-84.3634891, 33.6592732], [-84.3634932, 33.6592199], [-84.363453, 33.6591], [-84.3633739, 33.6589694], [-84.3633451, 33.6589122], [-84.3633335, 33.6588567], [-84.3633145, 33.658814], [-84.3632315, 33.6587617], [-84.363215, 33.6587281], [-84.3632018, 33.6586821], [-84.3632078, 33.6586449], [-84.3632358, 33.6586114], [-84.3632681, 33.658594], [-84.3633358, 33.6585953], [-84.3633922, 33.6586138], [-84.3634046, 33.658651], [-84.3634258, 33.6586966], [-84.3635039, 33.65876], [-84.3636358, 33.6588089], [-84.3637291, 33.6588165], [-84.3638031, 33.6588436], [-84.363859, 33.6588865], [-84.3638806, 33.6589758], [-84.3638807, 33.6590048], [-84.3638657, 33.6590374], [-84.3638766, 33.6591007], [-84.3638495, 33.659143], [-84.3637918, 33.6591927], [-84.3637783, 33.6593282], [-84.3638259, 33.6593734], [-84.3638446, 33.6594277], [-84.3638356, 33.6594608], [-84.3638041, 33.6595036], [-84.3637888, 33.659554], [-84.3638024, 33.6595923], [-84.3638067, 33.6596181], [-84.3638002, 33.6596633], [-84.363816, 33.6596832], [-84.3638522, 33.6597008], [-84.363912, 33.6597107], [-84.3641105, 33.6596908], [-84.3641508, 33.6596828], [-84.3641664, 33.6596676], [-84.3641706, 33.6596427], [-84.3641573, 33.6596138], [-84.3641291, 33.659579], [-84.3640888, 33.6595428], [-84.3640677, 33.6595278], [-84.3640653, 33.6594834], [-84.3640864, 33.6594511], [-84.3641082, 33.6594269], [-84.3641409, 33.6594237], [-84.3642278, 33.6594203], [-84.3642682, 33.6594], [-84.3643401, 33.6593564], [-84.3643952, 33.6592629], [-84.3644043, 33.6592348], [-84.3644026, 33.6592083], [-84.364375, 33.6591645], [-84.3643329, 33.6591342], [-84.3643134, 33.6590625], [-84.3642884, 33.6590074], [-84.3641993, 33.6589503], [-84.364166, 33.6588856], [-84.3641517, 33.6588518], [-84.3640743, 33.6588046], [-84.3640203, 33.6587656], [-84.3639988, 33.6587055], [-84.3639853, 33.6586734], [-84.3639916, 33.6586398], [-84.3640177, 33.6585921], [-84.3640659, 33.6585487], [-84.3641036, 33.6585315], [-84.3641376, 33.6585068], [-84.3641742, 33.6584612], [-84.3641872, 33.6584155], [-84.3641903, 33.6583755], [-84.3641772, 33.6583445], [-84.3641424, 33.6582856], [-84.3640932, 33.6582253], [-84.3640191, 33.6581724], [-84.3638863, 33.6581247], [-84.3638274, 33.6580965], [-84.3638047, 33.6580668], [-84.3637814, 33.6580366], [-84.363786, 33.6579935], [-84.363806, 33.6579612], [-84.363844, 33.6579424], [-84.3639427, 33.6579295], [-84.364054, 33.6579436], [-84.3641292, 33.6579427], [-84.3642127, 33.6579514], [-84.3642673, 33.6579781], [-84.3643368, 33.6580284], [-84.3643721, 33.6580922], [-84.3644398, 33.6581591], [-84.3644888, 33.6583845], [-84.3645679, 33.6584619], [-84.3645982, 33.6585063], [-84.3646373, 33.6586297], [-84.3647606, 33.6588712], [-84.3648999, 33.6589569], [-84.3650176, 33.6589856], [-84.3651442, 33.6590936], [-84.3652074, 33.6591508], [-84.3652238, 33.6591772], [-84.3652197, 33.6592037], [-84.365194, 33.6592592], [-84.365148, 33.6593062], [-84.3650355, 33.6593383], [-84.3649742, 33.6593896], [-84.3649369, 33.6594624], [-84.364945, 33.6595126], [-84.3649226, 33.6595585], [-84.3648784, 33.6595989], [-84.364819, 33.659616], [-84.3647077, 33.6596486], [-84.36467, 33.659708], [-84.3646118, 33.6597609], [-84.3645165, 33.6597917], [-84.3644701, 33.6598177], [-84.3644493, 33.6598565], [-84.3644559, 33.6598794], [-84.3645034, 33.6599194], [-84.3645318, 33.6599986], [-84.3646086, 33.6600503], [-84.3647099, 33.6601523], [-84.3647869, 33.6602372], [-84.3648325, 33.6603209], [-84.3648882, 33.6603472], [-84.3649348, 33.6603655], [-84.3649699, 33.660389], [-84.364956, 33.6604297], [-84.3649219, 33.660453], [-84.3648801, 33.6604423], [-84.3648183, 33.6604262], [-84.3646599, 33.6603095], [-84.3645815, 33.6602388], [-84.364547, 33.6601481], [-84.3645095, 33.6601015], [-84.3644593, 33.660074], [-84.3643921, 33.6600884], [-84.3643248, 33.6601218], [-84.3642465, 33.6601294], [-84.3641119, 33.6600957], [-84.364034, 33.6601207], [-84.3639536, 33.6601628], [-84.3639013, 33.6601931], [-84.3638222, 33.660302], [-84.3637716, 33.6603475], [-84.3637237, 33.6603695], [-84.3636252, 33.6604019], [-84.3635344, 33.6604212], [-84.3634564, 33.6604681]]}, "properties": {"surface": "dirt", "highway": "path"}}, {"type": "Feature", "geometry": {"type": "LineString", "coordinates": [[-84.362958, 33.660628], [-84.3629464, 33.6605987]]}, "properties": {"surface": "", "highway": "path"}}, {"type": "Feature", "geometry": {"type": "LineString", "coordinates": [[-84.3617334, 33.6595814], [-84.3616656, 33.6596223], [-84.3616347, 33.6596546], [-84.3615957, 33.6596794], [-84.3615405, 33.6596981], [-84.3612532, 33.6596482], [-84.3611744, 33.6596495], [-84.3611841, 33.6596775], [-84.3611992, 33.6597108], [-84.3612439, 33.6597729], [-84.3612532, 33.6598499], [-84.3612805, 33.6599314], [-84.3612906, 33.6599761], [-84.3612804, 33.660018], [-84.3612617, 33.6600618], [-84.3612701, 33.6600884], [-84.3612833, 33.6601087], [-84.361309, 33.660129], [-84.3613621, 33.6601673], [-84.3614057, 33.6601942], [-84.3614326, 33.6602162], [-84.3614492, 33.6602482], [-84.361444, 33.6602804], [-84.3614254, 33.6603176], [-84.3612482, 33.6604298], [-84.3612332, 33.6604974], [-84.3612829, 33.6605678], [-84.3612943, 33.660636], [-84.3612495, 33.6607458], [-84.3612539, 33.6608146], [-84.3612328, 33.6608769], [-84.3611817, 33.6609241], [-84.3610975, 33.6609649], [-84.3609877, 33.6610015], [-84.3608907, 33.6610551], [-84.3607995, 33.6610973], [-84.3607702, 33.6611213], [-84.360756, 33.6611452], [-84.360768, 33.661171], [-84.3608635, 33.6612461], [-84.3609221, 33.6612873], [-84.3609541, 33.6613053], [-84.3609764, 33.6613178], [-84.361139, 33.6613905], [-84.3611954, 33.6614254], [-84.3612519, 33.6614362], [-84.3613319, 33.6614555], [-84.3614324, 33.6614912], [-84.3614828, 33.6614895], [-84.3615127, 33.6614726], [-84.3615952, 33.6614023], [-84.3616435, 33.6613891], [-84.3617198, 33.6613714], [-84.361778, 33.6613665], [-84.3618419, 33.6613483], [-84.3618937, 33.6613452], [-84.3619875, 33.6613537], [-84.3620205, 33.6613692], [-84.361995, 33.661391], [-84.3619607, 33.6614101], [-84.3619096, 33.6614254], [-84.3618738, 33.6614508], [-84.3618516, 33.6614825], [-84.3617452, 33.6616371], [-84.3617098, 33.6617045], [-84.3617096, 33.6617259], [-84.361729, 33.6617499], [-84.3617426, 33.6617583], [-84.3617606, 33.6617629], [-84.3617805, 33.661758], [-84.3617968, 33.6617494], [-84.3618308, 33.6617043], [-84.3618388, 33.6616742], [-84.3618549, 33.6616554], [-84.3618864, 33.6616486], [-84.3619161, 33.6616523], [-84.3619562, 33.6616471], [-84.3620514, 33.6616593], [-84.3621289, 33.6616512], [-84.362168, 33.6616625], [-84.3621995, 33.6617028], [-84.362231, 33.6617486], [-84.3622264, 33.6617854], [-84.3622125, 33.6618205], [-84.3621842, 33.6618415], [-84.3621362, 33.661855], [-84.3620371, 33.6618833], [-84.3620202, 33.6619022], [-84.3620125, 33.6619236], [-84.3620073, 33.6619549], [-84.3620097, 33.6619875], [-84.3620217, 33.6620049], [-84.3620427, 33.6620136], [-84.3620692, 33.6620094], [-84.3620972, 33.6620002], [-84.3621274, 33.6619806], [-84.3621629, 33.6619728], [-84.3622032, 33.6619773], [-84.3622165, 33.6619831], [-84.3622328, 33.6620002], [-84.3622518, 33.6620446], [-84.3622497, 33.6620855], [-84.3622191, 33.662126], [-84.362201, 33.6621674], [-84.3622072, 33.6621993], [-84.3622168, 33.6622153], [-84.3622544, 33.6622228], [-84.3623124, 33.6622095], [-84.3623678, 33.6622154], [-84.3624003, 33.6622331], [-84.36241, 33.6622405], [-84.3624161, 33.6622539], [-84.3624195, 33.6622827], [-84.3624062, 33.662318], [-84.3624051, 33.6623336], [-84.3624123, 33.6623515], [-84.3624392, 33.6623739], [-84.3625018, 33.6623917], [-84.3625129, 33.6623957], [-84.3625183, 33.6624012], [-84.3625276, 33.6624291], [-84.362527, 33.6624671], [-84.3625341, 33.6624942], [-84.3625521, 33.6625087], [-84.3625983, 33.6625317], [-84.3626178, 33.662549], [-84.3626217, 33.6625692], [-84.3626228, 33.6625826], [-84.3626124, 33.6625991], [-84.3625572, 33.6626639], [-84.3625498, 33.6626863], [-84.3625519, 33.6627062], [-84.362558, 33.6627136], [-84.3625667, 33.66272], [-84.3626045, 33.6627374], [-84.3626161, 33.6627467], [-84.3626226, 33.6627618], [-84.3626319, 33.6627875], [-84.3626336, 33.6628059], [-84.3626215, 33.6628436], [-84.3626051, 33.6628692], [-84.3625837, 33.6628906], [-84.3625681, 33.6629024], [-84.3625506, 33.662903], [-84.3625219, 33.6628941], [-84.3624855, 33.6628908], [-84.3624511, 33.6629043], [-84.3624037, 33.662909], [-84.3623017, 33.6628914], [-84.3622343, 33.6628942], [-84.3621132, 33.6629243], [-84.361975, 33.6629342], [-84.3619415, 33.6629486], [-84.3619211, 33.6629704], [-84.361917, 33.6629828], [-84.3619237, 33.6629937], [-84.3619372, 33.6630007], [-84.3619546, 33.6630035], [-84.3620603, 33.6630197], [-84.3621982, 33.663027], [-84.3623195, 33.663034], [-84.362385, 33.6630299], [-84.3624471, 33.6630254], [-84.3625014, 33.6630196], [-84.362548, 33.6629987], [-84.3625652, 33.6629925], [-84.362586, 33.6629929], [-84.3625956, 33.6630018], [-84.3625927, 33.6630196], [-84.3625798, 33.6630336], [-84.3625405, 33.6630626], [-84.3625082, 33.6630771], [-84.3624705, 33.6630931], [-84.3624433, 33.6631002], [-84.3623964, 33.6631007], [-84.3623395, 33.6630997], [-84.3621969, 33.6631156], [-84.3621061, 33.6631157], [-84.3620459, 33.6631211], [-84.3619425, 33.6631686], [-84.3618451, 33.6631812], [-84.3617784, 33.663198], [-84.3617062, 33.6632086], [-84.3616637, 33.6632011], [-84.3616237, 33.6631884], [-84.3615458, 33.6631527], [-84.3614998, 33.6631192], [-84.3614614, 33.6630798], [-84.3614062, 33.6630669], [-84.3613724, 33.6630672], [-84.3613373, 33.6630707], [-84.3613047, 33.6630811], [-84.3612798, 33.6630978], [-84.3612553, 33.6631307], [-84.3612481, 33.6631519], [-84.3612498, 33.6631805], [-84.3612531, 33.6631999], [-84.3612755, 33.6632192], [-84.3612998, 33.6632294], [-84.3613292, 33.6632364], [-84.3616992, 33.6633341], [-84.3618204, 33.6633748], [-84.361896, 33.6633881], [-84.3619995, 33.6633906], [-84.3627401, 33.6634057], [-84.3627957, 33.6633917], [-84.3628385, 33.6633655], [-84.3628835, 33.6633491], [-84.3629555, 33.6633317], [-84.3629945, 33.6633292], [-84.3630228, 33.6633318], [-84.3630582, 33.6633421], [-84.3630724, 33.6633568], [-84.363076, 33.6633715], [-84.3630718, 33.663401], [-84.3630561, 33.6634374], [-84.3630284, 33.6634687], [-84.362982, 33.6635319], [-84.362949, 33.6635553], [-84.3629007, 33.66358], [-84.3627648, 33.6636344], [-84.3626289, 33.663709], [-84.3626041, 33.6637388], [-84.3626031, 33.66376], [-84.3626097, 33.6637812], [-84.3626338, 33.6638072], [-84.3626716, 33.663818], [-84.362697, 33.6638261], [-84.3627346, 33.6638241], [-84.3627745, 33.6638146], [-84.3628114, 33.6637963], [-84.3628685, 33.6637533], [-84.362925, 33.6637469], [-84.3630737, 33.663758], [-84.3630926, 33.6637665], [-84.363104, 33.6637884], [-84.3631106, 33.6638144], [-84.3631118, 33.6638395], [-84.3630938, 33.6638628], [-84.3630429, 33.6638933], [-84.3629776, 33.6639177], [-84.3629048, 33.6639287], [-84.3628168, 33.6639227], [-84.3627529, 33.6639624], [-84.3627389, 33.6640071], [-84.3627421, 33.6640347], [-84.3627542, 33.6640666], [-84.3628014, 33.6640946], [-84.3628805, 33.6641055], [-84.3629436, 33.6641111], [-84.3630093, 33.6641019], [-84.3631011, 33.6640792], [-84.3631979, 33.6640692], [-84.363274, 33.664095], [-84.3633398, 33.6641302], [-84.3633852, 33.6641591], [-84.3634, 33.6642007], [-84.3633798, 33.6642745], [-84.3633914, 33.6643177], [-84.3634183, 33.664363], [-84.3635092, 33.6643694], [-84.3635604, 33.6644064], [-84.3636032, 33.6644686], [-84.3636567, 33.6645307], [-84.3636899, 33.6645474], [-84.363751, 33.6645552], [-84.3637823, 33.664638], [-84.3637787, 33.6646821], [-84.3637664, 33.6647154], [-84.3637381, 33.6647398], [-84.3637111, 33.6647556], [-84.363684, 33.6647607], [-84.3636107, 33.664745], [-84.363504, 33.6646667], [-84.3634321, 33.6646724], [-84.3633623, 33.6646852], [-84.3633268, 33.6646711], [-84.3633129, 33.6646555], [-84.3632743, 33.6645957], [-84.3632431, 33.6645443], [-84.3632239, 33.6645247], [-84.3631939, 33.664514], [-84.3631661, 33.6645042], [-84.3631365, 33.6645019], [-84.3630576, 33.664513], [-84.3629129, 33.664554], [-84.3628298, 33.664576], [-84.362781, 33.6645877], [-84.3627304, 33.6645905], [-84.3626827, 33.6645836], [-84.3626423, 33.6645662], [-84.3625903, 33.6645269], [-84.3625242, 33.6644635], [-84.362502, 33.6644194], [-84.3624898, 33.6643753], [-84.3624702, 33.6643266], [-84.3624614, 33.6642779], [-84.3624283, 33.6640698], [-84.3623451, 33.6639873], [-84.3623024, 33.663956], [-84.3622606, 33.6639451], [-84.3622026, 33.6639395], [-84.3621562, 33.6639545], [-84.3621185, 33.6639807], [-84.3620848, 33.6640201], [-84.3620901, 33.6640551], [-84.3621386, 33.6640715], [-84.3621693, 33.6641025], [-84.3621856, 33.6641284], [-84.3622091, 33.6641715], [-84.3622181, 33.6641931], [-84.3622217, 33.6642184], [-84.3622173, 33.6642464], [-84.3621949, 33.6642684], [-84.36213, 33.6642899], [-84.3620536, 33.6643019], [-84.3618958, 33.6642674], [-84.3618355, 33.6642947], [-84.3617906, 33.6643283], [-84.3617533, 33.6643705], [-84.3617226, 33.6644253], [-84.3617091, 33.6644503], [-84.3616829, 33.6644716], [-84.3616619, 33.6644733], [-84.3616403, 33.6644644], [-84.3616248, 33.6644481], [-84.361615, 33.6644233], [-84.3615852, 33.6643649], [-84.3615553, 33.6643235], [-84.3615012, 33.6642619], [-84.3614569, 33.6642266], [-84.3614362, 33.6641898], [-84.361373, 33.6641319], [-84.3613316, 33.6641041], [-84.3612866, 33.6640988], [-84.3612411, 33.6641072], [-84.3612103, 33.6641227], [-84.3611794, 33.6641307], [-84.3611341, 33.6641285], [-84.3611025, 33.6641193], [-84.3610727, 33.6641026], [-84.3610275, 33.6640963], [-84.3609748, 33.6641025], [-84.3607936, 33.6640879], [-84.360634, 33.6640224], [-84.3605656, 33.6639387], [-84.3605873, 33.6638692], [-84.3606721, 33.663887], [-84.3607484, 33.6638601], [-84.3608207, 33.6637259], [-84.3609166, 33.6636507], [-84.3609567, 33.6636058], [-84.3609735, 33.6635738], [-84.360973, 33.6635507], [-84.360955, 33.6635082], [-84.3609424, 33.6634883], [-84.3609234, 33.663472], [-84.3609058, 33.6634633], [-84.3608806, 33.6634634], [-84.3608691, 33.6634688], [-84.3608602, 33.6634779], [-84.3608463, 33.6635103], [-84.3608314, 33.6635348], [-84.3608027, 33.6635718], [-84.3607603, 33.6636025], [-84.3607194, 33.6636147], [-84.3606677, 33.6636126], [-84.3605772, 33.6635932], [-84.3605339, 33.6635759], [-84.3605153, 33.6635632], [-84.3605074, 33.6635479], [-84.3605032, 33.6635289], [-84.3605127, 33.6635099], [-84.3605313, 33.663454], [-84.3605436, 33.6634355], [-84.3605635, 33.6634196], [-84.3605956, 33.6634181], [-84.3606277, 33.663423], [-84.3606544, 33.663414], [-84.3606721, 33.6634012], [-84.360694, 33.6633764], [-84.3607015, 33.6633456], [-84.3607057, 33.6632569], [-84.3607466, 33.6631622], [-84.3607829, 33.6631083], [-84.36082, 33.6630566], [-84.3608635, 33.6630102], [-84.3609006, 33.662987], [-84.3611308, 33.6629233], [-84.3611987, 33.6629032], [-84.3612594, 33.6628756], [-84.3613111, 33.6628728], [-84.361361, 33.6628745], [-84.3614016, 33.6628674], [-84.3614403, 33.6628602], [-84.3614827, 33.6628628], [-84.3615268, 33.6628729], [-84.3615605, 33.6628926], [-84.3615833, 33.6629153], [-84.3616233, 33.6629245], [-84.361646, 33.6629233], [-84.3616621, 33.6629184], [-84.3616693, 33.6629034], [-84.3616632, 33.6628764], [-84.3616449, 33.6628549], [-84.3616202, 33.6628345], [-84.3616019, 33.6628038], [-84.3615849, 33.662754], [-84.3615634, 33.6627255], [-84.3615355, 33.6627033], [-84.3614825, 33.6626737], [-84.3614321, 33.6626751], [-84.3613096, 33.662732], [-84.3612669, 33.6627398], [-84.3612289, 33.662736], [-84.3612076, 33.662727], [-84.3611648, 33.6627078], [-84.3611533, 33.6626985], [-84.3611292, 33.6626935], [-84.3611072, 33.662693], [-84.3610836, 33.6626965], [-84.3610681, 33.6627138], [-84.3610299, 33.6627492], [-84.3609563, 33.66282], [-84.3607727, 33.6629167], [-84.360562, 33.6630239], [-84.3604908, 33.663027], [-84.3604213, 33.6630031], [-84.3603787, 33.6629589], [-84.3603695, 33.662904], [-84.3603839, 33.6628599], [-84.3604184, 33.6628285], [-84.3604544, 33.6627993], [-84.3604783, 33.6627358], [-84.360508, 33.6626656], [-84.3605569, 33.6626098], [-84.3606072, 33.6625052], [-84.3606588, 33.6624956], [-84.3606953, 33.6624771], [-84.3607123, 33.6624421], [-84.3607132, 33.6623696], [-84.3607351, 33.6623246], [-84.3607805, 33.662305], [-84.3608741, 33.6622881], [-84.3609311, 33.6622814], [-84.3609891, 33.6622747], [-84.3610889, 33.6622816], [-84.3611565, 33.6622974], [-84.3611627, 33.6623369], [-84.3611796, 33.6623711], [-84.3613086, 33.6623935], [-84.3614762, 33.6624953], [-84.3615997, 33.6625607], [-84.3616848, 33.662608], [-84.3617401, 33.6626281], [-84.3617827, 33.6626268], [-84.3618077, 33.6625843], [-84.3618135, 33.6625276], [-84.3618787, 33.6624329], [-84.3619067, 33.6624038], [-84.3619497, 33.662389], [-84.3619852, 33.6623487], [-84.361987, 33.6623274], [-84.3619864, 33.6623102], [-84.3619613, 33.6622915], [-84.3619308, 33.6622817], [-84.3619043, 33.6622585], [-84.3619, 33.6622235], [-84.3619149, 33.6621884], [-84.3619051, 33.6621433], [-84.361878, 33.6621008], [-84.3618218, 33.6620562], [-84.361811, 33.6620256], [-84.3618281, 33.6619843], [-84.3618173, 33.6619678], [-84.3617904, 33.6619442], [-84.3617484, 33.6619259], [-84.3617121, 33.6618987], [-84.3616706, 33.6618961], [-84.3616419, 33.6619114], [-84.3616276, 33.6619311], [-84.361624, 33.6619651], [-84.361591, 33.6619938], [-84.361558, 33.6620216], [-84.3615014, 33.6620405], [-84.3614437, 33.6621014], [-84.3614171, 33.662106], [-84.3613849, 33.6620915], [-84.3613365, 33.6620368], [-84.3611154, 33.6619775], [-84.3610502, 33.6619052], [-84.3608001, 33.6618944], [-84.3606579, 33.6618712], [-84.3604707, 33.6618104], [-84.3604619, 33.6617746], [-84.3604594, 33.6617432], [-84.3604653, 33.661703], [-84.3604739, 33.6616916], [-84.3604906, 33.6616922], [-84.3605498, 33.6616952], [-84.3605838, 33.6616964], [-84.3606179, 33.6616885], [-84.3606355, 33.6616869], [-84.3606568, 33.6616936], [-84.3606739, 33.6616903], [-84.3606864, 33.661684], [-84.3606883, 33.6616704], [-84.3606849, 33.6616569], [-84.3606803, 33.6616462], [-84.3606667, 33.6616362], [-84.3606437, 33.6616294], [-84.3606279, 33.6616226], [-84.3606148, 33.6616072], [-84.3606044, 33.661591], [-84.3605771, 33.6615157], [-84.3605745, 33.6614804], [-84.3605675, 33.6614522], [-84.360543, 33.6613932], [-84.360527, 33.6613669], [-84.3605014, 33.6613415], [-84.3604416, 33.6612854], [-84.360483, 33.6610811], [-84.3604968, 33.6610233], [-84.3604984, 33.6609667], [-84.3605109, 33.6609458], [-84.3605695, 33.6609174], [-84.3606542, 33.6609088], [-84.3607359, 33.6608839], [-84.3607862, 33.6608603], [-84.3608199, 33.6608234], [-84.3608406, 33.6607654], [-84.360846, 33.6607073], [-84.3608522, 33.6606843], [-84.3608664, 33.660663], [-84.3609104, 33.6606314], [-84.3609616, 33.6606013], [-84.361, 33.6605668], [-84.3610389, 33.6605209], [-84.3610575, 33.6604808], [-84.3611022, 33.6604017], [-84.3611277, 33.6603356], [-84.3611418, 33.6602937], [-84.3611398, 33.6602672], [-84.3611281, 33.6602407], [-84.3611061, 33.6602143], [-84.3610832, 33.6601885], [-84.3610543, 33.6601653], [-84.3610518, 33.6601335], [-84.3610555, 33.660103], [-84.3610445, 33.6600408], [-84.3610523, 33.6599946], [-84.3610691, 33.6599484], [-84.361066, 33.6599143], [-84.3610448, 33.6598862], [-84.3610074, 33.6598588], [-84.360988, 33.65983], [-84.3609828, 33.6597986], [-84.3610307, 33.6597207], [-84.3610634, 33.6596511], [-84.3610926, 33.6596306], [-84.3611326, 33.659631], [-84.3611744, 33.6596495]]}, "properties": {"surface": "dirt", "highway": "path"}}, {"type": "Feature", "geometry": {"type": "LineString", "coordinates": [[-84.3667152, 33.6629056], [-84.3666825, 33.6629675], [-84.3666822, 33.6630205], [-84.3667142, 33.6631294], [-84.3667709, 33.6632751], [-84.3669024, 33.6635755], [-84.3669457, 33.6636694], [-84.366998, 33.6637678], [-84.3669872, 33.6638444], [-84.366969, 33.6639218], [-84.3669399, 33.6639662], [-84.3668421, 33.664097], [-84.3667579, 33.6642147], [-84.3666963, 33.6642569], [-84.3665958, 33.6642737], [-84.3664974, 33.6642483], [-84.3664206, 33.6641959], [-84.3663357, 33.6641722], [-84.3662432, 33.6641804], [-84.3661788, 33.6642143], [-84.3661222, 33.6643492], [-84.3658947, 33.6645577], [-84.3656949, 33.6646617], [-84.3655949, 33.6646971], [-84.365526, 33.6646698], [-84.365486, 33.6646425], [-84.3654227, 33.6645586], [-84.3653431, 33.6643997], [-84.3652555, 33.6643323], [-84.3651666, 33.6642883], [-84.3650715, 33.6642817], [-84.3649856, 33.6642897], [-84.3647974, 33.6643044], [-84.3647062, 33.6642795], [-84.3646366, 33.6642486], [-84.3645507, 33.6642268], [-84.3644649, 33.6642259], [-84.3641834, 33.6642552], [-84.3640313, 33.6642885], [-84.363978, 33.6643135], [-84.3639429, 33.664351], [-84.3639322, 33.6644102], [-84.3639063, 33.6644543], [-84.3638533, 33.6645047], [-84.363751, 33.6645552]]}, "properties": {"surface": "dirt", "highway": "path"}}, {"type": "Feature", "geometry": {"type": "LineString", "coordinates": [[-84.3637649, 33.6608156], [-84.3638871, 33.6608803], [-84.364014, 33.6609557]]}, "properties": {"surface": "dirt", "highway": "path"}}, {"type": "Feature", "geometry": {"type": "LineString", "coordinates": [[-84.3669232, 33.6627007], [-84.3668999, 33.6627495], [-84.3668667, 33.662806], [-84.3668207, 33.6628518], [-84.3667705, 33.6628766], [-84.3667152, 33.6629056]]}, "properties": {"surface": "dirt", "highway": "path"}}, {"type": "Feature", "geometry": {"type": "LineString", "coordinates": [[-84.3623017, 33.6628914], [-84.362314, 33.6628803], [-84.3623719, 33.6628714], [-84.3624138, 33.662849], [-84.3624309, 33.6628249], [-84.3624363, 33.6627883], [-84.3624385, 33.6627678], [-84.3624256, 33.662741], [-84.362402, 33.6627303], [-84.3623065, 33.6627383], [-84.3622389, 33.6627419], [-84.3621477, 33.6627517], [-84.362093, 33.6627535], [-84.362034, 33.6627365], [-84.3619835, 33.6627124], [-84.3619417, 33.6626687], [-84.361931, 33.6626294], [-84.3619481, 33.6625972], [-84.3619803, 33.6625722], [-84.3620361, 33.6625615], [-84.3621198, 33.6625294], [-84.3621627, 33.6624963], [-84.362181, 33.6624561], [-84.3621788, 33.662407], [-84.3621756, 33.6623633], [-84.3621552, 33.662324], [-84.3620951, 33.6622222], [-84.3620672, 33.6621659], [-84.362034, 33.662123], [-84.3619782, 33.6620713], [-84.3619331, 33.662007], [-84.3619224, 33.6619507], [-84.3619299, 33.6618891], [-84.361931, 33.6618605], [-84.361916, 33.6618319], [-84.3618602, 33.6618194], [-84.3617904, 33.6618203], [-84.361711, 33.6618248], [-84.3616638, 33.6618203], [-84.3615641, 33.6618016], [-84.3614868, 33.66179], [-84.3613645, 33.6617676], [-84.3613119, 33.6617435], [-84.3612636, 33.6617069], [-84.3612014, 33.6616596], [-84.3611564, 33.6616283], [-84.3611049, 33.6615756], [-84.3610104, 33.6614962], [-84.3609825, 33.6614515], [-84.36096, 33.6613872], [-84.3609493, 33.6613381], [-84.3609541, 33.6613053]]}, "properties": {"surface": "dirt", "highway": "path"}}, {"type": "Feature", "geometry": {"type": "LineString", "coordinates": [[-84.3607351, 33.6623246], [-84.3607363, 33.6622783], [-84.3607417, 33.6622258], [-84.3607453, 33.6621777], [-84.3607381, 33.6621387], [-84.3607075, 33.6621131], [-84.3606353, 33.6620801], [-84.3605775, 33.6620636], [-84.3605144, 33.6620426], [-84.3604693, 33.662005], [-84.3604639, 33.661966], [-84.3604603, 33.6618939], [-84.3604639, 33.6618548], [-84.3604707, 33.6618104]]}, "properties": {"surface": "dirt", "highway": "path"}}, {"type": "Feature", "geometry": {"type": "LineString", "coordinates": [[-84.3679398, 33.6616368], [-84.36765, 33.6620882]]}, "properties": {"surface": "", "highway": "path"}}, {"type": "Feature", "geometry": {"type": "LineString", "coordinates": [[-84.36765, 33.6620882], [-84.3675203, 33.6620428]]}, "properties": {"surface": "", "highway": "path"}}, {"type": "Feature", "geometry": {"type": "LineString", "coordinates": [[-84.363978, 33.6643135], [-84.3639122, 33.6642329], [-84.3638446, 33.6640577], [-84.3637719, 33.6639302], [-84.3636354, 33.6636955], [-84.3635716, 33.6635373], [-84.3634644, 33.6632655], [-84.3634147, 33.6631402], [-84.3633355, 33.6629894], [-84.3632335, 33.6628333], [-84.3631403, 33.6627324], [-84.3630102, 33.6625104], [-84.3629247, 33.6623522], [-84.3628507, 33.6621313], [-84.3627461, 33.6619561], [-84.3627155, 33.6619136]]}, "properties": {"surface": "dirt", "highway": "path"}}, {"type": "Feature", "geometry": {"type": "LineString", "coordinates": [[-84.3592584, 33.6954656], [-84.3589267, 33.6959265], [-84.3589021, 33.6959665], [-84.3588907, 33.6960082], [-84.3588887, 33.6960157], [-84.3588909, 33.6960557], [-84.3589121, 33.6961235], [-84.3589535, 33.6962183], [-84.3589803, 33.6962685], [-84.3590149, 33.6963019], [-84.3590506, 33.6963279], [-84.3591132, 33.6963586], [-84.3591679, 33.6963809]]}, "properties": {"surface": "", "highway": "footway"}}, {"type": "Feature", "geometry": {"type": "LineString", "coordinates": [[-84.3588907, 33.6960082], [-84.358882, 33.6959832], [-84.3588596, 33.6959488], [-84.3588373, 33.6959228], [-84.3588139, 33.6959098], [-84.3587815, 33.6958958], [-84.3587502, 33.695894], [-84.3587167, 33.6958958], [-84.3586843, 33.6958968], [-84.3586497, 33.6958838], [-84.3586218, 33.6958596], [-84.3585994, 33.6958289], [-84.3585804, 33.6957825], [-84.3585693, 33.6957314], [-84.3585626, 33.6957035], [-84.3585536, 33.6956747], [-84.3585067, 33.6955901]]}, "properties": {"surface": "", "highway": "footway"}}, {"type": "Feature", "geometry": {"type": "LineString", "coordinates": [[-84.3980519, 33.6812529], [-84.3979279, 33.6812522], [-84.3979286, 33.681285], [-84.3979027, 33.6812854]]}, "properties": {"surface": "", "highway": "footway"}}, {"type": "Feature", "geometry": {"type": "LineString", "coordinates": [[-84.3994329, 33.6812599], [-84.3980519, 33.6812529]]}, "properties": {"surface": "", "highway": "footway"}}, {"type": "Feature", "geometry": {"type": "LineString", "coordinates": [[-84.3979027, 33.6812854], [-84.3978933, 33.6812867]]}, "properties": {"surface": "", "highway": "footway"}}, {"type": "Feature", "geometry": {"type": "LineString", "coordinates": [[-84.3979276, 33.6812362], [-84.3979279, 33.6812522]]}, "properties": {"surface": "", "highway": "footway"}}, {"type": "Feature", "geometry": {"type": "LineString", "coordinates": [[-84.3979276, 33.6812362], [-84.3979276, 33.6812292]]}, "properties": {"surface": "", "highway": "footway"}}, {"type": "Feature", "geometry": {"type": "LineString", "coordinates": [[-84.397928, 33.6810308], [-84.3979277, 33.6810141], [-84.3979158, 33.6802809]]}, "properties": {"surface": "", "highway": "footway"}}, {"type": "Feature", "geometry": {"type": "LineString", "coordinates": [[-84.3980102, 33.6810224], [-84.3994132, 33.6810339]]}, "properties": {"surface": "", "highway": "footway"}}, {"type": "Feature", "geometry": {"type": "LineString", "coordinates": [[-84.3979073, 33.6810123], [-84.3979277, 33.6810141], [-84.3979443, 33.6810156], [-84.3980102, 33.6810224]]}, "properties": {"surface": "", "highway": "footway"}}, {"type": "Feature", "geometry": {"type": "LineString", "coordinates": [[-84.3979073, 33.6810123], [-84.3978957, 33.6810114]]}, "properties": {"surface": "", "highway": "footway"}}, {"type": "Feature", "geometry": {"type": "LineString", "coordinates": [[-84.3977136, 33.680997], [-84.3976917, 33.6809856], [-84.3976592, 33.6809971], [-84.3976324, 33.6810021], [-84.3975984, 33.6810076], [-84.3975086, 33.6810076], [-84.3970173, 33.6810054], [-84.3963383, 33.6810023], [-84.3962325, 33.6810018], [-84.3958699, 33.6810454], [-84.3952969, 33.6810429], [-84.3951059, 33.681042], [-84.3948497, 33.6810409], [-84.394699, 33.6810402], [-84.3941991, 33.681038], [-84.3938787, 33.6810366], [-84.3937603, 33.681037]]}, "properties": {"surface": "", "highway": "footway"}}, {"type": "Feature", "geometry": {"type": "LineString", "coordinates": [[-84.3976849, 33.6813444], [-84.3976631, 33.6813529], [-84.3976323, 33.6813289], [-84.3976117, 33.6813139], [-84.3975464, 33.6812954], [-84.3974727, 33.6812806], [-84.3973673, 33.6812723], [-84.397268, 33.6812716], [-84.3971804, 33.6812708], [-84.3970961, 33.6812526], [-84.3970005, 33.6812343], [-84.3969702, 33.6812331]]}, "properties": {"surface": "", "highway": "footway"}}, {"type": "Feature", "geometry": {"type": "LineString", "coordinates": [[-84.3902497, 33.6461468], [-84.3902592, 33.6461836], [-84.3904023, 33.6466645], [-84.390637, 33.6474702], [-84.3907778, 33.6479222], [-84.3908748, 33.6481837], [-84.3910715, 33.6486232], [-84.3912292, 33.6489103]]}, "properties": {"surface": "", "highway": "footway"}}, {"type": "Feature", "geometry": {"type": "LineString", "coordinates": [[-84.3900027, 33.6976294], [-84.3902209, 33.6978567], [-84.3906004, 33.6982437], [-84.3907609, 33.6983996], [-84.3907837, 33.6984245], [-84.3909893, 33.6986294], [-84.3911709, 33.6987754], [-84.3913682, 33.6989065], [-84.3915795, 33.6990215], [-84.3918058, 33.6991156], [-84.3920345, 33.6992021], [-84.3920444, 33.6992054], [-84.3920536, 33.6992083], [-84.3920742, 33.6992116], [-84.3921207, 33.6991958], [-84.3921311, 33.6991917], [-84.3921593, 33.6991807], [-84.3921921, 33.699158], [-84.392596, 33.698829]]}, "properties": {"surface": "", "highway": "footway"}}, {"type": "Feature", "geometry": {"type": "LineString", "coordinates": [[-84.349618, 33.6921022], [-84.3496059, 33.6920871], [-84.3495912, 33.6920614], [-84.3495783, 33.6920614]]}, "properties": {"surface": "", "highway": "footway"}}, {"type": "Feature", "geometry": {"type": "LineString", "coordinates": [[-84.3935807, 33.6983116], [-84.3943195, 33.6977215]]}, "properties": {"surface": "", "highway": "footway"}}, {"type": "Feature", "geometry": {"type": "LineString", "coordinates": [[-84.3947121, 33.6974446], [-84.3947877, 33.6973967], [-84.3948687, 33.6973476], [-84.3949257, 33.697312], [-84.3949921, 33.697277], [-84.3950904, 33.6972342], [-84.3952293, 33.6972021], [-84.3953316, 33.6971835], [-84.3954835, 33.6971739], [-84.3957325, 33.6971724]]}, "properties": {"surface": "", "highway": "footway"}}, {"type": "Feature", "geometry": {"type": "LineString", "coordinates": [[-84.394462, 33.6976045], [-84.3944877, 33.6975855], [-84.3945646, 33.6975362], [-84.3946461, 33.6974883]]}, "properties": {"surface": "", "highway": "footway"}}, {"type": "Feature", "geometry": {"type": "LineString", "coordinates": [[-84.392596, 33.698829], [-84.3926725, 33.6987643], [-84.3931429, 33.6983805], [-84.3942921, 33.697448], [-84.394485, 33.6973225], [-84.3946308, 33.6972533], [-84.3947951, 33.6971849], [-84.3949471, 33.6971379], [-84.3951199, 33.6970993], [-84.3953212, 33.6970754], [-84.3955451, 33.6970703], [-84.3963173, 33.6970758], [-84.3965317, 33.6970751]]}, "properties": {"surface": "", "highway": "footway"}}, {"type": "Feature", "geometry": {"type": "LineString", "coordinates": [[-84.3990858, 33.697738], [-84.3990726, 33.697964], [-84.3990671, 33.6981297], [-84.3990584, 33.698323]]}, "properties": {"surface": "", "highway": "footway"}}, {"type": "Feature", "geometry": {"type": "LineString", "coordinates": [[-84.3991259, 33.6970843], [-84.3991264, 33.6970757], [-84.3991544, 33.6963509], [-84.3991532, 33.6963386], [-84.3991439, 33.696333], [-84.3990911, 33.6963314]]}, "properties": {"surface": "", "highway": "footway"}}, {"type": "Feature", "geometry": {"type": "LineString", "coordinates": [[-84.3991217, 33.6971857], [-84.3991095, 33.6973539], [-84.3990975, 33.6975708], [-84.3990914, 33.6976424], [-84.3990872, 33.6977136], [-84.3990858, 33.697738]]}, "properties": {"surface": "", "highway": "footway"}}, {"type": "Feature", "geometry": {"type": "LineString", "coordinates": [[-84.3991217, 33.6971857], [-84.3992998, 33.6971879], [-84.3996305, 33.6971906]]}, "properties": {"surface": "", "highway": "footway"}}, {"type": "Feature", "geometry": {"type": "LineString", "coordinates": [[-84.3991259, 33.6970843], [-84.3991492, 33.6970848], [-84.3991688, 33.6970852], [-84.3991947, 33.6970859], [-84.3992463, 33.6970883], [-84.399434, 33.6970894], [-84.3994486, 33.6970893]]}, "properties": {"surface": "", "highway": "footway"}}, {"type": "Feature", "geometry": {"type": "LineString", "coordinates": [[-84.4000508, 33.697092], [-84.4006525, 33.6970943], [-84.4006976, 33.6970952]]}, "properties": {"surface": "", "highway": "footway"}}, {"type": "Feature", "geometry": {"type": "LineString", "coordinates": [[-84.4006525, 33.6970943], [-84.4006564, 33.6966926], [-84.400657, 33.6962728]]}, "properties": {"surface": "", "highway": "footway"}}, {"type": "Feature", "geometry": {"type": "LineString", "coordinates": [[-84.3989614, 33.6977376], [-84.3989808, 33.6971876]]}, "properties": {"surface": "", "highway": "footway"}}, {"type": "Feature", "geometry": {"type": "LineString", "coordinates": [[-84.3989412, 33.6983218], [-84.3989478, 33.6981301], [-84.3989533, 33.697964], [-84.3989614, 33.6977376]]}, "properties": {"surface": "", "highway": "footway"}}, {"type": "Feature", "geometry": {"type": "LineString", "coordinates": [[-84.4019422, 33.6971026], [-84.4024817, 33.6971023]]}, "properties": {"surface": "", "highway": "footway"}}, {"type": "Feature", "geometry": {"type": "LineString", "coordinates": [[-84.4018533, 33.6971021], [-84.4018098, 33.697102]]}, "properties": {"surface": "", "highway": "footway"}}, {"type": "Feature", "geometry": {"type": "LineString", "coordinates": [[-84.3991736, 33.6917099], [-84.399167, 33.6917097], [-84.3991592, 33.6917097], [-84.3991423, 33.6917099], [-84.3991328, 33.6917117], [-84.3991293, 33.6917137], [-84.3991254, 33.6917186], [-84.399124, 33.6917266], [-84.3991243, 33.691761], [-84.3991223, 33.6918882], [-84.3991182, 33.6922124], [-84.3991168, 33.692331]]}, "properties": {"surface": "", "highway": "footway"}}, {"type": "Feature", "geometry": {"type": "LineString", "coordinates": [[-84.3991718, 33.6919104], [-84.3991986, 33.6919107], [-84.3992149, 33.6919136], [-84.3992258, 33.691922], [-84.3992313, 33.6919434], [-84.3992297, 33.6920179], [-84.3992287, 33.6920749]]}, "properties": {"surface": "", "highway": "footway"}}, {"type": "Feature", "geometry": {"type": "LineString", "coordinates": [[-84.3991651, 33.6926954], [-84.3991539, 33.6926945], [-84.3991384, 33.6926945], [-84.3991216, 33.6926974], [-84.3991049, 33.6927019], [-84.3990987, 33.6927097], [-84.3990987, 33.6927227], [-84.3990991, 33.6927926], [-84.3990986, 33.6929579]]}, "properties": {"surface": "", "highway": "footway"}}, {"type": "Feature", "geometry": {"type": "LineString", "coordinates": [[-84.3984894, 33.6940401], [-84.3984974, 33.6937937], [-84.3984999, 33.6937364], [-84.3984918, 33.693649], [-84.3984851, 33.6935847], [-84.3984796, 33.6935535], [-84.3984656, 33.6934732], [-84.3984605, 33.6934672], [-84.3984489, 33.6934639], [-84.3984406, 33.6934639], [-84.3984252, 33.6934663], [-84.3983722, 33.6934883], [-84.3980965, 33.6936019], [-84.3980524, 33.6936205]]}, "properties": {"surface": "", "highway": "footway"}}, {"type": "Feature", "geometry": {"type": "LineString", "coordinates": [[-84.3984796, 33.6935535], [-84.3985339, 33.6935447]]}, "properties": {"surface": "", "highway": "footway"}}, {"type": "Feature", "geometry": {"type": "LineString", "coordinates": [[-84.3984067, 33.6925646], [-84.3984318, 33.692562], [-84.398468, 33.6925604], [-84.3984781, 33.6925675], [-84.3984855, 33.6926413], [-84.3984945, 33.6927164], [-84.3985162, 33.6928744], [-84.3985152, 33.6928887], [-84.3985091, 33.692895], [-84.3984998, 33.6928992], [-84.398451, 33.6929071]]}, "properties": {"surface": "", "highway": "footway"}}, {"type": "Feature", "geometry": {"type": "LineString", "coordinates": [[-84.3984689, 33.6923241], [-84.3984875, 33.6918472], [-84.3984944, 33.6916728]]}, "properties": {"surface": "", "highway": "footway"}}, {"type": "Feature", "geometry": {"type": "LineString", "coordinates": [[-84.3984875, 33.6918472], [-84.3984163, 33.6918445]]}, "properties": {"surface": "", "highway": "footway"}}, {"type": "Feature", "geometry": {"type": "LineString", "coordinates": [[-84.3724336, 33.6996534], [-84.3721507, 33.6993536], [-84.3721465, 33.6993477], [-84.3721351, 33.6993261], [-84.3720954, 33.6992586], [-84.3720792, 33.6992241], [-84.3720571, 33.6991934], [-84.3719251, 33.6990376], [-84.3718028, 33.6988839], [-84.3717862, 33.6988527], [-84.3717912, 33.6988114]]}, "properties": {"surface": "", "highway": "footway"}}, {"type": "Feature", "geometry": {"type": "LineString", "coordinates": [[-84.3752746, 33.6996883], [-84.3752691, 33.6996794], [-84.3751502, 33.6994872], [-84.375135, 33.6994629], [-84.3748389, 33.6989041], [-84.3744569, 33.6980953], [-84.3742946, 33.6977668], [-84.3740254, 33.6971631], [-84.3739865, 33.6970459], [-84.3739659, 33.6969612]]}, "properties": {"surface": "", "highway": "footway"}}, {"type": "Feature", "geometry": {"type": "LineString", "coordinates": [[-84.3739659, 33.6969612], [-84.373955, 33.6969049]]}, "properties": {"surface": "", "highway": "footway"}}, {"type": "Feature", "geometry": {"type": "LineString", "coordinates": [[-84.3750454, 33.6995312], [-84.3750407, 33.6995206], [-84.3750427, 33.6995118], [-84.3750427, 33.6995042], [-84.3750368, 33.69949], [-84.3749062, 33.6993069], [-84.3743899, 33.6982993], [-84.3742731, 33.6980479], [-84.3741727, 33.697781], [-84.3740575, 33.6975017], [-84.3738337, 33.6969636], [-84.3738249, 33.6969577], [-84.3738101, 33.6969513]]}, "properties": {"surface": "", "highway": "footway"}}, {"type": "Feature", "geometry": {"type": "LineString", "coordinates": [[-84.3898702, 33.6974983], [-84.3896515, 33.6972764], [-84.3895947, 33.6971965], [-84.3895401, 33.6971057], [-84.3894927, 33.6970148], [-84.3894632, 33.6969374], [-84.3894326, 33.6968111], [-84.3894147, 33.6966878], [-84.389411, 33.6965491]]}, "properties": {"surface": "", "highway": "footway"}}, {"type": "Feature", "geometry": {"type": "LineString", "coordinates": [[-84.389411, 33.6965491], [-84.3894204, 33.69643], [-84.3894578, 33.696329]]}, "properties": {"surface": "", "highway": "footway"}}, {"type": "Feature", "geometry": {"type": "LineString", "coordinates": [[-84.3923409, 33.696136], [-84.3923409, 33.6960315], [-84.3923513, 33.6956769], [-84.3924148, 33.6951569], [-84.3924344, 33.6950352], [-84.392437, 33.6948739], [-84.3924206, 33.6948014], [-84.3923794, 33.6947231], [-84.3923418, 33.6946715], [-84.3922896, 33.6946022], [-84.3922585, 33.6945746], [-84.3922045, 33.6945428], [-84.3921413, 33.6945114], [-84.3920139, 33.6944711], [-84.3919248, 33.6944494], [-84.3918534, 33.6944348], [-84.391764, 33.6944235], [-84.3916522, 33.6944325], [-84.3915521, 33.694457], [-84.3914962, 33.6944758], [-84.3914012, 33.6945177], [-84.3913062, 33.694568], [-84.3912696, 33.6945892], [-84.3912307, 33.6946074], [-84.39117, 33.6946306], [-84.3911236, 33.6946481], [-84.3910793, 33.6946589], [-84.3910406, 33.6946629], [-84.3909969, 33.6946615], [-84.390941, 33.6946547], [-84.3908756, 33.6946474], [-84.3908245, 33.6946402], [-84.3907726, 33.6946255], [-84.3907284, 33.6946093], [-84.3904669, 33.6944882], [-84.3903999, 33.6944579], [-84.3903937, 33.6944534], [-84.3903864, 33.6944488], [-84.390384, 33.6944424], [-84.3903881, 33.694437], [-84.3904002, 33.6944191], [-84.3904751, 33.6943103], [-84.390674, 33.6940231], [-84.3906742, 33.6940136], [-84.3906735, 33.6940064], [-84.3906822, 33.6939918], [-84.390736, 33.6939158], [-84.390816, 33.6937917], [-84.3909642, 33.6935779], [-84.3912046, 33.6932204], [-84.3914404, 33.6928534]]}, "properties": {"surface": "", "highway": "footway"}}, {"type": "Feature", "geometry": {"type": "LineString", "coordinates": [[-84.3914404, 33.6928534], [-84.3914456, 33.6928261], [-84.3914519, 33.6928045], [-84.3914662, 33.6927703], [-84.3915083, 33.6926923], [-84.3915188, 33.6926661], [-84.39155, 33.692599], [-84.3915692, 33.6925443], [-84.3915805, 33.6924981], [-84.3915902, 33.6924503], [-84.3915995, 33.6924016], [-84.3916068, 33.692349], [-84.3916118, 33.6923073], [-84.3916141, 33.6922557], [-84.3916162, 33.6921669], [-84.3916096, 33.6920838], [-84.3915901, 33.6919747]]}, "properties": {"surface": "", "highway": "footway"}}, {"type": "Feature", "geometry": {"type": "LineString", "coordinates": [[-84.3915901, 33.6919747], [-84.3915553, 33.6918612], [-84.3915091, 33.6917177], [-84.3914301, 33.6915224], [-84.3913514, 33.6912792], [-84.3912491, 33.6909527], [-84.3908133, 33.6896916], [-84.3904728, 33.6887227], [-84.3904287, 33.6886073], [-84.3904265, 33.6885812]]}, "properties": {"surface": "", "highway": "footway"}}, {"type": "Feature", "geometry": {"type": "LineString", "coordinates": [[-84.3904287, 33.6886073], [-84.3904978, 33.6884244]]}, "properties": {"surface": "", "highway": "footway"}}, {"type": "Feature", "geometry": {"type": "LineString", "coordinates": [[-84.3903794, 33.6883995], [-84.3903264, 33.6882873], [-84.3901711, 33.6879717]]}, "properties": {"surface": "", "highway": "footway"}}, {"type": "Feature", "geometry": {"type": "LineString", "coordinates": [[-84.3886803, 33.681038], [-84.3885629, 33.6810383], [-84.3883966, 33.6810343], [-84.38811, 33.6810381], [-84.3876343, 33.6810286], [-84.3873145, 33.6810311], [-84.3865646, 33.681029], [-84.3859891, 33.6810105], [-84.3849099, 33.6809769], [-84.3846028, 33.6809799], [-84.3844349, 33.6809793]]}, "properties": {"surface": "", "highway": "footway"}}, {"type": "Feature", "geometry": {"type": "LineString", "coordinates": [[-84.3844349, 33.6809793], [-84.3844089, 33.6809659]]}, "properties": {"surface": "", "highway": "footway"}}, {"type": "Feature", "geometry": {"type": "LineString", "coordinates": [[-84.3842351, 33.6809388], [-84.3842088, 33.680957]]}, "properties": {"surface": "", "highway": "footway"}}, {"type": "Feature", "geometry": {"type": "LineString", "coordinates": [[-84.3842338, 33.6811143], [-84.3842544, 33.6811322]]}, "properties": {"surface": "", "highway": "footway"}}, {"type": "Feature", "geometry": {"type": "LineString", "coordinates": [[-84.3844234, 33.6811322], [-84.3844475, 33.6811151]]}, "properties": {"surface": "", "highway": "footway"}}, {"type": "Feature", "geometry": {"type": "LineString", "coordinates": [[-84.3888371, 33.6811638], [-84.3888513, 33.6811531], [-84.389099, 33.681156], [-84.3895377, 33.6811629], [-84.3902653, 33.6811674], [-84.3907603, 33.6811685], [-84.3914332, 33.6811663], [-84.3921258, 33.6811642], [-84.3926647, 33.6811592], [-84.3933446, 33.6811647], [-84.3936311, 33.6811709], [-84.3936442, 33.6811732], [-84.3936558, 33.6811787], [-84.3936705, 33.6811852], [-84.3936884, 33.6811918]]}, "properties": {"surface": "", "highway": "footway"}}, {"type": "Feature", "geometry": {"type": "LineString", "coordinates": [[-84.3888446, 33.6810468], [-84.3888438, 33.6810349]]}, "properties": {"surface": "", "highway": "footway"}}, {"type": "Feature", "geometry": {"type": "LineString", "coordinates": [[-84.3928561, 33.6810541], [-84.3927851, 33.6810556], [-84.3924954, 33.6810496], [-84.3920978, 33.6810572], [-84.3914017, 33.6810483], [-84.3911226, 33.6810534], [-84.3908916, 33.6810533], [-84.3906289, 33.68105], [-84.3902218, 33.6810497], [-84.3901291, 33.6810481], [-84.3899256, 33.6810446], [-84.3898603, 33.6810435], [-84.3897107, 33.6810474], [-84.3896555, 33.6810488], [-84.3891936, 33.6810424], [-84.3890402, 33.6810448], [-84.3888956, 33.6810375], [-84.3888438, 33.6810349], [-84.388828, 33.6810314]]}, "properties": {"surface": "", "highway": "footway"}}, {"type": "Feature", "geometry": {"type": "LineString", "coordinates": [[-84.3844475, 33.6811151], [-84.3844705, 33.6811089], [-84.3844839, 33.6811044], [-84.3845014, 33.6811018], [-84.3845349, 33.6811014], [-84.3852134, 33.6810926], [-84.3862024, 33.681116], [-84.3867978, 33.6811146], [-84.3874392, 33.6811219], [-84.387541, 33.6811219], [-84.3875654, 33.6811293], [-84.387579, 33.6811326]]}, "properties": {"surface": "", "highway": "footway"}}, {"type": "Feature", "geometry": {"type": "LineString", "coordinates": [[-84.3876995, 33.6811281], [-84.3878324, 33.6811294], [-84.3880036, 33.6811258], [-84.3881792, 33.681124], [-84.3883729, 33.6811283], [-84.388647, 33.6811393], [-84.3886579, 33.6811425], [-84.3886797, 33.6811567]]}, "properties": {"surface": "", "highway": "footway"}}, {"type": "Feature", "geometry": {"type": "LineString", "coordinates": [[-84.3844089, 33.6809659], [-84.3843912, 33.6808362], [-84.384359, 33.6805864]]}, "properties": {"surface": "", "highway": "footway"}}, {"type": "Feature", "geometry": {"type": "LineString", "coordinates": [[-84.3842088, 33.680957], [-84.3841802, 33.6809605], [-84.3840215, 33.6809508]]}, "properties": {"surface": "", "highway": "footway"}}, {"type": "Feature", "geometry": {"type": "LineString", "coordinates": [[-84.3886797, 33.6811567], [-84.3887009, 33.6811876], [-84.3887009, 33.6812187], [-84.388704, 33.6813165], [-84.3886998, 33.6814135]]}, "properties": {"surface": "", "highway": "footway"}}, {"type": "Feature", "geometry": {"type": "LineString", "coordinates": [[-84.3888371, 33.6811638], [-84.3888292, 33.6813951], [-84.3888253, 33.6814266], [-84.3888206, 33.6814545], [-84.388805, 33.6814696], [-84.3887612, 33.6814745]]}, "properties": {"surface": "", "highway": "footway"}}, {"type": "Feature", "geometry": {"type": "LineString", "coordinates": [[-84.4007382, 33.6910965], [-84.4006776, 33.6910945], [-84.4006426, 33.6909834], [-84.4006113, 33.6909447], [-84.4005603, 33.6908904], [-84.4003336, 33.6906812], [-84.4002003, 33.6905564], [-84.3999771, 33.6903222]]}, "properties": {"surface": "", "highway": "footway"}}, {"type": "Feature", "geometry": {"type": "LineString", "coordinates": [[-84.3999771, 33.6903222], [-84.3996046, 33.6899051], [-84.3995539, 33.6898864], [-84.3995055, 33.6898796]]}, "properties": {"surface": "", "highway": "footway"}}, {"type": "Feature", "geometry": {"type": "LineString", "coordinates": [[-84.3995055, 33.6898796], [-84.3992497, 33.6898494], [-84.3991896, 33.689843]]}, "properties": {"surface": "", "highway": "footway"}}, {"type": "Feature", "geometry": {"type": "LineString", "coordinates": [[-84.3920036, 33.6856787], [-84.3922977, 33.6857346]]}, "properties": {"surface": "", "highway": "footway"}}, {"type": "Feature", "geometry": {"type": "LineString", "coordinates": [[-84.3920588, 33.6855661], [-84.3921608, 33.6856031], [-84.3922234, 33.6856218], [-84.3922826, 33.6856287], [-84.3923378, 33.6856314]]}, "properties": {"surface": "", "highway": "footway"}}, {"type": "Feature", "geometry": {"type": "LineString", "coordinates": [[-84.3922977, 33.6857346], [-84.3923139, 33.6857586], [-84.3923212, 33.6857858], [-84.3923215, 33.686142], [-84.3923158, 33.6862171], [-84.3923006, 33.6862921], [-84.3922585, 33.6864363]]}, "properties": {"surface": "", "highway": "footway"}}, {"type": "Feature", "geometry": {"type": "LineString", "coordinates": [[-84.3922585, 33.6864363], [-84.3922435, 33.6864849], [-84.3921973, 33.6865293], [-84.3921449, 33.6865635], [-84.392112, 33.6866037], [-84.3921007, 33.6866379], [-84.3921038, 33.6866815], [-84.3921274, 33.6867267]]}, "properties": {"surface": "", "highway": "footway"}}, {"type": "Feature", "geometry": {"type": "LineString", "coordinates": [[-84.3921274, 33.6867267], [-84.3921653, 33.6867588], [-84.3922109, 33.6867774], [-84.3922314, 33.6867833], [-84.3922591, 33.6867848], [-84.3923065, 33.6867803], [-84.3923432, 33.6867655], [-84.3923781, 33.6867417], [-84.3923977, 33.6867193]]}, "properties": {"surface": "", "highway": "footway"}}, {"type": "Feature", "geometry": {"type": "LineString", "coordinates": [[-84.3923977, 33.6867193], [-84.3924198, 33.6866767], [-84.3924198, 33.6866433], [-84.3924118, 33.686618], [-84.392402, 33.6865971], [-84.3923912, 33.6865741], [-84.3923662, 33.686548], [-84.3923501, 33.6865265]]}, "properties": {"surface": "", "highway": "footway"}}, {"type": "Feature", "geometry": {"type": "LineString", "coordinates": [[-84.3923501, 33.6865265], [-84.3923636, 33.686477], [-84.3923819, 33.6864144], [-84.3924043, 33.6863272], [-84.3924217, 33.686258], [-84.3924279, 33.6861708]]}, "properties": {"surface": "", "highway": "footway"}}, {"type": "Feature", "geometry": {"type": "LineString", "coordinates": [[-84.3924279, 33.6861708], [-84.3924299, 33.6859469], [-84.3924376, 33.6858092], [-84.3924397, 33.6857757], [-84.3924512, 33.6857344]]}, "properties": {"surface": "", "highway": "footway"}}, {"type": "Feature", "geometry": {"type": "LineString", "coordinates": [[-84.3924512, 33.6857344], [-84.392608, 33.685737], [-84.3929306, 33.6857336]]}, "properties": {"surface": "", "highway": "footway"}}, {"type": "Feature", "geometry": {"type": "LineString", "coordinates": [[-84.3929306, 33.6857336], [-84.3931393, 33.6857358], [-84.3931593, 33.685746], [-84.3931774, 33.6857619], [-84.3931871, 33.6858054]]}, "properties": {"surface": "", "highway": "footway"}}, {"type": "Feature", "geometry": {"type": "LineString", "coordinates": [[-84.3931871, 33.6858054], [-84.3931798, 33.6860583]]}, "properties": {"surface": "", "highway": "footway"}}, {"type": "Feature", "geometry": {"type": "LineString", "coordinates": [[-84.3931798, 33.6860583], [-84.3931697, 33.6865057]]}, "properties": {"surface": "", "highway": "footway"}}, {"type": "Feature", "geometry": {"type": "LineString", "coordinates": [[-84.3931697, 33.6865057], [-84.3931606, 33.6865295], [-84.3931257, 33.6865586], [-84.3930867, 33.6865885], [-84.3930774, 33.686609], [-84.393063, 33.6866423], [-84.3930651, 33.6866962], [-84.3930867, 33.6867372], [-84.3931349, 33.6867799], [-84.3931791, 33.686797], [-84.3932356, 33.6868021], [-84.3932869, 33.6867936], [-84.3933373, 33.6867705], [-84.3933691, 33.6867363], [-84.3933866, 33.6866996]]}, "properties": {"surface": "", "highway": "footway"}}, {"type": "Feature", "geometry": {"type": "LineString", "coordinates": [[-84.3933866, 33.6866996], [-84.3933909, 33.6866688], [-84.3933909, 33.68665], [-84.3933868, 33.6866303], [-84.3933745, 33.6866098], [-84.3933601, 33.6865893], [-84.3933426, 33.6865688], [-84.393317, 33.6865491], [-84.3932995, 33.6865303], [-84.3932925, 33.6865206], [-84.3932884, 33.6864986], [-84.3932884, 33.686451]]}, "properties": {"surface": "", "highway": "footway"}}, {"type": "Feature", "geometry": {"type": "LineString", "coordinates": [[-84.3932884, 33.686451], [-84.3932908, 33.6863129], [-84.3932973, 33.685901]]}, "properties": {"surface": "", "highway": "footway"}}, {"type": "Feature", "geometry": {"type": "LineString", "coordinates": [[-84.3932973, 33.685901], [-84.3933006, 33.6858202], [-84.3933047, 33.6858016], [-84.3933196, 33.6857798], [-84.3933398, 33.685764]]}, "properties": {"surface": "", "highway": "footway"}}, {"type": "Feature", "geometry": {"type": "LineString", "coordinates": [[-84.3933398, 33.685764], [-84.3933786, 33.685761], [-84.3934835, 33.6857777], [-84.3935386, 33.6857904], [-84.3936782, 33.6858006], [-84.3938231, 33.6857998]]}, "properties": {"surface": "", "highway": "footway"}}, {"type": "Feature", "geometry": {"type": "LineString", "coordinates": [[-84.3938231, 33.6857998], [-84.3941236, 33.6858041], [-84.3941787, 33.6858113]]}, "properties": {"surface": "", "highway": "footway"}}, {"type": "Feature", "geometry": {"type": "LineString", "coordinates": [[-84.3941787, 33.6858113], [-84.3941992, 33.6858252], [-84.3942117, 33.6858456], [-84.3942138, 33.6860695], [-84.3942079, 33.6864695]]}, "properties": {"surface": "", "highway": "footway"}}, {"type": "Feature", "geometry": {"type": "LineString", "coordinates": [[-84.3942079, 33.6864695], [-84.3942032, 33.6865092], [-84.3941938, 33.6865396], [-84.3941443, 33.686576], [-84.3941077, 33.6866152], [-84.3940935, 33.6866525], [-84.3940959, 33.6867026], [-84.39411, 33.686736], [-84.3941325, 33.6867674], [-84.394169, 33.6867919], [-84.3942103, 33.6868096], [-84.3942504, 33.6868155], [-84.3943094, 33.6868096], [-84.3943649, 33.6867831], [-84.3944062, 33.6867477], [-84.394418, 33.6867163], [-84.3944262, 33.686678], [-84.3944215, 33.6866447], [-84.3944132, 33.686625], [-84.3943979, 33.6865995], [-84.3943731, 33.686576], [-84.3943413, 33.6865573], [-84.3943177, 33.6865436], [-84.3943236, 33.6863698], [-84.3943262, 33.6861461]]}, "properties": {"surface": "", "highway": "footway"}}, {"type": "Feature", "geometry": {"type": "LineString", "coordinates": [[-84.3943262, 33.6861461], [-84.3943281, 33.6858825]]}, "properties": {"surface": "", "highway": "footway"}}, {"type": "Feature", "geometry": {"type": "LineString", "coordinates": [[-84.3943281, 33.6858825], [-84.3943352, 33.6858491], [-84.3943425, 33.6858312], [-84.3943673, 33.6858157], [-84.3944147, 33.6858068], [-84.3945622, 33.6858105], [-84.3946486, 33.6858158], [-84.3947349, 33.68583], [-84.3947625, 33.6858356], [-84.3947804, 33.6858283], [-84.3947824, 33.6858219], [-84.3947913, 33.6857943]]}, "properties": {"surface": "", "highway": "footway"}}, {"type": "Feature", "geometry": {"type": "LineString", "coordinates": [[-84.3923378, 33.6856314], [-84.3925356, 33.6856333], [-84.3929938, 33.6856423]]}, "properties": {"surface": "", "highway": "footway"}}, {"type": "Feature", "geometry": {"type": "LineString", "coordinates": [[-84.3929938, 33.6856423], [-84.3930863, 33.6856426], [-84.3931898, 33.6856426], [-84.3933322, 33.6856536], [-84.3934607, 33.685677]]}, "properties": {"surface": "", "highway": "footway"}}, {"type": "Feature", "geometry": {"type": "LineString", "coordinates": [[-84.3934607, 33.685677], [-84.3935735, 33.6856946], [-84.3937337, 33.6856989], [-84.3939278, 33.6857014]]}, "properties": {"surface": "", "highway": "footway"}}, {"type": "Feature", "geometry": {"type": "LineString", "coordinates": [[-84.3939278, 33.6857014], [-84.3942677, 33.6857091], [-84.3945993, 33.6857168]]}, "properties": {"surface": "", "highway": "footway"}}, {"type": "Feature", "geometry": {"type": "LineString", "coordinates": [[-84.3945993, 33.6857168], [-84.3947413, 33.6857346], [-84.3949403, 33.6857867], [-84.3949437, 33.6858044], [-84.3949413, 33.6858159], [-84.3949347, 33.685829]]}, "properties": {"surface": "", "highway": "footway"}}, {"type": "Feature", "geometry": {"type": "LineString", "coordinates": [[-84.3953115, 33.6860858], [-84.3953427, 33.6860747], [-84.3953579, 33.6860729], [-84.3953627, 33.6860723], [-84.3953786, 33.6860798], [-84.3953992, 33.6861297], [-84.3954127, 33.686176], [-84.3954175, 33.6862611], [-84.3954187, 33.6865123]]}, "properties": {"surface": "", "highway": "footway"}}, {"type": "Feature", "geometry": {"type": "LineString", "coordinates": [[-84.3954187, 33.6865123], [-84.3954195, 33.6865419], [-84.3954257, 33.6865574], [-84.3954351, 33.686573], [-84.3954763, 33.6866008], [-84.3954981, 33.6866293], [-84.3955114, 33.6866682], [-84.3955152, 33.686709], [-84.3955033, 33.686749], [-84.3954733, 33.6867848], [-84.3954432, 33.6868032], [-84.3954107, 33.6868191], [-84.3953889, 33.6868245], [-84.3953488, 33.6868245]]}, "properties": {"surface": "", "highway": "footway"}}, {"type": "Feature", "geometry": {"type": "LineString", "coordinates": [[-84.3953488, 33.6868245], [-84.3953032, 33.6868184], [-84.3952674, 33.6868029], [-84.3952339, 33.6867835], [-84.3952082, 33.6867511], [-84.3951926, 33.6867232], [-84.3951895, 33.6867012], [-84.3951903, 33.6866779], [-84.3951934, 33.686652], [-84.3952082, 33.6866235], [-84.3952367, 33.6865945], [-84.395265, 33.6865754], [-84.3952845, 33.6865587], [-84.3952939, 33.6865445], [-84.3952975, 33.6865047]]}, "properties": {"surface": "", "highway": "footway"}}, {"type": "Feature", "geometry": {"type": "LineString", "coordinates": [[-84.3952975, 33.6865047], [-84.3952995, 33.6864127], [-84.3953138, 33.6863982], [-84.3953287, 33.6863933], [-84.3953613, 33.6863969]]}, "properties": {"surface": "", "highway": "footway"}}, {"type": "Feature", "geometry": {"type": "LineString", "coordinates": [[-84.3920588, 33.6855661], [-84.3920567, 33.6855322], [-84.3920685, 33.6854968], [-84.3921358, 33.6853574], [-84.3922917, 33.6850384]]}, "properties": {"surface": "", "highway": "footway"}}, {"type": "Feature", "geometry": {"type": "LineString", "coordinates": [[-84.3920879, 33.6852235], [-84.3921663, 33.6850649], [-84.392452, 33.6846015]]}, "properties": {"surface": "", "highway": "footway"}}, {"type": "Feature", "geometry": {"type": "LineString", "coordinates": [[-84.392452, 33.6846015], [-84.3925096, 33.6845271], [-84.3925909, 33.6844245], [-84.3926428, 33.6843754], [-84.3927563, 33.6842928]]}, "properties": {"surface": "", "highway": "footway"}}, {"type": "Feature", "geometry": {"type": "LineString", "coordinates": [[-84.3922917, 33.6850384], [-84.3923787, 33.6848875], [-84.3925452, 33.6846279]]}, "properties": {"surface": "", "highway": "footway"}}, {"type": "Feature", "geometry": {"type": "LineString", "coordinates": [[-84.3925452, 33.6846279], [-84.3926627, 33.6844995], [-84.3927948, 33.6843766]]}, "properties": {"surface": "", "highway": "footway"}}, {"type": "Feature", "geometry": {"type": "LineString", "coordinates": [[-84.3938092, 33.6811813], [-84.3938809, 33.6813495], [-84.3939145, 33.6814281]]}, "properties": {"surface": "", "highway": "footway"}}, {"type": "Feature", "geometry": {"type": "LineString", "coordinates": [[-84.3939145, 33.6814281], [-84.394022, 33.6816589], [-84.3941393, 33.6818992], [-84.3941651, 33.6819686]]}, "properties": {"surface": "", "highway": "footway"}}, {"type": "Feature", "geometry": {"type": "LineString", "coordinates": [[-84.3936884, 33.6811918], [-84.3937217, 33.6812426], [-84.3937392, 33.6812743], [-84.3937813, 33.6813576], [-84.3938677, 33.6815405]]}, "properties": {"surface": "", "highway": "footway"}}, {"type": "Feature", "geometry": {"type": "LineString", "coordinates": [[-84.3938677, 33.6815405], [-84.3940213, 33.6818762], [-84.3941076, 33.6820808]]}, "properties": {"surface": "", "highway": "footway"}}, {"type": "Feature", "geometry": {"type": "LineString", "coordinates": [[-84.3941076, 33.6820808], [-84.3941139, 33.6821009], [-84.3941211, 33.6821203], [-84.3941287, 33.6821476], [-84.394135, 33.6821709], [-84.3941474, 33.6822456], [-84.3941542, 33.6823017]]}, "properties": {"surface": "", "highway": "footway"}}, {"type": "Feature", "geometry": {"type": "LineString", "coordinates": [[-84.3941542, 33.6823017], [-84.3941542, 33.6823401], [-84.3941496, 33.6823978], [-84.3941487, 33.6824117], [-84.394145, 33.6824662], [-84.3940887, 33.6827084]]}, "properties": {"surface": "", "highway": "footway"}}, {"type": "Feature", "geometry": {"type": "LineString", "coordinates": [[-84.3940887, 33.6827084], [-84.3940237, 33.68295], [-84.3939853, 33.6830626], [-84.3939408, 33.6831798], [-84.3938992, 33.6832526], [-84.3938026, 33.6834267]]}, "properties": {"surface": "", "highway": "footway"}}, {"type": "Feature", "geometry": {"type": "LineString", "coordinates": [[-84.3938026, 33.6834267], [-84.3937537, 33.6835039], [-84.3936885, 33.6835776], [-84.3935672, 33.683681]]}, "properties": {"surface": "", "highway": "footway"}}, {"type": "Feature", "geometry": {"type": "LineString", "coordinates": [[-84.3935672, 33.683681], [-84.3934106, 33.683814], [-84.3930512, 33.6840744]]}, "properties": {"surface": "", "highway": "footway"}}, {"type": "Feature", "geometry": {"type": "LineString", "coordinates": [[-84.3930512, 33.6840744], [-84.3927842, 33.6842722], [-84.3927563, 33.6842928]]}, "properties": {"surface": "", "highway": "footway"}}, {"type": "Feature", "geometry": {"type": "LineString", "coordinates": [[-84.3929174, 33.6842894], [-84.3930759, 33.6841735], [-84.3935541, 33.6838179]]}, "properties": {"surface": "", "highway": "footway"}}, {"type": "Feature", "geometry": {"type": "LineString", "coordinates": [[-84.3935541, 33.6838179], [-84.3937323, 33.6836583], [-84.3937991, 33.6835917], [-84.3938576, 33.6835139], [-84.3939231, 33.6834217], [-84.3939793, 33.6833243]]}, "properties": {"surface": "", "highway": "footway"}}, {"type": "Feature", "geometry": {"type": "LineString", "coordinates": [[-84.3939793, 33.6833243], [-84.3940564, 33.6831511], [-84.3940948, 33.6830477], [-84.3942255, 33.6825905], [-84.3942457, 33.6825196]]}, "properties": {"surface": "", "highway": "footway"}}, {"type": "Feature", "geometry": {"type": "LineString", "coordinates": [[-84.3942457, 33.6825196], [-84.3942466, 33.6824177], [-84.394247, 33.6823702], [-84.3942471, 33.6823538], [-84.3942422, 33.6823008], [-84.3942077, 33.6821369], [-84.3941651, 33.6819686]]}, "properties": {"surface": "", "highway": "footway"}}, {"type": "Feature", "geometry": {"type": "LineString", "coordinates": [[-84.394247, 33.6823702], [-84.394424, 33.6823714], [-84.3944959, 33.6823883], [-84.3945291, 33.6823962], [-84.3945629, 33.6823894], [-84.3945995, 33.6823708], [-84.3947696, 33.6823731]]}, "properties": {"surface": "", "highway": "footway"}}, {"type": "Feature", "geometry": {"type": "LineString", "coordinates": [[-84.3947696, 33.6823731], [-84.3953387, 33.6823754]]}, "properties": {"surface": "", "highway": "footway"}}, {"type": "Feature", "geometry": {"type": "LineString", "coordinates": [[-84.3953387, 33.6823754], [-84.3954297, 33.6823765], [-84.3957422, 33.6823802]]}, "properties": {"surface": "", "highway": "footway"}}, {"type": "Feature", "geometry": {"type": "LineString", "coordinates": [[-84.3957422, 33.6823802], [-84.3961859, 33.6823806], [-84.3962969, 33.6823806]]}, "properties": {"surface": "", "highway": "footway"}}, {"type": "Feature", "geometry": {"type": "LineString", "coordinates": [[-84.3962969, 33.6823806], [-84.3969586, 33.6823935]]}, "properties": {"surface": "", "highway": "footway"}}, {"type": "Feature", "geometry": {"type": "LineString", "coordinates": [[-84.3736376, 33.6888834], [-84.3731554, 33.6888814], [-84.3724464, 33.6888838], [-84.3721084, 33.6888849]]}, "properties": {"surface": "", "highway": "footway"}}, {"type": "Feature", "geometry": {"type": "LineString", "coordinates": [[-84.373854, 33.6888827], [-84.3739518, 33.6888808]]}, "properties": {"surface": "", "highway": "footway"}}, {"type": "Feature", "geometry": {"type": "LineString", "coordinates": [[-84.3739518, 33.6888808], [-84.3739616, 33.6888807], [-84.3739706, 33.6888834], [-84.373975, 33.6888907], [-84.373967, 33.6889051], [-84.3739325, 33.68895], [-84.3739218, 33.6889526], [-84.3739081, 33.6889474], [-84.373854, 33.6888827]]}, "properties": {"surface": "", "highway": "footway"}}, {"type": "Feature", "geometry": {"type": "LineString", "coordinates": [[-84.3739493, 33.6887881], [-84.3736688, 33.6887844], [-84.3736571, 33.6887882], [-84.3736494, 33.688792], [-84.3736432, 33.6888023]]}, "properties": {"surface": "", "highway": "footway"}}, {"type": "Feature", "geometry": {"type": "LineString", "coordinates": [[-84.3739493, 33.6887881], [-84.3740749, 33.6887848], [-84.3741533, 33.6887825], [-84.374825, 33.6887737], [-84.3754505, 33.6887739]]}, "properties": {"surface": "", "highway": "footway"}}, {"type": "Feature", "geometry": {"type": "LineString", "coordinates": [[-84.3905356, 33.6883262], [-84.3905409, 33.6883184], [-84.390533, 33.6883086], [-84.3905299, 33.6883014], [-84.3905284, 33.6882942], [-84.3905282, 33.6882851], [-84.3905293, 33.6882764], [-84.3905688, 33.6881574], [-84.3906124, 33.6880515], [-84.3906624, 33.6879475], [-84.3907083, 33.6878702], [-84.3907524, 33.6877926], [-84.3908314, 33.6876846], [-84.3909753, 33.6875238], [-84.391075, 33.6874284], [-84.3912945, 33.6872265], [-84.391493, 33.6870429], [-84.3915756, 33.6869549], [-84.3916332, 33.6868826], [-84.39169, 33.6867932], [-84.3917169, 33.6867475], [-84.3917392, 33.6867012], [-84.391759, 33.6866364], [-84.3917676, 33.6866037], [-84.3917742, 33.6865705], [-84.391789, 33.686505], [-84.3918005, 33.6864395], [-84.391809, 33.6863679], [-84.3918212, 33.686242], [-84.3918385, 33.6861002], [-84.3918467, 33.6860477], [-84.3918573, 33.6859968], [-84.3918717, 33.6859508], [-84.3918882, 33.6859058], [-84.3919632, 33.6857185], [-84.3919717, 33.6857009], [-84.3919802, 33.6856917], [-84.3919933, 33.6856837], [-84.3920036, 33.6856787]]}, "properties": {"surface": "", "highway": "footway"}}, {"type": "Feature", "geometry": {"type": "LineString", "coordinates": [[-84.3905409, 33.6883184], [-84.3905526, 33.6883262], [-84.3905626, 33.6883305]]}, "properties": {"surface": "", "highway": "footway"}}, {"type": "Feature", "geometry": {"type": "LineString", "coordinates": [[-84.3781339, 33.6988368], [-84.3781346, 33.6988869], [-84.3781283, 33.6989165], [-84.3781081, 33.6989348], [-84.3781035, 33.6989368], [-84.3780787, 33.6989479], [-84.378022, 33.6989668], [-84.3778848, 33.6990177], [-84.3776984, 33.6991088], [-84.3776378, 33.6991287], [-84.3776209, 33.6991245], [-84.3776019, 33.6991165], [-84.3775847, 33.6990985], [-84.3775693, 33.6990693], [-84.3775674, 33.6990415], [-84.3775645, 33.6989941], [-84.3775682, 33.6989201], [-84.3775953, 33.6988591], [-84.3776014, 33.6988396], [-84.3776915, 33.6986582], [-84.3777251, 33.6985888], [-84.3777493, 33.6985194], [-84.3777587, 33.6984413], [-84.3777564, 33.6983846], [-84.3777465, 33.6983377], [-84.3777228, 33.6982703], [-84.3776826, 33.6981793], [-84.3776441, 33.6981268], [-84.3775977, 33.6980815], [-84.3775635, 33.6980546], [-84.3774988, 33.6980136], [-84.377432, 33.6979857], [-84.3773679, 33.6979632], [-84.3772612, 33.6979458], [-84.377179, 33.6979398], [-84.376804, 33.6979342], [-84.37641, 33.697935], [-84.376314, 33.6979473], [-84.3762399, 33.6979647], [-84.376177, 33.6979857], [-84.376118, 33.6980143], [-84.3760605, 33.6980487], [-84.3759927, 33.6981], [-84.3759324, 33.6981763], [-84.375898, 33.6982289], [-84.3758647, 33.6983045], [-84.3758605, 33.6983585], [-84.3758628, 33.6984488], [-84.3758559, 33.6986411], [-84.3758592, 33.6988512], [-84.3758917, 33.6990172], [-84.3759124, 33.699072], [-84.3759569, 33.6991839], [-84.3760088, 33.6992711], [-84.3760148, 33.6992994], [-84.3759882, 33.6993185], [-84.3758962, 33.6993699], [-84.3757526, 33.6994683], [-84.3755357, 33.6995756], [-84.3753895, 33.6996302], [-84.3753217, 33.6996612], [-84.3752862, 33.699673], [-84.3752691, 33.6996794]]}, "properties": {"surface": "", "highway": "footway"}}, {"type": "Feature", "geometry": {"type": "LineString", "coordinates": [[-84.3781019, 33.6989507], [-84.3781035, 33.6989368]]}, "properties": {"surface": "", "highway": "footway"}}, {"type": "Feature", "geometry": {"type": "LineString", "coordinates": [[-84.3772924, 33.6992024], [-84.3773846, 33.6991952], [-84.3774307, 33.6991852], [-84.3774511, 33.6991699], [-84.3774595, 33.6991562], [-84.3774668, 33.6991439], [-84.3774623, 33.6991227], [-84.3774534, 33.6991043], [-84.3774436, 33.6990689], [-84.3774414, 33.6990256], [-84.3774458, 33.6989854], [-84.3774536, 33.6989347], [-84.377462, 33.698878], [-84.3774854, 33.6988227], [-84.377491, 33.698798], [-84.3774933, 33.6987777], [-84.3774874, 33.698754], [-84.3774609, 33.6987342], [-84.3774316, 33.6987221], [-84.3774163, 33.6987159], [-84.3773499, 33.6986943], [-84.3772505, 33.6986757], [-84.3771522, 33.6986664], [-84.3768584, 33.6986619], [-84.3765743, 33.6986588], [-84.376058, 33.6986501], [-84.3760231, 33.6986495], [-84.3759977, 33.6986623], [-84.3759883, 33.698673], [-84.3759764, 33.6986883], [-84.3759768, 33.6987169], [-84.375979, 33.6988034], [-84.3759857, 33.6988719], [-84.375999, 33.6989444], [-84.3760129, 33.6989847]]}, "properties": {"surface": "", "highway": "footway"}}, {"type": "Feature", "geometry": {"type": "LineString", "coordinates": [[-84.3772924, 33.6992024], [-84.3768512, 33.6992171], [-84.3766684, 33.6992268], [-84.376472, 33.6992307], [-84.3763728, 33.6992303], [-84.3762202, 33.6992528], [-84.376151, 33.6992571], [-84.3761359, 33.6992482], [-84.3761087, 33.6992324], [-84.3760738, 33.699171], [-84.3760129, 33.6989847]]}, "properties": {"surface": "", "highway": "footway"}}, {"type": "Feature", "geometry": {"type": "LineString", "coordinates": [[-84.3776209, 33.6991245], [-84.377605, 33.6991302]]}, "properties": {"surface": "", "highway": "footway"}}, {"type": "Feature", "geometry": {"type": "LineString", "coordinates": [[-84.377478, 33.6991537], [-84.3774595, 33.6991562]]}, "properties": {"surface": "", "highway": "footway"}}, {"type": "Feature", "geometry": {"type": "LineString", "coordinates": [[-84.376124, 33.6992554], [-84.3761359, 33.6992482]]}, "properties": {"surface": "", "highway": "footway"}}, {"type": "Feature", "geometry": {"type": "LineString", "coordinates": [[-84.3774257, 33.6986105], [-84.3774771, 33.6986305], [-84.3775374, 33.6986435], [-84.3775721, 33.6986314], [-84.3775927, 33.698604], [-84.3776261, 33.6985254], [-84.3776407, 33.6984546], [-84.377644, 33.6983971], [-84.3776367, 33.698323], [-84.3775715, 33.6982002], [-84.3775251, 33.698152], [-84.3774833, 33.6981274], [-84.377361, 33.6980636], [-84.3771909, 33.6980406], [-84.3770128, 33.6980368], [-84.376848, 33.6980368], [-84.3765128, 33.6980342], [-84.3764258, 33.6980317], [-84.3763458, 33.6980362], [-84.3762093, 33.6980843], [-84.3761447, 33.6981158], [-84.3760907, 33.6981584], [-84.3760301, 33.698238], [-84.3760089, 33.698277], [-84.3759958, 33.6983176], [-84.3759874, 33.6983493], [-84.375977, 33.6984125], [-84.3759793, 33.6984747], [-84.3759818, 33.6985272], [-84.3759826, 33.6985431], [-84.3759881, 33.6985488], [-84.3760533, 33.6985512], [-84.3761087, 33.6985532], [-84.3764258, 33.6985526], [-84.3771468, 33.6985632], [-84.3772949, 33.698581], [-84.3774257, 33.6986105]]}, "properties": {"surface": "", "highway": "footway"}}, {"type": "Feature", "geometry": {"type": "LineString", "coordinates": [[-84.376058, 33.6986501], [-84.3760568, 33.6986375]]}, "properties": {"surface": "", "highway": "footway"}}, {"type": "Feature", "geometry": {"type": "LineString", "coordinates": [[-84.3760543, 33.6985636], [-84.3760533, 33.6985512]]}, "properties": {"surface": "", "highway": "footway"}}, {"type": "Feature", "geometry": {"type": "LineString", "coordinates": [[-84.3774316, 33.6987221], [-84.3774366, 33.6987121]]}, "properties": {"surface": "", "highway": "footway"}}, {"type": "Feature", "geometry": {"type": "LineString", "coordinates": [[-84.3774718, 33.6986438], [-84.3774771, 33.6986305]]}, "properties": {"surface": "", "highway": "footway"}}, {"type": "Feature", "geometry": {"type": "LineString", "coordinates": [[-84.3942466, 33.6824177], [-84.394237, 33.6824173]]}, "properties": {"surface": "", "highway": "footway"}}, {"type": "Feature", "geometry": {"type": "LineString", "coordinates": [[-84.3941619, 33.6824117], [-84.3941487, 33.6824117]]}, "properties": {"surface": "", "highway": "footway"}}, {"type": "Feature", "geometry": {"type": "LineString", "coordinates": [[-84.3928561, 33.6810541], [-84.3934465, 33.681058], [-84.3935831, 33.6810539], [-84.3936003, 33.6810377], [-84.3936112, 33.6810378]]}, "properties": {"surface": "", "highway": "footway"}}, {"type": "Feature", "geometry": {"type": "LineString", "coordinates": [[-84.3938092, 33.6811813], [-84.3938518, 33.6811753], [-84.393907, 33.6811727], [-84.3939864, 33.681174], [-84.3942984, 33.681175], [-84.3944857, 33.6811797], [-84.394825, 33.6811731], [-84.3953028, 33.6811785], [-84.395501, 33.6811791], [-84.3956826, 33.6811815], [-84.3958535, 33.6811805]]}, "properties": {"surface": "", "highway": "footway"}}, {"type": "Feature", "geometry": {"type": "LineString", "coordinates": [[-84.3958535, 33.6811805], [-84.3959989, 33.6811857], [-84.3962238, 33.6811883], [-84.3962499, 33.6811937], [-84.3962581, 33.681209], [-84.3962546, 33.6812394], [-84.3962552, 33.6812674], [-84.3962629, 33.6812674], [-84.3962745, 33.6812634]]}, "properties": {"surface": "", "highway": "footway"}}, {"type": "Feature", "geometry": {"type": "LineString", "coordinates": [[-84.3963916, 33.6812399], [-84.3964108, 33.6812348], [-84.3964287, 33.6812322], [-84.3965029, 33.6812335], [-84.3965921, 33.681233], [-84.3968845, 33.6812339], [-84.3969702, 33.6812331]]}, "properties": {"surface": "", "highway": "footway"}}, {"type": "Feature", "geometry": {"type": "LineString", "coordinates": [[-84.3937663, 33.6810489], [-84.3937603, 33.681037]]}, "properties": {"surface": "", "highway": "footway"}}, {"type": "Feature", "geometry": {"type": "LineString", "coordinates": [[-84.3937361, 33.6810378], [-84.3937603, 33.681037]]}, "properties": {"surface": "", "highway": "footway"}}, {"type": "Feature", "geometry": {"type": "LineString", "coordinates": [[-84.3936112, 33.6810378], [-84.393491, 33.6805901]]}, "properties": {"surface": "", "highway": "footway"}}, {"type": "Feature", "geometry": {"type": "LineString", "coordinates": [[-84.3937603, 33.681037], [-84.3937419, 33.6809907], [-84.3937106, 33.6808948], [-84.3935923, 33.6805094]]}, "properties": {"surface": "", "highway": "footway"}}, {"type": "Feature", "geometry": {"type": "LineString", "coordinates": [[-84.3962552, 33.6812674], [-84.3962536, 33.681662]]}, "properties": {"surface": "", "highway": "footway"}}, {"type": "Feature", "geometry": {"type": "LineString", "coordinates": [[-84.3963916, 33.6812399], [-84.396389, 33.6813684], [-84.3963819, 33.6816166]]}, "properties": {"surface": "", "highway": "footway"}}, {"type": "Feature", "geometry": {"type": "LineString", "coordinates": [[-84.3850372, 33.6522177], [-84.3809394, 33.652037], [-84.3808638, 33.6520194], [-84.3808153, 33.6519878]]}, "properties": {"surface": "", "highway": "footway"}}, {"type": "Feature", "geometry": {"type": "LineString", "coordinates": [[-84.3848588, 33.6523638], [-84.3835086, 33.6523215], [-84.3829555, 33.6523041], [-84.3806853, 33.6522328]]}, "properties": {"surface": "", "highway": "footway"}}, {"type": "Feature", "geometry": {"type": "LineString", "coordinates": [[-84.3806853, 33.6522328], [-84.380651, 33.6528189]]}, "properties": {"surface": "", "highway": "footway"}}, {"type": "Feature", "geometry": {"type": "LineString", "coordinates": [[-84.3800538, 33.6522838], [-84.3802995, 33.6522839], [-84.3804189, 33.6523216], [-84.3804656, 33.6523775], [-84.3805056, 33.6524866], [-84.3805243, 33.6526159], [-84.3804842, 33.6549295]]}, "properties": {"surface": "", "highway": "footway"}}, {"type": "Feature", "geometry": {"type": "LineString", "coordinates": [[-84.3808153, 33.6519878], [-84.3807629, 33.6519114], [-84.380681, 33.6517536], [-84.3806704, 33.6516505], [-84.3806691, 33.649662], [-84.3806598, 33.649607], [-84.3806365, 33.6495305]]}, "properties": {"surface": "", "highway": "footway"}}, {"type": "Feature", "geometry": {"type": "LineString", "coordinates": [[-84.3794532, 33.6520814], [-84.37957, 33.6520727], [-84.3803198, 33.6520288], [-84.3804274, 33.6519831], [-84.3805398, 33.651688], [-84.3805401, 33.6512742], [-84.3805397, 33.6511852]]}, "properties": {"surface": "", "highway": "footway"}}, {"type": "Feature", "geometry": {"type": "LineString", "coordinates": [[-84.396737, 33.6532822], [-84.396721, 33.6532896], [-84.3967019, 33.6532634], [-84.3966717, 33.6532396], [-84.3966253, 33.6532172], [-84.3965895, 33.6532057]]}, "properties": {"surface": "", "highway": "footway"}}, {"type": "Feature", "geometry": {"type": "LineString", "coordinates": [[-84.3965895, 33.6532057], [-84.3961512, 33.6530462], [-84.3957119, 33.6528584], [-84.3952763, 33.6526548]]}, "properties": {"surface": "", "highway": "footway"}}, {"type": "Feature", "geometry": {"type": "LineString", "coordinates": [[-84.3952763, 33.6526548], [-84.3950238, 33.65253], [-84.3949746, 33.652517], [-84.3949165, 33.6525105], [-84.394918, 33.6524982]]}, "properties": {"surface": "", "highway": "footway"}}, {"type": "Feature", "geometry": {"type": "LineString", "coordinates": [[-84.3946367, 33.6523319], [-84.3946188, 33.6523316], [-84.3946149, 33.6522998], [-84.3946003, 33.652261], [-84.394568, 33.6522218], [-84.3945162, 33.6521826], [-84.3944372, 33.6521426], [-84.3943687, 33.6521201], [-84.3943133, 33.6521134], [-84.3942665, 33.652116], [-84.3942211, 33.6521302], [-84.3941798, 33.6521539], [-84.3940628, 33.6522421]]}, "properties": {"surface": "", "highway": "footway"}}, {"type": "Feature", "geometry": {"type": "LineString", "coordinates": [[-84.3942665, 33.652116], [-84.3942647, 33.6521039]]}, "properties": {"surface": "", "highway": "footway"}}, {"type": "Feature", "geometry": {"type": "LineString", "coordinates": [[-84.3940408, 33.6519333], [-84.3940343, 33.6518875], [-84.3940185, 33.651846], [-84.3939888, 33.6518091], [-84.3937115, 33.6515883], [-84.3936838, 33.6515702], [-84.3935561, 33.6514984], [-84.3935223, 33.651489], [-84.3934763, 33.6514862], [-84.3934746, 33.6514736]]}, "properties": {"surface": "", "highway": "footway"}}, {"type": "Feature", "geometry": {"type": "LineString", "coordinates": [[-84.3940408, 33.6519333], [-84.3940653, 33.6519346]]}, "properties": {"surface": "", "highway": "footway"}}, {"type": "Feature", "geometry": {"type": "LineString", "coordinates": [[-84.3933643, 33.6513753], [-84.3933503, 33.6513724], [-84.3933475, 33.6513503], [-84.3933405, 33.6513325], [-84.3933245, 33.6513143], [-84.3931483, 33.6511661], [-84.3929908, 33.6510169], [-84.3929773, 33.651], [-84.3929093, 33.6508941], [-84.3928953, 33.6508796], [-84.3926613, 33.6507171], [-84.3926406, 33.6506986], [-84.3922296, 33.6503294], [-84.3922011, 33.6503091], [-84.3921687, 33.6502961], [-84.3921225, 33.6502845]]}, "properties": {"surface": "", "highway": "footway"}}, {"type": "Feature", "geometry": {"type": "LineString", "coordinates": [[-84.3921225, 33.6502845], [-84.3921246, 33.6502658]]}, "properties": {"surface": "", "highway": "footway"}}, {"type": "Feature", "geometry": {"type": "LineString", "coordinates": [[-84.3919302, 33.6500533], [-84.3919085, 33.6500436], [-84.3919129, 33.6500176], [-84.3919088, 33.6499837], [-84.3918912, 33.6499516], [-84.3916317, 33.6496179], [-84.3916157, 33.6495909], [-84.3914628, 33.6493001], [-84.3913003, 33.6490375]]}, "properties": {"surface": "", "highway": "footway"}}, {"type": "Feature", "geometry": {"type": "LineString", "coordinates": [[-84.3947273, 33.6514502], [-84.3947517, 33.6514797], [-84.3947672, 33.6515126], [-84.3948759, 33.6515833], [-84.3955147, 33.6519471]]}, "properties": {"surface": "", "highway": "footway"}}, {"type": "Feature", "geometry": {"type": "LineString", "coordinates": [[-84.3943922, 33.6512151], [-84.3943743, 33.6511938], [-84.39431, 33.6511808], [-84.3942675, 33.6511559]]}, "properties": {"surface": "", "highway": "footway"}}, {"type": "Feature", "geometry": {"type": "LineString", "coordinates": [[-84.3959632, 33.6521652], [-84.3964353, 33.6523776], [-84.3968235, 33.6525282]]}, "properties": {"surface": "", "highway": "footway"}}, {"type": "Feature", "geometry": {"type": "LineString", "coordinates": [[-84.3955147, 33.6519471], [-84.3957959, 33.6520899]]}, "properties": {"surface": "", "highway": "footway"}}, {"type": "Feature", "geometry": {"type": "LineString", "coordinates": [[-84.3957959, 33.6520899], [-84.3959632, 33.6521652]]}, "properties": {"surface": "", "highway": "footway"}}, {"type": "Feature", "geometry": {"type": "LineString", "coordinates": [[-84.3968235, 33.6525282], [-84.3972536, 33.6526694], [-84.3974446, 33.6526991], [-84.3975476, 33.6526683]]}, "properties": {"surface": "", "highway": "footway"}}, {"type": "Feature", "geometry": {"type": "LineString", "coordinates": [[-84.3978529, 33.652816], [-84.3979244, 33.6528355], [-84.3994047, 33.6531669], [-84.399468, 33.6531885]]}, "properties": {"surface": "", "highway": "footway"}}]}