{"type": "FeatureCollection", "features": [{"type": "Feature", "geometry": {"type": "Polygon", "coordinates": [[[-84.3958699, 33.7582694], [-84.3957459, 33.7582733], [-84.395578, 33.7583511], [-84.3952761, 33.7585278], [-84.3951097, 33.7586534], [-84.3950763, 33.7586855], [-84.3951492, 33.758765], [-84.3951877, 33.7588452], [-84.3954574, 33.7591481], [-84.3954523, 33.7590613], [-84.3958454, 33.7590625], [-84.3958699, 33.7582694]]]}, "properties": {"surface": "concrete", "highway": "pedestrian"}}, {"type": "Feature", "geometry": {"type": "Polygon", "coordinates": [[[-84.3900659, 33.7500562], [-84.3903518, 33.7496898], [-84.3901378, 33.7495744], [-84.3901135, 33.7495613], [-84.3900618, 33.7496275], [-84.3900274, 33.7496714], [-84.390021, 33.7496796], [-84.3900706, 33.7497063], [-84.3900135, 33.7497796], [-84.3899982, 33.7497993], [-84.3899915, 33.7498079], [-84.3898712, 33.7499622], [-84.3896954, 33.7498674], [-84.3896332, 33.7499483], [-84.3900617, 33.7501757], [-84.3901296, 33.7500905], [-84.3900659, 33.7500562]]]}, "properties": {"surface": "", "highway": "pedestrian"}}, {"type": "Feature", "geometry": {"type": "Polygon", "coordinates": [[[-84.3865701, 33.7491756], [-84.3865647, 33.7491824], [-84.386556, 33.7491961], [-84.3865499, 33.7492132], [-84.3865469, 33.7492303], [-84.3865462, 33.7492552], [-84.3865489, 33.7492821], [-84.3865674, 33.7493157], [-84.386586, 33.7493322], [-84.3866009, 33.7493429], [-84.3866156, 33.7493535], [-84.3866234, 33.7493583], [-84.3866537, 33.7493689], [-84.386681, 33.7493734], [-84.3867069, 33.7493737], [-84.3867308, 33.749372], [-84.3867534, 33.7493661], [-84.386773, 33.7493588], [-84.3867928, 33.7493488], [-84.3868036, 33.7493398], [-84.3866892, 33.7492593], [-84.3865701, 33.7491756]]]}, "properties": {"surface": "", "highway": "pedestrian"}}, {"type": "Feature", "geometry": {"type": "Polygon", "coordinates": [[[-84.386433, 33.7498727], [-84.386468, 33.7498352], [-84.3865074, 33.7497976], [-84.3865211, 33.749774], [-84.3865217, 33.7497534], [-84.3865206, 33.7497337], [-84.3865059, 33.7497206], [-84.3864897, 33.7497074], [-84.386479, 33.7496987], [-84.3863786, 33.7496191], [-84.3863436, 33.7495984], [-84.3863387, 33.749595], [-84.3861997, 33.7494997], [-84.3861821, 33.7494874], [-84.3861655, 33.7494757], [-84.3861329, 33.7494708], [-84.386104, 33.7494743], [-84.3860724, 33.7494945], [-84.3860408, 33.7495312], [-84.3859975, 33.7495636], [-84.386433, 33.7498727]]]}, "properties": {"surface": "", "highway": "pedestrian"}}, {"type": "Feature", "geometry": {"type": "Polygon", "coordinates": [[[-84.3888185, 33.7492139], [-84.3888262, 33.749227], [-84.3888385, 33.7492373], [-84.3888541, 33.7492439], [-84.3888713, 33.749246], [-84.3888885, 33.7492435], [-84.3889038, 33.7492365], [-84.3889162, 33.7492253], [-84.3889234, 33.7492113], [-84.3889246, 33.7491962], [-84.3889197, 33.7491815], [-84.3889092, 33.7491691], [-84.3888944, 33.7491602], [-84.3888768, 33.7491559], [-84.3888586, 33.7491567], [-84.3888417, 33.7491625], [-84.388828, 33.7491727], [-84.3888195, 33.7491853], [-84.3888162, 33.7491996], [-84.3888185, 33.7492139]]]}, "properties": {"surface": "", "highway": "pedestrian"}}, {"type": "Feature", "geometry": {"type": "Polygon", "coordinates": [[[-84.3886517, 33.7490622], [-84.3886758, 33.7490361], [-84.3886639, 33.7490104], [-84.388589, 33.7490041], [-84.3885693, 33.7490268], [-84.3885995, 33.7490822], [-84.3886308, 33.7490855], [-84.3886517, 33.7490622]]]}, "properties": {"surface": "", "highway": "pedestrian"}}, {"type": "Feature", "geometry": {"type": "Polygon", "coordinates": [[[-84.3889664, 33.7489955], [-84.388971, 33.7490084], [-84.3889958, 33.7490197], [-84.3890224, 33.7490169], [-84.3890434, 33.7489902], [-84.3890401, 33.7489805], [-84.3890363, 33.7489695], [-84.3890046, 33.7489513], [-84.3889816, 33.7489553], [-84.3889616, 33.7489814], [-84.3889664, 33.7489955]]]}, "properties": {"surface": "", "highway": "pedestrian"}}, {"type": "Feature", "geometry": {"type": "Polygon", "coordinates": [[[-84.388446, 33.7497526], [-84.3884583, 33.7497459], [-84.3884637, 33.7497379], [-84.3884647, 33.7497296], [-84.3884616, 33.7497213], [-84.3884547, 33.7497151], [-84.3884466, 33.7497116], [-84.388435, 33.7497111], [-84.3884019, 33.7497308], [-84.3883636, 33.7497238], [-84.388348, 33.7497372], [-84.3883477, 33.7497466], [-84.3883525, 33.7497556], [-84.3883624, 33.749761], [-84.3883791, 33.7497623], [-84.388409, 33.7497579], [-84.388446, 33.7497526]]]}, "properties": {"surface": "", "highway": "pedestrian"}}, {"type": "Feature", "geometry": {"type": "Polygon", "coordinates": [[[-84.4025772, 33.7576391], [-84.402575, 33.7571608], [-84.4025811, 33.7570876], [-84.4025925, 33.7569514], [-84.4024939, 33.7569188], [-84.4023639, 33.7567187], [-84.4023166, 33.7567195], [-84.4022676, 33.7567203], [-84.402369, 33.7568823], [-84.4023805, 33.7569501], [-84.4023722, 33.7569919], [-84.40235, 33.7570232], [-84.4023248, 33.7570416], [-84.4023296, 33.7570964], [-84.4023331, 33.7571089], [-84.4023343, 33.757713], [-84.4023345, 33.7578168], [-84.4023817, 33.7577603], [-84.40238, 33.7577155], [-84.4025596, 33.7576481], [-84.4025772, 33.7576391]]]}, "properties": {"surface": "concrete", "highway": "pedestrian"}}, {"type": "Feature", "geometry": {"type": "Polygon", "coordinates": [[[-84.4021466, 33.7567098], [-84.4022384, 33.7567204], [-84.4022676, 33.7567203], [-84.4023166, 33.7567195], [-84.4023639, 33.7567187], [-84.4022395, 33.7565496], [-84.4024309, 33.7564626], [-84.4025773, 33.7564415], [-84.4025776, 33.7564094], [-84.4025722, 33.7562537], [-84.4025794, 33.7562331], [-84.4025706, 33.756233], [-84.4025237, 33.7562334], [-84.4024829, 33.7562338], [-84.4024695, 33.7562873], [-84.4022728, 33.7563796], [-84.4020852, 33.7561259], [-84.4016705, 33.7563751], [-84.4010679, 33.7565711], [-84.4004016, 33.7565465], [-84.4003687, 33.7565231], [-84.4001757, 33.7565805], [-84.3998175, 33.7565924], [-84.3998153, 33.7567214], [-84.3998311, 33.7567217], [-84.3998865, 33.7567227], [-84.4004904, 33.7567176], [-84.4006308, 33.7567164], [-84.4008852, 33.7567246], [-84.4010925, 33.7569038], [-84.401247, 33.7568294], [-84.401519, 33.7566986], [-84.4015554, 33.7566975], [-84.4021466, 33.7567098]]]}, "properties": {"surface": "concrete", "highway": "pedestrian"}}, {"type": "Feature", "geometry": {"type": "Polygon", "coordinates": [[[-84.3839097, 33.755921], [-84.384142, 33.7559208], [-84.3841458, 33.7557073], [-84.3841354, 33.7556956], [-84.3841408, 33.7556385], [-84.3839395, 33.7556498], [-84.3839916, 33.7556949], [-84.3839139, 33.7557569], [-84.3838654, 33.7557948], [-84.3839083, 33.755796], [-84.3839097, 33.755921]]]}, "properties": {"surface": "", "highway": "pedestrian"}}, {"type": "Feature", "geometry": {"type": "Polygon", "coordinates": [[[-84.3859891, 33.7521585], [-84.3859554, 33.7521335], [-84.3858016, 33.7520192], [-84.3856789, 33.751928], [-84.3855382, 33.7520589], [-84.385489, 33.7520475], [-84.3854317, 33.7521016], [-84.3855527, 33.7521901], [-84.3855798, 33.7521631], [-84.3856421, 33.752207], [-84.3855959, 33.7522488], [-84.3856731, 33.7523052], [-84.3857422, 33.7523558], [-84.3857895, 33.7523111], [-84.3858634, 33.7523673], [-84.385878, 33.7523534], [-84.3858192, 33.7523115], [-84.3859498, 33.752188], [-84.3860078, 33.7522294], [-84.3860526, 33.7521865], [-84.3860389, 33.7521789], [-84.3860358, 33.7521645], [-84.3860241, 33.7521566], [-84.3860106, 33.7521518], [-84.3859999, 33.7521544], [-84.3859891, 33.7521585]]]}, "properties": {"surface": "", "highway": "pedestrian"}}, {"type": "Feature", "geometry": {"type": "Polygon", "coordinates": [[[-84.3882634, 33.7564206], [-84.3881695, 33.7563828], [-84.3882191, 33.7562978], [-84.3880976, 33.7562488], [-84.3881542, 33.7561516], [-84.3883162, 33.7562169], [-84.388235, 33.7561123], [-84.3881558, 33.7560469], [-84.3881004, 33.7560016], [-84.3880166, 33.7559866], [-84.3879477, 33.7561108], [-84.3879077, 33.756181], [-84.3878977, 33.7562233], [-84.3878958, 33.7562618], [-84.3879077, 33.7563189], [-84.3879218, 33.7563532], [-84.3879433, 33.7563853], [-84.3879692, 33.7564144], [-84.3880084, 33.7564445], [-84.3880649, 33.7564724], [-84.3881653, 33.7565118], [-84.3882468, 33.7565425], [-84.3883068, 33.7564371], [-84.3882634, 33.7564206]]]}, "properties": {"surface": "", "highway": "pedestrian"}}, {"type": "Feature", "geometry": {"type": "Polygon", "coordinates": [[[-84.3883106, 33.7556885], [-84.3882957, 33.7556854], [-84.3882799, 33.7556724], [-84.388272, 33.7556976], [-84.3882565, 33.7557202], [-84.3882344, 33.7557386], [-84.3882073, 33.7557516], [-84.3881824, 33.7557576], [-84.3881566, 33.7557589], [-84.388131, 33.7557556], [-84.3881069, 33.7557477], [-84.3880855, 33.7557356], [-84.3880677, 33.75572], [-84.3880544, 33.7557015], [-84.3880462, 33.7556811], [-84.3880136, 33.75569], [-84.3880226, 33.7557253], [-84.3880439, 33.7557569], [-84.3881064, 33.755818], [-84.3882424, 33.7559304], [-84.3883573, 33.7559767], [-84.3884655, 33.7559873], [-84.3885651, 33.7559528], [-84.3886318, 33.755783], [-84.3885814, 33.7557639], [-84.3885719, 33.7557603], [-84.3885599, 33.7557558], [-84.3883406, 33.7556684], [-84.3883106, 33.7556885]]]}, "properties": {"surface": "paving_stones", "highway": "pedestrian"}}, {"type": "Feature", "geometry": {"type": "Polygon", "coordinates": [[[-84.4006308, 33.7567164], [-84.4004904, 33.7567176], [-84.3998865, 33.7567227], [-84.3998874, 33.7567658], [-84.3998685, 33.7567658], [-84.3998692, 33.7568314], [-84.3998693, 33.756854], [-84.3998694, 33.756874], [-84.4000338, 33.7568854], [-84.4000347, 33.7568719], [-84.4002154, 33.7568669], [-84.4002463, 33.7569118], [-84.4006308, 33.7567164]]]}, "properties": {"surface": "", "highway": "pedestrian"}}, {"type": "Feature", "geometry": {"type": "Polygon", "coordinates": [[[-84.4019688, 33.7585561], [-84.4019678, 33.7585969], [-84.4019668, 33.758648], [-84.4021509, 33.7586502], [-84.4021514, 33.75856], [-84.4022352, 33.7584963], [-84.4023507, 33.7585705], [-84.4024228, 33.7585857], [-84.4024974, 33.7585909], [-84.4024942, 33.7585594], [-84.4024906, 33.7585231], [-84.4025608, 33.7585182], [-84.40258, 33.7584953], [-84.4025824, 33.7584466], [-84.4025225, 33.7583849], [-84.4025223, 33.7583741], [-84.4025218, 33.7583528], [-84.4025214, 33.7583311], [-84.4025209, 33.7583078], [-84.4025204, 33.7582855], [-84.40252, 33.758264], [-84.4025195, 33.7582425], [-84.4025193, 33.7582322], [-84.4023609, 33.7582358], [-84.4022244, 33.7582365], [-84.4019694, 33.7584525], [-84.4019688, 33.7585561]]]}, "properties": {"surface": "", "highway": "pedestrian"}}, {"type": "Feature", "geometry": {"type": "Polygon", "coordinates": [[[-84.3900824, 33.753474], [-84.3900528, 33.7535048], [-84.3901205, 33.753541], [-84.3902399, 33.7536049], [-84.3902456, 33.7536079], [-84.3902854, 33.7536011], [-84.3904244, 33.753523], [-84.3905137, 33.7534808], [-84.3905719, 33.7534533], [-84.3905037, 33.753419], [-84.3904501, 33.7533921], [-84.3904287, 33.7533814], [-84.3903616, 33.7533452], [-84.3903765, 33.7533262], [-84.3900249, 33.7530025], [-84.3900477, 33.7529742], [-84.3900236, 33.7529606], [-84.389967, 33.7529287], [-84.3899103, 33.7528967], [-84.3898601, 33.7529611], [-84.3898412, 33.7529849], [-84.3898796, 33.7530051], [-84.3899851, 33.7530599], [-84.3899482, 33.7531048], [-84.389995, 33.7531303], [-84.3899826, 33.7531538], [-84.3900225, 33.7531761], [-84.3900042, 33.7531938], [-84.3900256, 33.7532077], [-84.3899945, 33.7532474], [-84.3900253, 33.753263], [-84.3899972, 33.753301], [-84.3901482, 33.7533879], [-84.3900824, 33.753474]]]}, "properties": {"surface": "", "highway": "pedestrian"}}, {"type": "Feature", "geometry": {"type": "Polygon", "coordinates": [[[-84.3900559, 33.752964], [-84.3900728, 33.7529431], [-84.3903157, 33.7531711], [-84.3904756, 33.7533212], [-84.3904719, 33.7533259], [-84.3904927, 33.753337], [-84.3905443, 33.7533645], [-84.3905642, 33.7533751], [-84.3906313, 33.7532879], [-84.3906458, 33.753269], [-84.3906207, 33.7532543], [-84.3905798, 33.7532302], [-84.3905409, 33.7532073], [-84.3905211, 33.7531956], [-84.390442, 33.7531524], [-84.3904612, 33.7531232], [-84.3901431, 33.7529066], [-84.3901679, 33.7528747], [-84.3901804, 33.7528603], [-84.3902054, 33.7528316], [-84.3901719, 33.7528134], [-84.3901218, 33.7528773], [-84.3899905, 33.7528059], [-84.3899849, 33.752804], [-84.389964, 33.75283], [-84.3899174, 33.7528881], [-84.3899738, 33.752919], [-84.3900321, 33.752951], [-84.3900559, 33.752964]]]}, "properties": {"surface": "", "highway": "pedestrian"}}, {"type": "Feature", "geometry": {"type": "Polygon", "coordinates": [[[-84.390274, 33.7529346], [-84.3903997, 33.7530056], [-84.3903933, 33.7530142], [-84.3905411, 33.7530953], [-84.3905371, 33.7531013], [-84.3905787, 33.7531258], [-84.390596, 33.7531356], [-84.3906351, 33.7531576], [-84.3906796, 33.7531825], [-84.3906958, 33.7531917], [-84.3907211, 33.7531616], [-84.3907051, 33.7531528], [-84.3906587, 33.7531274], [-84.3906257, 33.7531093], [-84.3905855, 33.7530873], [-84.3905602, 33.7530734], [-84.3905259, 33.753055], [-84.3905541, 33.7530187], [-84.3903297, 33.7528984], [-84.390317, 33.7529105], [-84.3903003, 33.7529014], [-84.3902871, 33.752918], [-84.390274, 33.7529346]]]}, "properties": {"surface": "", "highway": "pedestrian"}}, {"type": "Feature", "geometry": {"type": "Polygon", "coordinates": [[[-84.3902944, 33.7528799], [-84.3903297, 33.7528984], [-84.3903544, 33.7528665], [-84.390613, 33.7530053], [-84.3905942, 33.7530295], [-84.3906193, 33.753043], [-84.3906596, 33.7530647], [-84.390693, 33.7530827], [-84.39074, 33.753108], [-84.3907702, 33.7531243], [-84.3908526, 33.7530268], [-84.3903817, 33.7527688], [-84.3902944, 33.7528799]]]}, "properties": {"surface": "", "highway": "pedestrian"}}, {"type": "Feature", "geometry": {"type": "Polygon", "coordinates": [[[-84.3898997, 33.7496092], [-84.3899396, 33.7495581], [-84.3899865, 33.7494978], [-84.3899047, 33.7494538], [-84.3893615, 33.7491612], [-84.3892805, 33.7492652], [-84.3893372, 33.7492958], [-84.3897816, 33.7495351], [-84.3896307, 33.7497289], [-84.3895568, 33.7496891], [-84.3894317, 33.7498497], [-84.3895193, 33.7498969], [-84.3895355, 33.7498762], [-84.389601, 33.7499114], [-84.3898551, 33.7495852], [-84.3898997, 33.7496092]]]}, "properties": {"surface": "", "highway": "pedestrian"}}, {"type": "Feature", "geometry": {"type": "Polygon", "coordinates": [[[-84.3855374, 33.752671], [-84.3855481, 33.7526788], [-84.3855738, 33.7526492], [-84.3856223, 33.752603], [-84.3855754, 33.7525688], [-84.3854948, 33.7525118], [-84.3854382, 33.7525692], [-84.3854178, 33.7525574], [-84.3853849, 33.7525358], [-84.3852745, 33.7526387], [-84.3853024, 33.7526596], [-84.3852638, 33.7526824], [-84.3853855, 33.7529578], [-84.3853709, 33.7529623], [-84.3853561, 33.7529662], [-84.3853411, 33.7529695], [-84.3853259, 33.7529723], [-84.3853106, 33.7529746], [-84.3852952, 33.7529763], [-84.3852797, 33.7529774], [-84.3852642, 33.7529779], [-84.3852486, 33.7529779], [-84.3852331, 33.7529773], [-84.3852176, 33.7529762], [-84.3852022, 33.7529744], [-84.3851869, 33.7529721], [-84.3851717, 33.7529693], [-84.3851567, 33.7529659], [-84.3851418, 33.752962], [-84.3851272, 33.7529575], [-84.3851128, 33.7529525], [-84.3850987, 33.7529469], [-84.3850849, 33.7529409], [-84.3850714, 33.7529344], [-84.3850583, 33.7529273], [-84.3850254, 33.7529623], [-84.3850564, 33.7529877], [-84.3850102, 33.7530337], [-84.3850026, 33.7530393], [-84.3849665, 33.753066], [-84.3850363, 33.7531138], [-84.3850573, 33.753095], [-84.385071, 33.7531066], [-84.3850963, 33.7531279], [-84.385118, 33.7531463], [-84.3851255, 33.7531526], [-84.3851641, 33.7531644], [-84.3851994, 33.7531179], [-84.3852275, 33.7530911], [-84.3852474, 33.7530721], [-84.3852922, 33.7530669], [-84.3853324, 33.7530617], [-84.3853976, 33.7530505], [-84.3854201, 33.7530456], [-84.3854435, 33.753037], [-84.3854822, 33.753016], [-84.38551, 33.7530033], [-84.3855483, 33.7529956], [-84.3855718, 33.7529928], [-84.3855957, 33.7529912], [-84.3856379, 33.752992], [-84.3856792, 33.7529988], [-84.3857174, 33.752963], [-84.3857487, 33.7529308], [-84.3856166, 33.7529284], [-84.3854176, 33.7527831], [-84.3855, 33.7527051], [-84.3854516, 33.7526698], [-84.3854814, 33.7526416], [-84.3855306, 33.7526775], [-84.3855374, 33.752671]]]}, "properties": {"surface": "", "highway": "pedestrian"}}, {"type": "Feature", "geometry": {"type": "Polygon", "coordinates": [[[-84.3854728, 33.7538658], [-84.3854847, 33.7538603], [-84.3854995, 33.7538534], [-84.3854944, 33.7538431], [-84.3854954, 33.7538369], [-84.3855009, 33.7538295], [-84.3855081, 33.7538227], [-84.3854918, 33.7538131], [-84.3854667, 33.7537982], [-84.385451, 33.7537866], [-84.3854318, 33.75378], [-84.3854103, 33.7537738], [-84.3853904, 33.7537712], [-84.3853929, 33.7537598], [-84.3853875, 33.7537468], [-84.3853796, 33.7537335], [-84.3853632, 33.7537266], [-84.3853473, 33.7537234], [-84.3853306, 33.7537218], [-84.3853156, 33.753722], [-84.3853016, 33.753726], [-84.3852875, 33.7537329], [-84.3852838, 33.7537377], [-84.3852801, 33.7537427], [-84.3852771, 33.753749], [-84.3852769, 33.7537564], [-84.3852783, 33.7537701], [-84.3852417, 33.7537897], [-84.3852088, 33.7538167], [-84.385201, 33.7538241], [-84.3851825, 33.7538417], [-84.3851924, 33.7538468], [-84.3851979, 33.7538508], [-84.3852013, 33.7538571], [-84.385202, 33.7538653], [-84.3852006, 33.7538693], [-84.3851976, 33.7538733], [-84.3852103, 33.7538797], [-84.3852215, 33.7538832], [-84.3852259, 33.7538764], [-84.3852386, 33.753861], [-84.3852523, 33.7538494], [-84.3852683, 33.7538394], [-84.3852834, 33.753832], [-84.3852984, 33.7538266], [-84.3853149, 33.7538221], [-84.385334, 33.7538187], [-84.3853532, 33.7538181], [-84.385374, 33.753819], [-84.3853945, 33.7538224], [-84.385412, 33.7538275], [-84.3854322, 33.7538366], [-84.3854469, 33.7538448], [-84.3854598, 33.7538544], [-84.3854728, 33.7538658]]]}, "properties": {"surface": "", "highway": "pedestrian"}}, {"type": "Feature", "geometry": {"type": "Polygon", "coordinates": [[[-84.3813255, 33.7578171], [-84.3813255, 33.7578675], [-84.3813327, 33.7578671], [-84.3814634, 33.7578677], [-84.3814632, 33.7578906], [-84.3814825, 33.7578906], [-84.3814976, 33.7578907], [-84.3814979, 33.757843], [-84.3815121, 33.7578431], [-84.3815126, 33.7577596], [-84.3815127, 33.7577375], [-84.3815128, 33.7577285], [-84.3814956, 33.7577286], [-84.3814953, 33.7577083], [-84.381495, 33.7576829], [-84.3814706, 33.7576828], [-84.3814705, 33.7577059], [-84.3813432, 33.7577054], [-84.3813434, 33.7576824], [-84.3813237, 33.7576823], [-84.3813241, 33.7576152], [-84.3812848, 33.7576151], [-84.3812846, 33.757633], [-84.3812426, 33.7576329], [-84.3812427, 33.7576274], [-84.3811966, 33.7576272], [-84.3811959, 33.7577317], [-84.3811279, 33.7577314], [-84.3811278, 33.75775], [-84.3811277, 33.7577608], [-84.3811277, 33.757788], [-84.3811632, 33.7577881], [-84.3811632, 33.7578163], [-84.3811979, 33.7578163], [-84.3812102, 33.7578168], [-84.3812293, 33.757817], [-84.3813255, 33.7578171]]]}, "properties": {"surface": "", "highway": "pedestrian"}}, {"type": "Feature", "geometry": {"type": "Polygon", "coordinates": [[[-84.3883188, 33.7494522], [-84.3883298, 33.7494356], [-84.3883403, 33.7494195], [-84.3883425, 33.7494102], [-84.3883433, 33.7494003], [-84.3883428, 33.7493901], [-84.3883411, 33.7493835], [-84.3883376, 33.7493786], [-84.3883338, 33.7493746], [-84.3883279, 33.7493724], [-84.3883182, 33.7493706], [-84.3883071, 33.749373], [-84.3882941, 33.7493778], [-84.3882793, 33.7493855], [-84.3882674, 33.7493947], [-84.3882582, 33.7494057], [-84.3882539, 33.7494163], [-84.3882521, 33.7494251], [-84.3882515, 33.7494435], [-84.3882518, 33.7494524], [-84.3882561, 33.7494584], [-84.3882599, 33.7494611], [-84.3882643, 33.7494633], [-84.3882726, 33.7494647], [-84.3882813, 33.7494649], [-84.3882887, 33.7494636], [-84.3882961, 33.7494617], [-84.3883075, 33.7494573], [-84.3883188, 33.7494522]]]}, "properties": {"surface": "", "highway": "pedestrian"}}, {"type": "Feature", "geometry": {"type": "Polygon", "coordinates": [[[-84.3778459, 33.7549924], [-84.3777979, 33.7550136], [-84.3777388, 33.7550549], [-84.37771, 33.7550815], [-84.3776902, 33.7551258], [-84.3776764, 33.755179], [-84.3776753, 33.7552273], [-84.3776838, 33.7552597], [-84.3776977, 33.7552681], [-84.3777068, 33.7552827], [-84.3777041, 33.7552969], [-84.377694, 33.755308], [-84.3776796, 33.7553147], [-84.3776513, 33.7553151], [-84.3776237, 33.7553413], [-84.3776177, 33.755347], [-84.3776132, 33.7554495], [-84.377654, 33.7554594], [-84.3776747, 33.7554644], [-84.3778529, 33.7554658], [-84.3778813, 33.7554636], [-84.3778976, 33.7554531], [-84.3779089, 33.7554458], [-84.3779159, 33.7554316], [-84.3779314, 33.7551609], [-84.3779161, 33.7551597], [-84.3778854, 33.7551573], [-84.377851, 33.7550113], [-84.3778486, 33.7550012], [-84.3778459, 33.7549924]]]}, "properties": {"surface": "brick", "highway": "pedestrian"}}, {"type": "Feature", "geometry": {"type": "Polygon", "coordinates": [[[-84.3848281, 33.7533464], [-84.3847819, 33.7533152], [-84.3846937, 33.7532609], [-84.384684, 33.7532547], [-84.3846778, 33.7533095], [-84.3845094, 33.7534751], [-84.3845085, 33.7534811], [-84.3845073, 33.7534902], [-84.3845216, 33.7534907], [-84.3845527, 33.7534951], [-84.3845913, 33.7535111], [-84.3846192, 33.7535314], [-84.3846403, 33.753554], [-84.3846511, 33.7535795], [-84.3846578, 33.7536076], [-84.3846571, 33.7536304], [-84.3846596, 33.7536463], [-84.3846736, 33.7536332], [-84.3846947, 33.7536133], [-84.384732, 33.7535782], [-84.3847202, 33.7535697], [-84.3848318, 33.7534663], [-84.3848281, 33.7533464]]]}, "properties": {"surface": "", "highway": "pedestrian"}}, {"type": "Feature", "geometry": {"type": "Polygon", "coordinates": [[[-84.3997369, 33.7567563], [-84.3998155, 33.7563997], [-84.3994126, 33.7560051], [-84.3992266, 33.7556436], [-84.3993039, 33.7551766], [-84.3994799, 33.7548619], [-84.3994554, 33.7548575], [-84.3993342, 33.7548359], [-84.3993409, 33.754808], [-84.3992652, 33.7547933], [-84.3991506, 33.7547703], [-84.3991718, 33.7546939], [-84.3991046, 33.7546801], [-84.3990764, 33.7547824], [-84.3989251, 33.7547508], [-84.3989043, 33.7548218], [-84.3990598, 33.7548522], [-84.398813, 33.7557264], [-84.3987819, 33.7558277], [-84.3987679, 33.7558732], [-84.3989363, 33.7559918], [-84.399076, 33.756125], [-84.3991516, 33.7562163], [-84.3992194, 33.7563288], [-84.3992789, 33.7564364], [-84.3993509, 33.7566093], [-84.3995112, 33.7566713], [-84.3997369, 33.7567563]]]}, "properties": {"surface": "", "highway": "pedestrian"}}, {"type": "Feature", "geometry": {"type": "Polygon", "coordinates": [[[-84.3874504, 33.7604406], [-84.387453, 33.7602632], [-84.3867265, 33.7602552], [-84.3867279, 33.7601703], [-84.3867433, 33.7601705], [-84.3867436, 33.760153], [-84.3866613, 33.7601521], [-84.3866627, 33.7600656], [-84.3868635, 33.7600678], [-84.386869, 33.7597869], [-84.3867659, 33.7597862], [-84.3867637, 33.7598807], [-84.3867868, 33.7598809], [-84.3867857, 33.7599695], [-84.3866336, 33.7599682], [-84.3866323, 33.7600671], [-84.3861828, 33.7600631], [-84.3861767, 33.7601013], [-84.3865301, 33.7601058], [-84.3865289, 33.7601686], [-84.386592, 33.7602393], [-84.38659, 33.7604552], [-84.386513, 33.7605251], [-84.386512, 33.760578], [-84.3861678, 33.7605735], [-84.3861768, 33.7606139], [-84.3866152, 33.7606199], [-84.3866134, 33.760713], [-84.3867689, 33.7607151], [-84.3867673, 33.7607997], [-84.3868346, 33.7608007], [-84.3868384, 33.7606216], [-84.3866571, 33.760619], [-84.3866588, 33.7605323], [-84.3867376, 33.7605334], [-84.3867379, 33.7605207], [-84.3867284, 33.7605205], [-84.3867302, 33.7604308], [-84.3874504, 33.7604406]]]}, "properties": {"surface": "", "highway": "pedestrian"}}, {"type": "Feature", "geometry": {"type": "Polygon", "coordinates": [[[-84.3879396, 33.7600171], [-84.3879401, 33.7599605], [-84.3877111, 33.759959], [-84.3877016, 33.7603677], [-84.3878474, 33.7603697], [-84.3879781, 33.7603715], [-84.3879775, 33.7603027], [-84.3878262, 33.7603009], [-84.3878279, 33.7601993], [-84.3878055, 33.760199], [-84.3878069, 33.760117], [-84.3878152, 33.7601171], [-84.3878172, 33.7600138], [-84.3879396, 33.7600171]]]}, "properties": {"surface": "", "highway": "pedestrian"}}, {"type": "Feature", "geometry": {"type": "Polygon", "coordinates": [[[-84.3737593, 33.7549874], [-84.3737579, 33.7550973], [-84.3736505, 33.7550963], [-84.3736407, 33.7550987], [-84.3726441, 33.7550929], [-84.3726451, 33.7549771], [-84.3725103, 33.7549722], [-84.372507, 33.7552563], [-84.3722955, 33.7552546], [-84.3722671, 33.7552558], [-84.3722668, 33.7553696], [-84.372266, 33.7553869], [-84.3726869, 33.7553863], [-84.372686, 33.7553608], [-84.3726863, 33.7552989], [-84.3727801, 33.7552991], [-84.3727803, 33.7552465], [-84.3728802, 33.7552467], [-84.3728804, 33.7551943], [-84.3729758, 33.7551945], [-84.372976, 33.7551379], [-84.3731734, 33.7551384], [-84.3731732, 33.7551847], [-84.3733676, 33.7551852], [-84.373366, 33.7552414], [-84.3734631, 33.7552415], [-84.3734631, 33.7551842], [-84.37361, 33.7551841], [-84.3737042, 33.755184], [-84.3737528, 33.755184], [-84.3738082, 33.7551839], [-84.3738109, 33.7549879], [-84.3737593, 33.7549874]]]}, "properties": {"surface": "", "highway": "pedestrian"}}, {"type": "Feature", "geometry": {"type": "Polygon", "coordinates": [[[-84.374968, 33.754269], [-84.3749683, 33.75413], [-84.3750569, 33.7541301], [-84.3750603, 33.7541027], [-84.3748778, 33.7541006], [-84.3748736, 33.7542636], [-84.3749222, 33.7542663], [-84.374968, 33.754269]]]}, "properties": {"surface": "", "highway": "pedestrian"}}, {"type": "Feature", "geometry": {"type": "Polygon", "coordinates": [[[-84.3724385, 33.7545903], [-84.3724384, 33.7545654], [-84.3722633, 33.7545656], [-84.3722635, 33.7546447], [-84.3723674, 33.7546446], [-84.3723673, 33.7545904], [-84.3724069, 33.7545904], [-84.3724385, 33.7545903]]]}, "properties": {"surface": "", "highway": "pedestrian"}}, {"type": "Feature", "geometry": {"type": "Polygon", "coordinates": [[[-84.3890019, 33.7547767], [-84.3889924, 33.754758], [-84.3889798, 33.7547332], [-84.3888313, 33.7547959], [-84.3888056, 33.7547597], [-84.3887987, 33.7547255], [-84.3887858, 33.7546693], [-84.3887818, 33.7546216], [-84.3887798, 33.754585], [-84.3889477, 33.7545788], [-84.3889747, 33.7545791], [-84.3890092, 33.75458], [-84.3891728, 33.7545834], [-84.3891738, 33.7545594], [-84.3889739, 33.7545588], [-84.388763, 33.7545549], [-84.3886177, 33.7545563], [-84.3885826, 33.7546277], [-84.3886311, 33.7546269], [-84.3886744, 33.7546283], [-84.3886791, 33.7546013], [-84.3887378, 33.7546029], [-84.3887389, 33.7546285], [-84.3887431, 33.7546575], [-84.3887499, 33.7546956], [-84.3887619, 33.7547318], [-84.3887755, 33.7547702], [-84.3887936, 33.7548092], [-84.3887219, 33.7548411], [-84.3886544, 33.7548744], [-84.3886238, 33.7548925], [-84.388586, 33.7549168], [-84.388524, 33.7549618], [-84.3884909, 33.7549923], [-84.3884517, 33.7550294], [-84.388425, 33.7550619], [-84.3883976, 33.7551103], [-84.388388, 33.7551333], [-84.3883135, 33.7551092], [-84.3882988, 33.7551377], [-84.3882826, 33.7551691], [-84.388361, 33.7551896], [-84.3881827, 33.7555184], [-84.3881494, 33.7555197], [-84.3880952, 33.7555284], [-84.3880898, 33.7555223], [-84.3880767, 33.7555163], [-84.3880299, 33.7555911], [-84.3880178, 33.7556167], [-84.3880076, 33.7556545], [-84.3880136, 33.75569], [-84.3880462, 33.7556811], [-84.3880435, 33.7556597], [-84.3880465, 33.7556383], [-84.388055, 33.755618], [-84.3880687, 33.7555997], [-84.3880854, 33.7555854], [-84.3881133, 33.7555705], [-84.3881433, 33.755563], [-84.3881745, 33.7555623], [-84.388205, 33.7555684], [-84.3882324, 33.755581], [-84.388255, 33.755599], [-84.388271, 33.7556213], [-84.3882795, 33.7556464], [-84.3882799, 33.7556724], [-84.3882957, 33.7556854], [-84.3883106, 33.7556885], [-84.3883406, 33.7556684], [-84.3883322, 33.7556344], [-84.3883176, 33.7555959], [-84.3882954, 33.7555653], [-84.3882601, 33.7555405], [-84.3882364, 33.7555327], [-84.3884423, 33.7551617], [-84.3884682, 33.7551161], [-84.3884899, 33.755084], [-84.3885311, 33.7550354], [-84.388559, 33.7550092], [-84.3886007, 33.7549749], [-84.3886299, 33.7549525], [-84.3886794, 33.7549215], [-84.3887168, 33.7549034], [-84.3887915, 33.7548711], [-84.3888864, 33.7548289], [-84.3890019, 33.7547767]]]}, "properties": {"surface": "", "highway": "pedestrian"}}, {"type": "Feature", "geometry": {"type": "Polygon", "coordinates": [[[-84.389202, 33.7548909], [-84.3891473, 33.7548589], [-84.3891066, 33.7548325], [-84.3890674, 33.754792], [-84.3890443, 33.7547535], [-84.3890233, 33.7547028], [-84.389015, 33.7546536], [-84.3890092, 33.75458], [-84.3889747, 33.7545791], [-84.3889477, 33.7545788], [-84.3889484, 33.754608], [-84.388952, 33.7546416], [-84.3889626, 33.754683], [-84.3889703, 33.7547142], [-84.3889798, 33.7547332], [-84.3889924, 33.754758], [-84.3890019, 33.7547767], [-84.3890075, 33.7547847], [-84.3890298, 33.7548239], [-84.389072, 33.7548666], [-84.3891134, 33.754895], [-84.3891706, 33.7549257], [-84.3891826, 33.7549124], [-84.389202, 33.7548909]]]}, "properties": {"surface": "", "highway": "pedestrian"}}, {"type": "Feature", "geometry": {"type": "Polygon", "coordinates": [[[-84.3885862, 33.75561], [-84.3886006, 33.7556645], [-84.3885966, 33.755693], [-84.3885599, 33.7557558], [-84.3885719, 33.7557603], [-84.3885814, 33.7557639], [-84.3885971, 33.7557344], [-84.3886478, 33.7557531], [-84.3886666, 33.7557165], [-84.3886198, 33.7557001], [-84.3886273, 33.7556625], [-84.388609, 33.7556061], [-84.3885958, 33.7556084], [-84.3885862, 33.75561]]]}, "properties": {"surface": "", "highway": "pedestrian"}}, {"type": "Feature", "geometry": {"type": "Polygon", "coordinates": [[[-84.3872234, 33.7578235], [-84.3874524, 33.7578288], [-84.3874978, 33.7578298], [-84.3875208, 33.7578306], [-84.3875249, 33.7577536], [-84.3876126, 33.7576072], [-84.3878018, 33.7572913], [-84.3876726, 33.7572288], [-84.3875464, 33.7572281], [-84.3875334, 33.7572803], [-84.3873181, 33.7576135], [-84.3872264, 33.7576134], [-84.3872234, 33.7578235]]]}, "properties": {"surface": "paving_stones", "highway": "pedestrian"}}, {"type": "Feature", "geometry": {"type": "Polygon", "coordinates": [[[-84.3731436, 33.7564833], [-84.3731427, 33.7565691], [-84.3731426, 33.7565842], [-84.3731982, 33.7565846], [-84.3731976, 33.756638], [-84.3732535, 33.7566384], [-84.373324, 33.7566389], [-84.3733726, 33.7565967], [-84.3734938, 33.7565997], [-84.3735204, 33.7566278], [-84.3735462, 33.7566464], [-84.3735747, 33.7566191], [-84.373545, 33.7565977], [-84.3735455, 33.7565441], [-84.37329, 33.7565424], [-84.3732941, 33.756127], [-84.3732565, 33.7560575], [-84.3731995, 33.7560581], [-84.3731987, 33.756011], [-84.3731612, 33.7559998], [-84.3731274, 33.7559976], [-84.3730477, 33.7561177], [-84.3730793, 33.7561179], [-84.373077, 33.7563228], [-84.3730453, 33.7563226], [-84.3730441, 33.7564356], [-84.3730846, 33.7564359], [-84.3730841, 33.7564828], [-84.3731436, 33.7564833]]]}, "properties": {"surface": "asphalt", "highway": "pedestrian"}}, {"type": "Feature", "geometry": {"type": "Polygon", "coordinates": [[[-84.3734733, 33.7559757], [-84.3734717, 33.7559621], [-84.3734705, 33.7559524], [-84.3734679, 33.7559476], [-84.3734605, 33.7559343], [-84.3734491, 33.7559231], [-84.3734345, 33.7559149], [-84.3734177, 33.7559102], [-84.3734001, 33.7559095], [-84.3733829, 33.7559128], [-84.3733674, 33.7559198], [-84.3733547, 33.75593], [-84.3733458, 33.7559427], [-84.3733416, 33.7559533], [-84.3733399, 33.7559592], [-84.3733398, 33.7559775], [-84.3733439, 33.7559885], [-84.3733544, 33.7560007], [-84.3733719, 33.7560107], [-84.3733871, 33.756018], [-84.3734106, 33.7560208], [-84.3734325, 33.7560158], [-84.3734444, 33.7560104], [-84.3734557, 33.756004], [-84.3734632, 33.7559965], [-84.3734694, 33.7559884], [-84.3734733, 33.7559757]]]}, "properties": {"surface": "asphalt", "highway": "pedestrian"}}, {"type": "Feature", "geometry": {"type": "Polygon", "coordinates": [[[-84.3938319, 33.7535576], [-84.3932634, 33.7532476], [-84.3932634, 33.7532209], [-84.393226, 33.7532354], [-84.3929819, 33.753542], [-84.3931276, 33.7536194], [-84.3929488, 33.7538543], [-84.3929028, 33.7539147], [-84.3929535, 33.7539417], [-84.3929324, 33.753969], [-84.3930042, 33.7540059], [-84.3930224, 33.753982], [-84.3938636, 33.7544254], [-84.3938836, 33.7544], [-84.3939054, 33.7543706], [-84.393851, 33.7543436], [-84.3937508, 33.7542879], [-84.3935142, 33.7541582], [-84.3934973, 33.7541789], [-84.3933879, 33.7541164], [-84.3934037, 33.7540976], [-84.3938319, 33.7535576]]]}, "properties": {"surface": "", "highway": "pedestrian"}}, {"type": "Feature", "geometry": {"type": "Polygon", "coordinates": [[[-84.3879184, 33.7575459], [-84.3879478, 33.7575252], [-84.3879694, 33.7575101], [-84.3879986, 33.7575096], [-84.3880669, 33.7574606], [-84.3879772, 33.757372], [-84.3879677, 33.7573675], [-84.3879438, 33.7574059], [-84.3878785, 33.757513], [-84.3879184, 33.7575459]]]}, "properties": {"surface": "paving_stones", "highway": "pedestrian"}}, {"type": "Feature", "geometry": {"type": "Polygon", "coordinates": [[[-84.3866096, 33.7630665], [-84.3866811, 33.7630528], [-84.3867438, 33.7630323], [-84.3867793, 33.763016], [-84.3868119, 33.7629966], [-84.3868463, 33.7629683], [-84.3870553, 33.7627051], [-84.3871473, 33.7625894], [-84.3873056, 33.7623901], [-84.3872778, 33.7623541], [-84.3871215, 33.7623511], [-84.3870791, 33.7623501], [-84.3867105, 33.7623476], [-84.3867105, 33.7623661], [-84.3866925, 33.7623606], [-84.386665, 33.7623539], [-84.3866393, 33.7623493], [-84.3866103, 33.7623462], [-84.38661, 33.7623582], [-84.3866098, 33.7623716], [-84.3866095, 33.7623877], [-84.3866089, 33.7624165], [-84.3866084, 33.7624407], [-84.3866078, 33.762468], [-84.3866076, 33.7624759], [-84.3866263, 33.7624762], [-84.3866266, 33.762462], [-84.3867094, 33.7624631], [-84.3867091, 33.7624767], [-84.3867289, 33.762477], [-84.3868295, 33.7624784], [-84.3868277, 33.7625639], [-84.3868274, 33.7625795], [-84.3868534, 33.7625799], [-84.386852, 33.7626463], [-84.3868253, 33.7626459], [-84.386825, 33.7626623], [-84.3868441, 33.7626625], [-84.3868703, 33.7626629], [-84.3868964, 33.7626633], [-84.3869247, 33.7626637], [-84.3869432, 33.762664], [-84.386961, 33.7626643], [-84.3869993, 33.7626648], [-84.3869985, 33.7627043], [-84.3869976, 33.7627471], [-84.3869607, 33.7627466], [-84.3869432, 33.7627463], [-84.3869251, 33.7627461], [-84.3868948, 33.7627457], [-84.3868686, 33.7627452], [-84.3868425, 33.7627449], [-84.3868233, 33.7627446], [-84.386823, 33.7627592], [-84.3868423, 33.7627594], [-84.386841, 33.7628245], [-84.3868217, 33.7628242], [-84.3868213, 33.7628422], [-84.3868197, 33.7629227], [-84.3867201, 33.7629213], [-84.3867001, 33.762921], [-84.3866996, 33.762943], [-84.3866185, 33.7629419], [-84.3866189, 33.7629199], [-84.3865974, 33.7629196], [-84.3865972, 33.7629306], [-84.3865966, 33.7629584], [-84.386596, 33.7629857], [-84.3865955, 33.7630121], [-84.3865952, 33.7630268], [-84.3865949, 33.7630394], [-84.3865944, 33.7630663], [-84.3866096, 33.7630665]]]}, "properties": {"surface": "", "highway": "pedestrian"}}, {"type": "Feature", "geometry": {"type": "Polygon", "coordinates": [[[-84.3883759, 33.7546026], [-84.3881871, 33.7546096], [-84.3881881, 33.754851], [-84.3878606, 33.7548518], [-84.3878603, 33.7548748], [-84.3880001, 33.754874], [-84.3880007, 33.7549431], [-84.3878609, 33.7549438], [-84.387861, 33.7549722], [-84.3879045, 33.7549721], [-84.3879063, 33.7554791], [-84.3876391, 33.7554798], [-84.3876429, 33.7555767], [-84.3878314, 33.7556512], [-84.3883922, 33.7546401], [-84.3883759, 33.7546026]]]}, "properties": {"surface": "", "highway": "pedestrian"}}, {"type": "Feature", "geometry": {"type": "Polygon", "coordinates": [[[-84.3947934, 33.7485141], [-84.394701, 33.7484781], [-84.3945171, 33.7483696], [-84.3944993, 33.7483959], [-84.3944321, 33.7483614], [-84.3944479, 33.7483301], [-84.3943213, 33.7482578], [-84.3943372, 33.7483038], [-84.3942871, 33.7483156], [-84.3942363, 33.7483055], [-84.3942018, 33.7482717], [-84.3941936, 33.7482232], [-84.3942555, 33.748215], [-84.3939443, 33.7481258], [-84.3939468, 33.7481004], [-84.3939072, 33.7480936], [-84.3939072, 33.7480797], [-84.3937876, 33.7480581], [-84.3937146, 33.7481422], [-84.3936318, 33.7482353], [-84.3935866, 33.7482868], [-84.3937335, 33.7483374], [-84.3938059, 33.7482604], [-84.3941748, 33.7484447], [-84.3941475, 33.7484799], [-84.3941711, 33.748488], [-84.3942715, 33.7485317], [-84.3946363, 33.7487145], [-84.394643, 33.748706], [-84.3947227, 33.7486043], [-84.3947934, 33.7485141]]]}, "properties": {"surface": "", "highway": "pedestrian"}}, {"type": "Feature", "geometry": {"type": "Polygon", "coordinates": [[[-84.3924165, 33.762089], [-84.3924195, 33.7619775], [-84.3923971, 33.7619584], [-84.3923815, 33.7619451], [-84.3922495, 33.7619423], [-84.3922484, 33.7619797], [-84.3922479, 33.761996], [-84.3923356, 33.7619978], [-84.3923564, 33.7620153], [-84.3923544, 33.7620879], [-84.3923742, 33.7620882], [-84.3924165, 33.762089]]]}, "properties": {"surface": "paving_stones", "highway": "pedestrian"}}, {"type": "Feature", "geometry": {"type": "Polygon", "coordinates": [[[-84.3947178, 33.7619566], [-84.394691, 33.7619767], [-84.394679, 33.7619857], [-84.3946738, 33.7621441], [-84.3947839, 33.7620672], [-84.3948733, 33.7620047], [-84.3947751, 33.7620049], [-84.3947178, 33.7619566]]]}, "properties": {"surface": "paving_stones", "highway": "pedestrian"}}, {"type": "Feature", "geometry": {"type": "Polygon", "coordinates": [[[-84.3936455, 33.7608201], [-84.3936702, 33.7608406], [-84.393704, 33.7608699], [-84.3937393, 33.7609006], [-84.3937869, 33.7608663], [-84.3938118, 33.7608477], [-84.3938343, 33.7608331], [-84.3938104, 33.7608077], [-84.393793, 33.760791], [-84.393749, 33.7607487], [-84.3936739, 33.7608017], [-84.3936455, 33.7608201]]]}, "properties": {"surface": "paving_stones", "highway": "pedestrian"}}, {"type": "Feature", "geometry": {"type": "Polygon", "coordinates": [[[-84.3927786, 33.7644037], [-84.3928352, 33.7643716], [-84.3929731, 33.7642933], [-84.3929854, 33.7643033], [-84.3930583, 33.764265], [-84.3930468, 33.7642542], [-84.3930098, 33.7641869], [-84.3929215, 33.7642077], [-84.3927833, 33.764112], [-84.392711, 33.7640833], [-84.3926656, 33.764073], [-84.3926442, 33.7641544], [-84.3926413, 33.7642131], [-84.3926789, 33.7643409], [-84.3927007, 33.7643685], [-84.3927786, 33.7644037]]]}, "properties": {"surface": "", "highway": "pedestrian"}}, {"type": "Feature", "geometry": {"type": "Polygon", "coordinates": [[[-84.392399, 33.7647596], [-84.392395, 33.7649896], [-84.3920754, 33.7649858], [-84.3920536, 33.7650935], [-84.3925029, 33.7650913], [-84.3925038, 33.7652115], [-84.3925399, 33.7652114], [-84.3925715, 33.7652112], [-84.3925693, 33.7649138], [-84.3926558, 33.7649134], [-84.3926555, 33.7648661], [-84.392531, 33.7648668], [-84.3925302, 33.7647521], [-84.392399, 33.7647596]]]}, "properties": {"surface": "", "highway": "pedestrian"}}, {"type": "Feature", "geometry": {"type": "Polygon", "coordinates": [[[-84.3868441, 33.7533816], [-84.3868765, 33.753351], [-84.3868162, 33.7533069], [-84.3871867, 33.7529568], [-84.3871209, 33.7529115], [-84.3871075, 33.7529248], [-84.3870355, 33.7528704], [-84.3870052, 33.752849], [-84.3869772, 33.7528293], [-84.3869316, 33.7527956], [-84.3866001, 33.7531039], [-84.3865499, 33.7530677], [-84.3864898, 33.7531296], [-84.3865378, 33.7531637], [-84.3865772, 33.7531918], [-84.3867049, 33.7532826], [-84.3867589, 33.753321], [-84.3868441, 33.7533816]]]}, "properties": {"surface": "", "highway": "pedestrian"}}, {"type": "Feature", "geometry": {"type": "Polygon", "coordinates": [[[-84.3861682, 33.7529454], [-84.3861352, 33.7529923], [-84.3862005, 33.7530612], [-84.3862118, 33.7530731], [-84.3862404, 33.7530225], [-84.3863438, 33.753064], [-84.3863728, 33.753023], [-84.3861682, 33.7529454]]]}, "properties": {"surface": "", "highway": "pedestrian"}}, {"type": "Feature", "geometry": {"type": "Polygon", "coordinates": [[[-84.3891728, 33.7545834], [-84.3891722, 33.7546379], [-84.3891838, 33.754669], [-84.3892094, 33.7547029], [-84.3892379, 33.7547366], [-84.3892642, 33.7547618], [-84.3892903, 33.7547804], [-84.389202, 33.7548909], [-84.3891826, 33.7549124], [-84.3891706, 33.7549257], [-84.3891363, 33.7549743], [-84.3889693, 33.7552388], [-84.3886666, 33.7557165], [-84.3886478, 33.7557531], [-84.3886318, 33.755783], [-84.3885651, 33.7559528], [-84.3885857, 33.7559428], [-84.3886053, 33.7559295], [-84.3886205, 33.7559122], [-84.388632, 33.755895], [-84.3886656, 33.7558436], [-84.3887131, 33.7557611], [-84.3887973, 33.7556151], [-84.389015, 33.7552377], [-84.389064, 33.7551704], [-84.3891723, 33.7550152], [-84.3892082, 33.7549641], [-84.3893383, 33.7547933], [-84.3893813, 33.7547341], [-84.3894947, 33.7545761], [-84.3891738, 33.7545594], [-84.3891728, 33.7545834]]]}, "properties": {"surface": "", "highway": "pedestrian"}}, {"type": "Feature", "geometry": {"type": "Polygon", "coordinates": [[[-84.3861352, 33.7529923], [-84.3860967, 33.7530694], [-84.3860894, 33.7530841], [-84.3861785, 33.7531257], [-84.3862118, 33.7530731], [-84.3862005, 33.7530612], [-84.3861352, 33.7529923]]]}, "properties": {"surface": "", "highway": "pedestrian"}}, {"type": "Feature", "geometry": {"type": "Polygon", "coordinates": [[[-84.3935597, 33.7598536], [-84.3935982, 33.7598229], [-84.3936631, 33.7597709], [-84.3937037, 33.7597385], [-84.3936863, 33.7597235], [-84.3935991, 33.759648], [-84.3935685, 33.7596216], [-84.3934238, 33.759736], [-84.3935597, 33.7598536]]]}, "properties": {"surface": "concrete", "highway": "pedestrian"}}, {"type": "Feature", "geometry": {"type": "Polygon", "coordinates": [[[-84.3887217, 33.7565611], [-84.3885784, 33.7564287], [-84.3885277, 33.7564472], [-84.3885089, 33.7564579], [-84.3882598, 33.7568688], [-84.3882737, 33.7568812], [-84.3887217, 33.7565611]]]}, "properties": {"surface": "", "highway": "pedestrian"}}, {"type": "Feature", "geometry": {"type": "Polygon", "coordinates": [[[-84.3866165, 33.7534446], [-84.3867178, 33.7533615], [-84.3867589, 33.753321], [-84.3867049, 33.7532826], [-84.3866866, 33.7533008], [-84.3866707, 33.7533165], [-84.3866059, 33.7532724], [-84.3864936, 33.7533708], [-84.3865741, 33.753456], [-84.3866165, 33.7534446]]]}, "properties": {"surface": "", "highway": "pedestrian"}}, {"type": "Feature", "geometry": {"type": "Polygon", "coordinates": [[[-84.402213, 33.7623319], [-84.4022167, 33.7622609], [-84.4023145, 33.7602921], [-84.402347, 33.7602631], [-84.4024066, 33.7602657], [-84.4024072, 33.760244], [-84.4024102, 33.7601376], [-84.4024073, 33.7599336], [-84.4023034, 33.7599292], [-84.4021695, 33.7599233], [-84.4021548, 33.7601814], [-84.4021021, 33.7610097], [-84.4021292, 33.7617249], [-84.4020511, 33.7622437], [-84.4019041, 33.7622381], [-84.4018896, 33.7622404], [-84.4018775, 33.7623379], [-84.4021907, 33.7623342], [-84.402213, 33.7623319]]]}, "properties": {"surface": "", "highway": "pedestrian"}}, {"type": "Feature", "geometry": {"type": "Polygon", "coordinates": [[[-84.3916537, 33.7513475], [-84.3917074, 33.75128], [-84.3917548, 33.7512205], [-84.391763, 33.7512102], [-84.3918134, 33.7511468], [-84.3918706, 33.7510749], [-84.3918469, 33.7510609], [-84.3918254, 33.751079], [-84.3917986, 33.7510914], [-84.3917686, 33.751097], [-84.391738, 33.7510954], [-84.3917092, 33.7510866], [-84.3916817, 33.7510692], [-84.3916623, 33.7510454], [-84.391653, 33.7510178], [-84.3916546, 33.7509891], [-84.391667, 33.7509623], [-84.3916559, 33.7509565], [-84.3916482, 33.750967], [-84.3915898, 33.7509348], [-84.3915563, 33.7509783], [-84.3915999, 33.7510021], [-84.3914261, 33.7512219], [-84.3914937, 33.7512592], [-84.391589, 33.7513116], [-84.3916537, 33.7513475]]]}, "properties": {"surface": "concrete", "highway": "pedestrian"}}, {"type": "Feature", "geometry": {"type": "Polygon", "coordinates": [[[-84.3921703, 33.7509322], [-84.3921822, 33.7509172], [-84.3921936, 33.7509029], [-84.3922483, 33.7508342], [-84.3921671, 33.7507895], [-84.3921492, 33.7507797], [-84.3921321, 33.7507703], [-84.3920368, 33.7508901], [-84.3920693, 33.750908], [-84.3920867, 33.7508862], [-84.3920926, 33.7508895], [-84.3921703, 33.7509322]]]}, "properties": {"surface": "concrete", "highway": "pedestrian"}}, {"type": "Feature", "geometry": {"type": "Polygon", "coordinates": [[[-84.3925397, 33.7512981], [-84.3924352, 33.7512408], [-84.392525, 33.7511275], [-84.3924501, 33.7510865], [-84.3923767, 33.7510462], [-84.3923208, 33.7511167], [-84.3923738, 33.7511457], [-84.3923563, 33.7511679], [-84.3923391, 33.7511895], [-84.3923241, 33.7511813], [-84.39231, 33.7511991], [-84.392355, 33.7512238], [-84.3923615, 33.7512273], [-84.3924363, 33.7512683], [-84.3924462, 33.7512737], [-84.3925181, 33.7513132], [-84.3925248, 33.7513168], [-84.3925397, 33.7512981]]]}, "properties": {"surface": "concrete", "highway": "pedestrian"}}, {"type": "Feature", "geometry": {"type": "Polygon", "coordinates": [[[-84.3874572, 33.7630344], [-84.3874609, 33.762798], [-84.3873342, 33.7627966], [-84.3873327, 33.7628307], [-84.3873182, 33.7628306], [-84.3873172, 33.7629324], [-84.3872885, 33.7629335], [-84.3872644, 33.7629391], [-84.387245, 33.7629491], [-84.3872309, 33.7629608], [-84.3872255, 33.7629786], [-84.3872255, 33.7629993], [-84.3872376, 33.7630146], [-84.3872584, 33.7630263], [-84.3872926, 33.7630332], [-84.3873476, 33.7630336], [-84.3874311, 33.7630342], [-84.3874572, 33.7630344]]]}, "properties": {"surface": "paving_stones", "highway": "pedestrian"}}, {"type": "Feature", "geometry": {"type": "Polygon", "coordinates": [[[-84.389613, 33.7647966], [-84.3895489, 33.7647959], [-84.3894846, 33.7647952], [-84.3893589, 33.7647938], [-84.3893474, 33.7647937], [-84.3893462, 33.7648724], [-84.3894262, 33.7648733], [-84.3894256, 33.764912], [-84.389425, 33.764949], [-84.389345, 33.7649481], [-84.389344, 33.7650061], [-84.3893781, 33.7650065], [-84.3894336, 33.7650071], [-84.3896707, 33.7650097], [-84.3897498, 33.7650105], [-84.389751, 33.7649352], [-84.3896965, 33.7649346], [-84.389697, 33.7649067], [-84.3896974, 33.7648788], [-84.3897519, 33.7648794], [-84.3897532, 33.7647981], [-84.389613, 33.7647966]]]}, "properties": {"surface": "paving_stones", "highway": "pedestrian"}}, {"type": "Feature", "geometry": {"type": "Polygon", "coordinates": [[[-84.3865246, 33.77092], [-84.3865711, 33.7709065], [-84.3866394, 33.7708986], [-84.3867152, 33.7708952], [-84.3867373, 33.7708942], [-84.3868326, 33.7708998], [-84.3869385, 33.7709143], [-84.3870646, 33.770946], [-84.3871571, 33.7709884], [-84.3872094, 33.7710319], [-84.3872515, 33.7710776], [-84.3872497, 33.7708769], [-84.3872498, 33.7708087], [-84.3865404, 33.7708041], [-84.3865404, 33.7707976], [-84.3864295, 33.7707972], [-84.3864253, 33.7708735], [-84.386424, 33.7709399], [-84.3862311, 33.7710944], [-84.3861273, 33.7710933], [-84.3860261, 33.7710922], [-84.3858581, 33.7709481], [-84.3858575, 33.770865], [-84.385856, 33.7707848], [-84.3860474, 33.7706303], [-84.3860465, 33.7705865], [-84.3852012, 33.7705881], [-84.3851933, 33.7706902], [-84.38518, 33.7708632], [-84.3851622, 33.7710937], [-84.385242, 33.7711683], [-84.3852654, 33.7711685], [-84.3856794, 33.7711723], [-84.3858032, 33.7711734], [-84.3858499, 33.7711319], [-84.3859065, 33.7711313], [-84.3859236, 33.7711175], [-84.38599, 33.7711179], [-84.38599, 33.7711306], [-84.38599, 33.771143], [-84.3861293, 33.7711446], [-84.3862897, 33.7711461], [-84.3862897, 33.7711325], [-84.3862897, 33.7711175], [-84.3863673, 33.7711177], [-84.3863672, 33.771147], [-84.3864107, 33.7711474], [-84.3864121, 33.7710129], [-84.3864956, 33.7709414], [-84.3865243, 33.7709412], [-84.3865246, 33.77092]]]}, "properties": {"surface": "concrete", "highway": "pedestrian"}}, {"type": "Feature", "geometry": {"type": "Polygon", "coordinates": [[[-84.3927577, 33.7619677], [-84.3927389, 33.7619531], [-84.3927154, 33.7619441], [-84.3926898, 33.7619418], [-84.3926633, 33.7619469], [-84.3926403, 33.7619589], [-84.3926235, 33.7619767], [-84.3926148, 33.761998], [-84.3926149, 33.7620072], [-84.3926151, 33.7620206], [-84.3926245, 33.7620418], [-84.3926418, 33.7620592], [-84.3926651, 33.7620708], [-84.3926917, 33.7620753], [-84.3927173, 33.7620725], [-84.3927405, 33.7620631], [-84.3927589, 33.7620481], [-84.3927706, 33.762029], [-84.3927737, 33.7620119], [-84.39277, 33.7619866], [-84.3927577, 33.7619677]]]}, "properties": {"surface": "paving_stones", "highway": "pedestrian"}}, {"type": "Feature", "geometry": {"type": "Polygon", "coordinates": [[[-84.3985969, 33.7570697], [-84.3985932, 33.7570589], [-84.3985867, 33.7570513], [-84.3985778, 33.7570457], [-84.3985672, 33.7570425], [-84.398556, 33.7570421], [-84.398544, 33.7570448], [-84.3985338, 33.7570508], [-84.3985265, 33.7570592], [-84.398523, 33.7570691], [-84.3985132, 33.757069], [-84.3985116, 33.7571793], [-84.3985108, 33.7572395], [-84.3986464, 33.7572408], [-84.3987156, 33.7572415], [-84.3987164, 33.7571813], [-84.3987179, 33.7570709], [-84.3986489, 33.7570702], [-84.3985969, 33.7570697]]]}, "properties": {"surface": "", "highway": "pedestrian"}}, {"type": "Feature", "geometry": {"type": "Polygon", "coordinates": [[[-84.3878887, 33.7705512], [-84.3878886, 33.7706305], [-84.3880069, 33.7706314], [-84.3881246, 33.7706323], [-84.3881205, 33.7709961], [-84.3878894, 33.7709943], [-84.3878907, 33.7710634], [-84.3879028, 33.7710635], [-84.3880336, 33.7710642], [-84.3881431, 33.7710649], [-84.3881427, 33.7711148], [-84.3881989, 33.7711149], [-84.3882045, 33.7704931], [-84.3881848, 33.770493], [-84.38809, 33.7704924], [-84.3880895, 33.7705524], [-84.3878887, 33.7705512]]]}, "properties": {"surface": "", "highway": "pedestrian"}}, {"type": "Feature", "geometry": {"type": "Polygon", "coordinates": [[[-84.3861228, 33.7678172], [-84.3860598, 33.7678175], [-84.3860443, 33.7678176], [-84.3860454, 33.7679684], [-84.3860825, 33.7679682], [-84.386113, 33.7679681], [-84.3861238, 33.767968], [-84.3861237, 33.7679538], [-84.3861228, 33.7678172]]]}, "properties": {"surface": "", "highway": "pedestrian"}}, {"type": "Feature", "geometry": {"type": "Polygon", "coordinates": [[[-84.385589, 33.7685825], [-84.3856387, 33.7685819], [-84.3857451, 33.7685807], [-84.3857436, 33.7684823], [-84.3857421, 33.7684021], [-84.3857419, 33.7683901], [-84.3857167, 33.7683904], [-84.3856966, 33.7683906], [-84.3855858, 33.7683919], [-84.385587, 33.7684658], [-84.3855879, 33.7685151], [-84.385589, 33.7685825]]]}, "properties": {"surface": "", "highway": "pedestrian"}}, {"type": "Feature", "geometry": {"type": "Polygon", "coordinates": [[[-84.362527, 33.768514], [-84.3624854, 33.7684508], [-84.3623413, 33.768532], [-84.3624046, 33.7685947], [-84.3625138, 33.7687048], [-84.362697, 33.7685983], [-84.362646, 33.7685309], [-84.3625972, 33.7685577], [-84.362567, 33.7685743], [-84.362527, 33.768514]]]}, "properties": {"surface": "", "highway": "pedestrian"}}, {"type": "Feature", "geometry": {"type": "Polygon", "coordinates": [[[-84.3865036, 33.7623471], [-84.3864917, 33.7623475], [-84.3864716, 33.7623492], [-84.3864447, 33.7623539], [-84.386427, 33.7623584], [-84.3864064, 33.7623653], [-84.3864058, 33.7623448], [-84.3861412, 33.7623426], [-84.3861338, 33.7625636], [-84.3861579, 33.7625642], [-84.3861433, 33.7625868], [-84.3861365, 33.762602], [-84.3861316, 33.7626181], [-84.3861289, 33.7626341], [-84.3861282, 33.7626513], [-84.3861479, 33.7626517], [-84.386163, 33.7626519], [-84.3861818, 33.7626521], [-84.3862131, 33.7626526], [-84.3862421, 33.762653], [-84.386271, 33.7626534], [-84.3862817, 33.7626535], [-84.3862821, 33.7626346], [-84.3862577, 33.7626343], [-84.386259, 33.7625716], [-84.3862837, 33.7625719], [-84.3862841, 33.7625547], [-84.3862858, 33.7624717], [-84.3863909, 33.7624732], [-84.3864127, 33.7624735], [-84.3864131, 33.7624571], [-84.386491, 33.7624583], [-84.3864906, 33.7624743], [-84.386509, 33.7624745], [-84.3865092, 33.7624666], [-84.3865097, 33.7624393], [-84.3865102, 33.7624152], [-84.3865107, 33.7623875], [-84.3865111, 33.7623713], [-84.3865114, 33.7623565], [-84.3865115, 33.7623471], [-84.3865036, 33.7623471]]]}, "properties": {"surface": "", "highway": "pedestrian"}}, {"type": "Feature", "geometry": {"type": "Polygon", "coordinates": [[[-84.3865944, 33.7630663], [-84.3865465, 33.7630655], [-84.3864957, 33.7630649], [-84.3864946, 33.7631533], [-84.3864755, 33.7631531], [-84.386427, 33.7631527], [-84.3864268, 33.7631115], [-84.3864758, 33.7631119], [-84.3864764, 33.7630609], [-84.3864597, 33.7630574], [-84.3864433, 33.7630533], [-84.3864165, 33.7630464], [-84.3863933, 33.7630374], [-84.3863937, 33.7630535], [-84.3861247, 33.7630508], [-84.386124, 33.7631216], [-84.386123, 33.7632328], [-84.3861225, 33.7632919], [-84.3861437, 33.7632924], [-84.38647, 33.7632956], [-84.386471, 33.7632201], [-84.3864269, 33.7632197], [-84.3864274, 33.76318], [-84.3864715, 33.7631805], [-84.3864925, 33.7631807], [-84.3864889, 33.7634009], [-84.3865436, 33.7633408], [-84.3866125, 33.7632652], [-84.386606, 33.7632616], [-84.3866096, 33.7630665], [-84.3865944, 33.7630663]]]}, "properties": {"surface": "", "highway": "pedestrian"}}, {"type": "Feature", "geometry": {"type": "Polygon", "coordinates": [[[-84.386129, 33.7627335], [-84.3861247, 33.7630508], [-84.3863937, 33.7630535], [-84.3863933, 33.7630374], [-84.3864165, 33.7630464], [-84.3864433, 33.7630533], [-84.3864597, 33.7630574], [-84.3864764, 33.7630609], [-84.3864957, 33.7630649], [-84.3864966, 33.7630388], [-84.3864969, 33.7630257], [-84.3864972, 33.7630113], [-84.3864977, 33.7629843], [-84.3864983, 33.762957], [-84.3864989, 33.7629292], [-84.3864992, 33.7629182], [-84.3864763, 33.7629179], [-84.3864759, 33.7629382], [-84.3864033, 33.7629372], [-84.3864037, 33.7629172], [-84.3863815, 33.7629169], [-84.3862759, 33.7629154], [-84.3862775, 33.7628353], [-84.3862778, 33.7628167], [-84.3862509, 33.7628163], [-84.3862522, 33.7627536], [-84.3862796, 33.762754], [-84.38628, 33.7627356], [-84.3862693, 33.7627355], [-84.3862404, 33.7627351], [-84.3862115, 33.7627347], [-84.3861805, 33.7627342], [-84.386163, 33.762734], [-84.3861446, 33.7627337], [-84.386129, 33.7627335]]]}, "properties": {"surface": "", "highway": "pedestrian"}}, {"type": "Feature", "geometry": {"type": "Polygon", "coordinates": [[[-84.3878907, 33.7710634], [-84.3878894, 33.7709943], [-84.3876929, 33.7709928], [-84.387696, 33.7707186], [-84.387697, 33.770629], [-84.3878886, 33.7706305], [-84.3878887, 33.7705512], [-84.387728, 33.7705503], [-84.3877286, 33.7704889], [-84.3876123, 33.7704883], [-84.3876074, 33.7710617], [-84.3876385, 33.7710619], [-84.3877712, 33.7710627], [-84.3878907, 33.7710634]]]}, "properties": {"surface": "", "highway": "pedestrian"}}, {"type": "Feature", "geometry": {"type": "LineString", "coordinates": [[-84.3890975, 33.7519541], [-84.3900307, 33.7524723], [-84.3901106, 33.7525167], [-84.3901787, 33.7525545], [-84.3905327, 33.7527511], [-84.3910469, 33.7530366], [-84.3911984, 33.7531207]]}, "properties": {"surface": "", "highway": "pedestrian"}}, {"type": "Feature", "geometry": {"type": "LineString", "coordinates": [[-84.3980656, 33.7482269], [-84.3980072, 33.7480463], [-84.3979765, 33.747845], [-84.3979519, 33.74763], [-84.3979275, 33.7473772], [-84.3979165, 33.7470641], [-84.3979093, 33.7467053]]}, "properties": {"surface": "asphalt", "highway": "tertiary"}}, {"type": "Feature", "geometry": {"type": "LineString", "coordinates": [[-84.386547, 33.7544998], [-84.3865327, 33.754469], [-84.386505, 33.7544216]]}, "properties": {"surface": "asphalt", "highway": "residential"}}, {"type": "Feature", "geometry": {"type": "LineString", "coordinates": [[-84.3889418, 33.7556694], [-84.3889628, 33.7556877], [-84.389026, 33.7557477], [-84.3890919, 33.7558112], [-84.3891208, 33.7558394]]}, "properties": {"surface": "", "highway": "pedestrian"}}, {"type": "Feature", "geometry": {"type": "LineString", "coordinates": [[-84.3602034, 33.7642283], [-84.362171, 33.7634808]]}, "properties": {"surface": "asphalt", "highway": "trunk"}}, {"type": "Feature", "geometry": {"type": "LineString", "coordinates": [[-84.365621, 33.757572], [-84.3655662, 33.7575717], [-84.3654465, 33.7575689], [-84.3651849, 33.7575642], [-84.365038, 33.7575616], [-84.3648923, 33.7575617]]}, "properties": {"surface": "asphalt", "highway": "residential"}}, {"type": "Feature", "geometry": {"type": "LineString", "coordinates": [[-84.3654071, 33.76164], [-84.3654592, 33.7615769], [-84.3654878, 33.7615345], [-84.3655014, 33.7614839], [-84.3655004, 33.7613886], [-84.3654994, 33.7613761]]}, "properties": {"surface": "", "highway": "footway"}}, {"type": "Feature", "geometry": {"type": "LineString", "coordinates": [[-84.3698788, 33.7593591], [-84.3698786, 33.7593746], [-84.3698767, 33.759431], [-84.3698817, 33.7596385], [-84.3698837, 33.7597035], [-84.3698687, 33.7597622], [-84.3698448, 33.759808], [-84.3697965, 33.7598726], [-84.3697546, 33.7599094], [-84.3696972, 33.7599429]]}, "properties": {"surface": "", "highway": "path"}}, {"type": "Feature", "geometry": {"type": "LineString", "coordinates": [[-84.3698837, 33.7597035], [-84.369911, 33.7597494], [-84.3699552, 33.7597898], [-84.3700419, 33.7598637], [-84.3701277, 33.759915]]}, "properties": {"surface": "", "highway": "path"}}, {"type": "Feature", "geometry": {"type": "LineString", "coordinates": [[-84.3937718, 33.7551067], [-84.39376, 33.755141], [-84.3935551, 33.755759], [-84.3935117, 33.7558899], [-84.3933117, 33.7564802], [-84.3932759, 33.7565508], [-84.3932325, 33.7566071], [-84.3931627, 33.7566682], [-84.3930959, 33.7567142]]}, "properties": {"surface": "concrete", "highway": "tertiary"}}, {"type": "Feature", "geometry": {"type": "LineString", "coordinates": [[-84.3906471, 33.761315], [-84.3904577, 33.7613105]]}, "properties": {"surface": "", "highway": "pedestrian"}}, {"type": "Feature", "geometry": {"type": "LineString", "coordinates": [[-84.392016, 33.7689105], [-84.3919948, 33.7688435], [-84.3919842, 33.7688235], [-84.3919414, 33.7687221], [-84.3918198, 33.7683721], [-84.3918184, 33.7683653], [-84.3918037, 33.7682963], [-84.3917949, 33.7682087], [-84.3917917, 33.7681768], [-84.3917938, 33.7680269], [-84.3917944, 33.7678798]]}, "properties": {"surface": "", "highway": "footway"}}, {"type": "Feature", "geometry": {"type": "LineString", "coordinates": [[-84.3919842, 33.7688235], [-84.3918376, 33.7688298], [-84.3917525, 33.7688737]]}, "properties": {"surface": "", "highway": "footway"}}, {"type": "Feature", "geometry": {"type": "LineString", "coordinates": [[-84.3769798, 33.7598792], [-84.3767617, 33.7599341], [-84.3766373, 33.7599626], [-84.3765024, 33.7599889], [-84.3763571, 33.760013], [-84.3761922, 33.7600343], [-84.3760484, 33.7600468]]}, "properties": {"surface": "", "highway": "trunk"}}, {"type": "Feature", "geometry": {"type": "LineString", "coordinates": [[-84.3797197, 33.7587743], [-84.3794596, 33.7588613], [-84.3785616, 33.7592677]]}, "properties": {"surface": "", "highway": "secondary"}}, {"type": "Feature", "geometry": {"type": "LineString", "coordinates": [[-84.3953665, 33.7644801], [-84.3945884, 33.7644732], [-84.3936622, 33.7644821]]}, "properties": {"surface": "concrete", "highway": "footway"}}, {"type": "Feature", "geometry": {"type": "LineString", "coordinates": [[-84.3934437, 33.7644651], [-84.3934443, 33.7644471], [-84.3934441, 33.7644325], [-84.3934439, 33.7643694], [-84.3934516, 33.7642863], [-84.3934714, 33.764227], [-84.3935012, 33.7641755], [-84.3935274, 33.7641389], [-84.3935592, 33.7641164], [-84.3935932, 33.7640891]]}, "properties": {"surface": "concrete", "highway": "footway"}}, {"type": "Feature", "geometry": {"type": "LineString", "coordinates": [[-84.3922176, 33.7633627], [-84.3923419, 33.7633657]]}, "properties": {"surface": "paved", "highway": "footway"}}, {"type": "Feature", "geometry": {"type": "LineString", "coordinates": [[-84.3921277, 33.7632519], [-84.3921533, 33.7632546], [-84.3921844, 33.76327], [-84.3922082, 33.7632997], [-84.3922169, 33.7633316], [-84.3922176, 33.7633627], [-84.3922115, 33.763387], [-84.3921999, 33.7634097], [-84.3921802, 33.7634257], [-84.3921525, 33.7634334], [-84.3921237, 33.7634289]]}, "properties": {"surface": "paved", "highway": "footway"}}, {"type": "Feature", "geometry": {"type": "LineString", "coordinates": [[-84.3648524, 33.7710053], [-84.3648236, 33.7710059], [-84.3641079, 33.7710202], [-84.3635284, 33.7710318], [-84.3623712, 33.7710378]]}, "properties": {"surface": "", "highway": "footway"}}, {"type": "Feature", "geometry": {"type": "LineString", "coordinates": [[-84.3980196, 33.7567269], [-84.3977515, 33.7567131], [-84.3977021, 33.7567197], [-84.397651, 33.7567331], [-84.3975937, 33.7567567], [-84.3975377, 33.7567664], [-84.3974887, 33.7567659], [-84.3974502, 33.756762]]}, "properties": {"surface": "", "highway": "pedestrian"}}, {"type": "Feature", "geometry": {"type": "LineString", "coordinates": [[-84.3981769, 33.7567884], [-84.3981675, 33.7568743], [-84.3981522, 33.7571762], [-84.3981493, 33.75748], [-84.3981464, 33.7577805]]}, "properties": {"surface": "", "highway": "pedestrian"}}, {"type": "Feature", "geometry": {"type": "LineString", "coordinates": [[-84.3956475, 33.7580527], [-84.395898, 33.7579827], [-84.3962993, 33.7579193], [-84.3965944, 33.7578915], [-84.3969828, 33.7578859], [-84.3971757, 33.7578883], [-84.3972154, 33.7578842]]}, "properties": {"surface": "concrete", "highway": "footway"}}, {"type": "Feature", "geometry": {"type": "LineString", "coordinates": [[-84.3977228, 33.7522968], [-84.3965139, 33.7518756]]}, "properties": {"surface": "concrete", "highway": "pedestrian"}}, {"type": "Feature", "geometry": {"type": "LineString", "coordinates": [[-84.3925335, 33.7634306], [-84.3925856, 33.7634613]]}, "properties": {"surface": "paved", "highway": "footway"}}, {"type": "Feature", "geometry": {"type": "LineString", "coordinates": [[-84.3924572, 33.763398], [-84.3925027, 33.7634305]]}, "properties": {"surface": "paved", "highway": "footway"}}, {"type": "Feature", "geometry": {"type": "LineString", "coordinates": [[-84.3923697, 33.7633664], [-84.392425, 33.763398]]}, "properties": {"surface": "paved", "highway": "footway"}}, {"type": "Feature", "geometry": {"type": "LineString", "coordinates": [[-84.3935932, 33.7640891], [-84.3936189, 33.7640663], [-84.3936377, 33.7640348], [-84.3936438, 33.7639935], [-84.393643, 33.7639356], [-84.3936321, 33.7638796], [-84.3936106, 33.7638407], [-84.3935384, 33.7637327]]}, "properties": {"surface": "concrete", "highway": "footway"}}, {"type": "Feature", "geometry": {"type": "LineString", "coordinates": [[-84.3885777, 33.7563102], [-84.388609, 33.7562869], [-84.3886931, 33.7562316], [-84.3891662, 33.7558837]]}, "properties": {"surface": "wood", "highway": "pedestrian"}}, {"type": "Feature", "geometry": {"type": "LineString", "coordinates": [[-84.3897402, 33.750862], [-84.389629, 33.7508744], [-84.3893494, 33.7512305], [-84.3891836, 33.7514373], [-84.3891583, 33.7514688], [-84.3889742, 33.7516984], [-84.3889197, 33.7517675], [-84.3888652, 33.7518367]]}, "properties": {"surface": "concrete", "highway": "pedestrian"}}, {"type": "Feature", "geometry": {"type": "LineString", "coordinates": [[-84.3884186, 33.7526724], [-84.3887301, 33.752884], [-84.3888136, 33.7529407], [-84.3893578, 33.7533336]]}, "properties": {"surface": "", "highway": "footway"}}, {"type": "Feature", "geometry": {"type": "LineString", "coordinates": [[-84.3878048, 33.7531252], [-84.3880045, 33.753049], [-84.3881466, 33.7529329]]}, "properties": {"surface": "concrete", "highway": "footway"}}, {"type": "Feature", "geometry": {"type": "LineString", "coordinates": [[-84.3885958, 33.7556084], [-84.388614, 33.7556667], [-84.3886066, 33.7556965], [-84.3885972, 33.7557142], [-84.3885719, 33.7557603]]}, "properties": {"surface": "", "highway": "pedestrian"}}, {"type": "Feature", "geometry": {"type": "LineString", "coordinates": [[-84.3912574, 33.7530633], [-84.3902276, 33.7524953]]}, "properties": {"surface": "concrete", "highway": "footway"}}, {"type": "Feature", "geometry": {"type": "LineString", "coordinates": [[-84.3860599, 33.7487357], [-84.3859321, 33.7489004], [-84.3859025, 33.7488994]]}, "properties": {"surface": "", "highway": "footway"}}, {"type": "Feature", "geometry": {"type": "LineString", "coordinates": [[-84.3859143, 33.7679938], [-84.3859141, 33.767985], [-84.3859097, 33.7677701], [-84.3859065, 33.7676175], [-84.3858876, 33.7676177], [-84.3858867, 33.7675873]]}, "properties": {"surface": "concrete", "highway": "footway"}}, {"type": "Feature", "geometry": {"type": "LineString", "coordinates": [[-84.3842739, 33.7645538], [-84.3842838, 33.7644678], [-84.3843746, 33.7644762]]}, "properties": {"surface": "", "highway": "footway"}}, {"type": "Feature", "geometry": {"type": "LineString", "coordinates": [[-84.3890941, 33.751408], [-84.3891057, 33.751395], [-84.3891233, 33.7513752], [-84.3891374, 33.7513362], [-84.3891349, 33.7512956], [-84.3891161, 33.751258], [-84.3890831, 33.7512279], [-84.3890683, 33.7512211], [-84.3890433, 33.7512098], [-84.3889987, 33.751203], [-84.3889537, 33.7512081], [-84.388913, 33.7512247], [-84.3888805, 33.751251], [-84.3888596, 33.7512845], [-84.3888524, 33.7513218], [-84.3888596, 33.751359], [-84.3888804, 33.7513925], [-84.3889128, 33.7514189], [-84.3889571, 33.7514364], [-84.3890058, 33.7514405], [-84.3890534, 33.7514306], [-84.3890941, 33.751408]]}, "properties": {"surface": "", "highway": "pedestrian"}}, {"type": "Feature", "geometry": {"type": "LineString", "coordinates": [[-84.3890683, 33.7512211], [-84.389456, 33.7507332]]}, "properties": {"surface": "", "highway": "pedestrian"}}, {"type": "Feature", "geometry": {"type": "LineString", "coordinates": [[-84.3865551, 33.7708741], [-84.3862558, 33.7711115], [-84.3861273, 33.7711104], [-84.386023, 33.7711095], [-84.385799, 33.7709274], [-84.3857207, 33.7708637], [-84.3856302, 33.7708636], [-84.38518, 33.7708632], [-84.3851651, 33.7708632]]}, "properties": {"surface": "concrete", "highway": "footway"}}, {"type": "Feature", "geometry": {"type": "LineString", "coordinates": [[-84.3851387, 33.7711826], [-84.3851651, 33.7708632], [-84.3851789, 33.77069], [-84.3852471, 33.7698826], [-84.3852619, 33.7698823], [-84.3860567, 33.7698811], [-84.3861413, 33.769881], [-84.3862232, 33.7698801], [-84.3867176, 33.7698772], [-84.3868036, 33.7698469], [-84.3873251, 33.7698366], [-84.387333, 33.7698444], [-84.3873357, 33.7698557]]}, "properties": {"surface": "concrete", "highway": "footway"}}, {"type": "Feature", "geometry": {"type": "LineString", "coordinates": [[-84.3647612, 33.7674081], [-84.3648145, 33.7673989], [-84.3649213, 33.7673856], [-84.3650227, 33.7673937], [-84.3650672, 33.7673959], [-84.3653957, 33.7673618]]}, "properties": {"surface": "", "highway": "footway"}}, {"type": "Feature", "geometry": {"type": "LineString", "coordinates": [[-84.3654738, 33.7673549], [-84.3655298, 33.76735], [-84.3656829, 33.7673368], [-84.3657603, 33.7673464], [-84.3658439, 33.7673434], [-84.3660521, 33.7673271], [-84.3661982, 33.7673132], [-84.3662335, 33.7673097]]}, "properties": {"surface": "concrete", "highway": "footway"}}, {"type": "Feature", "geometry": {"type": "LineString", "coordinates": [[-84.3663297, 33.7673005], [-84.3663751, 33.7672961], [-84.3667995, 33.7672547], [-84.3672043, 33.7672103], [-84.3676403, 33.7671777], [-84.3676545, 33.7673456]]}, "properties": {"surface": "", "highway": "footway"}}, {"type": "Feature", "geometry": {"type": "LineString", "coordinates": [[-84.3676545, 33.7673456], [-84.36765, 33.7675934], [-84.3676687, 33.7678937], [-84.367667, 33.7680779], [-84.3675922, 33.7681008]]}, "properties": {"surface": "concrete", "highway": "footway"}}, {"type": "Feature", "geometry": {"type": "LineString", "coordinates": [[-84.3676162, 33.7681799], [-84.3676305, 33.7682199], [-84.3676865, 33.7682258]]}, "properties": {"surface": "concrete", "highway": "footway"}}, {"type": "Feature", "geometry": {"type": "LineString", "coordinates": [[-84.3675922, 33.7681008], [-84.3672354, 33.7681725], [-84.3669329, 33.7682206], [-84.3668457, 33.768211], [-84.3664996, 33.7682879], [-84.3663858, 33.7683079], [-84.3663884, 33.76835]]}, "properties": {"surface": "", "highway": "footway"}}, {"type": "Feature", "geometry": {"type": "LineString", "coordinates": [[-84.3663858, 33.7683079], [-84.3663431, 33.7683153]]}, "properties": {"surface": "concrete", "highway": "footway"}}, {"type": "Feature", "geometry": {"type": "LineString", "coordinates": [[-84.3663858, 33.7683079], [-84.3663697, 33.7680845], [-84.3663724, 33.7679928], [-84.3663733, 33.7677887], [-84.3663751, 33.767745], [-84.3663395, 33.767745]]}, "properties": {"surface": "concrete", "highway": "footway"}}, {"type": "Feature", "geometry": {"type": "LineString", "coordinates": [[-84.3663751, 33.767745], [-84.3663742, 33.7674647], [-84.3663751, 33.7672961], [-84.366376, 33.767265]]}, "properties": {"surface": "concrete", "highway": "footway"}}, {"type": "Feature", "geometry": {"type": "LineString", "coordinates": [[-84.3661982, 33.7673132], [-84.3661971, 33.7672857]]}, "properties": {"surface": "concrete", "highway": "footway"}}, {"type": "Feature", "geometry": {"type": "LineString", "coordinates": [[-84.3661982, 33.7673132], [-84.366198, 33.7675416], [-84.3661989, 33.7677421], [-84.3662421, 33.7677438]]}, "properties": {"surface": "concrete", "highway": "footway"}}, {"type": "Feature", "geometry": {"type": "LineString", "coordinates": [[-84.3661989, 33.7677421], [-84.3661945, 33.7680069], [-84.3661954, 33.7680949], [-84.3662051, 33.7682058], [-84.3662167, 33.7683375], [-84.3662576, 33.7683308]]}, "properties": {"surface": "concrete", "highway": "footway"}}, {"type": "Feature", "geometry": {"type": "LineString", "coordinates": [[-84.3662167, 33.7683375], [-84.3662176, 33.7683811], [-84.3660726, 33.7684166], [-84.365982, 33.768434], [-84.3657372, 33.7684809], [-84.3656286, 33.7685046], [-84.3656081, 33.7685113], [-84.3656144, 33.7685246]]}, "properties": {"surface": "", "highway": "footway"}}, {"type": "Feature", "geometry": {"type": "LineString", "coordinates": [[-84.3656081, 33.7685113], [-84.3655494, 33.7685305], [-84.3655307, 33.7685468], [-84.3655023, 33.7685852], [-84.3654993, 33.7686447], [-84.3654952, 33.7687264]]}, "properties": {"surface": "concrete:plates", "highway": "footway"}}, {"type": "Feature", "geometry": {"type": "LineString", "coordinates": [[-84.3656341, 33.7660509], [-84.3656696, 33.7660243], [-84.3655585, 33.7657998], [-84.3654777, 33.7656786], [-84.3653951, 33.765587], [-84.3652618, 33.7654408], [-84.3651481, 33.7652997], [-84.3649917, 33.765118], [-84.3649393, 33.7650545], [-84.3649247, 33.7650625], [-84.3649055, 33.765073]]}, "properties": {"surface": "", "highway": "footway"}}, {"type": "Feature", "geometry": {"type": "LineString", "coordinates": [[-84.3646987, 33.764955], [-84.3643504, 33.7651608], [-84.3640825, 33.7653177], [-84.3638094, 33.7655118], [-84.3636283, 33.7656731]]}, "properties": {"surface": "concrete", "highway": "footway"}}, {"type": "Feature", "geometry": {"type": "LineString", "coordinates": [[-84.3635065, 33.7657957], [-84.3633106, 33.7660188], [-84.3632592, 33.7660886], [-84.3631958, 33.7661758], [-84.3631103, 33.7663052], [-84.3630363, 33.7664176], [-84.3630175, 33.7664389], [-84.3629687, 33.7663985], [-84.3628998, 33.7662776], [-84.3628887, 33.7662561], [-84.3628641, 33.7662087]]}, "properties": {"surface": "concrete", "highway": "footway"}}, {"type": "Feature", "geometry": {"type": "LineString", "coordinates": [[-84.3626625, 33.7663943], [-84.3627059, 33.766424], [-84.3627556, 33.7664494], [-84.3627901, 33.7664727], [-84.3628436, 33.7664791], [-84.3628743, 33.7664918], [-84.3629109, 33.7665478], [-84.3628436, 33.7666032], [-84.3627967, 33.7666416], [-84.3626178, 33.7667612], [-84.3624877, 33.7668396], [-84.3623308, 33.766914], [-84.3622867, 33.7669358], [-84.3621892, 33.766984], [-84.3618472, 33.7670794], [-84.3615844, 33.7671664], [-84.3612948, 33.7672491]]}, "properties": {"surface": "concrete", "highway": "footway"}}, {"type": "Feature", "geometry": {"type": "LineString", "coordinates": [[-84.3628743, 33.7664918], [-84.3627237, 33.7662564], [-84.3625298, 33.7659382], [-84.362466, 33.7658396], [-84.362392, 33.7657791], [-84.3622772, 33.7657377], [-84.3621292, 33.7656964]]}, "properties": {"surface": "", "highway": "footway"}}, {"type": "Feature", "geometry": {"type": "LineString", "coordinates": [[-84.3648099, 33.766564], [-84.364764, 33.7665198], [-84.3646902, 33.7665658], [-84.3643171, 33.7667896], [-84.3640126, 33.7669812], [-84.3639334, 33.7670281], [-84.3638525, 33.7670251], [-84.3638138, 33.7669827], [-84.3636571, 33.7666974], [-84.3636114, 33.7664575], [-84.3636061, 33.7662369], [-84.3636043, 33.7661605], [-84.3636043, 33.7660215], [-84.3636043, 33.7659367], [-84.3638507, 33.7657216], [-84.3638708, 33.7657057], [-84.3640901, 33.7655329], [-84.3642185, 33.76547], [-84.3642844, 33.7655478]]}, "properties": {"surface": "", "highway": "footway"}}, {"type": "Feature", "geometry": {"type": "LineString", "coordinates": [[-84.3642185, 33.76547], [-84.3647148, 33.7651774], [-84.3647817, 33.7651654]]}, "properties": {"surface": "", "highway": "footway"}}, {"type": "Feature", "geometry": {"type": "LineString", "coordinates": [[-84.3647817, 33.7651654], [-84.3649242, 33.7652871], [-84.3652835, 33.7657027], [-84.365343, 33.7657714], [-84.3654645, 33.7659586], [-84.3655032, 33.7661214]]}, "properties": {"surface": "", "highway": "footway"}}, {"type": "Feature", "geometry": {"type": "LineString", "coordinates": [[-84.3655921, 33.7686469], [-84.3656375, 33.7685956], [-84.3659864, 33.768552], [-84.3665829, 33.7684413], [-84.3673444, 33.7682713], [-84.3676305, 33.7682199]]}, "properties": {"surface": "concrete", "highway": "footway"}}, {"type": "Feature", "geometry": {"type": "LineString", "coordinates": [[-84.3676305, 33.7682199], [-84.3676205, 33.7685644], [-84.3676164, 33.7687079], [-84.3676183, 33.7692194], [-84.3676464, 33.769219]]}, "properties": {"surface": "", "highway": "footway"}}, {"type": "Feature", "geometry": {"type": "LineString", "coordinates": [[-84.3676183, 33.7692194], [-84.367592, 33.7692568]]}, "properties": {"surface": "concrete", "highway": "footway"}}, {"type": "Feature", "geometry": {"type": "LineString", "coordinates": [[-84.3678096, 33.7692693], [-84.3677946, 33.7692194], [-84.3678058, 33.7688498], [-84.3678115, 33.7687095]]}, "properties": {"surface": "concrete", "highway": "footway"}}, {"type": "Feature", "geometry": {"type": "LineString", "coordinates": [[-84.3678061, 33.7685773], [-84.3678066, 33.768548], [-84.3677969, 33.7682221]]}, "properties": {"surface": "concrete", "highway": "footway"}}, {"type": "Feature", "geometry": {"type": "LineString", "coordinates": [[-84.3678337, 33.7671767], [-84.3678265, 33.7668353], [-84.367834, 33.7664907], [-84.367849, 33.7661632]]}, "properties": {"surface": "concrete", "highway": "footway"}}, {"type": "Feature", "geometry": {"type": "LineString", "coordinates": [[-84.3676989, 33.7661227], [-84.3675901, 33.766104], [-84.3672606, 33.766101], [-84.3671412, 33.7660999], [-84.3668999, 33.7660977], [-84.3664054, 33.7661045], [-84.3663334, 33.7661055], [-84.3663098, 33.7661065], [-84.3660727, 33.7661164], [-84.365917, 33.7661258], [-84.3657144, 33.766157], [-84.3656844, 33.7661663]]}, "properties": {"surface": "", "highway": "footway"}}, {"type": "Feature", "geometry": {"type": "LineString", "coordinates": [[-84.3656696, 33.7660243], [-84.3662077, 33.7659917], [-84.3663498, 33.7659943], [-84.3663747, 33.7659948], [-84.3667536, 33.7659792], [-84.3673463, 33.7659917], [-84.3676464, 33.7659886], [-84.3676952, 33.7659745]]}, "properties": {"surface": "", "highway": "footway"}}, {"type": "Feature", "geometry": {"type": "LineString", "coordinates": [[-84.3676952, 33.7659745], [-84.367707, 33.7657493], [-84.3677214, 33.765474], [-84.3677177, 33.7650132], [-84.3677218, 33.7648976], [-84.3677263, 33.7647722], [-84.3677308, 33.7646445], [-84.3677375, 33.764014]]}, "properties": {"surface": "", "highway": "footway"}}, {"type": "Feature", "geometry": {"type": "LineString", "coordinates": [[-84.3677375, 33.764014], [-84.3667048, 33.7640197]]}, "properties": {"surface": "", "highway": "footway"}}, {"type": "Feature", "geometry": {"type": "LineString", "coordinates": [[-84.3665622, 33.7640998], [-84.3665186, 33.7641139], [-84.3663159, 33.7642263], [-84.3657185, 33.764583], [-84.3649393, 33.7650545]]}, "properties": {"surface": "concrete", "highway": "footway"}}, {"type": "Feature", "geometry": {"type": "LineString", "coordinates": [[-84.3646987, 33.764955], [-84.3647813, 33.7649066], [-84.3662619, 33.764042]]}, "properties": {"surface": "concrete", "highway": "footway"}}, {"type": "Feature", "geometry": {"type": "LineString", "coordinates": [[-84.3656856, 33.7672161], [-84.3659978, 33.7671878], [-84.3665041, 33.7671564], [-84.3665951, 33.7671508], [-84.367107, 33.7670973], [-84.3673033, 33.7670793], [-84.367692, 33.7670349]]}, "properties": {"surface": "", "highway": "footway"}}, {"type": "Feature", "geometry": {"type": "LineString", "coordinates": [[-84.367592, 33.7692568], [-84.3672037, 33.769303], [-84.3665017, 33.7693745], [-84.3657244, 33.7694662], [-84.365606, 33.7694751], [-84.3655617, 33.7694694], [-84.3655249, 33.7694607], [-84.3654952, 33.7694405]]}, "properties": {"surface": "concrete:plates", "highway": "footway"}}, {"type": "Feature", "geometry": {"type": "LineString", "coordinates": [[-84.3655617, 33.7694694], [-84.3656375, 33.7685956]]}, "properties": {"surface": "concrete:plates", "highway": "footway"}}, {"type": "Feature", "geometry": {"type": "LineString", "coordinates": [[-84.3650549, 33.7710136], [-84.3657038, 33.7710249]]}, "properties": {"surface": "concrete:plates", "highway": "footway"}}, {"type": "Feature", "geometry": {"type": "LineString", "coordinates": [[-84.3677813, 33.7710392], [-84.3677814, 33.7710279], [-84.3677823, 33.7709161], [-84.3677832, 33.7708002], [-84.3677845, 33.7706773], [-84.3677861, 33.7705306], [-84.3677875, 33.7703421], [-84.3677903, 33.7699677], [-84.3677904, 33.7699569]]}, "properties": {"surface": "concrete", "highway": "footway"}}, {"type": "Feature", "geometry": {"type": "LineString", "coordinates": [[-84.3676171, 33.7710403], [-84.3676421, 33.7693843], [-84.3676033, 33.769369], [-84.3671334, 33.7694246], [-84.366876, 33.769455], [-84.366752, 33.7694711], [-84.3663353, 33.7695252], [-84.365669, 33.7695975], [-84.365546, 33.7695916], [-84.3654986, 33.7695855], [-84.365466, 33.7695894], [-84.3654435, 33.7696078], [-84.3654276, 33.7696276], [-84.3652128, 33.7698503], [-84.3653552, 33.770059], [-84.3654663, 33.7702296], [-84.3654976, 33.770366], [-84.3655628, 33.7704704], [-84.3657077, 33.770643], [-84.3658139, 33.7707975], [-84.3658766, 33.7709239], [-84.3659069, 33.770956], [-84.3659181, 33.7709713], [-84.3659342, 33.7709866], [-84.366001, 33.7710327]]}, "properties": {"surface": "concrete:plates", "highway": "footway"}}, {"type": "Feature", "geometry": {"type": "LineString", "coordinates": [[-84.3600345, 33.7643061], [-84.3602034, 33.7642283]]}, "properties": {"surface": "asphalt", "highway": "trunk"}}, {"type": "Feature", "geometry": {"type": "LineString", "coordinates": [[-84.3977905, 33.7462362], [-84.3977829, 33.746327], [-84.3977556, 33.746739], [-84.3977697, 33.7471258], [-84.3977789, 33.7472471]]}, "properties": {"surface": "asphalt", "highway": "tertiary"}}, {"type": "Feature", "geometry": {"type": "LineString", "coordinates": [[-84.3937259, 33.7579089], [-84.3937496, 33.7578909]]}, "properties": {"surface": "", "highway": "footway"}}, {"type": "Feature", "geometry": {"type": "LineString", "coordinates": [[-84.3980245, 33.7444896], [-84.3978846, 33.7454021]]}, "properties": {"surface": "asphalt", "highway": "tertiary"}}, {"type": "Feature", "geometry": {"type": "LineString", "coordinates": [[-84.3852596, 33.7514948], [-84.3841753, 33.7525292]]}, "properties": {"surface": "", "highway": "footway"}}, {"type": "Feature", "geometry": {"type": "LineString", "coordinates": [[-84.3822218, 33.7619072], [-84.3822202, 33.7619496], [-84.3822279, 33.7619805], [-84.3822376, 33.7620061], [-84.3822493, 33.7620254], [-84.3822672, 33.7620486], [-84.3822902, 33.7620736]]}, "properties": {"surface": "", "highway": "footway"}}, {"type": "Feature", "geometry": {"type": "LineString", "coordinates": [[-84.3823638, 33.7571788], [-84.3826034, 33.7571792], [-84.3826542, 33.7571776], [-84.3834333, 33.7571777], [-84.3836484, 33.7571777], [-84.3837286, 33.7571794], [-84.3841456, 33.7571884]]}, "properties": {"surface": "", "highway": "footway"}}, {"type": "Feature", "geometry": {"type": "LineString", "coordinates": [[-84.3858432, 33.7646661], [-84.3866687, 33.7649086], [-84.3867675, 33.7649322], [-84.3868609, 33.7649475], [-84.3869442, 33.7649574]]}, "properties": {"surface": "", "highway": "footway"}}, {"type": "Feature", "geometry": {"type": "LineString", "coordinates": [[-84.3871931, 33.7649666], [-84.3870545, 33.7650806], [-84.3867438, 33.7653218], [-84.3864987, 33.7655039], [-84.3864423, 33.7655446]]}, "properties": {"surface": "concrete", "highway": "footway"}}, {"type": "Feature", "geometry": {"type": "LineString", "coordinates": [[-84.3887607, 33.7654262], [-84.3888222, 33.7652294], [-84.3888416, 33.7651321], [-84.3888579, 33.7649246], [-84.3888683, 33.7647874], [-84.3888689, 33.7647772], [-84.3888669, 33.7647661], [-84.3888512, 33.7647586], [-84.3887869, 33.7647586], [-84.3886496, 33.7647586], [-84.3885009, 33.7647608], [-84.3882818, 33.7647753], [-84.3880912, 33.7647991], [-84.3878578, 33.7648416], [-84.3877345, 33.7648712], [-84.3876801, 33.7648834], [-84.3876493, 33.7649018], [-84.3876449, 33.7649169], [-84.3876473, 33.7649384], [-84.3876509, 33.7652068], [-84.3876483, 33.7657579], [-84.3876459, 33.7658043], [-84.3876265, 33.7658924], [-84.3876269, 33.7660359]]}, "properties": {"surface": "concrete", "highway": "footway"}}, {"type": "Feature", "geometry": {"type": "LineString", "coordinates": [[-84.3887607, 33.7654262], [-84.3886842, 33.7656], [-84.3882896, 33.7663746], [-84.3882014, 33.7665513]]}, "properties": {"surface": "", "highway": "footway"}}, {"type": "Feature", "geometry": {"type": "LineString", "coordinates": [[-84.3882014, 33.7665513], [-84.387919, 33.7671094]]}, "properties": {"surface": "", "highway": "footway"}}, {"type": "Feature", "geometry": {"type": "LineString", "coordinates": [[-84.3888644, 33.7639569], [-84.3883225, 33.7639533], [-84.3876599, 33.7639453], [-84.3876511, 33.763945], [-84.3876433, 33.7639432], [-84.3876396, 33.7639386]]}, "properties": {"surface": "concrete", "highway": "footway"}}, {"type": "Feature", "geometry": {"type": "LineString", "coordinates": [[-84.3875992, 33.7639202], [-84.387636, 33.7639216], [-84.3876409, 33.7635749], [-84.3876421, 33.7634907], [-84.3876468, 33.7633608]]}, "properties": {"surface": "concrete", "highway": "footway"}}, {"type": "Feature", "geometry": {"type": "LineString", "coordinates": [[-84.3873815, 33.7634113], [-84.3874215, 33.7634372], [-84.3874401, 33.7634536], [-84.3874496, 33.7634776], [-84.3874485, 33.7635135], [-84.3874488, 33.7635726], [-84.3874461, 33.763905]]}, "properties": {"surface": "concrete", "highway": "footway"}}, {"type": "Feature", "geometry": {"type": "LineString", "coordinates": [[-84.3867985, 33.7630824], [-84.386572, 33.7633608], [-84.3861826, 33.7638287], [-84.3861651, 33.763844], [-84.3861457, 33.7638493], [-84.3861238, 33.7638469], [-84.3861065, 33.7638372], [-84.3860948, 33.7638188], [-84.3860904, 33.7632328], [-84.3860932, 33.7631213], [-84.3861014, 33.7626929], [-84.3861086, 33.7623133]]}, "properties": {"surface": "paving_stones", "highway": "footway"}}, {"type": "Feature", "geometry": {"type": "LineString", "coordinates": [[-84.3861922, 33.7640746], [-84.3862043, 33.7640589], [-84.3862507, 33.7639991], [-84.3865877, 33.7635935], [-84.3866408, 33.7635304], [-84.3866647, 33.7635019], [-84.3869213, 33.7631968], [-84.3869342, 33.7631824], [-84.3869439, 33.7631765], [-84.3869543, 33.7631758]]}, "properties": {"surface": "paving_stones", "highway": "footway"}}, {"type": "Feature", "geometry": {"type": "LineString", "coordinates": [[-84.3859146, 33.7645063], [-84.386789, 33.7647679], [-84.3869167, 33.7647852], [-84.3870294, 33.7647903], [-84.3870908, 33.7647892], [-84.387159, 33.7647874], [-84.3872336, 33.7647809], [-84.3873126, 33.7647683], [-84.3873824, 33.7647428], [-84.3873955, 33.764736], [-84.3874136, 33.7647218], [-84.3874204, 33.7647065], [-84.387428, 33.764514]]}, "properties": {"surface": "concrete", "highway": "footway"}}, {"type": "Feature", "geometry": {"type": "LineString", "coordinates": [[-84.387428, 33.764514], [-84.3873999, 33.7645082], [-84.3873444, 33.7644919], [-84.3870933, 33.7644155], [-84.3869068, 33.764359], [-84.3863514, 33.7642052], [-84.3861769, 33.7641581], [-84.3861523, 33.7641515], [-84.3861295, 33.7641476]]}, "properties": {"surface": "concrete", "highway": "footway"}}, {"type": "Feature", "geometry": {"type": "LineString", "coordinates": [[-84.3861922, 33.7640746], [-84.3862322, 33.7640979], [-84.3866102, 33.7642053], [-84.3873853, 33.764429], [-84.3874115, 33.7644343], [-84.3874227, 33.7644355], [-84.3874355, 33.7644343]]}, "properties": {"surface": "", "highway": "footway"}}, {"type": "Feature", "geometry": {"type": "LineString", "coordinates": [[-84.3858432, 33.7646661], [-84.3858184, 33.7646982], [-84.3857348, 33.7648826], [-84.3856879, 33.7650027], [-84.3856804, 33.7650569], [-84.385672, 33.7650969]]}, "properties": {"surface": "concrete", "highway": "footway"}}, {"type": "Feature", "geometry": {"type": "LineString", "coordinates": [[-84.3855784, 33.7658622], [-84.3855828, 33.7660266], [-84.3855688, 33.7664218], [-84.3855528, 33.7668594], [-84.3855395, 33.767219], [-84.3855395, 33.7672407], [-84.3855502, 33.7672634]]}, "properties": {"surface": "", "highway": "footway"}}, {"type": "Feature", "geometry": {"type": "LineString", "coordinates": [[-84.385672, 33.7650969], [-84.3856414, 33.7652171], [-84.3856104, 33.7653645], [-84.3855953, 33.765487], [-84.3855831, 33.7657109], [-84.3855784, 33.7658622]]}, "properties": {"surface": "", "highway": "footway"}}, {"type": "Feature", "geometry": {"type": "LineString", "coordinates": [[-84.3851911, 33.7645325], [-84.3853153, 33.7645403], [-84.3854983, 33.7645644], [-84.3855262, 33.7645713], [-84.3855466, 33.7645829], [-84.3855778, 33.7646137]]}, "properties": {"surface": "concrete", "highway": "footway"}}, {"type": "Feature", "geometry": {"type": "LineString", "coordinates": [[-84.3852704, 33.7673662], [-84.3852515, 33.7673778], [-84.3852296, 33.7673868], [-84.3852065, 33.7673901], [-84.3845346, 33.7674017], [-84.3842167, 33.7674093], [-84.3841973, 33.7674056], [-84.3841973, 33.7674013], [-84.3842003, 33.7666613], [-84.3842083, 33.7663493], [-84.3842003, 33.7658764], [-84.3841839, 33.7658439], [-84.3841832, 33.765583]]}, "properties": {"surface": "concrete", "highway": "footway"}}, {"type": "Feature", "geometry": {"type": "LineString", "coordinates": [[-84.3854678, 33.7649204], [-84.3854218, 33.7650784], [-84.3853865, 33.7652227], [-84.3853591, 33.7653956], [-84.3853434, 33.765581], [-84.3853349, 33.7657093]]}, "properties": {"surface": "concrete", "highway": "footway"}}, {"type": "Feature", "geometry": {"type": "LineString", "coordinates": [[-84.3819359, 33.7656223], [-84.3819179, 33.7656398], [-84.3819385, 33.765699], [-84.3819144, 33.766806], [-84.3819093, 33.7674042], [-84.3819024, 33.7674272]]}, "properties": {"surface": "concrete", "highway": "footway"}}, {"type": "Feature", "geometry": {"type": "LineString", "coordinates": [[-84.3819024, 33.7674272], [-84.3818841, 33.7674477], [-84.3818527, 33.7674589], [-84.3817669, 33.7674627], [-84.3815286, 33.7674546], [-84.3808835, 33.7674454], [-84.38032, 33.7674385], [-84.3800296, 33.7674339], [-84.379852, 33.767427], [-84.3791016, 33.7674143], [-84.378761, 33.7674005], [-84.3785589, 33.7673959], [-84.3783276, 33.7673614], [-84.3781338, 33.7673015], [-84.3780341, 33.7672417], [-84.3779953, 33.7671864]]}, "properties": {"surface": "", "highway": "footway"}}, {"type": "Feature", "geometry": {"type": "LineString", "coordinates": [[-84.3779532, 33.7686654], [-84.3779307, 33.7697328], [-84.3779281, 33.7701443], [-84.3779307, 33.7711416]]}, "properties": {"surface": "", "highway": "footway"}}, {"type": "Feature", "geometry": {"type": "LineString", "coordinates": [[-84.377987, 33.7674719], [-84.3780279, 33.7675212]]}, "properties": {"surface": "", "highway": "footway"}}, {"type": "Feature", "geometry": {"type": "LineString", "coordinates": [[-84.3779953, 33.7671864], [-84.3779773, 33.7671093], [-84.3779787, 33.7670115], [-84.3779912, 33.7663554], [-84.3780036, 33.7657799], [-84.3780022, 33.7656201], [-84.378005, 33.7655382], [-84.3780092, 33.7653517], [-84.3780189, 33.7642583], [-84.3780341, 33.7642085]]}, "properties": {"surface": "", "highway": "footway"}}, {"type": "Feature", "geometry": {"type": "LineString", "coordinates": [[-84.37803, 33.7639981], [-84.378077, 33.7640166], [-84.3781933, 33.7640269], [-84.3791099, 33.7640511], [-84.3794428, 33.7640597], [-84.379558, 33.7640626], [-84.3795903, 33.7640545], [-84.3796305, 33.7640453], [-84.3804668, 33.7640626], [-84.3805069, 33.7640868], [-84.3805911, 33.7640852]]}, "properties": {"surface": "", "highway": "footway"}}, {"type": "Feature", "geometry": {"type": "LineString", "coordinates": [[-84.3821919, 33.764294], [-84.3821892, 33.7645771], [-84.3821755, 33.7654632], [-84.3821719, 33.7654946]]}, "properties": {"surface": "", "highway": "footway"}}, {"type": "Feature", "geometry": {"type": "LineString", "coordinates": [[-84.3819759, 33.7645057], [-84.3819587, 33.7648171], [-84.3819566, 33.7648558], [-84.3819368, 33.7654954], [-84.3817995, 33.765491], [-84.3817295, 33.7654887], [-84.3817489, 33.76495], [-84.3817599, 33.7648959]]}, "properties": {"surface": "", "highway": "footway"}}, {"type": "Feature", "geometry": {"type": "LineString", "coordinates": [[-84.381953, 33.7641028], [-84.381897, 33.7641121], [-84.3817779, 33.7641178], [-84.3810497, 33.7641029], [-84.3807229, 33.7640983]]}, "properties": {"surface": "", "highway": "footway"}}, {"type": "Feature", "geometry": {"type": "LineString", "coordinates": [[-84.3821892, 33.7641217], [-84.3827549, 33.7641706], [-84.3831464, 33.7642103], [-84.3833009, 33.7642202], [-84.3835938, 33.7642386]]}, "properties": {"surface": "", "highway": "footway"}}, {"type": "Feature", "geometry": {"type": "LineString", "coordinates": [[-84.3821892, 33.7641217], [-84.3822052, 33.7628949]]}, "properties": {"surface": "", "highway": "footway"}}, {"type": "Feature", "geometry": {"type": "LineString", "coordinates": [[-84.3840462, 33.7635831], [-84.3840326, 33.7642667]]}, "properties": {"surface": "", "highway": "footway"}}, {"type": "Feature", "geometry": {"type": "LineString", "coordinates": [[-84.3822052, 33.7628949], [-84.3822202, 33.762302], [-84.3822318, 33.7622928]]}, "properties": {"surface": "", "highway": "footway"}}, {"type": "Feature", "geometry": {"type": "LineString", "coordinates": [[-84.3840552, 33.7622976], [-84.3840605, 33.7623161], [-84.3840614, 33.7625375], [-84.3840494, 33.7627599], [-84.3840478, 33.7629346], [-84.3840471, 33.7630893], [-84.384045, 33.7632054], [-84.3840462, 33.7635831]]}, "properties": {"surface": "concrete", "highway": "footway"}}, {"type": "Feature", "geometry": {"type": "LineString", "coordinates": [[-84.3819047, 33.7625235], [-84.3819767, 33.7626685], [-84.3819881, 33.7627325], [-84.3819872, 33.7628644]]}, "properties": {"surface": "", "highway": "footway"}}, {"type": "Feature", "geometry": {"type": "LineString", "coordinates": [[-84.3819872, 33.7628644], [-84.3819861, 33.7630177], [-84.3819797, 33.7634104], [-84.38197, 33.7640083], [-84.381953, 33.7641028]]}, "properties": {"surface": "", "highway": "footway"}}, {"type": "Feature", "geometry": {"type": "LineString", "coordinates": [[-84.382172, 33.7656063], [-84.3821669, 33.7656154], [-84.3821628, 33.7656269], [-84.3821459, 33.7664059], [-84.382139, 33.7666632], [-84.3821322, 33.7674552], [-84.3821719, 33.7674588], [-84.3822151, 33.767458], [-84.3839962, 33.7674019]]}, "properties": {"surface": "concrete", "highway": "footway"}}, {"type": "Feature", "geometry": {"type": "LineString", "coordinates": [[-84.3839767, 33.7699066], [-84.3839378, 33.7698981], [-84.3838841, 33.7698949], [-84.3831806, 33.7699054], [-84.3831437, 33.7699061], [-84.3830002, 33.7699087], [-84.3822812, 33.769922], [-84.3821763, 33.7699258], [-84.3820784, 33.7699271], [-84.3820556, 33.769946], [-84.3820479, 33.7699746], [-84.3820241, 33.7702481], [-84.3820235, 33.770276], [-84.382023, 33.7702952], [-84.3820136, 33.770658], [-84.3820009, 33.7709948], [-84.3819936, 33.7711887]]}, "properties": {"surface": "concrete", "highway": "footway"}}, {"type": "Feature", "geometry": {"type": "LineString", "coordinates": [[-84.3848853, 33.7711938], [-84.3849056, 33.7711763], [-84.3849141, 33.7710673], [-84.3849241, 33.770939], [-84.3849522, 33.7705781], [-84.3849643, 33.7705316], [-84.3850013, 33.7700472], [-84.3850135, 33.7698866], [-84.385007, 33.7698786], [-84.3849965, 33.7698741], [-84.3846295, 33.7698845], [-84.3841643, 33.7698959], [-84.3841669, 33.7700417], [-84.3841644, 33.7701716]]}, "properties": {"surface": "concrete", "highway": "footway"}}, {"type": "Feature", "geometry": {"type": "LineString", "coordinates": [[-84.3850642, 33.7697246], [-84.3850632, 33.7697566], [-84.3850513, 33.7697658], [-84.3850311, 33.7697657], [-84.3847627, 33.7697685], [-84.3842037, 33.7697785], [-84.3841913, 33.7697769], [-84.3841792, 33.7697715], [-84.3841752, 33.7697562], [-84.3841752, 33.7697008], [-84.3841758, 33.7695574], [-84.3841762, 33.7694511], [-84.3841794, 33.7693048], [-84.3841819, 33.7691885], [-84.3841848, 33.7690432], [-84.3841827, 33.7688718], [-84.3841791, 33.7686745], [-84.384196, 33.7686728], [-84.3842938, 33.7686717], [-84.384533, 33.7686648], [-84.3851044, 33.7686527], [-84.385145, 33.7686506], [-84.3851398, 33.7686712], [-84.3851364, 33.768747], [-84.3851272, 33.7688496], [-84.3851042, 33.7691567], [-84.3850893, 33.7693026], [-84.3850781, 33.7694917], [-84.3850642, 33.7697246]]}, "properties": {"surface": "", "highway": "footway"}}, {"type": "Feature", "geometry": {"type": "LineString", "coordinates": [[-84.3875362, 33.770052], [-84.3875557, 33.7700792], [-84.3875529, 33.7703624], [-84.3875686, 33.7704166], [-84.387566, 33.7707183], [-84.3875626, 33.7711201]]}, "properties": {"surface": "concrete", "highway": "footway"}}, {"type": "Feature", "geometry": {"type": "LineString", "coordinates": [[-84.3859605, 33.7608964], [-84.3853426, 33.7608923], [-84.3852219, 33.7608908], [-84.3852147, 33.7608907], [-84.3844224, 33.7608823], [-84.3843103, 33.7608803], [-84.3842996, 33.7608781], [-84.3842896, 33.7608717]]}, "properties": {"surface": "concrete", "highway": "footway"}}, {"type": "Feature", "geometry": {"type": "LineString", "coordinates": [[-84.3859358, 33.7623143], [-84.3859387, 33.7623286], [-84.3859376, 33.7623597], [-84.3859312, 33.7626909], [-84.3859264, 33.7629339], [-84.3859233, 33.7630948], [-84.3859147, 33.7635397], [-84.3859069, 33.7638741], [-84.3859029, 33.7639179]]}, "properties": {"surface": "concrete", "highway": "footway"}}, {"type": "Feature", "geometry": {"type": "LineString", "coordinates": [[-84.3842579, 33.7637961], [-84.3842578, 33.7636705], [-84.384178, 33.7630898]]}, "properties": {"surface": "concrete", "highway": "footway"}}, {"type": "Feature", "geometry": {"type": "LineString", "coordinates": [[-84.385061, 33.76436], [-84.3849148, 33.76435], [-84.3847679, 33.7643394], [-84.3846637, 33.7643302], [-84.3845909, 33.7643149], [-84.3845208, 33.7642923], [-84.3844736, 33.7642719], [-84.3844298, 33.7642446]]}, "properties": {"surface": "concrete", "highway": "footway"}}, {"type": "Feature", "geometry": {"type": "LineString", "coordinates": [[-84.3869442, 33.7649574], [-84.3869542, 33.7649761], [-84.3869569, 33.7649938], [-84.386948, 33.7650119], [-84.3868995, 33.7650467], [-84.3868479, 33.7650888], [-84.3867265, 33.7651832], [-84.3863525, 33.7654743]]}, "properties": {"surface": "concrete", "highway": "footway"}}, {"type": "Feature", "geometry": {"type": "LineString", "coordinates": [[-84.3880015, 33.7675885], [-84.3880023, 33.7676001], [-84.3879342, 33.7676155], [-84.3879015, 33.7676303], [-84.3878731, 33.7676491], [-84.3878526, 33.7676692], [-84.3878352, 33.7676929], [-84.3878103, 33.7677393], [-84.3876865, 33.7679813], [-84.3876429, 33.7680769], [-84.3876099, 33.7681604], [-84.3876275, 33.7681812], [-84.3876554, 33.7681989], [-84.3876885, 33.768204], [-84.3881801, 33.7682078]]}, "properties": {"surface": "concrete", "highway": "footway"}}, {"type": "Feature", "geometry": {"type": "LineString", "coordinates": [[-84.3890427, 33.769339], [-84.3890175, 33.7693168], [-84.3889959, 33.7692808], [-84.3889928, 33.7691513], [-84.388998, 33.7689119]]}, "properties": {"surface": "concrete", "highway": "footway"}}, {"type": "Feature", "geometry": {"type": "LineString", "coordinates": [[-84.389132, 33.7668937], [-84.3892425, 33.7666514], [-84.3893416, 33.7664738], [-84.3895645, 33.7662233], [-84.3899463, 33.7658733]]}, "properties": {"surface": "", "highway": "footway"}}, {"type": "Feature", "geometry": {"type": "LineString", "coordinates": [[-84.3890207, 33.7681516], [-84.3890227, 33.7677366], [-84.3890268, 33.767384], [-84.389032, 33.7673128], [-84.3890454, 33.767215], [-84.389096, 33.7670031], [-84.389132, 33.7668937]]}, "properties": {"surface": "", "highway": "footway"}}, {"type": "Feature", "geometry": {"type": "LineString", "coordinates": [[-84.4031549, 33.7730315], [-84.4030415, 33.7729941], [-84.4026439, 33.7728509], [-84.4025249, 33.7727932], [-84.4025167, 33.7727892], [-84.4020492, 33.7725206], [-84.4018913, 33.7724069], [-84.4015489, 33.7721761], [-84.4010029, 33.7716709], [-84.4006544, 33.7713646], [-84.4001161, 33.7708865], [-84.3999153, 33.7707004], [-84.3993672, 33.7702133], [-84.3991608, 33.7700122], [-84.3990439, 33.7698673], [-84.3989498, 33.7697119], [-84.3988122, 33.7694317], [-84.3985841, 33.7688369], [-84.3982274, 33.7679972], [-84.3981036, 33.7676759], [-84.3979419, 33.7672298], [-84.39778, 33.7667789], [-84.3975716, 33.7662251], [-84.3975567, 33.766196], [-84.3975452, 33.7660993], [-84.3975297, 33.7659763], [-84.3974902, 33.7656637], [-84.3974523, 33.7652557], [-84.3974133, 33.7648363], [-84.3973993, 33.7647041], [-84.397365, 33.7643998], [-84.3973632, 33.7643887], [-84.3973614, 33.7643777], [-84.3973611, 33.7643599]]}, "properties": {"surface": "", "highway": "footway"}}, {"type": "Feature", "geometry": {"type": "LineString", "coordinates": [[-84.3986192, 33.7640566], [-84.3988271, 33.7640546], [-84.3991322, 33.7640289], [-84.3994062, 33.7640403], [-84.3999291, 33.7640003], [-84.3999687, 33.7639955]]}, "properties": {"surface": "", "highway": "footway"}}, {"type": "Feature", "geometry": {"type": "LineString", "coordinates": [[-84.3978046, 33.7641871], [-84.397887, 33.7641641], [-84.3980313, 33.7641328], [-84.3981633, 33.7641092], [-84.39825, 33.7640953], [-84.398344, 33.7640816], [-84.398435, 33.7640718], [-84.3986192, 33.7640566]]}, "properties": {"surface": "", "highway": "footway"}}, {"type": "Feature", "geometry": {"type": "LineString", "coordinates": [[-84.4003535, 33.7639331], [-84.4004175, 33.7639259], [-84.4009622, 33.7638745], [-84.4015924, 33.7638129]]}, "properties": {"surface": "", "highway": "footway"}}, {"type": "Feature", "geometry": {"type": "LineString", "coordinates": [[-84.4026668, 33.763346], [-84.4026519, 33.7633531], [-84.4025918, 33.7633815], [-84.402446, 33.7633954]]}, "properties": {"surface": "concrete", "highway": "footway"}}, {"type": "Feature", "geometry": {"type": "LineString", "coordinates": [[-84.4037848, 33.7454598], [-84.4033812, 33.7458409], [-84.4032615, 33.7459503], [-84.40307, 33.7461261], [-84.4028514, 33.746303], [-84.4027328, 33.7464004], [-84.4026777, 33.7464459], [-84.4021849, 33.7468994], [-84.4021012, 33.7469759]]}, "properties": {"surface": "concrete", "highway": "footway"}}, {"type": "Feature", "geometry": {"type": "LineString", "coordinates": [[-84.4001678, 33.7511833], [-84.4000778, 33.7512848], [-84.3998677, 33.7515129], [-84.3998399, 33.7515611], [-84.3995972, 33.751833], [-84.3995094, 33.7519455], [-84.3992996, 33.7522819], [-84.3992984, 33.7522911]]}, "properties": {"surface": "concrete", "highway": "footway"}}, {"type": "Feature", "geometry": {"type": "LineString", "coordinates": [[-84.398791, 33.7544169], [-84.3988144, 33.7544448], [-84.398862, 33.754454], [-84.3989748, 33.7544633], [-84.3990719, 33.7544679], [-84.399173, 33.7544625], [-84.3992583, 33.7544547], [-84.3993791, 33.7544336], [-84.399505, 33.7543989], [-84.3996051, 33.7543651], [-84.3997047, 33.7543157], [-84.3997789, 33.754278], [-84.3998678, 33.7542192], [-84.3999391, 33.7541674]]}, "properties": {"surface": "", "highway": "footway"}}, {"type": "Feature", "geometry": {"type": "LineString", "coordinates": [[-84.3985024, 33.753881], [-84.3985559, 33.753874], [-84.3989779, 33.7539038], [-84.3993203, 33.7539038], [-84.3993701, 33.753923]]}, "properties": {"surface": "concrete", "highway": "footway"}}, {"type": "Feature", "geometry": {"type": "LineString", "coordinates": [[-84.399466, 33.7537409], [-84.3991935, 33.7537272], [-84.3988763, 33.7537239], [-84.3985869, 33.7537113], [-84.3982858, 33.7536411], [-84.3981552, 33.7535972], [-84.3981364, 33.753582]]}, "properties": {"surface": "concrete", "highway": "footway"}}, {"type": "Feature", "geometry": {"type": "LineString", "coordinates": [[-84.3861121, 33.7621653], [-84.3873723, 33.7621848], [-84.3874193, 33.7621851], [-84.3874535, 33.7621884]]}, "properties": {"surface": "concrete", "highway": "footway"}}, {"type": "Feature", "geometry": {"type": "LineString", "coordinates": [[-84.3927437, 33.7493036], [-84.3924099, 33.749724], [-84.3923291, 33.7498271], [-84.3923225, 33.7498352], [-84.3922308, 33.7499504], [-84.3922269, 33.7499544], [-84.3919677, 33.7502745]]}, "properties": {"surface": "", "highway": "footway"}}, {"type": "Feature", "geometry": {"type": "LineString", "coordinates": [[-84.3907867, 33.7496305], [-84.3913857, 33.7488704], [-84.3915753, 33.7486596]]}, "properties": {"surface": "concrete", "highway": "footway"}}, {"type": "Feature", "geometry": {"type": "LineString", "coordinates": [[-84.3916586, 33.7485354], [-84.3923693, 33.7476244], [-84.3924143, 33.7475683]]}, "properties": {"surface": "", "highway": "footway"}}, {"type": "Feature", "geometry": {"type": "LineString", "coordinates": [[-84.3938817, 33.7497477], [-84.3941098, 33.7494681], [-84.3942161, 33.7493303], [-84.3942414, 33.7492974], [-84.3944234, 33.7490564], [-84.394484, 33.7489747], [-84.3946725, 33.7487228], [-84.3947069, 33.7486789]]}, "properties": {"surface": "", "highway": "footway"}}, {"type": "Feature", "geometry": {"type": "LineString", "coordinates": [[-84.3840196, 33.7646693], [-84.3840155, 33.7654399], [-84.3832454, 33.7654714], [-84.382962, 33.7654781], [-84.3821981, 33.7654902], [-84.3821719, 33.7654946]]}, "properties": {"surface": "", "highway": "footway"}}, {"type": "Feature", "geometry": {"type": "LineString", "coordinates": [[-84.3840104, 33.7655831], [-84.3839993, 33.7664657], [-84.3839976, 33.7665263], [-84.3839962, 33.7674019]]}, "properties": {"surface": "concrete", "highway": "footway"}}, {"type": "Feature", "geometry": {"type": "LineString", "coordinates": [[-84.3839979, 33.7675286], [-84.38388, 33.7675341], [-84.3836677, 33.7675395], [-84.3833291, 33.767547], [-84.3824094, 33.7675604], [-84.3823483, 33.7675629], [-84.3821685, 33.7675756], [-84.3821346, 33.7675759], [-84.3821252, 33.7679654], [-84.3821159, 33.768082], [-84.3821069, 33.7683142], [-84.3820936, 33.7685962], [-84.3821146, 33.7685976], [-84.3823795, 33.7685899], [-84.382683, 33.7685881], [-84.3827093, 33.768582], [-84.3830507, 33.7685773], [-84.3830828, 33.7685648], [-84.3831016, 33.7685645], [-84.3831905, 33.7685632], [-84.3836941, 33.7685557], [-84.3837628, 33.7685541], [-84.3839594, 33.7685495], [-84.3839733, 33.7685388]]}, "properties": {"surface": "concrete", "highway": "footway"}}, {"type": "Feature", "geometry": {"type": "LineString", "coordinates": [[-84.3841549, 33.7685311], [-84.3841576, 33.7685482], [-84.3841765, 33.7685586], [-84.384447, 33.768555], [-84.3848837, 33.7685491], [-84.3851395, 33.7685447], [-84.3851628, 33.7685386], [-84.385177, 33.7684345], [-84.3852014, 33.7683997], [-84.3852124, 33.7683025], [-84.385226, 33.7681445], [-84.3852364, 33.7680244], [-84.3852218, 33.7679827], [-84.3852678, 33.7675073], [-84.3852753, 33.7675015]]}, "properties": {"surface": "concrete", "highway": "footway"}}, {"type": "Feature", "geometry": {"type": "LineString", "coordinates": [[-84.3880282, 33.7673309], [-84.3880325, 33.7673416], [-84.3880437, 33.76735], [-84.3880975, 33.7673816], [-84.3882409, 33.7675119], [-84.3887653, 33.768011], [-84.3887791, 33.7680189], [-84.3887955, 33.7680202], [-84.3888098, 33.7680154], [-84.3888188, 33.7680026], [-84.3888238, 33.7679855], [-84.388827, 33.7678849]]}, "properties": {"surface": "", "highway": "footway"}}, {"type": "Feature", "geometry": {"type": "LineString", "coordinates": [[-84.3883753, 33.7666427], [-84.3884587, 33.7664812], [-84.388508, 33.7663768], [-84.3887921, 33.7658345], [-84.3889195, 33.7655729], [-84.3889628, 33.7654607]]}, "properties": {"surface": "concrete", "highway": "footway"}}, {"type": "Feature", "geometry": {"type": "LineString", "coordinates": [[-84.3880756, 33.7672219], [-84.3883753, 33.7666427]]}, "properties": {"surface": "", "highway": "footway"}}, {"type": "Feature", "geometry": {"type": "LineString", "coordinates": [[-84.3902031, 33.76455], [-84.3901961, 33.764552], [-84.3901719, 33.7645548], [-84.3901271, 33.7645536], [-84.3895737, 33.7645535], [-84.3890827, 33.7645458]]}, "properties": {"surface": "concrete", "highway": "footway"}}, {"type": "Feature", "geometry": {"type": "LineString", "coordinates": [[-84.3876647, 33.7640866], [-84.3876818, 33.764079], [-84.3877146, 33.7640766], [-84.3883498, 33.7640826], [-84.3883941, 33.7640826], [-84.3888182, 33.7640887], [-84.3888557, 33.764089], [-84.3888714, 33.7640947], [-84.3888881, 33.7641061], [-84.3888918, 33.7641248], [-84.3888905, 33.7644286], [-84.3888941, 33.7645457], [-84.3888013, 33.7645451], [-84.3884962, 33.7645456], [-84.3883601, 33.7645545], [-84.3881428, 33.7645749], [-84.3878233, 33.7646309], [-84.3877133, 33.7646504], [-84.3876848, 33.7646471], [-84.3876661, 33.7646396], [-84.3876567, 33.7646259], [-84.3876433, 33.7646003], [-84.3876418, 33.7644166], [-84.3876424, 33.7643566], [-84.38765, 33.7641139], [-84.3876537, 33.7640972], [-84.3876647, 33.7640866]]}, "properties": {"surface": "concrete", "highway": "footway"}}, {"type": "Feature", "geometry": {"type": "LineString", "coordinates": [[-84.3905075, 33.7640989], [-84.3905293, 33.7640949], [-84.3905605, 33.7640922], [-84.3915741, 33.764071], [-84.3915899, 33.7640721], [-84.391613, 33.7640772], [-84.391637, 33.7640873]]}, "properties": {"surface": "concrete", "highway": "footway"}}, {"type": "Feature", "geometry": {"type": "LineString", "coordinates": [[-84.389094, 33.7639419], [-84.3891015, 33.7639482], [-84.3891109, 33.7639542], [-84.3891259, 33.7639578], [-84.3894213, 33.7639621], [-84.3898115, 33.7639663], [-84.3901674, 33.7639703], [-84.390185, 33.7639586], [-84.3901988, 33.7639412]]}, "properties": {"surface": "concrete", "highway": "footway"}}, {"type": "Feature", "geometry": {"type": "LineString", "coordinates": [[-84.3888833, 33.7633728], [-84.3888146, 33.7633721], [-84.3884398, 33.7633685], [-84.3880875, 33.7633653], [-84.3876468, 33.7633608]]}, "properties": {"surface": "concrete", "highway": "footway"}}, {"type": "Feature", "geometry": {"type": "LineString", "coordinates": [[-84.3889263, 33.7634125], [-84.3889212, 33.7639094], [-84.388921, 33.7639321], [-84.3889186, 33.7639469]]}, "properties": {"surface": "concrete", "highway": "footway"}}, {"type": "Feature", "geometry": {"type": "LineString", "coordinates": [[-84.3905047, 33.7639557], [-84.3905166, 33.7637672], [-84.3905215, 33.76374], [-84.3905998, 33.7635603], [-84.3906456, 33.7633913]]}, "properties": {"surface": "concrete", "highway": "footway"}}, {"type": "Feature", "geometry": {"type": "LineString", "coordinates": [[-84.3904312, 33.7632903], [-84.3891323, 33.7632843]]}, "properties": {"surface": "concrete", "highway": "footway"}}, {"type": "Feature", "geometry": {"type": "LineString", "coordinates": [[-84.3891214, 33.7623483], [-84.3891433, 33.7623387], [-84.3893417, 33.7623428], [-84.3893795, 33.7623356], [-84.3898742, 33.7623386], [-84.3899094, 33.7623393], [-84.3903927, 33.7623433], [-84.3904273, 33.7623444], [-84.3904422, 33.7623503], [-84.3904603, 33.7623658]]}, "properties": {"surface": "concrete", "highway": "footway"}}, {"type": "Feature", "geometry": {"type": "LineString", "coordinates": [[-84.3906441, 33.7623438], [-84.3919307, 33.7623595]]}, "properties": {"surface": "concrete", "highway": "footway"}}, {"type": "Feature", "geometry": {"type": "LineString", "coordinates": [[-84.3906456, 33.7633913], [-84.3907484, 33.7633871], [-84.3919074, 33.7633854]]}, "properties": {"surface": "concrete", "highway": "footway"}}, {"type": "Feature", "geometry": {"type": "LineString", "coordinates": [[-84.3919491, 33.7609333], [-84.3914728, 33.760925], [-84.3913308, 33.7609259], [-84.3906476, 33.7609304]]}, "properties": {"surface": "concrete", "highway": "footway"}}, {"type": "Feature", "geometry": {"type": "LineString", "coordinates": [[-84.3794348, 33.7617342], [-84.3794617, 33.7617189], [-84.3794978, 33.7617141], [-84.3795273, 33.7617215], [-84.3795692, 33.76174], [-84.3799456, 33.761979], [-84.3800981, 33.7620579], [-84.3802168, 33.7621074], [-84.3803099, 33.7621423], [-84.3805444, 33.7622076], [-84.3807232, 33.7622393], [-84.3807937, 33.7622518], [-84.3809086, 33.7622601], [-84.3810591, 33.7622642], [-84.3811503, 33.7622684], [-84.3813884, 33.7622723], [-84.3814738, 33.7622799]]}, "properties": {"surface": "", "highway": "footway"}}, {"type": "Feature", "geometry": {"type": "LineString", "coordinates": [[-84.3817201, 33.7623577], [-84.3817733, 33.7623911], [-84.3818262, 33.7624335], [-84.381871, 33.7624794], [-84.3819047, 33.7625235]]}, "properties": {"surface": "", "highway": "footway"}}, {"type": "Feature", "geometry": {"type": "LineString", "coordinates": [[-84.3794348, 33.7617342], [-84.3793895, 33.7617954], [-84.3793789, 33.7618302], [-84.3793719, 33.7618651], [-84.3793831, 33.76191], [-84.3794193, 33.761979], [-84.3796026, 33.7620464], [-84.3800287, 33.7621916], [-84.3805018, 33.7623652], [-84.3805849, 33.7624591], [-84.3806019, 33.7625725]]}, "properties": {"surface": "", "highway": "footway"}}, {"type": "Feature", "geometry": {"type": "LineString", "coordinates": [[-84.3778028, 33.7627792], [-84.377787, 33.763438], [-84.3777781, 33.7639991], [-84.3776536, 33.764011], [-84.3770545, 33.7639949], [-84.376374, 33.7639767], [-84.3757456, 33.7639555], [-84.3756719, 33.763953], [-84.3756045, 33.7639507], [-84.3754658, 33.7639461], [-84.3753178, 33.763944], [-84.3745261, 33.7639329], [-84.3741082, 33.7639271], [-84.3737981, 33.7639088], [-84.3738087, 33.7638855], [-84.3739706, 33.7635284], [-84.3740968, 33.7632625], [-84.3742229, 33.7629967], [-84.3742592, 33.7629231], [-84.3743169, 33.7627641], [-84.3743376, 33.7625498], [-84.3743635, 33.7614968], [-84.3743723, 33.761465]]}, "properties": {"surface": "", "highway": "footway"}}, {"type": "Feature", "geometry": {"type": "LineString", "coordinates": [[-84.3744181, 33.7576174], [-84.3744228, 33.756725], [-84.3744269, 33.7559498]]}, "properties": {"surface": "", "highway": "footway"}}, {"type": "Feature", "geometry": {"type": "LineString", "coordinates": [[-84.3743891, 33.7604706], [-84.3744004, 33.7598676]]}, "properties": {"surface": "concrete", "highway": "footway"}}, {"type": "Feature", "geometry": {"type": "LineString", "coordinates": [[-84.3730968, 33.7679416], [-84.373095, 33.7679535], [-84.373019, 33.7686031], [-84.3729919, 33.7688286], [-84.3729503, 33.7691743], [-84.3729492, 33.7691881], [-84.3728654, 33.7699492], [-84.3728398, 33.7701813], [-84.3728003, 33.7704091], [-84.3727717, 33.7705805], [-84.3726942, 33.7710868]]}, "properties": {"surface": "", "highway": "footway"}}, {"type": "Feature", "geometry": {"type": "LineString", "coordinates": [[-84.372871, 33.7710857], [-84.3728708, 33.7710664], [-84.3729064, 33.7708282], [-84.3729295, 33.7706491], [-84.3730193, 33.7699529]]}, "properties": {"surface": "", "highway": "footway"}}, {"type": "Feature", "geometry": {"type": "LineString", "coordinates": [[-84.3731759, 33.7686596], [-84.3731815, 33.7686139], [-84.3732614, 33.7679652], [-84.3732935, 33.7677041], [-84.3732952, 33.7676917]]}, "properties": {"surface": "", "highway": "footway"}}, {"type": "Feature", "geometry": {"type": "LineString", "coordinates": [[-84.3720422, 33.7664577], [-84.3720418, 33.7664756], [-84.37204, 33.7672262], [-84.372018, 33.7678564], [-84.3720164, 33.7679025], [-84.372015, 33.7679416], [-84.3719882, 33.7687081], [-84.3719808, 33.7689209], [-84.3719799, 33.7689459], [-84.3719722, 33.7692167], [-84.3719559, 33.7697893], [-84.3719524, 33.7698804], [-84.371918, 33.7707824], [-84.3718988, 33.77108]]}, "properties": {"surface": "", "highway": "footway"}}, {"type": "Feature", "geometry": {"type": "LineString", "coordinates": [[-84.3729558, 33.7729596], [-84.3732356, 33.7728914], [-84.37329, 33.7728743], [-84.373713, 33.7727264], [-84.3739827, 33.7726307], [-84.3740811, 33.7726386], [-84.3741446, 33.7726115], [-84.3744664, 33.7725101], [-84.3747289, 33.7724133]]}, "properties": {"surface": "", "highway": "footway"}}, {"type": "Feature", "geometry": {"type": "LineString", "coordinates": [[-84.3758044, 33.7722149], [-84.3760426, 33.7722241], [-84.3771533, 33.7724159], [-84.3775687, 33.7724568], [-84.3776404, 33.7724385]]}, "properties": {"surface": "", "highway": "footway"}}, {"type": "Feature", "geometry": {"type": "LineString", "coordinates": [[-84.3776555, 33.7716448], [-84.3776404, 33.7724385]]}, "properties": {"surface": "", "highway": "footway"}}, {"type": "Feature", "geometry": {"type": "LineString", "coordinates": [[-84.3889228, 33.758642], [-84.3894197, 33.7582903], [-84.3894394, 33.7582812]]}, "properties": {"surface": "", "highway": "footway"}}, {"type": "Feature", "geometry": {"type": "LineString", "coordinates": [[-84.3912113, 33.7579276], [-84.3908805, 33.7581638], [-84.3906884, 33.7583033]]}, "properties": {"surface": "concrete", "highway": "footway"}}, {"type": "Feature", "geometry": {"type": "LineString", "coordinates": [[-84.3896114, 33.7563681], [-84.38907, 33.7567636]]}, "properties": {"surface": "", "highway": "footway"}}, {"type": "Feature", "geometry": {"type": "LineString", "coordinates": [[-84.3903439, 33.7549705], [-84.3897998, 33.7553893]]}, "properties": {"surface": "", "highway": "footway"}}, {"type": "Feature", "geometry": {"type": "LineString", "coordinates": [[-84.3906461, 33.7610673], [-84.3906455, 33.7610748], [-84.3906318, 33.7614346], [-84.3906271, 33.7618336], [-84.3906325, 33.7621885], [-84.3906381, 33.7622076]]}, "properties": {"surface": "concrete", "highway": "footway"}}, {"type": "Feature", "geometry": {"type": "LineString", "coordinates": [[-84.3906381, 33.7622076], [-84.3907088, 33.7622084], [-84.3919355, 33.7622099]]}, "properties": {"surface": "concrete", "highway": "footway"}}, {"type": "Feature", "geometry": {"type": "LineString", "coordinates": [[-84.3904815, 33.760923], [-84.3904843, 33.760501], [-84.3904854, 33.7603395], [-84.3904837, 33.7600398], [-84.3904823, 33.7597994]]}, "properties": {"surface": "concrete", "highway": "footway"}}, {"type": "Feature", "geometry": {"type": "LineString", "coordinates": [[-84.3889466, 33.7623461], [-84.3889399, 33.7629824], [-84.3889363, 33.7632513]]}, "properties": {"surface": "concrete", "highway": "footway"}}, {"type": "Feature", "geometry": {"type": "LineString", "coordinates": [[-84.3889466, 33.7623461], [-84.3889359, 33.7623364], [-84.3889263, 33.7623349], [-84.3888013, 33.7623341], [-84.3885839, 33.7623328], [-84.3881958, 33.7623314], [-84.3878236, 33.7623283], [-84.3876853, 33.7623275], [-84.3876397, 33.7623339]]}, "properties": {"surface": "concrete", "highway": "footway"}}, {"type": "Feature", "geometry": {"type": "LineString", "coordinates": [[-84.3873619, 33.7623623], [-84.3873381, 33.7623926], [-84.3871613, 33.762614], [-84.3870884, 33.7627056], [-84.3868733, 33.7629784]]}, "properties": {"surface": "concrete", "highway": "footway"}}, {"type": "Feature", "geometry": {"type": "LineString", "coordinates": [[-84.3922136, 33.7621861], [-84.3922788, 33.7621565], [-84.3923747, 33.7621502], [-84.3925092, 33.762151], [-84.3928439, 33.7621529], [-84.3935374, 33.7621582]]}, "properties": {"surface": "concrete", "highway": "footway"}}, {"type": "Feature", "geometry": {"type": "LineString", "coordinates": [[-84.3949347, 33.7619512], [-84.3949233, 33.7619233], [-84.3949103, 33.761911], [-84.3945566, 33.7615884], [-84.3938923, 33.7609445]]}, "properties": {"surface": "concrete", "highway": "footway"}}, {"type": "Feature", "geometry": {"type": "LineString", "coordinates": [[-84.3961223, 33.7613365], [-84.3968801, 33.7624503], [-84.3969381, 33.7625363], [-84.3970238, 33.7627427], [-84.3971728, 33.7631013], [-84.3971959, 33.7631552], [-84.3972619, 33.7633494]]}, "properties": {"surface": "concrete", "highway": "footway"}}, {"type": "Feature", "geometry": {"type": "LineString", "coordinates": [[-84.3959547, 33.7614558], [-84.3952845, 33.7619717]]}, "properties": {"surface": "concrete", "highway": "footway"}}, {"type": "Feature", "geometry": {"type": "LineString", "coordinates": [[-84.3957167, 33.7581811], [-84.3954628, 33.758287], [-84.3954232, 33.7583907], [-84.3951726, 33.75856], [-84.3945578, 33.7589856], [-84.3945384, 33.7589987], [-84.3945143, 33.7590102], [-84.3944861, 33.7590215]]}, "properties": {"surface": "concrete", "highway": "footway"}}, {"type": "Feature", "geometry": {"type": "LineString", "coordinates": [[-84.3941839, 33.7589261], [-84.3941528, 33.758883], [-84.3939939, 33.7586627], [-84.3939762, 33.7586382], [-84.39377, 33.7583758], [-84.3935492, 33.7580947]]}, "properties": {"surface": "concrete", "highway": "footway"}}, {"type": "Feature", "geometry": {"type": "LineString", "coordinates": [[-84.3919872, 33.7592476], [-84.3919627, 33.7592386], [-84.3916089, 33.7591147], [-84.3913367, 33.7590193], [-84.3911686, 33.7589586], [-84.3911299, 33.7589353]]}, "properties": {"surface": "", "highway": "footway"}}, {"type": "Feature", "geometry": {"type": "LineString", "coordinates": [[-84.3899805, 33.7588127], [-84.389695, 33.7590145], [-84.3894903, 33.7591537], [-84.3894725, 33.7591572]]}, "properties": {"surface": "", "highway": "footway"}}, {"type": "Feature", "geometry": {"type": "LineString", "coordinates": [[-84.3860012, 33.7584815], [-84.3859046, 33.7584827], [-84.3858959, 33.7584826], [-84.3850743, 33.7584763], [-84.385061, 33.758476], [-84.3849055, 33.7584744], [-84.3848907, 33.7584742], [-84.3847929, 33.7584719], [-84.3843312, 33.7584669]]}, "properties": {"surface": "", "highway": "footway"}}, {"type": "Feature", "geometry": {"type": "LineString", "coordinates": [[-84.3843076, 33.7597382], [-84.3843733, 33.7597385], [-84.3846559, 33.759741], [-84.3854877, 33.7597485], [-84.3856039, 33.7597506], [-84.3859849, 33.7597555]]}, "properties": {"surface": "concrete", "highway": "footway"}}, {"type": "Feature", "geometry": {"type": "LineString", "coordinates": [[-84.3859855, 33.7596304], [-84.3857598, 33.7596273], [-84.3853703, 33.7596247], [-84.3851624, 33.7596193], [-84.3847908, 33.7596096], [-84.3843968, 33.7595994], [-84.3843071, 33.7595984]]}, "properties": {"surface": "", "highway": "footway"}}, {"type": "Feature", "geometry": {"type": "LineString", "coordinates": [[-84.3841486, 33.7570479], [-84.3841518, 33.7570108], [-84.3841569, 33.7562942], [-84.3841621, 33.7562529], [-84.384166, 33.7559192], [-84.3841621, 33.7558851], [-84.3841664, 33.7556385]]}, "properties": {"surface": "concrete", "highway": "footway"}}, {"type": "Feature", "geometry": {"type": "LineString", "coordinates": [[-84.3842401, 33.7507317], [-84.3836155, 33.7513338], [-84.3833541, 33.7515864], [-84.383147, 33.7517874]]}, "properties": {"surface": "", "highway": "footway"}}, {"type": "Feature", "geometry": {"type": "LineString", "coordinates": [[-84.3779689, 33.7542537], [-84.3779279, 33.7542583], [-84.3776936, 33.7542729], [-84.3776437, 33.7542783], [-84.3772974, 33.7543158], [-84.377252, 33.7543164], [-84.3770363, 33.7543192], [-84.3766605, 33.7543177]]}, "properties": {"surface": "concrete", "highway": "footway"}}, {"type": "Feature", "geometry": {"type": "LineString", "coordinates": [[-84.3744873, 33.7555505], [-84.3747311, 33.7555596], [-84.3749537, 33.7555652], [-84.375585, 33.7555634], [-84.3765388, 33.7555747]]}, "properties": {"surface": "", "highway": "footway"}}, {"type": "Feature", "geometry": {"type": "LineString", "coordinates": [[-84.3765278, 33.7559893], [-84.3765275, 33.7559992], [-84.3765232, 33.7567386], [-84.3765182, 33.7576123], [-84.376479, 33.7576374], [-84.3763376, 33.7576311], [-84.3744181, 33.7576174]]}, "properties": {"surface": "", "highway": "footway"}}, {"type": "Feature", "geometry": {"type": "LineString", "coordinates": [[-84.3744168, 33.7577503], [-84.3753314, 33.7577658], [-84.3760342, 33.7577658], [-84.3763777, 33.757777], [-84.3764813, 33.7577674], [-84.3765701, 33.7577727], [-84.3766611, 33.7577791], [-84.3768732, 33.7578242], [-84.3769041, 33.7578242], [-84.3776699, 33.7578242], [-84.3777514, 33.7578422], [-84.3778077, 33.7578966]]}, "properties": {"surface": "", "highway": "footway"}}, {"type": "Feature", "geometry": {"type": "LineString", "coordinates": [[-84.3766635, 33.7576393], [-84.377778, 33.7576484], [-84.3778511, 33.7576237], [-84.3778588, 33.7574818], [-84.3778917, 33.7561558], [-84.3778872, 33.7560291]]}, "properties": {"surface": "", "highway": "footway"}}, {"type": "Feature", "geometry": {"type": "LineString", "coordinates": [[-84.3779119, 33.7545219], [-84.3777447, 33.7544909], [-84.3776901, 33.7544882], [-84.3775331, 33.7544805], [-84.3773409, 33.7544609], [-84.377158, 33.7544565], [-84.3766534, 33.7544408]]}, "properties": {"surface": "concrete", "highway": "footway"}}, {"type": "Feature", "geometry": {"type": "LineString", "coordinates": [[-84.3607678, 33.7675826], [-84.361283, 33.7674182], [-84.3618473, 33.7672375], [-84.3623632, 33.7670838], [-84.3624301, 33.7670579]]}, "properties": {"surface": "concrete", "highway": "footway"}}, {"type": "Feature", "geometry": {"type": "LineString", "coordinates": [[-84.3649247, 33.7650625], [-84.3648446, 33.7649692], [-84.3647813, 33.7649066]]}, "properties": {"surface": "asphalt", "highway": "footway"}}, {"type": "Feature", "geometry": {"type": "LineString", "coordinates": [[-84.3665186, 33.7641139], [-84.366507, 33.764698], [-84.3665057, 33.7647467], [-84.3664838, 33.7647821], [-84.3664659, 33.7648109], [-84.3664023, 33.7648513], [-84.3662615, 33.7649321], [-84.3661332, 33.7647923], [-84.3660933, 33.7647602], [-84.3660746, 33.7647146], [-84.3661992, 33.7646359], [-84.3664384, 33.7644919]]}, "properties": {"surface": "", "highway": "footway"}}, {"type": "Feature", "geometry": {"type": "LineString", "coordinates": [[-84.3664838, 33.7647821], [-84.3666112, 33.7648442], [-84.3666328, 33.7648555], [-84.3666067, 33.764899], [-84.3665406, 33.7649539], [-84.3664434, 33.7650191], [-84.3663599, 33.7650637]]}, "properties": {"surface": "", "highway": "footway"}}, {"type": "Feature", "geometry": {"type": "LineString", "coordinates": [[-84.366507, 33.764698], [-84.3666129, 33.7646991], [-84.3666652, 33.7647011], [-84.366685, 33.7640624]]}, "properties": {"surface": "concrete", "highway": "footway"}}, {"type": "Feature", "geometry": {"type": "LineString", "coordinates": [[-84.367894, 33.7632876], [-84.3679176, 33.763285], [-84.3695624, 33.7632954], [-84.3706914, 33.7633057], [-84.3712606, 33.7633035], [-84.3718578, 33.7633053]]}, "properties": {"surface": "", "highway": "footway"}}, {"type": "Feature", "geometry": {"type": "LineString", "coordinates": [[-84.371859, 33.7631731], [-84.3711318, 33.7631667], [-84.3710979, 33.7631662], [-84.3707337, 33.7631576], [-84.3705537, 33.7631613]]}, "properties": {"surface": "", "highway": "footway"}}, {"type": "Feature", "geometry": {"type": "LineString", "coordinates": [[-84.3655686, 33.7631093], [-84.3655825, 33.7625102], [-84.3655836, 33.7624625]]}, "properties": {"surface": "", "highway": "footway"}}, {"type": "Feature", "geometry": {"type": "LineString", "coordinates": [[-84.3677544, 33.7631361], [-84.3677688, 33.762155]]}, "properties": {"surface": "", "highway": "footway"}}, {"type": "Feature", "geometry": {"type": "LineString", "coordinates": [[-84.3720246, 33.757592], [-84.3720155, 33.7575917], [-84.3718669, 33.7575908], [-84.3715267, 33.7575888], [-84.3712365, 33.7575871], [-84.3711017, 33.7575817]]}, "properties": {"surface": "concrete", "highway": "footway"}}, {"type": "Feature", "geometry": {"type": "LineString", "coordinates": [[-84.3680158, 33.7575608], [-84.3680171, 33.7575429], [-84.3680208, 33.7567231], [-84.3680561, 33.7558885]]}, "properties": {"surface": "", "highway": "footway"}}, {"type": "Feature", "geometry": {"type": "LineString", "coordinates": [[-84.3678623, 33.7576746], [-84.3678343, 33.7585283]]}, "properties": {"surface": "", "highway": "footway"}}, {"type": "Feature", "geometry": {"type": "LineString", "coordinates": [[-84.3677903, 33.7606764], [-84.3677818, 33.7612017]]}, "properties": {"surface": "", "highway": "footway"}}, {"type": "Feature", "geometry": {"type": "LineString", "coordinates": [[-84.3676075, 33.7612773], [-84.3677353, 33.7612651], [-84.3677697, 33.7612369], [-84.3677818, 33.7612017]]}, "properties": {"surface": "", "highway": "footway"}}, {"type": "Feature", "geometry": {"type": "LineString", "coordinates": [[-84.3655031, 33.7612777], [-84.3654924, 33.7612781], [-84.3654682, 33.7612773], [-84.3646056, 33.7612624], [-84.3631727, 33.7612624], [-84.362762, 33.7612897], [-84.3627066, 33.7612898], [-84.362661, 33.7612871], [-84.3622107, 33.7612752]]}, "properties": {"surface": "", "highway": "footway"}}, {"type": "Feature", "geometry": {"type": "LineString", "coordinates": [[-84.3676075, 33.7612773], [-84.366356, 33.7612827]]}, "properties": {"surface": "", "highway": "footway"}}, {"type": "Feature", "geometry": {"type": "LineString", "coordinates": [[-84.3622107, 33.7612752], [-84.3620392, 33.7612707], [-84.3613917, 33.7612757]]}, "properties": {"surface": "", "highway": "footway"}}, {"type": "Feature", "geometry": {"type": "LineString", "coordinates": [[-84.3622868, 33.7628734], [-84.3619373, 33.763039], [-84.3618137, 33.763085], [-84.3617263, 33.7630966], [-84.361689, 33.7630669], [-84.3616976, 33.762287], [-84.3616959, 33.7622632]]}, "properties": {"surface": "", "highway": "footway"}}, {"type": "Feature", "geometry": {"type": "LineString", "coordinates": [[-84.3619554, 33.7614243], [-84.3611766, 33.7614305]]}, "properties": {"surface": "", "highway": "footway"}}, {"type": "Feature", "geometry": {"type": "LineString", "coordinates": [[-84.3616891, 33.7621851], [-84.361802, 33.762171], [-84.3618872, 33.7621347], [-84.3619458, 33.7621116], [-84.3620087, 33.762031], [-84.3620428, 33.7619672], [-84.3620566, 33.7619097], [-84.3620609, 33.76183], [-84.3620561, 33.7616864], [-84.362047, 33.7614765]]}, "properties": {"surface": "", "highway": "footway"}}, {"type": "Feature", "geometry": {"type": "LineString", "coordinates": [[-84.3628194, 33.7614096], [-84.3630368, 33.7614075], [-84.3645369, 33.7614021], [-84.3650909, 33.7613858], [-84.3655004, 33.7613886], [-84.3656245, 33.7613893], [-84.3657025, 33.7613897], [-84.3658602, 33.7614482], [-84.366236, 33.7614379], [-84.3662895, 33.7614367]]}, "properties": {"surface": "", "highway": "footway"}}, {"type": "Feature", "geometry": {"type": "LineString", "coordinates": [[-84.3675426, 33.7614477], [-84.367772, 33.761459]]}, "properties": {"surface": "", "highway": "footway"}}, {"type": "Feature", "geometry": {"type": "LineString", "coordinates": [[-84.3662895, 33.7614367], [-84.3675426, 33.7614477]]}, "properties": {"surface": "", "highway": "footway"}}, {"type": "Feature", "geometry": {"type": "LineString", "coordinates": [[-84.390004, 33.7507697], [-84.3909529, 33.7512993]]}, "properties": {"surface": "", "highway": "footway"}}, {"type": "Feature", "geometry": {"type": "LineString", "coordinates": [[-84.3675663, 33.7733866], [-84.367593, 33.77237], [-84.3675958, 33.7722651], [-84.3676046, 33.7722118], [-84.3676136, 33.7721575], [-84.3676213, 33.7720388], [-84.3676268, 33.771245]]}, "properties": {"surface": "concrete", "highway": "footway"}}, {"type": "Feature", "geometry": {"type": "LineString", "coordinates": [[-84.3677837, 33.771245], [-84.3677555, 33.7718785], [-84.3677546, 33.7720172], [-84.3677546, 33.7725375], [-84.3677511, 33.7728765], [-84.3677397, 33.7734089]]}, "properties": {"surface": "concrete", "highway": "footway"}}, {"type": "Feature", "geometry": {"type": "LineString", "coordinates": [[-84.3748264, 33.772381], [-84.3748115, 33.7723057], [-84.3748085, 33.7713108]]}, "properties": {"surface": "", "highway": "footway"}}, {"type": "Feature", "geometry": {"type": "LineString", "coordinates": [[-84.3748085, 33.7713108], [-84.3748638, 33.7713095], [-84.3753617, 33.7713108], [-84.3766114, 33.7713239], [-84.3776668, 33.7713415], [-84.3776555, 33.7716448]]}, "properties": {"surface": "", "highway": "footway"}}, {"type": "Feature", "geometry": {"type": "LineString", "coordinates": [[-84.377656, 33.7711305], [-84.377573, 33.7711458], [-84.3765634, 33.7711218], [-84.3759976, 33.7711113], [-84.3748254, 33.7710995], [-84.3747541, 33.7711013], [-84.3746409, 33.7710967], [-84.3746223, 33.7710959], [-84.3745269, 33.7710921], [-84.3737377, 33.7710946], [-84.3733655, 33.7710908], [-84.3730701, 33.7710959], [-84.372871, 33.7710857]]}, "properties": {"surface": "concrete", "highway": "footway"}}, {"type": "Feature", "geometry": {"type": "LineString", "coordinates": [[-84.3677837, 33.771245], [-84.3693151, 33.7712665], [-84.3695559, 33.771268], [-84.3702605, 33.7712722]]}, "properties": {"surface": "", "highway": "footway"}}, {"type": "Feature", "geometry": {"type": "LineString", "coordinates": [[-84.3747066, 33.7713065], [-84.3747191, 33.7713495], [-84.3747155, 33.7714778], [-84.3747209, 33.7716206], [-84.3747173, 33.7723093], [-84.3747289, 33.7724133]]}, "properties": {"surface": "", "highway": "footway"}}, {"type": "Feature", "geometry": {"type": "LineString", "coordinates": [[-84.377656, 33.7711305], [-84.3776735, 33.7710621], [-84.3776803, 33.7700455], [-84.3776689, 33.7700152], [-84.3775684, 33.7699868], [-84.3755716, 33.769972], [-84.375495, 33.7699714], [-84.3753905, 33.7699706], [-84.3753713, 33.7699705], [-84.3746561, 33.7699625], [-84.3730193, 33.7699529]]}, "properties": {"surface": "", "highway": "footway"}}, {"type": "Feature", "geometry": {"type": "LineString", "coordinates": [[-84.3748384, 33.7698557], [-84.3752633, 33.7698597], [-84.3753872, 33.7698609], [-84.3757303, 33.7698646], [-84.3763587, 33.76987], [-84.3776369, 33.7698821], [-84.3776732, 33.769862], [-84.3776996, 33.7698215], [-84.3777019, 33.7687028], [-84.3777024, 33.7686689], [-84.377717, 33.7677959], [-84.3777272, 33.7673984], [-84.3777228, 33.7673688], [-84.3776769, 33.7673367], [-84.3772898, 33.7672142], [-84.376994, 33.7671267], [-84.3769726, 33.7671258], [-84.3769605, 33.7671318], [-84.376941, 33.7671568], [-84.3767326, 33.7676334], [-84.3766937, 33.7676686], [-84.3766632, 33.7676946], [-84.3765674, 33.7677017], [-84.3753585, 33.7677279], [-84.3752671, 33.7677301], [-84.3748448, 33.7677403], [-84.3743452, 33.7677524], [-84.3742873, 33.7677538]]}, "properties": {"surface": "concrete", "highway": "footway"}}, {"type": "Feature", "geometry": {"type": "LineString", "coordinates": [[-84.3779551, 33.76853], [-84.3780172, 33.768538], [-84.3785657, 33.7685492], [-84.3786937, 33.7685651], [-84.3788514, 33.7686082], [-84.379049, 33.7687054], [-84.3791359, 33.7687478], [-84.3793232, 33.7688664], [-84.3795112, 33.7689318], [-84.3796857, 33.7689716], [-84.3798176, 33.7689835], [-84.3798448, 33.768986], [-84.3799695, 33.768986], [-84.3801728, 33.7689748], [-84.3803749, 33.7689235], [-84.3805103, 33.7688728], [-84.3808958, 33.768707], [-84.3809155, 33.7687], [-84.3810569, 33.7686496], [-84.3811873, 33.7686273], [-84.3815382, 33.7685922], [-84.3818917, 33.7685886]]}, "properties": {"surface": "", "highway": "footway"}}, {"type": "Feature", "geometry": {"type": "LineString", "coordinates": [[-84.3820916, 33.7687181], [-84.3821089, 33.7687097], [-84.3826611, 33.7686967], [-84.3828623, 33.7686956], [-84.3832888, 33.7686887], [-84.3834333, 33.7686864], [-84.3837614, 33.7686821], [-84.3839846, 33.7686792]]}, "properties": {"surface": "", "highway": "footway"}}, {"type": "Feature", "geometry": {"type": "LineString", "coordinates": [[-84.3820916, 33.7687181], [-84.3820644, 33.7693583], [-84.3820616, 33.7694225], [-84.3820534, 33.7697916], [-84.382049, 33.7698175]]}, "properties": {"surface": "concrete", "highway": "footway"}}, {"type": "Feature", "geometry": {"type": "LineString", "coordinates": [[-84.3839777, 33.7697813], [-84.3834648, 33.7697883], [-84.3829126, 33.7697944], [-84.3825811, 33.7698037], [-84.3821819, 33.7698142], [-84.382085, 33.7698087], [-84.3820534, 33.7697916]]}, "properties": {"surface": "concrete", "highway": "footway"}}, {"type": "Feature", "geometry": {"type": "LineString", "coordinates": [[-84.3655788, 33.7575202], [-84.3653819, 33.7575271], [-84.3650938, 33.7575223], [-84.3649027, 33.7575192]]}, "properties": {"surface": "concrete", "highway": "footway"}}, {"type": "Feature", "geometry": {"type": "LineString", "coordinates": [[-84.3765827, 33.7498766], [-84.3765549, 33.7500021], [-84.3765293, 33.7500533]]}, "properties": {"surface": "", "highway": "footway"}}, {"type": "Feature", "geometry": {"type": "LineString", "coordinates": [[-84.3747175, 33.7505766], [-84.3747356, 33.7506279], [-84.3748894, 33.7511127], [-84.3749594, 33.7513202], [-84.3750329, 33.7515567], [-84.3750526, 33.75162], [-84.3750775, 33.7516999], [-84.3751353, 33.7518859], [-84.375169, 33.7519941], [-84.3752197, 33.7521573], [-84.3752926, 33.7523916], [-84.3753077, 33.7524401], [-84.3753565, 33.7525972], [-84.375396, 33.7527242], [-84.3754122, 33.7527763], [-84.3754259, 33.7528308], [-84.3754542, 33.7529436], [-84.375486, 33.7531468], [-84.3754754, 33.7536813], [-84.3754621, 33.7537961], [-84.3753411, 33.7537929], [-84.3746252, 33.7537741], [-84.3744488, 33.7537707], [-84.3744182, 33.7535013], [-84.3743903, 33.7530971], [-84.3743757, 33.752916], [-84.3743874, 33.7529087], [-84.3744023, 33.7528995], [-84.3746531, 33.752886], [-84.3752869, 33.7528407], [-84.3754259, 33.7528308]]}, "properties": {"surface": "", "highway": "footway"}}, {"type": "Feature", "geometry": {"type": "LineString", "coordinates": [[-84.3756088, 33.7536027], [-84.3756088, 33.7535555], [-84.3756101, 33.7533887], [-84.3756141, 33.7530696], [-84.3755969, 33.7529637], [-84.3755663, 33.7528311], [-84.3755608, 33.7528132], [-84.3754728, 33.7525273], [-84.3754282, 33.7523823], [-84.3754195, 33.7523539], [-84.3753708, 33.7521939], [-84.3751038, 33.7513163], [-84.375087, 33.7512612], [-84.3749496, 33.7508275], [-84.374863, 33.7505503]]}, "properties": {"surface": "", "highway": "footway"}}, {"type": "Feature", "geometry": {"type": "LineString", "coordinates": [[-84.376633, 33.7511631], [-84.3765999, 33.7511635], [-84.3765995, 33.7512742], [-84.3765994, 33.7513026], [-84.376598, 33.7514059], [-84.3765956, 33.7522753]]}, "properties": {"surface": "", "highway": "footway"}}, {"type": "Feature", "geometry": {"type": "LineString", "coordinates": [[-84.3779052, 33.7522644], [-84.3779071, 33.7522505], [-84.3779113, 33.7513549], [-84.3779135, 33.7513274], [-84.3778933, 33.7513079], [-84.37784, 33.7512973], [-84.3778091, 33.7513062], [-84.3777771, 33.7513265], [-84.3777766, 33.7513522], [-84.377758, 33.7522717]]}, "properties": {"surface": "", "highway": "footway"}}, {"type": "Feature", "geometry": {"type": "LineString", "coordinates": [[-84.3776644, 33.7524335], [-84.3776679, 33.7524891], [-84.3776798, 33.7525155], [-84.3777233, 33.7526076], [-84.3777273, 33.7526447], [-84.3777134, 33.7526694], [-84.3776609, 33.7527393], [-84.3777104, 33.7528974], [-84.3777797, 33.7530225], [-84.3778253, 33.753104], [-84.3778698, 33.753146], [-84.3779371, 33.7532402], [-84.3779896, 33.7532431], [-84.3780431, 33.7532595], [-84.3780713, 33.7532863], [-84.3780777, 33.7532924], [-84.3780856, 33.7533731], [-84.3780335, 33.7534996], [-84.3780005, 33.7535797], [-84.3779441, 33.7535863], [-84.377856, 33.7535781], [-84.3776471, 33.7535838], [-84.3775709, 33.7535748], [-84.3775679, 33.7536003], [-84.3767324, 33.7535912], [-84.3767369, 33.7532223], [-84.3767465, 33.7524316]]}, "properties": {"surface": "", "highway": "footway"}}, {"type": "Feature", "geometry": {"type": "LineString", "coordinates": [[-84.377666, 33.7513495], [-84.3776382, 33.7513236], [-84.3775231, 33.7513129], [-84.3767581, 33.751317], [-84.3767128, 33.7513503]]}, "properties": {"surface": "", "highway": "footway"}}, {"type": "Feature", "geometry": {"type": "LineString", "coordinates": [[-84.3864717, 33.7485935], [-84.3865182, 33.7485456], [-84.3869, 33.7481512], [-84.3869652, 33.7481041], [-84.3870538, 33.7480539], [-84.3871356, 33.7480184]]}, "properties": {"surface": "", "highway": "footway"}}, {"type": "Feature", "geometry": {"type": "LineString", "coordinates": [[-84.3862639, 33.7488141], [-84.386388, 33.7488927], [-84.3867965, 33.7491514], [-84.3871126, 33.7493526], [-84.3871378, 33.7493871], [-84.3871507, 33.749442], [-84.38711, 33.7495106], [-84.3869046, 33.7498338], [-84.3868451, 33.7499275]]}, "properties": {"surface": "", "highway": "footway"}}, {"type": "Feature", "geometry": {"type": "LineString", "coordinates": [[-84.3872746, 33.7491513], [-84.3872159, 33.7491604], [-84.3871306, 33.7491512], [-84.3872363, 33.7492167], [-84.3872746, 33.7491513]]}, "properties": {"surface": "", "highway": "footway"}}, {"type": "Feature", "geometry": {"type": "LineString", "coordinates": [[-84.3865656, 33.7486522], [-84.3866739, 33.7487185], [-84.387259, 33.7490387], [-84.3873213, 33.7490437]]}, "properties": {"surface": "", "highway": "footway"}}, {"type": "Feature", "geometry": {"type": "LineString", "coordinates": [[-84.3874971, 33.7481661], [-84.387537, 33.7482387], [-84.3875502, 33.7483373], [-84.3875418, 33.748426], [-84.3875142, 33.7485097], [-84.3874699, 33.7486053], [-84.3874355, 33.7486755], [-84.3874196, 33.7487079], [-84.3873824, 33.7487787], [-84.3873105, 33.7488853], [-84.3872662, 33.7489401], [-84.3873525, 33.7489849], [-84.3873213, 33.7490437]]}, "properties": {"surface": "", "highway": "pedestrian"}}, {"type": "Feature", "geometry": {"type": "LineString", "coordinates": [[-84.3872662, 33.7489401], [-84.3871461, 33.7488775], [-84.387346, 33.7486236], [-84.3873711, 33.7485918], [-84.3874003, 33.7485411], [-84.3874166, 33.7484439], [-84.3874174, 33.748398], [-84.3874101, 33.7483466], [-84.387393, 33.7483034], [-84.3873646, 33.7482703], [-84.3873319, 33.748256], [-84.3872752, 33.7482311], [-84.3871916, 33.7482325], [-84.3870795, 33.7482608], [-84.3869755, 33.7483169], [-84.3868731, 33.7484317], [-84.386796, 33.7485317], [-84.3867627, 33.7485783], [-84.3867034, 33.748656]]}, "properties": {"surface": "", "highway": "pedestrian"}}, {"type": "Feature", "geometry": {"type": "LineString", "coordinates": [[-84.3874797, 33.748697], [-84.3874355, 33.7486755], [-84.387346, 33.7486236]]}, "properties": {"surface": "", "highway": "pedestrian"}}, {"type": "Feature", "geometry": {"type": "LineString", "coordinates": [[-84.387264, 33.7483449], [-84.3873031, 33.7483984], [-84.3873214, 33.7484605], [-84.3873066, 33.748535], [-84.3872857, 33.7485718], [-84.3872484, 33.7486152], [-84.3871788, 33.7486817], [-84.3871093, 33.7487106], [-84.387051, 33.7487121], [-84.3869937, 33.7486954], [-84.3869519, 33.74866], [-84.386925, 33.748621], [-84.3869198, 33.7485791], [-84.3869198, 33.7485372], [-84.3869345, 33.7484902], [-84.3869867, 33.7484179], [-84.3870293, 33.7483796], [-84.3871075, 33.7483427], [-84.3871623, 33.7483297], [-84.3872171, 33.748329], [-84.387264, 33.7483449]]}, "properties": {"surface": "", "highway": "pedestrian"}}, {"type": "Feature", "geometry": {"type": "LineString", "coordinates": [[-84.387264, 33.7483449], [-84.3873319, 33.748256], [-84.3873938, 33.7481724]]}, "properties": {"surface": "", "highway": "pedestrian"}}, {"type": "Feature", "geometry": {"type": "LineString", "coordinates": [[-84.3873938, 33.7481724], [-84.3873748, 33.7481588], [-84.3873613, 33.7481412], [-84.3873544, 33.7481211], [-84.3873551, 33.7480986], [-84.3873641, 33.7480773], [-84.3873806, 33.7480594], [-84.3874029, 33.7480466], [-84.3874289, 33.7480401], [-84.387456, 33.7480406], [-84.3874816, 33.7480481], [-84.3875032, 33.7480618], [-84.3875186, 33.7480804], [-84.3875849, 33.7480861], [-84.3875254, 33.7481257], [-84.3875153, 33.7481479], [-84.3874971, 33.7481661], [-84.3874736, 33.7481782], [-84.3874467, 33.7481835], [-84.3874192, 33.7481815], [-84.3873938, 33.7481724]]}, "properties": {"surface": "", "highway": "pedestrian"}}, {"type": "Feature", "geometry": {"type": "LineString", "coordinates": [[-84.3873544, 33.7481211], [-84.3871356, 33.7480184]]}, "properties": {"surface": "", "highway": "pedestrian"}}, {"type": "Feature", "geometry": {"type": "LineString", "coordinates": [[-84.3876086, 33.7481052], [-84.3875849, 33.7480861]]}, "properties": {"surface": "", "highway": "footway"}}, {"type": "Feature", "geometry": {"type": "LineString", "coordinates": [[-84.3875849, 33.7480861], [-84.3875805, 33.7480609]]}, "properties": {"surface": "", "highway": "footway"}}, {"type": "Feature", "geometry": {"type": "LineString", "coordinates": [[-84.3875288, 33.7475042], [-84.387547, 33.7470868], [-84.3875518, 33.7470665]]}, "properties": {"surface": "", "highway": "footway"}}, {"type": "Feature", "geometry": {"type": "LineString", "coordinates": [[-84.3874785, 33.7493628], [-84.3874657, 33.7493216], [-84.3874582, 33.7492753], [-84.3874614, 33.7492312], [-84.3874732, 33.7491828], [-84.387493, 33.7491344], [-84.3876436, 33.7487997], [-84.3876556, 33.7487729], [-84.3876894, 33.7486978], [-84.3877125, 33.7486212], [-84.3877416, 33.7485335], [-84.3877634, 33.7484528], [-84.3878083, 33.7482139], [-84.3878304, 33.7481996]]}, "properties": {"surface": "", "highway": "footway"}}, {"type": "Feature", "geometry": {"type": "LineString", "coordinates": [[-84.3885323, 33.7485638], [-84.3885983, 33.7486639], [-84.388638, 33.748719], [-84.3886727, 33.7487777], [-84.3886911, 33.7488139], [-84.3887073, 33.7488659], [-84.3887168, 33.74891], [-84.3887242, 33.7489902], [-84.3887224, 33.7490319], [-84.3887198, 33.7490912], [-84.3887175, 33.7491033], [-84.3887065, 33.7491616], [-84.3886881, 33.749232], [-84.3886163, 33.7493228], [-84.3885464, 33.7494112], [-84.3884414, 33.749469], [-84.3883634, 33.7495155], [-84.3883541, 33.749519], [-84.3882507, 33.7495584], [-84.3881616, 33.7495798], [-84.3880769, 33.7495823], [-84.3880003, 33.7495706], [-84.3878965, 33.7495388], [-84.3877967, 33.749493], [-84.3877308, 33.7494629], [-84.3876734, 33.7494127], [-84.387602, 33.7493269], [-84.3875895, 33.7492994], [-84.3875784, 33.7492548], [-84.3875745, 33.7492037], [-84.3875755, 33.7491428], [-84.3875934, 33.7490905], [-84.3876176, 33.7490273], [-84.3876607, 33.7489548], [-84.3877417, 33.7488475], [-84.3877896, 33.7487828], [-84.3878554, 33.7487248], [-84.3879475, 33.7486523], [-84.3880593, 33.7485851], [-84.3881194, 33.7485601], [-84.3881654, 33.7485399], [-84.3881956, 33.7485344], [-84.388238, 33.7485278], [-84.3882871, 33.7485326], [-84.388401, 33.7485439], [-84.3885323, 33.7485638]]}, "properties": {"surface": "", "highway": "pedestrian"}}, {"type": "Feature", "geometry": {"type": "LineString", "coordinates": [[-84.388828, 33.7491727], [-84.3887175, 33.7491033], [-84.3886517, 33.7490622]]}, "properties": {"surface": "", "highway": "pedestrian"}}, {"type": "Feature", "geometry": {"type": "LineString", "coordinates": [[-84.3887224, 33.7490319], [-84.3889664, 33.7489955]]}, "properties": {"surface": "", "highway": "pedestrian"}}, {"type": "Feature", "geometry": {"type": "LineString", "coordinates": [[-84.3890401, 33.7489805], [-84.389185, 33.7489567], [-84.3892176, 33.74895]]}, "properties": {"surface": "", "highway": "pedestrian"}}, {"type": "Feature", "geometry": {"type": "LineString", "coordinates": [[-84.3883298, 33.7494356], [-84.3883541, 33.749519], [-84.3884019, 33.7497308]]}, "properties": {"surface": "", "highway": "pedestrian"}}, {"type": "Feature", "geometry": {"type": "LineString", "coordinates": [[-84.3884499, 33.7499312], [-84.388409, 33.7497579]]}, "properties": {"surface": "", "highway": "pedestrian"}}, {"type": "Feature", "geometry": {"type": "LineString", "coordinates": [[-84.3889128, 33.7514189], [-84.3888295, 33.7515186]]}, "properties": {"surface": "", "highway": "pedestrian"}}, {"type": "Feature", "geometry": {"type": "LineString", "coordinates": [[-84.3891836, 33.7514373], [-84.3891057, 33.751395]]}, "properties": {"surface": "", "highway": "pedestrian"}}, {"type": "Feature", "geometry": {"type": "LineString", "coordinates": [[-84.3888805, 33.751251], [-84.3888155, 33.7512181], [-84.3886122, 33.7511151]]}, "properties": {"surface": "", "highway": "pedestrian"}}, {"type": "Feature", "geometry": {"type": "LineString", "coordinates": [[-84.3878205, 33.7479751], [-84.387846, 33.7480109], [-84.3879038, 33.748052], [-84.3880819, 33.7481494]]}, "properties": {"surface": "", "highway": "footway"}}, {"type": "Feature", "geometry": {"type": "LineString", "coordinates": [[-84.3888388, 33.7494442], [-84.3891609, 33.7490407], [-84.3892176, 33.74895], [-84.3891951, 33.7489311], [-84.3885323, 33.7485638], [-84.3882095, 33.7483882], [-84.3878644, 33.7482005], [-84.3878477, 33.7481967], [-84.3878304, 33.7481996]]}, "properties": {"surface": "", "highway": "footway"}}, {"type": "Feature", "geometry": {"type": "LineString", "coordinates": [[-84.3895002, 33.7488829], [-84.3897044, 33.748628], [-84.3902271, 33.7479709]]}, "properties": {"surface": "", "highway": "footway"}}, {"type": "Feature", "geometry": {"type": "LineString", "coordinates": [[-84.3914224, 33.7485805], [-84.3908452, 33.7482529], [-84.3908114, 33.7482342], [-84.3902997, 33.7479507], [-84.3902842, 33.7479443], [-84.3902696, 33.7479424], [-84.3902539, 33.7479447], [-84.3902406, 33.7479531], [-84.3902271, 33.7479709]]}, "properties": {"surface": "concrete", "highway": "footway"}}, {"type": "Feature", "geometry": {"type": "LineString", "coordinates": [[-84.3900793, 33.7478629], [-84.389531, 33.747526], [-84.389228, 33.7473625], [-84.3891916, 33.7473429], [-84.3889173, 33.7471949]]}, "properties": {"surface": "", "highway": "footway"}}, {"type": "Feature", "geometry": {"type": "LineString", "coordinates": [[-84.3888625, 33.7471598], [-84.3887424, 33.7470916], [-84.3886012, 33.7470114]]}, "properties": {"surface": "", "highway": "footway"}}, {"type": "Feature", "geometry": {"type": "LineString", "coordinates": [[-84.3887424, 33.7470916], [-84.388685, 33.7471684]]}, "properties": {"surface": "", "highway": "footway"}}, {"type": "Feature", "geometry": {"type": "LineString", "coordinates": [[-84.3891102, 33.7470051], [-84.3886012, 33.7470114], [-84.3882183, 33.7470095]]}, "properties": {"surface": "", "highway": "footway"}}, {"type": "Feature", "geometry": {"type": "LineString", "coordinates": [[-84.3893295, 33.7470072], [-84.3893311, 33.7472557], [-84.3901343, 33.7476949], [-84.3901429, 33.7476987], [-84.390152, 33.7476997], [-84.3901585, 33.7477], [-84.3901642, 33.7476981], [-84.3901753, 33.7476907]]}, "properties": {"surface": "", "highway": "footway"}}, {"type": "Feature", "geometry": {"type": "LineString", "coordinates": [[-84.3893295, 33.7470072], [-84.3901621, 33.7470047], [-84.3906545, 33.7470032]]}, "properties": {"surface": "", "highway": "footway"}}, {"type": "Feature", "geometry": {"type": "LineString", "coordinates": [[-84.3885284, 33.7468155], [-84.3886205, 33.7468165], [-84.38913, 33.746842], [-84.3893247, 33.7468475], [-84.3902269, 33.7468462], [-84.3908689, 33.7468452]]}, "properties": {"surface": "", "highway": "footway"}}, {"type": "Feature", "geometry": {"type": "LineString", "coordinates": [[-84.3891102, 33.7470051], [-84.3891371, 33.747028], [-84.3891588, 33.7470599], [-84.3891671, 33.7470986], [-84.3891568, 33.747127], [-84.3891423, 33.7471339]]}, "properties": {"surface": "", "highway": "footway"}}, {"type": "Feature", "geometry": {"type": "LineString", "coordinates": [[-84.3906545, 33.7470032], [-84.3906606, 33.7470393], [-84.3906412, 33.7470904], [-84.3901753, 33.7476907]]}, "properties": {"surface": "", "highway": "footway"}}, {"type": "Feature", "geometry": {"type": "LineString", "coordinates": [[-84.3893115, 33.7488226], [-84.3893203, 33.7488179], [-84.3893248, 33.7488117], [-84.3894431, 33.7486623], [-84.389492, 33.7486006], [-84.3896005, 33.7484637], [-84.3896824, 33.7483602], [-84.3899531, 33.7480186], [-84.3900649, 33.7478774], [-84.390073, 33.7478672], [-84.3900793, 33.7478629]]}, "properties": {"surface": "", "highway": "footway"}}, {"type": "Feature", "geometry": {"type": "LineString", "coordinates": [[-84.3923693, 33.7473813], [-84.392309, 33.7474575], [-84.3922145, 33.7475769], [-84.3922026, 33.7475922], [-84.3915347, 33.7484524], [-84.3915161, 33.7484603]]}, "properties": {"surface": "", "highway": "footway"}}, {"type": "Feature", "geometry": {"type": "LineString", "coordinates": [[-84.3904087, 33.7478368], [-84.3903966, 33.7478275], [-84.3903865, 33.7478155], [-84.3903636, 33.7478036], [-84.3903781, 33.7477804], [-84.3903828, 33.7477679], [-84.3905973, 33.7474953], [-84.3907076, 33.7473553], [-84.3909766, 33.7470137]]}, "properties": {"surface": "", "highway": "footway"}}, {"type": "Feature", "geometry": {"type": "LineString", "coordinates": [[-84.392634, 33.7470164], [-84.3926194, 33.7470182], [-84.3923606, 33.7470174]]}, "properties": {"surface": "", "highway": "footway"}}, {"type": "Feature", "geometry": {"type": "LineString", "coordinates": [[-84.3922002, 33.7470181], [-84.3921909, 33.7470121], [-84.3921334, 33.7470138], [-84.3919199, 33.7470135], [-84.3909766, 33.7470137]]}, "properties": {"surface": "", "highway": "footway"}}, {"type": "Feature", "geometry": {"type": "LineString", "coordinates": [[-84.3911169, 33.7468474], [-84.3911678, 33.746847]]}, "properties": {"surface": "", "highway": "footway"}}, {"type": "Feature", "geometry": {"type": "LineString", "coordinates": [[-84.3913106, 33.7468513], [-84.3914185, 33.7468527], [-84.3917724, 33.7468572], [-84.3922454, 33.7468633], [-84.3926954, 33.7468593]]}, "properties": {"surface": "", "highway": "footway"}}, {"type": "Feature", "geometry": {"type": "LineString", "coordinates": [[-84.3925389, 33.7474068], [-84.3925907, 33.7473422], [-84.3927052, 33.7471938], [-84.3928163, 33.7470436]]}, "properties": {"surface": "", "highway": "footway"}}, {"type": "Feature", "geometry": {"type": "LineString", "coordinates": [[-84.3924577, 33.7472429], [-84.392634, 33.7470164]]}, "properties": {"surface": "", "highway": "footway"}}, {"type": "Feature", "geometry": {"type": "LineString", "coordinates": [[-84.3904993, 33.7496482], [-84.3901975, 33.7494944], [-84.3899718, 33.749369], [-84.3893993, 33.7490489], [-84.3893907, 33.7490464], [-84.389383, 33.7490471]]}, "properties": {"surface": "", "highway": "footway"}}, {"type": "Feature", "geometry": {"type": "LineString", "coordinates": [[-84.3906591, 33.7495377], [-84.3900886, 33.7492166], [-84.3897298, 33.7490165], [-84.3895002, 33.7488829]]}, "properties": {"surface": "concrete", "highway": "footway"}}, {"type": "Feature", "geometry": {"type": "LineString", "coordinates": [[-84.3914224, 33.7485805], [-84.3910564, 33.7490395], [-84.3906591, 33.7495377]]}, "properties": {"surface": "concrete", "highway": "footway"}}, {"type": "Feature", "geometry": {"type": "LineString", "coordinates": [[-84.3897634, 33.7506363], [-84.3899393, 33.7504182], [-84.3900389, 33.7502964], [-84.3905187, 33.7496908]]}, "properties": {"surface": "", "highway": "footway"}}, {"type": "Feature", "geometry": {"type": "LineString", "coordinates": [[-84.3897634, 33.7506363], [-84.3891997, 33.7503304], [-84.3885952, 33.7500024]]}, "properties": {"surface": "", "highway": "footway"}}, {"type": "Feature", "geometry": {"type": "LineString", "coordinates": [[-84.3884499, 33.7499312], [-84.388029, 33.7496962], [-84.3877556, 33.7495449], [-84.3875174, 33.7494131], [-84.3874785, 33.7493628]]}, "properties": {"surface": "", "highway": "footway"}}, {"type": "Feature", "geometry": {"type": "LineString", "coordinates": [[-84.3883373, 33.7500847], [-84.3876689, 33.7497281], [-84.3873317, 33.7495422]]}, "properties": {"surface": "", "highway": "footway"}}, {"type": "Feature", "geometry": {"type": "LineString", "coordinates": [[-84.3873317, 33.7495422], [-84.3872381, 33.74968], [-84.3870582, 33.7499454], [-84.3868591, 33.7501603], [-84.3866303, 33.7504132], [-84.3865898, 33.750458]]}, "properties": {"surface": "", "highway": "footway"}}, {"type": "Feature", "geometry": {"type": "LineString", "coordinates": [[-84.3883373, 33.7500847], [-84.3882102, 33.7502632], [-84.3880495, 33.7504882], [-84.3879008, 33.7506831], [-84.3878058, 33.7508063], [-84.3876462, 33.7510217], [-84.3875166, 33.7512021], [-84.3874827, 33.7512492], [-84.3873051, 33.7514985], [-84.3870194, 33.7517658], [-84.3867098, 33.75205]]}, "properties": {"surface": "", "highway": "footway"}}, {"type": "Feature", "geometry": {"type": "LineString", "coordinates": [[-84.3864416, 33.7525093], [-84.3870216, 33.7519532], [-84.3871009, 33.7518949], [-84.3873639, 33.7516366], [-84.3874488, 33.7515512], [-84.3876576, 33.7512393], [-84.3880477, 33.7506853], [-84.3884735, 33.7501617]]}, "properties": {"surface": "", "highway": "footway"}}, {"type": "Feature", "geometry": {"type": "LineString", "coordinates": [[-84.4023601, 33.7581831], [-84.4023568, 33.7579238]]}, "properties": {"surface": "", "highway": "pedestrian"}}, {"type": "Feature", "geometry": {"type": "LineString", "coordinates": [[-84.4022281, 33.7567606], [-84.4021709, 33.756758], [-84.4021284, 33.7567613], [-84.4020991, 33.7567835], [-84.4020842, 33.7568099], [-84.4020836, 33.7568429], [-84.402098, 33.7568839], [-84.4021254, 33.7569282], [-84.4021619, 33.7569694], [-84.4021944, 33.757], [-84.4022368, 33.757024], [-84.4022693, 33.75703], [-84.4023055, 33.7570226], [-84.4023299, 33.7570082], [-84.4023446, 33.756986], [-84.4023494, 33.7569564], [-84.4023474, 33.7569272], [-84.4023263, 33.7568599], [-84.4022928, 33.7568023], [-84.4022384, 33.7567204], [-84.4021367, 33.7565673]]}, "properties": {"surface": "", "highway": "pedestrian"}}, {"type": "Feature", "geometry": {"type": "LineString", "coordinates": [[-84.4020162, 33.7569445], [-84.4016236, 33.7569457], [-84.4011242, 33.756945], [-84.4009942, 33.7569449], [-84.4004917, 33.7569442], [-84.4001687, 33.7569552]]}, "properties": {"surface": "", "highway": "pedestrian"}}, {"type": "Feature", "geometry": {"type": "LineString", "coordinates": [[-84.4016187, 33.7579741], [-84.4016236, 33.7569457]]}, "properties": {"surface": "", "highway": "pedestrian"}}, {"type": "Feature", "geometry": {"type": "LineString", "coordinates": [[-84.4004942, 33.7579666], [-84.4004917, 33.7569442]]}, "properties": {"surface": "", "highway": "pedestrian"}}, {"type": "Feature", "geometry": {"type": "LineString", "coordinates": [[-84.3990199, 33.7579085], [-84.399002, 33.7578048], [-84.3990016, 33.757788], [-84.3990013, 33.7577749], [-84.3990053, 33.757486], [-84.3990085, 33.7571996], [-84.399009, 33.7571842], [-84.3990077, 33.7571696], [-84.3990132, 33.7568963], [-84.3990126, 33.7568839], [-84.3989954, 33.7568846], [-84.3986665, 33.7568813], [-84.3986516, 33.7568799], [-84.3986318, 33.7568797], [-84.3983064, 33.7568746], [-84.3982891, 33.7568758], [-84.3982717, 33.7568752], [-84.3981675, 33.7568743]]}, "properties": {"surface": "paving_stones", "highway": "pedestrian"}}, {"type": "Feature", "geometry": {"type": "LineString", "coordinates": [[-84.3982903, 33.7567936], [-84.3982904, 33.756862], [-84.3982891, 33.7568758], [-84.3982889, 33.756892], [-84.3982848, 33.7571771], [-84.3982859, 33.7571938], [-84.3982805, 33.7574809], [-84.3982764, 33.7577676], [-84.398277, 33.7577824], [-84.3982775, 33.7577976], [-84.3982698, 33.7579009]]}, "properties": {"surface": "paving_stones", "highway": "pedestrian"}}, {"type": "Feature", "geometry": {"type": "LineString", "coordinates": [[-84.3991092, 33.7574867], [-84.3990053, 33.757486], [-84.3986602, 33.7574846], [-84.3986429, 33.7574834], [-84.3986254, 33.7574846], [-84.3982805, 33.7574809], [-84.3981493, 33.75748]]}, "properties": {"surface": "paving_stones", "highway": "pedestrian"}}, {"type": "Feature", "geometry": {"type": "LineString", "coordinates": [[-84.398596, 33.7579103], [-84.3986042, 33.7578308], [-84.3986321, 33.7578308], [-84.3986382, 33.7578014], [-84.3986392, 33.7577858], [-84.3986401, 33.7577715], [-84.39864, 33.7575001], [-84.3986429, 33.7574834], [-84.3986431, 33.7574701], [-84.3986437, 33.7571808], [-84.3986526, 33.7568088]]}, "properties": {"surface": "paving_stones", "highway": "pedestrian"}}, {"type": "Feature", "geometry": {"type": "LineString", "coordinates": [[-84.3991049, 33.7577889], [-84.3990197, 33.7577879], [-84.3990016, 33.757788], [-84.398985, 33.7577873], [-84.3986567, 33.7577861], [-84.3986392, 33.7577858], [-84.3986219, 33.7577855], [-84.3982941, 33.7577827], [-84.398277, 33.7577824], [-84.3982594, 33.7577821], [-84.3981464, 33.7577805]]}, "properties": {"surface": "paving_stones", "highway": "pedestrian"}}, {"type": "Feature", "geometry": {"type": "LineString", "coordinates": [[-84.3990126, 33.7568839], [-84.3990302, 33.7568855], [-84.3991179, 33.7568842]]}, "properties": {"surface": "paving_stones", "highway": "pedestrian"}}, {"type": "Feature", "geometry": {"type": "LineString", "coordinates": [[-84.3921396, 33.7519502], [-84.3922941, 33.7517413], [-84.3926053, 33.7513559], [-84.3927133, 33.7512222], [-84.3927794, 33.7511403], [-84.3929114, 33.7509769]]}, "properties": {"surface": "", "highway": "footway"}}, {"type": "Feature", "geometry": {"type": "LineString", "coordinates": [[-84.3880009, 33.752843], [-84.3877497, 33.7529725], [-84.3876583, 33.7530186], [-84.3876258, 33.7530288]]}, "properties": {"surface": "", "highway": "footway"}}, {"type": "Feature", "geometry": {"type": "LineString", "coordinates": [[-84.3923406, 33.7614869], [-84.3923412, 33.7613705]]}, "properties": {"surface": "bricks", "highway": "footway"}}, {"type": "Feature", "geometry": {"type": "LineString", "coordinates": [[-84.3935622, 33.7607003], [-84.3936471, 33.7607784]]}, "properties": {"surface": "bricks", "highway": "footway"}}, {"type": "Feature", "geometry": {"type": "LineString", "coordinates": [[-84.3935583, 33.7609322], [-84.393643, 33.7608642]]}, "properties": {"surface": "bricks", "highway": "footway"}}, {"type": "Feature", "geometry": {"type": "LineString", "coordinates": [[-84.3928907, 33.7586533], [-84.3928194, 33.7586004], [-84.3927995, 33.7585821]]}, "properties": {"surface": "paved", "highway": "footway"}}, {"type": "Feature", "geometry": {"type": "LineString", "coordinates": [[-84.3931564, 33.758442], [-84.3931241, 33.7584218], [-84.3930853, 33.7583974], [-84.393067, 33.7583795]]}, "properties": {"surface": "paved", "highway": "footway"}}, {"type": "Feature", "geometry": {"type": "LineString", "coordinates": [[-84.3939233, 33.7590911], [-84.3939587, 33.7591225], [-84.3940722, 33.7592232]]}, "properties": {"surface": "concrete", "highway": "footway"}}, {"type": "Feature", "geometry": {"type": "LineString", "coordinates": [[-84.3936635, 33.7584474], [-84.3937147, 33.7584106], [-84.3937502, 33.7583851], [-84.39377, 33.7583758]]}, "properties": {"surface": "concrete", "highway": "footway"}}, {"type": "Feature", "geometry": {"type": "LineString", "coordinates": [[-84.3942462, 33.761589], [-84.3945342, 33.7615894], [-84.3945566, 33.7615884]]}, "properties": {"surface": "bricks", "highway": "footway"}}, {"type": "Feature", "geometry": {"type": "LineString", "coordinates": [[-84.3950521, 33.7618211], [-84.3950417, 33.7618118], [-84.3947112, 33.7614863], [-84.3944181, 33.7611977], [-84.3940531, 33.7608328]]}, "properties": {"surface": "concrete", "highway": "footway"}}, {"type": "Feature", "geometry": {"type": "LineString", "coordinates": [[-84.3904615, 33.7622005], [-84.3904735, 33.7621764], [-84.3904806, 33.7610701]]}, "properties": {"surface": "concrete", "highway": "footway"}}, {"type": "Feature", "geometry": {"type": "LineString", "coordinates": [[-84.3662655, 33.7529792], [-84.3663098, 33.7529608], [-84.3667827, 33.7528286], [-84.3669059, 33.7527942], [-84.3669837, 33.7527901], [-84.3673914, 33.7526788], [-84.3673885, 33.752659], [-84.3674571, 33.7526393], [-84.3674644, 33.752656], [-84.3675167, 33.7526414], [-84.3677668, 33.7525506], [-84.3688242, 33.752224]]}, "properties": {"surface": "", "highway": "footway"}}, {"type": "Feature", "geometry": {"type": "LineString", "coordinates": [[-84.3716127, 33.7528453], [-84.3710742, 33.7516473]]}, "properties": {"surface": "", "highway": "footway"}}, {"type": "Feature", "geometry": {"type": "LineString", "coordinates": [[-84.3710742, 33.7516473], [-84.3709703, 33.7514169], [-84.3707686, 33.7509694]]}, "properties": {"surface": "", "highway": "footway"}}, {"type": "Feature", "geometry": {"type": "LineString", "coordinates": [[-84.371728, 33.7528083], [-84.3711977, 33.7516102]]}, "properties": {"surface": "", "highway": "footway"}}, {"type": "Feature", "geometry": {"type": "LineString", "coordinates": [[-84.3711977, 33.7516102], [-84.3710942, 33.7513773], [-84.3708962, 33.7509314]]}, "properties": {"surface": "", "highway": "footway"}}, {"type": "Feature", "geometry": {"type": "LineString", "coordinates": [[-84.371192, 33.7521516], [-84.3712387, 33.7521998], [-84.3715344, 33.7528704], [-84.3715458, 33.7529073], [-84.3707681, 33.7529024], [-84.3707529, 33.7528969], [-84.3705072, 33.7523578], [-84.3704924, 33.7522774], [-84.3704764, 33.7522426], [-84.3702726, 33.7517983]]}, "properties": {"surface": "", "highway": "footway"}}, {"type": "Feature", "geometry": {"type": "LineString", "coordinates": [[-84.3709468, 33.7515933], [-84.371192, 33.7521516]]}, "properties": {"surface": "", "highway": "footway"}}, {"type": "Feature", "geometry": {"type": "LineString", "coordinates": [[-84.3698207, 33.7519358], [-84.3698646, 33.7519204], [-84.3698696, 33.7519187], [-84.3701518, 33.7518347], [-84.3701774, 33.7518271], [-84.3703849, 33.7522919], [-84.3706033, 33.7527811], [-84.3706681, 33.7529262], [-84.3708533, 33.753341], [-84.3710738, 33.753835], [-84.3712507, 33.7542286]]}, "properties": {"surface": "", "highway": "footway"}}, {"type": "Feature", "geometry": {"type": "LineString", "coordinates": [[-84.3702726, 33.7517983], [-84.3704039, 33.7517584], [-84.3709468, 33.7515933]]}, "properties": {"surface": "", "highway": "footway"}}, {"type": "Feature", "geometry": {"type": "LineString", "coordinates": [[-84.3712334, 33.7514969], [-84.3712694, 33.7514853], [-84.3719263, 33.7512736], [-84.3726519, 33.7510397], [-84.3734224, 33.7507978], [-84.3735127, 33.7507758], [-84.373534, 33.7507839]]}, "properties": {"surface": "", "highway": "footway"}}, {"type": "Feature", "geometry": {"type": "LineString", "coordinates": [[-84.3765845, 33.7495347], [-84.3765829, 33.7496513], [-84.3765829, 33.7496959], [-84.3765827, 33.7498766]]}, "properties": {"surface": "", "highway": "footway"}}, {"type": "Feature", "geometry": {"type": "LineString", "coordinates": [[-84.3631713, 33.7712215], [-84.364403, 33.7712221], [-84.3647797, 33.7712223]]}, "properties": {"surface": "concrete:plates", "highway": "footway"}}, {"type": "Feature", "geometry": {"type": "LineString", "coordinates": [[-84.3700424, 33.7576999], [-84.3700588, 33.7577002], [-84.3701433, 33.7577018], [-84.3707841, 33.757714], [-84.3710944, 33.7577204], [-84.3712494, 33.7577235]]}, "properties": {"surface": "concrete", "highway": "footway"}}, {"type": "Feature", "geometry": {"type": "LineString", "coordinates": [[-84.3652756, 33.7542912], [-84.3655365, 33.7542556], [-84.3657266, 33.7542399], [-84.3658894, 33.7542359], [-84.3662327, 33.7542345], [-84.3664522, 33.7542331], [-84.3668882, 33.7542319]]}, "properties": {"surface": "", "highway": "footway"}}, {"type": "Feature", "geometry": {"type": "LineString", "coordinates": [[-84.3668882, 33.7542319], [-84.3673466, 33.7542287], [-84.3674587, 33.7542281], [-84.3674659, 33.7537872], [-84.3673297, 33.7538263], [-84.3671056, 33.7538906], [-84.366959, 33.7539327], [-84.366552, 33.7540495]]}, "properties": {"surface": "", "highway": "footway"}}, {"type": "Feature", "geometry": {"type": "LineString", "coordinates": [[-84.3652788, 33.754434], [-84.3653103, 33.7544283], [-84.3653633, 33.7544187], [-84.3654159, 33.7544094], [-84.3654788, 33.7543983], [-84.365653, 33.7543816], [-84.3658027, 33.7543769], [-84.3659073, 33.7543736], [-84.3666335, 33.754367], [-84.3668908, 33.7543646]]}, "properties": {"surface": "concrete", "highway": "footway"}}, {"type": "Feature", "geometry": {"type": "LineString", "coordinates": [[-84.3668908, 33.7543646], [-84.3679481, 33.7543597]]}, "properties": {"surface": "concrete", "highway": "footway"}}, {"type": "Feature", "geometry": {"type": "LineString", "coordinates": [[-84.3662655, 33.7529792], [-84.3663183, 33.753214], [-84.3663559, 33.7533609], [-84.3663867, 33.753389], [-84.3665232, 33.7538915], [-84.366519, 33.7539232], [-84.3665316, 33.7539623], [-84.3667399, 33.7539006], [-84.3667623, 33.7539061], [-84.3667792, 33.7539016], [-84.366787, 33.753888], [-84.3669628, 33.7538351], [-84.3673836, 33.7537083], [-84.3673987, 33.7536902], [-84.3674566, 33.7536697], [-84.3674644, 33.752656]]}, "properties": {"surface": "", "highway": "footway"}}, {"type": "Feature", "geometry": {"type": "LineString", "coordinates": [[-84.3860599, 33.7487357], [-84.3859715, 33.7487118], [-84.385883, 33.748694], [-84.3857962, 33.7486801]]}, "properties": {"surface": "", "highway": "footway"}}, {"type": "Feature", "geometry": {"type": "LineString", "coordinates": [[-84.3859025, 33.7488994], [-84.3859031, 33.7488256], [-84.3858843, 33.7487665], [-84.385836, 33.7487163], [-84.3857962, 33.7486801]]}, "properties": {"surface": "", "highway": "footway"}}, {"type": "Feature", "geometry": {"type": "LineString", "coordinates": [[-84.3863631, 33.7484565], [-84.3862989, 33.748514], [-84.3862705, 33.7485383], [-84.3861707, 33.748507], [-84.3858652, 33.7484114]]}, "properties": {"surface": "", "highway": "footway"}}, {"type": "Feature", "geometry": {"type": "LineString", "coordinates": [[-84.3865656, 33.7486522], [-84.3864717, 33.7485935]]}, "properties": {"surface": "", "highway": "footway"}}, {"type": "Feature", "geometry": {"type": "LineString", "coordinates": [[-84.3857435, 33.7485847], [-84.3856416, 33.7485568]]}, "properties": {"surface": "", "highway": "footway"}}, {"type": "Feature", "geometry": {"type": "LineString", "coordinates": [[-84.3862639, 33.7488141], [-84.3858648, 33.7491998], [-84.3853114, 33.7497115], [-84.3849264, 33.750074], [-84.3844131, 33.7505852], [-84.3843718, 33.7506291]]}, "properties": {"surface": "", "highway": "footway"}}, {"type": "Feature", "geometry": {"type": "LineString", "coordinates": [[-84.387891, 33.7467916], [-84.3881478, 33.746801]]}, "properties": {"surface": "", "highway": "footway"}}, {"type": "Feature", "geometry": {"type": "LineString", "coordinates": [[-84.3887948, 33.7494202], [-84.3886163, 33.7493228], [-84.3885873, 33.7493071]]}, "properties": {"surface": "", "highway": "pedestrian"}}, {"type": "Feature", "geometry": {"type": "LineString", "coordinates": [[-84.3877556, 33.7495449], [-84.3877967, 33.749493], [-84.3878105, 33.7494737]]}, "properties": {"surface": "", "highway": "pedestrian"}}, {"type": "Feature", "geometry": {"type": "LineString", "coordinates": [[-84.4026547, 33.7564099], [-84.40266, 33.7569368], [-84.4026116, 33.7570878], [-84.4025811, 33.7570876], [-84.4025548, 33.7570882]]}, "properties": {"surface": "", "highway": "footway"}}, {"type": "Feature", "geometry": {"type": "LineString", "coordinates": [[-84.40259, 33.7588289], [-84.4025964, 33.7585763], [-84.4025969, 33.7585601], [-84.4025996, 33.7584779], [-84.4026118, 33.7584178], [-84.4026165, 33.7583949], [-84.4026204, 33.7583753], [-84.402625, 33.7583527], [-84.4026294, 33.7583312], [-84.4026329, 33.758314], [-84.4026329, 33.7583077], [-84.4026331, 33.7582854], [-84.4026333, 33.7582639], [-84.4026335, 33.7582425], [-84.402634, 33.7581732], [-84.4025967, 33.7581406]]}, "properties": {"surface": "", "highway": "footway"}}, {"type": "Feature", "geometry": {"type": "LineString", "coordinates": [[-84.4026922, 33.7633261], [-84.4026889, 33.7632995], [-84.402679, 33.7632503], [-84.4026596, 33.7631983], [-84.4025583, 33.7627916], [-84.4025985, 33.7626524], [-84.4026035, 33.7612407]]}, "properties": {"surface": "", "highway": "footway"}}, {"type": "Feature", "geometry": {"type": "LineString", "coordinates": [[-84.4027043, 33.7528322], [-84.4027104, 33.7525755], [-84.4027173, 33.7523154], [-84.4027139, 33.7522698], [-84.4026701, 33.7521376], [-84.402688, 33.7518941], [-84.4027059, 33.7517531], [-84.4027254, 33.7516408], [-84.4027374, 33.7516153], [-84.4027788, 33.7515522], [-84.4027964, 33.75152], [-84.4028045, 33.7514865]]}, "properties": {"surface": "concrete", "highway": "footway"}}, {"type": "Feature", "geometry": {"type": "LineString", "coordinates": [[-84.3987454, 33.7546561], [-84.3986479, 33.7547771], [-84.3985987, 33.7548744], [-84.3984806, 33.7551029], [-84.3982293, 33.7554317], [-84.3982189, 33.7554623], [-84.3982193, 33.7555013], [-84.3982115, 33.7555062]]}, "properties": {"surface": "", "highway": "footway"}}, {"type": "Feature", "geometry": {"type": "LineString", "coordinates": [[-84.3874008, 33.7649441], [-84.3873923, 33.7658713]]}, "properties": {"surface": "concrete", "highway": "footway"}}, {"type": "Feature", "geometry": {"type": "LineString", "coordinates": [[-84.3835938, 33.7642386], [-84.3840326, 33.7642667]]}, "properties": {"surface": "", "highway": "footway"}}, {"type": "Feature", "geometry": {"type": "LineString", "coordinates": [[-84.4025632, 33.7578778], [-84.4025627, 33.7577897]]}, "properties": {"surface": "", "highway": "footway"}}, {"type": "Feature", "geometry": {"type": "LineString", "coordinates": [[-84.4025627, 33.7577774], [-84.4025582, 33.7576905]]}, "properties": {"surface": "", "highway": "footway"}}, {"type": "Feature", "geometry": {"type": "LineString", "coordinates": [[-84.3841664, 33.7556385], [-84.3841408, 33.7556385], [-84.3830611, 33.755638], [-84.3830229, 33.7556373], [-84.3826889, 33.7556257], [-84.3823548, 33.7556241], [-84.3823288, 33.7556254]]}, "properties": {"surface": "", "highway": "footway"}}, {"type": "Feature", "geometry": {"type": "LineString", "coordinates": [[-84.3830954, 33.7556817], [-84.3830229, 33.7556373]]}, "properties": {"surface": "", "highway": "footway"}}, {"type": "Feature", "geometry": {"type": "LineString", "coordinates": [[-84.3859554, 33.7521335], [-84.3862424, 33.7518537]]}, "properties": {"surface": "", "highway": "pedestrian"}}, {"type": "Feature", "geometry": {"type": "LineString", "coordinates": [[-84.3858016, 33.7520192], [-84.386079, 33.7517353]]}, "properties": {"surface": "", "highway": "pedestrian"}}, {"type": "Feature", "geometry": {"type": "LineString", "coordinates": [[-84.3852985, 33.7533803], [-84.3857082, 33.7530055]]}, "properties": {"surface": "", "highway": "footway"}}, {"type": "Feature", "geometry": {"type": "LineString", "coordinates": [[-84.3852985, 33.7533803], [-84.3850735, 33.7531853], [-84.3850538, 33.7531693], [-84.3850384, 33.7531568], [-84.3850235, 33.7531464], [-84.3849261, 33.7530782], [-84.3843003, 33.7526374]]}, "properties": {"surface": "", "highway": "footway"}}, {"type": "Feature", "geometry": {"type": "LineString", "coordinates": [[-84.3721216, 33.7566456], [-84.3722116, 33.7566433], [-84.3722986, 33.7566411], [-84.3723123, 33.7565107]]}, "properties": {"surface": "", "highway": "service"}}, {"type": "Feature", "geometry": {"type": "LineString", "coordinates": [[-84.3791265, 33.7542581], [-84.3790627, 33.7542509], [-84.3790077, 33.7542502], [-84.3782288, 33.7542407], [-84.3781931, 33.7542403], [-84.3781617, 33.754248]]}, "properties": {"surface": "concrete", "highway": "footway"}}, {"type": "Feature", "geometry": {"type": "LineString", "coordinates": [[-84.3894725, 33.7591572], [-84.3894527, 33.7591508], [-84.3893978, 33.7591073], [-84.3892926, 33.759009], [-84.3892692, 33.7589841], [-84.3892163, 33.7589337], [-84.389072, 33.7587867], [-84.3890269, 33.7587408]]}, "properties": {"surface": "concrete", "highway": "footway"}}, {"type": "Feature", "geometry": {"type": "LineString", "coordinates": [[-84.3887551, 33.7555994], [-84.3891512, 33.7550055]]}, "properties": {"surface": "paving_stones", "highway": "footway"}}, {"type": "Feature", "geometry": {"type": "LineString", "coordinates": [[-84.3885651, 33.7559528], [-84.3884655, 33.7559873], [-84.3883573, 33.7559767], [-84.3882424, 33.7559304], [-84.3881064, 33.755818], [-84.3880439, 33.7557569], [-84.3880226, 33.7557253]]}, "properties": {"surface": "paving_stones", "highway": "footway"}}, {"type": "Feature", "geometry": {"type": "LineString", "coordinates": [[-84.3880226, 33.7557253], [-84.3880136, 33.75569], [-84.3880076, 33.7556545], [-84.3880442, 33.7555812], [-84.3880767, 33.7555163], [-84.388164, 33.7553517], [-84.3882988, 33.7551377]]}, "properties": {"surface": "", "highway": "footway"}}, {"type": "Feature", "geometry": {"type": "LineString", "coordinates": [[-84.4026594, 33.7562167], [-84.4025722, 33.7562537], [-84.402529, 33.7562401], [-84.4025237, 33.7562334], [-84.4023573, 33.7559889], [-84.4026062, 33.7551217], [-84.4026314, 33.7547321]]}, "properties": {"surface": "", "highway": "footway"}}, {"type": "Feature", "geometry": {"type": "LineString", "coordinates": [[-84.4023296, 33.7570964], [-84.4021195, 33.7572032], [-84.4021208, 33.7570873], [-84.4020162, 33.7569445]]}, "properties": {"surface": "", "highway": "pedestrian"}}, {"type": "Feature", "geometry": {"type": "LineString", "coordinates": [[-84.4015554, 33.7566975], [-84.4015575, 33.7567338], [-84.4019054, 33.7567688], [-84.4019391, 33.7567823], [-84.4015225, 33.7567871], [-84.4015622, 33.7567993], [-84.4017879, 33.7568259]]}, "properties": {"surface": "", "highway": "pedestrian"}}, {"type": "Feature", "geometry": {"type": "LineString", "coordinates": [[-84.4004942, 33.7579666], [-84.4016187, 33.7579741], [-84.4021321, 33.7579775], [-84.4025167, 33.7579752], [-84.402546, 33.7579725], [-84.4025707, 33.7579471], [-84.4025709, 33.7579218]]}, "properties": {"surface": "", "highway": "footway"}}, {"type": "Feature", "geometry": {"type": "LineString", "coordinates": [[-84.4021897, 33.7577797], [-84.4021049, 33.7578225]]}, "properties": {"surface": "", "highway": "pedestrian"}}, {"type": "Feature", "geometry": {"type": "LineString", "coordinates": [[-84.3902933, 33.7536079], [-84.3904177, 33.7535318], [-84.3905203, 33.753484], [-84.3906413, 33.7534277], [-84.3907755, 33.7533713], [-84.390895, 33.7533211], [-84.391068, 33.7532377], [-84.3910958, 33.7532145], [-84.3911449, 33.7531851]]}, "properties": {"surface": "", "highway": "footway"}}, {"type": "Feature", "geometry": {"type": "LineString", "coordinates": [[-84.3901306, 33.753763], [-84.3899376, 33.7540263], [-84.3897756, 33.7542267]]}, "properties": {"surface": "", "highway": "footway"}}, {"type": "Feature", "geometry": {"type": "LineString", "coordinates": [[-84.3899015, 33.7543072], [-84.3902892, 33.7538229]]}, "properties": {"surface": "", "highway": "footway"}}, {"type": "Feature", "geometry": {"type": "LineString", "coordinates": [[-84.3894947, 33.7545761], [-84.3894205, 33.7546658], [-84.3892973, 33.7548149], [-84.3892098, 33.754929], [-84.3891512, 33.7550055]]}, "properties": {"surface": "", "highway": "footway"}}, {"type": "Feature", "geometry": {"type": "LineString", "coordinates": [[-84.3905922, 33.7535935], [-84.3907261, 33.7536649], [-84.3910847, 33.7538769]]}, "properties": {"surface": "", "highway": "pedestrian"}}, {"type": "Feature", "geometry": {"type": "LineString", "coordinates": [[-84.392017, 33.7521114], [-84.3912574, 33.7530633]]}, "properties": {"surface": "", "highway": "footway"}}, {"type": "Feature", "geometry": {"type": "LineString", "coordinates": [[-84.3902276, 33.7524953], [-84.3904911, 33.752167], [-84.3909896, 33.7515456]]}, "properties": {"surface": "concrete", "highway": "footway"}}, {"type": "Feature", "geometry": {"type": "LineString", "coordinates": [[-84.3911449, 33.7531851], [-84.3908236, 33.7530078], [-84.3907682, 33.7529771], [-84.3907391, 33.752961], [-84.3907016, 33.7529403], [-84.3901226, 33.7526222]]}, "properties": {"surface": "", "highway": "footway"}}, {"type": "Feature", "geometry": {"type": "LineString", "coordinates": [[-84.3893673, 33.7490588], [-84.3885952, 33.7500024]]}, "properties": {"surface": "", "highway": "footway"}}, {"type": "Feature", "geometry": {"type": "LineString", "coordinates": [[-84.3858652, 33.7484114], [-84.3847255, 33.7480552]]}, "properties": {"surface": "", "highway": "footway"}}, {"type": "Feature", "geometry": {"type": "LineString", "coordinates": [[-84.3852018, 33.7534833], [-84.3851683, 33.7534466], [-84.3848002, 33.7532097], [-84.3846003, 33.7530638], [-84.384159, 33.7527321]]}, "properties": {"surface": "", "highway": "footway"}}, {"type": "Feature", "geometry": {"type": "LineString", "coordinates": [[-84.3818917, 33.7685886], [-84.3818658, 33.7685717]]}, "properties": {"surface": "concrete", "highway": "footway"}}, {"type": "Feature", "geometry": {"type": "LineString", "coordinates": [[-84.3818917, 33.7685886], [-84.3818899, 33.7677371], [-84.3818362, 33.7676724], [-84.381739, 33.7676244], [-84.3811431, 33.7676144], [-84.3793652, 33.7675843], [-84.3785421, 33.7675704], [-84.3783401, 33.7675455]]}, "properties": {"surface": "", "highway": "footway"}}, {"type": "Feature", "geometry": {"type": "LineString", "coordinates": [[-84.384423, 33.7503355], [-84.3849438, 33.7498451]]}, "properties": {"surface": "", "highway": "footway"}}, {"type": "Feature", "geometry": {"type": "LineString", "coordinates": [[-84.3858121, 33.7489005], [-84.3858045, 33.7489434], [-84.3857744, 33.7490199], [-84.3857459, 33.7490742], [-84.3857323, 33.7490866], [-84.3855987, 33.7492091], [-84.3852757, 33.749525]]}, "properties": {"surface": "", "highway": "footway"}}, {"type": "Feature", "geometry": {"type": "LineString", "coordinates": [[-84.3820238, 33.7528554], [-84.3816683, 33.7531895], [-84.3816028, 33.753251], [-84.3811629, 33.7536639], [-84.3811606, 33.7536982]]}, "properties": {"surface": "", "highway": "footway"}}, {"type": "Feature", "geometry": {"type": "LineString", "coordinates": [[-84.3861478, 33.7544104], [-84.3861536, 33.7544064], [-84.3861646, 33.7543952], [-84.3861742, 33.7543817], [-84.3861783, 33.7543752], [-84.3861871, 33.7543614], [-84.3861946, 33.754345], [-84.3861981, 33.7543375], [-84.386201, 33.7543287], [-84.3862019, 33.754316], [-84.3861991, 33.754281], [-84.3861951, 33.7542659], [-84.3861855, 33.7542488], [-84.3861682, 33.7542328], [-84.3859222, 33.7540527], [-84.3855366, 33.7537712], [-84.3854355, 33.7536974], [-84.3854186, 33.7536693], [-84.3854023, 33.7536236]]}, "properties": {"surface": "", "highway": "footway"}}, {"type": "Feature", "geometry": {"type": "LineString", "coordinates": [[-84.3853458, 33.7535844], [-84.3853603, 33.7535861], [-84.3853765, 33.753592], [-84.3853862, 33.7535974], [-84.385395, 33.7536045], [-84.3854012, 33.7536153], [-84.3854023, 33.7536236]]}, "properties": {"surface": "", "highway": "footway"}}, {"type": "Feature", "geometry": {"type": "LineString", "coordinates": [[-84.3862272, 33.7550786], [-84.3862317, 33.7549823], [-84.3862555, 33.7548933], [-84.386306, 33.7547976], [-84.3863741, 33.7547042], [-84.3864879, 33.7545795]]}, "properties": {"surface": "", "highway": "footway"}}, {"type": "Feature", "geometry": {"type": "LineString", "coordinates": [[-84.3845124, 33.7541156], [-84.384867, 33.7537838], [-84.3852018, 33.7534833]]}, "properties": {"surface": "", "highway": "footway"}}, {"type": "Feature", "geometry": {"type": "LineString", "coordinates": [[-84.384173, 33.7555002], [-84.3841745, 33.7554655], [-84.3841941, 33.7548341], [-84.3842157, 33.7545563]]}, "properties": {"surface": "", "highway": "footway"}}, {"type": "Feature", "geometry": {"type": "LineString", "coordinates": [[-84.3823624, 33.7545375], [-84.3823507, 33.7551144], [-84.3823409, 33.7554782]]}, "properties": {"surface": "", "highway": "footway"}}, {"type": "Feature", "geometry": {"type": "LineString", "coordinates": [[-84.3822157, 33.7545415], [-84.3822037, 33.7545732], [-84.382196, 33.7546311], [-84.3821851, 33.7549201], [-84.3821745, 33.755479]]}, "properties": {"surface": "", "highway": "footway"}}, {"type": "Feature", "geometry": {"type": "LineString", "coordinates": [[-84.3823855, 33.754533], [-84.3827317, 33.7545356], [-84.3834902, 33.7545413], [-84.3836204, 33.7545422], [-84.3842028, 33.7545466]]}, "properties": {"surface": "", "highway": "footway"}}, {"type": "Feature", "geometry": {"type": "LineString", "coordinates": [[-84.3842157, 33.7545563], [-84.3842028, 33.7545466]]}, "properties": {"surface": "", "highway": "footway"}}, {"type": "Feature", "geometry": {"type": "LineString", "coordinates": [[-84.3821919, 33.7545248], [-84.3814205, 33.7545169], [-84.3805263, 33.7545054], [-84.3803919, 33.7545005]]}, "properties": {"surface": "", "highway": "footway"}}, {"type": "Feature", "geometry": {"type": "LineString", "coordinates": [[-84.3794923, 33.755457], [-84.3795069, 33.7549164], [-84.3795192, 33.7545201], [-84.3795272, 33.7545029]]}, "properties": {"surface": "", "highway": "footway"}}, {"type": "Feature", "geometry": {"type": "LineString", "coordinates": [[-84.380187, 33.7545023], [-84.3797922, 33.754498], [-84.3795752, 33.7544938]]}, "properties": {"surface": "", "highway": "footway"}}, {"type": "Feature", "geometry": {"type": "LineString", "coordinates": [[-84.3794854, 33.7543157], [-84.3801819, 33.7543153]]}, "properties": {"surface": "", "highway": "footway"}}, {"type": "Feature", "geometry": {"type": "LineString", "coordinates": [[-84.3821745, 33.755479], [-84.3821291, 33.7554827], [-84.3804022, 33.7554756], [-84.3803407, 33.7554674]]}, "properties": {"surface": "concrete", "highway": "footway"}}, {"type": "Feature", "geometry": {"type": "LineString", "coordinates": [[-84.3821575, 33.7570271], [-84.3815503, 33.7571362], [-84.3814611, 33.7571518], [-84.3811077, 33.7572124], [-84.3804945, 33.7573174], [-84.3803295, 33.7573252]]}, "properties": {"surface": "", "highway": "footway"}}, {"type": "Feature", "geometry": {"type": "LineString", "coordinates": [[-84.3802975, 33.7574868], [-84.3803445, 33.7574561], [-84.3808379, 33.7573759], [-84.3813721, 33.7572836], [-84.381647, 33.757244], [-84.3820989, 33.7571789], [-84.3821228, 33.7571797], [-84.3821433, 33.7572139]]}, "properties": {"surface": "", "highway": "footway"}}, {"type": "Feature", "geometry": {"type": "LineString", "coordinates": [[-84.3801329, 33.7575015], [-84.3799097, 33.7577387]]}, "properties": {"surface": "", "highway": "footway"}}, {"type": "Feature", "geometry": {"type": "LineString", "coordinates": [[-84.3801329, 33.7575015], [-84.379443, 33.757624], [-84.3794214, 33.7576281], [-84.3791554, 33.7576784], [-84.3787431, 33.7577505], [-84.3786254, 33.7577711], [-84.3783069, 33.7578189], [-84.3782016, 33.7578307], [-84.3779596, 33.7578545]]}, "properties": {"surface": "", "highway": "footway"}}, {"type": "Feature", "geometry": {"type": "LineString", "coordinates": [[-84.3779911, 33.7576297], [-84.3781742, 33.7576218], [-84.379128, 33.7574688], [-84.3793697, 33.7574277]]}, "properties": {"surface": "", "highway": "footway"}}, {"type": "Feature", "geometry": {"type": "LineString", "coordinates": [[-84.3801647, 33.7561361], [-84.3801584, 33.7565336], [-84.3801583, 33.7568471], [-84.3801583, 33.7569868], [-84.3801597, 33.7572098], [-84.3801154, 33.7572934], [-84.3800566, 33.7573396], [-84.3799773, 33.757367], [-84.3798995, 33.7573803], [-84.3798487, 33.7573836], [-84.3798136, 33.7573859], [-84.3796889, 33.7573792], [-84.379638, 33.7573625], [-84.379532, 33.7573056], [-84.3794904, 33.7572387], [-84.3794784, 33.7571518], [-84.379473, 33.7570693], [-84.3794682, 33.7562423], [-84.3794709, 33.75575], [-84.3794694, 33.7556189]]}, "properties": {"surface": "", "highway": "footway"}}, {"type": "Feature", "geometry": {"type": "LineString", "coordinates": [[-84.3769041, 33.7578242], [-84.3768925, 33.7579023], [-84.3768904, 33.757957]]}, "properties": {"surface": "", "highway": "footway"}}, {"type": "Feature", "geometry": {"type": "LineString", "coordinates": [[-84.3720246, 33.757592], [-84.3720363, 33.7573331], [-84.3720363, 33.7572477]]}, "properties": {"surface": "concrete", "highway": "footway"}}, {"type": "Feature", "geometry": {"type": "LineString", "coordinates": [[-84.3720387, 33.757173], [-84.372034, 33.7570342], [-84.3720398, 33.7569283], [-84.3720398, 33.7569138]]}, "properties": {"surface": "", "highway": "footway"}}, {"type": "Feature", "geometry": {"type": "LineString", "coordinates": [[-84.3720398, 33.7568478], [-84.3720481, 33.7563659], [-84.372055, 33.7559635]]}, "properties": {"surface": "", "highway": "footway"}}, {"type": "Feature", "geometry": {"type": "LineString", "coordinates": [[-84.372055, 33.7559635], [-84.3720585, 33.7559363]]}, "properties": {"surface": "", "highway": "footway"}}, {"type": "Feature", "geometry": {"type": "LineString", "coordinates": [[-84.3720585, 33.7559363], [-84.3720561, 33.7559202]]}, "properties": {"surface": "", "highway": "footway"}}, {"type": "Feature", "geometry": {"type": "LineString", "coordinates": [[-84.372055, 33.7558354], [-84.3720597, 33.7556966], [-84.3720631, 33.7555897], [-84.3720597, 33.7555578]]}, "properties": {"surface": "", "highway": "footway"}}, {"type": "Feature", "geometry": {"type": "LineString", "coordinates": [[-84.3722767, 33.7604211], [-84.3722242, 33.7604795], [-84.3721992, 33.7605845], [-84.3721591, 33.7607207], [-84.3721516, 33.7613004]]}, "properties": {"surface": "concrete", "highway": "footway"}}, {"type": "Feature", "geometry": {"type": "LineString", "coordinates": [[-84.3698173, 33.7554562], [-84.369986, 33.7554098], [-84.3701449, 33.7554004], [-84.3707468, 33.7554078], [-84.3709843, 33.7554107], [-84.371004, 33.7554106], [-84.3711257, 33.7554099], [-84.3715929, 33.7554075], [-84.3720552, 33.755405], [-84.3720624, 33.7552311]]}, "properties": {"surface": "paving_stones", "highway": "footway"}}, {"type": "Feature", "geometry": {"type": "LineString", "coordinates": [[-84.3720624, 33.7552311], [-84.3720656, 33.755204], [-84.3720666, 33.7551422]]}, "properties": {"surface": "", "highway": "footway"}}, {"type": "Feature", "geometry": {"type": "LineString", "coordinates": [[-84.3720666, 33.7551422], [-84.3720712, 33.7549234], [-84.3720822, 33.7544044], [-84.3720807, 33.7543887]]}, "properties": {"surface": "concrete", "highway": "footway"}}, {"type": "Feature", "geometry": {"type": "LineString", "coordinates": [[-84.369729, 33.7519616], [-84.3697528, 33.7519772], [-84.3697557, 33.7519866], [-84.3697355, 33.7542014], [-84.3697205, 33.7542125], [-84.3690079, 33.7542114], [-84.3688827, 33.7542146]]}, "properties": {"surface": "", "highway": "footway"}}, {"type": "Feature", "geometry": {"type": "LineString", "coordinates": [[-84.3688858, 33.7543556], [-84.368581, 33.7543601], [-84.3681069, 33.7543671]]}, "properties": {"surface": "concrete", "highway": "footway"}}, {"type": "Feature", "geometry": {"type": "LineString", "coordinates": [[-84.3667195, 33.7621571], [-84.3674221, 33.7621518], [-84.3677688, 33.762155]]}, "properties": {"surface": "", "highway": "footway"}}, {"type": "Feature", "geometry": {"type": "LineString", "coordinates": [[-84.371854, 33.7640268], [-84.3717069, 33.7640204], [-84.3715202, 33.7640294], [-84.3712916, 33.7640303], [-84.3711039, 33.7640231], [-84.3709344, 33.7640267], [-84.3707724, 33.7640258], [-84.3705535, 33.764024], [-84.370267, 33.7640231], [-84.3701415, 33.7640204], [-84.3701254, 33.7640205], [-84.3699248, 33.7640216], [-84.3697145, 33.7640227], [-84.3696373, 33.7640231], [-84.3694603, 33.764019], [-84.3692929, 33.7640151], [-84.3691963, 33.7640147], [-84.3690804, 33.7640142], [-84.3690483, 33.7640131], [-84.3688484, 33.7640065], [-84.3687138, 33.7640112], [-84.368691, 33.7640114], [-84.3683219, 33.7640151], [-84.3678829, 33.76401], [-84.3678745, 33.7642987], [-84.3678702, 33.764585], [-84.3678745, 33.7647697], [-84.3682736, 33.7647875], [-84.3684271, 33.7647799]]}, "properties": {"surface": "", "highway": "footway"}}, {"type": "Feature", "geometry": {"type": "LineString", "coordinates": [[-84.3677406, 33.7638962], [-84.3677481, 33.7632881], [-84.3674232, 33.7632835], [-84.3667125, 33.7632567], [-84.3667087, 33.7636323], [-84.366711, 33.7638871], [-84.3677406, 33.7638962]]}, "properties": {"surface": "", "highway": "footway"}}, {"type": "Feature", "geometry": {"type": "LineString", "coordinates": [[-84.3653108, 33.7696054], [-84.365223, 33.7696937], [-84.365139, 33.7697882], [-84.3651184, 33.7698142], [-84.365109, 33.7698293], [-84.3651029, 33.7698442], [-84.3651013, 33.7698646], [-84.3651021, 33.769885], [-84.3651078, 33.7699087], [-84.3651815, 33.7700242], [-84.3652419, 33.770112], [-84.3653196, 33.7702263], [-84.3653424, 33.7702925], [-84.3653557, 33.7703508], [-84.365405, 33.7704793], [-84.3654581, 33.7705605], [-84.365533, 33.7706528], [-84.365607, 33.770715], [-84.3656942, 33.7708285], [-84.3657824, 33.7709539], [-84.3657919, 33.7709949], [-84.3657815, 33.7710153]]}, "properties": {"surface": "concrete:plates", "highway": "footway"}}, {"type": "Feature", "geometry": {"type": "LineString", "coordinates": [[-84.366001, 33.7710327], [-84.3662122, 33.7710242], [-84.366567, 33.7710483], [-84.3667834, 33.7710489], [-84.3672136, 33.7710501], [-84.3672888, 33.7710503], [-84.3676171, 33.7710403]]}, "properties": {"surface": "concrete:plates", "highway": "footway"}}, {"type": "Feature", "geometry": {"type": "LineString", "coordinates": [[-84.3656809, 33.771635], [-84.3653974, 33.7716129], [-84.3651233, 33.7715963]]}, "properties": {"surface": "", "highway": "footway"}}, {"type": "Feature", "geometry": {"type": "LineString", "coordinates": [[-84.3659607, 33.7716525], [-84.3660803, 33.7716597], [-84.3661904, 33.7716664], [-84.3662689, 33.7716712]]}, "properties": {"surface": "", "highway": "footway"}}, {"type": "Feature", "geometry": {"type": "LineString", "coordinates": [[-84.3663713, 33.7716752], [-84.3664879, 33.7716854]]}, "properties": {"surface": "", "highway": "footway"}}, {"type": "Feature", "geometry": {"type": "LineString", "coordinates": [[-84.3668411, 33.7723067], [-84.3668335, 33.7723063], [-84.3666548, 33.772297], [-84.3663837, 33.7722797], [-84.3663527, 33.7722781], [-84.3661672, 33.7722688], [-84.3659027, 33.7722493], [-84.3656918, 33.7722317], [-84.3656311, 33.7722266]]}, "properties": {"surface": "concrete:plates", "highway": "footway"}}, {"type": "Feature", "geometry": {"type": "LineString", "coordinates": [[-84.3668411, 33.7723067], [-84.3668509, 33.7723824], [-84.3668392, 33.7725619], [-84.3668182, 33.772691], [-84.3667925, 33.7728628], [-84.3667552, 33.7731161], [-84.366732, 33.7733271]]}, "properties": {"surface": "", "highway": "footway"}}, {"type": "Feature", "geometry": {"type": "LineString", "coordinates": [[-84.366732, 33.7733271], [-84.3662159, 33.7733029], [-84.3657489, 33.7732752], [-84.3655157, 33.7732598], [-84.3654777, 33.7732584], [-84.3654248, 33.7732563], [-84.3653969, 33.773254], [-84.3653264, 33.7732343], [-84.3650872, 33.7732177], [-84.3649263, 33.7732197]]}, "properties": {"surface": "", "highway": "footway"}}, {"type": "Feature", "geometry": {"type": "LineString", "coordinates": [[-84.3675663, 33.7733866], [-84.3675595, 33.7733858], [-84.3669161, 33.7733378]]}, "properties": {"surface": "", "highway": "footway"}}, {"type": "Feature", "geometry": {"type": "LineString", "coordinates": [[-84.3695399, 33.7737145], [-84.3694465, 33.7736933]]}, "properties": {"surface": "", "highway": "footway"}}, {"type": "Feature", "geometry": {"type": "LineString", "coordinates": [[-84.3697, 33.7737324], [-84.3695399, 33.7737145]]}, "properties": {"surface": "", "highway": "footway"}}, {"type": "Feature", "geometry": {"type": "LineString", "coordinates": [[-84.3694019, 33.7736832], [-84.3692191, 33.7736558]]}, "properties": {"surface": "", "highway": "footway"}}, {"type": "Feature", "geometry": {"type": "LineString", "coordinates": [[-84.3692191, 33.7736558], [-84.3691647, 33.7736465], [-84.3691033, 33.7736336]]}, "properties": {"surface": "", "highway": "footway"}}, {"type": "Feature", "geometry": {"type": "LineString", "coordinates": [[-84.3686997, 33.7735774], [-84.368482, 33.7735391], [-84.368262, 33.7735004], [-84.3677463, 33.7734098], [-84.3677397, 33.7734089]]}, "properties": {"surface": "", "highway": "footway"}}, {"type": "Feature", "geometry": {"type": "LineString", "coordinates": [[-84.3700093, 33.7608044], [-84.3700099, 33.7612853], [-84.3704624, 33.7612881], [-84.3705994, 33.7612889], [-84.3719196, 33.7612969]]}, "properties": {"surface": "", "highway": "footway"}}, {"type": "Feature", "geometry": {"type": "LineString", "coordinates": [[-84.3698837, 33.7608445], [-84.369868, 33.7612852], [-84.3692625, 33.7612825], [-84.3691174, 33.7612818], [-84.3679747, 33.7612766], [-84.3679334, 33.7612586]]}, "properties": {"surface": "", "highway": "footway"}}, {"type": "Feature", "geometry": {"type": "LineString", "coordinates": [[-84.3679252, 33.7611514], [-84.3679349, 33.7606148]]}, "properties": {"surface": "", "highway": "footway"}}, {"type": "Feature", "geometry": {"type": "LineString", "coordinates": [[-84.3679349, 33.7606148], [-84.3679401, 33.7603526], [-84.3683199, 33.7603501]]}, "properties": {"surface": "", "highway": "footway"}}, {"type": "Feature", "geometry": {"type": "LineString", "coordinates": [[-84.3679204, 33.7613881], [-84.3679185, 33.7614763], [-84.3679069, 33.7620053], [-84.3678885, 33.7627724], [-84.367901, 33.7631378]]}, "properties": {"surface": "", "highway": "footway"}}, {"type": "Feature", "geometry": {"type": "LineString", "coordinates": [[-84.3679334, 33.7612586], [-84.3679252, 33.7611514]]}, "properties": {"surface": "", "highway": "footway"}}, {"type": "Feature", "geometry": {"type": "LineString", "coordinates": [[-84.3679204, 33.7613881], [-84.3691127, 33.7613983], [-84.3690722, 33.7627802], [-84.3690613, 33.7631516]]}, "properties": {"surface": "", "highway": "footway"}}, {"type": "Feature", "geometry": {"type": "LineString", "coordinates": [[-84.3677544, 33.7631361], [-84.3667169, 33.7631247], [-84.3666362, 33.7631234], [-84.3659749, 33.7631182], [-84.3655686, 33.7631093], [-84.3655049, 33.7631079], [-84.3643338, 33.7631016]]}, "properties": {"surface": "", "highway": "footway"}}, {"type": "Feature", "geometry": {"type": "LineString", "coordinates": [[-84.3692549, 33.7614], [-84.3704659, 33.761406], [-84.3704173, 33.7631597]]}, "properties": {"surface": "", "highway": "footway"}}, {"type": "Feature", "geometry": {"type": "LineString", "coordinates": [[-84.3704173, 33.7631597], [-84.3691938, 33.7631528]]}, "properties": {"surface": "", "highway": "footway"}}, {"type": "Feature", "geometry": {"type": "LineString", "coordinates": [[-84.370598, 33.7614054], [-84.3711612, 33.7614131], [-84.3712646, 33.7614142], [-84.3719162, 33.7614209]]}, "properties": {"surface": "", "highway": "footway"}}, {"type": "Feature", "geometry": {"type": "LineString", "coordinates": [[-84.3717954, 33.7673464], [-84.3717816, 33.7677133], [-84.3717706, 33.7683865]]}, "properties": {"surface": "concrete", "highway": "footway"}}, {"type": "Feature", "geometry": {"type": "LineString", "coordinates": [[-84.399943, 33.7511078], [-84.4000157, 33.7510898], [-84.4000551, 33.7510644]]}, "properties": {"surface": "concrete", "highway": "footway"}}, {"type": "Feature", "geometry": {"type": "LineString", "coordinates": [[-84.4000551, 33.7510644], [-84.4008361, 33.7502129]]}, "properties": {"surface": "concrete", "highway": "footway"}}, {"type": "Feature", "geometry": {"type": "LineString", "coordinates": [[-84.4009012, 33.7501401], [-84.4010512, 33.7499739], [-84.4012469, 33.7497632], [-84.4014285, 33.7495669], [-84.4016976, 33.7492868], [-84.4021293, 33.7488167], [-84.4021898, 33.7487528]]}, "properties": {"surface": "concrete", "highway": "footway"}}, {"type": "Feature", "geometry": {"type": "LineString", "coordinates": [[-84.3875328, 33.7531363], [-84.3872179, 33.7534915], [-84.3869665, 33.7537881]]}, "properties": {"surface": "", "highway": "footway"}}, {"type": "Feature", "geometry": {"type": "LineString", "coordinates": [[-84.3863985, 33.7523497], [-84.3867098, 33.75205]]}, "properties": {"surface": "", "highway": "footway"}}, {"type": "Feature", "geometry": {"type": "LineString", "coordinates": [[-84.3853597, 33.7515477], [-84.384808, 33.7521297], [-84.3842678, 33.752598]]}, "properties": {"surface": "", "highway": "footway"}}, {"type": "Feature", "geometry": {"type": "LineString", "coordinates": [[-84.3870275, 33.7539425], [-84.3876918, 33.7542643], [-84.3879208, 33.7543658], [-84.3879366, 33.7543812], [-84.3879401, 33.7543966], [-84.3879396, 33.7544139], [-84.387928, 33.7544397]]}, "properties": {"surface": "", "highway": "footway"}}, {"type": "Feature", "geometry": {"type": "LineString", "coordinates": [[-84.3870923, 33.7538665], [-84.3881239, 33.7543827], [-84.3882148, 33.7544333]]}, "properties": {"surface": "", "highway": "footway"}}, {"type": "Feature", "geometry": {"type": "LineString", "coordinates": [[-84.386645, 33.7544079], [-84.3866781, 33.7544325], [-84.3875507, 33.7544374]]}, "properties": {"surface": "", "highway": "footway"}}, {"type": "Feature", "geometry": {"type": "LineString", "coordinates": [[-84.3879048, 33.7545817], [-84.3883808, 33.7545858]]}, "properties": {"surface": "", "highway": "footway"}}, {"type": "Feature", "geometry": {"type": "LineString", "coordinates": [[-84.3882148, 33.7544333], [-84.3884907, 33.7544388]]}, "properties": {"surface": "", "highway": "footway"}}, {"type": "Feature", "geometry": {"type": "LineString", "coordinates": [[-84.3888909, 33.7539157], [-84.3876975, 33.75323]]}, "properties": {"surface": "", "highway": "footway"}}, {"type": "Feature", "geometry": {"type": "LineString", "coordinates": [[-84.3858414, 33.7530832], [-84.3854314, 33.7534845]]}, "properties": {"surface": "", "highway": "footway"}}, {"type": "Feature", "geometry": {"type": "LineString", "coordinates": [[-84.3823277, 33.7570025], [-84.3823723, 33.7570384], [-84.383463, 33.75704], [-84.3835094, 33.7570403], [-84.3835537, 33.7570407], [-84.3835668, 33.7570408], [-84.3839454, 33.7570454], [-84.3841486, 33.7570479]]}, "properties": {"surface": "", "highway": "footway"}}, {"type": "Feature", "geometry": {"type": "LineString", "coordinates": [[-84.3830369, 33.7568649], [-84.38305, 33.7568294], [-84.3831085, 33.7566707], [-84.3831934, 33.7566699], [-84.3833665, 33.7566683], [-84.3834034, 33.7566704], [-84.3834294, 33.7566824], [-84.3834478, 33.7566958], [-84.3834625, 33.7567056], [-84.3834679, 33.7567339], [-84.3834642, 33.7569213], [-84.383463, 33.75704]]}, "properties": {"surface": "", "highway": "footway"}}, {"type": "Feature", "geometry": {"type": "LineString", "coordinates": [[-84.3831934, 33.7566699], [-84.3831929, 33.7568297], [-84.38305, 33.7568294]]}, "properties": {"surface": "", "highway": "footway"}}, {"type": "Feature", "geometry": {"type": "LineString", "coordinates": [[-84.3821855, 33.7558065], [-84.3821352, 33.7558058], [-84.3820701, 33.7558064], [-84.3820338, 33.7557999], [-84.382015, 33.7557925], [-84.3819974, 33.7557842], [-84.381964, 33.7557637], [-84.3819369, 33.7557373], [-84.3819245, 33.7557188], [-84.3819143, 33.7557002], [-84.3818991, 33.7556528], [-84.3818941, 33.7556327]]}, "properties": {"surface": "", "highway": "footway"}}, {"type": "Feature", "geometry": {"type": "LineString", "coordinates": [[-84.380158, 33.7556145], [-84.379496, 33.7556017]]}, "properties": {"surface": "", "highway": "footway"}}, {"type": "Feature", "geometry": {"type": "LineString", "coordinates": [[-84.3793631, 33.7556033], [-84.3780448, 33.755598]]}, "properties": {"surface": "", "highway": "footway"}}, {"type": "Feature", "geometry": {"type": "LineString", "coordinates": [[-84.3793738, 33.7556208], [-84.3793696, 33.7559254], [-84.3793687, 33.7565024], [-84.3793657, 33.7569031], [-84.3793639, 33.7571624], [-84.3793752, 33.7572568], [-84.3794033, 33.7574124], [-84.3794022, 33.7574171], [-84.3793928, 33.7574239], [-84.3793697, 33.7574277]]}, "properties": {"surface": "", "highway": "footway"}}, {"type": "Feature", "geometry": {"type": "LineString", "coordinates": [[-84.380158, 33.7556145], [-84.3801585, 33.7560847]]}, "properties": {"surface": "", "highway": "footway"}}, {"type": "Feature", "geometry": {"type": "LineString", "coordinates": [[-84.3803441, 33.7556217], [-84.3803284, 33.7560181], [-84.3803271, 33.7561141], [-84.3803244, 33.7563029]]}, "properties": {"surface": "concrete", "highway": "footway"}}, {"type": "Feature", "geometry": {"type": "LineString", "coordinates": [[-84.3881418, 33.7481821], [-84.3883016, 33.7482686], [-84.3886312, 33.7484469], [-84.3890171, 33.7486604], [-84.3893115, 33.7488226]]}, "properties": {"surface": "", "highway": "footway"}}, {"type": "Feature", "geometry": {"type": "LineString", "coordinates": [[-84.3934813, 33.7445572], [-84.3934628, 33.7457355], [-84.393428, 33.746028], [-84.3933504, 33.7462934], [-84.3932572, 33.7464896], [-84.3930837, 33.7467373], [-84.3930373, 33.7467984], [-84.3930342, 33.7468351], [-84.3930506, 33.7468592]]}, "properties": {"surface": "", "highway": "footway"}}, {"type": "Feature", "geometry": {"type": "LineString", "coordinates": [[-84.3945596, 33.7446505], [-84.3945503, 33.7446884], [-84.394545, 33.7450493], [-84.3945279, 33.7461998], [-84.3945356, 33.7462224], [-84.3945627, 33.7462333]]}, "properties": {"surface": "", "highway": "footway"}}, {"type": "Feature", "geometry": {"type": "LineString", "coordinates": [[-84.3945358, 33.7468589], [-84.3945487, 33.7468675], [-84.3945647, 33.7468732], [-84.3946076, 33.7468796], [-84.3949229, 33.7468826], [-84.3956302, 33.7468847], [-84.3956457, 33.7468699], [-84.3956508, 33.7461657], [-84.3956511, 33.7461181]]}, "properties": {"surface": "", "highway": "footway"}}, {"type": "Feature", "geometry": {"type": "LineString", "coordinates": [[-84.3957316, 33.7462964], [-84.3957299, 33.7464765], [-84.3957265, 33.7468467], [-84.3957262, 33.7468821], [-84.3963194, 33.7468845], [-84.3968487, 33.7468866]]}, "properties": {"surface": "", "highway": "footway"}}, {"type": "Feature", "geometry": {"type": "LineString", "coordinates": [[-84.3966634, 33.7470607], [-84.3966555, 33.7470416], [-84.3966127, 33.7470372], [-84.396559, 33.7470394]]}, "properties": {"surface": "", "highway": "footway"}}, {"type": "Feature", "geometry": {"type": "LineString", "coordinates": [[-84.3970639, 33.7470437], [-84.3971568, 33.7470128]]}, "properties": {"surface": "", "highway": "footway"}}, {"type": "Feature", "geometry": {"type": "LineString", "coordinates": [[-84.3970003, 33.7462177], [-84.3969968, 33.7465264], [-84.3969947, 33.7467073], [-84.3970003, 33.7467559], [-84.3970318, 33.7468055], [-84.3970972, 33.7468332]]}, "properties": {"surface": "", "highway": "footway"}}, {"type": "Feature", "geometry": {"type": "LineString", "coordinates": [[-84.397284, 33.7469678], [-84.3975621, 33.7468092]]}, "properties": {"surface": "", "highway": "footway"}}, {"type": "Feature", "geometry": {"type": "LineString", "coordinates": [[-84.3975641, 33.7466238], [-84.3981767, 33.7463232]]}, "properties": {"surface": "", "highway": "footway"}}, {"type": "Feature", "geometry": {"type": "LineString", "coordinates": [[-84.3793411, 33.7554511], [-84.3786816, 33.755454], [-84.378082, 33.7554449]]}, "properties": {"surface": "", "highway": "footway"}}, {"type": "Feature", "geometry": {"type": "LineString", "coordinates": [[-84.3778077, 33.7578966], [-84.3778577, 33.757982]]}, "properties": {"surface": "", "highway": "footway"}}, {"type": "Feature", "geometry": {"type": "LineString", "coordinates": [[-84.375396, 33.7527242], [-84.375377, 33.7527422], [-84.3746328, 33.7527912], [-84.3743556, 33.7528094], [-84.3741811, 33.7523085], [-84.3741547, 33.7522326], [-84.3741042, 33.7520878], [-84.3739703, 33.7517036], [-84.373857, 33.7513783], [-84.3738334, 33.7513005], [-84.3737789, 33.7511212], [-84.3736667, 33.7507581]]}, "properties": {"surface": "", "highway": "footway"}}, {"type": "Feature", "geometry": {"type": "LineString", "coordinates": [[-84.3756088, 33.7535555], [-84.3756318, 33.7535798], [-84.3756652, 33.7536149], [-84.3758475, 33.753616], [-84.3765894, 33.7536206], [-84.3765849, 33.753065], [-84.3765919, 33.7524288]]}, "properties": {"surface": "", "highway": "footway"}}, {"type": "Feature", "geometry": {"type": "LineString", "coordinates": [[-84.3765999, 33.7511635], [-84.3766169, 33.7505807], [-84.3766227, 33.7502998]]}, "properties": {"surface": "", "highway": "footway"}}, {"type": "Feature", "geometry": {"type": "LineString", "coordinates": [[-84.3765293, 33.7500533], [-84.3764771, 33.7501038], [-84.3763667, 33.7501414], [-84.3762562, 33.750155], [-84.3761134, 33.7501494], [-84.375813, 33.7501947], [-84.3756124, 33.750225], [-84.3754196, 33.7502878], [-84.3753201, 33.7503052], [-84.3747945, 33.750397], [-84.3746751, 33.7504177], [-84.3739055, 33.7505506]]}, "properties": {"surface": "", "highway": "footway"}}, {"type": "Feature", "geometry": {"type": "LineString", "coordinates": [[-84.3739055, 33.7505506], [-84.3735431, 33.7506117], [-84.3711916, 33.7513894]]}, "properties": {"surface": "", "highway": "footway"}}, {"type": "Feature", "geometry": {"type": "LineString", "coordinates": [[-84.3709038, 33.7514786], [-84.3701201, 33.751716], [-84.3688439, 33.7521026], [-84.3671441, 33.7526023], [-84.3661553, 33.752893], [-84.3648073, 33.7532441], [-84.3639285, 33.7534392]]}, "properties": {"surface": "", "highway": "footway"}}, {"type": "Feature", "geometry": {"type": "LineString", "coordinates": [[-84.3722348, 33.7542375], [-84.3722293, 33.754212], [-84.3721441, 33.7538094], [-84.3742955, 33.7538548], [-84.3743123, 33.753865], [-84.3743268, 33.7538809], [-84.374308, 33.7542469], [-84.3743071, 33.7542643], [-84.3722348, 33.7542375]]}, "properties": {"surface": "", "highway": "footway"}}, {"type": "Feature", "geometry": {"type": "LineString", "coordinates": [[-84.3720775, 33.7542431], [-84.372077, 33.7542237], [-84.3720457, 33.754005], [-84.3720334, 33.7539186], [-84.371957, 33.7536968], [-84.3715914, 33.7529972], [-84.3715787, 33.752997], [-84.3707897, 33.7529862], [-84.371348, 33.7542324], [-84.3717269, 33.7542445], [-84.3718084, 33.7542357], [-84.3719438, 33.7542394], [-84.3720775, 33.7542431]]}, "properties": {"surface": "", "highway": "footway"}}, {"type": "Feature", "geometry": {"type": "LineString", "coordinates": [[-84.3712507, 33.7542286], [-84.3698273, 33.7542198]]}, "properties": {"surface": "paving_stones", "highway": "footway"}}, {"type": "Feature", "geometry": {"type": "LineString", "coordinates": [[-84.3688827, 33.7542146], [-84.3688917, 33.7536742], [-84.3688959, 33.7534221], [-84.3688975, 33.753327], [-84.3688979, 33.7533023], [-84.3689037, 33.7529529], [-84.3689049, 33.7528813], [-84.3689163, 33.7521969], [-84.3690217, 33.7521664], [-84.369729, 33.7519616]]}, "properties": {"surface": "", "highway": "footway"}}, {"type": "Feature", "geometry": {"type": "LineString", "coordinates": [[-84.3687877, 33.7542177], [-84.3688107, 33.7535691], [-84.3688009, 33.7535112], [-84.368812, 33.7534625], [-84.3688147, 33.75341], [-84.3688074, 33.7533887], [-84.3687999, 33.7533872], [-84.3687824, 33.7533837], [-84.3675532, 33.7537627], [-84.3675506, 33.7542259], [-84.3678522, 33.7542239], [-84.3679427, 33.7542233], [-84.3681049, 33.7542222], [-84.368258, 33.7542212], [-84.3687877, 33.7542177]]}, "properties": {"surface": "", "highway": "footway"}}, {"type": "Feature", "geometry": {"type": "LineString", "coordinates": [[-84.3688858, 33.7543556], [-84.369721, 33.7543462]]}, "properties": {"surface": "", "highway": "footway"}}, {"type": "Feature", "geometry": {"type": "LineString", "coordinates": [[-84.3698324, 33.7543498], [-84.3699388, 33.7543516], [-84.3705156, 33.7543616], [-84.3709142, 33.7543685], [-84.3714604, 33.7543779], [-84.3720807, 33.7543887]]}, "properties": {"surface": "concrete", "highway": "footway"}}, {"type": "Feature", "geometry": {"type": "LineString", "coordinates": [[-84.3688242, 33.752224], [-84.368828, 33.7522482], [-84.3688184, 33.7528627], [-84.3688117, 33.7532898], [-84.368802, 33.7532926], [-84.3686582, 33.7533343], [-84.3684537, 33.7533936]]}, "properties": {"surface": "", "highway": "footway"}}, {"type": "Feature", "geometry": {"type": "LineString", "coordinates": [[-84.3681591, 33.7534833], [-84.3680625, 33.753514], [-84.3679177, 33.7535599]]}, "properties": {"surface": "", "highway": "footway"}}, {"type": "Feature", "geometry": {"type": "LineString", "coordinates": [[-84.379447, 33.7497056], [-84.3794348, 33.749711], [-84.3794196, 33.7497106], [-84.3794004, 33.7497072], [-84.3793824, 33.7497052], [-84.3790668, 33.7497471], [-84.3782832, 33.7498512], [-84.3767556, 33.750073], [-84.3767432, 33.7496758], [-84.3767035, 33.7495593], [-84.376703, 33.7494941]]}, "properties": {"surface": "", "highway": "footway"}}, {"type": "Feature", "geometry": {"type": "LineString", "coordinates": [[-84.376703, 33.7494941], [-84.3766999, 33.749142]]}, "properties": {"surface": "", "highway": "footway"}}, {"type": "Feature", "geometry": {"type": "LineString", "coordinates": [[-84.3794633, 33.7490301], [-84.3794509, 33.7496691], [-84.3794526, 33.7496902], [-84.379447, 33.7497056]]}, "properties": {"surface": "", "highway": "footway"}}, {"type": "Feature", "geometry": {"type": "LineString", "coordinates": [[-84.3794712, 33.7486255], [-84.3794633, 33.7490301]]}, "properties": {"surface": "", "highway": "footway"}}, {"type": "Feature", "geometry": {"type": "LineString", "coordinates": [[-84.3869297, 33.7538316], [-84.3865936, 33.7534766], [-84.3865741, 33.753456], [-84.3864936, 33.7533708], [-84.3864465, 33.7533212], [-84.3862118, 33.7530731], [-84.3862005, 33.7530612], [-84.3861352, 33.7529923], [-84.3859935, 33.7528483]]}, "properties": {"surface": "concrete", "highway": "pedestrian"}}, {"type": "Feature", "geometry": {"type": "LineString", "coordinates": [[-84.3861829, 33.7583479], [-84.386188, 33.7582684], [-84.3861882, 33.7581277], [-84.3861884, 33.7580092], [-84.3861907, 33.7576881], [-84.386194, 33.7572153]]}, "properties": {"surface": "", "highway": "footway"}}, {"type": "Feature", "geometry": {"type": "LineString", "coordinates": [[-84.3865384, 33.7542786], [-84.3859052, 33.7538239]]}, "properties": {"surface": "", "highway": "footway"}}, {"type": "Feature", "geometry": {"type": "LineString", "coordinates": [[-84.3846937, 33.7532609], [-84.3847012, 33.7531985], [-84.3845903, 33.7531192], [-84.3845778, 33.7531069], [-84.3845759, 33.753098], [-84.3845791, 33.7530874], [-84.3845874, 33.7530758], [-84.3846003, 33.7530638]]}, "properties": {"surface": "", "highway": "footway"}}, {"type": "Feature", "geometry": {"type": "LineString", "coordinates": [[-84.3845085, 33.7534811], [-84.3844583, 33.7534854], [-84.3843692, 33.7534948], [-84.3843209, 33.7535038], [-84.3842959, 33.7535136], [-84.3840392, 33.7537715]]}, "properties": {"surface": "", "highway": "footway"}}, {"type": "Feature", "geometry": {"type": "LineString", "coordinates": [[-84.3845124, 33.7541156], [-84.3840392, 33.7537715], [-84.3840127, 33.7537583], [-84.3835091, 33.7533859], [-84.3835044, 33.7533842]]}, "properties": {"surface": "", "highway": "footway"}}, {"type": "Feature", "geometry": {"type": "LineString", "coordinates": [[-84.383057, 33.7535836], [-84.3830378, 33.7536083], [-84.3822598, 33.7543276]]}, "properties": {"surface": "", "highway": "footway"}}, {"type": "Feature", "geometry": {"type": "LineString", "coordinates": [[-84.384027, 33.7526379], [-84.3840063, 33.7526221], [-84.3830506, 33.7519176], [-84.383045, 33.7518999]]}, "properties": {"surface": "", "highway": "footway"}}, {"type": "Feature", "geometry": {"type": "LineString", "coordinates": [[-84.389153, 33.7568652], [-84.3897261, 33.7564616]]}, "properties": {"surface": "", "highway": "footway"}}, {"type": "Feature", "geometry": {"type": "LineString", "coordinates": [[-84.389153, 33.7568652], [-84.3896389, 33.7572905]]}, "properties": {"surface": "", "highway": "footway"}}, {"type": "Feature", "geometry": {"type": "LineString", "coordinates": [[-84.3897756, 33.7542267], [-84.3891346, 33.7538775]]}, "properties": {"surface": "", "highway": "footway"}}, {"type": "Feature", "geometry": {"type": "LineString", "coordinates": [[-84.3890365, 33.7539953], [-84.3896776, 33.7543435]]}, "properties": {"surface": "paving_stones", "highway": "footway"}}, {"type": "Feature", "geometry": {"type": "LineString", "coordinates": [[-84.3895862, 33.7544508], [-84.3896776, 33.7543435]]}, "properties": {"surface": "", "highway": "footway"}}, {"type": "Feature", "geometry": {"type": "LineString", "coordinates": [[-84.3895862, 33.7544508], [-84.3886594, 33.7544493]]}, "properties": {"surface": "", "highway": "footway"}}, {"type": "Feature", "geometry": {"type": "LineString", "coordinates": [[-84.4001221, 33.7540408], [-84.4001037, 33.7540159], [-84.4000904, 33.7539931], [-84.4000549, 33.753982], [-84.3996428, 33.7539818]]}, "properties": {"surface": "", "highway": "footway"}}, {"type": "Feature", "geometry": {"type": "LineString", "coordinates": [[-84.3986828, 33.75584], [-84.398738, 33.7558784], [-84.3989145, 33.7560016], [-84.3990873, 33.7561733], [-84.399193, 33.7563173], [-84.3992606, 33.756458], [-84.3993034, 33.7565714], [-84.3993323, 33.7566586], [-84.3993485, 33.7567818], [-84.3993567, 33.756829], [-84.3993582, 33.7568378]]}, "properties": {"surface": "", "highway": "footway"}}, {"type": "Feature", "geometry": {"type": "LineString", "coordinates": [[-84.3943151, 33.7470358], [-84.3942844, 33.7470242], [-84.3941368, 33.7470364], [-84.3937764, 33.7470347], [-84.3928854, 33.7470243]]}, "properties": {"surface": "", "highway": "footway"}}, {"type": "Feature", "geometry": {"type": "LineString", "coordinates": [[-84.3937764, 33.7470347], [-84.3937839, 33.7470948], [-84.3937917, 33.7471159], [-84.3938036, 33.7471257], [-84.3938196, 33.7471299], [-84.3938515, 33.7471288], [-84.3938839, 33.747136], [-84.3939166, 33.7471521], [-84.3939427, 33.7471827], [-84.3939687, 33.7472229], [-84.3939889, 33.7472461], [-84.3940102, 33.7472535], [-84.3940296, 33.7472528], [-84.3940433, 33.747253], [-84.394064, 33.7472579], [-84.3940839, 33.7472686], [-84.3941124, 33.7472885]]}, "properties": {"surface": "", "highway": "pedestrian"}}, {"type": "Feature", "geometry": {"type": "LineString", "coordinates": [[-84.3842072, 33.754415], [-84.3841864, 33.7544008], [-84.383303, 33.7543852], [-84.3825087, 33.7543711], [-84.3824867, 33.7543678]]}, "properties": {"surface": "", "highway": "footway"}}, {"type": "Feature", "geometry": {"type": "LineString", "coordinates": [[-84.3810426, 33.7537826], [-84.3818056, 33.7543304]]}, "properties": {"surface": "", "highway": "footway"}}, {"type": "Feature", "geometry": {"type": "LineString", "coordinates": [[-84.3841012, 33.7506714], [-84.3833255, 33.751419], [-84.3832549, 33.751487]]}, "properties": {"surface": "", "highway": "footway"}}, {"type": "Feature", "geometry": {"type": "LineString", "coordinates": [[-84.3831733, 33.7500495], [-84.3831019, 33.7500679], [-84.3829947, 33.7501143], [-84.3828412, 33.7502091], [-84.3828272, 33.7502172], [-84.3826924, 33.7502945], [-84.3826554, 33.750315], [-84.3824866, 33.7504084], [-84.3822227, 33.7506009], [-84.3821954, 33.7506276], [-84.382126, 33.7507033], [-84.3820894, 33.7507429], [-84.381869, 33.7509777], [-84.3818174, 33.751073], [-84.3809239, 33.7519112]]}, "properties": {"surface": "", "highway": "footway"}}, {"type": "Feature", "geometry": {"type": "LineString", "coordinates": [[-84.3876892, 33.7597691], [-84.387674, 33.7609181]]}, "properties": {"surface": "", "highway": "footway"}}, {"type": "Feature", "geometry": {"type": "LineString", "coordinates": [[-84.3730335, 33.7698392], [-84.3735934, 33.7698395], [-84.3747337, 33.7698519]]}, "properties": {"surface": "", "highway": "footway"}}, {"type": "Feature", "geometry": {"type": "LineString", "coordinates": [[-84.3747337, 33.7698519], [-84.3747743, 33.7698523], [-84.3748384, 33.7698557]]}, "properties": {"surface": "asphalt", "highway": "footway"}}, {"type": "Feature", "geometry": {"type": "LineString", "coordinates": [[-84.3742873, 33.7677538], [-84.3742556, 33.7677514], [-84.3742392, 33.7677464]]}, "properties": {"surface": "brick", "highway": "footway"}}, {"type": "Feature", "geometry": {"type": "LineString", "coordinates": [[-84.3749059, 33.7686743], [-84.3741987, 33.7686658], [-84.3740095, 33.7686635], [-84.3736535, 33.7686592]]}, "properties": {"surface": "concrete", "highway": "footway"}}, {"type": "Feature", "geometry": {"type": "LineString", "coordinates": [[-84.3821919, 33.764294], [-84.38348, 33.7643896], [-84.3837735, 33.7644194]]}, "properties": {"surface": "", "highway": "footway"}}, {"type": "Feature", "geometry": {"type": "LineString", "coordinates": [[-84.3851911, 33.7645325], [-84.3848645, 33.7645049], [-84.3846439, 33.7644888], [-84.3845748, 33.7644932], [-84.3845091, 33.7645055], [-84.3844417, 33.7645303]]}, "properties": {"surface": "concrete", "highway": "footway"}}, {"type": "Feature", "geometry": {"type": "LineString", "coordinates": [[-84.3840269, 33.7644449], [-84.3840196, 33.7646693]]}, "properties": {"surface": "concrete", "highway": "footway"}}, {"type": "Feature", "geometry": {"type": "LineString", "coordinates": [[-84.3837735, 33.7644194], [-84.3840269, 33.7644449]]}, "properties": {"surface": "", "highway": "footway"}}, {"type": "Feature", "geometry": {"type": "LineString", "coordinates": [[-84.3906008, 33.7547839], [-84.3904479, 33.7546311], [-84.3899331, 33.754326]]}, "properties": {"surface": "", "highway": "footway"}}, {"type": "Feature", "geometry": {"type": "LineString", "coordinates": [[-84.3906633, 33.7548465], [-84.3908875, 33.7546491], [-84.3911223, 33.7544205], [-84.3911346, 33.7542628]]}, "properties": {"surface": "", "highway": "pedestrian"}}, {"type": "Feature", "geometry": {"type": "LineString", "coordinates": [[-84.3722306, 33.755373], [-84.3722668, 33.7553696]]}, "properties": {"surface": "paving_stones", "highway": "footway"}}, {"type": "Feature", "geometry": {"type": "LineString", "coordinates": [[-84.3722286, 33.7554126], [-84.3737515, 33.7554261], [-84.3738499, 33.755427], [-84.373916, 33.755427], [-84.3742878, 33.7554269], [-84.3743087, 33.7554269], [-84.3743124, 33.7549167], [-84.3743138, 33.7547223], [-84.374311, 33.7544293]]}, "properties": {"surface": "", "highway": "footway"}}, {"type": "Feature", "geometry": {"type": "LineString", "coordinates": [[-84.3737519, 33.7553393], [-84.3737515, 33.7554261]]}, "properties": {"surface": "", "highway": "footway"}}, {"type": "Feature", "geometry": {"type": "LineString", "coordinates": [[-84.3737509, 33.7553074], [-84.3737525, 33.7552564]]}, "properties": {"surface": "", "highway": "footway"}}, {"type": "Feature", "geometry": {"type": "LineString", "coordinates": [[-84.3737525, 33.7552564], [-84.3737015, 33.7552559], [-84.3737008, 33.7553069], [-84.3737509, 33.7553074]]}, "properties": {"surface": "", "highway": "footway"}}, {"type": "Feature", "geometry": {"type": "LineString", "coordinates": [[-84.3744873, 33.7555505], [-84.3744545, 33.7555667]]}, "properties": {"surface": "", "highway": "footway"}}, {"type": "Feature", "geometry": {"type": "LineString", "coordinates": [[-84.3742906, 33.755565], [-84.3740085, 33.7555639], [-84.3737765, 33.755565], [-84.3729946, 33.7555527], [-84.3722311, 33.7555538]]}, "properties": {"surface": "concrete", "highway": "footway"}}, {"type": "Feature", "geometry": {"type": "LineString", "coordinates": [[-84.3742906, 33.755565], [-84.3742704, 33.7559623], [-84.3742701, 33.7559994], [-84.3742689, 33.7561541], [-84.3742633, 33.756896], [-84.3742631, 33.756914], [-84.3742586, 33.757383], [-84.3742564, 33.7576162]]}, "properties": {"surface": "", "highway": "footway"}}, {"type": "Feature", "geometry": {"type": "LineString", "coordinates": [[-84.373792, 33.7544198], [-84.3737924, 33.7544024]]}, "properties": {"surface": "", "highway": "footway"}}, {"type": "Feature", "geometry": {"type": "LineString", "coordinates": [[-84.3744779, 33.7544256], [-84.374477, 33.7545924], [-84.3744728, 33.7553465], [-84.3744735, 33.7554197], [-84.3744824, 33.7554198], [-84.3748626, 33.7554271], [-84.3749718, 33.7554291], [-84.3754872, 33.7554389]]}, "properties": {"surface": "", "highway": "footway"}}, {"type": "Feature", "geometry": {"type": "LineString", "coordinates": [[-84.374311, 33.7544293], [-84.3742892, 33.7544196], [-84.3738567, 33.7544033], [-84.3737924, 33.7544024], [-84.3732067, 33.7543944], [-84.3728428, 33.7543894], [-84.3722388, 33.7543913], [-84.3722335, 33.7546947], [-84.3722306, 33.755373], [-84.3722286, 33.7554126], [-84.3722285, 33.7554283]]}, "properties": {"surface": "concrete", "highway": "footway"}}, {"type": "Feature", "geometry": {"type": "LineString", "coordinates": [[-84.3744516, 33.7542899], [-84.374454, 33.7538605]]}, "properties": {"surface": "", "highway": "footway"}}, {"type": "Feature", "geometry": {"type": "LineString", "coordinates": [[-84.3749226, 33.7542764], [-84.3749222, 33.7542663]]}, "properties": {"surface": "", "highway": "footway"}}, {"type": "Feature", "geometry": {"type": "LineString", "coordinates": [[-84.3743163, 33.753718], [-84.3742745, 33.7532815], [-84.3742392, 33.7529141], [-84.37373, 33.7529493], [-84.37294, 33.7530063]]}, "properties": {"surface": "", "highway": "footway"}}, {"type": "Feature", "geometry": {"type": "LineString", "coordinates": [[-84.3711272, 33.7555349], [-84.3720591, 33.7555435]]}, "properties": {"surface": "paving_stones", "highway": "footway"}}, {"type": "Feature", "geometry": {"type": "LineString", "coordinates": [[-84.3710055, 33.7555359], [-84.3700708, 33.7555345], [-84.3700709, 33.7558427]]}, "properties": {"surface": "paving_stones", "highway": "footway"}}, {"type": "Feature", "geometry": {"type": "LineString", "coordinates": [[-84.3680634, 33.7557452], [-84.3680634, 33.755739], [-84.3680627, 33.7552954], [-84.3680626, 33.7551883], [-84.3680883, 33.7551562], [-84.3681069, 33.7543671]]}, "properties": {"surface": "", "highway": "footway"}}, {"type": "Feature", "geometry": {"type": "LineString", "coordinates": [[-84.3678256, 33.7558151], [-84.3670538, 33.756391]]}, "properties": {"surface": "", "highway": "footway"}}, {"type": "Feature", "geometry": {"type": "LineString", "coordinates": [[-84.3880439, 33.7557569], [-84.3881089, 33.7557831], [-84.3881604, 33.7557905], [-84.3882119, 33.7557831], [-84.3882574, 33.7557618], [-84.3882916, 33.755729], [-84.3883106, 33.7556885]]}, "properties": {"surface": "paving_stones", "highway": "pedestrian"}}, {"type": "Feature", "geometry": {"type": "LineString", "coordinates": [[-84.3893968, 33.7549759], [-84.3894126, 33.7549416], [-84.3897133, 33.754597]]}, "properties": {"surface": "", "highway": "footway"}}, {"type": "Feature", "geometry": {"type": "LineString", "coordinates": [[-84.3893039, 33.7550761], [-84.3897092, 33.7554502]]}, "properties": {"surface": "", "highway": "footway"}}, {"type": "Feature", "geometry": {"type": "LineString", "coordinates": [[-84.3893039, 33.7550761], [-84.3891845, 33.7552317], [-84.3889418, 33.7556694]]}, "properties": {"surface": "", "highway": "footway"}}, {"type": "Feature", "geometry": {"type": "LineString", "coordinates": [[-84.3891208, 33.7558394], [-84.3897092, 33.7554502]]}, "properties": {"surface": "", "highway": "footway"}}, {"type": "Feature", "geometry": {"type": "LineString", "coordinates": [[-84.3892576, 33.7559364], [-84.3892752, 33.7559228], [-84.3897937, 33.7555217]]}, "properties": {"surface": "", "highway": "footway"}}, {"type": "Feature", "geometry": {"type": "LineString", "coordinates": [[-84.3872654, 33.7570806], [-84.386896, 33.7569803], [-84.3868936, 33.7566902]]}, "properties": {"surface": "", "highway": "pedestrian"}}, {"type": "Feature", "geometry": {"type": "LineString", "coordinates": [[-84.3878822, 33.7558672], [-84.3877434, 33.7561061], [-84.3877204, 33.7561727], [-84.3877052, 33.7562388], [-84.3876974, 33.7562997], [-84.3876897, 33.7564806], [-84.3876806, 33.7566496], [-84.3876674, 33.7571011]]}, "properties": {"surface": "", "highway": "footway"}}, {"type": "Feature", "geometry": {"type": "LineString", "coordinates": [[-84.3721979, 33.7577354], [-84.3730992, 33.7577336]]}, "properties": {"surface": "", "highway": "footway"}}, {"type": "Feature", "geometry": {"type": "LineString", "coordinates": [[-84.3722311, 33.7555538], [-84.3722238, 33.7558906], [-84.3722216, 33.7559518], [-84.3722128, 33.7561914], [-84.3722138, 33.7562901], [-84.3722116, 33.7566433], [-84.3722086, 33.7571386], [-84.3722047, 33.7575997]]}, "properties": {"surface": "", "highway": "footway"}}, {"type": "Feature", "geometry": {"type": "LineString", "coordinates": [[-84.3730992, 33.7576043], [-84.3729541, 33.7576016], [-84.3722047, 33.7575997]]}, "properties": {"surface": "asphalt", "highway": "footway"}}, {"type": "Feature", "geometry": {"type": "LineString", "coordinates": [[-84.3720251, 33.7577478], [-84.372023, 33.7581705], [-84.3720224, 33.7583076], [-84.3720223, 33.758319], [-84.3720198, 33.7587706], [-84.3720023, 33.7592834]]}, "properties": {"surface": "concrete", "highway": "footway"}}, {"type": "Feature", "geometry": {"type": "LineString", "coordinates": [[-84.3721979, 33.7577354], [-84.3721976, 33.7577493], [-84.3721934, 33.7579918], [-84.3721906, 33.7592535]]}, "properties": {"surface": "concrete", "highway": "footway"}}, {"type": "Feature", "geometry": {"type": "LineString", "coordinates": [[-84.3719663, 33.7594611], [-84.3719728, 33.7599051], [-84.3719516, 33.7600343]]}, "properties": {"surface": "", "highway": "footway"}}, {"type": "Feature", "geometry": {"type": "LineString", "coordinates": [[-84.3733728, 33.7577367], [-84.3735492, 33.7577427]]}, "properties": {"surface": "asphalt", "highway": "footway"}}, {"type": "Feature", "geometry": {"type": "LineString", "coordinates": [[-84.3730992, 33.7577336], [-84.3733728, 33.7577367]]}, "properties": {"surface": "asphalt", "highway": "footway"}}, {"type": "Feature", "geometry": {"type": "LineString", "coordinates": [[-84.3899322, 33.7609137], [-84.3899325, 33.7610875]]}, "properties": {"surface": "", "highway": "pedestrian"}}, {"type": "Feature", "geometry": {"type": "LineString", "coordinates": [[-84.3895575, 33.760909], [-84.3895482, 33.7610832]]}, "properties": {"surface": "", "highway": "pedestrian"}}, {"type": "Feature", "geometry": {"type": "LineString", "coordinates": [[-84.3902656, 33.7610915], [-84.3902642, 33.7609165]]}, "properties": {"surface": "", "highway": "pedestrian"}}, {"type": "Feature", "geometry": {"type": "LineString", "coordinates": [[-84.394008, 33.7550891], [-84.3943688, 33.7554624], [-84.3948983, 33.7560077], [-84.3951615, 33.7562752], [-84.3953569, 33.7564737], [-84.3953436, 33.7564836], [-84.3953807, 33.7565162]]}, "properties": {"surface": "concrete", "highway": "pedestrian"}}, {"type": "Feature", "geometry": {"type": "LineString", "coordinates": [[-84.3936104, 33.7544525], [-84.3935905, 33.7544871], [-84.3936358, 33.7545096]]}, "properties": {"surface": "", "highway": "pedestrian"}}, {"type": "Feature", "geometry": {"type": "LineString", "coordinates": [[-84.3937454, 33.7549132], [-84.3940497, 33.7550276], [-84.3940374, 33.7550836], [-84.3940576, 33.755087]]}, "properties": {"surface": "", "highway": "pedestrian"}}, {"type": "Feature", "geometry": {"type": "LineString", "coordinates": [[-84.3971545, 33.7641973], [-84.3971202, 33.7642138], [-84.3970686, 33.7642296], [-84.3967966, 33.7643052], [-84.3965561, 33.7643806], [-84.3965125, 33.764392], [-84.3963979, 33.7644218], [-84.3963411, 33.7644367], [-84.3963158, 33.7644474], [-84.3962766, 33.76447]]}, "properties": {"surface": "concrete", "highway": "footway"}}, {"type": "Feature", "geometry": {"type": "LineString", "coordinates": [[-84.3986106, 33.7638465], [-84.3984397, 33.7638586], [-84.3982931, 33.763876], [-84.3981907, 33.7638892], [-84.3980354, 33.7639165], [-84.3978985, 33.7639443], [-84.3977547, 33.7639811]]}, "properties": {"surface": "", "highway": "footway"}}, {"type": "Feature", "geometry": {"type": "LineString", "coordinates": [[-84.3765865, 33.749163], [-84.3765845, 33.7495347]]}, "properties": {"surface": "", "highway": "footway"}}, {"type": "Feature", "geometry": {"type": "LineString", "coordinates": [[-84.3923083, 33.7596932], [-84.3923666, 33.7597292]]}, "properties": {"surface": "concrete", "highway": "footway"}}, {"type": "Feature", "geometry": {"type": "LineString", "coordinates": [[-84.3922658, 33.7596681], [-84.3922332, 33.7596619], [-84.3921925, 33.7596623]]}, "properties": {"surface": "concrete", "highway": "footway"}}, {"type": "Feature", "geometry": {"type": "LineString", "coordinates": [[-84.3958315, 33.7612523], [-84.3954882, 33.7609275], [-84.3953106, 33.7607328], [-84.3952529, 33.7606748], [-84.3952435, 33.7606666], [-84.3950921, 33.7605172], [-84.3948241, 33.7602424]]}, "properties": {"surface": "concrete", "highway": "footway"}}, {"type": "Feature", "geometry": {"type": "LineString", "coordinates": [[-84.3842948, 33.7610194], [-84.3842584, 33.7621503]]}, "properties": {"surface": "concrete", "highway": "footway"}}, {"type": "Feature", "geometry": {"type": "LineString", "coordinates": [[-84.3840787, 33.7608682], [-84.3835304, 33.7608616], [-84.3831316, 33.7608567], [-84.3827376, 33.760852], [-84.3822669, 33.7608538]]}, "properties": {"surface": "", "highway": "footway"}}, {"type": "Feature", "geometry": {"type": "LineString", "coordinates": [[-84.3822583, 33.7610119], [-84.3823057, 33.7610002], [-84.3827644, 33.7610001], [-84.3830393, 33.761004], [-84.3840753, 33.7610159]]}, "properties": {"surface": "", "highway": "footway"}}, {"type": "Feature", "geometry": {"type": "LineString", "coordinates": [[-84.3919355, 33.7622099], [-84.3919463, 33.7621902], [-84.3919526, 33.7610676]]}, "properties": {"surface": "concrete", "highway": "footway"}}, {"type": "Feature", "geometry": {"type": "LineString", "coordinates": [[-84.3951568, 33.7621229], [-84.3952509, 33.7622208]]}, "properties": {"surface": "", "highway": "footway"}}, {"type": "Feature", "geometry": {"type": "LineString", "coordinates": [[-84.3957042, 33.7624347], [-84.3952522, 33.7620022]]}, "properties": {"surface": "concrete", "highway": "footway"}}, {"type": "Feature", "geometry": {"type": "LineString", "coordinates": [[-84.3948041, 33.7712533], [-84.3937118, 33.7712494], [-84.3935459, 33.7712461], [-84.393422, 33.7712495]]}, "properties": {"surface": "paved", "highway": "footway"}}, {"type": "Feature", "geometry": {"type": "LineString", "coordinates": [[-84.3917464, 33.7711758], [-84.3918978, 33.771187]]}, "properties": {"surface": "", "highway": "footway"}}, {"type": "Feature", "geometry": {"type": "LineString", "coordinates": [[-84.3917464, 33.7711758], [-84.3908462, 33.7711797], [-84.3907185, 33.7711802], [-84.3906495, 33.7711727]]}, "properties": {"surface": "", "highway": "footway"}}, {"type": "Feature", "geometry": {"type": "LineString", "coordinates": [[-84.3898159, 33.7711485], [-84.3897266, 33.7711421], [-84.3895356, 33.7711253], [-84.3894761, 33.7711229], [-84.389365, 33.771119], [-84.3891591, 33.7711169], [-84.3890002, 33.7711141], [-84.3889798, 33.7711087], [-84.3889667, 33.7711143]]}, "properties": {"surface": "", "highway": "footway"}}, {"type": "Feature", "geometry": {"type": "LineString", "coordinates": [[-84.3906495, 33.7711727], [-84.3898159, 33.7711485]]}, "properties": {"surface": "", "highway": "footway"}}, {"type": "Feature", "geometry": {"type": "LineString", "coordinates": [[-84.3922673, 33.7711897], [-84.3922761, 33.7711942], [-84.3928784, 33.7711927], [-84.3929741, 33.7711961], [-84.3930609, 33.7712062], [-84.393422, 33.7712495]]}, "properties": {"surface": "", "highway": "footway"}}, {"type": "Feature", "geometry": {"type": "LineString", "coordinates": [[-84.3950835, 33.7569497], [-84.3950949, 33.7569194], [-84.3955514, 33.7567049], [-84.3955413, 33.7566945], [-84.3955351, 33.7566881]]}, "properties": {"surface": "concrete", "highway": "footway"}}, {"type": "Feature", "geometry": {"type": "LineString", "coordinates": [[-84.3955514, 33.7567049], [-84.3957973, 33.7566121], [-84.396069, 33.7565204], [-84.3963573, 33.7564287], [-84.3967214, 33.7563203], [-84.3972634, 33.7561531], [-84.3972887, 33.7561466]]}, "properties": {"surface": "concrete", "highway": "footway"}}, {"type": "Feature", "geometry": {"type": "LineString", "coordinates": [[-84.3963871, 33.7564897], [-84.3963662, 33.7564477]]}, "properties": {"surface": "concrete", "highway": "pedestrian"}}, {"type": "Feature", "geometry": {"type": "LineString", "coordinates": [[-84.3965685, 33.7564308], [-84.3965753, 33.7567191], [-84.3967449, 33.7565911]]}, "properties": {"surface": "concrete", "highway": "pedestrian"}}, {"type": "Feature", "geometry": {"type": "LineString", "coordinates": [[-84.3965753, 33.7567191], [-84.3966819, 33.7568006], [-84.396896, 33.7567535], [-84.3970707, 33.7567498]]}, "properties": {"surface": "concrete", "highway": "pedestrian"}}, {"type": "Feature", "geometry": {"type": "LineString", "coordinates": [[-84.3971642, 33.7567478], [-84.3972427, 33.7567536]]}, "properties": {"surface": "", "highway": "pedestrian"}}, {"type": "Feature", "geometry": {"type": "LineString", "coordinates": [[-84.3971642, 33.7567478], [-84.3971555, 33.7566639], [-84.3971276, 33.7565642], [-84.3970606, 33.7564764], [-84.3970061, 33.7564348], [-84.3969471, 33.7564051], [-84.396852, 33.7563817], [-84.3967755, 33.7563767], [-84.3966925, 33.7563889], [-84.3966234, 33.7564116], [-84.3965685, 33.7564308]]}, "properties": {"surface": "concrete", "highway": "pedestrian"}}, {"type": "Feature", "geometry": {"type": "LineString", "coordinates": [[-84.3970606, 33.7564764], [-84.396896, 33.7567535]]}, "properties": {"surface": "concrete", "highway": "pedestrian"}}, {"type": "Feature", "geometry": {"type": "LineString", "coordinates": [[-84.3972379, 33.7571441], [-84.3972384, 33.7571625], [-84.3972285, 33.7578536], [-84.3972154, 33.7578842]]}, "properties": {"surface": "concrete", "highway": "footway"}}, {"type": "Feature", "geometry": {"type": "LineString", "coordinates": [[-84.3824514, 33.7621264], [-84.3827217, 33.7621315], [-84.3829844, 33.7621339], [-84.3840536, 33.7621439]]}, "properties": {"surface": "", "highway": "footway"}}, {"type": "Feature", "geometry": {"type": "LineString", "coordinates": [[-84.3822583, 33.7610119], [-84.3822721, 33.7612185], [-84.3822597, 33.7615599], [-84.3822585, 33.7615929], [-84.3822574, 33.7616203], [-84.38225, 33.7617862], [-84.3822339, 33.7618539], [-84.3822218, 33.7619072]]}, "properties": {"surface": "", "highway": "footway"}}, {"type": "Feature", "geometry": {"type": "LineString", "coordinates": [[-84.4009089, 33.7540045], [-84.400882, 33.7540067], [-84.4007238, 33.7540201], [-84.4005836, 33.7540454], [-84.4004422, 33.7540848], [-84.4003341, 33.7541274], [-84.4002437, 33.7541807]]}, "properties": {"surface": "", "highway": "footway"}}, {"type": "Feature", "geometry": {"type": "LineString", "coordinates": [[-84.4026311, 33.7540372], [-84.402622, 33.7540219], [-84.4009311, 33.7540044], [-84.4009089, 33.7540045]]}, "properties": {"surface": "", "highway": "footway"}}, {"type": "Feature", "geometry": {"type": "LineString", "coordinates": [[-84.3760484, 33.7600468], [-84.375673, 33.7600759], [-84.375351, 33.7600823], [-84.3748429, 33.7601157]]}, "properties": {"surface": "", "highway": "trunk"}}, {"type": "Feature", "geometry": {"type": "LineString", "coordinates": [[-84.3990199, 33.7579085], [-84.3990762, 33.7578761], [-84.3991045, 33.7578172], [-84.3991049, 33.7577889], [-84.3991092, 33.7574867], [-84.3991136, 33.7571852], [-84.3991179, 33.7568842], [-84.3991187, 33.7568284]]}, "properties": {"surface": "", "highway": "footway"}}, {"type": "Feature", "geometry": {"type": "LineString", "coordinates": [[-84.3857557, 33.7536552], [-84.3857428, 33.7536659], [-84.3856304, 33.7535836], [-84.3856031, 33.7536075]]}, "properties": {"surface": "", "highway": "footway"}}, {"type": "Feature", "geometry": {"type": "LineString", "coordinates": [[-84.3939171, 33.749959], [-84.3939047, 33.7499667], [-84.3934334, 33.7505657], [-84.3931559, 33.7509364]]}, "properties": {"surface": "", "highway": "footway"}}, {"type": "Feature", "geometry": {"type": "LineString", "coordinates": [[-84.3946918, 33.7510737], [-84.394731, 33.7510202], [-84.3947397, 33.751009], [-84.394832, 33.7508894], [-84.3949245, 33.7507696], [-84.3950131, 33.7506501], [-84.3950655, 33.7505765]]}, "properties": {"surface": "concrete", "highway": "footway"}}, {"type": "Feature", "geometry": {"type": "LineString", "coordinates": [[-84.3937233, 33.7514171], [-84.3939055, 33.751522], [-84.3940741, 33.751611], [-84.3942204, 33.7516888]]}, "properties": {"surface": "", "highway": "footway"}}, {"type": "Feature", "geometry": {"type": "LineString", "coordinates": [[-84.3871883, 33.7526718], [-84.3870365, 33.7525645], [-84.3871295, 33.7524735]]}, "properties": {"surface": "", "highway": "pedestrian"}}, {"type": "Feature", "geometry": {"type": "LineString", "coordinates": [[-84.3743723, 33.761465], [-84.3744281, 33.7614631], [-84.3765001, 33.7614778]]}, "properties": {"surface": "", "highway": "footway"}}, {"type": "Feature", "geometry": {"type": "LineString", "coordinates": [[-84.3765996, 33.7614788], [-84.3772175, 33.7614809], [-84.3773414, 33.7615281], [-84.3776369, 33.7615326], [-84.377698, 33.7615402], [-84.3777421, 33.7615659]]}, "properties": {"surface": "", "highway": "footway"}}, {"type": "Feature", "geometry": {"type": "LineString", "coordinates": [[-84.37803, 33.7639981], [-84.3780544, 33.7627735]]}, "properties": {"surface": "", "highway": "footway"}}, {"type": "Feature", "geometry": {"type": "LineString", "coordinates": [[-84.3777421, 33.7615659], [-84.3777821, 33.7615994], [-84.3778072, 33.761635], [-84.3778256, 33.7617498], [-84.3778061, 33.7626322]]}, "properties": {"surface": "", "highway": "footway"}}, {"type": "Feature", "geometry": {"type": "LineString", "coordinates": [[-84.3777601, 33.7642052], [-84.3777721, 33.764225], [-84.3777791, 33.7642605], [-84.3777692, 33.7646442], [-84.3777615, 33.7652359], [-84.3777503, 33.7656574], [-84.3777454, 33.7660241], [-84.3777419, 33.7663115], [-84.3777398, 33.7665622]]}, "properties": {"surface": "", "highway": "footway"}}, {"type": "Feature", "geometry": {"type": "LineString", "coordinates": [[-84.3777398, 33.7665622], [-84.3777398, 33.7666034], [-84.3777398, 33.7666421]]}, "properties": {"surface": "", "highway": "footway"}}, {"type": "Feature", "geometry": {"type": "LineString", "coordinates": [[-84.3777398, 33.7666421], [-84.3777363, 33.7671586], [-84.3777308, 33.7671784], [-84.3777188, 33.7671883], [-84.3776963, 33.7672046], [-84.3776662, 33.7672064], [-84.3776318, 33.7671976], [-84.3771893, 33.7670651], [-84.3769368, 33.7669895], [-84.3764354, 33.7668426], [-84.3757752, 33.7666429], [-84.3751789, 33.7664635], [-84.3749278, 33.7663877], [-84.3748892, 33.7663761]]}, "properties": {"surface": "", "highway": "footway"}}, {"type": "Feature", "geometry": {"type": "LineString", "coordinates": [[-84.3748892, 33.7663761], [-84.3750904, 33.7659706]]}, "properties": {"surface": "", "highway": "footway"}}, {"type": "Feature", "geometry": {"type": "LineString", "coordinates": [[-84.3751358, 33.765869], [-84.3755938, 33.7648882], [-84.375678, 33.7641236], [-84.3756845, 33.7641182], [-84.3756882, 33.7641151], [-84.3757104, 33.7641128], [-84.3764266, 33.7641349], [-84.3767499, 33.7641451]]}, "properties": {"surface": "", "highway": "footway"}}, {"type": "Feature", "geometry": {"type": "LineString", "coordinates": [[-84.3769013, 33.7641467], [-84.3775666, 33.7641667], [-84.3776342, 33.7641867], [-84.3776721, 33.7641921], [-84.3777249, 33.7641921], [-84.3777601, 33.7642052]]}, "properties": {"surface": "", "highway": "footway"}}, {"type": "Feature", "geometry": {"type": "LineString", "coordinates": [[-84.3777601, 33.7642052], [-84.3777728, 33.7642027]]}, "properties": {"surface": "", "highway": "footway"}}, {"type": "Feature", "geometry": {"type": "LineString", "coordinates": [[-84.3756882, 33.7641151], [-84.3756919, 33.764103]]}, "properties": {"surface": "", "highway": "footway"}}, {"type": "Feature", "geometry": {"type": "LineString", "coordinates": [[-84.3756845, 33.7641182], [-84.3756698, 33.7641135]]}, "properties": {"surface": "", "highway": "footway"}}, {"type": "Feature", "geometry": {"type": "LineString", "coordinates": [[-84.3757442, 33.7639742], [-84.3757456, 33.7639555]]}, "properties": {"surface": "", "highway": "footway"}}, {"type": "Feature", "geometry": {"type": "LineString", "coordinates": [[-84.3755825, 33.7641021], [-84.3755801, 33.76411], [-84.3755973, 33.76411]]}, "properties": {"surface": "", "highway": "footway"}}, {"type": "Feature", "geometry": {"type": "LineString", "coordinates": [[-84.3755801, 33.76411], [-84.375586, 33.7641231], [-84.3755871, 33.7641415], [-84.3755203, 33.7647128], [-84.3754728, 33.764911], [-84.3754204, 33.7650315], [-84.3752166, 33.7654608], [-84.3750168, 33.7658472], [-84.3748291, 33.7662363], [-84.3747671, 33.7663453], [-84.3747099, 33.7663341], [-84.3745445, 33.7663018], [-84.3744545, 33.7662858], [-84.3743116, 33.766269], [-84.3741639, 33.7662518], [-84.3737652, 33.7662716], [-84.3735125, 33.7662792], [-84.3734792, 33.7662786]]}, "properties": {"surface": "", "highway": "footway"}}, {"type": "Feature", "geometry": {"type": "LineString", "coordinates": [[-84.3735314, 33.7657207], [-84.3735649, 33.7651896], [-84.3736153, 33.7648069], [-84.373666, 33.764471], [-84.3736871, 33.7640877], [-84.3737036, 33.7640625]]}, "properties": {"surface": "", "highway": "footway"}}, {"type": "Feature", "geometry": {"type": "LineString", "coordinates": [[-84.3734792, 33.7662786], [-84.3735272, 33.7657961]]}, "properties": {"surface": "", "highway": "footway"}}, {"type": "Feature", "geometry": {"type": "LineString", "coordinates": [[-84.3741982, 33.7614924], [-84.3741878, 33.7619063], [-84.3741577, 33.7626245], [-84.3741081, 33.7628078], [-84.3740875, 33.7628614], [-84.3739276, 33.7632513], [-84.3736364, 33.7639035], [-84.373627, 33.7639186]]}, "properties": {"surface": "", "highway": "footway"}}, {"type": "Feature", "geometry": {"type": "LineString", "coordinates": [[-84.3732909, 33.766284], [-84.373314, 33.7662819]]}, "properties": {"surface": "", "highway": "footway"}}, {"type": "Feature", "geometry": {"type": "LineString", "coordinates": [[-84.3733082, 33.7675921], [-84.3734127, 33.7667904], [-84.3734304, 33.7666536], [-84.3734705, 33.7663978]]}, "properties": {"surface": "", "highway": "footway"}}, {"type": "Feature", "geometry": {"type": "LineString", "coordinates": [[-84.3732935, 33.7677041], [-84.3733037, 33.7676975], [-84.3733377, 33.7676975], [-84.3737735, 33.7677355], [-84.37396, 33.7677381], [-84.3740934, 33.7677417], [-84.3741094, 33.7677518], [-84.3741073, 33.7677646], [-84.3740068, 33.76799], [-84.3739446, 33.7680947], [-84.3737012, 33.7684128], [-84.3735099, 33.7686655], [-84.3734876, 33.7686734], [-84.3734726, 33.7686741], [-84.3734535, 33.7686752], [-84.3732064, 33.7686646], [-84.3731759, 33.7686596]]}, "properties": {"surface": "", "highway": "footway"}}, {"type": "Feature", "geometry": {"type": "LineString", "coordinates": [[-84.3731051, 33.7691851], [-84.3731561, 33.7688], [-84.3731688, 33.7687671]]}, "properties": {"surface": "", "highway": "footway"}}, {"type": "Feature", "geometry": {"type": "LineString", "coordinates": [[-84.3737278, 33.7687781], [-84.3735796, 33.7687748], [-84.3735599, 33.7687764], [-84.3735552, 33.7687768], [-84.37354, 33.7687854], [-84.3735253, 33.7688088], [-84.3733399, 33.7690544]]}, "properties": {"surface": "", "highway": "footway"}}, {"type": "Feature", "geometry": {"type": "LineString", "coordinates": [[-84.3735595, 33.7687681], [-84.3735599, 33.7687764]]}, "properties": {"surface": "", "highway": "footway"}}, {"type": "Feature", "geometry": {"type": "LineString", "coordinates": [[-84.3733063, 33.7690993], [-84.3731218, 33.7693348], [-84.3730873, 33.7693765]]}, "properties": {"surface": "", "highway": "footway"}}, {"type": "Feature", "geometry": {"type": "LineString", "coordinates": [[-84.3731043, 33.7692], [-84.3731051, 33.7691851], [-84.3730942, 33.7691838]]}, "properties": {"surface": "", "highway": "footway"}}, {"type": "Feature", "geometry": {"type": "LineString", "coordinates": [[-84.3737742, 33.7687791], [-84.374295, 33.7687837], [-84.3743267, 33.7687873], [-84.3743542, 33.7688253], [-84.3746436, 33.7688355], [-84.3746686, 33.7688573], [-84.3746643, 33.7691273]]}, "properties": {"surface": "", "highway": "footway"}}, {"type": "Feature", "geometry": {"type": "LineString", "coordinates": [[-84.3717586, 33.7687084], [-84.3717733, 33.7687105]]}, "properties": {"surface": "", "highway": "footway"}}, {"type": "Feature", "geometry": {"type": "LineString", "coordinates": [[-84.3719715, 33.7687078], [-84.3719882, 33.7687081]]}, "properties": {"surface": "", "highway": "footway"}}, {"type": "Feature", "geometry": {"type": "LineString", "coordinates": [[-84.3716544, 33.7712786], [-84.3716452, 33.7713021], [-84.3716327, 33.7715143], [-84.3714656, 33.772062], [-84.371321, 33.772413], [-84.3712044, 33.7726958], [-84.371138, 33.772857], [-84.3710726, 33.7730156], [-84.371025, 33.773131], [-84.3710164, 33.7732043], [-84.3709256, 33.7734359], [-84.3708855, 33.7735514], [-84.3708158, 33.7735808], [-84.3706906, 33.7735988], [-84.3706043, 33.7736218], [-84.3705497, 33.7736148], [-84.3704752, 33.7736482], [-84.3704122, 33.7736661], [-84.3703498, 33.7736968], [-84.3701849, 33.7737298], [-84.369963, 33.7737486], [-84.3698271, 33.7737413]]}, "properties": {"surface": "concrete", "highway": "footway"}}, {"type": "Feature", "geometry": {"type": "LineString", "coordinates": [[-84.3717539, 33.7688258], [-84.3717434, 33.7688255], [-84.3716923, 33.7688271], [-84.3715263, 33.7688519], [-84.3711427, 33.7689117]]}, "properties": {"surface": "", "highway": "footway"}}, {"type": "Feature", "geometry": {"type": "LineString", "coordinates": [[-84.371078, 33.7689204], [-84.3706897, 33.7689772], [-84.3704022, 33.7690158], [-84.3701275, 33.7690538], [-84.3699522, 33.7690777], [-84.3695914, 33.7691356], [-84.369296, 33.7691782], [-84.3689083, 33.7692355], [-84.3684571, 33.7692969], [-84.3681452, 33.7693436], [-84.367893, 33.7693731], [-84.3678035, 33.7693857]]}, "properties": {"surface": "", "highway": "footway"}}, {"type": "Feature", "geometry": {"type": "LineString", "coordinates": [[-84.3677903, 33.7699677], [-84.3680261, 33.7699663], [-84.3688848, 33.76998], [-84.3688941, 33.7699931], [-84.3688885, 33.7702685]]}, "properties": {"surface": "concrete", "highway": "footway"}}, {"type": "Feature", "geometry": {"type": "LineString", "coordinates": [[-84.374379, 33.7613168], [-84.3743721, 33.7613007], [-84.3743891, 33.7604706]]}, "properties": {"surface": "", "highway": "footway"}}, {"type": "Feature", "geometry": {"type": "LineString", "coordinates": [[-84.3738404, 33.7614583], [-84.3739962, 33.7614614], [-84.3741478, 33.7614619], [-84.3741908, 33.7614623], [-84.3741982, 33.7614924]]}, "properties": {"surface": "", "highway": "footway"}}, {"type": "Feature", "geometry": {"type": "LineString", "coordinates": [[-84.378057, 33.7626416], [-84.3780595, 33.7625163], [-84.3780504, 33.7617842], [-84.3780779, 33.761664], [-84.3781181, 33.7616072], [-84.3781809, 33.7615583], [-84.3782467, 33.7615279], [-84.378301, 33.7615163], [-84.3783492, 33.76151], [-84.3784738, 33.7615041], [-84.3785014, 33.7615034], [-84.3786249, 33.7615004], [-84.3787793, 33.7615191], [-84.3791417, 33.761604], [-84.3791771, 33.7616264], [-84.3792069, 33.7616595]]}, "properties": {"surface": "", "highway": "footway"}}, {"type": "Feature", "geometry": {"type": "LineString", "coordinates": [[-84.3807148, 33.7642844], [-84.3813316, 33.7643069], [-84.3817492, 33.7643057], [-84.3818676, 33.7643298], [-84.3819433, 33.7643681]]}, "properties": {"surface": "", "highway": "footway"}}, {"type": "Feature", "geometry": {"type": "LineString", "coordinates": [[-84.3921905, 33.7598118], [-84.3922309, 33.7598103], [-84.3922684, 33.7598031], [-84.3923666, 33.7597292]]}, "properties": {"surface": "concrete", "highway": "footway"}}, {"type": "Feature", "geometry": {"type": "LineString", "coordinates": [[-84.3998697, 33.7515587], [-84.399887, 33.7518034]]}, "properties": {"surface": "concrete", "highway": "footway"}}, {"type": "Feature", "geometry": {"type": "LineString", "coordinates": [[-84.3860434, 33.7556248], [-84.3860371, 33.7562129], [-84.3860372, 33.7563177], [-84.3860295, 33.7567172], [-84.3860136, 33.7570645]]}, "properties": {"surface": "", "highway": "footway"}}, {"type": "Feature", "geometry": {"type": "LineString", "coordinates": [[-84.3889363, 33.7632513], [-84.3889359, 33.7632643], [-84.3889329, 33.7632747], [-84.388925, 33.7632822], [-84.388913, 33.7632863], [-84.3888849, 33.7632865]]}, "properties": {"surface": "concrete", "highway": "footway"}}, {"type": "Feature", "geometry": {"type": "LineString", "coordinates": [[-84.3875403, 33.7632787], [-84.3875274, 33.7633046], [-84.3875085, 33.7633092], [-84.3874758, 33.7633002]]}, "properties": {"surface": "paving_stones", "highway": "footway"}}, {"type": "Feature", "geometry": {"type": "LineString", "coordinates": [[-84.3875394, 33.7624467], [-84.3874968, 33.7625004], [-84.3871008, 33.7629982], [-84.3870528, 33.7630695]]}, "properties": {"surface": "paving_stones", "highway": "footway"}}, {"type": "Feature", "geometry": {"type": "LineString", "coordinates": [[-84.3867985, 33.7630824], [-84.3868733, 33.7629784]]}, "properties": {"surface": "concrete", "highway": "footway"}}, {"type": "Feature", "geometry": {"type": "LineString", "coordinates": [[-84.3865432, 33.7632677], [-84.3865436, 33.7633408], [-84.386572, 33.7633608]]}, "properties": {"surface": "paving_stones", "highway": "footway"}}, {"type": "Feature", "geometry": {"type": "LineString", "coordinates": [[-84.3871613, 33.762614], [-84.3871473, 33.7625894], [-84.3870536, 33.7624251], [-84.3871215, 33.7623511], [-84.3871217, 33.7623258]]}, "properties": {"surface": "concrete", "highway": "footway"}}, {"type": "Feature", "geometry": {"type": "LineString", "coordinates": [[-84.3918855, 33.7540662], [-84.3921943, 33.7542358], [-84.392233, 33.7542554]]}, "properties": {"surface": "", "highway": "pedestrian"}}, {"type": "Feature", "geometry": {"type": "LineString", "coordinates": [[-84.3918855, 33.7540662], [-84.391658, 33.7539376]]}, "properties": {"surface": "", "highway": "pedestrian"}}, {"type": "Feature", "geometry": {"type": "LineString", "coordinates": [[-84.3968919, 33.7564779], [-84.396955, 33.7561553]]}, "properties": {"surface": "concrete", "highway": "pedestrian"}}, {"type": "Feature", "geometry": {"type": "LineString", "coordinates": [[-84.3874223, 33.7582653], [-84.3874226, 33.7582803]]}, "properties": {"surface": "concrete", "highway": "footway"}}, {"type": "Feature", "geometry": {"type": "LineString", "coordinates": [[-84.3841644, 33.7701716], [-84.3840894, 33.7703018], [-84.3839514, 33.7705547], [-84.3837001, 33.7710155], [-84.3836452, 33.7711162], [-84.383657, 33.7711571]]}, "properties": {"surface": "concrete", "highway": "footway"}}, {"type": "Feature", "geometry": {"type": "LineString", "coordinates": [[-84.3873011, 33.771163], [-84.3871352, 33.771187], [-84.3869914, 33.771191], [-84.3867503, 33.7711789], [-84.3863491, 33.7711783], [-84.3861287, 33.771178]]}, "properties": {"surface": "paved", "highway": "footway"}}, {"type": "Feature", "geometry": {"type": "LineString", "coordinates": [[-84.3861287, 33.771178], [-84.3859743, 33.7711771], [-84.3859429, 33.7711805], [-84.3858078, 33.7711951], [-84.385679, 33.7711941], [-84.3852658, 33.771191], [-84.3851477, 33.7711901], [-84.3851387, 33.7711826]]}, "properties": {"surface": "concrete", "highway": "footway"}}, {"type": "Feature", "geometry": {"type": "LineString", "coordinates": [[-84.3843346, 33.758325], [-84.3845487, 33.7583276], [-84.3847783, 33.7583304], [-84.3855246, 33.7583393], [-84.3860046, 33.7583449]]}, "properties": {"surface": "", "highway": "footway"}}, {"type": "Feature", "geometry": {"type": "LineString", "coordinates": [[-84.3873357, 33.7698557], [-84.3873243, 33.7703439], [-84.3873201, 33.7705217], [-84.387317, 33.7706878], [-84.3873047, 33.7708771], [-84.3873011, 33.771163]]}, "properties": {"surface": "paved", "highway": "footway"}}, {"type": "Feature", "geometry": {"type": "LineString", "coordinates": [[-84.3875868, 33.7696566], [-84.3876131, 33.7696718], [-84.387646, 33.769678], [-84.3877095, 33.7696746], [-84.3878684, 33.769657], [-84.3880043, 33.7696386], [-84.3881138, 33.7696091], [-84.3882115, 33.7695864], [-84.3883764, 33.7695475], [-84.3885517, 33.7695387], [-84.3886732, 33.769536], [-84.3887751, 33.7695332], [-84.3887922, 33.7695519]]}, "properties": {"surface": "concrete", "highway": "footway"}}, {"type": "Feature", "geometry": {"type": "LineString", "coordinates": [[-84.3875488, 33.7698762], [-84.3875402, 33.7699759]]}, "properties": {"surface": "", "highway": "footway"}}, {"type": "Feature", "geometry": {"type": "LineString", "coordinates": [[-84.3875658, 33.7689359], [-84.3875973, 33.7689738], [-84.3875952, 33.7690548], [-84.3875821, 33.7695766], [-84.3875868, 33.7696566]]}, "properties": {"surface": "concrete", "highway": "footway"}}, {"type": "Feature", "geometry": {"type": "LineString", "coordinates": [[-84.387579, 33.7683368], [-84.3875717, 33.7683689], [-84.3875658, 33.7689359]]}, "properties": {"surface": "", "highway": "footway"}}, {"type": "Feature", "geometry": {"type": "LineString", "coordinates": [[-84.3880282, 33.7673309], [-84.3880293, 33.7673251], [-84.3880756, 33.7672219]]}, "properties": {"surface": "", "highway": "footway"}}, {"type": "Feature", "geometry": {"type": "LineString", "coordinates": [[-84.3853383, 33.7689286], [-84.3853544, 33.7689042], [-84.3853564, 33.7688875], [-84.3853803, 33.7686388], [-84.3853925, 33.7684905], [-84.3854081, 33.7683167], [-84.385419, 33.7681876], [-84.3854237, 33.7681319], [-84.385429, 33.7680687], [-84.3854337, 33.7680122], [-84.3854528, 33.767767], [-84.3854745, 33.7674841], [-84.385479, 33.7674591], [-84.3854918, 33.767443], [-84.3855204, 33.7674324], [-84.3855604, 33.7674274], [-84.3856581, 33.7674248], [-84.3859266, 33.7674193], [-84.3859736, 33.7674185], [-84.3860614, 33.7674167], [-84.3867826, 33.7674028], [-84.3872879, 33.7674041], [-84.387351, 33.7674043], [-84.3873598, 33.7674084], [-84.3873641, 33.7674145], [-84.3873644, 33.7674255], [-84.3873443, 33.7681924], [-84.3873423, 33.7682913], [-84.387342, 33.7683426], [-84.3873389, 33.768851], [-84.3873261, 33.769711], [-84.3873255, 33.7697266], [-84.386965, 33.7697288], [-84.3868264, 33.7697296], [-84.386705, 33.7697317], [-84.3864516, 33.7697361], [-84.3862659, 33.7697394], [-84.3861325, 33.7697417], [-84.3860132, 33.7697438], [-84.3859792, 33.7697444], [-84.3856849, 33.7697464], [-84.3856658, 33.7697467], [-84.385299, 33.7697526], [-84.3852679, 33.7697456], [-84.3852796, 33.7696098], [-84.3853383, 33.7689286]]}, "properties": {"surface": "concrete", "highway": "footway"}}, {"type": "Feature", "geometry": {"type": "LineString", "coordinates": [[-84.3853349, 33.7657093], [-84.3853288, 33.7658306], [-84.3853247, 33.7660105], [-84.3852969, 33.7667586], [-84.3852936, 33.7669232], [-84.3852926, 33.7670705], [-84.3852809, 33.7672994], [-84.3852761, 33.7673578], [-84.3852704, 33.7673662]]}, "properties": {"surface": "", "highway": "footway"}}, {"type": "Feature", "geometry": {"type": "LineString", "coordinates": [[-84.3852678, 33.7675073], [-84.3852501, 33.7675015], [-84.3842175, 33.7675222], [-84.3841922, 33.7675307], [-84.3841891, 33.767536], [-84.3841853, 33.7675545], [-84.3841842, 33.7679775], [-84.3841828, 33.768085], [-84.3841572, 33.7682356], [-84.3841549, 33.7685311]]}, "properties": {"surface": "", "highway": "footway"}}, {"type": "Feature", "geometry": {"type": "LineString", "coordinates": [[-84.3855412, 33.7672698], [-84.3855502, 33.7672634], [-84.3855696, 33.7672805], [-84.3856032, 33.7672961], [-84.3856504, 33.7672982], [-84.3860717, 33.7672741], [-84.3863287, 33.7672702], [-84.3863832, 33.767258], [-84.386441, 33.7672384], [-84.3864724, 33.7672183], [-84.3864923, 33.7671914]]}, "properties": {"surface": "", "highway": "footway"}}, {"type": "Feature", "geometry": {"type": "LineString", "coordinates": [[-84.3856808, 33.7643945], [-84.3856382, 33.7644051], [-84.3852002, 33.7643706], [-84.385061, 33.76436]]}, "properties": {"surface": "concrete", "highway": "footway"}}, {"type": "Feature", "geometry": {"type": "LineString", "coordinates": [[-84.3861295, 33.7641476], [-84.3860501, 33.7642571], [-84.3860145, 33.764307], [-84.3859685, 33.7643881], [-84.3859365, 33.7644588], [-84.3859146, 33.7645063]]}, "properties": {"surface": "concrete", "highway": "footway"}}, {"type": "Feature", "geometry": {"type": "LineString", "coordinates": [[-84.3842461, 33.764867], [-84.3842414, 33.7653473], [-84.3842407, 33.7654166], [-84.3842522, 33.7654337]]}, "properties": {"surface": "concrete", "highway": "footway"}}, {"type": "Feature", "geometry": {"type": "LineString", "coordinates": [[-84.3841832, 33.765583], [-84.3841839, 33.7655746], [-84.3841921, 33.7655614], [-84.3842491, 33.7655548], [-84.3845592, 33.76555]]}, "properties": {"surface": "", "highway": "footway"}}, {"type": "Feature", "geometry": {"type": "LineString", "coordinates": [[-84.3873497, 33.7649242], [-84.3873699, 33.7649218], [-84.3873903, 33.7649293], [-84.3874008, 33.7649441]]}, "properties": {"surface": "", "highway": "footway"}}, {"type": "Feature", "geometry": {"type": "LineString", "coordinates": [[-84.3871931, 33.7649666], [-84.3872415, 33.7649404], [-84.3872899, 33.7649324], [-84.3873497, 33.7649242]]}, "properties": {"surface": "", "highway": "footway"}}, {"type": "Feature", "geometry": {"type": "LineString", "coordinates": [[-84.3878764, 33.7576194], [-84.387791, 33.757666]]}, "properties": {"surface": "paving_stones", "highway": "footway"}}, {"type": "Feature", "geometry": {"type": "LineString", "coordinates": [[-84.3884051, 33.758135], [-84.3879849, 33.7577111]]}, "properties": {"surface": "paving_stones", "highway": "footway"}}, {"type": "Feature", "geometry": {"type": "LineString", "coordinates": [[-84.3883876, 33.7583467], [-84.3883803, 33.7583614], [-84.3883705, 33.7583741], [-84.3883572, 33.7583807], [-84.3883334, 33.7583836], [-84.3877237, 33.7583794], [-84.387709, 33.7583723]]}, "properties": {"surface": "", "highway": "footway"}}, {"type": "Feature", "geometry": {"type": "LineString", "coordinates": [[-84.3878697, 33.757811], [-84.3877431, 33.7578901], [-84.3877389, 33.7578979], [-84.3877373, 33.7579064], [-84.3877322, 33.7581367], [-84.3877142, 33.7581595], [-84.387709, 33.7583723]]}, "properties": {"surface": "", "highway": "footway"}}, {"type": "Feature", "geometry": {"type": "LineString", "coordinates": [[-84.3875144, 33.7583678], [-84.3875115, 33.7581107], [-84.3875138, 33.7580137], [-84.387521, 33.7580138], [-84.3875208, 33.7578306], [-84.3875249, 33.7577536], [-84.3876126, 33.7576072]]}, "properties": {"surface": "", "highway": "footway"}}, {"type": "Feature", "geometry": {"type": "LineString", "coordinates": [[-84.3875144, 33.7583678], [-84.3869476, 33.7583582], [-84.3861829, 33.7583479]]}, "properties": {"surface": "", "highway": "footway"}}, {"type": "Feature", "geometry": {"type": "LineString", "coordinates": [[-84.3900481, 33.7587613], [-84.3905585, 33.7583869]]}, "properties": {"surface": "", "highway": "footway"}}, {"type": "Feature", "geometry": {"type": "LineString", "coordinates": [[-84.3889657, 33.7568431], [-84.3887217, 33.7565611], [-84.3885784, 33.7564287]]}, "properties": {"surface": "", "highway": "footway"}}, {"type": "Feature", "geometry": {"type": "LineString", "coordinates": [[-84.3886454, 33.756192], [-84.3889418, 33.7556694]]}, "properties": {"surface": "", "highway": "footway"}}, {"type": "Feature", "geometry": {"type": "LineString", "coordinates": [[-84.3890699, 33.7569408], [-84.3885683, 33.7572978]]}, "properties": {"surface": "", "highway": "footway"}}, {"type": "Feature", "geometry": {"type": "LineString", "coordinates": [[-84.3887522, 33.7562807], [-84.38919, 33.7559887], [-84.3892066, 33.7559776]]}, "properties": {"surface": "", "highway": "footway"}}, {"type": "Feature", "geometry": {"type": "LineString", "coordinates": [[-84.3862164, 33.7556237], [-84.386265, 33.755653], [-84.3863187, 33.7556586], [-84.3871034, 33.7556669], [-84.3871461, 33.7556674], [-84.3873585, 33.7556758], [-84.3875689, 33.755702], [-84.387697, 33.7557333], [-84.3877749, 33.7557565]]}, "properties": {"surface": "", "highway": "footway"}}, {"type": "Feature", "geometry": {"type": "LineString", "coordinates": [[-84.3895477, 33.7583874], [-84.3890269, 33.7587408]]}, "properties": {"surface": "", "highway": "footway"}}, {"type": "Feature", "geometry": {"type": "LineString", "coordinates": [[-84.3893332, 33.75926], [-84.3893257, 33.7592744], [-84.3892096, 33.7593482], [-84.3890258, 33.759479], [-84.3889815, 33.7596514]]}, "properties": {"surface": "concrete", "highway": "footway"}}, {"type": "Feature", "geometry": {"type": "LineString", "coordinates": [[-84.3891258, 33.7590596], [-84.3890732, 33.759292], [-84.3890258, 33.759479]]}, "properties": {"surface": "concrete", "highway": "footway"}}, {"type": "Feature", "geometry": {"type": "LineString", "coordinates": [[-84.3889815, 33.7596514], [-84.3888396, 33.7596522], [-84.3881661, 33.7596522], [-84.3876934, 33.7596516]]}, "properties": {"surface": "concrete", "highway": "footway"}}, {"type": "Feature", "geometry": {"type": "LineString", "coordinates": [[-84.3899196, 33.7596379], [-84.3899469, 33.759665], [-84.3905201, 33.7596684]]}, "properties": {"surface": "concrete", "highway": "footway"}}, {"type": "Feature", "geometry": {"type": "LineString", "coordinates": [[-84.3904823, 33.7597994], [-84.3899206, 33.7597917], [-84.389722, 33.759789], [-84.3896211, 33.7597876], [-84.3891647, 33.7597838]]}, "properties": {"surface": "concrete", "highway": "footway"}}, {"type": "Feature", "geometry": {"type": "LineString", "coordinates": [[-84.3911299, 33.7589353], [-84.3910028, 33.7588182], [-84.3909451, 33.7587648], [-84.3908552, 33.7586814], [-84.3906679, 33.7584926]]}, "properties": {"surface": "", "highway": "footway"}}, {"type": "Feature", "geometry": {"type": "LineString", "coordinates": [[-84.3919524, 33.7608725], [-84.3919582, 33.7602944], [-84.3919631, 33.7600913], [-84.3919702, 33.7597993]]}, "properties": {"surface": "concrete", "highway": "footway"}}, {"type": "Feature", "geometry": {"type": "LineString", "coordinates": [[-84.3907778, 33.7575057], [-84.3912113, 33.7579276]]}, "properties": {"surface": "", "highway": "footway"}}, {"type": "Feature", "geometry": {"type": "LineString", "coordinates": [[-84.3901418, 33.7579604], [-84.3896254, 33.7583268]]}, "properties": {"surface": "", "highway": "footway"}}, {"type": "Feature", "geometry": {"type": "LineString", "coordinates": [[-84.3896922, 33.7573275], [-84.390226, 33.7569503]]}, "properties": {"surface": "", "highway": "footway"}}, {"type": "Feature", "geometry": {"type": "LineString", "coordinates": [[-84.390127, 33.7577882], [-84.3899322, 33.7575768], [-84.3898268, 33.7574644], [-84.3896922, 33.7573275]]}, "properties": {"surface": "", "highway": "footway"}}, {"type": "Feature", "geometry": {"type": "LineString", "coordinates": [[-84.3900372, 33.7578551], [-84.3896446, 33.7574923], [-84.3896407, 33.7574889], [-84.3895722, 33.7574231]]}, "properties": {"surface": "", "highway": "footway"}}, {"type": "Feature", "geometry": {"type": "LineString", "coordinates": [[-84.3895722, 33.7574231], [-84.3891066, 33.7577508], [-84.3890992, 33.757756], [-84.3890546, 33.7577874]]}, "properties": {"surface": "", "highway": "footway"}}, {"type": "Feature", "geometry": {"type": "LineString", "coordinates": [[-84.3902784, 33.7569138], [-84.3907265, 33.757352], [-84.3907336, 33.757359]]}, "properties": {"surface": "", "highway": "footway"}}, {"type": "Feature", "geometry": {"type": "LineString", "coordinates": [[-84.3902328, 33.7578928], [-84.3907778, 33.7575057]]}, "properties": {"surface": "", "highway": "footway"}}, {"type": "Feature", "geometry": {"type": "LineString", "coordinates": [[-84.3913776, 33.7568934], [-84.3916576, 33.756693], [-84.3919732, 33.756467]]}, "properties": {"surface": "", "highway": "footway"}}, {"type": "Feature", "geometry": {"type": "LineString", "coordinates": [[-84.392121, 33.756271], [-84.3921154, 33.7562656], [-84.3917354, 33.7558966]]}, "properties": {"surface": "", "highway": "footway"}}, {"type": "Feature", "geometry": {"type": "LineString", "coordinates": [[-84.3914749, 33.7570072], [-84.3920859, 33.7565796]]}, "properties": {"surface": "", "highway": "footway"}}, {"type": "Feature", "geometry": {"type": "LineString", "coordinates": [[-84.391927, 33.7574306], [-84.3925188, 33.7569923]]}, "properties": {"surface": "", "highway": "footway"}}, {"type": "Feature", "geometry": {"type": "LineString", "coordinates": [[-84.3914445, 33.756], [-84.3908723, 33.7564071]]}, "properties": {"surface": "", "highway": "footway"}}, {"type": "Feature", "geometry": {"type": "LineString", "coordinates": [[-84.3912887, 33.7578814], [-84.3917754, 33.7575394], [-84.3918066, 33.7575175]]}, "properties": {"surface": "", "highway": "footway"}}, {"type": "Feature", "geometry": {"type": "LineString", "coordinates": [[-84.3908412, 33.7574625], [-84.3908553, 33.7574523], [-84.3912265, 33.7571783], [-84.3913503, 33.7570951]]}, "properties": {"surface": "", "highway": "footway"}}, {"type": "Feature", "geometry": {"type": "LineString", "coordinates": [[-84.3918924, 33.7574229], [-84.3914852, 33.7570301]]}, "properties": {"surface": "", "highway": "footway"}}, {"type": "Feature", "geometry": {"type": "LineString", "coordinates": [[-84.390127, 33.7577882], [-84.3906671, 33.757401]]}, "properties": {"surface": "", "highway": "footway"}}, {"type": "Feature", "geometry": {"type": "LineString", "coordinates": [[-84.3902784, 33.7569138], [-84.3908005, 33.7565399]]}, "properties": {"surface": "", "highway": "footway"}}, {"type": "Feature", "geometry": {"type": "LineString", "coordinates": [[-84.3902272, 33.756862], [-84.3897847, 33.7564348]]}, "properties": {"surface": "", "highway": "footway"}}, {"type": "Feature", "geometry": {"type": "LineString", "coordinates": [[-84.3902272, 33.756862], [-84.3906258, 33.7565749], [-84.3907526, 33.7564943]]}, "properties": {"surface": "", "highway": "footway"}}, {"type": "Feature", "geometry": {"type": "LineString", "coordinates": [[-84.3915079, 33.7560502], [-84.3914892, 33.7560589], [-84.3912027, 33.7562494], [-84.3909203, 33.7564526]]}, "properties": {"surface": "", "highway": "footway"}}, {"type": "Feature", "geometry": {"type": "LineString", "coordinates": [[-84.3908723, 33.7564071], [-84.3904339, 33.7559734]]}, "properties": {"surface": "", "highway": "footway"}}, {"type": "Feature", "geometry": {"type": "LineString", "coordinates": [[-84.3903213, 33.7560557], [-84.3897847, 33.7564348]]}, "properties": {"surface": "", "highway": "footway"}}, {"type": "Feature", "geometry": {"type": "LineString", "coordinates": [[-84.3904339, 33.7559734], [-84.3909952, 33.755573]]}, "properties": {"surface": "", "highway": "footway"}}, {"type": "Feature", "geometry": {"type": "LineString", "coordinates": [[-84.3909952, 33.755573], [-84.3914445, 33.756]]}, "properties": {"surface": "concrete", "highway": "footway"}}, {"type": "Feature", "geometry": {"type": "LineString", "coordinates": [[-84.3913683, 33.7551213], [-84.3911148, 33.7552981]]}, "properties": {"surface": "", "highway": "footway"}}, {"type": "Feature", "geometry": {"type": "LineString", "coordinates": [[-84.389672, 33.7563377], [-84.3892804, 33.7559585], [-84.3892576, 33.7559364]]}, "properties": {"surface": "", "highway": "footway"}}, {"type": "Feature", "geometry": {"type": "LineString", "coordinates": [[-84.3892066, 33.7559776], [-84.3896114, 33.7563681]]}, "properties": {"surface": "", "highway": "footway"}}, {"type": "Feature", "geometry": {"type": "LineString", "coordinates": [[-84.3902206, 33.7559472], [-84.389672, 33.7563377]]}, "properties": {"surface": "", "highway": "footway"}}, {"type": "Feature", "geometry": {"type": "LineString", "coordinates": [[-84.3902206, 33.7559472], [-84.3897937, 33.7555217]]}, "properties": {"surface": "", "highway": "footway"}}, {"type": "Feature", "geometry": {"type": "LineString", "coordinates": [[-84.3890546, 33.7577874], [-84.3895087, 33.7582269]]}, "properties": {"surface": "", "highway": "footway"}}, {"type": "Feature", "geometry": {"type": "LineString", "coordinates": [[-84.3895087, 33.7582269], [-84.3895298, 33.7582131], [-84.3900372, 33.7578551]]}, "properties": {"surface": "", "highway": "footway"}}, {"type": "Feature", "geometry": {"type": "LineString", "coordinates": [[-84.3897707, 33.754563], [-84.3897959, 33.7545624], [-84.3898259, 33.7545628], [-84.3899439, 33.7545652], [-84.3903439, 33.7549705]]}, "properties": {"surface": "", "highway": "footway"}}, {"type": "Feature", "geometry": {"type": "LineString", "coordinates": [[-84.3904689, 33.7550678], [-84.3908816, 33.7554578], [-84.3908886, 33.7554645]]}, "properties": {"surface": "concrete", "highway": "footway"}}, {"type": "Feature", "geometry": {"type": "LineString", "coordinates": [[-84.3908886, 33.7554645], [-84.3903201, 33.7558708]]}, "properties": {"surface": "", "highway": "footway"}}, {"type": "Feature", "geometry": {"type": "LineString", "coordinates": [[-84.38952, 33.7573731], [-84.389003, 33.7577253]]}, "properties": {"surface": "", "highway": "footway"}}, {"type": "Feature", "geometry": {"type": "LineString", "coordinates": [[-84.3885683, 33.7572978], [-84.389003, 33.7577253]]}, "properties": {"surface": "", "highway": "footway"}}, {"type": "Feature", "geometry": {"type": "LineString", "coordinates": [[-84.3889056, 33.7577736], [-84.3884837, 33.7573645]]}, "properties": {"surface": "", "highway": "footway"}}, {"type": "Feature", "geometry": {"type": "LineString", "coordinates": [[-84.3889056, 33.7577736], [-84.3884051, 33.758135]]}, "properties": {"surface": "", "highway": "footway"}}, {"type": "Feature", "geometry": {"type": "LineString", "coordinates": [[-84.3887079, 33.7584302], [-84.3886089, 33.7583369], [-84.3885884, 33.7583176], [-84.3884737, 33.7582037]]}, "properties": {"surface": "concrete", "highway": "footway"}}, {"type": "Feature", "geometry": {"type": "LineString", "coordinates": [[-84.3901614, 33.7588658], [-84.3906518, 33.7593659], [-84.3906551, 33.7596653]]}, "properties": {"surface": "concrete", "highway": "footway"}}, {"type": "Feature", "geometry": {"type": "LineString", "coordinates": [[-84.3900844, 33.758925], [-84.3905227, 33.7593283], [-84.3905286, 33.7593388], [-84.3905204, 33.7596556], [-84.3905201, 33.7596684]]}, "properties": {"surface": "concrete", "highway": "footway"}}, {"type": "Feature", "geometry": {"type": "LineString", "coordinates": [[-84.3906679, 33.7584926], [-84.390245, 33.7588042], [-84.3901925, 33.7588429], [-84.3901614, 33.7588658]]}, "properties": {"surface": "", "highway": "footway"}}, {"type": "Feature", "geometry": {"type": "LineString", "coordinates": [[-84.3906884, 33.7583033], [-84.3902328, 33.7578928]]}, "properties": {"surface": "", "highway": "footway"}}, {"type": "Feature", "geometry": {"type": "LineString", "coordinates": [[-84.3905585, 33.7583869], [-84.3901418, 33.7579604]]}, "properties": {"surface": "", "highway": "footway"}}, {"type": "Feature", "geometry": {"type": "LineString", "coordinates": [[-84.3907919, 33.7584113], [-84.3907951, 33.7584142], [-84.3908745, 33.7584891], [-84.3912053, 33.7587923], [-84.3912475, 33.7588254], [-84.391297, 33.758859], [-84.3913601, 33.7588929], [-84.3914357, 33.7589249], [-84.3914985, 33.7589461], [-84.3915638, 33.7589614], [-84.3917525, 33.758996], [-84.3920503, 33.7590345]]}, "properties": {"surface": "", "highway": "footway"}}, {"type": "Feature", "geometry": {"type": "LineString", "coordinates": [[-84.391584, 33.7578606], [-84.3917688, 33.7582219], [-84.3920769, 33.7588184], [-84.3921048, 33.7588627]]}, "properties": {"surface": "concrete", "highway": "footway"}}, {"type": "Feature", "geometry": {"type": "LineString", "coordinates": [[-84.3916804, 33.7577885], [-84.3917673, 33.7577236], [-84.3918925, 33.7576198]]}, "properties": {"surface": "", "highway": "footway"}}, {"type": "Feature", "geometry": {"type": "LineString", "coordinates": [[-84.3926291, 33.7571195], [-84.3920458, 33.7575386]]}, "properties": {"surface": "concrete", "highway": "footway"}}, {"type": "Feature", "geometry": {"type": "LineString", "coordinates": [[-84.4016043, 33.7687238], [-84.4016046, 33.7687404], [-84.4015849, 33.768744], [-84.4015688, 33.7687379], [-84.4015584, 33.7687287], [-84.4015202, 33.7687287], [-84.4013822, 33.7687388], [-84.4012307, 33.7687471], [-84.4011322, 33.7687231], [-84.4010217, 33.7686897], [-84.400974, 33.7686827], [-84.4009215, 33.7686616], [-84.400901, 33.7686457]]}, "properties": {"surface": "", "highway": "footway"}}, {"type": "Feature", "geometry": {"type": "LineString", "coordinates": [[-84.4016046, 33.7687404], [-84.4016084, 33.7687556]]}, "properties": {"surface": "", "highway": "footway"}}, {"type": "Feature", "geometry": {"type": "LineString", "coordinates": [[-84.4031422, 33.7694777], [-84.4031426, 33.769731], [-84.4031413, 33.769945], [-84.4031284, 33.7699636], [-84.4031017, 33.7699713], [-84.4029707, 33.7699758], [-84.4026865, 33.7699832], [-84.4023831, 33.7699939], [-84.4021421, 33.770005], [-84.4020418, 33.770014], [-84.4018196, 33.7700399], [-84.4016984, 33.7700606], [-84.4015621, 33.7700893], [-84.4012935, 33.7701549], [-84.4011315, 33.7702056], [-84.4009556, 33.7702664], [-84.4008642, 33.770308], [-84.4007036, 33.7703782], [-84.4006185, 33.7704162]]}, "properties": {"surface": "", "highway": "footway"}}, {"type": "Feature", "geometry": {"type": "LineString", "coordinates": [[-84.4006185, 33.7704162], [-84.3997625, 33.7708046]]}, "properties": {"surface": "", "highway": "footway"}}, {"type": "Feature", "geometry": {"type": "LineString", "coordinates": [[-84.3997625, 33.7708046], [-84.3993759, 33.7709764], [-84.3990931, 33.7710951], [-84.3990288, 33.7711026]]}, "properties": {"surface": "", "highway": "footway"}}, {"type": "Feature", "geometry": {"type": "LineString", "coordinates": [[-84.3602494, 33.7632012], [-84.3602807, 33.7631996], [-84.3603383, 33.7631879], [-84.3603255, 33.7631045], [-84.3603338, 33.7630359], [-84.3603549, 33.7629536], [-84.3603779, 33.7628988], [-84.3604188, 33.7628372], [-84.3604661, 33.7627904], [-84.3605048, 33.7627413], [-84.3605763, 33.7626368], [-84.3606436, 33.7625241], [-84.3607909, 33.7622781], [-84.3608573, 33.7622092], [-84.3609454, 33.7621178], [-84.3611118, 33.7619651], [-84.3611404, 33.7619389], [-84.3616028, 33.7615757], [-84.361688, 33.7615261], [-84.3617977, 33.7614872], [-84.362047, 33.7614765], [-84.3620428, 33.7614296], [-84.3619554, 33.7614243]]}, "properties": {"surface": "", "highway": "footway"}}, {"type": "Feature", "geometry": {"type": "LineString", "coordinates": [[-84.3603383, 33.7631879], [-84.3608275, 33.7630823], [-84.3609025, 33.7630686], [-84.361, 33.7630646], [-84.3611564, 33.7630726]]}, "properties": {"surface": "", "highway": "footway"}}, {"type": "Feature", "geometry": {"type": "LineString", "coordinates": [[-84.3610318, 33.7631825], [-84.3609643, 33.7631809], [-84.3608369, 33.7632018], [-84.3602886, 33.7633214], [-84.3602494, 33.7632012]]}, "properties": {"surface": "", "highway": "footway"}}, {"type": "Feature", "geometry": {"type": "LineString", "coordinates": [[-84.3608573, 33.7622092], [-84.3611286, 33.7623599]]}, "properties": {"surface": "", "highway": "footway"}}, {"type": "Feature", "geometry": {"type": "LineString", "coordinates": [[-84.3955793, 33.7564979], [-84.395649, 33.7564713], [-84.3958756, 33.756395], [-84.3960832, 33.756327], [-84.3963398, 33.7562438], [-84.3965939, 33.7561621], [-84.3968924, 33.7560655], [-84.3970416, 33.7560152], [-84.3971709, 33.7559622], [-84.397337, 33.7558657]]}, "properties": {"surface": "", "highway": "footway"}}, {"type": "Feature", "geometry": {"type": "LineString", "coordinates": [[-84.3927255, 33.7538779], [-84.3928261, 33.7539204], [-84.3928962, 33.7539504], [-84.3929324, 33.753969], [-84.3930042, 33.7540059], [-84.3938547, 33.7544433]]}, "properties": {"surface": "", "highway": "footway"}}, {"type": "Feature", "geometry": {"type": "LineString", "coordinates": [[-84.3926418, 33.7539928], [-84.392926, 33.7541219], [-84.3933838, 33.7543399], [-84.3935573, 33.7544232], [-84.3936104, 33.7544525]]}, "properties": {"surface": "", "highway": "footway"}}, {"type": "Feature", "geometry": {"type": "LineString", "coordinates": [[-84.393865, 33.7551393], [-84.3936754, 33.755671]]}, "properties": {"surface": "", "highway": "footway"}}, {"type": "Feature", "geometry": {"type": "LineString", "coordinates": [[-84.3940609, 33.7550627], [-84.3940167, 33.7550563], [-84.394008, 33.7550891], [-84.3939164, 33.7551378], [-84.3938674, 33.7551327]]}, "properties": {"surface": "", "highway": "pedestrian"}}, {"type": "Feature", "geometry": {"type": "LineString", "coordinates": [[-84.3985884, 33.7560261], [-84.3986268, 33.7560553], [-84.398694, 33.7560988], [-84.3988204, 33.7562046], [-84.3989311, 33.7563283], [-84.3990863, 33.756625], [-84.3991187, 33.7568284]]}, "properties": {"surface": "", "highway": "footway"}}, {"type": "Feature", "geometry": {"type": "LineString", "coordinates": [[-84.391637, 33.7640873], [-84.3916252, 33.7641004], [-84.3916169, 33.7641087], [-84.3912803, 33.7644132]]}, "properties": {"surface": "", "highway": "footway"}}, {"type": "Feature", "geometry": {"type": "LineString", "coordinates": [[-84.3920807, 33.7640809], [-84.3921237, 33.7634289]]}, "properties": {"surface": "paved", "highway": "footway"}}, {"type": "Feature", "geometry": {"type": "LineString", "coordinates": [[-84.3963591, 33.7619563], [-84.3957042, 33.7624347]]}, "properties": {"surface": "", "highway": "footway"}}, {"type": "Feature", "geometry": {"type": "LineString", "coordinates": [[-84.3910852, 33.7645807], [-84.3914451, 33.7645801]]}, "properties": {"surface": "", "highway": "footway"}}, {"type": "Feature", "geometry": {"type": "LineString", "coordinates": [[-84.391437, 33.7645576], [-84.3904964, 33.7653878], [-84.3899463, 33.7658733]]}, "properties": {"surface": "", "highway": "footway"}}, {"type": "Feature", "geometry": {"type": "LineString", "coordinates": [[-84.3898149, 33.7657733], [-84.3895354, 33.7660279], [-84.3894428, 33.7661124], [-84.3893453, 33.7662097], [-84.3892547, 33.7663167], [-84.3891578, 33.7664485], [-84.3890952, 33.76654], [-84.389065, 33.7665986], [-84.3890156, 33.7666901], [-84.3889994, 33.7667124], [-84.3889808, 33.7667191], [-84.3889563, 33.7667218], [-84.3889327, 33.7667223]]}, "properties": {"surface": "", "highway": "footway"}}, {"type": "Feature", "geometry": {"type": "LineString", "coordinates": [[-84.3888582, 33.7667204], [-84.3888475, 33.7667201], [-84.3888435, 33.7668631]]}, "properties": {"surface": "", "highway": "footway"}}, {"type": "Feature", "geometry": {"type": "LineString", "coordinates": [[-84.3888433, 33.7668734], [-84.388827, 33.7678849]]}, "properties": {"surface": "", "highway": "footway"}}, {"type": "Feature", "geometry": {"type": "LineString", "coordinates": [[-84.3884587, 33.7664812], [-84.3885823, 33.76675], [-84.3887481, 33.7668378], [-84.3888435, 33.7668631]]}, "properties": {"surface": "", "highway": "footway"}}, {"type": "Feature", "geometry": {"type": "LineString", "coordinates": [[-84.3912803, 33.7644132], [-84.3905022, 33.7651354]]}, "properties": {"surface": "", "highway": "footway"}}, {"type": "Feature", "geometry": {"type": "LineString", "coordinates": [[-84.3919169, 33.7633001], [-84.3906667, 33.7632992]]}, "properties": {"surface": "", "highway": "footway"}}, {"type": "Feature", "geometry": {"type": "LineString", "coordinates": [[-84.392183, 33.7623587], [-84.392244, 33.7623698], [-84.3923408, 33.7623853], [-84.3924693, 33.7623983], [-84.392701, 33.7624014], [-84.3930987, 33.7624067], [-84.3931791, 33.7624038], [-84.3932758, 33.7623871], [-84.3935306, 33.7623838]]}, "properties": {"surface": "concrete", "highway": "footway"}}, {"type": "Feature", "geometry": {"type": "LineString", "coordinates": [[-84.3950835, 33.7601355], [-84.3951069, 33.7601776], [-84.3952222, 33.760385], [-84.3954001, 33.7605737], [-84.3955127, 33.7606871], [-84.3958162, 33.7610038], [-84.3960178, 33.761189]]}, "properties": {"surface": "concrete", "highway": "footway"}}, {"type": "Feature", "geometry": {"type": "LineString", "coordinates": [[-84.3944166, 33.7588579], [-84.3943508, 33.7588211], [-84.3943107, 33.7587384], [-84.3942503, 33.7586303], [-84.3941929, 33.7585428], [-84.3939159, 33.7581938], [-84.3937075, 33.7579643]]}, "properties": {"surface": "", "highway": "footway"}}, {"type": "Feature", "geometry": {"type": "LineString", "coordinates": [[-84.3920523, 33.7575749], [-84.3920851, 33.7576069], [-84.3922917, 33.7578075], [-84.3923947, 33.757906], [-84.3926996, 33.75821], [-84.3927986, 33.7582917], [-84.39282, 33.7583102], [-84.392829, 33.7583139]]}, "properties": {"surface": "", "highway": "footway"}}, {"type": "Feature", "geometry": {"type": "LineString", "coordinates": [[-84.3921913, 33.7587864], [-84.3920744, 33.7585547], [-84.3919296, 33.758269]]}, "properties": {"surface": "concrete", "highway": "footway"}}, {"type": "Feature", "geometry": {"type": "LineString", "coordinates": [[-84.3964802, 33.7471428], [-84.3964692, 33.7471572], [-84.3964559, 33.7471689], [-84.3964453, 33.7471752], [-84.3957376, 33.7475098], [-84.395673, 33.7475444], [-84.3956225, 33.7475761], [-84.3955889, 33.7475981]]}, "properties": {"surface": "", "highway": "footway"}}, {"type": "Feature", "geometry": {"type": "LineString", "coordinates": [[-84.3968714, 33.7471336], [-84.3968962, 33.7471361], [-84.3969298, 33.7471515], [-84.3969546, 33.7471729], [-84.3970298, 33.7472553], [-84.3972121, 33.747451], [-84.3972554, 33.7475025], [-84.397289, 33.7475628], [-84.3972968, 33.7475839], [-84.3973023, 33.7476092], [-84.3973051, 33.7476471], [-84.3973041, 33.7476739], [-84.3972977, 33.7477085], [-84.3972837, 33.7477431], [-84.3972589, 33.747785], [-84.3972094, 33.747849], [-84.3970801, 33.7480159], [-84.3970431, 33.7480637], [-84.3968465, 33.7483067]]}, "properties": {"surface": "", "highway": "footway"}}, {"type": "Feature", "geometry": {"type": "LineString", "coordinates": [[-84.3977389, 33.74758], [-84.3977375, 33.7475341], [-84.3977276, 33.7474837], [-84.3977201, 33.7474189], [-84.3977131, 33.7473286], [-84.3977023, 33.7472538], [-84.3976849, 33.7470465], [-84.3976751, 33.7467629], [-84.3977005, 33.7460979], [-84.3976962, 33.7460599], [-84.3976578, 33.7460264], [-84.3976136, 33.7460044]]}, "properties": {"surface": "", "highway": "footway"}}, {"type": "Feature", "geometry": {"type": "LineString", "coordinates": [[-84.3974642, 33.7476845], [-84.3974642, 33.7476975], [-84.3974578, 33.7477339], [-84.3974455, 33.7477683], [-84.3974274, 33.7478057], [-84.3974047, 33.7478445], [-84.3973673, 33.7478945], [-84.3972256, 33.7480743], [-84.3972184, 33.7480834], [-84.3971871, 33.7481231], [-84.3970833, 33.7482557], [-84.3969964, 33.7483989]]}, "properties": {"surface": "", "highway": "footway"}}, {"type": "Feature", "geometry": {"type": "LineString", "coordinates": [[-84.3979377, 33.7488829], [-84.3979355, 33.7488157], [-84.3979327, 33.7487731], [-84.3979302, 33.7487341], [-84.3979227, 33.7486254], [-84.3979142, 33.7485581], [-84.3979069, 33.7485002], [-84.3978795, 33.7483599], [-84.397852, 33.7481983], [-84.3978217, 33.7480299], [-84.3977896, 33.7478658], [-84.3977709, 33.7477401], [-84.3977638, 33.7476969]]}, "properties": {"surface": "", "highway": "footway"}}, {"type": "Feature", "geometry": {"type": "LineString", "coordinates": [[-84.3964537, 33.7470505], [-84.3964362, 33.7470425], [-84.396414, 33.7470376], [-84.3963767, 33.7470372], [-84.3946201, 33.7470328], [-84.3945775, 33.747031], [-84.3945496, 33.7470295]]}, "properties": {"surface": "", "highway": "footway"}}, {"type": "Feature", "geometry": {"type": "LineString", "coordinates": [[-84.3939166, 33.7471521], [-84.3939302, 33.7471407], [-84.393946, 33.7471309], [-84.3939644, 33.7471242], [-84.3939849, 33.7471206], [-84.3940087, 33.7471195], [-84.3940318, 33.7471215], [-84.3940543, 33.747127], [-84.3940714, 33.7471348], [-84.3940875, 33.7471449], [-84.3940908, 33.7471574], [-84.3940908, 33.74717], [-84.3940865, 33.7471806], [-84.3940741, 33.7471934], [-84.394059, 33.7472045], [-84.3940472, 33.7472151], [-84.3940429, 33.7472246], [-84.3940422, 33.7472355], [-84.3940433, 33.747253]]}, "properties": {"surface": "", "highway": "pedestrian"}}, {"type": "Feature", "geometry": {"type": "LineString", "coordinates": [[-84.3941368, 33.7470364], [-84.3941363, 33.7470612], [-84.3941372, 33.7470822], [-84.3941408, 33.7470998], [-84.3941474, 33.7471149], [-84.3941607, 33.7471282], [-84.3941722, 33.7471355], [-84.394193, 33.7471403], [-84.3942108, 33.7471413], [-84.394235, 33.7471429]]}, "properties": {"surface": "", "highway": "pedestrian"}}, {"type": "Feature", "geometry": {"type": "LineString", "coordinates": [[-84.3941722, 33.7471355], [-84.3941713, 33.7471524], [-84.3941695, 33.7471727], [-84.394166, 33.7472003], [-84.3941613, 33.7472264]]}, "properties": {"surface": "", "highway": "pedestrian"}}, {"type": "Feature", "geometry": {"type": "LineString", "coordinates": [[-84.3941474, 33.7471149], [-84.3940875, 33.7471449]]}, "properties": {"surface": "", "highway": "pedestrian"}}, {"type": "Feature", "geometry": {"type": "LineString", "coordinates": [[-84.3912755, 33.7647333], [-84.3909151, 33.7647345]]}, "properties": {"surface": "", "highway": "footway"}}, {"type": "Feature", "geometry": {"type": "LineString", "coordinates": [[-84.3918037, 33.7657617], [-84.3918034, 33.7658896], [-84.3918031, 33.7659959], [-84.3918029, 33.7660435], [-84.3917976, 33.7665596], [-84.3914602, 33.7665596], [-84.3914309, 33.7665564], [-84.3914086, 33.7665391], [-84.3913839, 33.766516], [-84.3913522, 33.7664971], [-84.3913432, 33.7664927], [-84.3913107, 33.766477], [-84.3912825, 33.7664692], [-84.3912429, 33.7664653], [-84.3912014, 33.7664692], [-84.3911551, 33.7664815], [-84.3911176, 33.7665043], [-84.3910901, 33.7665333], [-84.3910639, 33.766569], [-84.3910552, 33.7666069], [-84.3910592, 33.7666487], [-84.3910733, 33.7666911], [-84.3910975, 33.7667237], [-84.391133, 33.7667525], [-84.3911753, 33.7667711], [-84.3912215, 33.7667813], [-84.3912739, 33.7667807], [-84.3913147, 33.7667711], [-84.3913425, 33.7667583], [-84.391363, 33.7667455], [-84.3913856, 33.7667314], [-84.3914187, 33.7667039], [-84.3914387, 33.7666923], [-84.3914665, 33.7666866], [-84.39178, 33.7666872], [-84.3917984, 33.7666948], [-84.3918015, 33.7667058], [-84.3918031, 33.7667301], [-84.3917926, 33.7677339], [-84.3917925, 33.7677459], [-84.3917923, 33.7677672]]}, "properties": {"surface": "", "highway": "footway"}}, {"type": "Feature", "geometry": {"type": "LineString", "coordinates": [[-84.3919955, 33.7653785], [-84.3920142, 33.7653882], [-84.3920328, 33.7653775], [-84.392034, 33.7653606]]}, "properties": {"surface": "", "highway": "footway"}}, {"type": "Feature", "geometry": {"type": "LineString", "coordinates": [[-84.3920346, 33.765296], [-84.3920344, 33.76528], [-84.3920215, 33.7652761], [-84.3920105, 33.7652674], [-84.3919952, 33.7652706]]}, "properties": {"surface": "", "highway": "footway"}}, {"type": "Feature", "geometry": {"type": "LineString", "coordinates": [[-84.3920142, 33.7653882], [-84.3920121, 33.7654032], [-84.3920107, 33.7659234], [-84.3919909, 33.76592]]}, "properties": {"surface": "concrete", "highway": "footway"}}, {"type": "Feature", "geometry": {"type": "LineString", "coordinates": [[-84.3920217, 33.7647258], [-84.3920312, 33.7647211], [-84.3920483, 33.7647178], [-84.3930001, 33.7647119]]}, "properties": {"surface": "", "highway": "footway"}}, {"type": "Feature", "geometry": {"type": "LineString", "coordinates": [[-84.3936318, 33.7647073], [-84.3941434, 33.7647174], [-84.3943282, 33.7647185], [-84.3945464, 33.7647198]]}, "properties": {"surface": "", "highway": "footway"}}, {"type": "Feature", "geometry": {"type": "LineString", "coordinates": [[-84.3960355, 33.7653018], [-84.3960424, 33.7652946], [-84.3960459, 33.7652782], [-84.3960461, 33.7652445], [-84.3960488, 33.7648445], [-84.396052, 33.7647854], [-84.396054, 33.7647523], [-84.3960434, 33.7647305]]}, "properties": {"surface": "", "highway": "footway"}}, {"type": "Feature", "geometry": {"type": "LineString", "coordinates": [[-84.3953028, 33.7647178], [-84.3952888, 33.7647172], [-84.3952743, 33.7647189], [-84.3946357, 33.7647232]]}, "properties": {"surface": "", "highway": "footway"}}, {"type": "Feature", "geometry": {"type": "LineString", "coordinates": [[-84.3946357, 33.7647232], [-84.3946514, 33.7652851], [-84.3946266, 33.7652876]]}, "properties": {"surface": "", "highway": "footway"}}, {"type": "Feature", "geometry": {"type": "LineString", "coordinates": [[-84.3946514, 33.7652851], [-84.394679, 33.7652859], [-84.3946798, 33.7652965]]}, "properties": {"surface": "", "highway": "footway"}}, {"type": "Feature", "geometry": {"type": "LineString", "coordinates": [[-84.3945454, 33.7652914], [-84.3945469, 33.7652764], [-84.3945475, 33.7652628], [-84.3945499, 33.7650049], [-84.3945506, 33.7647439], [-84.3945494, 33.7647305], [-84.3945464, 33.7647198]]}, "properties": {"surface": "", "highway": "footway"}}, {"type": "Feature", "geometry": {"type": "LineString", "coordinates": [[-84.3920122, 33.7660077], [-84.3920121, 33.7660144], [-84.3920242, 33.7660306], [-84.3920291, 33.7665638]]}, "properties": {"surface": "", "highway": "footway"}}, {"type": "Feature", "geometry": {"type": "LineString", "coordinates": [[-84.3918315, 33.7665597], [-84.3917976, 33.7665596]]}, "properties": {"surface": "", "highway": "footway"}}, {"type": "Feature", "geometry": {"type": "LineString", "coordinates": [[-84.3920291, 33.7665638], [-84.3920294, 33.7665738]]}, "properties": {"surface": "", "highway": "footway"}}, {"type": "Feature", "geometry": {"type": "LineString", "coordinates": [[-84.3920323, 33.7666917], [-84.392012, 33.7667063], [-84.3920034, 33.7677415], [-84.3920243, 33.767758]]}, "properties": {"surface": "", "highway": "footway"}}, {"type": "Feature", "geometry": {"type": "LineString", "coordinates": [[-84.392241, 33.7688436], [-84.3922189, 33.7688373], [-84.3922089, 33.7688224], [-84.3921053, 33.7685483], [-84.3920351, 33.7683638], [-84.3920123, 33.7682697], [-84.3920034, 33.7681713], [-84.3919997, 33.7680847], [-84.3920017, 33.7679268], [-84.3920034, 33.7678836], [-84.3920218, 33.7678775]]}, "properties": {"surface": "", "highway": "footway"}}, {"type": "Feature", "geometry": {"type": "LineString", "coordinates": [[-84.3922826, 33.768963], [-84.3922808, 33.7689878], [-84.3922712, 33.7697896], [-84.3922694, 33.7698802], [-84.392261, 33.7703737]]}, "properties": {"surface": "", "highway": "footway"}}, {"type": "Feature", "geometry": {"type": "LineString", "coordinates": [[-84.3919661, 33.771193], [-84.3920061, 33.7707142], [-84.3920156, 33.7705936], [-84.3920233, 33.7701547], [-84.3920278, 33.7699495]]}, "properties": {"surface": "", "highway": "footway"}}, {"type": "Feature", "geometry": {"type": "LineString", "coordinates": [[-84.3920309, 33.7689688], [-84.392016, 33.7689105]]}, "properties": {"surface": "", "highway": "footway"}}, {"type": "Feature", "geometry": {"type": "LineString", "coordinates": [[-84.3918978, 33.771187], [-84.3919661, 33.771193]]}, "properties": {"surface": "paving_stones", "highway": "footway"}}, {"type": "Feature", "geometry": {"type": "LineString", "coordinates": [[-84.3918053, 33.7656804], [-84.3917937, 33.765642], [-84.391796, 33.7655126], [-84.3918006, 33.7654211], [-84.3918022, 33.765373]]}, "properties": {"surface": "", "highway": "footway"}}, {"type": "Feature", "geometry": {"type": "LineString", "coordinates": [[-84.3918022, 33.765373], [-84.3918043, 33.7653186], [-84.3918062, 33.7652714]]}, "properties": {"surface": "", "highway": "footway"}}, {"type": "Feature", "geometry": {"type": "LineString", "coordinates": [[-84.3730502, 33.7633918], [-84.3728105, 33.7633887], [-84.3726657, 33.7633839], [-84.3726255, 33.7633871], [-84.3726006, 33.7634088], [-84.3725777, 33.763465], [-84.3725815, 33.763579], [-84.3725866, 33.7636215], [-84.3725853, 33.7636644]]}, "properties": {"surface": "", "highway": "footway"}}, {"type": "Feature", "geometry": {"type": "LineString", "coordinates": [[-84.371854, 33.7640268], [-84.3718506, 33.7642069], [-84.3718476, 33.7644191], [-84.3718455, 33.7646128], [-84.3718412, 33.7647898], [-84.3714322, 33.7647893], [-84.3710653, 33.7647955], [-84.3708925, 33.764799], [-84.3707981, 33.7648009], [-84.3705653, 33.7647983], [-84.3704784, 33.7647973], [-84.3702338, 33.7647958], [-84.3700557, 33.7647946], [-84.3699162, 33.7647897], [-84.3696512, 33.7647804], [-84.3695794, 33.764783], [-84.3694044, 33.7647893], [-84.3692811, 33.7647892], [-84.3691932, 33.7647892]]}, "properties": {"surface": "", "highway": "footway"}}, {"type": "Feature", "geometry": {"type": "LineString", "coordinates": [[-84.3974322, 33.7560768], [-84.3974541, 33.7560672], [-84.3975084, 33.7559958], [-84.3976202, 33.7559348], [-84.3977765, 33.7558331], [-84.3979798, 33.7556799], [-84.3980225, 33.7556609], [-84.3980641, 33.7556593]]}, "properties": {"surface": "", "highway": "footway"}}, {"type": "Feature", "geometry": {"type": "LineString", "coordinates": [[-84.3890401, 33.7520235], [-84.3899761, 33.7525384]]}, "properties": {"surface": "", "highway": "footway"}}, {"type": "Feature", "geometry": {"type": "LineString", "coordinates": [[-84.3894668, 33.7531849], [-84.3885318, 33.7525458]]}, "properties": {"surface": "", "highway": "footway"}}, {"type": "Feature", "geometry": {"type": "LineString", "coordinates": [[-84.3885318, 33.7525458], [-84.3889416, 33.7521369], [-84.3889813, 33.7520967], [-84.3890401, 33.7520235]]}, "properties": {"surface": "", "highway": "footway"}}, {"type": "Feature", "geometry": {"type": "LineString", "coordinates": [[-84.3897402, 33.750862], [-84.3889995, 33.7518105]]}, "properties": {"surface": "", "highway": "footway"}}, {"type": "Feature", "geometry": {"type": "LineString", "coordinates": [[-84.3888964, 33.7519413], [-84.3888071, 33.7520305], [-84.3887096, 33.7521258]]}, "properties": {"surface": "", "highway": "footway"}}, {"type": "Feature", "geometry": {"type": "LineString", "coordinates": [[-84.3898636, 33.7526824], [-84.3897489, 33.7528378], [-84.3896402, 33.7529684], [-84.3894932, 33.7531557], [-84.3894754, 33.753178], [-84.3894668, 33.7531849]]}, "properties": {"surface": "", "highway": "footway"}}, {"type": "Feature", "geometry": {"type": "LineString", "coordinates": [[-84.3898412, 33.7529849], [-84.3896436, 33.7532325], [-84.3896122, 33.7532693]]}, "properties": {"surface": "", "highway": "footway"}}, {"type": "Feature", "geometry": {"type": "LineString", "coordinates": [[-84.3896122, 33.7532693], [-84.389648, 33.7532917], [-84.3901157, 33.7535471], [-84.390235, 33.7536097], [-84.3902519, 33.7536186]]}, "properties": {"surface": "", "highway": "footway"}}, {"type": "Feature", "geometry": {"type": "LineString", "coordinates": [[-84.3901752, 33.7537102], [-84.3895381, 33.7533673]]}, "properties": {"surface": "", "highway": "footway"}}, {"type": "Feature", "geometry": {"type": "LineString", "coordinates": [[-84.3914021, 33.7531454], [-84.3919093, 33.7534492]]}, "properties": {"surface": "", "highway": "footway"}}, {"type": "Feature", "geometry": {"type": "LineString", "coordinates": [[-84.3919093, 33.7534492], [-84.3922737, 33.7529848], [-84.3926715, 33.752479]]}, "properties": {"surface": "", "highway": "footway"}}, {"type": "Feature", "geometry": {"type": "LineString", "coordinates": [[-84.3921618, 33.7521905], [-84.3914021, 33.7531454]]}, "properties": {"surface": "", "highway": "footway"}}, {"type": "Feature", "geometry": {"type": "LineString", "coordinates": [[-84.3927966, 33.7523222], [-84.3933243, 33.7516424], [-84.3935734, 33.751343]]}, "properties": {"surface": "", "highway": "footway"}}, {"type": "Feature", "geometry": {"type": "LineString", "coordinates": [[-84.3935734, 33.751343], [-84.3931733, 33.7511131], [-84.3930606, 33.7510536]]}, "properties": {"surface": "concrete", "highway": "footway"}}, {"type": "Feature", "geometry": {"type": "LineString", "coordinates": [[-84.3930606, 33.7510536], [-84.3928127, 33.7513609], [-84.3927096, 33.7514887], [-84.3922747, 33.752036]]}, "properties": {"surface": "", "highway": "footway"}}, {"type": "Feature", "geometry": {"type": "LineString", "coordinates": [[-84.3843557, 33.7571931], [-84.3860132, 33.757212]]}, "properties": {"surface": "", "highway": "footway"}}, {"type": "Feature", "geometry": {"type": "LineString", "coordinates": [[-84.3860467, 33.7555294], [-84.3843711, 33.7555003]]}, "properties": {"surface": "", "highway": "footway"}}, {"type": "Feature", "geometry": {"type": "LineString", "coordinates": [[-84.3845007, 33.7545682], [-84.3845479, 33.7545601], [-84.3846068, 33.7545516], [-84.3846912, 33.7545516], [-84.3861608, 33.7545711], [-84.3861873, 33.7545821], [-84.3862304, 33.7545975]]}, "properties": {"surface": "", "highway": "footway"}}, {"type": "Feature", "geometry": {"type": "LineString", "coordinates": [[-84.3862304, 33.7545975], [-84.3862261, 33.7546296], [-84.3862056, 33.7546564], [-84.386173, 33.7546944], [-84.3861141, 33.7547646], [-84.3860694, 33.754822], [-84.3860622, 33.7548449], [-84.3860612, 33.7548702], [-84.3860596, 33.7549232]]}, "properties": {"surface": "", "highway": "footway"}}, {"type": "Feature", "geometry": {"type": "LineString", "coordinates": [[-84.3862258, 33.7555118], [-84.3869234, 33.7555198], [-84.3875499, 33.7555257]]}, "properties": {"surface": "", "highway": "footway"}}, {"type": "Feature", "geometry": {"type": "LineString", "coordinates": [[-84.383381, 33.7712045], [-84.3833907, 33.7711908], [-84.383413, 33.7711495], [-84.3835501, 33.7708971], [-84.3838241, 33.7703972], [-84.3838882, 33.7702461], [-84.383924, 33.7701619], [-84.3839442, 33.7700751], [-84.3839642, 33.7699928], [-84.3839717, 33.769942], [-84.3839767, 33.7699066]]}, "properties": {"surface": "concrete", "highway": "footway"}}, {"type": "Feature", "geometry": {"type": "LineString", "coordinates": [[-84.3779532, 33.7686654], [-84.3783106, 33.7686528], [-84.3785484, 33.7686783], [-84.3787383, 33.7687277], [-84.3791098, 33.7689142], [-84.3792657, 33.7689812], [-84.3796109, 33.7690816], [-84.3799071, 33.7691103], [-84.3800903, 33.7691072], [-84.3804336, 33.7690386], [-84.3809648, 33.7688138], [-84.3810881, 33.7687712], [-84.3812045, 33.7687341], [-84.3813963, 33.7687325], [-84.3818329, 33.7687207], [-84.3818611, 33.7687225], [-84.3818866, 33.7687329], [-84.3818909, 33.7687565], [-84.3818883, 33.768779], [-84.3818336, 33.7691567], [-84.3818144, 33.769802], [-84.3818094, 33.7699323], [-84.3818065, 33.770021], [-84.381789, 33.7707048], [-84.3817818, 33.7709867], [-84.3817733, 33.771142]]}, "properties": {"surface": "", "highway": "footway"}}, {"type": "Feature", "geometry": {"type": "LineString", "coordinates": [[-84.383657, 33.7711571], [-84.3837028, 33.7711978], [-84.3838433, 33.7711973], [-84.3841653, 33.7711962], [-84.3848853, 33.7711938]]}, "properties": {"surface": "", "highway": "footway"}}, {"type": "Feature", "geometry": {"type": "LineString", "coordinates": [[-84.3838433, 33.7711973], [-84.3837889, 33.7711743], [-84.3837654, 33.7711569], [-84.3837314, 33.7711255], [-84.3837119, 33.7710917], [-84.3837023, 33.7710554], [-84.3837001, 33.7710155]]}, "properties": {"surface": "", "highway": "footway"}}, {"type": "Feature", "geometry": {"type": "LineString", "coordinates": [[-84.3837314, 33.7711255], [-84.383657, 33.7711571], [-84.3836439, 33.7711628]]}, "properties": {"surface": "", "highway": "footway"}}, {"type": "Feature", "geometry": {"type": "LineString", "coordinates": [[-84.3819872, 33.7711876], [-84.3819936, 33.7711887], [-84.3820199, 33.7711899], [-84.3821957, 33.7711904], [-84.3825466, 33.7711914], [-84.3827261, 33.7711915], [-84.38292, 33.7711917], [-84.3830372, 33.7711918], [-84.3830847, 33.7711918], [-84.383119, 33.771192], [-84.3832989, 33.7711932], [-84.3833907, 33.7711908], [-84.3834144, 33.7711887]]}, "properties": {"surface": "concrete", "highway": "footway"}}, {"type": "Feature", "geometry": {"type": "LineString", "coordinates": [[-84.3817498, 33.7711663], [-84.3817733, 33.771142]]}, "properties": {"surface": "", "highway": "footway"}}, {"type": "Feature", "geometry": {"type": "LineString", "coordinates": [[-84.3849056, 33.7711763], [-84.3849279, 33.7711769]]}, "properties": {"surface": "", "highway": "footway"}}, {"type": "Feature", "geometry": {"type": "LineString", "coordinates": [[-84.3848851, 33.7712112], [-84.3848852, 33.7711985], [-84.3848853, 33.7711938]]}, "properties": {"surface": "concrete", "highway": "footway"}}, {"type": "Feature", "geometry": {"type": "LineString", "coordinates": [[-84.3851135, 33.7711819], [-84.3851387, 33.7711826]]}, "properties": {"surface": "", "highway": "footway"}}, {"type": "Feature", "geometry": {"type": "LineString", "coordinates": [[-84.3851477, 33.7711901], [-84.3851443, 33.771206]]}, "properties": {"surface": "", "highway": "footway"}}, {"type": "Feature", "geometry": {"type": "LineString", "coordinates": [[-84.3817633, 33.7711866], [-84.3817498, 33.7711663]]}, "properties": {"surface": "", "highway": "footway"}}, {"type": "Feature", "geometry": {"type": "LineString", "coordinates": [[-84.3817733, 33.771142], [-84.3817963, 33.7711469]]}, "properties": {"surface": "", "highway": "footway"}}, {"type": "Feature", "geometry": {"type": "LineString", "coordinates": [[-84.3841506, 33.7525218], [-84.3835674, 33.7520985], [-84.3831392, 33.7518037]]}, "properties": {"surface": "", "highway": "footway"}}, {"type": "Feature", "geometry": {"type": "LineString", "coordinates": [[-84.3840326, 33.7526697], [-84.3840115, 33.752689], [-84.3832097, 33.7534598]]}, "properties": {"surface": "", "highway": "footway"}}, {"type": "Feature", "geometry": {"type": "LineString", "coordinates": [[-84.3831521, 33.7534795], [-84.3821436, 33.7527524]]}, "properties": {"surface": "", "highway": "footway"}}, {"type": "Feature", "geometry": {"type": "LineString", "coordinates": [[-84.3830118, 33.751905], [-84.3825621, 33.7523452], [-84.3821425, 33.7527306]]}, "properties": {"surface": "", "highway": "footway"}}, {"type": "Feature", "geometry": {"type": "LineString", "coordinates": [[-84.3810061, 33.7535894], [-84.3806521, 33.7533296], [-84.3803897, 33.753137], [-84.3799663, 33.7528264], [-84.3799525, 33.752813]]}, "properties": {"surface": "", "highway": "footway"}}, {"type": "Feature", "geometry": {"type": "LineString", "coordinates": [[-84.3810322, 33.7535888], [-84.3813471, 33.7532966], [-84.3813702, 33.7532422], [-84.3818609, 33.7527946], [-84.3818694, 33.7527811]]}, "properties": {"surface": "", "highway": "footway"}}, {"type": "Feature", "geometry": {"type": "LineString", "coordinates": [[-84.3798583, 33.752905], [-84.3803826, 33.7532939], [-84.3806527, 33.7534942], [-84.3808875, 33.7536684], [-84.3809153, 33.7536866]]}, "properties": {"surface": "", "highway": "footway"}}, {"type": "Feature", "geometry": {"type": "LineString", "coordinates": [[-84.3956281, 33.7478319], [-84.3956179, 33.7478395], [-84.3955269, 33.7479339], [-84.3955219, 33.7479391], [-84.3954519, 33.7480117], [-84.3954446, 33.7480193], [-84.3954002, 33.7480702], [-84.3953271, 33.748158], [-84.3952308, 33.748281], [-84.3951401, 33.7483969], [-84.3950589, 33.7485014], [-84.3950573, 33.7485035], [-84.3948575, 33.7487575]]}, "properties": {"surface": "", "highway": "footway"}}, {"type": "Feature", "geometry": {"type": "LineString", "coordinates": [[-84.3948575, 33.7487575], [-84.394749, 33.7488959], [-84.3946261, 33.7490526], [-84.3945353, 33.7491682], [-84.3943442, 33.7494148], [-84.3942561, 33.7495274], [-84.3940453, 33.7497929], [-84.3940225, 33.7498291]]}, "properties": {"surface": "", "highway": "footway"}}, {"type": "Feature", "geometry": {"type": "LineString", "coordinates": [[-84.3940225, 33.7498291], [-84.3940482, 33.7498478], [-84.3940629, 33.7498575], [-84.3941107, 33.7498834], [-84.3942757, 33.7499728], [-84.3943162, 33.7499952], [-84.3945124, 33.7501046]]}, "properties": {"surface": "", "highway": "footway"}}, {"type": "Feature", "geometry": {"type": "LineString", "coordinates": [[-84.3945124, 33.7501046], [-84.3945986, 33.75015], [-84.3946662, 33.7501874]]}, "properties": {"surface": "", "highway": "footway"}}, {"type": "Feature", "geometry": {"type": "LineString", "coordinates": [[-84.3918184, 33.7683653], [-84.3917711, 33.7683743], [-84.3917626, 33.7683743], [-84.3917524, 33.7683743], [-84.3917337, 33.7683639], [-84.3917258, 33.7683465], [-84.3917228, 33.7683395], [-84.3917077, 33.7683037], [-84.3916998, 33.7682764], [-84.3917026, 33.7682613], [-84.3917116, 33.7682387], [-84.3917201, 33.7682302], [-84.3917479, 33.7682199], [-84.3917728, 33.7682114], [-84.3917949, 33.7682087]]}, "properties": {"surface": "", "highway": "footway"}}, {"type": "Feature", "geometry": {"type": "LineString", "coordinates": [[-84.3917626, 33.7683743], [-84.3917513, 33.768394], [-84.3917422, 33.7684016], [-84.3917264, 33.7684039], [-84.3916888, 33.7684039]]}, "properties": {"surface": "", "highway": "footway"}}, {"type": "Feature", "geometry": {"type": "LineString", "coordinates": [[-84.3917228, 33.7683395], [-84.3916884, 33.7683418]]}, "properties": {"surface": "", "highway": "footway"}}, {"type": "Feature", "geometry": {"type": "LineString", "coordinates": [[-84.3917938, 33.7680269], [-84.3917688, 33.7680241], [-84.3917417, 33.768017], [-84.3917241, 33.76801], [-84.3916998, 33.7680071], [-84.391665, 33.7680067]]}, "properties": {"surface": "", "highway": "footway"}}, {"type": "Feature", "geometry": {"type": "LineString", "coordinates": [[-84.3917944, 33.7678798], [-84.3914348, 33.7678767], [-84.3913759, 33.7679226], [-84.391364, 33.7679318], [-84.3913198, 33.7679591], [-84.3912638, 33.7679619], [-84.3912009, 33.7679554], [-84.3911491, 33.7679305], [-84.391142, 33.7679271], [-84.3911069, 33.7678899], [-84.3910922, 33.7678287], [-84.391099, 33.7677774], [-84.3911177, 33.7677346], [-84.3911522, 33.7676941], [-84.3912032, 33.7676687], [-84.3912564, 33.7676536], [-84.391313, 33.7676536], [-84.3913838, 33.7676893], [-84.3913934, 33.7676941], [-84.3914206, 33.767729], [-84.3914393, 33.7677454], [-84.3915163, 33.767752], [-84.3916341, 33.7677482], [-84.3917925, 33.7677459]]}, "properties": {"surface": "", "highway": "footway"}}, {"type": "Feature", "geometry": {"type": "LineString", "coordinates": [[-84.3911491, 33.7679305], [-84.3911314, 33.7679487], [-84.3911216, 33.7679581], [-84.3911275, 33.767963], [-84.3911309, 33.7679749], [-84.3911309, 33.7679891]]}, "properties": {"surface": "", "highway": "footway"}}, {"type": "Feature", "geometry": {"type": "LineString", "coordinates": [[-84.3911216, 33.7679581], [-84.3911089, 33.7679513], [-84.3911049, 33.7679491], [-84.3910872, 33.7679348], [-84.3910719, 33.7679144], [-84.39107, 33.7678948], [-84.3910774, 33.767876], [-84.3910813, 33.7678715]]}, "properties": {"surface": "", "highway": "footway"}}, {"type": "Feature", "geometry": {"type": "LineString", "coordinates": [[-84.3911089, 33.7679513], [-84.3911014, 33.7679589], [-84.3910882, 33.7679634], [-84.3910715, 33.7679622], [-84.3910587, 33.7679565], [-84.3910518, 33.7679491], [-84.3910488, 33.7679373], [-84.3910528, 33.767923], [-84.3910582, 33.7679193], [-84.3910719, 33.7679144]]}, "properties": {"surface": "", "highway": "footway"}}, {"type": "Feature", "geometry": {"type": "LineString", "coordinates": [[-84.3910488, 33.7679373], [-84.3910415, 33.7679512], [-84.3910282, 33.7679577], [-84.3910115, 33.767961], [-84.3909923, 33.7679622]]}, "properties": {"surface": "", "highway": "footway"}}, {"type": "Feature", "geometry": {"type": "LineString", "coordinates": [[-84.3910528, 33.767923], [-84.3910425, 33.7679107], [-84.3910341, 33.7679033], [-84.3910198, 33.7679001], [-84.3910032, 33.7678997]]}, "properties": {"surface": "", "highway": "footway"}}, {"type": "Feature", "geometry": {"type": "LineString", "coordinates": [[-84.3911408, 33.7681602], [-84.3911401, 33.7681845], [-84.3911378, 33.7682658], [-84.3913236, 33.7682658]]}, "properties": {"surface": "", "highway": "footway"}}, {"type": "Feature", "geometry": {"type": "LineString", "coordinates": [[-84.3911401, 33.7681845], [-84.3910661, 33.7681804], [-84.3910164, 33.7681698], [-84.3909746, 33.7681583], [-84.3909402, 33.7681563]]}, "properties": {"surface": "", "highway": "footway"}}, {"type": "Feature", "geometry": {"type": "LineString", "coordinates": [[-84.3978846, 33.7454021], [-84.3978466, 33.7456502], [-84.3978183, 33.7459024]]}, "properties": {"surface": "asphalt", "highway": "tertiary"}}, {"type": "Feature", "geometry": {"type": "LineString", "coordinates": [[-84.3978183, 33.7459024], [-84.3977905, 33.7462362]]}, "properties": {"surface": "asphalt", "highway": "tertiary"}}, {"type": "Feature", "geometry": {"type": "LineString", "coordinates": [[-84.3636173, 33.7691855], [-84.3644241, 33.7703743], [-84.3648524, 33.7710053]]}, "properties": {"surface": "", "highway": "footway"}}, {"type": "Feature", "geometry": {"type": "LineString", "coordinates": [[-84.3659703, 33.7715321], [-84.3659887, 33.771233]]}, "properties": {"surface": "concrete:plates", "highway": "footway"}}, {"type": "Feature", "geometry": {"type": "LineString", "coordinates": [[-84.3659607, 33.7716525], [-84.3659158, 33.7721076], [-84.3659131, 33.7721367]]}, "properties": {"surface": "", "highway": "footway"}}, {"type": "Feature", "geometry": {"type": "LineString", "coordinates": [[-84.3670045, 33.7723181], [-84.367593, 33.77237]]}, "properties": {"surface": "", "highway": "footway"}}, {"type": "Feature", "geometry": {"type": "LineString", "coordinates": [[-84.3656809, 33.771635], [-84.3656427, 33.7720886], [-84.3656311, 33.7722266]]}, "properties": {"surface": "", "highway": "footway"}}, {"type": "Feature", "geometry": {"type": "LineString", "coordinates": [[-84.4025969, 33.7585601], [-84.4024942, 33.7585594], [-84.4024712, 33.7585592], [-84.4024234, 33.7584523], [-84.4023712, 33.7582976], [-84.4023609, 33.7582358], [-84.4023601, 33.7581831]]}, "properties": {"surface": "", "highway": "pedestrian"}}, {"type": "Feature", "geometry": {"type": "LineString", "coordinates": [[-84.402446, 33.7633954], [-84.4024298, 33.7633508], [-84.4024205, 33.7633177], [-84.4024143, 33.7632624], [-84.4024107, 33.7629033], [-84.4024591, 33.7623356], [-84.4024292, 33.7622408], [-84.4024129, 33.7621891], [-84.4024195, 33.7606983], [-84.4024305, 33.7604163], [-84.4025208, 33.7603796], [-84.402605, 33.7603833]]}, "properties": {"surface": "", "highway": "footway"}}, {"type": "Feature", "geometry": {"type": "LineString", "coordinates": [[-84.4021848, 33.7625576], [-84.4021612, 33.7633069], [-84.4021421, 33.7633869], [-84.4021281, 33.7634138], [-84.4020997, 33.7634491]]}, "properties": {"surface": "", "highway": "footway"}}, {"type": "Feature", "geometry": {"type": "LineString", "coordinates": [[-84.4025825, 33.7602081], [-84.4025348, 33.7602426], [-84.4024601, 33.7602495], [-84.4024072, 33.760244]]}, "properties": {"surface": "", "highway": "footway"}}, {"type": "Feature", "geometry": {"type": "LineString", "coordinates": [[-84.3949951, 33.7599807], [-84.3949333, 33.7598691], [-84.3948517, 33.7597154], [-84.3947724, 33.7595686], [-84.3944929, 33.7591012]]}, "properties": {"surface": "", "highway": "footway"}}, {"type": "Feature", "geometry": {"type": "LineString", "coordinates": [[-84.3998692, 33.7568314], [-84.3998298, 33.7568316], [-84.3995589, 33.7568356], [-84.3993582, 33.7568378]]}, "properties": {"surface": "", "highway": "pedestrian"}}, {"type": "Feature", "geometry": {"type": "LineString", "coordinates": [[-84.3780478, 33.7511742], [-84.3784092, 33.7511823], [-84.3784662, 33.7511848], [-84.3793863, 33.7511878], [-84.3793916, 33.7510001], [-84.3793733, 33.7509613], [-84.3793745, 33.750924], [-84.3793845, 33.7508882], [-84.3793979, 33.7508683], [-84.3794165, 33.7508434], [-84.3794213, 33.7508257], [-84.3794213, 33.7507355], [-84.3794249, 33.7502425], [-84.3794438, 33.7499021]]}, "properties": {"surface": "", "highway": "footway"}}, {"type": "Feature", "geometry": {"type": "LineString", "coordinates": [[-84.3780411, 33.7511742], [-84.3780422, 33.7511374], [-84.3780462, 33.7511219], [-84.3781645, 33.7509953], [-84.3781634, 33.7507688], [-84.3781629, 33.7507568], [-84.3781622, 33.7507396], [-84.3781724, 33.7506977], [-84.3781713, 33.7506751], [-84.3781594, 33.750637], [-84.3781436, 33.7506158], [-84.3781096, 33.7505975], [-84.3780779, 33.7505796], [-84.3780603, 33.750565], [-84.3780456, 33.75054], [-84.3780337, 33.7504925], [-84.3780303, 33.7504477], [-84.3780269, 33.7504176], [-84.3780122, 33.7503884], [-84.3779918, 33.7503715], [-84.3779624, 33.7503569], [-84.3779329, 33.7503451], [-84.377908, 33.7503446], [-84.3778854, 33.7503512], [-84.3778814, 33.7503329], [-84.377972, 33.7503188], [-84.3779895, 33.7503136], [-84.3780111, 33.7502943], [-84.3780371, 33.7502745], [-84.3780535, 33.7502688], [-84.3780852, 33.7502674], [-84.3781175, 33.7502745], [-84.378186, 33.7503013], [-84.3783457, 33.7502801], [-84.3783304, 33.7502029], [-84.3783089, 33.750185], [-84.3782732, 33.7501737], [-84.3782376, 33.7501723], [-84.378194, 33.7501766], [-84.3781588, 33.7501799], [-84.3781356, 33.750177], [-84.3781062, 33.7501714], [-84.3780852, 33.7501615], [-84.378019, 33.7501107], [-84.3779737, 33.7500871], [-84.3779329, 33.7500669], [-84.3779012, 33.7500575], [-84.3767882, 33.7502405]]}, "properties": {"surface": "", "highway": "footway"}}, {"type": "Feature", "geometry": {"type": "LineString", "coordinates": [[-84.3781629, 33.7507568], [-84.3780849, 33.7507299], [-84.3780195, 33.7507135], [-84.3780037, 33.7507107], [-84.3779895, 33.750718], [-84.3779733, 33.7507213], [-84.3779615, 33.7507368], [-84.3779423, 33.7507556], [-84.3778484, 33.7508337], [-84.3778465, 33.7509179], [-84.3777162, 33.7509187], [-84.3777172, 33.751101], [-84.3777103, 33.751128], [-84.3776892, 33.7511734]]}, "properties": {"surface": "", "highway": "footway"}}, {"type": "Feature", "geometry": {"type": "LineString", "coordinates": [[-84.3781645, 33.7509953], [-84.3781655, 33.7510961], [-84.3782243, 33.7510961]]}, "properties": {"surface": "", "highway": "footway"}}, {"type": "Feature", "geometry": {"type": "LineString", "coordinates": [[-84.3780713, 33.7532863], [-84.3780339, 33.7532918], [-84.3780058, 33.7533004], [-84.3779928, 33.7533118], [-84.3779869, 33.7533292], [-84.3779895, 33.7533563], [-84.3779947, 33.7533948], [-84.3779934, 33.7534322], [-84.3779928, 33.7534675], [-84.3779928, 33.7534799], [-84.3780039, 33.753487], [-84.3780335, 33.7534996]]}, "properties": {"surface": "", "highway": "footway"}}, {"type": "Feature", "geometry": {"type": "LineString", "coordinates": [[-84.3779371, 33.7532402], [-84.3774097, 33.7532408]]}, "properties": {"surface": "", "highway": "footway"}}, {"type": "Feature", "geometry": {"type": "LineString", "coordinates": [[-84.3774097, 33.7532408], [-84.3773973, 33.7532401], [-84.3773914, 33.7532397], [-84.3773751, 33.7532354], [-84.3773601, 33.7532245], [-84.3773001, 33.7531405], [-84.3772721, 33.7531551], [-84.3772525, 33.7531647]]}, "properties": {"surface": "", "highway": "footway"}}, {"type": "Feature", "geometry": {"type": "LineString", "coordinates": [[-84.3773973, 33.7532401], [-84.3773901, 33.7532522], [-84.3773817, 33.7532603], [-84.377366, 33.7532619], [-84.3773125, 33.7532633], [-84.3772773, 33.7532641], [-84.3772434, 33.7532663], [-84.3771632, 33.753275], [-84.3771566, 33.7532747], [-84.3771364, 33.7532739], [-84.3771071, 33.7532712], [-84.3770719, 33.7532625], [-84.3770458, 33.7532495], [-84.3770132, 33.7532299], [-84.3770184, 33.7532213], [-84.377021, 33.7532088], [-84.3770177, 33.7531974], [-84.3770092, 33.7531887], [-84.3769936, 33.7531828], [-84.3769721, 33.7531806], [-84.3769447, 33.7531795], [-84.3769427, 33.7532224], [-84.3767369, 33.7532223]]}, "properties": {"surface": "", "highway": "footway"}}, {"type": "Feature", "geometry": {"type": "LineString", "coordinates": [[-84.3770132, 33.7532299], [-84.3770021, 33.753237], [-84.3769832, 33.7532392], [-84.3769447, 33.7532397], [-84.3769427, 33.7532224]]}, "properties": {"surface": "", "highway": "footway"}}, {"type": "Feature", "geometry": {"type": "LineString", "coordinates": [[-84.3771566, 33.7532747], [-84.3771501, 33.7532457], [-84.377141, 33.7532137], [-84.377139, 33.7532012], [-84.3771384, 33.753186], [-84.3771456, 33.7531654], [-84.3771495, 33.753147], [-84.3771514, 33.7531313], [-84.3771482, 33.753115], [-84.3771449, 33.7531036], [-84.3771449, 33.7530933], [-84.3771501, 33.7530835], [-84.377158, 33.7530787], [-84.3771818, 33.753065], [-84.3772062, 33.753051], [-84.3772212, 33.7530396], [-84.3772245, 33.7530266], [-84.3772167, 33.7530076], [-84.3772088, 33.7529832], [-84.3772082, 33.7529561], [-84.3772114, 33.7529366], [-84.3772171, 33.7529148], [-84.3772186, 33.7529089], [-84.377231, 33.7528786], [-84.3772473, 33.7528558], [-84.377274, 33.752827], [-84.3772982, 33.7528086], [-84.3773386, 33.752788], [-84.3773673, 33.7527761], [-84.3773934, 33.752772], [-84.3774051, 33.7527701], [-84.3774638, 33.7527668]]}, "properties": {"surface": "", "highway": "footway"}}, {"type": "Feature", "geometry": {"type": "LineString", "coordinates": [[-84.3777104, 33.7528974], [-84.3776822, 33.7529069], [-84.3776596, 33.752922], [-84.3776432, 33.752939], [-84.3776234, 33.7529535], [-84.3775973, 33.7529672]]}, "properties": {"surface": "", "highway": "footway"}}, {"type": "Feature", "geometry": {"type": "LineString", "coordinates": [[-84.3773125, 33.7532633], [-84.3773131, 33.7532501], [-84.3772525, 33.7531647], [-84.3772083, 33.7531024], [-84.3771818, 33.753065], [-84.3771511, 33.7530218], [-84.3771548, 33.7529144], [-84.3771562, 33.7528716], [-84.3771545, 33.7528552], [-84.3771523, 33.7528448], [-84.377154, 33.7528123], [-84.3771574, 33.752801], [-84.377171, 33.7527916], [-84.3772525, 33.7527572], [-84.3772706, 33.7527459], [-84.377278, 33.7527356], [-84.3772842, 33.7527243], [-84.3772859, 33.7527115]]}, "properties": {"surface": "", "highway": "footway"}}, {"type": "Feature", "geometry": {"type": "LineString", "coordinates": [[-84.3772171, 33.7529148], [-84.3771548, 33.7529144], [-84.3770975, 33.752914]]}, "properties": {"surface": "", "highway": "footway"}}, {"type": "Feature", "geometry": {"type": "LineString", "coordinates": [[-84.3772083, 33.7531024], [-84.3773114, 33.7530543]]}, "properties": {"surface": "", "highway": "footway"}}, {"type": "Feature", "geometry": {"type": "LineString", "coordinates": [[-84.3773934, 33.752772], [-84.377389, 33.7525939], [-84.377403, 33.7525931], [-84.377402, 33.7524295]]}, "properties": {"surface": "", "highway": "footway"}}, {"type": "Feature", "geometry": {"type": "LineString", "coordinates": [[-84.3970576, 33.7687788], [-84.397055, 33.7693805], [-84.3970545, 33.7694957], [-84.3970537, 33.7696961]]}, "properties": {"surface": "", "highway": "footway"}}, {"type": "Feature", "geometry": {"type": "LineString", "coordinates": [[-84.3970545, 33.7694957], [-84.397111, 33.7694959]]}, "properties": {"surface": "", "highway": "footway"}}, {"type": "Feature", "geometry": {"type": "LineString", "coordinates": [[-84.397055, 33.7693805], [-84.396981, 33.7693805]]}, "properties": {"surface": "", "highway": "footway"}}, {"type": "Feature", "geometry": {"type": "LineString", "coordinates": [[-84.3970575, 33.769725], [-84.3969955, 33.7697213], [-84.3969385, 33.7697129], [-84.396905, 33.7697097], [-84.3968766, 33.7697189]]}, "properties": {"surface": "", "highway": "footway"}}, {"type": "Feature", "geometry": {"type": "LineString", "coordinates": [[-84.3970537, 33.7696961], [-84.3970575, 33.769725], [-84.3970832, 33.769757], [-84.3971217, 33.7698085], [-84.3971658, 33.7698591], [-84.3972362, 33.7699009], [-84.3972959, 33.7699181], [-84.3973668, 33.7699506], [-84.3974037, 33.7699798], [-84.3974501, 33.7700346], [-84.3974579, 33.7700889], [-84.3974501, 33.7701427], [-84.3974143, 33.7701971], [-84.3973918, 33.7702218], [-84.3973618, 33.7702546], [-84.397297, 33.770282], [-84.3972345, 33.770289], [-84.3971971, 33.7702755], [-84.3971815, 33.7702699], [-84.3971318, 33.7702356], [-84.3971083, 33.7702026], [-84.3970949, 33.7701674], [-84.3970899, 33.7701404]]}, "properties": {"surface": "", "highway": "footway"}}, {"type": "Feature", "geometry": {"type": "LineString", "coordinates": [[-84.3973918, 33.7702218], [-84.3974011, 33.7702565], [-84.3974173, 33.7702892], [-84.3974446, 33.7703133], [-84.397483, 33.7703239], [-84.3975121, 33.7703204], [-84.397553, 33.7703026], [-84.397588, 33.7702728], [-84.3976162, 33.7702331], [-84.3976281, 33.7701998], [-84.3976384, 33.7701551]]}, "properties": {"surface": "", "highway": "footway"}}, {"type": "Feature", "geometry": {"type": "LineString", "coordinates": [[-84.3973918, 33.7702218], [-84.3973209, 33.7701898], [-84.397227, 33.7701409], [-84.3971451, 33.7700699], [-84.397099, 33.7700075], [-84.3971084, 33.7699706], [-84.3971237, 33.7699273], [-84.3971604, 33.7699025], [-84.3972362, 33.7699009]]}, "properties": {"surface": "", "highway": "footway"}}, {"type": "Feature", "geometry": {"type": "LineString", "coordinates": [[-84.397099, 33.7700075], [-84.3969974, 33.770033], [-84.3969842, 33.7700471], [-84.3969633, 33.7700692], [-84.3969419, 33.7701508], [-84.3969573, 33.7702168], [-84.3969821, 33.77027], [-84.3970452, 33.7702991], [-84.3970981, 33.7703154], [-84.3971391, 33.7703168], [-84.3971707, 33.7703062], [-84.3971843, 33.7702927], [-84.3971971, 33.7702755]]}, "properties": {"surface": "", "highway": "footway"}}, {"type": "Feature", "geometry": {"type": "LineString", "coordinates": [[-84.3969821, 33.77027], [-84.3968916, 33.7703083]]}, "properties": {"surface": "", "highway": "footway"}}, {"type": "Feature", "geometry": {"type": "LineString", "coordinates": [[-84.3969842, 33.7700471], [-84.3969582, 33.7700075], [-84.396953, 33.7699784], [-84.3969573, 33.7699422], [-84.3969727, 33.7699138], [-84.3969923, 33.7698812]]}, "properties": {"surface": "", "highway": "footway"}}, {"type": "Feature", "geometry": {"type": "LineString", "coordinates": [[-84.3990191, 33.7556346], [-84.3991067, 33.7553452], [-84.3991151, 33.7553175], [-84.3992205, 33.7549482]]}, "properties": {"surface": "", "highway": "pedestrian"}}, {"type": "Feature", "geometry": {"type": "LineString", "coordinates": [[-84.3991067, 33.7553452], [-84.3992403, 33.7553676], [-84.3991929, 33.7556961], [-84.3993148, 33.75595], [-84.3995502, 33.7562673], [-84.3995509, 33.7563071]]}, "properties": {"surface": "", "highway": "pedestrian"}}, {"type": "Feature", "geometry": {"type": "LineString", "coordinates": [[-84.3992403, 33.7553676], [-84.3992857, 33.7551559], [-84.3994554, 33.7548575]]}, "properties": {"surface": "", "highway": "pedestrian"}}, {"type": "Feature", "geometry": {"type": "LineString", "coordinates": [[-84.3988594, 33.7558409], [-84.3989515, 33.7558579], [-84.3990191, 33.7556346]]}, "properties": {"surface": "", "highway": "pedestrian"}}, {"type": "Feature", "geometry": {"type": "LineString", "coordinates": [[-84.3992205, 33.7549482], [-84.3992479, 33.7548522], [-84.3992652, 33.7547933]]}, "properties": {"surface": "", "highway": "pedestrian"}}, {"type": "Feature", "geometry": {"type": "LineString", "coordinates": [[-84.3995509, 33.7563071], [-84.3995589, 33.7568356]]}, "properties": {"surface": "", "highway": "pedestrian"}}, {"type": "Feature", "geometry": {"type": "LineString", "coordinates": [[-84.3998298, 33.7568316], [-84.3998308, 33.7567464]]}, "properties": {"surface": "", "highway": "pedestrian"}}, {"type": "Feature", "geometry": {"type": "LineString", "coordinates": [[-84.3998324, 33.7566404], [-84.4001863, 33.7566399], [-84.4006722, 33.7566389], [-84.4009246, 33.7566384], [-84.4010707, 33.7566382], [-84.4015551, 33.7566387], [-84.4015957, 33.7566387], [-84.4020523, 33.7566373], [-84.4021367, 33.7565673]]}, "properties": {"surface": "", "highway": "pedestrian"}}, {"type": "Feature", "geometry": {"type": "LineString", "coordinates": [[-84.4015554, 33.7566975], [-84.4015551, 33.7566387]]}, "properties": {"surface": "", "highway": "pedestrian"}}, {"type": "Feature", "geometry": {"type": "LineString", "coordinates": [[-84.4021367, 33.7565673], [-84.4022176, 33.7566095], [-84.4022939, 33.7566843], [-84.4023166, 33.7567195], [-84.4024979, 33.7570001], [-84.4025548, 33.7570882]]}, "properties": {"surface": "", "highway": "pedestrian"}}, {"type": "Feature", "geometry": {"type": "LineString", "coordinates": [[-84.4025548, 33.7570882], [-84.4025548, 33.7571284], [-84.4025553, 33.7576232], [-84.4025596, 33.7576481]]}, "properties": {"surface": "", "highway": "footway"}}, {"type": "Feature", "geometry": {"type": "LineString", "coordinates": [[-84.4023296, 33.7570964], [-84.4024979, 33.7570001]]}, "properties": {"surface": "", "highway": "pedestrian"}}, {"type": "Feature", "geometry": {"type": "LineString", "coordinates": [[-84.4023343, 33.757713], [-84.4025553, 33.7576232]]}, "properties": {"surface": "", "highway": "pedestrian"}}, {"type": "Feature", "geometry": {"type": "LineString", "coordinates": [[-84.3874959, 33.7596468], [-84.3867407, 33.7596442], [-84.3861612, 33.759631]]}, "properties": {"surface": "paving_stones", "highway": "footway"}}, {"type": "Feature", "geometry": {"type": "LineString", "coordinates": [[-84.3861628, 33.7597555], [-84.3874917, 33.7597643]]}, "properties": {"surface": "concrete", "highway": "footway"}}, {"type": "Feature", "geometry": {"type": "LineString", "coordinates": [[-84.3875108, 33.7585108], [-84.3874899, 33.7585068], [-84.3872651, 33.7585034], [-84.3870076, 33.7584998], [-84.3868705, 33.7584954], [-84.3867548, 33.758493], [-84.3865693, 33.7584895], [-84.3861795, 33.7584846]]}, "properties": {"surface": "", "highway": "footway"}}, {"type": "Feature", "geometry": {"type": "LineString", "coordinates": [[-84.3861795, 33.7584846], [-84.3861753, 33.7584957], [-84.3861742, 33.7585889], [-84.3861723, 33.7587465], [-84.3861707, 33.7588763], [-84.3861678, 33.7591211], [-84.3861677, 33.759185], [-84.3861645, 33.7592871], [-84.3861612, 33.759631]]}, "properties": {"surface": "", "highway": "footway"}}, {"type": "Feature", "geometry": {"type": "LineString", "coordinates": [[-84.393451, 33.7526928], [-84.3935989, 33.7525029], [-84.3939771, 33.7520174], [-84.3942204, 33.7516888]]}, "properties": {"surface": "concrete", "highway": "footway"}}, {"type": "Feature", "geometry": {"type": "LineString", "coordinates": [[-84.391466, 33.7552381], [-84.3912317, 33.7554134]]}, "properties": {"surface": "", "highway": "footway"}}, {"type": "Feature", "geometry": {"type": "LineString", "coordinates": [[-84.3932303, 33.7532028], [-84.3927383, 33.7538288], [-84.3927346, 33.7538385], [-84.3927255, 33.7538779]]}, "properties": {"surface": "", "highway": "footway"}}, {"type": "Feature", "geometry": {"type": "LineString", "coordinates": [[-84.3933438, 33.7530737], [-84.3932303, 33.7532028]]}, "properties": {"surface": "", "highway": "footway"}}, {"type": "Feature", "geometry": {"type": "LineString", "coordinates": [[-84.3931878, 33.7529944], [-84.3930897, 33.7531274]]}, "properties": {"surface": "", "highway": "footway"}}, {"type": "Feature", "geometry": {"type": "LineString", "coordinates": [[-84.3930897, 33.7531274], [-84.3925772, 33.753801]]}, "properties": {"surface": "", "highway": "footway"}}, {"type": "Feature", "geometry": {"type": "LineString", "coordinates": [[-84.3925772, 33.753801], [-84.3920425, 33.7535232]]}, "properties": {"surface": "", "highway": "footway"}}, {"type": "Feature", "geometry": {"type": "LineString", "coordinates": [[-84.3937233, 33.7514171], [-84.3929376, 33.7524]]}, "properties": {"surface": "", "highway": "footway"}}, {"type": "Feature", "geometry": {"type": "LineString", "coordinates": [[-84.3933256, 33.7528387], [-84.3932835, 33.7528161], [-84.3928124, 33.7525568]]}, "properties": {"surface": "", "highway": "footway"}}, {"type": "Feature", "geometry": {"type": "LineString", "coordinates": [[-84.3929376, 33.7524], [-84.393451, 33.7526928]]}, "properties": {"surface": "", "highway": "footway"}}, {"type": "Feature", "geometry": {"type": "LineString", "coordinates": [[-84.3928124, 33.7525568], [-84.3924131, 33.753058], [-84.3920425, 33.7535232]]}, "properties": {"surface": "", "highway": "footway"}}, {"type": "Feature", "geometry": {"type": "LineString", "coordinates": [[-84.3897998, 33.7553893], [-84.3893968, 33.7549759]]}, "properties": {"surface": "", "highway": "footway"}}, {"type": "Feature", "geometry": {"type": "LineString", "coordinates": [[-84.3890365, 33.7539953], [-84.3886594, 33.7544493]]}, "properties": {"surface": "", "highway": "footway"}}, {"type": "Feature", "geometry": {"type": "LineString", "coordinates": [[-84.3885915, 33.754557], [-84.3886177, 33.7545563], [-84.388763, 33.7545549], [-84.3889739, 33.7545588], [-84.3891738, 33.7545594], [-84.3894947, 33.7545761]]}, "properties": {"surface": "", "highway": "footway"}}, {"type": "Feature", "geometry": {"type": "LineString", "coordinates": [[-84.3884907, 33.7544388], [-84.3888909, 33.7539157]]}, "properties": {"surface": "", "highway": "footway"}}, {"type": "Feature", "geometry": {"type": "LineString", "coordinates": [[-84.3853458, 33.7535844], [-84.3851426, 33.7537798], [-84.3846639, 33.7542404], [-84.384653, 33.7542626], [-84.384649, 33.7542873], [-84.384652, 33.7543103], [-84.3846668, 33.7543407], [-84.3846932, 33.7543712], [-84.3846945, 33.7543727], [-84.384709, 33.7543943], [-84.3847661, 33.7544058], [-84.3848734, 33.754399], [-84.3853195, 33.7544024], [-84.3854535, 33.7544034], [-84.3860563, 33.7544095], [-84.386137, 33.7544112], [-84.3861478, 33.7544104]]}, "properties": {"surface": "", "highway": "footway"}}, {"type": "Feature", "geometry": {"type": "LineString", "coordinates": [[-84.3864879, 33.7545795], [-84.3875529, 33.7545675], [-84.387572, 33.7545688]]}, "properties": {"surface": "", "highway": "footway"}}, {"type": "Feature", "geometry": {"type": "LineString", "coordinates": [[-84.3870275, 33.7539425], [-84.3866557, 33.7543671], [-84.386645, 33.7544079]]}, "properties": {"surface": "", "highway": "footway"}}, {"type": "Feature", "geometry": {"type": "LineString", "coordinates": [[-84.3876258, 33.7530288], [-84.3872098, 33.7527199], [-84.3871515, 33.7526783], [-84.3869262, 33.7525151]]}, "properties": {"surface": "", "highway": "footway"}}, {"type": "Feature", "geometry": {"type": "LineString", "coordinates": [[-84.3876975, 33.75323], [-84.3876244, 33.7532496], [-84.3870923, 33.7538665]]}, "properties": {"surface": "", "highway": "footway"}}, {"type": "Feature", "geometry": {"type": "LineString", "coordinates": [[-84.3891466, 33.7518946], [-84.3896121, 33.7512781], [-84.3898877, 33.7509445]]}, "properties": {"surface": "", "highway": "footway"}}, {"type": "Feature", "geometry": {"type": "LineString", "coordinates": [[-84.3891466, 33.7518946], [-84.3900811, 33.7524115]]}, "properties": {"surface": "", "highway": "footway"}}, {"type": "Feature", "geometry": {"type": "LineString", "coordinates": [[-84.3901226, 33.7526222], [-84.3898412, 33.7529849]]}, "properties": {"surface": "", "highway": "footway"}}, {"type": "Feature", "geometry": {"type": "LineString", "coordinates": [[-84.3878403, 33.7556565], [-84.3883919, 33.7546484], [-84.3883941, 33.7546423], [-84.3883933, 33.7546362], [-84.3883808, 33.7545858]]}, "properties": {"surface": "", "highway": "footway"}}, {"type": "Feature", "geometry": {"type": "LineString", "coordinates": [[-84.3876134, 33.7555299], [-84.3876223, 33.7555348], [-84.387626, 33.7555406], [-84.3876274, 33.7555659], [-84.3876298, 33.7555734], [-84.3876379, 33.7555817], [-84.3878403, 33.7556565]]}, "properties": {"surface": "", "highway": "footway"}}, {"type": "Feature", "geometry": {"type": "LineString", "coordinates": [[-84.3867679, 33.752406], [-84.3866767, 33.7523375]]}, "properties": {"surface": "", "highway": "footway"}}, {"type": "Feature", "geometry": {"type": "LineString", "coordinates": [[-84.3869262, 33.7525151], [-84.3867679, 33.752406]]}, "properties": {"surface": "", "highway": "footway"}}, {"type": "Feature", "geometry": {"type": "LineString", "coordinates": [[-84.3866746, 33.7524871], [-84.3865865, 33.7524174]]}, "properties": {"surface": "", "highway": "footway"}}, {"type": "Feature", "geometry": {"type": "LineString", "coordinates": [[-84.3868256, 33.7526032], [-84.3866746, 33.7524871]]}, "properties": {"surface": "", "highway": "footway"}}, {"type": "Feature", "geometry": {"type": "LineString", "coordinates": [[-84.3875328, 33.7531363], [-84.3871102, 33.752813], [-84.3870587, 33.7527751], [-84.3868368, 33.7526115], [-84.3868256, 33.7526032]]}, "properties": {"surface": "", "highway": "footway"}}, {"type": "Feature", "geometry": {"type": "LineString", "coordinates": [[-84.3866679, 33.7523306], [-84.3865993, 33.752281], [-84.3865195, 33.7522239], [-84.3855226, 33.7514676]]}, "properties": {"surface": "", "highway": "footway"}}, {"type": "Feature", "geometry": {"type": "LineString", "coordinates": [[-84.39436, 33.7517624], [-84.3948244, 33.7520141], [-84.3955541, 33.7524139]]}, "properties": {"surface": "concrete", "highway": "footway"}}, {"type": "Feature", "geometry": {"type": "LineString", "coordinates": [[-84.3956502, 33.7522958], [-84.3944479, 33.7516477]]}, "properties": {"surface": "concrete", "highway": "footway"}}, {"type": "Feature", "geometry": {"type": "LineString", "coordinates": [[-84.3935848, 33.7527698], [-84.3939166, 33.7523238], [-84.394038, 33.7521697], [-84.3941626, 33.7520114], [-84.39436, 33.7517624]]}, "properties": {"surface": "", "highway": "footway"}}, {"type": "Feature", "geometry": {"type": "LineString", "coordinates": [[-84.3969103, 33.7531276], [-84.3969085, 33.7531394], [-84.3971596, 33.7532785], [-84.3973792, 33.7533954], [-84.3978597, 33.753644], [-84.3980469, 33.7537311], [-84.3982763, 33.7538133], [-84.3983763, 33.7538412]]}, "properties": {"surface": "", "highway": "footway"}}, {"type": "Feature", "geometry": {"type": "LineString", "coordinates": [[-84.3969999, 33.7530101], [-84.3970058, 33.7530024], [-84.3969329, 33.7529634], [-84.3963161, 33.7526309], [-84.3962986, 33.7526256], [-84.3962589, 33.7526183], [-84.3962402, 33.7526129], [-84.3957943, 33.7523768]]}, "properties": {"surface": "", "highway": "footway"}}, {"type": "Feature", "geometry": {"type": "LineString", "coordinates": [[-84.3968702, 33.7531272], [-84.396879, 33.7531473], [-84.396869, 33.7531658], [-84.3967433, 33.7534717], [-84.3966722, 33.7536284], [-84.3965713, 33.753814], [-84.3964359, 33.7540184], [-84.3962904, 33.754206], [-84.3962812, 33.7542004]]}, "properties": {"surface": "", "highway": "footway"}}, {"type": "Feature", "geometry": {"type": "LineString", "coordinates": [[-84.3956982, 33.752495], [-84.3960886, 33.7527077], [-84.3965245, 33.7529401], [-84.396723, 33.7530512]]}, "properties": {"surface": "concrete", "highway": "footway"}}, {"type": "Feature", "geometry": {"type": "LineString", "coordinates": [[-84.3984829, 33.7544287], [-84.3984762, 33.7544252], [-84.3984109, 33.754442], [-84.3983591, 33.7544511], [-84.3982693, 33.7544534], [-84.3981964, 33.7544592], [-84.3972486, 33.7544401], [-84.3971001, 33.7544301], [-84.3969826, 33.7544141], [-84.3967393, 33.7543693], [-84.3965475, 33.7543192], [-84.396406, 33.7542751], [-84.3963102, 33.7542406], [-84.3962934, 33.7542247], [-84.3962904, 33.754206]]}, "properties": {"surface": "concrete", "highway": "footway"}}, {"type": "Feature", "geometry": {"type": "LineString", "coordinates": [[-84.3949284, 33.7534716], [-84.3949404, 33.7534549], [-84.3950193, 33.7533552], [-84.3952246, 33.7530967], [-84.3952349, 33.7530828], [-84.3956982, 33.752495]]}, "properties": {"surface": "", "highway": "footway"}}, {"type": "Feature", "geometry": {"type": "LineString", "coordinates": [[-84.3937046, 33.7550895], [-84.3933975, 33.7560092], [-84.3932365, 33.7564677], [-84.3932172, 33.7565087]]}, "properties": {"surface": "", "highway": "footway"}}, {"type": "Feature", "geometry": {"type": "LineString", "coordinates": [[-84.3862054, 33.7562348], [-84.3862058, 33.7562263], [-84.386206, 33.7562069]]}, "properties": {"surface": "", "highway": "footway"}}, {"type": "Feature", "geometry": {"type": "LineString", "coordinates": [[-84.3875485, 33.7570813], [-84.3872654, 33.7570806], [-84.3866617, 33.7570741], [-84.3861894, 33.7570592]]}, "properties": {"surface": "", "highway": "footway"}}, {"type": "Feature", "geometry": {"type": "LineString", "coordinates": [[-84.3877749, 33.7557565], [-84.3877053, 33.7558967], [-84.3876327, 33.7560386], [-84.38758, 33.75615], [-84.3875787, 33.7562309], [-84.3875745, 33.7563649], [-84.3875661, 33.7567164], [-84.3875485, 33.7570813]]}, "properties": {"surface": "", "highway": "footway"}}, {"type": "Feature", "geometry": {"type": "LineString", "coordinates": [[-84.3997633, 33.77077], [-84.3990802, 33.7710625], [-84.3990288, 33.7711026]]}, "properties": {"surface": "", "highway": "footway"}}, {"type": "Feature", "geometry": {"type": "LineString", "coordinates": [[-84.3986903, 33.7695541], [-84.3988027, 33.7697799], [-84.398972, 33.7700148], [-84.3991915, 33.7702506], [-84.3994121, 33.770451], [-84.3997633, 33.77077], [-84.3999449, 33.7709371], [-84.4000429, 33.7710237], [-84.4001993, 33.7711606], [-84.4011389, 33.7720128], [-84.401428, 33.772268]]}, "properties": {"surface": "paved", "highway": "footway"}}, {"type": "Feature", "geometry": {"type": "LineString", "coordinates": [[-84.3634638, 33.7689746], [-84.3634292, 33.768934], [-84.3633684, 33.7688879], [-84.3631975, 33.7686363], [-84.3629417, 33.7682598], [-84.3627583, 33.7679897], [-84.3626601, 33.7678452]]}, "properties": {"surface": "", "highway": "footway"}}, {"type": "Feature", "geometry": {"type": "LineString", "coordinates": [[-84.3628922, 33.7679304], [-84.3629185, 33.7679233], [-84.3629488, 33.7678936], [-84.3629193, 33.76782], [-84.3630293, 33.767771], [-84.3633031, 33.7677563], [-84.3632882, 33.7676776], [-84.3634667, 33.7675854], [-84.3638546, 33.7672922], [-84.3639543, 33.7672026], [-84.3640074, 33.7671607], [-84.3645345, 33.7668191]]}, "properties": {"surface": "", "highway": "footway"}}, {"type": "Feature", "geometry": {"type": "LineString", "coordinates": [[-84.3644248, 33.767447], [-84.3643366, 33.7675233], [-84.3636633, 33.7680512]]}, "properties": {"surface": "", "highway": "footway"}}, {"type": "Feature", "geometry": {"type": "LineString", "coordinates": [[-84.3646695, 33.7674826], [-84.3645797, 33.7675371], [-84.3645454, 33.767562], [-84.3643967, 33.7676731], [-84.3637803, 33.7681585]]}, "properties": {"surface": "", "highway": "footway"}}, {"type": "Feature", "geometry": {"type": "LineString", "coordinates": [[-84.3636633, 33.7680512], [-84.3633031, 33.7677563]]}, "properties": {"surface": "", "highway": "footway"}}, {"type": "Feature", "geometry": {"type": "LineString", "coordinates": [[-84.3656856, 33.7672161], [-84.3656844, 33.7661663]]}, "properties": {"surface": "concrete", "highway": "footway"}}, {"type": "Feature", "geometry": {"type": "LineString", "coordinates": [[-84.4027438, 33.7466226], [-84.4023132, 33.7470298], [-84.4020656, 33.7472574], [-84.4013158, 33.7479608], [-84.4013116, 33.7479683]]}, "properties": {"surface": "paving_stones", "highway": "footway"}}, {"type": "Feature", "geometry": {"type": "LineString", "coordinates": [[-84.4026975, 33.7479978], [-84.402734, 33.7479075], [-84.4027615, 33.7478635]]}, "properties": {"surface": "paving_stones", "highway": "footway"}}, {"type": "Feature", "geometry": {"type": "LineString", "coordinates": [[-84.402665, 33.7480792], [-84.4026853, 33.7480284], [-84.4026975, 33.7479978]]}, "properties": {"surface": "concrete", "highway": "footway"}}, {"type": "Feature", "geometry": {"type": "LineString", "coordinates": [[-84.4022693, 33.7486443], [-84.4023538, 33.7485654], [-84.4024343, 33.7484829], [-84.4024987, 33.7484015], [-84.4025496, 33.748319], [-84.4025946, 33.7482381], [-84.4026314, 33.7481606], [-84.402665, 33.7480792]]}, "properties": {"surface": "paving_stones", "highway": "footway"}}, {"type": "Feature", "geometry": {"type": "LineString", "coordinates": [[-84.4027615, 33.7478635], [-84.4027739, 33.7478423], [-84.4029888, 33.7473115], [-84.4030124, 33.747252], [-84.4030723, 33.7471016], [-84.4031345, 33.7469469], [-84.4033013, 33.7465557], [-84.4035061, 33.7460585], [-84.4035085, 33.7460458], [-84.4035059, 33.7460359], [-84.4034954, 33.7460336], [-84.4034844, 33.7460361], [-84.4034737, 33.7460427], [-84.4027438, 33.7466226]]}, "properties": {"surface": "concrete", "highway": "footway"}}, {"type": "Feature", "geometry": {"type": "LineString", "coordinates": [[-84.4016461, 33.7483446], [-84.4017658, 33.7484311]]}, "properties": {"surface": "paving_stones", "highway": "footway"}}, {"type": "Feature", "geometry": {"type": "LineString", "coordinates": [[-84.4017658, 33.7484311], [-84.4017955, 33.7484726], [-84.4018328, 33.7484935]]}, "properties": {"surface": "concrete", "highway": "footway"}}, {"type": "Feature", "geometry": {"type": "LineString", "coordinates": [[-84.4018328, 33.7484935], [-84.4021977, 33.748745]]}, "properties": {"surface": "paving_stones", "highway": "footway"}}, {"type": "Feature", "geometry": {"type": "LineString", "coordinates": [[-84.4012796, 33.7485403], [-84.4013708, 33.7484679]]}, "properties": {"surface": "paving_stones", "highway": "footway"}}, {"type": "Feature", "geometry": {"type": "LineString", "coordinates": [[-84.4013708, 33.7484679], [-84.4015659, 33.7483], [-84.401576, 33.7482967], [-84.4016461, 33.7483446]]}, "properties": {"surface": "concrete", "highway": "footway"}}, {"type": "Feature", "geometry": {"type": "LineString", "coordinates": [[-84.4010257, 33.7486617], [-84.4013369, 33.7483955]]}, "properties": {"surface": "concrete", "highway": "footway"}}, {"type": "Feature", "geometry": {"type": "LineString", "coordinates": [[-84.4001195, 33.749399], [-84.399903, 33.7491966], [-84.3998916, 33.7491854], [-84.3998895, 33.7491753], [-84.3998969, 33.7491603]]}, "properties": {"surface": "concrete", "highway": "footway"}}, {"type": "Feature", "geometry": {"type": "LineString", "coordinates": [[-84.4016933, 33.7482529], [-84.4017299, 33.7482588], [-84.4020546, 33.7484908]]}, "properties": {"surface": "paving_stones", "highway": "footway"}}, {"type": "Feature", "geometry": {"type": "LineString", "coordinates": [[-84.4016454, 33.7482172], [-84.4016746, 33.7482383], [-84.4016933, 33.7482529]]}, "properties": {"surface": "concrete", "highway": "footway"}}, {"type": "Feature", "geometry": {"type": "LineString", "coordinates": [[-84.4020546, 33.7484908], [-84.40208, 33.7485085], [-84.4021193, 33.748536]]}, "properties": {"surface": "asphalt", "highway": "footway"}}, {"type": "Feature", "geometry": {"type": "LineString", "coordinates": [[-84.4021352, 33.7485484], [-84.4022693, 33.7486443], [-84.4022704, 33.7486658], [-84.4022677, 33.7486765]]}, "properties": {"surface": "paving_stones", "highway": "footway"}}, {"type": "Feature", "geometry": {"type": "LineString", "coordinates": [[-84.4021193, 33.748536], [-84.4021352, 33.7485484]]}, "properties": {"surface": "concrete", "highway": "footway"}}, {"type": "Feature", "geometry": {"type": "LineString", "coordinates": [[-84.4013116, 33.7479683], [-84.4013219, 33.7479819], [-84.401338, 33.7479956], [-84.4014, 33.7480422], [-84.4016454, 33.7482172]]}, "properties": {"surface": "concrete", "highway": "footway"}}, {"type": "Feature", "geometry": {"type": "LineString", "coordinates": [[-84.4001618, 33.7494408], [-84.4001377, 33.749417], [-84.4001195, 33.749399]]}, "properties": {"surface": "asphalt", "highway": "footway"}}, {"type": "Feature", "geometry": {"type": "LineString", "coordinates": [[-84.4005025, 33.7497793], [-84.4001618, 33.7494408]]}, "properties": {"surface": "concrete", "highway": "footway"}}, {"type": "Feature", "geometry": {"type": "LineString", "coordinates": [[-84.4009012, 33.7501401], [-84.4008897, 33.7501405], [-84.4008786, 33.7501366], [-84.4006047, 33.7498719]]}, "properties": {"surface": "concrete", "highway": "footway"}}, {"type": "Feature", "geometry": {"type": "LineString", "coordinates": [[-84.3998969, 33.7491603], [-84.3999583, 33.749104], [-84.4000038, 33.7490653], [-84.4001616, 33.7489394], [-84.4003918, 33.7487606], [-84.4006513, 33.7485562], [-84.4007603, 33.7484679], [-84.4009953, 33.7482521], [-84.4012177, 33.7480467]]}, "properties": {"surface": "paving_stones", "highway": "footway"}}, {"type": "Feature", "geometry": {"type": "LineString", "coordinates": [[-84.4050178, 33.7450834], [-84.4048109, 33.7448957], [-84.4047745, 33.744883], [-84.4047554, 33.744883], [-84.404736, 33.7448859], [-84.4047088, 33.744892], [-84.4046687, 33.7449148], [-84.4043323, 33.7452468]]}, "properties": {"surface": "concrete", "highway": "footway"}}, {"type": "Feature", "geometry": {"type": "LineString", "coordinates": [[-84.3988505, 33.750005], [-84.3988433, 33.7499999], [-84.3995016, 33.7494785], [-84.3997984, 33.7492417], [-84.3998108, 33.7492373], [-84.3998241, 33.749238], [-84.4002221, 33.7496191], [-84.4004656, 33.7498545]]}, "properties": {"surface": "concrete", "highway": "footway"}}, {"type": "Feature", "geometry": {"type": "LineString", "coordinates": [[-84.4040768, 33.7451924], [-84.4038615, 33.7453874], [-84.403824, 33.745421]]}, "properties": {"surface": "concrete", "highway": "footway"}}, {"type": "Feature", "geometry": {"type": "LineString", "coordinates": [[-84.4041821, 33.7450968], [-84.4041006, 33.7451696], [-84.4040768, 33.7451924]]}, "properties": {"surface": "concrete", "highway": "footway"}}, {"type": "Feature", "geometry": {"type": "LineString", "coordinates": [[-84.404491, 33.7445913], [-84.404574, 33.7446809], [-84.4045805, 33.7447003], [-84.4045781, 33.7447256], [-84.4045771, 33.7447397], [-84.4045673, 33.7447533], [-84.4044309, 33.744881], [-84.4041821, 33.7450968]]}, "properties": {"surface": "concrete", "highway": "footway"}}, {"type": "Feature", "geometry": {"type": "LineString", "coordinates": [[-84.4019872, 33.7470815], [-84.4015905, 33.7474502], [-84.4011338, 33.7478752], [-84.4010771, 33.7479284]]}, "properties": {"surface": "concrete", "highway": "footway"}}, {"type": "Feature", "geometry": {"type": "LineString", "coordinates": [[-84.4010093, 33.7479942], [-84.4009916, 33.7480093], [-84.4007847, 33.7481976], [-84.4004406, 33.7484923]]}, "properties": {"surface": "concrete", "highway": "footway"}}, {"type": "Feature", "geometry": {"type": "LineString", "coordinates": [[-84.4027912, 33.748174], [-84.4026009, 33.748592]]}, "properties": {"surface": "concrete", "highway": "footway"}}, {"type": "Feature", "geometry": {"type": "LineString", "coordinates": [[-84.4028529, 33.7480384], [-84.4028073, 33.7481385]]}, "properties": {"surface": "concrete", "highway": "footway"}}, {"type": "Feature", "geometry": {"type": "LineString", "coordinates": [[-84.4046109, 33.7485682], [-84.40494, 33.748093]]}, "properties": {"surface": "", "highway": "footway"}}, {"type": "Feature", "geometry": {"type": "LineString", "coordinates": [[-84.4044297, 33.748833], [-84.404568, 33.7486329]]}, "properties": {"surface": "", "highway": "footway"}}, {"type": "Feature", "geometry": {"type": "LineString", "coordinates": [[-84.4037132, 33.7487388], [-84.4033127, 33.7486862]]}, "properties": {"surface": "concrete", "highway": "footway"}}, {"type": "Feature", "geometry": {"type": "LineString", "coordinates": [[-84.4044297, 33.748833], [-84.4037836, 33.748748]]}, "properties": {"surface": "concrete", "highway": "footway"}}, {"type": "Feature", "geometry": {"type": "LineString", "coordinates": [[-84.4032296, 33.7486752], [-84.4026009, 33.748592]]}, "properties": {"surface": "concrete", "highway": "footway"}}, {"type": "Feature", "geometry": {"type": "LineString", "coordinates": [[-84.4028529, 33.7480384], [-84.4049093, 33.748072], [-84.4049294, 33.7480809], [-84.40494, 33.748093]]}, "properties": {"surface": "concrete", "highway": "footway"}}, {"type": "Feature", "geometry": {"type": "LineString", "coordinates": [[-84.4029101, 33.7479206], [-84.4029148, 33.7479269], [-84.4029258, 33.7479323], [-84.4033872, 33.7479348]]}, "properties": {"surface": "concrete", "highway": "footway"}}, {"type": "Feature", "geometry": {"type": "LineString", "coordinates": [[-84.4038445, 33.7456835], [-84.4037809, 33.7457406], [-84.4037425, 33.7458083], [-84.4037166, 33.745875], [-84.4036496, 33.7460305], [-84.4036288, 33.7460883], [-84.4036038, 33.7461465], [-84.403122, 33.7473764], [-84.4030044, 33.7476715], [-84.4029101, 33.7479206]]}, "properties": {"surface": "concrete", "highway": "footway"}}, {"type": "Feature", "geometry": {"type": "LineString", "coordinates": [[-84.4041492, 33.7459137], [-84.4041187, 33.7458906], [-84.4038445, 33.7456835]]}, "properties": {"surface": "concrete", "highway": "footway"}}, {"type": "Feature", "geometry": {"type": "LineString", "coordinates": [[-84.403482, 33.7479365], [-84.4038648, 33.7479421], [-84.4040567, 33.7479477], [-84.4040741, 33.7479443], [-84.404103, 33.7479217], [-84.4041073, 33.7479003], [-84.4041147, 33.7474921], [-84.4041167, 33.7473982], [-84.4041184, 33.7473355], [-84.4041214, 33.7472772], [-84.4041321, 33.7472145], [-84.4041442, 33.7471657], [-84.404161, 33.747123], [-84.4042036, 33.7470466], [-84.4042424, 33.7469928], [-84.4042991, 33.7469332], [-84.4043393, 33.7468936], [-84.4043963, 33.7468437]]}, "properties": {"surface": "concrete", "highway": "footway"}}, {"type": "Feature", "geometry": {"type": "LineString", "coordinates": [[-84.4049854, 33.746467], [-84.4048589, 33.746372], [-84.4038881, 33.7456429]]}, "properties": {"surface": "concrete", "highway": "footway"}}, {"type": "Feature", "geometry": {"type": "LineString", "coordinates": [[-84.4057065, 33.7470039], [-84.4056915, 33.7469992], [-84.4056694, 33.7469845], [-84.4049854, 33.746467]]}, "properties": {"surface": "concrete", "highway": "footway"}}, {"type": "Feature", "geometry": {"type": "LineString", "coordinates": [[-84.4049227, 33.7465392], [-84.4049261, 33.7465208]]}, "properties": {"surface": "concrete", "highway": "footway"}}, {"type": "Feature", "geometry": {"type": "LineString", "coordinates": [[-84.4043058, 33.747101], [-84.4042874, 33.7471425], [-84.404274, 33.7471768], [-84.4042646, 33.7472097], [-84.4042575, 33.7472409], [-84.4042545, 33.7472574], [-84.4042391, 33.747513], [-84.4042341, 33.7475273], [-84.4042312, 33.7475417]]}, "properties": {"surface": "concrete", "highway": "footway"}}, {"type": "Feature", "geometry": {"type": "LineString", "coordinates": [[-84.4042265, 33.7476145], [-84.4042408, 33.7476399], [-84.4042337, 33.7479072], [-84.4042341, 33.7479265], [-84.4042455, 33.747941], [-84.4042599, 33.7479488], [-84.4042813, 33.7479527], [-84.4049573, 33.747963], [-84.4050258, 33.7479643]]}, "properties": {"surface": "concrete", "highway": "footway"}}, {"type": "Feature", "geometry": {"type": "LineString", "coordinates": [[-84.4056515, 33.7470755], [-84.4056442, 33.7470642], [-84.4056342, 33.7470522], [-84.4055433, 33.7469847], [-84.405501, 33.7469522], [-84.4053985, 33.7468749], [-84.4049764, 33.7465551], [-84.4049586, 33.7465459], [-84.4049418, 33.7465412], [-84.4049227, 33.7465392], [-84.4049063, 33.7465401], [-84.4048949, 33.746544], [-84.4048808, 33.7465524], [-84.4043816, 33.7470168], [-84.4043494, 33.7470377]]}, "properties": {"surface": "concrete", "highway": "footway"}}, {"type": "Feature", "geometry": {"type": "LineString", "coordinates": [[-84.4055339, 33.7472311], [-84.4056515, 33.7470755]]}, "properties": {"surface": "", "highway": "footway"}}, {"type": "Feature", "geometry": {"type": "LineString", "coordinates": [[-84.4050258, 33.7479643], [-84.40548, 33.7473094]]}, "properties": {"surface": "concrete", "highway": "footway"}}, {"type": "Feature", "geometry": {"type": "LineString", "coordinates": [[-84.4048143, 33.7464668], [-84.4048116, 33.7464209]]}, "properties": {"surface": "asphalt", "highway": "footway"}}, {"type": "Feature", "geometry": {"type": "LineString", "coordinates": [[-84.4048949, 33.746544], [-84.4048888, 33.7465276]]}, "properties": {"surface": "concrete", "highway": "footway"}}, {"type": "Feature", "geometry": {"type": "LineString", "coordinates": [[-84.4057065, 33.7470039], [-84.4057599, 33.7469401], [-84.405821, 33.7468748], [-84.4060636, 33.7466153]]}, "properties": {"surface": "concrete", "highway": "footway"}}, {"type": "Feature", "geometry": {"type": "LineString", "coordinates": [[-84.4040273, 33.745519], [-84.4040069, 33.7455368], [-84.4038881, 33.7456429]]}, "properties": {"surface": "concrete", "highway": "footway"}}, {"type": "Feature", "geometry": {"type": "LineString", "coordinates": [[-84.4041973, 33.7453668], [-84.4040273, 33.745519]]}, "properties": {"surface": "concrete", "highway": "footway"}}, {"type": "Feature", "geometry": {"type": "LineString", "coordinates": [[-84.4050206, 33.7458454], [-84.4060636, 33.7466153]]}, "properties": {"surface": "concrete", "highway": "footway"}}, {"type": "Feature", "geometry": {"type": "LineString", "coordinates": [[-84.4047222, 33.7456251], [-84.4049674, 33.7458061]]}, "properties": {"surface": "concrete", "highway": "footway"}}, {"type": "Feature", "geometry": {"type": "LineString", "coordinates": [[-84.4044708, 33.7454396], [-84.4046777, 33.7455922]]}, "properties": {"surface": "concrete", "highway": "footway"}}, {"type": "Feature", "geometry": {"type": "LineString", "coordinates": [[-84.4042834, 33.7453012], [-84.4044161, 33.7453992]]}, "properties": {"surface": "concrete", "highway": "footway"}}, {"type": "Feature", "geometry": {"type": "LineString", "coordinates": [[-84.4042834, 33.7453012], [-84.4042682, 33.7453039], [-84.4042343, 33.7453322]]}, "properties": {"surface": "concrete", "highway": "footway"}}, {"type": "Feature", "geometry": {"type": "LineString", "coordinates": [[-84.406437, 33.7462312], [-84.4064295, 33.7462153], [-84.406406, 33.7461974], [-84.4061072, 33.7459775], [-84.4058427, 33.7457725], [-84.4057891, 33.7457581], [-84.4057019, 33.7456968], [-84.4056374, 33.7456437], [-84.405453, 33.7454797], [-84.4050178, 33.7450834]]}, "properties": {"surface": "concrete", "highway": "footway"}}, {"type": "Feature", "geometry": {"type": "LineString", "coordinates": [[-84.4061187, 33.7465606], [-84.406437, 33.7462312]]}, "properties": {"surface": "concrete", "highway": "footway"}}, {"type": "Feature", "geometry": {"type": "LineString", "coordinates": [[-84.4043323, 33.7452468], [-84.4057789, 33.7463162], [-84.4061187, 33.7465606]]}, "properties": {"surface": "concrete", "highway": "footway"}}, {"type": "Feature", "geometry": {"type": "LineString", "coordinates": [[-84.4035054, 33.7501717], [-84.4037231, 33.7498492]]}, "properties": {"surface": "", "highway": "footway"}}, {"type": "Feature", "geometry": {"type": "LineString", "coordinates": [[-84.4016415, 33.7495791], [-84.4020832, 33.7496331], [-84.4029204, 33.7497354], [-84.4029781, 33.7497413], [-84.4030076, 33.7497494], [-84.4030277, 33.7497619], [-84.4033221, 33.7497976], [-84.4033422, 33.7497945], [-84.4033577, 33.7497881], [-84.4036996, 33.7498316], [-84.4037137, 33.7498383], [-84.4037231, 33.7498492]]}, "properties": {"surface": "concrete", "highway": "footway"}}, {"type": "Feature", "geometry": {"type": "LineString", "coordinates": [[-84.4041295, 33.7492685], [-84.4041466, 33.7492434]]}, "properties": {"surface": "concrete", "highway": "footway"}}, {"type": "Feature", "geometry": {"type": "LineString", "coordinates": [[-84.4041466, 33.7492434], [-84.404162, 33.74922], [-84.4041924, 33.7491758]]}, "properties": {"surface": "concrete", "highway": "footway"}}, {"type": "Feature", "geometry": {"type": "LineString", "coordinates": [[-84.4041924, 33.7491758], [-84.404352, 33.7489412]]}, "properties": {"surface": "concrete", "highway": "footway"}}, {"type": "Feature", "geometry": {"type": "LineString", "coordinates": [[-84.4037981, 33.7497477], [-84.4040931, 33.7493202]]}, "properties": {"surface": "concrete", "highway": "footway"}}, {"type": "Feature", "geometry": {"type": "LineString", "coordinates": [[-84.4040931, 33.7493202], [-84.4041187, 33.749283], [-84.4041295, 33.7492685]]}, "properties": {"surface": "concrete", "highway": "footway"}}, {"type": "Feature", "geometry": {"type": "LineString", "coordinates": [[-84.4017104, 33.7494936], [-84.401719, 33.7494989], [-84.4033755, 33.7497018], [-84.4034543, 33.7497103], [-84.4037981, 33.7497477]]}, "properties": {"surface": "concrete", "highway": "footway"}}, {"type": "Feature", "geometry": {"type": "LineString", "coordinates": [[-84.4024748, 33.7486872], [-84.402411, 33.74874], [-84.4019761, 33.7491948], [-84.4017141, 33.7494737], [-84.4017096, 33.7494837], [-84.4017104, 33.7494936]]}, "properties": {"surface": "concrete", "highway": "footway"}}, {"type": "Feature", "geometry": {"type": "LineString", "coordinates": [[-84.4035458, 33.7488321], [-84.4030481, 33.7487648]]}, "properties": {"surface": "concrete", "highway": "footway"}}, {"type": "Feature", "geometry": {"type": "LineString", "coordinates": [[-84.4029636, 33.7487534], [-84.4024748, 33.7486872]]}, "properties": {"surface": "concrete", "highway": "footway"}}, {"type": "Feature", "geometry": {"type": "LineString", "coordinates": [[-84.404352, 33.7489412], [-84.4043321, 33.7489385], [-84.4036344, 33.7488441]]}, "properties": {"surface": "concrete", "highway": "footway"}}, {"type": "Feature", "geometry": {"type": "LineString", "coordinates": [[-84.4008154, 33.7504509], [-84.4008712, 33.7504863], [-84.4009306, 33.7504214]]}, "properties": {"surface": "paving_stones", "highway": "footway"}}, {"type": "Feature", "geometry": {"type": "LineString", "coordinates": [[-84.4009501, 33.7503095], [-84.4008154, 33.7504509], [-84.4007819, 33.750486], [-84.4005743, 33.7506905]]}, "properties": {"surface": "paving_stones", "highway": "footway"}}, {"type": "Feature", "geometry": {"type": "LineString", "coordinates": [[-84.4011739, 33.7507889], [-84.4010527, 33.750821], [-84.4008867, 33.7508656], [-84.4003442, 33.7510114], [-84.4003251, 33.7510147], [-84.4003051, 33.7510129]]}, "properties": {"surface": "paving_stones", "highway": "footway"}}, {"type": "Feature", "geometry": {"type": "LineString", "coordinates": [[-84.4016415, 33.7495791], [-84.4014921, 33.7497348], [-84.4012272, 33.750009], [-84.4010438, 33.7502072]]}, "properties": {"surface": "concrete", "highway": "footway"}}, {"type": "Feature", "geometry": {"type": "LineString", "coordinates": [[-84.4035054, 33.7501717], [-84.4030392, 33.750294], [-84.4028621, 33.7503404], [-84.4025124, 33.7504321], [-84.4023157, 33.7504837], [-84.4021773, 33.75052], [-84.401972, 33.7505738], [-84.4012667, 33.7507588]]}, "properties": {"surface": "concrete", "highway": "footway"}}, {"type": "Feature", "geometry": {"type": "LineString", "coordinates": [[-84.3995811, 33.7511979], [-84.3994564, 33.7508603]]}, "properties": {"surface": "concrete", "highway": "footway"}}, {"type": "Feature", "geometry": {"type": "LineString", "coordinates": [[-84.3994272, 33.7507811], [-84.3992867, 33.7504028], [-84.3992686, 33.7503459], [-84.3992623, 33.7503332], [-84.3992321, 33.7502816], [-84.3991989, 33.7502473], [-84.3990098, 33.7501001], [-84.3989719, 33.7500772]]}, "properties": {"surface": "concrete", "highway": "footway"}}, {"type": "Feature", "geometry": {"type": "LineString", "coordinates": [[-84.399943, 33.7511078], [-84.3995811, 33.7511979]]}, "properties": {"surface": "concrete", "highway": "footway"}}, {"type": "Feature", "geometry": {"type": "LineString", "coordinates": [[-84.39951, 33.7512158], [-84.3981287, 33.7515873], [-84.3980958, 33.7516001]]}, "properties": {"surface": "concrete", "highway": "footway"}}, {"type": "Feature", "geometry": {"type": "LineString", "coordinates": [[-84.4001678, 33.7511833], [-84.4009318, 33.7509714], [-84.4012166, 33.7508977]]}, "properties": {"surface": "concrete", "highway": "footway"}}, {"type": "Feature", "geometry": {"type": "LineString", "coordinates": [[-84.4025128, 33.7505481], [-84.4021719, 33.7506397], [-84.4015147, 33.7508173], [-84.401302, 33.7508755]]}, "properties": {"surface": "concrete", "highway": "footway"}}, {"type": "Feature", "geometry": {"type": "LineString", "coordinates": [[-84.4031328, 33.7506884], [-84.4031431, 33.7506752], [-84.403353, 33.7503797], [-84.4033502, 33.7503588]]}, "properties": {"surface": "concrete", "highway": "footway"}}, {"type": "Feature", "geometry": {"type": "LineString", "coordinates": [[-84.4028192, 33.7508134], [-84.4023302, 33.7512216], [-84.4020926, 33.75142], [-84.4016648, 33.7517771], [-84.4016431, 33.7517824]]}, "properties": {"surface": "concrete", "highway": "footway"}}, {"type": "Feature", "geometry": {"type": "LineString", "coordinates": [[-84.4033502, 33.7503588], [-84.4033328, 33.7503412], [-84.4032929, 33.7503374], [-84.40314, 33.7503788], [-84.4028385, 33.7504603], [-84.4026787, 33.7505021], [-84.4026709, 33.7505091]]}, "properties": {"surface": "concrete", "highway": "footway"}}, {"type": "Feature", "geometry": {"type": "LineString", "coordinates": [[-84.3998677, 33.7515129], [-84.3998691, 33.7515451]]}, "properties": {"surface": "concrete", "highway": "footway"}}, {"type": "Feature", "geometry": {"type": "LineString", "coordinates": [[-84.3997968, 33.7513076], [-84.399684, 33.7513311], [-84.3982112, 33.7517214], [-84.3981612, 33.7517378]]}, "properties": {"surface": "concrete", "highway": "footway"}}, {"type": "Feature", "geometry": {"type": "LineString", "coordinates": [[-84.3992984, 33.7522911], [-84.3998576, 33.7522941]]}, "properties": {"surface": "concrete", "highway": "footway"}}, {"type": "Feature", "geometry": {"type": "LineString", "coordinates": [[-84.3992612, 33.7523728], [-84.3992998, 33.7523753], [-84.3993491, 33.752379], [-84.3997286, 33.7523807], [-84.3997481, 33.7523809], [-84.3997709, 33.7523811]]}, "properties": {"surface": "concrete", "highway": "footway"}}, {"type": "Feature", "geometry": {"type": "LineString", "coordinates": [[-84.3991929, 33.7524769], [-84.3991232, 33.7526545], [-84.3990043, 33.7529832], [-84.3989347, 33.7532825], [-84.3988804, 33.7535216], [-84.3988534, 33.7536727]]}, "properties": {"surface": "concrete", "highway": "footway"}}, {"type": "Feature", "geometry": {"type": "LineString", "coordinates": [[-84.3989657, 33.7523964], [-84.3989826, 33.7524194], [-84.3989769, 33.7524479], [-84.3988381, 33.7527871], [-84.3986798, 33.7532615], [-84.3986399, 33.7536518]]}, "properties": {"surface": "concrete", "highway": "footway"}}, {"type": "Feature", "geometry": {"type": "LineString", "coordinates": [[-84.3981445, 33.7523845], [-84.3981406, 33.752688], [-84.3981338, 33.7531199], [-84.3981294, 33.7533824], [-84.3981275, 33.7534979], [-84.398129, 33.7535635], [-84.3981364, 33.753582]]}, "properties": {"surface": "concrete", "highway": "footway"}}, {"type": "Feature", "geometry": {"type": "LineString", "coordinates": [[-84.3993701, 33.753923], [-84.3993812, 33.7539408], [-84.399388, 33.7539674], [-84.3993796, 33.7540098]]}, "properties": {"surface": "concrete", "highway": "footway"}}, {"type": "Feature", "geometry": {"type": "LineString", "coordinates": [[-84.4015498, 33.7538068], [-84.4015545, 33.7534734], [-84.4015611, 33.7529505], [-84.4015618, 33.7528911]]}, "properties": {"surface": "concrete", "highway": "footway"}}, {"type": "Feature", "geometry": {"type": "LineString", "coordinates": [[-84.4027037, 33.7529111], [-84.4026974, 33.7529136], [-84.4025378, 33.7529104], [-84.4020831, 33.7528968], [-84.4015618, 33.7528911]]}, "properties": {"surface": "concrete", "highway": "footway"}}, {"type": "Feature", "geometry": {"type": "LineString", "coordinates": [[-84.4027043, 33.7528322], [-84.4025112, 33.7528345], [-84.4021428, 33.7528278], [-84.4020937, 33.7528273], [-84.4015628, 33.7528177]]}, "properties": {"surface": "concrete", "highway": "footway"}}, {"type": "Feature", "geometry": {"type": "LineString", "coordinates": [[-84.4015901, 33.7520043], [-84.4021898, 33.7515038], [-84.4024292, 33.7513026], [-84.4025623, 33.7511886], [-84.4029117, 33.7508913]]}, "properties": {"surface": "concrete", "highway": "footway"}}, {"type": "Feature", "geometry": {"type": "LineString", "coordinates": [[-84.4026864, 33.7538171], [-84.4026787, 33.7538161], [-84.4026739, 33.753816], [-84.4025643, 33.7538144], [-84.4015498, 33.7538068]]}, "properties": {"surface": "concrete", "highway": "footway"}}, {"type": "Feature", "geometry": {"type": "LineString", "coordinates": [[-84.4026787, 33.7538161], [-84.4026828, 33.7537979], [-84.4026902, 33.7534174], [-84.4026974, 33.7529136]]}, "properties": {"surface": "concrete", "highway": "footway"}}, {"type": "Feature", "geometry": {"type": "LineString", "coordinates": [[-84.3999743, 33.7523689], [-84.4010972, 33.7522926], [-84.4011462, 33.7522898], [-84.401179, 33.7522848], [-84.4014687, 33.7520785], [-84.4014868, 33.7520763]]}, "properties": {"surface": "concrete", "highway": "footway"}}, {"type": "Feature", "geometry": {"type": "LineString", "coordinates": [[-84.4000027, 33.7522854], [-84.400031, 33.7522881], [-84.4010543, 33.7522201]]}, "properties": {"surface": "concrete", "highway": "footway"}}, {"type": "Feature", "geometry": {"type": "LineString", "coordinates": [[-84.396723, 33.7530512], [-84.3967005, 33.7531273], [-84.3965866, 33.7534033], [-84.3964844, 33.7536273], [-84.396367, 33.7538296], [-84.396344, 33.7538578], [-84.3963122, 33.7539054], [-84.3962802, 33.7539535], [-84.3961481, 33.7541312]]}, "properties": {"surface": "", "highway": "footway"}}, {"type": "Feature", "geometry": {"type": "LineString", "coordinates": [[-84.3987174, 33.7498773], [-84.3986784, 33.7499065], [-84.3985353, 33.7499928], [-84.3983929, 33.7500612], [-84.3983293, 33.7500868], [-84.3975141, 33.7503716]]}, "properties": {"surface": "concrete", "highway": "footway"}}, {"type": "Feature", "geometry": {"type": "LineString", "coordinates": [[-84.4003767, 33.7485471], [-84.3989454, 33.7496972], [-84.3987174, 33.7498773]]}, "properties": {"surface": "concrete", "highway": "footway"}}, {"type": "Feature", "geometry": {"type": "LineString", "coordinates": [[-84.3975392, 33.7501771], [-84.3975508, 33.7501591], [-84.3980255, 33.7494243], [-84.3981353, 33.7492485], [-84.3981518, 33.7492057], [-84.3981618, 33.7490452]]}, "properties": {"surface": "concrete", "highway": "footway"}}, {"type": "Feature", "geometry": {"type": "LineString", "coordinates": [[-84.3988433, 33.7499999], [-84.3987436, 33.7500642], [-84.3986541, 33.7501166], [-84.3985765, 33.7501546], [-84.3984459, 33.7502132], [-84.3983085, 33.7502641], [-84.3981629, 33.7503147], [-84.3979729, 33.7503828], [-84.3977611, 33.7504566], [-84.3976438, 33.7504967], [-84.3971516, 33.7506693]]}, "properties": {"surface": "concrete", "highway": "footway"}}, {"type": "Feature", "geometry": {"type": "LineString", "coordinates": [[-84.3945692, 33.7503159], [-84.3945439, 33.7503285], [-84.3943091, 33.7506369], [-84.3942245, 33.7507497], [-84.3942189, 33.7507571], [-84.3938166, 33.7512977]]}, "properties": {"surface": "paving_stones", "highway": "footway"}}, {"type": "Feature", "geometry": {"type": "LineString", "coordinates": [[-84.3960516, 33.7517757], [-84.3948298, 33.7511351]]}, "properties": {"surface": "concrete", "highway": "footway"}}, {"type": "Feature", "geometry": {"type": "LineString", "coordinates": [[-84.3960516, 33.7517757], [-84.3958354, 33.7520545], [-84.3956502, 33.7522958]]}, "properties": {"surface": "concrete", "highway": "footway"}}, {"type": "Feature", "geometry": {"type": "LineString", "coordinates": [[-84.3961406, 33.7516754], [-84.3959911, 33.7516223], [-84.3949142, 33.7510427]]}, "properties": {"surface": "concrete", "highway": "footway"}}, {"type": "Feature", "geometry": {"type": "LineString", "coordinates": [[-84.3975746, 33.7497001], [-84.3975092, 33.7496712], [-84.3974521, 33.7496463]]}, "properties": {"surface": "concrete", "highway": "footway"}}, {"type": "Feature", "geometry": {"type": "LineString", "coordinates": [[-84.3979118, 33.7490282], [-84.3979061, 33.7490499], [-84.3978813, 33.7491436], [-84.3978491, 33.749235], [-84.3978243, 33.7492791], [-84.3975746, 33.7497001], [-84.3973466, 33.750077]]}, "properties": {"surface": "concrete", "highway": "footway"}}, {"type": "Feature", "geometry": {"type": "LineString", "coordinates": [[-84.396942, 33.7484613], [-84.3965029, 33.7489897], [-84.3964894, 33.7490073], [-84.3964771, 33.7490232], [-84.3961767, 33.7494068], [-84.3961713, 33.7494208]]}, "properties": {"surface": "", "highway": "footway"}}, {"type": "Feature", "geometry": {"type": "LineString", "coordinates": [[-84.3970431, 33.7480637], [-84.3970314, 33.7480575]]}, "properties": {"surface": "", "highway": "footway"}}, {"type": "Feature", "geometry": {"type": "LineString", "coordinates": [[-84.3927966, 33.7523222], [-84.3922747, 33.752036]]}, "properties": {"surface": "", "highway": "footway"}}, {"type": "Feature", "geometry": {"type": "LineString", "coordinates": [[-84.3913667, 33.7512208], [-84.3913333, 33.7512026], [-84.3913507, 33.7511805]]}, "properties": {"surface": "concrete", "highway": "pedestrian"}}, {"type": "Feature", "geometry": {"type": "LineString", "coordinates": [[-84.3913664, 33.7511606], [-84.3913768, 33.7511475], [-84.3913274, 33.7511206]]}, "properties": {"surface": "concrete", "highway": "pedestrian"}}, {"type": "Feature", "geometry": {"type": "LineString", "coordinates": [[-84.3912929, 33.7512539], [-84.39127, 33.7512414], [-84.3912619, 33.751237], [-84.3912444, 33.7512274]]}, "properties": {"surface": "concrete", "highway": "pedestrian"}}, {"type": "Feature", "geometry": {"type": "LineString", "coordinates": [[-84.3913333, 33.7512026], [-84.391308, 33.7512347]]}, "properties": {"surface": "concrete", "highway": "pedestrian"}}, {"type": "Feature", "geometry": {"type": "LineString", "coordinates": [[-84.3916402, 33.7513698], [-84.391605, 33.7513507], [-84.3914102, 33.7512445]]}, "properties": {"surface": "concrete", "highway": "pedestrian"}}, {"type": "Feature", "geometry": {"type": "LineString", "coordinates": [[-84.3963122, 33.7539054], [-84.3961515, 33.7538175]]}, "properties": {"surface": "concrete", "highway": "pedestrian"}}, {"type": "Feature", "geometry": {"type": "LineString", "coordinates": [[-84.3957751, 33.7539318], [-84.3958076, 33.7538904]]}, "properties": {"surface": "concrete", "highway": "pedestrian"}}, {"type": "Feature", "geometry": {"type": "LineString", "coordinates": [[-84.3952985, 33.7531368], [-84.3952548, 33.7531926], [-84.3951105, 33.7533765], [-84.3950037, 33.7535126]]}, "properties": {"surface": "concrete", "highway": "pedestrian"}}, {"type": "Feature", "geometry": {"type": "LineString", "coordinates": [[-84.3952246, 33.7530967], [-84.3952373, 33.7531036], [-84.3952459, 33.7531083]]}, "properties": {"surface": "concrete", "highway": "pedestrian"}}, {"type": "Feature", "geometry": {"type": "LineString", "coordinates": [[-84.3953366, 33.7531575], [-84.3953453, 33.7531622], [-84.3953507, 33.7531651], [-84.3953696, 33.7531754]]}, "properties": {"surface": "concrete", "highway": "pedestrian"}}, {"type": "Feature", "geometry": {"type": "LineString", "coordinates": [[-84.3952808, 33.7531272], [-84.3952985, 33.7531368], [-84.3953059, 33.7531408]]}, "properties": {"surface": "concrete", "highway": "pedestrian"}}, {"type": "Feature", "geometry": {"type": "LineString", "coordinates": [[-84.3960886, 33.7527077], [-84.396052, 33.7527544]]}, "properties": {"surface": "", "highway": "pedestrian"}}, {"type": "Feature", "geometry": {"type": "LineString", "coordinates": [[-84.3965245, 33.7529401], [-84.3964856, 33.7529897]]}, "properties": {"surface": "", "highway": "pedestrian"}}, {"type": "Feature", "geometry": {"type": "LineString", "coordinates": [[-84.3953216, 33.7536864], [-84.3954365, 33.7535399], [-84.3954061, 33.7535234], [-84.3955428, 33.7533491], [-84.3953068, 33.7532211], [-84.3952747, 33.753262]]}, "properties": {"surface": "concrete", "highway": "pedestrian"}}, {"type": "Feature", "geometry": {"type": "LineString", "coordinates": [[-84.3924626, 33.7510707], [-84.3924501, 33.7510865]]}, "properties": {"surface": "concrete", "highway": "footway"}}, {"type": "Feature", "geometry": {"type": "LineString", "coordinates": [[-84.3923897, 33.7510307], [-84.3923535, 33.751011]]}, "properties": {"surface": "concrete", "highway": "footway"}}, {"type": "Feature", "geometry": {"type": "LineString", "coordinates": [[-84.392678, 33.7511403], [-84.3926512, 33.7511741]]}, "properties": {"surface": "concrete", "highway": "footway"}}, {"type": "Feature", "geometry": {"type": "LineString", "coordinates": [[-84.3926966, 33.7511504], [-84.392678, 33.7511403], [-84.3926705, 33.7511362]]}, "properties": {"surface": "concrete", "highway": "footway"}}, {"type": "Feature", "geometry": {"type": "LineString", "coordinates": [[-84.3918861, 33.7504082], [-84.3913274, 33.7511206], [-84.3912444, 33.7512274], [-84.3911157, 33.7513875]]}, "properties": {"surface": "", "highway": "footway"}}, {"type": "Feature", "geometry": {"type": "LineString", "coordinates": [[-84.3936759, 33.7512127], [-84.3943859, 33.7503017], [-84.3944294, 33.750249]]}, "properties": {"surface": "paving_stones", "highway": "footway"}}, {"type": "Feature", "geometry": {"type": "LineString", "coordinates": [[-84.393174, 33.7509493], [-84.3931827, 33.7509377]]}, "properties": {"surface": "concrete", "highway": "footway"}}, {"type": "Feature", "geometry": {"type": "LineString", "coordinates": [[-84.3934039, 33.7510739], [-84.393413, 33.751063]]}, "properties": {"surface": "concrete", "highway": "footway"}}, {"type": "Feature", "geometry": {"type": "LineString", "coordinates": [[-84.3922002, 33.7470181], [-84.3922144, 33.7470355], [-84.3923537, 33.7473433], [-84.3923692, 33.7473632]]}, "properties": {"surface": "", "highway": "footway"}}, {"type": "Feature", "geometry": {"type": "LineString", "coordinates": [[-84.3909082, 33.748118], [-84.3908576, 33.7481791], [-84.3908114, 33.7482342]]}, "properties": {"surface": "asphalt", "highway": "footway"}}, {"type": "Feature", "geometry": {"type": "LineString", "coordinates": [[-84.3901642, 33.7476981], [-84.390152, 33.7476997]]}, "properties": {"surface": "", "highway": "footway"}}, {"type": "Feature", "geometry": {"type": "LineString", "coordinates": [[-84.3897298, 33.7490165], [-84.3897417, 33.7490025]]}, "properties": {"surface": "concrete", "highway": "footway"}}, {"type": "Feature", "geometry": {"type": "LineString", "coordinates": [[-84.3908452, 33.7482529], [-84.3908224, 33.7482807]]}, "properties": {"surface": "concrete", "highway": "footway"}}, {"type": "Feature", "geometry": {"type": "LineString", "coordinates": [[-84.3900886, 33.7492166], [-84.3901006, 33.749201]]}, "properties": {"surface": "concrete", "highway": "footway"}}, {"type": "Feature", "geometry": {"type": "LineString", "coordinates": [[-84.3895542, 33.7625288], [-84.3896861, 33.7625299]]}, "properties": {"surface": "concrete", "highway": "footway"}}, {"type": "Feature", "geometry": {"type": "LineString", "coordinates": [[-84.3893417, 33.7623428], [-84.3893418, 33.7623654], [-84.3893545, 33.7624017], [-84.3893693, 33.7624329], [-84.3893947, 33.7624608], [-84.3894303, 33.7624909], [-84.3894564, 33.7625098], [-84.3894906, 33.7625232], [-84.3895262, 33.7625282], [-84.3895542, 33.7625288]]}, "properties": {"surface": "concrete", "highway": "footway"}}, {"type": "Feature", "geometry": {"type": "LineString", "coordinates": [[-84.3890909, 33.7632544], [-84.389097, 33.7629643], [-84.3891096, 33.7623712], [-84.3891165, 33.7623565], [-84.3891214, 33.7623483]]}, "properties": {"surface": "concrete", "highway": "footway"}}, {"type": "Feature", "geometry": {"type": "LineString", "coordinates": [[-84.3891177, 33.7621965], [-84.3891261, 33.7610718]]}, "properties": {"surface": "concrete", "highway": "footway"}}, {"type": "Feature", "geometry": {"type": "LineString", "coordinates": [[-84.3876492, 33.7632791], [-84.3888849, 33.7632865]]}, "properties": {"surface": "concrete", "highway": "footway"}}, {"type": "Feature", "geometry": {"type": "LineString", "coordinates": [[-84.3874535, 33.7621884], [-84.3874342, 33.762158], [-84.3874457, 33.7617647], [-84.3874511, 33.7615218], [-84.3874618, 33.7610577]]}, "properties": {"surface": "paving_stones", "highway": "footway"}}, {"type": "Feature", "geometry": {"type": "LineString", "coordinates": [[-84.3874645, 33.7609153], [-84.3874917, 33.7597643]]}, "properties": {"surface": "paving_stones", "highway": "footway"}}, {"type": "Feature", "geometry": {"type": "LineString", "coordinates": [[-84.3876423, 33.7621895], [-84.3876764, 33.7621922], [-84.3877514, 33.7621924], [-84.3889117, 33.7621957], [-84.388941, 33.7621958]]}, "properties": {"surface": "concrete", "highway": "footway"}}, {"type": "Feature", "geometry": {"type": "LineString", "coordinates": [[-84.388957, 33.7609264], [-84.3887772, 33.760926], [-84.3877016, 33.7609238], [-84.387674, 33.7609181]]}, "properties": {"surface": "concrete", "highway": "footway"}}, {"type": "Feature", "geometry": {"type": "LineString", "coordinates": [[-84.3889631, 33.7610727], [-84.3889419, 33.7621736], [-84.388941, 33.7621958]]}, "properties": {"surface": "concrete", "highway": "footway"}}, {"type": "Feature", "geometry": {"type": "LineString", "coordinates": [[-84.3876713, 33.7610605], [-84.3882411, 33.761064], [-84.3882538, 33.7610644], [-84.3883356, 33.7610649], [-84.3883483, 33.7610654], [-84.3887782, 33.7610706], [-84.3887787, 33.7610706], [-84.3889631, 33.7610727]]}, "properties": {"surface": "paving_stones", "highway": "footway"}}, {"type": "Feature", "geometry": {"type": "LineString", "coordinates": [[-84.3876713, 33.7610605], [-84.3876548, 33.7620813], [-84.3876536, 33.7621574], [-84.3876423, 33.7621895]]}, "properties": {"surface": "paving_stones", "highway": "footway"}}, {"type": "Feature", "geometry": {"type": "LineString", "coordinates": [[-84.3859404, 33.7621631], [-84.3859095, 33.7621628], [-84.3842988, 33.7621594], [-84.3842584, 33.7621503]]}, "properties": {"surface": "", "highway": "footway"}}, {"type": "Feature", "geometry": {"type": "LineString", "coordinates": [[-84.3861628, 33.7597555], [-84.38615, 33.7606596], [-84.3861344, 33.7608973]]}, "properties": {"surface": "concrete", "highway": "footway"}}, {"type": "Feature", "geometry": {"type": "LineString", "coordinates": [[-84.3874645, 33.7609153], [-84.3869474, 33.7609105], [-84.3865776, 33.7609072], [-84.3861344, 33.7608973]]}, "properties": {"surface": "concrete", "highway": "footway"}}, {"type": "Feature", "geometry": {"type": "LineString", "coordinates": [[-84.3874618, 33.7610577], [-84.386162, 33.7610364]]}, "properties": {"surface": "concrete", "highway": "footway"}}, {"type": "Feature", "geometry": {"type": "LineString", "coordinates": [[-84.3874304, 33.7631267], [-84.3874306, 33.7631007]]}, "properties": {"surface": "paving_stones", "highway": "footway"}}, {"type": "Feature", "geometry": {"type": "LineString", "coordinates": [[-84.3874884, 33.763127], [-84.3874304, 33.7631267], [-84.3871701, 33.7631253]]}, "properties": {"surface": "paving_stones", "highway": "footway"}}, {"type": "Feature", "geometry": {"type": "LineString", "coordinates": [[-84.3875403, 33.7632787], [-84.387544, 33.7631273]]}, "properties": {"surface": "paving_stones", "highway": "footway"}}, {"type": "Feature", "geometry": {"type": "LineString", "coordinates": [[-84.3876492, 33.7632791], [-84.3876527, 33.7627645], [-84.3876561, 33.7625471], [-84.387659, 33.7623579], [-84.3876397, 33.7623339]]}, "properties": {"surface": "concrete", "highway": "footway"}}, {"type": "Feature", "geometry": {"type": "LineString", "coordinates": [[-84.3866647, 33.7635019], [-84.3866981, 33.7635199]]}, "properties": {"surface": "paving_stones", "highway": "footway"}}, {"type": "Feature", "geometry": {"type": "LineString", "coordinates": [[-84.3866981, 33.7635199], [-84.3867115, 33.7635272], [-84.3867296, 33.7635322], [-84.3867504, 33.7635339], [-84.3867648, 33.7635302], [-84.3867752, 33.7635252], [-84.3867884, 33.7635094]]}, "properties": {"surface": "paving_stones", "highway": "footway"}}, {"type": "Feature", "geometry": {"type": "LineString", "coordinates": [[-84.3891323, 33.7632843], [-84.3891146, 33.7632842], [-84.3891044, 33.7632808], [-84.3890945, 33.7632726], [-84.3890903, 33.7632641], [-84.3890909, 33.7632544]]}, "properties": {"surface": "concrete", "highway": "footway"}}, {"type": "Feature", "geometry": {"type": "LineString", "coordinates": [[-84.3888905, 33.7644286], [-84.3888683, 33.764428]]}, "properties": {"surface": "concrete", "highway": "footway"}}, {"type": "Feature", "geometry": {"type": "LineString", "coordinates": [[-84.3888014, 33.7645119], [-84.3888016, 33.764466]]}, "properties": {"surface": "concrete", "highway": "footway"}}, {"type": "Feature", "geometry": {"type": "LineString", "coordinates": [[-84.3888013, 33.7645451], [-84.3888013, 33.7645295]]}, "properties": {"surface": "concrete", "highway": "footway"}}, {"type": "Feature", "geometry": {"type": "LineString", "coordinates": [[-84.391754, 33.7639549], [-84.3910141, 33.7639579], [-84.3909437, 33.7639564], [-84.3905454, 33.7639586], [-84.3905047, 33.7639557]]}, "properties": {"surface": "concrete", "highway": "footway"}}, {"type": "Feature", "geometry": {"type": "LineString", "coordinates": [[-84.3902211, 33.7640952], [-84.3902222, 33.7642048], [-84.3902223, 33.7642217], [-84.3902236, 33.7645298], [-84.3902031, 33.76455]]}, "properties": {"surface": "concrete", "highway": "footway"}}, {"type": "Feature", "geometry": {"type": "LineString", "coordinates": [[-84.3890827, 33.7645458], [-84.3890814, 33.7643236], [-84.3890799, 33.7641034], [-84.3890818, 33.7640908], [-84.3890903, 33.7640804], [-84.3891064, 33.7640768], [-84.3891967, 33.7640766], [-84.3901988, 33.7640847], [-84.3902103, 33.7640874], [-84.3902211, 33.7640952]]}, "properties": {"surface": "concrete", "highway": "footway"}}, {"type": "Feature", "geometry": {"type": "LineString", "coordinates": [[-84.3896144, 33.7647508], [-84.389613, 33.7647966]]}, "properties": {"surface": "concrete", "highway": "footway"}}, {"type": "Feature", "geometry": {"type": "LineString", "coordinates": [[-84.3894843, 33.7647493], [-84.3894846, 33.7647952]]}, "properties": {"surface": "concrete", "highway": "footway"}}, {"type": "Feature", "geometry": {"type": "LineString", "coordinates": [[-84.3893582, 33.7647478], [-84.3893589, 33.7647938]]}, "properties": {"surface": "concrete", "highway": "footway"}}, {"type": "Feature", "geometry": {"type": "LineString", "coordinates": [[-84.3902105, 33.7647731], [-84.3902142, 33.7647872], [-84.3902114, 33.76536]]}, "properties": {"surface": "concrete", "highway": "footway"}}, {"type": "Feature", "geometry": {"type": "LineString", "coordinates": [[-84.3845085, 33.7534811], [-84.3847008, 33.7532945], [-84.3846937, 33.7532609]]}, "properties": {"surface": "", "highway": "footway"}}, {"type": "Feature", "geometry": {"type": "LineString", "coordinates": [[-84.388409, 33.7497579], [-84.3884071, 33.7497486], [-84.3884327, 33.7497443], [-84.3884411, 33.7497402], [-84.388445, 33.7497332], [-84.3884428, 33.7497273], [-84.3884359, 33.7497257], [-84.3884019, 33.7497308], [-84.3883723, 33.7497348], [-84.3883671, 33.7497381], [-84.3883652, 33.7497435], [-84.3883678, 33.7497481], [-84.3883772, 33.7497516], [-84.3884071, 33.7497486]]}, "properties": {"surface": "", "highway": "pedestrian"}}, {"type": "Feature", "geometry": {"type": "LineString", "coordinates": [[-84.3884409, 33.749945], [-84.3884499, 33.7499312]]}, "properties": {"surface": "", "highway": "footway"}}, {"type": "Feature", "geometry": {"type": "LineString", "coordinates": [[-84.3884499, 33.7499312], [-84.388469, 33.7499357]]}, "properties": {"surface": "", "highway": "footway"}}, {"type": "Feature", "geometry": {"type": "LineString", "coordinates": [[-84.3884499, 33.7499312], [-84.3888388, 33.7494442]]}, "properties": {"surface": "", "highway": "footway"}}, {"type": "Feature", "geometry": {"type": "LineString", "coordinates": [[-84.3844271, 33.7481769], [-84.3855423, 33.7485227]]}, "properties": {"surface": "concrete", "highway": "footway"}}, {"type": "Feature", "geometry": {"type": "LineString", "coordinates": [[-84.3855423, 33.7485227], [-84.3855857, 33.7485415]]}, "properties": {"surface": "", "highway": "footway"}}, {"type": "Feature", "geometry": {"type": "LineString", "coordinates": [[-84.3859052, 33.7538239], [-84.3856031, 33.7536075], [-84.3855082, 33.7535395], [-84.3854314, 33.7534845]]}, "properties": {"surface": "", "highway": "footway"}}, {"type": "Feature", "geometry": {"type": "LineString", "coordinates": [[-84.3765829, 33.7496959], [-84.376257, 33.7497978], [-84.3762115, 33.7499197]]}, "properties": {"surface": "", "highway": "footway"}}, {"type": "Feature", "geometry": {"type": "LineString", "coordinates": [[-84.3912966, 33.7532723], [-84.3912695, 33.7532856], [-84.3908454, 33.7534784], [-84.3907446, 33.7535242], [-84.3905922, 33.7535935], [-84.3904184, 33.753708]]}, "properties": {"surface": "", "highway": "footway"}}, {"type": "Feature", "geometry": {"type": "LineString", "coordinates": [[-84.3906207, 33.7532543], [-84.3906071, 33.7532739], [-84.3905443, 33.7533645]]}, "properties": {"surface": "", "highway": "pedestrian"}}, {"type": "Feature", "geometry": {"type": "LineString", "coordinates": [[-84.3905798, 33.7532302], [-84.3905644, 33.7532491], [-84.3904927, 33.753337]]}, "properties": {"surface": "", "highway": "pedestrian"}}, {"type": "Feature", "geometry": {"type": "LineString", "coordinates": [[-84.3907755, 33.7533713], [-84.3906313, 33.7532879], [-84.3906071, 33.7532739], [-84.3905878, 33.7532628], [-84.3905644, 33.7532491], [-84.3905269, 33.7532272], [-84.3903359, 33.7531155], [-84.3901111, 33.7529268], [-84.3900933, 33.7529118], [-84.3900696, 33.7528968], [-84.3900086, 33.7528582], [-84.389964, 33.75283]]}, "properties": {"surface": "", "highway": "pedestrian"}}, {"type": "Feature", "geometry": {"type": "LineString", "coordinates": [[-84.3906916, 33.7531685], [-84.3906463, 33.7531433], [-84.39061, 33.7531232], [-84.3905732, 33.7531027], [-84.3905855, 33.7530873]]}, "properties": {"surface": "", "highway": "pedestrian"}}, {"type": "Feature", "geometry": {"type": "LineString", "coordinates": [[-84.39074, 33.753108], [-84.3908113, 33.7530225]]}, "properties": {"surface": "", "highway": "pedestrian"}}, {"type": "Feature", "geometry": {"type": "LineString", "coordinates": [[-84.390693, 33.7530827], [-84.3907578, 33.7529917]]}, "properties": {"surface": "", "highway": "pedestrian"}}, {"type": "Feature", "geometry": {"type": "LineString", "coordinates": [[-84.3906596, 33.7530647], [-84.3907303, 33.7529725]]}, "properties": {"surface": "", "highway": "pedestrian"}}, {"type": "Feature", "geometry": {"type": "LineString", "coordinates": [[-84.3906193, 33.753043], [-84.3906898, 33.752955]]}, "properties": {"surface": "", "highway": "pedestrian"}}, {"type": "Feature", "geometry": {"type": "LineString", "coordinates": [[-84.3905203, 33.753484], [-84.3905137, 33.7534808], [-84.3904722, 33.7534604], [-84.3904163, 33.7534329], [-84.3902637, 33.7533579], [-84.3900088, 33.7530319], [-84.3899877, 33.7530219], [-84.3899296, 33.7529942], [-84.3898601, 33.7529611]]}, "properties": {"surface": "", "highway": "pedestrian"}}, {"type": "Feature", "geometry": {"type": "LineString", "coordinates": [[-84.3904501, 33.7533921], [-84.3904163, 33.7534329], [-84.3902399, 33.7536049], [-84.390235, 33.7536097]]}, "properties": {"surface": "", "highway": "pedestrian"}}, {"type": "Feature", "geometry": {"type": "LineString", "coordinates": [[-84.3905037, 33.753419], [-84.3904722, 33.7534604], [-84.3904244, 33.753523], [-84.3904177, 33.7535318]]}, "properties": {"surface": "", "highway": "pedestrian"}}, {"type": "Feature", "geometry": {"type": "LineString", "coordinates": [[-84.3902637, 33.7533579], [-84.3901205, 33.753541], [-84.3901157, 33.7535471]]}, "properties": {"surface": "", "highway": "pedestrian"}}, {"type": "Feature", "geometry": {"type": "LineString", "coordinates": [[-84.390554, 33.7530856], [-84.3904595, 33.753036], [-84.3904742, 33.753017], [-84.3902871, 33.752918]]}, "properties": {"surface": "", "highway": "pedestrian"}}, {"type": "Feature", "geometry": {"type": "LineString", "coordinates": [[-84.3875634, 33.771136], [-84.3875626, 33.7711201]]}, "properties": {"surface": "", "highway": "footway"}}, {"type": "Feature", "geometry": {"type": "LineString", "coordinates": [[-84.3875626, 33.7711201], [-84.3875383, 33.7711239]]}, "properties": {"surface": "", "highway": "footway"}}, {"type": "Feature", "geometry": {"type": "LineString", "coordinates": [[-84.3873326, 33.7711575], [-84.3873011, 33.771163]]}, "properties": {"surface": "", "highway": "footway"}}, {"type": "Feature", "geometry": {"type": "LineString", "coordinates": [[-84.3873011, 33.771163], [-84.3873023, 33.7711984]]}, "properties": {"surface": "", "highway": "footway"}}, {"type": "Feature", "geometry": {"type": "LineString", "coordinates": [[-84.3875626, 33.7711201], [-84.3876386, 33.7711207], [-84.3877712, 33.7711218], [-84.3879029, 33.7711228], [-84.3880337, 33.7711238], [-84.3881992, 33.7711252]]}, "properties": {"surface": "", "highway": "footway"}}, {"type": "Feature", "geometry": {"type": "LineString", "coordinates": [[-84.3887858, 33.7700684], [-84.3887792, 33.770096], [-84.3887679, 33.7702285], [-84.3887634, 33.7702813], [-84.3887552, 33.7703773], [-84.3887541, 33.7704342], [-84.3887413, 33.77111], [-84.3887371, 33.7711213], [-84.3887488, 33.771126]]}, "properties": {"surface": "concrete", "highway": "footway"}}, {"type": "Feature", "geometry": {"type": "LineString", "coordinates": [[-84.3850402, 33.7698731], [-84.3850135, 33.7698866]]}, "properties": {"surface": "asphalt", "highway": "footway"}}, {"type": "Feature", "geometry": {"type": "LineString", "coordinates": [[-84.3850322, 33.7697784], [-84.3850311, 33.7697657]]}, "properties": {"surface": "", "highway": "footway"}}, {"type": "Feature", "geometry": {"type": "LineString", "coordinates": [[-84.3850642, 33.7697246], [-84.3850751, 33.7697256]]}, "properties": {"surface": "", "highway": "footway"}}, {"type": "Feature", "geometry": {"type": "LineString", "coordinates": [[-84.385263, 33.7698606], [-84.3852619, 33.7698823]]}, "properties": {"surface": "", "highway": "footway"}}, {"type": "Feature", "geometry": {"type": "LineString", "coordinates": [[-84.3852392, 33.7697424], [-84.3852679, 33.7697456], [-84.3852671, 33.7697681]]}, "properties": {"surface": "", "highway": "footway"}}, {"type": "Feature", "geometry": {"type": "LineString", "coordinates": [[-84.3852471, 33.7698826], [-84.3852274, 33.7698817]]}, "properties": {"surface": "asphalt", "highway": "footway"}}, {"type": "Feature", "geometry": {"type": "LineString", "coordinates": [[-84.3851641, 33.768547], [-84.3851628, 33.7685386]]}, "properties": {"surface": "", "highway": "footway"}}, {"type": "Feature", "geometry": {"type": "LineString", "coordinates": [[-84.385145, 33.7686506], [-84.3851545, 33.7686427]]}, "properties": {"surface": "", "highway": "footway"}}, {"type": "Feature", "geometry": {"type": "LineString", "coordinates": [[-84.3853779, 33.7683145], [-84.3854081, 33.7683167]]}, "properties": {"surface": "", "highway": "footway"}}, {"type": "Feature", "geometry": {"type": "LineString", "coordinates": [[-84.3852124, 33.7683025], [-84.3852407, 33.7683043]]}, "properties": {"surface": "", "highway": "footway"}}, {"type": "Feature", "geometry": {"type": "LineString", "coordinates": [[-84.3853017, 33.7672969], [-84.3852809, 33.7672994]]}, "properties": {"surface": "", "highway": "footway"}}, {"type": "Feature", "geometry": {"type": "LineString", "coordinates": [[-84.3854603, 33.7674629], [-84.385479, 33.7674591]]}, "properties": {"surface": "", "highway": "footway"}}, {"type": "Feature", "geometry": {"type": "LineString", "coordinates": [[-84.3855604, 33.7674274], [-84.3855574, 33.7674047]]}, "properties": {"surface": "", "highway": "footway"}}, {"type": "Feature", "geometry": {"type": "LineString", "coordinates": [[-84.3852704, 33.7673662], [-84.3852759, 33.7673718]]}, "properties": {"surface": "", "highway": "footway"}}, {"type": "Feature", "geometry": {"type": "LineString", "coordinates": [[-84.3981522, 33.7571762], [-84.3986437, 33.7571808], [-84.3989925, 33.757184], [-84.399009, 33.7571842], [-84.3990272, 33.757185], [-84.3991136, 33.7571852]]}, "properties": {"surface": "paving_stones", "highway": "pedestrian"}}, {"type": "Feature", "geometry": {"type": "LineString", "coordinates": [[-84.3859426, 33.7711308], [-84.3859429, 33.7711805]]}, "properties": {"surface": "concrete", "highway": "footway"}}, {"type": "Feature", "geometry": {"type": "LineString", "coordinates": [[-84.3863488, 33.7711328], [-84.3863491, 33.7711783]]}, "properties": {"surface": "concrete", "highway": "footway"}}, {"type": "Feature", "geometry": {"type": "LineString", "coordinates": [[-84.386023, 33.7711095], [-84.38599, 33.7711306]]}, "properties": {"surface": "concrete", "highway": "footway"}}, {"type": "Feature", "geometry": {"type": "LineString", "coordinates": [[-84.3862558, 33.7711115], [-84.3862897, 33.7711325]]}, "properties": {"surface": "concrete", "highway": "footway"}}, {"type": "Feature", "geometry": {"type": "LineString", "coordinates": [[-84.3857207, 33.7708637], [-84.3858575, 33.770865]]}, "properties": {"surface": "concrete", "highway": "footway"}}, {"type": "Feature", "geometry": {"type": "LineString", "coordinates": [[-84.3861273, 33.7711104], [-84.3861273, 33.7710933]]}, "properties": {"surface": "concrete", "highway": "footway"}}, {"type": "Feature", "geometry": {"type": "LineString", "coordinates": [[-84.3865551, 33.7708741], [-84.3864253, 33.7708735]]}, "properties": {"surface": "concrete", "highway": "footway"}}, {"type": "Feature", "geometry": {"type": "LineString", "coordinates": [[-84.3856804, 33.7710971], [-84.3856349, 33.7710607]]}, "properties": {"surface": "concrete", "highway": "footway"}}, {"type": "Feature", "geometry": {"type": "LineString", "coordinates": [[-84.385679, 33.7711941], [-84.3856794, 33.7711723], [-84.3856797, 33.77115]]}, "properties": {"surface": "concrete", "highway": "footway"}}, {"type": "Feature", "geometry": {"type": "LineString", "coordinates": [[-84.3855347, 33.7711422], [-84.3855284, 33.7711473], [-84.3852928, 33.7711457]]}, "properties": {"surface": "concrete", "highway": "footway"}}, {"type": "Feature", "geometry": {"type": "LineString", "coordinates": [[-84.3854167, 33.7710419], [-84.3855347, 33.7711422], [-84.3856349, 33.7710607], [-84.385799, 33.7709274]]}, "properties": {"surface": "concrete", "highway": "footway"}}, {"type": "Feature", "geometry": {"type": "LineString", "coordinates": [[-84.3854249, 33.7710351], [-84.3854167, 33.7710419], [-84.3853237, 33.7711196]]}, "properties": {"surface": "concrete", "highway": "footway"}}, {"type": "Feature", "geometry": {"type": "LineString", "coordinates": [[-84.3856302, 33.7708636], [-84.3854384, 33.7710238]]}, "properties": {"surface": "concrete", "highway": "footway"}}, {"type": "Feature", "geometry": {"type": "LineString", "coordinates": [[-84.385307, 33.7711336], [-84.3852928, 33.7711457], [-84.3852654, 33.7711685], [-84.3852658, 33.771191]]}, "properties": {"surface": "concrete", "highway": "footway"}}, {"type": "Feature", "geometry": {"type": "LineString", "coordinates": [[-84.38673, 33.771014], [-84.3867628, 33.7710001], [-84.3867769, 33.7709884], [-84.3867823, 33.7709706], [-84.3867762, 33.7709494], [-84.3867568, 33.7709274], [-84.3867367, 33.7709115], [-84.3867152, 33.7708952]]}, "properties": {"surface": "concrete", "highway": "footway"}}, {"type": "Feature", "geometry": {"type": "LineString", "coordinates": [[-84.3873047, 33.7708771], [-84.3872497, 33.7708769], [-84.3870344, 33.770876]]}, "properties": {"surface": "concrete", "highway": "footway"}}, {"type": "Feature", "geometry": {"type": "LineString", "coordinates": [[-84.3849141, 33.7710673], [-84.3848413, 33.7710625]]}, "properties": {"surface": "concrete", "highway": "footway"}}, {"type": "Feature", "geometry": {"type": "LineString", "coordinates": [[-84.3841652, 33.771154], [-84.3841643, 33.7708234]]}, "properties": {"surface": "concrete", "highway": "footway"}}, {"type": "Feature", "geometry": {"type": "LineString", "coordinates": [[-84.3841653, 33.7711962], [-84.3841652, 33.771154]]}, "properties": {"surface": "concrete", "highway": "footway"}}, {"type": "Feature", "geometry": {"type": "LineString", "coordinates": [[-84.3849241, 33.770939], [-84.3848207, 33.7709314]]}, "properties": {"surface": "concrete", "highway": "footway"}}, {"type": "Feature", "geometry": {"type": "LineString", "coordinates": [[-84.3850013, 33.7700472], [-84.3849594, 33.7700486]]}, "properties": {"surface": "concrete", "highway": "footway"}}, {"type": "Feature", "geometry": {"type": "LineString", "coordinates": [[-84.3850781, 33.7694917], [-84.3850125, 33.7694923]]}, "properties": {"surface": "", "highway": "footway"}}, {"type": "Feature", "geometry": {"type": "LineString", "coordinates": [[-84.3841787, 33.7685668], [-84.3841765, 33.7685586]]}, "properties": {"surface": "concrete", "highway": "footway"}}, {"type": "Feature", "geometry": {"type": "LineString", "coordinates": [[-84.3839844, 33.7686679], [-84.3839846, 33.7686792]]}, "properties": {"surface": "concrete", "highway": "footway"}}, {"type": "Feature", "geometry": {"type": "LineString", "coordinates": [[-84.3839594, 33.7685495], [-84.383977, 33.7685548], [-84.3839733, 33.7685388]]}, "properties": {"surface": "concrete", "highway": "footway"}}, {"type": "Feature", "geometry": {"type": "LineString", "coordinates": [[-84.3841576, 33.7685482], [-84.384146, 33.7685497]]}, "properties": {"surface": "concrete", "highway": "footway"}}, {"type": "Feature", "geometry": {"type": "LineString", "coordinates": [[-84.3839846, 33.7686792], [-84.3840001, 33.76868]]}, "properties": {"surface": "concrete", "highway": "footway"}}, {"type": "Feature", "geometry": {"type": "LineString", "coordinates": [[-84.3839846, 33.7686792], [-84.3839843, 33.7688451], [-84.3839835, 33.7692698], [-84.3839777, 33.7697813]]}, "properties": {"surface": "concrete", "highway": "footway"}}, {"type": "Feature", "geometry": {"type": "LineString", "coordinates": [[-84.3839984, 33.7685519], [-84.383977, 33.7685548], [-84.3839817, 33.7685717]]}, "properties": {"surface": "concrete", "highway": "footway"}}, {"type": "Feature", "geometry": {"type": "LineString", "coordinates": [[-84.3839979, 33.7675286], [-84.3839827, 33.7681734], [-84.383974, 33.7681902], [-84.3839733, 33.7685168], [-84.3839733, 33.7685388]]}, "properties": {"surface": "concrete", "highway": "footway"}}, {"type": "Feature", "geometry": {"type": "LineString", "coordinates": [[-84.3850479, 33.769156], [-84.3850298, 33.7691558]]}, "properties": {"surface": "concrete", "highway": "footway"}}, {"type": "Feature", "geometry": {"type": "LineString", "coordinates": [[-84.3851042, 33.7691567], [-84.3850636, 33.7691562]]}, "properties": {"surface": "concrete", "highway": "footway"}}, {"type": "Feature", "geometry": {"type": "LineString", "coordinates": [[-84.3841886, 33.7697881], [-84.3841792, 33.7697715], [-84.384165, 33.7697614]]}, "properties": {"surface": "", "highway": "footway"}}, {"type": "Feature", "geometry": {"type": "LineString", "coordinates": [[-84.3841973, 33.7674013], [-84.3841574, 33.7674014]]}, "properties": {"surface": "concrete", "highway": "footway"}}, {"type": "Feature", "geometry": {"type": "LineString", "coordinates": [[-84.3841973, 33.7674056], [-84.3841968, 33.767416]]}, "properties": {"surface": "concrete", "highway": "footway"}}, {"type": "Feature", "geometry": {"type": "LineString", "coordinates": [[-84.3841853, 33.7675545], [-84.3841532, 33.7675544]]}, "properties": {"surface": "concrete", "highway": "footway"}}, {"type": "Feature", "geometry": {"type": "LineString", "coordinates": [[-84.3841922, 33.7675307], [-84.3841939, 33.7674884]]}, "properties": {"surface": "concrete", "highway": "footway"}}, {"type": "Feature", "geometry": {"type": "LineString", "coordinates": [[-84.385226, 33.7681445], [-84.3852231, 33.7681445]]}, "properties": {"surface": "concrete", "highway": "footway"}}, {"type": "Feature", "geometry": {"type": "LineString", "coordinates": [[-84.4025825, 33.7602081], [-84.4025879, 33.759654], [-84.4026294, 33.7595187], [-84.402628, 33.7593991], [-84.4026266, 33.7591112], [-84.4025922, 33.7590028]]}, "properties": {"surface": "", "highway": "footway"}}, {"type": "Feature", "geometry": {"type": "LineString", "coordinates": [[-84.3883337, 33.7711262], [-84.3887259, 33.7711291], [-84.3887371, 33.7711213]]}, "properties": {"surface": "", "highway": "footway"}}, {"type": "Feature", "geometry": {"type": "LineString", "coordinates": [[-84.3881992, 33.7711252], [-84.3882683, 33.7711257], [-84.3883337, 33.7711262]]}, "properties": {"surface": "", "highway": "footway"}}, {"type": "Feature", "geometry": {"type": "LineString", "coordinates": [[-84.387566, 33.7707183], [-84.3875851, 33.7707184]]}, "properties": {"surface": "concrete", "highway": "footway"}}, {"type": "Feature", "geometry": {"type": "LineString", "coordinates": [[-84.3887905, 33.769714], [-84.3887886, 33.7699909]]}, "properties": {"surface": "concrete", "highway": "footway"}}, {"type": "Feature", "geometry": {"type": "LineString", "coordinates": [[-84.389002, 33.7696459], [-84.3890051, 33.7696163]]}, "properties": {"surface": "concrete", "highway": "footway"}}, {"type": "Feature", "geometry": {"type": "LineString", "coordinates": [[-84.3887932, 33.7696924], [-84.3887905, 33.769714], [-84.3888171, 33.7697147]]}, "properties": {"surface": "concrete", "highway": "footway"}}, {"type": "Feature", "geometry": {"type": "LineString", "coordinates": [[-84.3889348, 33.7697259], [-84.3889928, 33.7697329], [-84.3889996, 33.7697024]]}, "properties": {"surface": "concrete", "highway": "footway"}}, {"type": "Feature", "geometry": {"type": "LineString", "coordinates": [[-84.3888057, 33.7695344], [-84.3887751, 33.7695332], [-84.3887971, 33.7688926], [-84.3888145, 33.7687234], [-84.3888192, 33.7683724], [-84.388815, 33.7683326], [-84.3888023, 33.7682854], [-84.3887829, 33.7682328], [-84.3887523, 33.7681794], [-84.3887023, 33.7681186], [-84.3882264, 33.7676722], [-84.3881706, 33.7676293], [-84.3881174, 33.7676061], [-84.3880758, 33.7675974], [-84.3880023, 33.7676001]]}, "properties": {"surface": "concrete", "highway": "footway"}}, {"type": "Feature", "geometry": {"type": "LineString", "coordinates": [[-84.3890069, 33.7695402], [-84.3890042, 33.7695159], [-84.3889562, 33.7695219]]}, "properties": {"surface": "concrete", "highway": "footway"}}, {"type": "Feature", "geometry": {"type": "LineString", "coordinates": [[-84.3890409, 33.7693525], [-84.3890427, 33.769339]]}, "properties": {"surface": "concrete", "highway": "footway"}}, {"type": "Feature", "geometry": {"type": "LineString", "coordinates": [[-84.3890042, 33.7695159], [-84.3890058, 33.7694222]]}, "properties": {"surface": "concrete", "highway": "footway"}}, {"type": "Feature", "geometry": {"type": "LineString", "coordinates": [[-84.3889928, 33.7697329], [-84.3889814, 33.7697746], [-84.3889937, 33.7697844]]}, "properties": {"surface": "concrete", "highway": "footway"}}, {"type": "Feature", "geometry": {"type": "LineString", "coordinates": [[-84.389033, 33.7698137], [-84.389038, 33.7698223], [-84.3889934, 33.7698607], [-84.3889716, 33.769892], [-84.3889579, 33.7699223], [-84.3889577, 33.7699913], [-84.3889578, 33.770041], [-84.3889542, 33.7704043], [-84.3889502, 33.7708047], [-84.3889498, 33.7708372], [-84.3889492, 33.7708928], [-84.3889438, 33.771072], [-84.3889559, 33.7710923], [-84.3889798, 33.7711087]]}, "properties": {"surface": "concrete", "highway": "footway"}}, {"type": "Feature", "geometry": {"type": "LineString", "coordinates": [[-84.3873513, 33.7697094], [-84.3873261, 33.769711]]}, "properties": {"surface": "concrete", "highway": "footway"}}, {"type": "Feature", "geometry": {"type": "LineString", "coordinates": [[-84.3873255, 33.7697266], [-84.3873253, 33.7697404]]}, "properties": {"surface": "concrete", "highway": "footway"}}, {"type": "Feature", "geometry": {"type": "LineString", "coordinates": [[-84.3873297, 33.769825], [-84.3873251, 33.7698366]]}, "properties": {"surface": "concrete", "highway": "footway"}}, {"type": "Feature", "geometry": {"type": "LineString", "coordinates": [[-84.3873357, 33.7698557], [-84.3873701, 33.7698587]]}, "properties": {"surface": "concrete", "highway": "footway"}}, {"type": "Feature", "geometry": {"type": "LineString", "coordinates": [[-84.3875128, 33.7698726], [-84.3875488, 33.7698762]]}, "properties": {"surface": "concrete", "highway": "footway"}}, {"type": "Feature", "geometry": {"type": "LineString", "coordinates": [[-84.3875488, 33.7698762], [-84.3875537, 33.7698495]]}, "properties": {"surface": "concrete", "highway": "footway"}}, {"type": "Feature", "geometry": {"type": "LineString", "coordinates": [[-84.3875606, 33.7696969], [-84.3875868, 33.7696566]]}, "properties": {"surface": "concrete", "highway": "footway"}}, {"type": "Feature", "geometry": {"type": "LineString", "coordinates": [[-84.3875868, 33.7696566], [-84.3875425, 33.7696551]]}, "properties": {"surface": "concrete", "highway": "footway"}}, {"type": "Feature", "geometry": {"type": "LineString", "coordinates": [[-84.3886311, 33.7683577], [-84.3886126, 33.7683575]]}, "properties": {"surface": "concrete", "highway": "footway"}}, {"type": "Feature", "geometry": {"type": "LineString", "coordinates": [[-84.388613, 33.7683263], [-84.3886314, 33.7683265]]}, "properties": {"surface": "paving_stones", "highway": "footway"}}, {"type": "Feature", "geometry": {"type": "LineString", "coordinates": [[-84.3886126, 33.7683575], [-84.3886119, 33.7684196]]}, "properties": {"surface": "concrete", "highway": "footway"}}, {"type": "Feature", "geometry": {"type": "LineString", "coordinates": [[-84.3885926, 33.7683262], [-84.388613, 33.7683263]]}, "properties": {"surface": "paving_stones", "highway": "footway"}}, {"type": "Feature", "geometry": {"type": "LineString", "coordinates": [[-84.3880711, 33.7683378], [-84.3880843, 33.7683226], [-84.3885926, 33.7683262]]}, "properties": {"surface": "paving_stones", "highway": "footway"}}, {"type": "Feature", "geometry": {"type": "LineString", "coordinates": [[-84.3880625, 33.7686735], [-84.3880412, 33.768663], [-84.3880164, 33.7686419], [-84.3880113, 33.7686262], [-84.3880109, 33.7686062]]}, "properties": {"surface": "concrete", "highway": "footway"}}, {"type": "Feature", "geometry": {"type": "LineString", "coordinates": [[-84.3877292, 33.7689594], [-84.3877016, 33.7689402]]}, "properties": {"surface": "concrete", "highway": "footway"}}, {"type": "Feature", "geometry": {"type": "LineString", "coordinates": [[-84.3877844, 33.7689717], [-84.3877845, 33.7689596], [-84.3877664, 33.7689595]]}, "properties": {"surface": "concrete", "highway": "footway"}}, {"type": "Feature", "geometry": {"type": "LineString", "coordinates": [[-84.3875973, 33.7689738], [-84.387608, 33.7689556], [-84.3876322, 33.7689406], [-84.3877016, 33.7689402], [-84.3878509, 33.7689392], [-84.3878819, 33.7689312], [-84.3879144, 33.7689147], [-84.3879287, 33.7689073], [-84.3879434, 33.768875], [-84.3879474, 33.7687745]]}, "properties": {"surface": "concrete", "highway": "footway"}}, {"type": "Feature", "geometry": {"type": "LineString", "coordinates": [[-84.3880158, 33.7683376], [-84.3880711, 33.7683378], [-84.388071, 33.7685574], [-84.3880854, 33.7685802]]}, "properties": {"surface": "concrete", "highway": "footway"}}, {"type": "Feature", "geometry": {"type": "LineString", "coordinates": [[-84.387579, 33.7683368], [-84.3879242, 33.7683375]]}, "properties": {"surface": "concrete", "highway": "footway"}}, {"type": "Feature", "geometry": {"type": "LineString", "coordinates": [[-84.3879242, 33.7683375], [-84.3879701, 33.7683379], [-84.3880158, 33.7683376]]}, "properties": {"surface": "asphalt", "highway": "footway"}}, {"type": "Feature", "geometry": {"type": "LineString", "coordinates": [[-84.3877095, 33.7696746], [-84.3877094, 33.7696082]]}, "properties": {"surface": "concrete", "highway": "footway"}}, {"type": "Feature", "geometry": {"type": "LineString", "coordinates": [[-84.3872879, 33.7674041], [-84.3872878, 33.767419]]}, "properties": {"surface": "concrete", "highway": "footway"}}, {"type": "Feature", "geometry": {"type": "LineString", "coordinates": [[-84.3865098, 33.7697], [-84.3865093, 33.7696762]]}, "properties": {"surface": "concrete", "highway": "footway"}}, {"type": "Feature", "geometry": {"type": "LineString", "coordinates": [[-84.3864516, 33.7697361], [-84.3864514, 33.7697281]]}, "properties": {"surface": "concrete", "highway": "footway"}}, {"type": "Feature", "geometry": {"type": "LineString", "coordinates": [[-84.3861994, 33.7696861], [-84.3861992, 33.7696663]]}, "properties": {"surface": "concrete", "highway": "footway"}}, {"type": "Feature", "geometry": {"type": "LineString", "coordinates": [[-84.3861324, 33.7697322], [-84.3861325, 33.7697417]]}, "properties": {"surface": "concrete", "highway": "footway"}}, {"type": "Feature", "geometry": {"type": "LineString", "coordinates": [[-84.3862659, 33.7697394], [-84.3862658, 33.7697304]]}, "properties": {"surface": "concrete", "highway": "footway"}}, {"type": "Feature", "geometry": {"type": "LineString", "coordinates": [[-84.3856978, 33.7696476], [-84.3856978, 33.7696056], [-84.3856499, 33.769606]]}, "properties": {"surface": "concrete", "highway": "footway"}}, {"type": "Feature", "geometry": {"type": "LineString", "coordinates": [[-84.3856978, 33.7696056], [-84.3858416, 33.7696042]]}, "properties": {"surface": "concrete", "highway": "footway"}}, {"type": "Feature", "geometry": {"type": "LineString", "coordinates": [[-84.3856658, 33.7697467], [-84.3856685, 33.7697231], [-84.3856756, 33.7696938], [-84.3856881, 33.7696645], [-84.3856978, 33.7696476]]}, "properties": {"surface": "concrete", "highway": "footway"}}, {"type": "Feature", "geometry": {"type": "LineString", "coordinates": [[-84.3861445, 33.7676143], [-84.3861439, 33.7675766]]}, "properties": {"surface": "concrete", "highway": "footway"}}, {"type": "Feature", "geometry": {"type": "LineString", "coordinates": [[-84.3861465, 33.7677367], [-84.3861456, 33.7676835]]}, "properties": {"surface": "concrete", "highway": "footway"}}, {"type": "Feature", "geometry": {"type": "LineString", "coordinates": [[-84.3855002, 33.768909], [-84.3854998, 33.7689037], [-84.3853698, 33.7689048], [-84.3853544, 33.7689042]]}, "properties": {"surface": "concrete", "highway": "footway"}}, {"type": "Feature", "geometry": {"type": "LineString", "coordinates": [[-84.3857436, 33.7684823], [-84.3856985, 33.7684828], [-84.3856966, 33.7683906], [-84.385699, 33.7683653], [-84.385708, 33.7683513], [-84.3857282, 33.7683355], [-84.3857391, 33.7683244], [-84.3857444, 33.7683128], [-84.3857399, 33.7682962], [-84.3857307, 33.768283], [-84.385723, 33.7682703], [-84.3857227, 33.7682592], [-84.3857239, 33.7682129]]}, "properties": {"surface": "concrete", "highway": "footway"}}, {"type": "Feature", "geometry": {"type": "LineString", "coordinates": [[-84.3856834, 33.76879], [-84.3856839, 33.7688262], [-84.3856342, 33.7688263]]}, "properties": {"surface": "concrete", "highway": "footway"}}, {"type": "Feature", "geometry": {"type": "LineString", "coordinates": [[-84.3856387, 33.7685819], [-84.3856521, 33.7685965], [-84.3856551, 33.7686091], [-84.3856645, 33.7686275], [-84.3856822, 33.7686436], [-84.3857077, 33.7686687], [-84.3857251, 33.7686885], [-84.3857265, 33.768708], [-84.3857265, 33.7687228], [-84.3857178, 33.7687409], [-84.3857027, 33.7687587], [-84.3856913, 33.7687752], [-84.3856834, 33.76879]]}, "properties": {"surface": "concrete", "highway": "footway"}}, {"type": "Feature", "geometry": {"type": "LineString", "coordinates": [[-84.3854928, 33.768494], [-84.3854124, 33.7684909], [-84.3853925, 33.7684905]]}, "properties": {"surface": "concrete", "highway": "footway"}}, {"type": "Feature", "geometry": {"type": "LineString", "coordinates": [[-84.3856342, 33.7688263], [-84.3856175, 33.7688264], [-84.3855035, 33.7688267], [-84.3854868, 33.7688228], [-84.3854734, 33.7688145], [-84.3854673, 33.7688014], [-84.385462, 33.7687838], [-84.3854623, 33.7687702], [-84.3854673, 33.7687537], [-84.3854811, 33.768744], [-84.3855055, 33.7687328], [-84.3855277, 33.7687336], [-84.3855505, 33.7687409], [-84.3855672, 33.7687479], [-84.3855863, 33.7687493], [-84.3856021, 33.7687434], [-84.3856145, 33.7687284], [-84.3856209, 33.7687133], [-84.3856162, 33.7686963], [-84.3856028, 33.7686785], [-84.3855179, 33.7685918], [-84.3855069, 33.7685695], [-84.3855022, 33.7685469], [-84.3854928, 33.768494], [-84.3854894, 33.7684627], [-84.3854898, 33.7684371], [-84.3854908, 33.7684207], [-84.3854992, 33.7683981], [-84.3855173, 33.7683727], [-84.3855401, 33.7683468], [-84.3855639, 33.7683131], [-84.3855823, 33.7682796], [-84.3855987, 33.7682626], [-84.385676, 33.7682318], [-84.3857017, 33.7682108]]}, "properties": {"surface": "concrete", "highway": "footway"}}, {"type": "Feature", "geometry": {"type": "LineString", "coordinates": [[-84.3856403, 33.7681851], [-84.3855451, 33.7681333], [-84.3854237, 33.7681319]]}, "properties": {"surface": "concrete", "highway": "footway"}}, {"type": "Feature", "geometry": {"type": "LineString", "coordinates": [[-84.3871217, 33.7683426], [-84.3871249, 33.7685262]]}, "properties": {"surface": "concrete", "highway": "footway"}}, {"type": "Feature", "geometry": {"type": "LineString", "coordinates": [[-84.387342, 33.7683426], [-84.3872547, 33.7683426]]}, "properties": {"surface": "concrete", "highway": "footway"}}, {"type": "Feature", "geometry": {"type": "LineString", "coordinates": [[-84.385731, 33.7682136], [-84.3857239, 33.7682129], [-84.3857017, 33.7682108], [-84.3856765, 33.7681938], [-84.3856554, 33.7681888], [-84.3856403, 33.7681851], [-84.385419, 33.7681876]]}, "properties": {"surface": "concrete", "highway": "footway"}}, {"type": "Feature", "geometry": {"type": "LineString", "coordinates": [[-84.386512, 33.7682127], [-84.3864649, 33.7681963]]}, "properties": {"surface": "concrete", "highway": "footway"}}, {"type": "Feature", "geometry": {"type": "LineString", "coordinates": [[-84.3864649, 33.7681963], [-84.3864312, 33.7681857], [-84.3863897, 33.768181], [-84.3862884, 33.7681813]]}, "properties": {"surface": "concrete", "highway": "footway"}}, {"type": "Feature", "geometry": {"type": "LineString", "coordinates": [[-84.3862884, 33.7681813], [-84.3861534, 33.7681835], [-84.3860155, 33.7681865], [-84.3859917, 33.7681916], [-84.3859763, 33.7682094], [-84.385731, 33.7682136]]}, "properties": {"surface": "concrete", "highway": "footway"}}, {"type": "Feature", "geometry": {"type": "LineString", "coordinates": [[-84.3871217, 33.7683426], [-84.3867011, 33.7683493], [-84.3866679, 33.7683454], [-84.3866391, 33.7683343], [-84.3866123, 33.7683134], [-84.3865925, 33.768288], [-84.3865771, 33.7682615], [-84.3865563, 33.7682381], [-84.3865288, 33.7682194], [-84.386512, 33.7682127]]}, "properties": {"surface": "concrete", "highway": "footway"}}, {"type": "Feature", "geometry": {"type": "LineString", "coordinates": [[-84.3861442, 33.7675617], [-84.386144, 33.7675686], [-84.3861439, 33.7675766]]}, "properties": {"surface": "concrete", "highway": "footway"}}, {"type": "Feature", "geometry": {"type": "LineString", "coordinates": [[-84.3858867, 33.7675873], [-84.3858859, 33.7675626], [-84.3858851, 33.7675352]]}, "properties": {"surface": "concrete", "highway": "footway"}}, {"type": "Feature", "geometry": {"type": "LineString", "coordinates": [[-84.3858851, 33.7675352], [-84.3858843, 33.7675095], [-84.3859288, 33.767509], [-84.3859274, 33.767473], [-84.3859266, 33.7674193]]}, "properties": {"surface": "concrete", "highway": "footway"}}, {"type": "Feature", "geometry": {"type": "LineString", "coordinates": [[-84.385707, 33.7677033], [-84.3857064, 33.7676706]]}, "properties": {"surface": "concrete", "highway": "footway"}}, {"type": "Feature", "geometry": {"type": "LineString", "coordinates": [[-84.3860825, 33.7679682], [-84.3860819, 33.7679795], [-84.3860725, 33.7679892], [-84.3860554, 33.767993]]}, "properties": {"surface": "concrete", "highway": "footway"}}, {"type": "Feature", "geometry": {"type": "LineString", "coordinates": [[-84.3861536, 33.7682023], [-84.3861534, 33.7681835], [-84.3861527, 33.7681335]]}, "properties": {"surface": "concrete", "highway": "footway"}}, {"type": "Feature", "geometry": {"type": "LineString", "coordinates": [[-84.3861507, 33.767985], [-84.3861508, 33.7679915]]}, "properties": {"surface": "concrete", "highway": "footway"}}, {"type": "Feature", "geometry": {"type": "LineString", "coordinates": [[-84.3861506, 33.7679762], [-84.3861507, 33.767985]]}, "properties": {"surface": "concrete", "highway": "footway"}}, {"type": "Feature", "geometry": {"type": "LineString", "coordinates": [[-84.3861344, 33.767968], [-84.3861339, 33.7679599], [-84.38613, 33.7679556], [-84.3861237, 33.7679538]]}, "properties": {"surface": "concrete", "highway": "footway"}}, {"type": "Feature", "geometry": {"type": "LineString", "coordinates": [[-84.3861645, 33.767976], [-84.3861506, 33.7679762], [-84.3861344, 33.7679764], [-84.3861344, 33.767968]]}, "properties": {"surface": "concrete", "highway": "footway"}}, {"type": "Feature", "geometry": {"type": "LineString", "coordinates": [[-84.3860588, 33.7677703], [-84.3861056, 33.7677702]]}, "properties": {"surface": "concrete", "highway": "footway"}}, {"type": "Feature", "geometry": {"type": "LineString", "coordinates": [[-84.3860165, 33.7677704], [-84.3860588, 33.7677703], [-84.3860598, 33.7678175]]}, "properties": {"surface": "concrete", "highway": "footway"}}, {"type": "Feature", "geometry": {"type": "LineString", "coordinates": [[-84.3860627, 33.7675594], [-84.3860628, 33.7675664]]}, "properties": {"surface": "concrete", "highway": "footway"}}, {"type": "Feature", "geometry": {"type": "LineString", "coordinates": [[-84.3862994, 33.7675977], [-84.386296, 33.7676044]]}, "properties": {"surface": "concrete", "highway": "footway"}}, {"type": "Feature", "geometry": {"type": "LineString", "coordinates": [[-84.3863724, 33.7679384], [-84.3863813, 33.7679383]]}, "properties": {"surface": "concrete", "highway": "footway"}}, {"type": "Feature", "geometry": {"type": "LineString", "coordinates": [[-84.3863363, 33.7677708], [-84.3863801, 33.7677708], [-84.3864037, 33.7677709]]}, "properties": {"surface": "concrete", "highway": "footway"}}, {"type": "Feature", "geometry": {"type": "LineString", "coordinates": [[-84.3863809, 33.7678157], [-84.3863813, 33.7679383], [-84.386382, 33.7680196], [-84.3864268, 33.7680193]]}, "properties": {"surface": "concrete", "highway": "footway"}}, {"type": "Feature", "geometry": {"type": "LineString", "coordinates": [[-84.3863786, 33.7677262], [-84.3863801, 33.7677708], [-84.3863809, 33.7678157]]}, "properties": {"surface": "concrete", "highway": "footway"}}, {"type": "Feature", "geometry": {"type": "LineString", "coordinates": [[-84.3862453, 33.767956], [-84.38628, 33.7679504]]}, "properties": {"surface": "concrete", "highway": "footway"}}, {"type": "Feature", "geometry": {"type": "LineString", "coordinates": [[-84.3857121, 33.7679873], [-84.3859141, 33.767985]]}, "properties": {"surface": "concrete", "highway": "footway"}}, {"type": "Feature", "geometry": {"type": "LineString", "coordinates": [[-84.3863006, 33.7675708], [-84.3862994, 33.7675977]]}, "properties": {"surface": "concrete", "highway": "footway"}}, {"type": "Feature", "geometry": {"type": "LineString", "coordinates": [[-84.3861176, 33.7675658], [-84.386144, 33.7675686], [-84.3861637, 33.7675708]]}, "properties": {"surface": "concrete", "highway": "footway"}}, {"type": "Feature", "geometry": {"type": "LineString", "coordinates": [[-84.3861443, 33.7675571], [-84.3861442, 33.7675617]]}, "properties": {"surface": "concrete", "highway": "footway"}}, {"type": "Feature", "geometry": {"type": "LineString", "coordinates": [[-84.3861637, 33.7675708], [-84.3862141, 33.7675795], [-84.3862499, 33.7675887], [-84.386296, 33.7676044], [-84.3863395, 33.7676286], [-84.3863541, 33.7676403], [-84.3863664, 33.7676548], [-84.3863779, 33.7676857], [-84.3863786, 33.7677262]]}, "properties": {"surface": "concrete", "highway": "footway"}}, {"type": "Feature", "geometry": {"type": "LineString", "coordinates": [[-84.3863531, 33.7679387], [-84.3863724, 33.7679384]]}, "properties": {"surface": "concrete", "highway": "footway"}}, {"type": "Feature", "geometry": {"type": "LineString", "coordinates": [[-84.3859065, 33.7676175], [-84.3859327, 33.7676174], [-84.3859312, 33.7675776], [-84.3859307, 33.767562], [-84.3859301, 33.767546], [-84.3859288, 33.767509]]}, "properties": {"surface": "concrete", "highway": "footway"}}, {"type": "Feature", "geometry": {"type": "LineString", "coordinates": [[-84.3860628, 33.7675664], [-84.3860204, 33.7675675], [-84.3859957, 33.7675611]]}, "properties": {"surface": "concrete", "highway": "footway"}}, {"type": "Feature", "geometry": {"type": "LineString", "coordinates": [[-84.3861176, 33.7675658], [-84.3860628, 33.7675664]]}, "properties": {"surface": "concrete", "highway": "footway"}}, {"type": "Feature", "geometry": {"type": "LineString", "coordinates": [[-84.3861821, 33.767526], [-84.3862525, 33.7675257]]}, "properties": {"surface": "concrete", "highway": "footway"}}, {"type": "Feature", "geometry": {"type": "LineString", "coordinates": [[-84.3863006, 33.7675708], [-84.3862703, 33.7675619], [-84.3862521, 33.76754], [-84.3862525, 33.7675257], [-84.3862529, 33.7675134], [-84.3862723, 33.7674922], [-84.3863031, 33.7674845], [-84.3863333, 33.7674934], [-84.3863515, 33.7675153], [-84.3863508, 33.767542], [-84.3863313, 33.7675631], [-84.3863006, 33.7675708]]}, "properties": {"surface": "concrete", "highway": "footway"}}, {"type": "Feature", "geometry": {"type": "LineString", "coordinates": [[-84.3861443, 33.7675571], [-84.3861216, 33.7675505], [-84.3861078, 33.7675341], [-84.3861082, 33.7675141], [-84.3861228, 33.7674981], [-84.3861458, 33.7674923], [-84.3861686, 33.7674988], [-84.3861824, 33.7675152], [-84.3861821, 33.767526], [-84.3861819, 33.7675353], [-84.3861674, 33.7675512], [-84.3861443, 33.7675571]]}, "properties": {"surface": "concrete", "highway": "footway"}}, {"type": "Feature", "geometry": {"type": "LineString", "coordinates": [[-84.3860614, 33.7674167], [-84.3860615, 33.767472], [-84.3860627, 33.7675594]]}, "properties": {"surface": "concrete", "highway": "footway"}}, {"type": "Feature", "geometry": {"type": "LineString", "coordinates": [[-84.3862451, 33.7679476], [-84.3862177, 33.767948], [-84.3862012, 33.7679553], [-84.3861972, 33.7679638], [-84.3861969, 33.7679756], [-84.3861645, 33.767976]]}, "properties": {"surface": "concrete", "highway": "footway"}}, {"type": "Feature", "geometry": {"type": "LineString", "coordinates": [[-84.3862418, 33.7677706], [-84.3862451, 33.7679476], [-84.3862453, 33.767956], [-84.3862458, 33.7679867]]}, "properties": {"surface": "concrete", "highway": "footway"}}, {"type": "Feature", "geometry": {"type": "LineString", "coordinates": [[-84.3861882, 33.7677705], [-84.3862418, 33.7677706], [-84.3862733, 33.7677707]]}, "properties": {"surface": "concrete", "highway": "footway"}}, {"type": "Feature", "geometry": {"type": "LineString", "coordinates": [[-84.3861056, 33.7677702], [-84.3861049, 33.7677373], [-84.3861465, 33.7677367], [-84.3861875, 33.7677361], [-84.3861882, 33.7677705], [-84.3861888, 33.7678029], [-84.3861063, 33.767804], [-84.3861056, 33.7677702]]}, "properties": {"surface": "concrete", "highway": "footway"}}, {"type": "Feature", "geometry": {"type": "LineString", "coordinates": [[-84.3857427, 33.7677689], [-84.3859097, 33.7677701], [-84.3859448, 33.7677701]]}, "properties": {"surface": "concrete", "highway": "footway"}}, {"type": "Feature", "geometry": {"type": "LineString", "coordinates": [[-84.38585, 33.7675631], [-84.3858859, 33.7675626], [-84.3859071, 33.7675623], [-84.3859307, 33.767562], [-84.3859668, 33.7675615], [-84.3859774, 33.7675613], [-84.3859957, 33.7675611]]}, "properties": {"surface": "concrete", "highway": "footway"}}, {"type": "Feature", "geometry": {"type": "LineString", "coordinates": [[-84.3857076, 33.7677384], [-84.385707, 33.7677033]]}, "properties": {"surface": "concrete", "highway": "footway"}}, {"type": "Feature", "geometry": {"type": "LineString", "coordinates": [[-84.3854528, 33.767767], [-84.3855005, 33.7677673], [-84.3856705, 33.7677685]]}, "properties": {"surface": "concrete", "highway": "footway"}}, {"type": "Feature", "geometry": {"type": "LineString", "coordinates": [[-84.3857087, 33.7677986], [-84.3856887, 33.7677946], [-84.3856747, 33.7677824], [-84.3856705, 33.7677685], [-84.3856784, 33.7677501], [-84.385695, 33.7677404], [-84.3857076, 33.7677384], [-84.3857152, 33.7677396], [-84.3857328, 33.767748], [-84.3857421, 33.767763], [-84.3857427, 33.7677689], [-84.3857402, 33.7677798], [-84.3857276, 33.7677931], [-84.3857087, 33.7677986]]}, "properties": {"surface": "concrete", "highway": "footway"}}, {"type": "Feature", "geometry": {"type": "LineString", "coordinates": [[-84.3854337, 33.7680122], [-84.3855411, 33.7680101], [-84.3855454, 33.7679962], [-84.385558, 33.7679902], [-84.3855703, 33.7679881], [-84.3857121, 33.7679873], [-84.3857087, 33.7677986]]}, "properties": {"surface": "concrete", "highway": "footway"}}, {"type": "Feature", "geometry": {"type": "LineString", "coordinates": [[-84.3721467, 33.7614235], [-84.3721127, 33.7623105], [-84.3721036, 33.7627361], [-84.3720954, 33.7631213]]}, "properties": {"surface": "concrete", "highway": "footway"}}, {"type": "Feature", "geometry": {"type": "LineString", "coordinates": [[-84.4023568, 33.7579238], [-84.4023614, 33.757857], [-84.4025153, 33.7577078], [-84.4025155, 33.7576755], [-84.4025596, 33.7576481]]}, "properties": {"surface": "", "highway": "pedestrian"}}, {"type": "Feature", "geometry": {"type": "LineString", "coordinates": [[-84.4032236, 33.7567431], [-84.4029789, 33.7567706], [-84.4028496, 33.7567771], [-84.4027191, 33.7567842], [-84.4025674, 33.7567886], [-84.4022281, 33.7567606]]}, "properties": {"surface": "", "highway": "pedestrian"}}, {"type": "Feature", "geometry": {"type": "LineString", "coordinates": [[-84.3818658, 33.7685717], [-84.3817715, 33.7685103]]}, "properties": {"surface": "paving_stones", "highway": "footway"}}, {"type": "Feature", "geometry": {"type": "LineString", "coordinates": [[-84.3837628, 33.7685541], [-84.3837631, 33.7685285]]}, "properties": {"surface": "concrete", "highway": "footway"}}, {"type": "Feature", "geometry": {"type": "LineString", "coordinates": [[-84.3839733, 33.7685168], [-84.3839395, 33.7685171]]}, "properties": {"surface": "concrete", "highway": "footway"}}, {"type": "Feature", "geometry": {"type": "LineString", "coordinates": [[-84.3821322, 33.7674552], [-84.3821325, 33.7674678]]}, "properties": {"surface": "concrete", "highway": "footway"}}, {"type": "Feature", "geometry": {"type": "LineString", "coordinates": [[-84.3821344, 33.7675639], [-84.3821346, 33.7675759]]}, "properties": {"surface": "concrete", "highway": "footway"}}, {"type": "Feature", "geometry": {"type": "LineString", "coordinates": [[-84.3821346, 33.7675759], [-84.3821091, 33.7675769]]}, "properties": {"surface": "concrete", "highway": "footway"}}, {"type": "Feature", "geometry": {"type": "LineString", "coordinates": [[-84.3819228, 33.7675841], [-84.3819011, 33.767587]]}, "properties": {"surface": "concrete", "highway": "footway"}}, {"type": "Feature", "geometry": {"type": "LineString", "coordinates": [[-84.3819011, 33.767587], [-84.3818985, 33.7675553]]}, "properties": {"surface": "concrete", "highway": "footway"}}, {"type": "Feature", "geometry": {"type": "LineString", "coordinates": [[-84.3819015, 33.767459], [-84.3819024, 33.7674272]]}, "properties": {"surface": "concrete", "highway": "footway"}}, {"type": "Feature", "geometry": {"type": "LineString", "coordinates": [[-84.3819024, 33.7674272], [-84.3819215, 33.7674295]]}, "properties": {"surface": "concrete", "highway": "footway"}}, {"type": "Feature", "geometry": {"type": "LineString", "coordinates": [[-84.3821205, 33.7674538], [-84.3821322, 33.7674552]]}, "properties": {"surface": "concrete", "highway": "footway"}}, {"type": "Feature", "geometry": {"type": "LineString", "coordinates": [[-84.381849, 33.7676556], [-84.3818362, 33.7676724]]}, "properties": {"surface": "concrete", "highway": "footway"}}, {"type": "Feature", "geometry": {"type": "LineString", "coordinates": [[-84.3819011, 33.767587], [-84.3818773, 33.7676183]]}, "properties": {"surface": "concrete", "highway": "footway"}}, {"type": "Feature", "geometry": {"type": "LineString", "coordinates": [[-84.3817929, 33.7677168], [-84.3818362, 33.7676724]]}, "properties": {"surface": "concrete", "highway": "footway"}}, {"type": "Feature", "geometry": {"type": "LineString", "coordinates": [[-84.3819385, 33.765699], [-84.3818594, 33.765697], [-84.3818624, 33.7656321], [-84.3818748, 33.7656221], [-84.3819359, 33.7656223]]}, "properties": {"surface": "concrete", "highway": "footway"}}, {"type": "Feature", "geometry": {"type": "LineString", "coordinates": [[-84.3821719, 33.7655047], [-84.3821719, 33.7654946]]}, "properties": {"surface": "concrete", "highway": "footway"}}, {"type": "Feature", "geometry": {"type": "LineString", "coordinates": [[-84.382172, 33.7656063], [-84.382172, 33.7655931]]}, "properties": {"surface": "concrete", "highway": "footway"}}, {"type": "Feature", "geometry": {"type": "LineString", "coordinates": [[-84.3821719, 33.7654946], [-84.3821615, 33.7654946]]}, "properties": {"surface": "concrete", "highway": "footway"}}, {"type": "Feature", "geometry": {"type": "LineString", "coordinates": [[-84.381957, 33.7654953], [-84.3819368, 33.7654954]]}, "properties": {"surface": "concrete", "highway": "footway"}}, {"type": "Feature", "geometry": {"type": "LineString", "coordinates": [[-84.3819368, 33.7654954], [-84.3819366, 33.7655156]]}, "properties": {"surface": "concrete", "highway": "footway"}}, {"type": "Feature", "geometry": {"type": "LineString", "coordinates": [[-84.381936, 33.7656065], [-84.3819359, 33.7656223]]}, "properties": {"surface": "concrete", "highway": "footway"}}, {"type": "Feature", "geometry": {"type": "LineString", "coordinates": [[-84.3840104, 33.7655831], [-84.3840065, 33.7655751], [-84.3839971, 33.7655711], [-84.3839613, 33.765563], [-84.3822046, 33.7656081], [-84.382172, 33.7656063]]}, "properties": {"surface": "concrete", "highway": "footway"}}, {"type": "Feature", "geometry": {"type": "LineString", "coordinates": [[-84.384252, 33.7654424], [-84.3842522, 33.7654337]]}, "properties": {"surface": "concrete", "highway": "footway"}}, {"type": "Feature", "geometry": {"type": "LineString", "coordinates": [[-84.3842407, 33.7654166], [-84.3842278, 33.765418]]}, "properties": {"surface": "concrete", "highway": "footway"}}, {"type": "Feature", "geometry": {"type": "LineString", "coordinates": [[-84.3841921, 33.7655614], [-84.3841783, 33.7655621]]}, "properties": {"surface": "concrete", "highway": "footway"}}, {"type": "Feature", "geometry": {"type": "LineString", "coordinates": [[-84.3840204, 33.7654552], [-84.3840155, 33.7654399]]}, "properties": {"surface": "concrete", "highway": "footway"}}, {"type": "Feature", "geometry": {"type": "LineString", "coordinates": [[-84.3840408, 33.7654373], [-84.3840155, 33.7654399]]}, "properties": {"surface": "concrete", "highway": "footway"}}, {"type": "Feature", "geometry": {"type": "LineString", "coordinates": [[-84.3840228, 33.7655557], [-84.3840065, 33.7655751], [-84.3840278, 33.7655704]]}, "properties": {"surface": "concrete", "highway": "footway"}}, {"type": "Feature", "geometry": {"type": "LineString", "coordinates": [[-84.3871249, 33.7685262], [-84.3871261, 33.7685953], [-84.3871082, 33.7685955]]}, "properties": {"surface": "concrete", "highway": "footway"}}, {"type": "Feature", "geometry": {"type": "LineString", "coordinates": [[-84.3853299, 33.7696095], [-84.3852796, 33.7696098]]}, "properties": {"surface": "concrete", "highway": "footway"}}, {"type": "Feature", "geometry": {"type": "LineString", "coordinates": [[-84.3999391, 33.7541674], [-84.3999661, 33.7541483], [-84.4000137, 33.7541182], [-84.4000762, 33.7540805], [-84.4001221, 33.7540408]]}, "properties": {"surface": "", "highway": "footway"}}, {"type": "Feature", "geometry": {"type": "LineString", "coordinates": [[-84.4002437, 33.7541807], [-84.4000962, 33.7542721], [-84.4000701, 33.7542929]]}, "properties": {"surface": "", "highway": "footway"}}, {"type": "Feature", "geometry": {"type": "LineString", "coordinates": [[-84.3996428, 33.7539818], [-84.3996129, 33.7539914], [-84.3995907, 33.7540002], [-84.3995753, 33.7540277], [-84.3995121, 33.7541731], [-84.399432, 33.754387], [-84.3993298, 33.7546771]]}, "properties": {"surface": "", "highway": "footway"}}, {"type": "Feature", "geometry": {"type": "LineString", "coordinates": [[-84.3822867, 33.7701358], [-84.3823037, 33.7701361]]}, "properties": {"surface": "concrete", "highway": "footway"}}, {"type": "Feature", "geometry": {"type": "LineString", "coordinates": [[-84.3822812, 33.769922], [-84.3822867, 33.7701358], [-84.3822902, 33.7702716], [-84.3820235, 33.770276]]}, "properties": {"surface": "concrete", "highway": "footway"}}, {"type": "Feature", "geometry": {"type": "LineString", "coordinates": [[-84.3860567, 33.7698811], [-84.3860567, 33.7698931]]}, "properties": {"surface": "concrete", "highway": "footway"}}, {"type": "Feature", "geometry": {"type": "LineString", "coordinates": [[-84.3860567, 33.7698931], [-84.3860561, 33.7701166], [-84.3860228, 33.7701166]]}, "properties": {"surface": "concrete", "highway": "footway"}}, {"type": "Feature", "geometry": {"type": "LineString", "coordinates": [[-84.3831437, 33.7699061], [-84.3831016, 33.7703987]]}, "properties": {"surface": "concrete", "highway": "footway"}}, {"type": "Feature", "geometry": {"type": "LineString", "coordinates": [[-84.3830372, 33.7711918], [-84.3830735, 33.7707609]]}, "properties": {"surface": "concrete", "highway": "footway"}}, {"type": "Feature", "geometry": {"type": "LineString", "coordinates": [[-84.383119, 33.771192], [-84.3831534, 33.7707674], [-84.3831687, 33.7705781]]}, "properties": {"surface": "concrete", "highway": "footway"}}, {"type": "Feature", "geometry": {"type": "LineString", "coordinates": [[-84.3981402, 33.7580129], [-84.3981322, 33.7580129], [-84.3981157, 33.758013], [-84.3972255, 33.7580148]]}, "properties": {"surface": "", "highway": "footway"}}, {"type": "Feature", "geometry": {"type": "LineString", "coordinates": [[-84.3805911, 33.7640852], [-84.3806911, 33.7640971], [-84.3807229, 33.7640983]]}, "properties": {"surface": "", "highway": "footway"}}, {"type": "Feature", "geometry": {"type": "LineString", "coordinates": [[-84.3807229, 33.7640983], [-84.3807222, 33.7641096]]}, "properties": {"surface": "", "highway": "footway"}}, {"type": "Feature", "geometry": {"type": "LineString", "coordinates": [[-84.3807135, 33.7642663], [-84.3807148, 33.7642844]]}, "properties": {"surface": "", "highway": "footway"}}, {"type": "Feature", "geometry": {"type": "LineString", "coordinates": [[-84.3981698, 33.7465074], [-84.3983423, 33.7464152]]}, "properties": {"surface": "", "highway": "footway"}}, {"type": "Feature", "geometry": {"type": "LineString", "coordinates": [[-84.3975621, 33.7468092], [-84.3981698, 33.7465074]]}, "properties": {"surface": "", "highway": "footway"}}, {"type": "Feature", "geometry": {"type": "LineString", "coordinates": [[-84.3719196, 33.7612969], [-84.3719273, 33.7609918], [-84.3719417, 33.760322]]}, "properties": {"surface": "", "highway": "footway"}}, {"type": "Feature", "geometry": {"type": "LineString", "coordinates": [[-84.3722024, 33.7594046], [-84.3721973, 33.7595221], [-84.3722083, 33.7598797], [-84.372223, 33.7599117], [-84.3722676, 33.7599566]]}, "properties": {"surface": "concrete", "highway": "footway"}}, {"type": "Feature", "geometry": {"type": "LineString", "coordinates": [[-84.3919526, 33.7610676], [-84.3906461, 33.7610673]]}, "properties": {"surface": "concrete", "highway": "footway"}}, {"type": "Feature", "geometry": {"type": "LineString", "coordinates": [[-84.3904815, 33.760923], [-84.3904718, 33.760929], [-84.3899848, 33.7609294], [-84.3891167, 33.76093]]}, "properties": {"surface": "concrete", "highway": "footway"}}, {"type": "Feature", "geometry": {"type": "LineString", "coordinates": [[-84.3906539, 33.7597883], [-84.3906566, 33.7598007], [-84.3906531, 33.7598812], [-84.3906286, 33.7603563], [-84.3906476, 33.7609304]]}, "properties": {"surface": "concrete", "highway": "footway"}}, {"type": "Feature", "geometry": {"type": "LineString", "coordinates": [[-84.3952509, 33.7622208], [-84.3949466, 33.7622229]]}, "properties": {"surface": "", "highway": "footway"}}, {"type": "Feature", "geometry": {"type": "LineString", "coordinates": [[-84.3950827, 33.7621103], [-84.3949466, 33.7622229]]}, "properties": {"surface": "concrete", "highway": "footway"}}, {"type": "Feature", "geometry": {"type": "LineString", "coordinates": [[-84.3990226, 33.7580272], [-84.3989663, 33.7580137], [-84.3981696, 33.7580129], [-84.3981533, 33.7580129], [-84.3981402, 33.7580129]]}, "properties": {"surface": "", "highway": "footway"}}, {"type": "Feature", "geometry": {"type": "LineString", "coordinates": [[-84.3994086, 33.7580352], [-84.3990226, 33.7580272]]}, "properties": {"surface": "", "highway": "footway"}}, {"type": "Feature", "geometry": {"type": "LineString", "coordinates": [[-84.3974169, 33.7571431], [-84.397445, 33.7571925], [-84.3974109, 33.7578753]]}, "properties": {"surface": "", "highway": "footway"}}, {"type": "Feature", "geometry": {"type": "LineString", "coordinates": [[-84.3935318, 33.7627614], [-84.3936136, 33.7627835], [-84.3936679, 33.7628019], [-84.3937178, 33.7628242], [-84.3937809, 33.7628644], [-84.3938386, 33.762914], [-84.3938748, 33.7629581], [-84.3939083, 33.7630166], [-84.3939309, 33.7630841], [-84.3939396, 33.7631323], [-84.3939405, 33.7631862], [-84.3939315, 33.7632666], [-84.3939155, 33.7633273], [-84.3938985, 33.7633786], [-84.393878, 33.7634284], [-84.393846, 33.7634858], [-84.3937764, 33.7635643], [-84.3937246, 33.7636227], [-84.3936647, 33.7636701], [-84.3935384, 33.7637327], [-84.3935018, 33.7637452], [-84.3934095, 33.76377], [-84.3933106, 33.7637848], [-84.3932333, 33.7637867], [-84.393226, 33.7637869], [-84.3931447, 33.7637816]]}, "properties": {"surface": "concrete", "highway": "footway"}}, {"type": "Feature", "geometry": {"type": "LineString", "coordinates": [[-84.3962515, 33.7644335], [-84.3962472, 33.7644142], [-84.3962461, 33.7643375], [-84.3962498, 33.7641365], [-84.3962558, 33.7637707], [-84.3962568, 33.7637127], [-84.3962575, 33.7634568]]}, "properties": {"surface": "", "highway": "footway"}}, {"type": "Feature", "geometry": {"type": "LineString", "coordinates": [[-84.3977547, 33.7639811], [-84.3976403, 33.7640112], [-84.3975486, 33.7640305], [-84.3975239, 33.764038], [-84.3974889, 33.7640493], [-84.3974578, 33.7640631], [-84.3974253, 33.7640774], [-84.3973944, 33.7640881], [-84.3973714, 33.7640844]]}, "properties": {"surface": "concrete", "highway": "footway"}}, {"type": "Feature", "geometry": {"type": "LineString", "coordinates": [[-84.3971909, 33.7644454], [-84.3972039, 33.7644536], [-84.3972076, 33.764477], [-84.3972321, 33.764965], [-84.3972351, 33.7650018], [-84.397268, 33.7650441], [-84.3972948, 33.7653084]]}, "properties": {"surface": "", "highway": "footway"}}, {"type": "Feature", "geometry": {"type": "LineString", "coordinates": [[-84.3962415, 33.7646984], [-84.3962431, 33.7647322], [-84.396248, 33.764943], [-84.3962477, 33.764974], [-84.3962474, 33.7649987], [-84.3962444, 33.7652868], [-84.3962473, 33.7652936], [-84.3962566, 33.7652955], [-84.3963868, 33.7652975]]}, "properties": {"surface": "", "highway": "footway"}}, {"type": "Feature", "geometry": {"type": "LineString", "coordinates": [[-84.3962664, 33.7646879], [-84.3962494, 33.7646902], [-84.3962415, 33.7646984]]}, "properties": {"surface": "", "highway": "footway"}}, {"type": "Feature", "geometry": {"type": "LineString", "coordinates": [[-84.3668821, 33.7721678], [-84.3668382, 33.7721651], [-84.3666438, 33.7721533], [-84.3665391, 33.7721469]]}, "properties": {"surface": "", "highway": "footway"}}, {"type": "Feature", "geometry": {"type": "LineString", "coordinates": [[-84.3662442, 33.7721277], [-84.3659158, 33.7721076], [-84.3658329, 33.772101]]}, "properties": {"surface": "", "highway": "footway"}}, {"type": "Feature", "geometry": {"type": "LineString", "coordinates": [[-84.3664628, 33.772142], [-84.3663248, 33.772133]]}, "properties": {"surface": "", "highway": "footway"}}, {"type": "Feature", "geometry": {"type": "LineString", "coordinates": [[-84.3657506, 33.7720956], [-84.3656427, 33.7720886]]}, "properties": {"surface": "", "highway": "footway"}}, {"type": "Feature", "geometry": {"type": "LineString", "coordinates": [[-84.3668363, 33.7721997], [-84.3668382, 33.7721651]]}, "properties": {"surface": "", "highway": "footway"}}, {"type": "Feature", "geometry": {"type": "LineString", "coordinates": [[-84.3668335, 33.7723063], [-84.3668329, 33.7722626]]}, "properties": {"surface": "", "highway": "footway"}}, {"type": "Feature", "geometry": {"type": "LineString", "coordinates": [[-84.3991187, 33.7568284], [-84.3986526, 33.7568088], [-84.3982903, 33.7567936], [-84.3981962, 33.7567914], [-84.3981769, 33.7567884]]}, "properties": {"surface": "", "highway": "pedestrian"}}, {"type": "Feature", "geometry": {"type": "LineString", "coordinates": [[-84.3840536, 33.7621439], [-84.3840591, 33.7618251], [-84.3840675, 33.7616486], [-84.3840759, 33.7614925], [-84.3840811, 33.761268], [-84.3840753, 33.7610159]]}, "properties": {"surface": "", "highway": "footway"}}, {"type": "Feature", "geometry": {"type": "LineString", "coordinates": [[-84.390642, 33.763273], [-84.3906441, 33.7623438]]}, "properties": {"surface": "concrete", "highway": "footway"}}, {"type": "Feature", "geometry": {"type": "LineString", "coordinates": [[-84.3906667, 33.7632992], [-84.390642, 33.763273]]}, "properties": {"surface": "concrete", "highway": "footway"}}, {"type": "Feature", "geometry": {"type": "LineString", "coordinates": [[-84.3875773, 33.770053], [-84.3876332, 33.7700543]]}, "properties": {"surface": "", "highway": "footway"}}, {"type": "Feature", "geometry": {"type": "LineString", "coordinates": [[-84.3875362, 33.770052], [-84.3875773, 33.770053]]}, "properties": {"surface": "", "highway": "footway"}}, {"type": "Feature", "geometry": {"type": "LineString", "coordinates": [[-84.3875402, 33.7699759], [-84.3876585, 33.7699762], [-84.3879944, 33.7699767], [-84.3887051, 33.76999], [-84.3887886, 33.7699909]]}, "properties": {"surface": "", "highway": "footway"}}, {"type": "Feature", "geometry": {"type": "LineString", "coordinates": [[-84.3876841, 33.7700551], [-84.3879171, 33.770057], [-84.3882343, 33.7700568]]}, "properties": {"surface": "", "highway": "footway"}}, {"type": "Feature", "geometry": {"type": "LineString", "coordinates": [[-84.3882343, 33.7700568], [-84.3882681, 33.7700567]]}, "properties": {"surface": "", "highway": "footway"}}, {"type": "Feature", "geometry": {"type": "LineString", "coordinates": [[-84.3876567, 33.7700549], [-84.3876698, 33.770055], [-84.3876841, 33.7700551]]}, "properties": {"surface": "", "highway": "footway"}}, {"type": "Feature", "geometry": {"type": "LineString", "coordinates": [[-84.3876332, 33.7700543], [-84.3876567, 33.7700549]]}, "properties": {"surface": "", "highway": "footway"}}, {"type": "Feature", "geometry": {"type": "LineString", "coordinates": [[-84.3882681, 33.7700567], [-84.3882966, 33.7700572]]}, "properties": {"surface": "", "highway": "footway"}}, {"type": "Feature", "geometry": {"type": "LineString", "coordinates": [[-84.3882966, 33.7700572], [-84.3885013, 33.7700611], [-84.3887858, 33.7700684]]}, "properties": {"surface": "", "highway": "footway"}}, {"type": "Feature", "geometry": {"type": "LineString", "coordinates": [[-84.3875537, 33.7698495], [-84.3877575, 33.7698457], [-84.3880435, 33.7698069], [-84.3885028, 33.7697176], [-84.3885179, 33.7697142]]}, "properties": {"surface": "", "highway": "footway"}}, {"type": "Feature", "geometry": {"type": "LineString", "coordinates": [[-84.3885179, 33.7697142], [-84.3885444, 33.7697095]]}, "properties": {"surface": "", "highway": "footway"}}, {"type": "Feature", "geometry": {"type": "LineString", "coordinates": [[-84.3885444, 33.7697095], [-84.3885751, 33.7697039]]}, "properties": {"surface": "", "highway": "footway"}}, {"type": "Feature", "geometry": {"type": "LineString", "coordinates": [[-84.3885751, 33.7697039], [-84.3887932, 33.7696924]]}, "properties": {"surface": "", "highway": "footway"}}, {"type": "Feature", "geometry": {"type": "LineString", "coordinates": [[-84.3935306, 33.7623838], [-84.3940567, 33.7623806], [-84.3944215, 33.7623776], [-84.3946585, 33.7623668], [-84.3947736, 33.762364]]}, "properties": {"surface": "concrete", "highway": "footway"}}, {"type": "Feature", "geometry": {"type": "LineString", "coordinates": [[-84.3959729, 33.7712531], [-84.3959846, 33.7710095], [-84.3959901, 33.7708857], [-84.3959881, 33.7707198], [-84.3959905, 33.7704081], [-84.3959921, 33.7693682], [-84.3959875, 33.7692231], [-84.3959775, 33.7689434]]}, "properties": {"surface": "", "highway": "footway"}}, {"type": "Feature", "geometry": {"type": "LineString", "coordinates": [[-84.3959982, 33.76779], [-84.395999, 33.7671188], [-84.3960018, 33.7667169]]}, "properties": {"surface": "", "highway": "footway"}}, {"type": "Feature", "geometry": {"type": "LineString", "coordinates": [[-84.3960128, 33.7665803], [-84.3960167, 33.7664424], [-84.396016, 33.7662751], [-84.3960132, 33.7659729], [-84.3960317, 33.7655391], [-84.3960311, 33.7653957]]}, "properties": {"surface": "", "highway": "footway"}}, {"type": "Feature", "geometry": {"type": "LineString", "coordinates": [[-84.3959777, 33.768829], [-84.395999, 33.7679173]]}, "properties": {"surface": "", "highway": "footway"}}, {"type": "Feature", "geometry": {"type": "LineString", "coordinates": [[-84.3973838, 33.7653943], [-84.3973035, 33.7653953], [-84.3962474, 33.7653982]]}, "properties": {"surface": "", "highway": "footway"}}, {"type": "Feature", "geometry": {"type": "LineString", "coordinates": [[-84.3973751, 33.7653031], [-84.3972948, 33.7653084], [-84.3963868, 33.7652975]]}, "properties": {"surface": "", "highway": "footway"}}, {"type": "Feature", "geometry": {"type": "LineString", "coordinates": [[-84.3945054, 33.7653694], [-84.3931622, 33.7653619]]}, "properties": {"surface": "", "highway": "footway"}}, {"type": "Feature", "geometry": {"type": "LineString", "coordinates": [[-84.3960311, 33.7653957], [-84.3953343, 33.7653837]]}, "properties": {"surface": "", "highway": "footway"}}, {"type": "Feature", "geometry": {"type": "LineString", "coordinates": [[-84.3930253, 33.7653608], [-84.392034, 33.7653606]]}, "properties": {"surface": "", "highway": "footway"}}, {"type": "Feature", "geometry": {"type": "LineString", "coordinates": [[-84.3959775, 33.7689434], [-84.39565, 33.7689422], [-84.3951186, 33.768933], [-84.3946375, 33.7689328], [-84.3946299, 33.7689328], [-84.3944795, 33.7689327], [-84.3942171, 33.7689326], [-84.3941617, 33.7689296], [-84.3941027, 33.7689222], [-84.3940401, 33.7689073], [-84.393974, 33.7688805], [-84.3939367, 33.76886], [-84.3938488, 33.7688107], [-84.3937987, 33.7687884], [-84.3937558, 33.7687691], [-84.3937057, 33.7687616], [-84.3936219, 33.7687566], [-84.3935357, 33.7687525], [-84.3935026, 33.7687519], [-84.3934044, 33.7687539], [-84.3933114, 33.7687568], [-84.3932547, 33.7687683], [-84.3931823, 33.7687903], [-84.3930889, 33.768822], [-84.3930048, 33.7688634], [-84.3929442, 33.7688997], [-84.3928741, 33.7689372], [-84.3928103, 33.768954], [-84.3927449, 33.7689669], [-84.3926733, 33.7689669], [-84.3923533, 33.7689581], [-84.3923039, 33.7689569], [-84.3922826, 33.768963]]}, "properties": {"surface": "", "highway": "footway"}}, {"type": "Feature", "geometry": {"type": "LineString", "coordinates": [[-84.392241, 33.7688436], [-84.3922747, 33.7688385], [-84.3922992, 33.7688336], [-84.3923233, 33.7688323], [-84.3923584, 33.768832], [-84.3926485, 33.7688444], [-84.3926913, 33.7688444], [-84.392719, 33.7688416], [-84.3927556, 33.7688366], [-84.3927848, 33.7688264], [-84.3930106, 33.7687172], [-84.3931161, 33.7686711], [-84.3931734, 33.7686518], [-84.3932321, 33.7686353], [-84.3933316, 33.7686072], [-84.3933574, 33.7685985]]}, "properties": {"surface": "", "highway": "footway"}}, {"type": "Feature", "geometry": {"type": "LineString", "coordinates": [[-84.3946284, 33.7688084], [-84.3959777, 33.768829]]}, "properties": {"surface": "", "highway": "footway"}}, {"type": "Feature", "geometry": {"type": "LineString", "coordinates": [[-84.3935451, 33.768596], [-84.3937094, 33.7686284], [-84.393869, 33.7686737], [-84.3940482, 33.7687593], [-84.3941078, 33.7687892], [-84.3941683, 33.768802], [-84.3944795, 33.7688088]]}, "properties": {"surface": "", "highway": "footway"}}, {"type": "Feature", "geometry": {"type": "LineString", "coordinates": [[-84.3929819, 33.7677607], [-84.3920034, 33.7677415]]}, "properties": {"surface": "", "highway": "footway"}}, {"type": "Feature", "geometry": {"type": "LineString", "coordinates": [[-84.3933878, 33.7678896], [-84.3931452, 33.7678828], [-84.393051, 33.7678801], [-84.3929894, 33.7678797], [-84.3927839, 33.7678783], [-84.392198, 33.7678822], [-84.3921577, 33.7678785], [-84.3921282, 33.7678725], [-84.3920811, 33.7678705], [-84.3920218, 33.7678775]]}, "properties": {"surface": "", "highway": "footway"}}, {"type": "Feature", "geometry": {"type": "LineString", "coordinates": [[-84.395999, 33.7679173], [-84.3959503, 33.7679074], [-84.3958981, 33.7679034], [-84.395537, 33.7679006], [-84.3954786, 33.7679034], [-84.3954428, 33.7679047], [-84.3954109, 33.7678995], [-84.3953665, 33.7678918], [-84.3953007, 33.7678911], [-84.395245, 33.7678963], [-84.3951978, 33.7679062], [-84.395166, 33.7679091], [-84.3946657, 33.7679052]]}, "properties": {"surface": "", "highway": "footway"}}, {"type": "Feature", "geometry": {"type": "LineString", "coordinates": [[-84.3959982, 33.76779], [-84.3959685, 33.7677986], [-84.3959345, 33.7678001], [-84.3953007, 33.7677933], [-84.3946678, 33.7677829]]}, "properties": {"surface": "", "highway": "footway"}}, {"type": "Feature", "geometry": {"type": "LineString", "coordinates": [[-84.3944762, 33.7678923], [-84.3944455, 33.7678852], [-84.3944018, 33.7678793], [-84.394357, 33.7678891], [-84.3943216, 33.7678999], [-84.3942756, 33.7679018], [-84.3942296, 33.7678989], [-84.3939228, 33.7678925], [-84.3935497, 33.7678926]]}, "properties": {"surface": "", "highway": "footway"}}, {"type": "Feature", "geometry": {"type": "LineString", "coordinates": [[-84.3944777, 33.7677787], [-84.3935505, 33.7677663]]}, "properties": {"surface": "", "highway": "footway"}}, {"type": "Feature", "geometry": {"type": "LineString", "coordinates": [[-84.3935505, 33.7677663], [-84.3933824, 33.767764]]}, "properties": {"surface": "", "highway": "footway"}}, {"type": "Feature", "geometry": {"type": "LineString", "coordinates": [[-84.3933824, 33.767764], [-84.3931368, 33.7677607]]}, "properties": {"surface": "", "highway": "footway"}}, {"type": "Feature", "geometry": {"type": "LineString", "coordinates": [[-84.3946506, 33.7667068], [-84.3946369, 33.7676865], [-84.3946409, 33.7677203], [-84.3946491, 33.7677518], [-84.3946678, 33.7677829]]}, "properties": {"surface": "", "highway": "footway"}}, {"type": "Feature", "geometry": {"type": "LineString", "coordinates": [[-84.3944938, 33.7665665], [-84.3945207, 33.7656557], [-84.3945084, 33.7654101], [-84.3945054, 33.7653694]]}, "properties": {"surface": "", "highway": "footway"}}, {"type": "Feature", "geometry": {"type": "LineString", "coordinates": [[-84.3946648, 33.7654072], [-84.3946584, 33.7654673], [-84.3946592, 33.766567]]}, "properties": {"surface": "", "highway": "footway"}}, {"type": "Feature", "geometry": {"type": "LineString", "coordinates": [[-84.3944777, 33.7677787], [-84.3944946, 33.7677316], [-84.3945, 33.767682], [-84.3945108, 33.7670503], [-84.3944933, 33.766705]]}, "properties": {"surface": "", "highway": "footway"}}, {"type": "Feature", "geometry": {"type": "LineString", "coordinates": [[-84.3946284, 33.7688084], [-84.3946212, 33.767954], [-84.3946248, 33.7679317], [-84.3946391, 33.7679206], [-84.3946657, 33.7679052]]}, "properties": {"surface": "", "highway": "footway"}}, {"type": "Feature", "geometry": {"type": "LineString", "coordinates": [[-84.3944795, 33.7688088], [-84.3944966, 33.7679571], [-84.3944951, 33.7679358], [-84.3944881, 33.767917], [-84.3944762, 33.7678923]]}, "properties": {"surface": "", "highway": "footway"}}, {"type": "Feature", "geometry": {"type": "LineString", "coordinates": [[-84.3935451, 33.768596], [-84.3935497, 33.7678926]]}, "properties": {"surface": "", "highway": "footway"}}, {"type": "Feature", "geometry": {"type": "LineString", "coordinates": [[-84.3933574, 33.7685985], [-84.3933878, 33.7678896]]}, "properties": {"surface": "", "highway": "footway"}}, {"type": "Feature", "geometry": {"type": "LineString", "coordinates": [[-84.3960128, 33.7665803], [-84.3953068, 33.7665734], [-84.3946592, 33.766567]]}, "properties": {"surface": "", "highway": "footway"}}, {"type": "Feature", "geometry": {"type": "LineString", "coordinates": [[-84.3944938, 33.7665665], [-84.3931644, 33.7665658]]}, "properties": {"surface": "", "highway": "footway"}}, {"type": "Feature", "geometry": {"type": "LineString", "coordinates": [[-84.3931653, 33.7666976], [-84.3942207, 33.7667057], [-84.3944933, 33.766705]]}, "properties": {"surface": "", "highway": "footway"}}, {"type": "Feature", "geometry": {"type": "LineString", "coordinates": [[-84.3946506, 33.7667068], [-84.3953687, 33.766708], [-84.3960018, 33.7667169]]}, "properties": {"surface": "", "highway": "footway"}}, {"type": "Feature", "geometry": {"type": "LineString", "coordinates": [[-84.3930003, 33.7665616], [-84.3920291, 33.7665638]]}, "properties": {"surface": "", "highway": "footway"}}, {"type": "Feature", "geometry": {"type": "LineString", "coordinates": [[-84.3920323, 33.7666917], [-84.3925166, 33.7666927], [-84.3929988, 33.7666976]]}, "properties": {"surface": "", "highway": "footway"}}, {"type": "Feature", "geometry": {"type": "LineString", "coordinates": [[-84.3931368, 33.7677607], [-84.3931387, 33.7674378], [-84.3931653, 33.7666976]]}, "properties": {"surface": "", "highway": "footway"}}, {"type": "Feature", "geometry": {"type": "LineString", "coordinates": [[-84.3929819, 33.7677607], [-84.3929988, 33.7666976]]}, "properties": {"surface": "", "highway": "footway"}}, {"type": "Feature", "geometry": {"type": "LineString", "coordinates": [[-84.3930174, 33.7659421], [-84.3930176, 33.765927], [-84.3930253, 33.7653608]]}, "properties": {"surface": "", "highway": "footway"}}, {"type": "Feature", "geometry": {"type": "LineString", "coordinates": [[-84.3931644, 33.7665658], [-84.3931562, 33.7664392], [-84.393167, 33.7656536], [-84.3931622, 33.7653619]]}, "properties": {"surface": "", "highway": "footway"}}, {"type": "Feature", "geometry": {"type": "LineString", "coordinates": [[-84.3930222, 33.7652698], [-84.3930246, 33.7648385], [-84.3930197, 33.7647506], [-84.3930115, 33.7647316], [-84.3930001, 33.7647119]]}, "properties": {"surface": "", "highway": "footway"}}, {"type": "Feature", "geometry": {"type": "LineString", "coordinates": [[-84.3931092, 33.7647114], [-84.393107, 33.7651842], [-84.3931111, 33.7652024], [-84.3931141, 33.7652157], [-84.3931181, 33.7652295], [-84.3931224, 33.7652406], [-84.3931264, 33.7652517], [-84.3931403, 33.7652665]]}, "properties": {"surface": "", "highway": "footway"}}, {"type": "Feature", "geometry": {"type": "LineString", "coordinates": [[-84.3930003, 33.7665616], [-84.3930178, 33.7660089]]}, "properties": {"surface": "", "highway": "footway"}}, {"type": "Feature", "geometry": {"type": "LineString", "coordinates": [[-84.395297, 33.7652942], [-84.3952005, 33.7652958], [-84.3948656, 33.7652913], [-84.3946798, 33.7652965]]}, "properties": {"surface": "", "highway": "footway"}}, {"type": "Feature", "geometry": {"type": "LineString", "coordinates": [[-84.3944914, 33.765292], [-84.3931403, 33.7652665]]}, "properties": {"surface": "", "highway": "footway"}}, {"type": "Feature", "geometry": {"type": "LineString", "coordinates": [[-84.3930222, 33.7652698], [-84.3929842, 33.765274], [-84.3929547, 33.7652744], [-84.3928827, 33.7652751], [-84.3925416, 33.7652794], [-84.3920955, 33.7652771], [-84.392076, 33.7652775], [-84.392058, 33.7652797], [-84.3920477, 33.7652831], [-84.3920346, 33.765296]]}, "properties": {"surface": "", "highway": "footway"}}, {"type": "Feature", "geometry": {"type": "LineString", "coordinates": [[-84.395297, 33.7652942], [-84.3953028, 33.7647178]]}, "properties": {"surface": "", "highway": "footway"}}, {"type": "Feature", "geometry": {"type": "LineString", "coordinates": [[-84.3986903, 33.7695541], [-84.3985544, 33.769222], [-84.3984277, 33.7689417], [-84.398138, 33.7682113], [-84.3978279, 33.7673812], [-84.3975002, 33.766496], [-84.3974189, 33.7662546], [-84.3974095, 33.7662212], [-84.3973977, 33.7661692], [-84.3973805, 33.7660506], [-84.3973669, 33.7659486]]}, "properties": {"surface": "", "highway": "footway"}}, {"type": "Feature", "geometry": {"type": "LineString", "coordinates": [[-84.3973606, 33.7658909], [-84.3973035, 33.7653953]]}, "properties": {"surface": "", "highway": "footway"}}, {"type": "Feature", "geometry": {"type": "LineString", "coordinates": [[-84.3973606, 33.7658909], [-84.3968189, 33.7658873], [-84.3962351, 33.7658776]]}, "properties": {"surface": "", "highway": "footway"}}, {"type": "Feature", "geometry": {"type": "LineString", "coordinates": [[-84.372125, 33.7614229], [-84.3721467, 33.7614235]]}, "properties": {"surface": "concrete", "highway": "footway"}}, {"type": "Feature", "geometry": {"type": "LineString", "coordinates": [[-84.3721467, 33.7614235], [-84.3721473, 33.7614044]]}, "properties": {"surface": "concrete", "highway": "footway"}}, {"type": "Feature", "geometry": {"type": "LineString", "coordinates": [[-84.3719162, 33.7614209], [-84.3719443, 33.7614213]]}, "properties": {"surface": "concrete", "highway": "footway"}}, {"type": "Feature", "geometry": {"type": "LineString", "coordinates": [[-84.3719166, 33.7614048], [-84.3719162, 33.7614209]]}, "properties": {"surface": "concrete", "highway": "footway"}}, {"type": "Feature", "geometry": {"type": "LineString", "coordinates": [[-84.372151, 33.7613153], [-84.3721516, 33.7613004]]}, "properties": {"surface": "concrete", "highway": "footway"}}, {"type": "Feature", "geometry": {"type": "LineString", "coordinates": [[-84.3721516, 33.7613004], [-84.3721332, 33.7613]]}, "properties": {"surface": "concrete", "highway": "footway"}}, {"type": "Feature", "geometry": {"type": "LineString", "coordinates": [[-84.3719433, 33.7612972], [-84.3719196, 33.7612969]]}, "properties": {"surface": "concrete", "highway": "footway"}}, {"type": "Feature", "geometry": {"type": "LineString", "coordinates": [[-84.3719196, 33.7612969], [-84.3719188, 33.7613225]]}, "properties": {"surface": "concrete", "highway": "footway"}}, {"type": "Feature", "geometry": {"type": "LineString", "coordinates": [[-84.3719162, 33.7614209], [-84.371899, 33.7618374], [-84.3718737, 33.7628156], [-84.3718752, 33.7628611], [-84.371859, 33.7631731]]}, "properties": {"surface": "", "highway": "footway"}}, {"type": "Feature", "geometry": {"type": "LineString", "coordinates": [[-84.3704656, 33.761395], [-84.3704659, 33.761406], [-84.3704765, 33.7614061]]}, "properties": {"surface": "", "highway": "footway"}}, {"type": "Feature", "geometry": {"type": "LineString", "coordinates": [[-84.3704624, 33.7612881], [-84.3704634, 33.7612989]]}, "properties": {"surface": "", "highway": "footway"}}, {"type": "Feature", "geometry": {"type": "LineString", "coordinates": [[-84.3721467, 33.7614235], [-84.3725049, 33.7614277], [-84.3729887, 33.7614246], [-84.373297, 33.7614295], [-84.3738404, 33.7614583]]}, "properties": {"surface": "", "highway": "footway"}}, {"type": "Feature", "geometry": {"type": "LineString", "coordinates": [[-84.3721516, 33.7613004], [-84.3723643, 33.7613035], [-84.3727562, 33.7613019], [-84.3729579, 33.761311], [-84.3733923, 33.7613111], [-84.3741606, 33.7613114]]}, "properties": {"surface": "", "highway": "footway"}}, {"type": "Feature", "geometry": {"type": "LineString", "coordinates": [[-84.370598, 33.7614054], [-84.3705973, 33.7614214], [-84.3705926, 33.7616355], [-84.3705893, 33.7617913], [-84.3705706, 33.7622008], [-84.3705537, 33.7631613]]}, "properties": {"surface": "", "highway": "footway"}}, {"type": "Feature", "geometry": {"type": "LineString", "coordinates": [[-84.3692549, 33.7614], [-84.3692484, 33.7616289], [-84.3692484, 33.7617346], [-84.3691938, 33.7631528]]}, "properties": {"surface": "", "highway": "footway"}}, {"type": "Feature", "geometry": {"type": "LineString", "coordinates": [[-84.3691168, 33.7612963], [-84.3691174, 33.7612818]]}, "properties": {"surface": "", "highway": "footway"}}, {"type": "Feature", "geometry": {"type": "LineString", "coordinates": [[-84.3679219, 33.7613746], [-84.3679204, 33.7613881]]}, "properties": {"surface": "", "highway": "footway"}}, {"type": "Feature", "geometry": {"type": "LineString", "coordinates": [[-84.367921, 33.761257], [-84.3679334, 33.7612586], [-84.3679315, 33.7612789]]}, "properties": {"surface": "", "highway": "footway"}}, {"type": "Feature", "geometry": {"type": "LineString", "coordinates": [[-84.3677697, 33.7612369], [-84.3677953, 33.7612406]]}, "properties": {"surface": "", "highway": "footway"}}, {"type": "Feature", "geometry": {"type": "LineString", "coordinates": [[-84.3677405, 33.7612876], [-84.3677353, 33.7612651]]}, "properties": {"surface": "", "highway": "footway"}}, {"type": "Feature", "geometry": {"type": "LineString", "coordinates": [[-84.367772, 33.761459], [-84.3677678, 33.7614389]]}, "properties": {"surface": "", "highway": "footway"}}, {"type": "Feature", "geometry": {"type": "LineString", "coordinates": [[-84.3655998, 33.7612792], [-84.3656051, 33.7608611], [-84.3656114, 33.7606153], [-84.3656182, 33.7602864], [-84.3656448, 33.7595378], [-84.3656457, 33.7595054]]}, "properties": {"surface": "", "highway": "footway"}}, {"type": "Feature", "geometry": {"type": "LineString", "coordinates": [[-84.3656457, 33.7595054], [-84.3656462, 33.7594956], [-84.365645, 33.7594761], [-84.3656456, 33.759468]]}, "properties": {"surface": "", "highway": "footway"}}, {"type": "Feature", "geometry": {"type": "LineString", "coordinates": [[-84.3662766, 33.7612825], [-84.3656233, 33.7612793], [-84.3655998, 33.7612792], [-84.3655814, 33.7612791]]}, "properties": {"surface": "", "highway": "footway"}}, {"type": "Feature", "geometry": {"type": "LineString", "coordinates": [[-84.3678028, 33.7595344], [-84.3674739, 33.7595329], [-84.3672966, 33.7595309], [-84.3671093, 33.7595274]]}, "properties": {"surface": "", "highway": "footway"}}, {"type": "Feature", "geometry": {"type": "LineString", "coordinates": [[-84.3662199, 33.7595117], [-84.3660305, 33.7595022], [-84.3659509, 33.7594943], [-84.3658237, 33.759486], [-84.365645, 33.7594761]]}, "properties": {"surface": "", "highway": "footway"}}, {"type": "Feature", "geometry": {"type": "LineString", "coordinates": [[-84.3678028, 33.7595344], [-84.3677903, 33.7606764]]}, "properties": {"surface": "", "highway": "footway"}}, {"type": "Feature", "geometry": {"type": "LineString", "coordinates": [[-84.3678031, 33.7595214], [-84.3678028, 33.7595344]]}, "properties": {"surface": "", "highway": "footway"}}, {"type": "Feature", "geometry": {"type": "LineString", "coordinates": [[-84.3678048, 33.7594815], [-84.3676206, 33.7594734], [-84.3673432, 33.7594676], [-84.3671103, 33.7594649], [-84.3671005, 33.7594648], [-84.3665913, 33.7594511], [-84.3662207, 33.7594484], [-84.3657538, 33.7594348], [-84.3656499, 33.7594318], [-84.3656382, 33.7594265], [-84.3656329, 33.759421], [-84.3656331, 33.7594164], [-84.3656324, 33.759412], [-84.3656283, 33.7594088]]}, "properties": {"surface": "", "highway": "footway"}}, {"type": "Feature", "geometry": {"type": "LineString", "coordinates": [[-84.366356, 33.7612827], [-84.3663499, 33.7612826], [-84.3663272, 33.7612826]]}, "properties": {"surface": "", "highway": "footway"}}, {"type": "Feature", "geometry": {"type": "LineString", "coordinates": [[-84.3663499, 33.7612826], [-84.3663477, 33.7611637], [-84.3663454, 33.7611256], [-84.3663406, 33.7608776], [-84.3663434, 33.7607237], [-84.3663326, 33.7606036], [-84.3663312, 33.7604826], [-84.3663222, 33.7601658], [-84.3663134, 33.7599875]]}, "properties": {"surface": "", "highway": "footway"}}, {"type": "Feature", "geometry": {"type": "LineString", "coordinates": [[-84.3663134, 33.7599875], [-84.3663031, 33.759725], [-84.3663048, 33.7595176]]}, "properties": {"surface": "", "highway": "footway"}}, {"type": "Feature", "geometry": {"type": "LineString", "coordinates": [[-84.3662199, 33.7595117], [-84.3662243, 33.7595902], [-84.3662302, 33.7597899], [-84.3662412, 33.7603111], [-84.3662548, 33.7606702], [-84.3662592, 33.760729], [-84.3662725, 33.760779], [-84.3662786, 33.7610132], [-84.3662766, 33.7612825]]}, "properties": {"surface": "", "highway": "footway"}}, {"type": "Feature", "geometry": {"type": "LineString", "coordinates": [[-84.367026, 33.760899], [-84.367032, 33.7606566], [-84.3670327, 33.7602867], [-84.3670327, 33.7602042], [-84.3670324, 33.7600251], [-84.3670403, 33.7596159], [-84.3670369, 33.7595256]]}, "properties": {"surface": "", "highway": "footway"}}, {"type": "Feature", "geometry": {"type": "LineString", "coordinates": [[-84.3670369, 33.7595256], [-84.3666441, 33.7595182], [-84.3664932, 33.7595215], [-84.3663048, 33.7595176]]}, "properties": {"surface": "", "highway": "footway"}}, {"type": "Feature", "geometry": {"type": "LineString", "coordinates": [[-84.3670952, 33.7608366], [-84.3670995, 33.7608213], [-84.3670984, 33.7607932], [-84.3670919, 33.760545], [-84.3671088, 33.7601359], [-84.3671056, 33.7598382]]}, "properties": {"surface": "", "highway": "footway"}}, {"type": "Feature", "geometry": {"type": "LineString", "coordinates": [[-84.3670489, 33.760881], [-84.3670952, 33.7608366]]}, "properties": {"surface": "", "highway": "footway"}}, {"type": "Feature", "geometry": {"type": "LineString", "coordinates": [[-84.396232, 33.7677199], [-84.3962168, 33.7676842], [-84.3962133, 33.7676381], [-84.3962102, 33.7669163], [-84.3962162, 33.7667135], [-84.396239, 33.7659499]]}, "properties": {"surface": "", "highway": "footway"}}, {"type": "Feature", "geometry": {"type": "LineString", "coordinates": [[-84.3962351, 33.7658776], [-84.3962474, 33.7653982]]}, "properties": {"surface": "", "highway": "footway"}}, {"type": "Feature", "geometry": {"type": "LineString", "coordinates": [[-84.3962718, 33.7633595], [-84.3962695, 33.7632666], [-84.3962685, 33.7632231], [-84.3962644, 33.7631616], [-84.3962602, 33.7631009], [-84.3962522, 33.7630557], [-84.3962435, 33.7630309], [-84.3962342, 33.7630094], [-84.3962006, 33.7629611], [-84.3961643, 33.7629191], [-84.3957578, 33.7624897]]}, "properties": {"surface": "", "highway": "footway"}}, {"type": "Feature", "geometry": {"type": "LineString", "coordinates": [[-84.4028735, 33.763618], [-84.4031718, 33.7641161], [-84.4034317, 33.7644524], [-84.4042428, 33.7654486], [-84.4042978, 33.7655118], [-84.4043119, 33.7655379], [-84.4043333, 33.7656037], [-84.4043474, 33.7656463], [-84.4044989, 33.7658912], [-84.4045355, 33.7659657], [-84.4045427, 33.7659891], [-84.4045435, 33.7660076], [-84.4045411, 33.7660233]]}, "properties": {"surface": "", "highway": "footway"}}, {"type": "Feature", "geometry": {"type": "LineString", "coordinates": [[-84.3679401, 33.7603526], [-84.3679391, 33.7603387]]}, "properties": {"surface": "", "highway": "footway"}}, {"type": "Feature", "geometry": {"type": "LineString", "coordinates": [[-84.3679441, 33.7602362], [-84.3679435, 33.7601629], [-84.3679506, 33.7598518], [-84.3679492, 33.7593547]]}, "properties": {"surface": "", "highway": "footway"}}, {"type": "Feature", "geometry": {"type": "LineString", "coordinates": [[-84.3679482, 33.7592284], [-84.3679692, 33.7586982]]}, "properties": {"surface": "", "highway": "footway"}}, {"type": "Feature", "geometry": {"type": "LineString", "coordinates": [[-84.3679692, 33.7586982], [-84.367971, 33.7586495], [-84.3679738, 33.7585716], [-84.3679763, 33.7585025], [-84.3679827, 33.7583284], [-84.3679847, 33.7582744], [-84.3680065, 33.7576772]]}, "properties": {"surface": "", "highway": "footway"}}, {"type": "Feature", "geometry": {"type": "LineString", "coordinates": [[-84.3656878, 33.757635], [-84.3657016, 33.7576358], [-84.3657133, 33.7576291], [-84.3657278, 33.7576269], [-84.3667185, 33.7576452], [-84.3678623, 33.7576746]]}, "properties": {"surface": "concrete", "highway": "footway"}}, {"type": "Feature", "geometry": {"type": "LineString", "coordinates": [[-84.367896, 33.7566777], [-84.3678834, 33.7571082], [-84.3678707, 33.7575394], [-84.3678696, 33.7575574]]}, "properties": {"surface": "", "highway": "footway"}}, {"type": "Feature", "geometry": {"type": "LineString", "coordinates": [[-84.3679853, 33.7576769], [-84.3680065, 33.7576772]]}, "properties": {"surface": "concrete", "highway": "footway"}}, {"type": "Feature", "geometry": {"type": "LineString", "coordinates": [[-84.3678623, 33.7576746], [-84.3678851, 33.7576752]]}, "properties": {"surface": "concrete", "highway": "footway"}}, {"type": "Feature", "geometry": {"type": "LineString", "coordinates": [[-84.3679763, 33.7585025], [-84.3679612, 33.7585049]]}, "properties": {"surface": "", "highway": "footway"}}, {"type": "Feature", "geometry": {"type": "LineString", "coordinates": [[-84.3678343, 33.7585283], [-84.3678485, 33.7585252]]}, "properties": {"surface": "", "highway": "footway"}}, {"type": "Feature", "geometry": {"type": "LineString", "coordinates": [[-84.3946648, 33.7654072], [-84.3946248, 33.7654072]]}, "properties": {"surface": "", "highway": "footway"}}, {"type": "Feature", "geometry": {"type": "LineString", "coordinates": [[-84.3945438, 33.7654076], [-84.3945084, 33.7654101]]}, "properties": {"surface": "", "highway": "footway"}}, {"type": "Feature", "geometry": {"type": "LineString", "coordinates": [[-84.3944914, 33.765292], [-84.3945273, 33.7652908], [-84.3945454, 33.7652914]]}, "properties": {"surface": "", "highway": "footway"}}, {"type": "Feature", "geometry": {"type": "LineString", "coordinates": [[-84.3946648, 33.7654072], [-84.3946683, 33.7653792], [-84.3946763, 33.7653462]]}, "properties": {"surface": "", "highway": "footway"}}, {"type": "Feature", "geometry": {"type": "LineString", "coordinates": [[-84.3953343, 33.7653837], [-84.3946683, 33.7653792]]}, "properties": {"surface": "", "highway": "footway"}}, {"type": "Feature", "geometry": {"type": "LineString", "coordinates": [[-84.3973714, 33.7640844], [-84.3973482, 33.7640555], [-84.3973047, 33.7637665], [-84.3972619, 33.7633494]]}, "properties": {"surface": "", "highway": "footway"}}, {"type": "Feature", "geometry": {"type": "LineString", "coordinates": [[-84.3970791, 33.7633406], [-84.3965875, 33.7633554], [-84.3962718, 33.7633595]]}, "properties": {"surface": "", "highway": "footway"}}, {"type": "Feature", "geometry": {"type": "LineString", "coordinates": [[-84.3961481, 33.7541312], [-84.3957751, 33.7539318], [-84.3953216, 33.7536864], [-84.3950037, 33.7535126], [-84.3949662, 33.7534922]]}, "properties": {"surface": "", "highway": "footway"}}, {"type": "Feature", "geometry": {"type": "LineString", "coordinates": [[-84.3781809, 33.7615583], [-84.3781732, 33.7615487]]}, "properties": {"surface": "", "highway": "footway"}}, {"type": "Feature", "geometry": {"type": "LineString", "coordinates": [[-84.3777559, 33.7615513], [-84.3777421, 33.7615659]]}, "properties": {"surface": "", "highway": "footway"}}, {"type": "Feature", "geometry": {"type": "LineString", "coordinates": [[-84.3780728, 33.7613271], [-84.3780706, 33.7612965]]}, "properties": {"surface": "", "highway": "footway"}}, {"type": "Feature", "geometry": {"type": "LineString", "coordinates": [[-84.3792069, 33.7616595], [-84.379218, 33.7616558]]}, "properties": {"surface": "", "highway": "footway"}}, {"type": "Feature", "geometry": {"type": "LineString", "coordinates": [[-84.379423, 33.7617254], [-84.3794348, 33.7617342]]}, "properties": {"surface": "", "highway": "footway"}}, {"type": "Feature", "geometry": {"type": "LineString", "coordinates": [[-84.3705992, 33.7613072], [-84.3705994, 33.7612889]]}, "properties": {"surface": "", "highway": "footway"}}, {"type": "Feature", "geometry": {"type": "LineString", "coordinates": [[-84.370598, 33.7614054], [-84.3705981, 33.7613939]]}, "properties": {"surface": "", "highway": "footway"}}, {"type": "Feature", "geometry": {"type": "LineString", "coordinates": [[-84.3692549, 33.7614], [-84.3692558, 33.7613798]]}, "properties": {"surface": "", "highway": "footway"}}, {"type": "Feature", "geometry": {"type": "LineString", "coordinates": [[-84.3692625, 33.7612972], [-84.3692625, 33.7612825]]}, "properties": {"surface": "", "highway": "footway"}}, {"type": "Feature", "geometry": {"type": "LineString", "coordinates": [[-84.3679185, 33.7614763], [-84.367898, 33.761476]]}, "properties": {"surface": "", "highway": "footway"}}, {"type": "Feature", "geometry": {"type": "LineString", "coordinates": [[-84.3677864, 33.7614719], [-84.367772, 33.7614721]]}, "properties": {"surface": "", "highway": "footway"}}, {"type": "Feature", "geometry": {"type": "LineString", "coordinates": [[-84.3655567, 33.7576189], [-84.3655555, 33.7576295]]}, "properties": {"surface": "asphalt", "highway": "footway"}}, {"type": "Feature", "geometry": {"type": "LineString", "coordinates": [[-84.3655676, 33.7576298], [-84.3655648, 33.7577579], [-84.3655486, 33.758495]]}, "properties": {"surface": "", "highway": "footway"}}, {"type": "Feature", "geometry": {"type": "LineString", "coordinates": [[-84.3656283, 33.7594088], [-84.3656586, 33.7589991], [-84.365672, 33.7585762], [-84.3656723, 33.7585682]]}, "properties": {"surface": "", "highway": "footway"}}, {"type": "Feature", "geometry": {"type": "LineString", "coordinates": [[-84.3656733, 33.7584951], [-84.3656732, 33.7584794], [-84.3656703, 33.7580619], [-84.3656769, 33.7578286], [-84.3656825, 33.7576669], [-84.3656897, 33.7576491], [-84.3657016, 33.7576358]]}, "properties": {"surface": "", "highway": "footway"}}, {"type": "Feature", "geometry": {"type": "LineString", "coordinates": [[-84.3655537, 33.7593967], [-84.3655323, 33.7593965]]}, "properties": {"surface": "", "highway": "footway"}}, {"type": "Feature", "geometry": {"type": "LineString", "coordinates": [[-84.3678311, 33.7586232], [-84.365672, 33.7585762]]}, "properties": {"surface": "", "highway": "footway"}}, {"type": "Feature", "geometry": {"type": "LineString", "coordinates": [[-84.3656732, 33.7584794], [-84.3678343, 33.7585283]]}, "properties": {"surface": "", "highway": "footway"}}, {"type": "Feature", "geometry": {"type": "LineString", "coordinates": [[-84.3648823, 33.7576141], [-84.3651836, 33.7576156], [-84.3654376, 33.7576198], [-84.3655555, 33.7576295], [-84.3655676, 33.7576298], [-84.3655916, 33.7576303]]}, "properties": {"surface": "concrete", "highway": "footway"}}, {"type": "Feature", "geometry": {"type": "LineString", "coordinates": [[-84.3656234, 33.7612948], [-84.3656233, 33.7612793]]}, "properties": {"surface": "", "highway": "footway"}}, {"type": "Feature", "geometry": {"type": "LineString", "coordinates": [[-84.3656245, 33.7613893], [-84.3656243, 33.7613764]]}, "properties": {"surface": "", "highway": "footway"}}, {"type": "Feature", "geometry": {"type": "LineString", "coordinates": [[-84.3654924, 33.7612781], [-84.3654933, 33.7612929]]}, "properties": {"surface": "", "highway": "footway"}}, {"type": "Feature", "geometry": {"type": "LineString", "coordinates": [[-84.3700099, 33.7612853], [-84.3699939, 33.7612853]]}, "properties": {"surface": "", "highway": "footway"}}, {"type": "Feature", "geometry": {"type": "LineString", "coordinates": [[-84.3698916, 33.7612852], [-84.369868, 33.7612852]]}, "properties": {"surface": "", "highway": "footway"}}, {"type": "Feature", "geometry": {"type": "LineString", "coordinates": [[-84.3721561, 33.7603251], [-84.3721857, 33.7603263]]}, "properties": {"surface": "asphalt", "highway": "footway"}}, {"type": "Feature", "geometry": {"type": "LineString", "coordinates": [[-84.3719417, 33.760322], [-84.3719594, 33.7603204]]}, "properties": {"surface": "asphalt", "highway": "footway"}}, {"type": "Feature", "geometry": {"type": "LineString", "coordinates": [[-84.3719417, 33.760322], [-84.3719412, 33.7603032]]}, "properties": {"surface": "concrete", "highway": "footway"}}, {"type": "Feature", "geometry": {"type": "LineString", "coordinates": [[-84.3721853, 33.7602918], [-84.3721857, 33.7603263]]}, "properties": {"surface": "concrete", "highway": "footway"}}, {"type": "Feature", "geometry": {"type": "LineString", "coordinates": [[-84.3721823, 33.7600399], [-84.3721827, 33.7600736]]}, "properties": {"surface": "concrete", "highway": "footway"}}, {"type": "Feature", "geometry": {"type": "LineString", "coordinates": [[-84.3719512, 33.7600518], [-84.3719516, 33.7600343]]}, "properties": {"surface": "", "highway": "footway"}}, {"type": "Feature", "geometry": {"type": "LineString", "coordinates": [[-84.3654924, 33.7612781], [-84.3655038, 33.7602798]]}, "properties": {"surface": "", "highway": "footway"}}, {"type": "Feature", "geometry": {"type": "LineString", "coordinates": [[-84.3655038, 33.7602798], [-84.3655261, 33.7595539], [-84.3655283, 33.759499], [-84.3655287, 33.7594847]]}, "properties": {"surface": "", "highway": "footway"}}, {"type": "Feature", "geometry": {"type": "LineString", "coordinates": [[-84.3656482, 33.7594401], [-84.3656499, 33.7594318]]}, "properties": {"surface": "", "highway": "footway"}}, {"type": "Feature", "geometry": {"type": "LineString", "coordinates": [[-84.3719663, 33.7594611], [-84.371898, 33.7594368], [-84.3718102, 33.7594318], [-84.3713557, 33.7594135], [-84.3707085, 33.7594054], [-84.3703826, 33.7593965], [-84.37028, 33.7594026], [-84.3702141, 33.7594019], [-84.3701723, 33.7593969], [-84.3700752, 33.7593766], [-84.3700393, 33.7593721], [-84.3698786, 33.7593746], [-84.3692485, 33.7593654], [-84.3679492, 33.7593547]]}, "properties": {"surface": "", "highway": "footway"}}, {"type": "Feature", "geometry": {"type": "LineString", "coordinates": [[-84.3700332, 33.7592571], [-84.3707204, 33.7592674], [-84.3713826, 33.7592782], [-84.3720023, 33.7592834]]}, "properties": {"surface": "", "highway": "footway"}}, {"type": "Feature", "geometry": {"type": "LineString", "coordinates": [[-84.3679482, 33.7592284], [-84.3687823, 33.75924], [-84.3697272, 33.7592529], [-84.3698789, 33.7592549], [-84.3698949, 33.7592551], [-84.3699137, 33.7592554]]}, "properties": {"surface": "", "highway": "footway"}}, {"type": "Feature", "geometry": {"type": "LineString", "coordinates": [[-84.372183, 33.759409], [-84.3722024, 33.7594046], [-84.3721995, 33.7593878]]}, "properties": {"surface": "", "highway": "footway"}}, {"type": "Feature", "geometry": {"type": "LineString", "coordinates": [[-84.3721899, 33.7592825], [-84.3721906, 33.7592535], [-84.372165, 33.759259]]}, "properties": {"surface": "", "highway": "footway"}}, {"type": "Feature", "geometry": {"type": "LineString", "coordinates": [[-84.3720333, 33.7592802], [-84.3720023, 33.7592834], [-84.3720008, 33.7593033]]}, "properties": {"surface": "", "highway": "footway"}}, {"type": "Feature", "geometry": {"type": "LineString", "coordinates": [[-84.3719735, 33.7594425], [-84.3719663, 33.7594611], [-84.3719936, 33.7594542]]}, "properties": {"surface": "", "highway": "footway"}}, {"type": "Feature", "geometry": {"type": "LineString", "coordinates": [[-84.3698798, 33.7592691], [-84.3698789, 33.7592549]]}, "properties": {"surface": "", "highway": "footway"}}, {"type": "Feature", "geometry": {"type": "LineString", "coordinates": [[-84.3722307, 33.7555432], [-84.3722311, 33.7555538]]}, "properties": {"surface": "concrete", "highway": "footway"}}, {"type": "Feature", "geometry": {"type": "LineString", "coordinates": [[-84.3722129, 33.7553762], [-84.3722306, 33.755373]]}, "properties": {"surface": "asphalt", "highway": "footway"}}, {"type": "Feature", "geometry": {"type": "LineString", "coordinates": [[-84.3720552, 33.755405], [-84.3720833, 33.7553999]]}, "properties": {"surface": "asphalt", "highway": "footway"}}, {"type": "Feature", "geometry": {"type": "LineString", "coordinates": [[-84.3720554, 33.7554224], [-84.3720552, 33.755405]]}, "properties": {"surface": "asphalt", "highway": "footway"}}, {"type": "Feature", "geometry": {"type": "LineString", "coordinates": [[-84.3720597, 33.7555578], [-84.3720591, 33.7555435]]}, "properties": {"surface": "asphalt", "highway": "footway"}}, {"type": "Feature", "geometry": {"type": "LineString", "coordinates": [[-84.3720803, 33.7555562], [-84.3720597, 33.7555578]]}, "properties": {"surface": "asphalt", "highway": "footway"}}, {"type": "Feature", "geometry": {"type": "LineString", "coordinates": [[-84.3722311, 33.7555538], [-84.3722134, 33.7555534]]}, "properties": {"surface": "asphalt", "highway": "footway"}}, {"type": "Feature", "geometry": {"type": "LineString", "coordinates": [[-84.3698646, 33.7519204], [-84.3698617, 33.7521161], [-84.3698585, 33.7523265], [-84.3698502, 33.7523518], [-84.3698348, 33.7523773], [-84.3698258, 33.7526392], [-84.3698226, 33.752916], [-84.3698227, 33.7534539], [-84.3698208, 33.7538083], [-84.3698273, 33.7542198]]}, "properties": {"surface": "", "highway": "footway"}}, {"type": "Feature", "geometry": {"type": "LineString", "coordinates": [[-84.3934779, 33.7529347], [-84.3933438, 33.7530737]]}, "properties": {"surface": "", "highway": "footway"}}, {"type": "Feature", "geometry": {"type": "LineString", "coordinates": [[-84.3822867, 33.7595812], [-84.382294, 33.7595466], [-84.3822984, 33.7594578], [-84.382303, 33.759025], [-84.3823077, 33.7587436], [-84.3823125, 33.7584496]]}, "properties": {"surface": "", "highway": "footway"}}, {"type": "Feature", "geometry": {"type": "LineString", "coordinates": [[-84.3821433, 33.7572139], [-84.3821476, 33.7574782], [-84.3821395, 33.7577361], [-84.3821429, 33.7579893], [-84.3821468, 33.758274]]}, "properties": {"surface": "", "highway": "footway"}}, {"type": "Feature", "geometry": {"type": "LineString", "coordinates": [[-84.3841055, 33.7595989], [-84.3841085, 33.7595247], [-84.3841112, 33.7593553], [-84.3841109, 33.7591559], [-84.3841146, 33.7589627], [-84.3841244, 33.7584693]]}, "properties": {"surface": "", "highway": "footway"}}, {"type": "Feature", "geometry": {"type": "LineString", "coordinates": [[-84.3841244, 33.7584693], [-84.3840702, 33.7584688], [-84.3833405, 33.758458], [-84.382411, 33.7584522], [-84.3823345, 33.7584517], [-84.3823125, 33.7584496]]}, "properties": {"surface": "", "highway": "footway"}}, {"type": "Feature", "geometry": {"type": "LineString", "coordinates": [[-84.3843312, 33.7584669], [-84.3843208, 33.7590103], [-84.3843186, 33.7591045], [-84.3843074, 33.7595435], [-84.3843062, 33.7595892], [-84.3843071, 33.7595984]]}, "properties": {"surface": "", "highway": "footway"}}, {"type": "Feature", "geometry": {"type": "LineString", "coordinates": [[-84.3841281, 33.7583242], [-84.3840442, 33.7583228], [-84.38373, 33.758319], [-84.3836019, 33.7583168], [-84.3833795, 33.7583156], [-84.3831935, 33.7583134], [-84.3826578, 33.7583117], [-84.3823183, 33.7583106]]}, "properties": {"surface": "", "highway": "footway"}}, {"type": "Feature", "geometry": {"type": "LineString", "coordinates": [[-84.365051, 33.771221], [-84.3656999, 33.7712318]]}, "properties": {"surface": "concrete:plates", "highway": "footway"}}, {"type": "Feature", "geometry": {"type": "LineString", "coordinates": [[-84.3657038, 33.7710249], [-84.3657815, 33.7710153]]}, "properties": {"surface": "concrete:plates", "highway": "footway"}}, {"type": "Feature", "geometry": {"type": "LineString", "coordinates": [[-84.3659887, 33.771233], [-84.3668636, 33.7712165], [-84.3672335, 33.7712149], [-84.3676268, 33.771245]]}, "properties": {"surface": "concrete:plates", "highway": "footway"}}, {"type": "Feature", "geometry": {"type": "LineString", "coordinates": [[-84.3874959, 33.7596468], [-84.3875108, 33.7585108]]}, "properties": {"surface": "", "highway": "footway"}}, {"type": "Feature", "geometry": {"type": "LineString", "coordinates": [[-84.3876934, 33.7596516], [-84.3877106, 33.7585074]]}, "properties": {"surface": "", "highway": "footway"}}, {"type": "Feature", "geometry": {"type": "LineString", "coordinates": [[-84.3659059, 33.7722149], [-84.3659027, 33.7722493]]}, "properties": {"surface": "", "highway": "footway"}}, {"type": "Feature", "geometry": {"type": "LineString", "coordinates": [[-84.3676046, 33.7722118], [-84.3670212, 33.7721763]]}, "properties": {"surface": "", "highway": "footway"}}, {"type": "Feature", "geometry": {"type": "LineString", "coordinates": [[-84.3668411, 33.7723067], [-84.3668845, 33.7723096]]}, "properties": {"surface": "", "highway": "footway"}}, {"type": "Feature", "geometry": {"type": "LineString", "coordinates": [[-84.3670188, 33.7721991], [-84.3670212, 33.7721763]]}, "properties": {"surface": "", "highway": "footway"}}, {"type": "Feature", "geometry": {"type": "LineString", "coordinates": [[-84.3666438, 33.7721533], [-84.3666795, 33.7716946], [-84.3665913, 33.7716898]]}, "properties": {"surface": "", "highway": "footway"}}, {"type": "Feature", "geometry": {"type": "LineString", "coordinates": [[-84.3661971, 33.7715626], [-84.3661985, 33.7715447], [-84.3659703, 33.7715321]]}, "properties": {"surface": "", "highway": "footway"}}, {"type": "Feature", "geometry": {"type": "LineString", "coordinates": [[-84.3661904, 33.7716664], [-84.3661915, 33.7716321]]}, "properties": {"surface": "", "highway": "footway"}}, {"type": "Feature", "geometry": {"type": "LineString", "coordinates": [[-84.3658743, 33.7716471], [-84.3659607, 33.7716525]]}, "properties": {"surface": "", "highway": "footway"}}, {"type": "Feature", "geometry": {"type": "LineString", "coordinates": [[-84.3656809, 33.771635], [-84.3657834, 33.7716414]]}, "properties": {"surface": "", "highway": "footway"}}, {"type": "Feature", "geometry": {"type": "LineString", "coordinates": [[-84.3822337, 33.7608148], [-84.3822485, 33.7606228], [-84.3822599, 33.7604754], [-84.3822725, 33.7603027], [-84.38228, 33.760148], [-84.3822802, 33.7600124], [-84.3822804, 33.7598279], [-84.3822835, 33.7597145]]}, "properties": {"surface": "concrete", "highway": "footway"}}, {"type": "Feature", "geometry": {"type": "LineString", "coordinates": [[-84.3821442, 33.758478], [-84.3821242, 33.7587441], [-84.3821192, 33.7590878], [-84.3821098, 33.7594052], [-84.3821103, 33.7595764]]}, "properties": {"surface": "", "highway": "footway"}}, {"type": "Feature", "geometry": {"type": "LineString", "coordinates": [[-84.3820762, 33.7610092], [-84.3820766, 33.7609823], [-84.3820745, 33.7609482]]}, "properties": {"surface": "", "highway": "footway"}}, {"type": "Feature", "geometry": {"type": "LineString", "coordinates": [[-84.3822669, 33.7608538], [-84.3822337, 33.7608148]]}, "properties": {"surface": "concrete", "highway": "footway"}}, {"type": "Feature", "geometry": {"type": "LineString", "coordinates": [[-84.3859849, 33.7597555], [-84.3859893, 33.7600652], [-84.3859839, 33.7601847], [-84.3859771, 33.7603896], [-84.3859749, 33.7605296], [-84.3859723, 33.7606333], [-84.3859661, 33.7607471], [-84.3859605, 33.7608964]]}, "properties": {"surface": "concrete", "highway": "footway"}}, {"type": "Feature", "geometry": {"type": "LineString", "coordinates": [[-84.3842948, 33.7610194], [-84.3853089, 33.7610284], [-84.3859555, 33.7610342]]}, "properties": {"surface": "concrete", "highway": "footway"}}, {"type": "Feature", "geometry": {"type": "LineString", "coordinates": [[-84.3859855, 33.7596304], [-84.3859925, 33.7590929], [-84.3860012, 33.7584815]]}, "properties": {"surface": "", "highway": "footway"}}, {"type": "Feature", "geometry": {"type": "LineString", "coordinates": [[-84.4020997, 33.7634491], [-84.4018182, 33.7634878]]}, "properties": {"surface": "concrete", "highway": "footway"}}, {"type": "Feature", "geometry": {"type": "LineString", "coordinates": [[-84.4023418, 33.7634093], [-84.4022269, 33.7634272]]}, "properties": {"surface": "concrete", "highway": "footway"}}, {"type": "Feature", "geometry": {"type": "LineString", "coordinates": [[-84.4015562, 33.7635272], [-84.4013472, 33.7635586], [-84.4009991, 33.7636109], [-84.4003216, 33.763696]]}, "properties": {"surface": "concrete", "highway": "footway"}}, {"type": "Feature", "geometry": {"type": "LineString", "coordinates": [[-84.3972427, 33.7567536], [-84.3972426, 33.756723], [-84.3972634, 33.7561531]]}, "properties": {"surface": "", "highway": "footway"}}, {"type": "Feature", "geometry": {"type": "LineString", "coordinates": [[-84.3961897, 33.7689465], [-84.3962913, 33.7689483]]}, "properties": {"surface": "", "highway": "footway"}}, {"type": "Feature", "geometry": {"type": "LineString", "coordinates": [[-84.3961904, 33.7688194], [-84.3962952, 33.7688226]]}, "properties": {"surface": "", "highway": "footway"}}, {"type": "Feature", "geometry": {"type": "LineString", "coordinates": [[-84.3876892, 33.7597691], [-84.3883431, 33.7597733], [-84.3889779, 33.7597824]]}, "properties": {"surface": "concrete", "highway": "footway"}}, {"type": "Feature", "geometry": {"type": "LineString", "coordinates": [[-84.3821047, 33.759793], [-84.382095, 33.7602338], [-84.382087, 33.7606936], [-84.3820851, 33.7607997]]}, "properties": {"surface": "", "highway": "footway"}}, {"type": "Feature", "geometry": {"type": "LineString", "coordinates": [[-84.3841055, 33.7595989], [-84.3837057, 33.7595994], [-84.3832234, 33.7595983], [-84.3823696, 33.7595916], [-84.3822867, 33.7595812]]}, "properties": {"surface": "", "highway": "footway"}}, {"type": "Feature", "geometry": {"type": "LineString", "coordinates": [[-84.3840787, 33.7608682], [-84.3840826, 33.7605915], [-84.3840942, 33.7601829], [-84.3840942, 33.7601818], [-84.3841059, 33.7597386]]}, "properties": {"surface": "concrete", "highway": "footway"}}, {"type": "Feature", "geometry": {"type": "LineString", "coordinates": [[-84.3822835, 33.7597145], [-84.3823786, 33.7597098], [-84.3831018, 33.7597194], [-84.383118, 33.7597203], [-84.3832807, 33.7597247], [-84.3837893, 33.7597323], [-84.3841059, 33.7597386]]}, "properties": {"surface": "concrete", "highway": "footway"}}, {"type": "Feature", "geometry": {"type": "LineString", "coordinates": [[-84.3843076, 33.7597382], [-84.3843039, 33.7599055], [-84.3843031, 33.7600252], [-84.3842889, 33.7607403], [-84.3842896, 33.7608717]]}, "properties": {"surface": "concrete", "highway": "footway"}}, {"type": "Feature", "geometry": {"type": "LineString", "coordinates": [[-84.3885032, 33.7584832], [-84.3884327, 33.7584728], [-84.3883703, 33.758472], [-84.3882835, 33.758479], [-84.3879756, 33.7585004], [-84.3877106, 33.7585074]]}, "properties": {"surface": "", "highway": "footway"}}, {"type": "Feature", "geometry": {"type": "LineString", "coordinates": [[-84.3885685, 33.758506], [-84.388548, 33.7584959], [-84.3885465, 33.7584954], [-84.3885238, 33.7584882], [-84.3885032, 33.7584832]]}, "properties": {"surface": "concrete", "highway": "footway"}}, {"type": "Feature", "geometry": {"type": "LineString", "coordinates": [[-84.3919491, 33.7609333], [-84.3919524, 33.7608725]]}, "properties": {"surface": "concrete", "highway": "footway"}}, {"type": "Feature", "geometry": {"type": "LineString", "coordinates": [[-84.3921586, 33.7620721], [-84.3921591, 33.7619779], [-84.3921687, 33.7618633], [-84.3921679, 33.7615687], [-84.3921671, 33.7612839], [-84.3921665, 33.7610684]]}, "properties": {"surface": "concrete", "highway": "footway"}}, {"type": "Feature", "geometry": {"type": "LineString", "coordinates": [[-84.3921743, 33.7608862], [-84.3921694, 33.7610003], [-84.3921665, 33.7610684]]}, "properties": {"surface": "concrete", "highway": "footway"}}, {"type": "Feature", "geometry": {"type": "LineString", "coordinates": [[-84.3921905, 33.7598118], [-84.3921858, 33.760126], [-84.3921814, 33.7604185], [-84.392177, 33.7607088], [-84.3921743, 33.7608862]]}, "properties": {"surface": "concrete", "highway": "footway"}}, {"type": "Feature", "geometry": {"type": "LineString", "coordinates": [[-84.3921925, 33.7596623], [-84.3921869, 33.7597258], [-84.3921905, 33.7598118]]}, "properties": {"surface": "concrete", "highway": "footway"}}, {"type": "Feature", "geometry": {"type": "LineString", "coordinates": [[-84.3919449, 33.7596308], [-84.3919639, 33.7596035], [-84.3919648, 33.7595983], [-84.3919664, 33.7595818], [-84.3919848, 33.7592805], [-84.3919872, 33.7592476]]}, "properties": {"surface": "", "highway": "footway"}}, {"type": "Feature", "geometry": {"type": "LineString", "coordinates": [[-84.3921048, 33.7588627], [-84.3920941, 33.7589081], [-84.3920746, 33.7589645], [-84.3920503, 33.7590345]]}, "properties": {"surface": "concrete", "highway": "footway"}}, {"type": "Feature", "geometry": {"type": "LineString", "coordinates": [[-84.392684, 33.7584423], [-84.3921913, 33.7587864]]}, "properties": {"surface": "concrete", "highway": "footway"}}, {"type": "Feature", "geometry": {"type": "LineString", "coordinates": [[-84.3962995, 33.7517483], [-84.3965623, 33.7514226], [-84.3967414, 33.7512004], [-84.3969287, 33.750968], [-84.3969321, 33.7509286], [-84.3971516, 33.7506693]]}, "properties": {"surface": "concrete", "highway": "footway"}}, {"type": "Feature", "geometry": {"type": "LineString", "coordinates": [[-84.3824765, 33.7543286], [-84.3829382, 33.7538965], [-84.3830784, 33.7537619], [-84.3833191, 33.7535434]]}, "properties": {"surface": "", "highway": "footway"}}, {"type": "Feature", "geometry": {"type": "LineString", "coordinates": [[-84.396226, 33.7695665], [-84.3962654, 33.7694015], [-84.3962913, 33.7689483], [-84.3962952, 33.7688226], [-84.3962979, 33.7687392], [-84.3962991, 33.7687166], [-84.3962967, 33.7687009], [-84.3962896, 33.7686877], [-84.396279, 33.7686735], [-84.3962649, 33.7686612], [-84.3962478, 33.7686563], [-84.3962171, 33.7686534], [-84.3962053, 33.7686504], [-84.3961976, 33.7686431], [-84.3961935, 33.7686235], [-84.3961956, 33.7682928], [-84.3961975, 33.7682692], [-84.396204, 33.7682534], [-84.3962206, 33.76824], [-84.3962348, 33.7682292], [-84.3962412, 33.768214], [-84.3962427, 33.767949]]}, "properties": {"surface": "", "highway": "footway"}}, {"type": "Feature", "geometry": {"type": "LineString", "coordinates": [[-84.3989013, 33.771153], [-84.3987899, 33.7711835], [-84.3985713, 33.7712203], [-84.3983191, 33.7712504], [-84.398059, 33.7712704], [-84.3972905, 33.7712631], [-84.3962625, 33.7712438], [-84.3961873, 33.7712465]]}, "properties": {"surface": "paved", "highway": "footway"}}, {"type": "Feature", "geometry": {"type": "LineString", "coordinates": [[-84.4017713, 33.7637882], [-84.40259, 33.7636585], [-84.4026658, 33.7636442], [-84.4028455, 33.7636103]]}, "properties": {"surface": "", "highway": "footway"}}, {"type": "Feature", "geometry": {"type": "LineString", "coordinates": [[-84.3959729, 33.7712531], [-84.3950343, 33.7712537]]}, "properties": {"surface": "paved", "highway": "footway"}}, {"type": "Feature", "geometry": {"type": "LineString", "coordinates": [[-84.3922587, 33.7705148], [-84.3922545, 33.7707973], [-84.3922527, 33.7711677], [-84.3922581, 33.7711802], [-84.3922673, 33.7711897], [-84.392262, 33.7711941]]}, "properties": {"surface": "", "highway": "footway"}}, {"type": "Feature", "geometry": {"type": "LineString", "coordinates": [[-84.3938166, 33.7512977], [-84.3940525, 33.7514262], [-84.3941852, 33.7514975], [-84.3943149, 33.7515665]]}, "properties": {"surface": "concrete", "highway": "footway"}}, {"type": "Feature", "geometry": {"type": "LineString", "coordinates": [[-84.3950655, 33.7505765], [-84.3947868, 33.7504188], [-84.3945912, 33.7503149], [-84.3945692, 33.7503159]]}, "properties": {"surface": "concrete", "highway": "footway"}}, {"type": "Feature", "geometry": {"type": "LineString", "coordinates": [[-84.3952117, 33.750654], [-84.3964127, 33.7506576], [-84.3964243, 33.7506575], [-84.3967139, 33.7506563], [-84.3967452, 33.7506592], [-84.3967775, 33.7506706], [-84.3968044, 33.7506926], [-84.3968229, 33.7507136], [-84.396834, 33.7507426], [-84.3968371, 33.7507708]]}, "properties": {"surface": "concrete", "highway": "footway"}}, {"type": "Feature", "geometry": {"type": "LineString", "coordinates": [[-84.3968371, 33.7507708], [-84.3968344, 33.7507884], [-84.3967186, 33.7509365], [-84.3967095, 33.7509481], [-84.3965841, 33.7511097], [-84.3964616, 33.7512675], [-84.3961886, 33.7516169], [-84.3961406, 33.7516754]]}, "properties": {"surface": "concrete", "highway": "footway"}}, {"type": "Feature", "geometry": {"type": "LineString", "coordinates": [[-84.3949142, 33.7510427], [-84.3949656, 33.7509672], [-84.394969, 33.7509629], [-84.3950696, 33.7508345], [-84.3951925, 33.7506777]]}, "properties": {"surface": "concrete", "highway": "footway"}}, {"type": "Feature", "geometry": {"type": "LineString", "coordinates": [[-84.3926715, 33.752479], [-84.3924059, 33.7523287], [-84.3921618, 33.7521905]]}, "properties": {"surface": "", "highway": "footway"}}, {"type": "Feature", "geometry": {"type": "LineString", "coordinates": [[-84.3909896, 33.7515456], [-84.392017, 33.7521114]]}, "properties": {"surface": "", "highway": "footway"}}, {"type": "Feature", "geometry": {"type": "LineString", "coordinates": [[-84.3911157, 33.7513875], [-84.3921396, 33.7519502]]}, "properties": {"surface": "", "highway": "footway"}}, {"type": "Feature", "geometry": {"type": "LineString", "coordinates": [[-84.3929114, 33.7509769], [-84.3923309, 33.7506601], [-84.3922704, 33.7506271], [-84.3918861, 33.7504082]]}, "properties": {"surface": "concrete", "highway": "footway"}}, {"type": "Feature", "geometry": {"type": "LineString", "coordinates": [[-84.3900811, 33.7524115], [-84.3908377, 33.7514649]]}, "properties": {"surface": "", "highway": "footway"}}, {"type": "Feature", "geometry": {"type": "LineString", "coordinates": [[-84.3908377, 33.7514649], [-84.3898877, 33.7509445]]}, "properties": {"surface": "", "highway": "footway"}}, {"type": "Feature", "geometry": {"type": "LineString", "coordinates": [[-84.3917177, 33.7503183], [-84.3911805, 33.7500181], [-84.3908763, 33.7498481], [-84.3906996, 33.7497512]]}, "properties": {"surface": "concrete", "highway": "footway"}}, {"type": "Feature", "geometry": {"type": "LineString", "coordinates": [[-84.3909529, 33.7512993], [-84.3917177, 33.7503183]]}, "properties": {"surface": "", "highway": "footway"}}, {"type": "Feature", "geometry": {"type": "LineString", "coordinates": [[-84.3906996, 33.7497512], [-84.3901246, 33.7505293], [-84.390004, 33.7507697]]}, "properties": {"surface": "", "highway": "footway"}}, {"type": "Feature", "geometry": {"type": "LineString", "coordinates": [[-84.3931559, 33.7509364], [-84.393174, 33.7509493], [-84.3934039, 33.7510739], [-84.3934958, 33.7511223], [-84.3936759, 33.7512127]]}, "properties": {"surface": "concrete", "highway": "footway"}}, {"type": "Feature", "geometry": {"type": "LineString", "coordinates": [[-84.3930108, 33.750852], [-84.3932968, 33.7504999], [-84.3935005, 33.7502464], [-84.3937886, 33.7498702]]}, "properties": {"surface": "concrete", "highway": "footway"}}, {"type": "Feature", "geometry": {"type": "LineString", "coordinates": [[-84.3919677, 33.7502745], [-84.3930108, 33.750852]]}, "properties": {"surface": "concrete", "highway": "footway"}}, {"type": "Feature", "geometry": {"type": "LineString", "coordinates": [[-84.3925942, 33.7492212], [-84.3925165, 33.7493348], [-84.3925046, 33.7493493], [-84.3923927, 33.7494963], [-84.391825, 33.7502058]]}, "properties": {"surface": "", "highway": "footway"}}, {"type": "Feature", "geometry": {"type": "LineString", "coordinates": [[-84.391825, 33.7502058], [-84.3914147, 33.7499784], [-84.3907867, 33.7496305]]}, "properties": {"surface": "concrete", "highway": "footway"}}, {"type": "Feature", "geometry": {"type": "LineString", "coordinates": [[-84.3944224, 33.7502193], [-84.3944038, 33.7502085], [-84.3942429, 33.7501237], [-84.3942202, 33.7501117], [-84.3939408, 33.7499559]]}, "properties": {"surface": "", "highway": "footway"}}, {"type": "Feature", "geometry": {"type": "LineString", "coordinates": [[-84.3915753, 33.7486596], [-84.3921609, 33.7489707], [-84.3924197, 33.7491113], [-84.3924396, 33.7491238], [-84.3925942, 33.7492212]]}, "properties": {"surface": "", "highway": "footway"}}, {"type": "Feature", "geometry": {"type": "LineString", "coordinates": [[-84.3934147, 33.7644834], [-84.3933863, 33.7644798], [-84.3933573, 33.7644713], [-84.3933114, 33.7644588], [-84.3932501, 33.7644444], [-84.3931848, 33.7644352], [-84.393076, 33.7644345], [-84.3930669, 33.7644349], [-84.3929673, 33.7644395], [-84.3928899, 33.7644455], [-84.3927359, 33.7644573], [-84.392644, 33.7644684], [-84.3924746, 33.7645033], [-84.3920385, 33.7645249]]}, "properties": {"surface": "concrete", "highway": "footway"}}, {"type": "Feature", "geometry": {"type": "LineString", "coordinates": [[-84.3963591, 33.7619563], [-84.3962021, 33.7617163], [-84.3961135, 33.7615807], [-84.3960273, 33.7614664], [-84.3960082, 33.7614578], [-84.3959866, 33.7614525], [-84.3959701, 33.7614529], [-84.3959547, 33.7614558]]}, "properties": {"surface": "concrete", "highway": "footway"}}, {"type": "Feature", "geometry": {"type": "LineString", "coordinates": [[-84.3934806, 33.7481134], [-84.3933287, 33.7483048], [-84.3929878, 33.7487402], [-84.3926963, 33.7491071]]}, "properties": {"surface": "", "highway": "footway"}}, {"type": "Feature", "geometry": {"type": "LineString", "coordinates": [[-84.3937144, 33.7480699], [-84.3943905, 33.747203], [-84.3944387, 33.7471412], [-84.3944852, 33.7470839], [-84.3945064, 33.7470548], [-84.3945157, 33.7470456]]}, "properties": {"surface": "", "highway": "footway"}}, {"type": "Feature", "geometry": {"type": "LineString", "coordinates": [[-84.3927051, 33.7583834], [-84.3927123, 33.7584027], [-84.3927058, 33.7584249], [-84.392684, 33.7584423]]}, "properties": {"surface": "concrete", "highway": "footway"}}, {"type": "Feature", "geometry": {"type": "LineString", "coordinates": [[-84.392829, 33.7583139], [-84.3931495, 33.7580787], [-84.3933522, 33.7579297]]}, "properties": {"surface": "", "highway": "footway"}}, {"type": "Feature", "geometry": {"type": "LineString", "coordinates": [[-84.3928197, 33.7585671], [-84.3927995, 33.7585821], [-84.3925223, 33.7587881], [-84.3924253, 33.7588616], [-84.3923658, 33.7589203], [-84.3923096, 33.7589875], [-84.3922722, 33.759057], [-84.392241, 33.7591386], [-84.3922189, 33.7592383]]}, "properties": {"surface": "concrete", "highway": "footway"}}, {"type": "Feature", "geometry": {"type": "LineString", "coordinates": [[-84.394805, 33.7600629], [-84.3948027, 33.7600315], [-84.3947925, 33.7599901], [-84.394759, 33.7599272], [-84.3946678, 33.759756], [-84.3943511, 33.7591803]]}, "properties": {"surface": "concrete", "highway": "footway"}}, {"type": "Feature", "geometry": {"type": "LineString", "coordinates": [[-84.3950835, 33.7601355], [-84.3949951, 33.7599807]]}, "properties": {"surface": "", "highway": "footway"}}, {"type": "Feature", "geometry": {"type": "LineString", "coordinates": [[-84.3904806, 33.7610701], [-84.3892048, 33.7610717], [-84.3891261, 33.7610718]]}, "properties": {"surface": "concrete", "highway": "footway"}}, {"type": "Feature", "geometry": {"type": "LineString", "coordinates": [[-84.3895477, 33.7583874], [-84.3899805, 33.7588127]]}, "properties": {"surface": "", "highway": "footway"}}, {"type": "Feature", "geometry": {"type": "LineString", "coordinates": [[-84.3897666, 33.7596517], [-84.3894669, 33.7593767], [-84.3894553, 33.7593722], [-84.3894547, 33.7593655]]}, "properties": {"surface": "concrete", "highway": "footway"}}, {"type": "Feature", "geometry": {"type": "LineString", "coordinates": [[-84.3897666, 33.7596517], [-84.3896201, 33.7596524], [-84.3891989, 33.7596546]]}, "properties": {"surface": "", "highway": "footway"}}, {"type": "Feature", "geometry": {"type": "LineString", "coordinates": [[-84.3798447, 33.7525906], [-84.379765, 33.7524798], [-84.3797325, 33.7523937], [-84.379694, 33.7523048], [-84.3796504, 33.7521999], [-84.379628, 33.7520989], [-84.3796037, 33.7519678], [-84.3796074, 33.7517365], [-84.3796095, 33.7516756]]}, "properties": {"surface": "", "highway": "footway"}}, {"type": "Feature", "geometry": {"type": "LineString", "coordinates": [[-84.3796049, 33.7513386], [-84.3796022, 33.7511913], [-84.3796004, 33.7511353], [-84.379616, 33.7507176], [-84.3795994, 33.750255], [-84.3796033, 33.7501728], [-84.3796103, 33.7501557], [-84.3796163, 33.7501299], [-84.3796185, 33.7500714], [-84.379619, 33.7499014], [-84.3796194, 33.7498688], [-84.3796209, 33.7498612], [-84.3796268, 33.7498556], [-84.3796367, 33.7498514], [-84.3796498, 33.7498488], [-84.3796629, 33.7498481], [-84.3796724, 33.7498475], [-84.3796814, 33.7498469], [-84.3796995, 33.7498497], [-84.3804816, 33.7498563], [-84.3805235, 33.7498546], [-84.380574, 33.7498515], [-84.3810161, 33.7498535], [-84.3810715, 33.7498589], [-84.3813254, 33.7498715], [-84.3816071, 33.7498834], [-84.381628, 33.7498843]]}, "properties": {"surface": "", "highway": "footway"}}, {"type": "Feature", "geometry": {"type": "LineString", "coordinates": [[-84.381628, 33.7498843], [-84.3820932, 33.7499043], [-84.3825402, 33.7499132], [-84.3828391, 33.7499428]]}, "properties": {"surface": "", "highway": "footway"}}, {"type": "Feature", "geometry": {"type": "LineString", "coordinates": [[-84.3828391, 33.7499428], [-84.3829195, 33.749965]]}, "properties": {"surface": "", "highway": "footway"}}, {"type": "Feature", "geometry": {"type": "LineString", "coordinates": [[-84.3796095, 33.7516756], [-84.3796121, 33.7516011], [-84.3796049, 33.7513386]]}, "properties": {"surface": "", "highway": "footway"}}, {"type": "Feature", "geometry": {"type": "LineString", "coordinates": [[-84.3798728, 33.7526272], [-84.3798447, 33.7525906]]}, "properties": {"surface": "", "highway": "footway"}}, {"type": "Feature", "geometry": {"type": "LineString", "coordinates": [[-84.3952548, 33.7531926], [-84.395263, 33.753197]]}, "properties": {"surface": "concrete", "highway": "pedestrian"}}, {"type": "Feature", "geometry": {"type": "LineString", "coordinates": [[-84.3953658, 33.7530673], [-84.3953607, 33.7530646], [-84.3953568, 33.7530625], [-84.3952985, 33.7531368]]}, "properties": {"surface": "concrete", "highway": "pedestrian"}}, {"type": "Feature", "geometry": {"type": "LineString", "coordinates": [[-84.3951626, 33.7534048], [-84.3951105, 33.7533765]]}, "properties": {"surface": "concrete", "highway": "pedestrian"}}, {"type": "Feature", "geometry": {"type": "LineString", "coordinates": [[-84.3952934, 33.7532138], [-84.3953068, 33.7532211], [-84.3953507, 33.7531651]]}, "properties": {"surface": "concrete", "highway": "pedestrian"}}, {"type": "Feature", "geometry": {"type": "LineString", "coordinates": [[-84.3954203, 33.7530969], [-84.3954036, 33.7531182], [-84.395387, 33.7531092], [-84.3953453, 33.7531622]]}, "properties": {"surface": "concrete", "highway": "pedestrian"}}, {"type": "Feature", "geometry": {"type": "LineString", "coordinates": [[-84.396179, 33.7534624], [-84.3961513, 33.7534474]]}, "properties": {"surface": "concrete", "highway": "pedestrian"}}, {"type": "Feature", "geometry": {"type": "LineString", "coordinates": [[-84.3961948, 33.753471], [-84.396179, 33.7534624]]}, "properties": {"surface": "concrete", "highway": "pedestrian"}}, {"type": "Feature", "geometry": {"type": "LineString", "coordinates": [[-84.3953568, 33.7530625], [-84.3953657, 33.7530514], [-84.3953928, 33.7530505], [-84.3954572, 33.7529697]]}, "properties": {"surface": "concrete", "highway": "pedestrian"}}, {"type": "Feature", "geometry": {"type": "LineString", "coordinates": [[-84.3959801, 33.752846], [-84.3959515, 33.7528305], [-84.3956354, 33.7532333], [-84.3954908, 33.7531549], [-84.3955017, 33.753141], [-84.3954203, 33.7530969], [-84.3954077, 33.7530901]]}, "properties": {"surface": "concrete", "highway": "pedestrian"}}, {"type": "Feature", "geometry": {"type": "LineString", "coordinates": [[-84.3963977, 33.7531018], [-84.3963558, 33.753079], [-84.3963719, 33.7530585], [-84.3959801, 33.752846], [-84.3960245, 33.7527894]]}, "properties": {"surface": "concrete", "highway": "pedestrian"}}, {"type": "Feature", "geometry": {"type": "LineString", "coordinates": [[-84.3963918, 33.75322], [-84.3963793, 33.7532132], [-84.3964461, 33.753128], [-84.3963977, 33.7531018], [-84.3964719, 33.7530072]]}, "properties": {"surface": "concrete", "highway": "pedestrian"}}, {"type": "Feature", "geometry": {"type": "LineString", "coordinates": [[-84.3959912, 33.7537305], [-84.3961948, 33.753471], [-84.3963918, 33.75322], [-84.3965095, 33.7532838]]}, "properties": {"surface": "concrete", "highway": "pedestrian"}}, {"type": "Feature", "geometry": {"type": "LineString", "coordinates": [[-84.3958897, 33.7537857], [-84.3959187, 33.7538014], [-84.3959794, 33.7537241], [-84.3959912, 33.7537305], [-84.3960078, 33.7537395]]}, "properties": {"surface": "concrete", "highway": "pedestrian"}}, {"type": "Feature", "geometry": {"type": "LineString", "coordinates": [[-84.3954365, 33.7535399], [-84.3958897, 33.7537857], [-84.3958443, 33.7538436]]}, "properties": {"surface": "concrete", "highway": "pedestrian"}}, {"type": "Feature", "geometry": {"type": "LineString", "coordinates": [[-84.3797188, 33.752794], [-84.3797004, 33.7527695]]}, "properties": {"surface": "", "highway": "footway"}}, {"type": "Feature", "geometry": {"type": "LineString", "coordinates": [[-84.3797004, 33.7527695], [-84.3796163, 33.7526656], [-84.3795282, 33.7525158], [-84.3794176, 33.7522334], [-84.3793956, 33.7519405], [-84.3793993, 33.7518085]]}, "properties": {"surface": "", "highway": "footway"}}, {"type": "Feature", "geometry": {"type": "LineString", "coordinates": [[-84.3793993, 33.7518085], [-84.3793983, 33.7515815], [-84.3794126, 33.7513863], [-84.3794136, 33.7513453], [-84.3794118, 33.7513417], [-84.3794059, 33.7513304], [-84.3793905, 33.7513257], [-84.3793682, 33.7513383], [-84.3792046, 33.7513377], [-84.3786792, 33.751334], [-84.3784603, 33.7513317], [-84.3781889, 33.7513343], [-84.3780296, 33.7513328]]}, "properties": {"surface": "", "highway": "footway"}}, {"type": "Feature", "geometry": {"type": "LineString", "coordinates": [[-84.3794335, 33.7513394], [-84.3794118, 33.7513417]]}, "properties": {"surface": "", "highway": "footway"}}, {"type": "Feature", "geometry": {"type": "LineString", "coordinates": [[-84.3793898, 33.7513095], [-84.3793905, 33.7513257]]}, "properties": {"surface": "", "highway": "footway"}}, {"type": "Feature", "geometry": {"type": "LineString", "coordinates": [[-84.3780276, 33.7513552], [-84.3780037, 33.7513555]]}, "properties": {"surface": "", "highway": "footway"}}, {"type": "Feature", "geometry": {"type": "LineString", "coordinates": [[-84.3779285, 33.7513552], [-84.3779113, 33.7513549]]}, "properties": {"surface": "", "highway": "footway"}}, {"type": "Feature", "geometry": {"type": "LineString", "coordinates": [[-84.3767465, 33.7524316], [-84.3768055, 33.7524275], [-84.376869, 33.7524301], [-84.377402, 33.7524295], [-84.3775057, 33.7524294], [-84.3776644, 33.7524335]]}, "properties": {"surface": "", "highway": "footway"}}, {"type": "Feature", "geometry": {"type": "LineString", "coordinates": [[-84.3776876, 33.7513492], [-84.377666, 33.7513495]]}, "properties": {"surface": "", "highway": "footway"}}, {"type": "Feature", "geometry": {"type": "LineString", "coordinates": [[-84.3776791, 33.7511734], [-84.3776677, 33.7512167]]}, "properties": {"surface": "", "highway": "footway"}}, {"type": "Feature", "geometry": {"type": "LineString", "coordinates": [[-84.3794438, 33.7499021], [-84.3794427, 33.749875], [-84.3794359, 33.7498576], [-84.3794142, 33.7498486], [-84.3793871, 33.7498463], [-84.3793316, 33.7498615], [-84.3786977, 33.7499359], [-84.3782278, 33.7500049], [-84.3779012, 33.7500575]]}, "properties": {"surface": "", "highway": "footway"}}, {"type": "Feature", "geometry": {"type": "LineString", "coordinates": [[-84.3970423, 33.7505363], [-84.3968519, 33.7505364], [-84.3966844, 33.7505372], [-84.3962177, 33.7505345], [-84.3959172, 33.7505328], [-84.3953005, 33.7505301]]}, "properties": {"surface": "", "highway": "footway"}}, {"type": "Feature", "geometry": {"type": "LineString", "coordinates": [[-84.3970423, 33.7505363], [-84.3972522, 33.7502]]}, "properties": {"surface": "", "highway": "footway"}}, {"type": "Feature", "geometry": {"type": "LineString", "coordinates": [[-84.3972522, 33.7502], [-84.3971239, 33.7501292], [-84.3968992, 33.7500029], [-84.3967379, 33.7499122], [-84.3961135, 33.749561], [-84.3960663, 33.7495452]]}, "properties": {"surface": "", "highway": "footway"}}, {"type": "Feature", "geometry": {"type": "LineString", "coordinates": [[-84.3960663, 33.7495452], [-84.3957433, 33.7499606], [-84.3956423, 33.7500904], [-84.3953005, 33.7505301]]}, "properties": {"surface": "", "highway": "footway"}}, {"type": "Feature", "geometry": {"type": "LineString", "coordinates": [[-84.3834834, 33.7499875], [-84.3833716, 33.7499206], [-84.3832447, 33.7498656], [-84.3831934, 33.7498508], [-84.3831173, 33.7498271]]}, "properties": {"surface": "", "highway": "footway"}}, {"type": "Feature", "geometry": {"type": "LineString", "coordinates": [[-84.3829265, 33.7497842], [-84.382777, 33.7497586], [-84.3824717, 33.749742], [-84.3818643, 33.7497455], [-84.3816754, 33.7497454]]}, "properties": {"surface": "", "highway": "footway"}}, {"type": "Feature", "geometry": {"type": "LineString", "coordinates": [[-84.3816754, 33.7497454], [-84.3810719, 33.7497342], [-84.3805722, 33.7497349], [-84.3796741, 33.7497034]]}, "properties": {"surface": "", "highway": "footway"}}, {"type": "Feature", "geometry": {"type": "LineString", "coordinates": [[-84.3796741, 33.7497034], [-84.3796473, 33.7496979], [-84.3796179, 33.7496757], [-84.3796175, 33.7495329], [-84.3796312, 33.7490234]]}, "properties": {"surface": "", "highway": "footway"}}, {"type": "Feature", "geometry": {"type": "LineString", "coordinates": [[-84.3796312, 33.7490234], [-84.3796338, 33.7485678]]}, "properties": {"surface": "", "highway": "footway"}}, {"type": "Feature", "geometry": {"type": "LineString", "coordinates": [[-84.3767573, 33.7512043], [-84.3767596, 33.7511654], [-84.3767601, 33.7511574], [-84.3767662, 33.7502984], [-84.3767673, 33.750247], [-84.3767882, 33.7502405]]}, "properties": {"surface": "", "highway": "footway"}}, {"type": "Feature", "geometry": {"type": "LineString", "coordinates": [[-84.3780419, 33.7512198], [-84.3780467, 33.7511999], [-84.3780478, 33.7511742], [-84.3780411, 33.7511742], [-84.3776892, 33.7511734], [-84.3776791, 33.7511734], [-84.3772446, 33.7511724], [-84.3767596, 33.7511654], [-84.3767191, 33.7511642]]}, "properties": {"surface": "", "highway": "footway"}}, {"type": "Feature", "geometry": {"type": "LineString", "coordinates": [[-84.3766311, 33.7513918], [-84.376598, 33.7514059]]}, "properties": {"surface": "", "highway": "footway"}}, {"type": "Feature", "geometry": {"type": "LineString", "coordinates": [[-84.3765867, 33.7502704], [-84.3766227, 33.7502998]]}, "properties": {"surface": "", "highway": "footway"}}, {"type": "Feature", "geometry": {"type": "LineString", "coordinates": [[-84.374863, 33.7505503], [-84.3749194, 33.750538], [-84.3750903, 33.7505035], [-84.3753623, 33.7504591], [-84.3759956, 33.7503556], [-84.3765867, 33.7502704]]}, "properties": {"surface": "", "highway": "footway"}}, {"type": "Feature", "geometry": {"type": "LineString", "coordinates": [[-84.3736667, 33.7507581], [-84.3736975, 33.7507445], [-84.3740203, 33.7506849], [-84.3742164, 33.7506484], [-84.3747175, 33.7505766]]}, "properties": {"surface": "", "highway": "footway"}}, {"type": "Feature", "geometry": {"type": "LineString", "coordinates": [[-84.373534, 33.7507839], [-84.3735394, 33.750808], [-84.3735443, 33.7508455]]}, "properties": {"surface": "", "highway": "footway"}}, {"type": "Feature", "geometry": {"type": "LineString", "coordinates": [[-84.4021367, 33.7565673], [-84.4024128, 33.7564281], [-84.4025776, 33.7564094], [-84.4026547, 33.7564099]]}, "properties": {"surface": "", "highway": "pedestrian"}}, {"type": "Feature", "geometry": {"type": "LineString", "coordinates": [[-84.4026547, 33.7564099], [-84.4026562, 33.7563476], [-84.4026595, 33.7562249]]}, "properties": {"surface": "", "highway": "footway"}}, {"type": "Feature", "geometry": {"type": "LineString", "coordinates": [[-84.4026298, 33.7544946], [-84.4026294, 33.7540591], [-84.4026311, 33.7540372]]}, "properties": {"surface": "", "highway": "footway"}}, {"type": "Feature", "geometry": {"type": "LineString", "coordinates": [[-84.3905187, 33.7496908], [-84.3904993, 33.7496482]]}, "properties": {"surface": "", "highway": "footway"}}, {"type": "Feature", "geometry": {"type": "LineString", "coordinates": [[-84.3878979, 33.7571082], [-84.3879215, 33.7571084], [-84.3879369, 33.7571013], [-84.3882468, 33.7565425], [-84.3883068, 33.7564371], [-84.3883571, 33.7563369], [-84.3883645, 33.7562674]]}, "properties": {"surface": "", "highway": "footway"}}, {"type": "Feature", "geometry": {"type": "LineString", "coordinates": [[-84.388482, 33.7561369], [-84.3885228, 33.7560414]]}, "properties": {"surface": "", "highway": "footway"}}, {"type": "Feature", "geometry": {"type": "LineString", "coordinates": [[-84.3883645, 33.7562674], [-84.3883505, 33.7562156]]}, "properties": {"surface": "", "highway": "footway"}}, {"type": "Feature", "geometry": {"type": "LineString", "coordinates": [[-84.3879438, 33.7574059], [-84.3879677, 33.7573675], [-84.3881669, 33.7570253]]}, "properties": {"surface": "", "highway": "footway"}}, {"type": "Feature", "geometry": {"type": "LineString", "coordinates": [[-84.38907, 33.7567636], [-84.3887775, 33.7564363], [-84.388729, 33.7563853], [-84.3886869, 33.7563215]]}, "properties": {"surface": "", "highway": "footway"}}, {"type": "Feature", "geometry": {"type": "LineString", "coordinates": [[-84.4025709, 33.7579218], [-84.4025646, 33.7579098]]}, "properties": {"surface": "", "highway": "footway"}}, {"type": "Feature", "geometry": {"type": "LineString", "coordinates": [[-84.4014521, 33.7538053], [-84.4011679, 33.7537967], [-84.4009609, 33.7537936], [-84.4009091, 33.7537931]]}, "properties": {"surface": "concrete", "highway": "footway"}}, {"type": "Feature", "geometry": {"type": "LineString", "coordinates": [[-84.4009091, 33.7537931], [-84.3997931, 33.753786], [-84.3997561, 33.7537831], [-84.3997365, 33.7537712]]}, "properties": {"surface": "concrete", "highway": "footway"}}, {"type": "Feature", "geometry": {"type": "LineString", "coordinates": [[-84.3986399, 33.7536518], [-84.3985763, 33.7541327], [-84.3985669, 33.754182], [-84.3985471, 33.7542473], [-84.3985257, 33.7543253], [-84.3984762, 33.7544252]]}, "properties": {"surface": "concrete", "highway": "footway"}}, {"type": "Feature", "geometry": {"type": "LineString", "coordinates": [[-84.3983581, 33.7546568], [-84.398353, 33.7546547], [-84.3981755, 33.7546283], [-84.3978364, 33.7546223], [-84.3974372, 33.7546143], [-84.3972954, 33.7546105], [-84.3972453, 33.7546092], [-84.3970686, 33.7545983], [-84.3968944, 33.7545746], [-84.3967315, 33.7545442], [-84.3965719, 33.754507], [-84.396401, 33.7544559], [-84.3962746, 33.7544141], [-84.3958332, 33.7542058], [-84.3948741, 33.7536761], [-84.3948279, 33.7536609], [-84.3948303, 33.7536509]]}, "properties": {"surface": "", "highway": "footway"}}, {"type": "Feature", "geometry": {"type": "LineString", "coordinates": [[-84.3988534, 33.7536727], [-84.3987738, 33.7542391], [-84.3987715, 33.7542849], [-84.398791, 33.7544169], [-84.3987788, 33.7544262]]}, "properties": {"surface": "", "highway": "footway"}}, {"type": "Feature", "geometry": {"type": "LineString", "coordinates": [[-84.4000701, 33.7542929], [-84.3999224, 33.7543996], [-84.3997735, 33.7544772], [-84.3996207, 33.7545399], [-84.3994372, 33.7545975], [-84.399237, 33.7546278], [-84.3991179, 33.7546412], [-84.3989709, 33.754647], [-84.3987454, 33.7546561], [-84.3987271, 33.7546451]]}, "properties": {"surface": "", "highway": "footway"}}, {"type": "Feature", "geometry": {"type": "LineString", "coordinates": [[-84.3982193, 33.7555013], [-84.398241, 33.7555274], [-84.3985935, 33.7557763]]}, "properties": {"surface": "", "highway": "footway"}}, {"type": "Feature", "geometry": {"type": "LineString", "coordinates": [[-84.3980667, 33.7556496], [-84.3980641, 33.7556593], [-84.3981206, 33.7556898], [-84.3981891, 33.7557386], [-84.3984188, 33.7559047]]}, "properties": {"surface": "", "highway": "footway"}}, {"type": "Feature", "geometry": {"type": "LineString", "coordinates": [[-84.3980274, 33.755376], [-84.3980226, 33.7553719], [-84.3980583, 33.755335], [-84.3981213, 33.7552619], [-84.3981851, 33.7551837], [-84.3982409, 33.7551026], [-84.3983023, 33.7550056], [-84.3983399, 33.7549411], [-84.3983642, 33.7548903], [-84.3983806, 33.7548445], [-84.3983925, 33.7547816], [-84.3983989, 33.7547318], [-84.3984, 33.7547092], [-84.3983982, 33.7546843], [-84.3983581, 33.7546568], [-84.3983668, 33.7546489]]}, "properties": {"surface": "", "highway": "footway"}}, {"type": "Feature", "geometry": {"type": "LineString", "coordinates": [[-84.3978867, 33.7555156], [-84.3978814, 33.7555112], [-84.3979552, 33.7554441], [-84.3980226, 33.7553719]]}, "properties": {"surface": "", "highway": "footway"}}, {"type": "Feature", "geometry": {"type": "LineString", "coordinates": [[-84.3949788, 33.7567695], [-84.3951817, 33.7566673], [-84.3953228, 33.7566025], [-84.3954167, 33.7565709]]}, "properties": {"surface": "", "highway": "footway"}}, {"type": "Feature", "geometry": {"type": "LineString", "coordinates": [[-84.3937075, 33.7579643], [-84.3937259, 33.7579089]]}, "properties": {"surface": "", "highway": "footway"}}, {"type": "Feature", "geometry": {"type": "LineString", "coordinates": [[-84.3934753, 33.7580831], [-84.3934111, 33.7581297], [-84.393067, 33.7583795], [-84.3930047, 33.7584225]]}, "properties": {"surface": "concrete", "highway": "footway"}}, {"type": "Feature", "geometry": {"type": "LineString", "coordinates": [[-84.3935492, 33.7580947], [-84.3934753, 33.7580831]]}, "properties": {"surface": "concrete", "highway": "footway"}}, {"type": "Feature", "geometry": {"type": "LineString", "coordinates": [[-84.3933522, 33.7579297], [-84.3933692, 33.7578996]]}, "properties": {"surface": "concrete", "highway": "footway"}}, {"type": "Feature", "geometry": {"type": "LineString", "coordinates": [[-84.3944929, 33.7591012], [-84.3944784, 33.7590644], [-84.394476, 33.7590393], [-84.3944861, 33.7590215]]}, "properties": {"surface": "concrete", "highway": "footway"}}, {"type": "Feature", "geometry": {"type": "LineString", "coordinates": [[-84.3911148, 33.7552981], [-84.3907278, 33.754912], [-84.3906955, 33.7548798]]}, "properties": {"surface": "", "highway": "footway"}}, {"type": "Feature", "geometry": {"type": "LineString", "coordinates": [[-84.3906955, 33.7548798], [-84.3906701, 33.7548533], [-84.3906633, 33.7548465], [-84.3906008, 33.7547839]]}, "properties": {"surface": "", "highway": "footway"}}, {"type": "Feature", "geometry": {"type": "LineString", "coordinates": [[-84.3912317, 33.7554134], [-84.3912396, 33.7554215], [-84.3916444, 33.7558348]]}, "properties": {"surface": "", "highway": "footway"}}, {"type": "Feature", "geometry": {"type": "LineString", "coordinates": [[-84.3919358, 33.7564333], [-84.3915079, 33.7560502]]}, "properties": {"surface": "", "highway": "footway"}}, {"type": "Feature", "geometry": {"type": "LineString", "coordinates": [[-84.392713, 33.7568612], [-84.3922738, 33.7564192]]}, "properties": {"surface": "", "highway": "footway"}}, {"type": "Feature", "geometry": {"type": "LineString", "coordinates": [[-84.3922738, 33.7564192], [-84.392121, 33.756271]]}, "properties": {"surface": "", "highway": "footway"}}, {"type": "Feature", "geometry": {"type": "LineString", "coordinates": [[-84.3919732, 33.756467], [-84.3919358, 33.7564333]]}, "properties": {"surface": "", "highway": "footway"}}, {"type": "Feature", "geometry": {"type": "LineString", "coordinates": [[-84.3934794, 33.7577087], [-84.3930697, 33.7572498], [-84.3928236, 33.7569741]]}, "properties": {"surface": "", "highway": "footway"}}, {"type": "Feature", "geometry": {"type": "LineString", "coordinates": [[-84.3933692, 33.7578996], [-84.3932002, 33.7577175], [-84.3930722, 33.7575865], [-84.3926291, 33.7571195]]}, "properties": {"surface": "", "highway": "footway"}}, {"type": "Feature", "geometry": {"type": "LineString", "coordinates": [[-84.3927051, 33.7583834], [-84.3925495, 33.7582348], [-84.3920708, 33.7577776], [-84.3919439, 33.7576381]]}, "properties": {"surface": "", "highway": "footway"}}, {"type": "Feature", "geometry": {"type": "LineString", "coordinates": [[-84.3917823, 33.7574938], [-84.3916115, 33.7573413], [-84.3913895, 33.7570967]]}, "properties": {"surface": "", "highway": "footway"}}, {"type": "Feature", "geometry": {"type": "LineString", "coordinates": [[-84.3918925, 33.7576198], [-84.3919439, 33.7576381]]}, "properties": {"surface": "", "highway": "footway"}}, {"type": "Feature", "geometry": {"type": "LineString", "coordinates": [[-84.3920458, 33.7575386], [-84.3920523, 33.7575749]]}, "properties": {"surface": "", "highway": "footway"}}, {"type": "Feature", "geometry": {"type": "LineString", "coordinates": [[-84.3918924, 33.7574229], [-84.391927, 33.7574306]]}, "properties": {"surface": "", "highway": "footway"}}, {"type": "Feature", "geometry": {"type": "LineString", "coordinates": [[-84.3914852, 33.7570301], [-84.3914749, 33.7570072]]}, "properties": {"surface": "", "highway": "footway"}}, {"type": "Feature", "geometry": {"type": "LineString", "coordinates": [[-84.3913895, 33.7570967], [-84.3913503, 33.7570951]]}, "properties": {"surface": "", "highway": "footway"}}, {"type": "Feature", "geometry": {"type": "LineString", "coordinates": [[-84.3912501, 33.7569885], [-84.3912411, 33.7569694], [-84.3908005, 33.7565399]]}, "properties": {"surface": "", "highway": "footway"}}, {"type": "Feature", "geometry": {"type": "LineString", "coordinates": [[-84.3909203, 33.7564526], [-84.3913616, 33.7568912]]}, "properties": {"surface": "", "highway": "footway"}}, {"type": "Feature", "geometry": {"type": "LineString", "coordinates": [[-84.3913616, 33.7568912], [-84.3913776, 33.7568934]]}, "properties": {"surface": "", "highway": "footway"}}, {"type": "Feature", "geometry": {"type": "LineString", "coordinates": [[-84.3907526, 33.7564943], [-84.3903213, 33.7560557]]}, "properties": {"surface": "", "highway": "footway"}}, {"type": "Feature", "geometry": {"type": "LineString", "coordinates": [[-84.3903201, 33.7558708], [-84.389879, 33.7554639]]}, "properties": {"surface": "", "highway": "footway"}}, {"type": "Feature", "geometry": {"type": "LineString", "coordinates": [[-84.3904689, 33.7550678], [-84.389879, 33.7554639]]}, "properties": {"surface": "", "highway": "footway"}}, {"type": "Feature", "geometry": {"type": "LineString", "coordinates": [[-84.3944166, 33.7588579], [-84.3944403, 33.7588501], [-84.3944623, 33.7588408], [-84.3945129, 33.7588093], [-84.3952893, 33.7582385], [-84.395448, 33.7581346], [-84.3956475, 33.7580527]]}, "properties": {"surface": "concrete", "highway": "footway"}}, {"type": "Feature", "geometry": {"type": "LineString", "coordinates": [[-84.3981442, 33.7578992], [-84.3982698, 33.7579009], [-84.398596, 33.7579103], [-84.398884, 33.7579163], [-84.3990199, 33.7579085]]}, "properties": {"surface": "", "highway": "footway"}}, {"type": "Feature", "geometry": {"type": "LineString", "coordinates": [[-84.3993582, 33.7568378], [-84.39935, 33.7577907], [-84.399386, 33.7578778]]}, "properties": {"surface": "", "highway": "footway"}}, {"type": "Feature", "geometry": {"type": "LineString", "coordinates": [[-84.4025967, 33.7581406], [-84.4016162, 33.7581351], [-84.400109, 33.7581394]]}, "properties": {"surface": "", "highway": "footway"}}, {"type": "Feature", "geometry": {"type": "LineString", "coordinates": [[-84.397905, 33.7578259], [-84.3979257, 33.7578798], [-84.397973, 33.7579013], [-84.3981442, 33.7578992]]}, "properties": {"surface": "", "highway": "footway"}}, {"type": "Feature", "geometry": {"type": "LineString", "coordinates": [[-84.3974109, 33.7578753], [-84.3975508, 33.7578997], [-84.397597, 33.7578858], [-84.3976167, 33.7578594], [-84.3976213, 33.7578227]]}, "properties": {"surface": "", "highway": "footway"}}, {"type": "Feature", "geometry": {"type": "LineString", "coordinates": [[-84.3908412, 33.7574625], [-84.3912887, 33.7578814]]}, "properties": {"surface": "", "highway": "footway"}}, {"type": "Feature", "geometry": {"type": "LineString", "coordinates": [[-84.3913902, 33.7579878], [-84.391584, 33.7578606]]}, "properties": {"surface": "concrete", "highway": "footway"}}, {"type": "Feature", "geometry": {"type": "LineString", "coordinates": [[-84.3907336, 33.757359], [-84.3912501, 33.7569885]]}, "properties": {"surface": "", "highway": "footway"}}, {"type": "Feature", "geometry": {"type": "LineString", "coordinates": [[-84.3906671, 33.757401], [-84.390226, 33.7569503]]}, "properties": {"surface": "", "highway": "footway"}}, {"type": "Feature", "geometry": {"type": "LineString", "coordinates": [[-84.3896389, 33.7572905], [-84.3899055, 33.7570985], [-84.3901702, 33.7569077]]}, "properties": {"surface": "", "highway": "footway"}}, {"type": "Feature", "geometry": {"type": "LineString", "coordinates": [[-84.3901702, 33.7569077], [-84.3899398, 33.7566763], [-84.3897261, 33.7564616]]}, "properties": {"surface": "", "highway": "footway"}}, {"type": "Feature", "geometry": {"type": "LineString", "coordinates": [[-84.3919296, 33.758269], [-84.3916804, 33.7577885]]}, "properties": {"surface": "concrete", "highway": "footway"}}, {"type": "Feature", "geometry": {"type": "LineString", "coordinates": [[-84.3907919, 33.7584113], [-84.3909892, 33.7582716], [-84.3913902, 33.7579878]]}, "properties": {"surface": "", "highway": "footway"}}, {"type": "Feature", "geometry": {"type": "LineString", "coordinates": [[-84.38952, 33.7573731], [-84.3893116, 33.7571729], [-84.3893089, 33.7571699], [-84.3890699, 33.7569408]]}, "properties": {"surface": "", "highway": "footway"}}, {"type": "Feature", "geometry": {"type": "LineString", "coordinates": [[-84.3885784, 33.7564287], [-84.3885277, 33.7564472], [-84.3885089, 33.7564579], [-84.3882036, 33.7569617]]}, "properties": {"surface": "", "highway": "footway"}}, {"type": "Feature", "geometry": {"type": "LineString", "coordinates": [[-84.3894394, 33.7582812], [-84.3889946, 33.7578415]]}, "properties": {"surface": "", "highway": "footway"}}, {"type": "Feature", "geometry": {"type": "LineString", "coordinates": [[-84.3889946, 33.7578415], [-84.3884737, 33.7582037]]}, "properties": {"surface": "", "highway": "footway"}}, {"type": "Feature", "geometry": {"type": "LineString", "coordinates": [[-84.3889657, 33.7568431], [-84.3884606, 33.7571946]]}, "properties": {"surface": "", "highway": "footway"}}, {"type": "Feature", "geometry": {"type": "LineString", "coordinates": [[-84.3884606, 33.7571946], [-84.3882036, 33.7569617]]}, "properties": {"surface": "", "highway": "footway"}}, {"type": "Feature", "geometry": {"type": "LineString", "coordinates": [[-84.3878764, 33.7576194], [-84.3879727, 33.7575471], [-84.3883836, 33.7572498]]}, "properties": {"surface": "", "highway": "footway"}}, {"type": "Feature", "geometry": {"type": "LineString", "coordinates": [[-84.3883836, 33.7572498], [-84.3881669, 33.7570253]]}, "properties": {"surface": "", "highway": "footway"}}, {"type": "Feature", "geometry": {"type": "LineString", "coordinates": [[-84.4026035, 33.7610908], [-84.4026019, 33.7608965], [-84.402605, 33.7603833]]}, "properties": {"surface": "", "highway": "footway"}}, {"type": "Feature", "geometry": {"type": "LineString", "coordinates": [[-84.4026035, 33.7612407], [-84.4026035, 33.7610908]]}, "properties": {"surface": "", "highway": "footway"}}, {"type": "Feature", "geometry": {"type": "LineString", "coordinates": [[-84.3921277, 33.7632519], [-84.3921413, 33.7623818]]}, "properties": {"surface": "paved", "highway": "footway"}}, {"type": "Feature", "geometry": {"type": "LineString", "coordinates": [[-84.3919307, 33.7623595], [-84.391935, 33.7623737], [-84.3919341, 33.7624235], [-84.3919186, 33.7632545]]}, "properties": {"surface": "", "highway": "footway"}}, {"type": "Feature", "geometry": {"type": "LineString", "coordinates": [[-84.3919186, 33.7632545], [-84.3919169, 33.7633001]]}, "properties": {"surface": "", "highway": "footway"}}, {"type": "Feature", "geometry": {"type": "LineString", "coordinates": [[-84.3921237, 33.7634289], [-84.3921277, 33.7632519]]}, "properties": {"surface": "paved", "highway": "footway"}}, {"type": "Feature", "geometry": {"type": "LineString", "coordinates": [[-84.3919246, 33.7634292], [-84.391909, 33.7636345], [-84.3918966, 33.7637115], [-84.3918669, 33.7637969], [-84.3918124, 33.7639008], [-84.3917894, 33.7639321], [-84.3917719, 33.763947], [-84.391754, 33.7639549]]}, "properties": {"surface": "concrete", "highway": "footway"}}, {"type": "Feature", "geometry": {"type": "LineString", "coordinates": [[-84.3919074, 33.7633854], [-84.3919206, 33.7634007], [-84.3919246, 33.7634292]]}, "properties": {"surface": "concrete", "highway": "footway"}}, {"type": "Feature", "geometry": {"type": "LineString", "coordinates": [[-84.3917559, 33.7644185], [-84.3917314, 33.764409], [-84.391706, 33.7644032], [-84.391678, 33.7644015], [-84.3916515, 33.7644035], [-84.3916161, 33.7644132], [-84.3915776, 33.7644321], [-84.3915603, 33.7644454], [-84.3915457, 33.7644567], [-84.391437, 33.7645576]]}, "properties": {"surface": "", "highway": "footway"}}, {"type": "Feature", "geometry": {"type": "LineString", "coordinates": [[-84.3918073, 33.7645658], [-84.3918176, 33.764557], [-84.3918275, 33.7645433]]}, "properties": {"surface": "", "highway": "footway"}}, {"type": "Feature", "geometry": {"type": "LineString", "coordinates": [[-84.3920105, 33.7652674], [-84.3920066, 33.7652564], [-84.3920066, 33.765238], [-84.3920121, 33.7647596], [-84.3920151, 33.7647429], [-84.3920217, 33.7647258]]}, "properties": {"surface": "", "highway": "footway"}}, {"type": "Feature", "geometry": {"type": "LineString", "coordinates": [[-84.3918062, 33.7652714], [-84.3918138, 33.7650811], [-84.3918122, 33.7648878], [-84.3918153, 33.7648314], [-84.3918184, 33.7647943], [-84.3918202, 33.7647573], [-84.3918172, 33.7647426], [-84.3918145, 33.7647316]]}, "properties": {"surface": "", "highway": "footway"}}, {"type": "Feature", "geometry": {"type": "LineString", "coordinates": [[-84.3931092, 33.7647114], [-84.3934161, 33.7647069]]}, "properties": {"surface": "", "highway": "footway"}}, {"type": "Feature", "geometry": {"type": "LineString", "coordinates": [[-84.3934161, 33.7647069], [-84.3936318, 33.7647073]]}, "properties": {"surface": "", "highway": "footway"}}, {"type": "Feature", "geometry": {"type": "LineString", "coordinates": [[-84.3936622, 33.7644821], [-84.3936152, 33.7644659]]}, "properties": {"surface": "concrete", "highway": "footway"}}, {"type": "Feature", "geometry": {"type": "LineString", "coordinates": [[-84.3953918, 33.764718], [-84.3953839, 33.7647268], [-84.395381, 33.764739], [-84.3953768, 33.7647672], [-84.395373, 33.7652519], [-84.3953747, 33.7652765], [-84.3953809, 33.7652887], [-84.3953902, 33.7652953], [-84.3954026, 33.7652985], [-84.3956558, 33.7653009], [-84.3959622, 33.7653037], [-84.3960236, 33.7653038], [-84.3960355, 33.7653018]]}, "properties": {"surface": "", "highway": "footway"}}, {"type": "Feature", "geometry": {"type": "LineString", "coordinates": [[-84.3960434, 33.7647305], [-84.3960225, 33.7647149], [-84.3959986, 33.7647105], [-84.3959622, 33.764711], [-84.3955013, 33.7647167], [-84.3953918, 33.764718]]}, "properties": {"surface": "", "highway": "footway"}}, {"type": "Feature", "geometry": {"type": "LineString", "coordinates": [[-84.3962664, 33.7646879], [-84.3962805, 33.7646862], [-84.396305, 33.7646839], [-84.3964101, 33.7646664], [-84.3965433, 33.764639], [-84.396637, 33.7646243], [-84.3967691, 33.7645809], [-84.396944, 33.7645182], [-84.3971764, 33.7644414]]}, "properties": {"surface": "", "highway": "footway"}}, {"type": "Feature", "geometry": {"type": "LineString", "coordinates": [[-84.3971776, 33.7641566], [-84.3971696, 33.7641846], [-84.3971545, 33.7641973]]}, "properties": {"surface": "concrete", "highway": "footway"}}, {"type": "Feature", "geometry": {"type": "LineString", "coordinates": [[-84.3973879, 33.7643314], [-84.3974144, 33.7643232], [-84.397432, 33.7643173], [-84.3974552, 33.7643099], [-84.3978046, 33.7641871]]}, "properties": {"surface": "", "highway": "footway"}}, {"type": "Feature", "geometry": {"type": "LineString", "coordinates": [[-84.3973611, 33.7643599], [-84.3973879, 33.7643314]]}, "properties": {"surface": "", "highway": "footway"}}, {"type": "Feature", "geometry": {"type": "LineString", "coordinates": [[-84.3999396, 33.7637345], [-84.399468, 33.7637631], [-84.3988971, 33.7638066], [-84.3987949, 33.7638165], [-84.3987093, 33.7638346], [-84.3986106, 33.7638465]]}, "properties": {"surface": "concrete", "highway": "footway"}}, {"type": "Feature", "geometry": {"type": "LineString", "coordinates": [[-84.4003216, 33.763696], [-84.4001211, 33.763714], [-84.3999396, 33.7637345]]}, "properties": {"surface": "concrete", "highway": "footway"}}, {"type": "Feature", "geometry": {"type": "LineString", "coordinates": [[-84.4002662, 33.764618], [-84.4002708, 33.7641166], [-84.400304, 33.7639704]]}, "properties": {"surface": "", "highway": "footway"}}, {"type": "Feature", "geometry": {"type": "LineString", "coordinates": [[-84.4005025, 33.7497793], [-84.4005635, 33.7498346], [-84.4006047, 33.7498719]]}, "properties": {"surface": "", "highway": "footway"}}, {"type": "Feature", "geometry": {"type": "LineString", "coordinates": [[-84.3982512, 33.7444966], [-84.39807, 33.7456697]]}, "properties": {"surface": "", "highway": "footway"}}, {"type": "Feature", "geometry": {"type": "LineString", "coordinates": [[-84.39807, 33.7456697], [-84.3980505, 33.7457938], [-84.3980495, 33.7458187], [-84.3980551, 33.745835]]}, "properties": {"surface": "", "highway": "footway"}}, {"type": "Feature", "geometry": {"type": "LineString", "coordinates": [[-84.3981393, 33.7458769], [-84.3981368, 33.7458917], [-84.3981262, 33.7459099], [-84.3980677, 33.745995], [-84.3980358, 33.7460637], [-84.3980269, 33.7461519], [-84.398024, 33.7462486]]}, "properties": {"surface": "", "highway": "footway"}}, {"type": "Feature", "geometry": {"type": "LineString", "coordinates": [[-84.398024, 33.7462486], [-84.3980037, 33.7469008]]}, "properties": {"surface": "", "highway": "footway"}}, {"type": "Feature", "geometry": {"type": "LineString", "coordinates": [[-84.3980037, 33.7469008], [-84.3980234, 33.7476421], [-84.3980346, 33.7477466]]}, "properties": {"surface": "", "highway": "footway"}}, {"type": "Feature", "geometry": {"type": "LineString", "coordinates": [[-84.3982013, 33.7480784], [-84.3981862, 33.7483256]]}, "properties": {"surface": "", "highway": "footway"}}, {"type": "Feature", "geometry": {"type": "LineString", "coordinates": [[-84.3982013, 33.7480784], [-84.3981998, 33.7476863], [-84.3981996, 33.7476299], [-84.3982196, 33.7472091], [-84.3982459, 33.7470241], [-84.3982906, 33.7468963], [-84.3983514, 33.7467498], [-84.3984779, 33.7465711], [-84.398582, 33.746455], [-84.3986073, 33.7464268], [-84.3986766, 33.7463181]]}, "properties": {"surface": "", "highway": "footway"}}, {"type": "Feature", "geometry": {"type": "LineString", "coordinates": [[-84.3986766, 33.7463181], [-84.3987228, 33.7462649], [-84.398806, 33.7462068], [-84.3989364, 33.7461342], [-84.3991414, 33.746009], [-84.3995972, 33.745784], [-84.4001348, 33.7455302], [-84.4004867, 33.7453527], [-84.4009722, 33.7451163], [-84.401603, 33.7448029], [-84.4018745, 33.744672], [-84.4020705, 33.7445703], [-84.40227, 33.7444659], [-84.4030795, 33.7441012]]}, "properties": {"surface": "", "highway": "footway"}}, {"type": "Feature", "geometry": {"type": "LineString", "coordinates": [[-84.3981767, 33.7463232], [-84.3984071, 33.7462082], [-84.3988832, 33.7459727], [-84.3989469, 33.7459412], [-84.3990442, 33.7458926], [-84.3996499, 33.74559], [-84.3998153, 33.7455099], [-84.4004034, 33.7452252], [-84.4010521, 33.7449111], [-84.4013866, 33.7447525], [-84.4016085, 33.7446474], [-84.4017874, 33.7445626], [-84.4020751, 33.744419], [-84.4028567, 33.744029]]}, "properties": {"surface": "", "highway": "footway"}}, {"type": "Feature", "geometry": {"type": "LineString", "coordinates": [[-84.3897402, 33.750862], [-84.3894728, 33.7507157], [-84.3888316, 33.7503603], [-84.3887983, 33.7503418], [-84.3887668, 33.7503243], [-84.3884735, 33.7501617]]}, "properties": {"surface": "", "highway": "footway"}}, {"type": "Feature", "geometry": {"type": "LineString", "coordinates": [[-84.3961272, 33.7613272], [-84.3961969, 33.7612796], [-84.3963485, 33.7611743]]}, "properties": {"surface": "", "highway": "footway"}}, {"type": "Feature", "geometry": {"type": "LineString", "coordinates": [[-84.3727098, 33.7730521], [-84.3725911, 33.7730953]]}, "properties": {"surface": "", "highway": "footway"}}, {"type": "Feature", "geometry": {"type": "LineString", "coordinates": [[-84.3893295, 33.7470072], [-84.3893067, 33.7470068]]}, "properties": {"surface": "", "highway": "footway"}}, {"type": "Feature", "geometry": {"type": "LineString", "coordinates": [[-84.3892142, 33.7473289], [-84.3891916, 33.7473429]]}, "properties": {"surface": "", "highway": "footway"}}, {"type": "Feature", "geometry": {"type": "LineString", "coordinates": [[-84.3888697, 33.7471644], [-84.3888625, 33.7471598]]}, "properties": {"surface": "", "highway": "footway"}}, {"type": "Feature", "geometry": {"type": "LineString", "coordinates": [[-84.3889173, 33.7471949], [-84.388912, 33.7471915]]}, "properties": {"surface": "", "highway": "footway"}}, {"type": "Feature", "geometry": {"type": "LineString", "coordinates": [[-84.3912865, 33.7468507], [-84.3913106, 33.7468513]]}, "properties": {"surface": "", "highway": "footway"}}, {"type": "Feature", "geometry": {"type": "LineString", "coordinates": [[-84.3910895, 33.7468402], [-84.3911169, 33.7468474], [-84.391113, 33.7468648]]}, "properties": {"surface": "", "highway": "footway"}}, {"type": "Feature", "geometry": {"type": "LineString", "coordinates": [[-84.3881861, 33.7467393], [-84.3881921, 33.7467297]]}, "properties": {"surface": "", "highway": "footway"}}, {"type": "Feature", "geometry": {"type": "LineString", "coordinates": [[-84.3881478, 33.746801], [-84.3881574, 33.7467855]]}, "properties": {"surface": "", "highway": "footway"}}, {"type": "Feature", "geometry": {"type": "LineString", "coordinates": [[-84.4038639, 33.7434972], [-84.4038406, 33.7435062], [-84.4038562, 33.7435451]]}, "properties": {"surface": "", "highway": "footway"}}, {"type": "Feature", "geometry": {"type": "LineString", "coordinates": [[-84.404491, 33.7445913], [-84.404332, 33.7443726]]}, "properties": {"surface": "", "highway": "footway"}}, {"type": "Feature", "geometry": {"type": "LineString", "coordinates": [[-84.404332, 33.7443726], [-84.4042496, 33.7442295], [-84.4040153, 33.7438224], [-84.4039682, 33.7437405], [-84.4039556, 33.7437241], [-84.403936, 33.7437159], [-84.4039176, 33.7437023]]}, "properties": {"surface": "", "highway": "footway"}}, {"type": "Feature", "geometry": {"type": "LineString", "coordinates": [[-84.4038406, 33.7435062], [-84.4035688, 33.7430084]]}, "properties": {"surface": "", "highway": "footway"}}, {"type": "Feature", "geometry": {"type": "LineString", "coordinates": [[-84.4035688, 33.7430084], [-84.4032834, 33.7425569]]}, "properties": {"surface": "", "highway": "footway"}}, {"type": "Feature", "geometry": {"type": "LineString", "coordinates": [[-84.4038562, 33.7435451], [-84.4037179, 33.7436132], [-84.4033494, 33.7437944], [-84.4030592, 33.7439372], [-84.4028567, 33.744029]]}, "properties": {"surface": "", "highway": "footway"}}, {"type": "Feature", "geometry": {"type": "LineString", "coordinates": [[-84.4030795, 33.7441012], [-84.403302, 33.7439843], [-84.4033551, 33.7439564], [-84.4034924, 33.7438886], [-84.4035147, 33.7438785], [-84.4035997, 33.7438413], [-84.4039176, 33.7437023]]}, "properties": {"surface": "", "highway": "footway"}}, {"type": "Feature", "geometry": {"type": "LineString", "coordinates": [[-84.3790827, 33.7711771], [-84.3790843, 33.7711564]]}, "properties": {"surface": "", "highway": "footway"}}, {"type": "Feature", "geometry": {"type": "LineString", "coordinates": [[-84.3817498, 33.7711663], [-84.381718, 33.7711801], [-84.380815, 33.7711761], [-84.38029, 33.7711665], [-84.3797702, 33.7711559], [-84.3795709, 33.7711541], [-84.379266, 33.7711555], [-84.3790843, 33.7711564], [-84.3784673, 33.7711593], [-84.3782638, 33.7711526], [-84.3779307, 33.7711416]]}, "properties": {"surface": "", "highway": "footway"}}, {"type": "Feature", "geometry": {"type": "LineString", "coordinates": [[-84.3776689, 33.7700152], [-84.3776763, 33.7700036]]}, "properties": {"surface": "", "highway": "footway"}}, {"type": "Feature", "geometry": {"type": "LineString", "coordinates": [[-84.3783401, 33.7675455], [-84.3782459, 33.7675329], [-84.3781213, 33.7675455], [-84.3780687, 33.7675705], [-84.3780341, 33.767587], [-84.3779829, 33.7676342], [-84.3779621, 33.7677159], [-84.3779607, 33.7677953], [-84.3779551, 33.76853]]}, "properties": {"surface": "", "highway": "footway"}}, {"type": "Feature", "geometry": {"type": "LineString", "coordinates": [[-84.391162, 33.7464821], [-84.3913828, 33.7461897], [-84.3917219, 33.7457578], [-84.3918719, 33.7455786]]}, "properties": {"surface": "", "highway": "footway"}}, {"type": "Feature", "geometry": {"type": "LineString", "coordinates": [[-84.3908689, 33.7468452], [-84.390992, 33.7466939], [-84.391162, 33.7464821]]}, "properties": {"surface": "", "highway": "footway"}}, {"type": "Feature", "geometry": {"type": "LineString", "coordinates": [[-84.3748264, 33.772381], [-84.3751373, 33.7722875], [-84.3753882, 33.7722399], [-84.3756265, 33.7722149], [-84.3758044, 33.7722149]]}, "properties": {"surface": "", "highway": "footway"}}, {"type": "Feature", "geometry": {"type": "LineString", "coordinates": [[-84.3918719, 33.7455786], [-84.3921939, 33.7451691]]}, "properties": {"surface": "", "highway": "footway"}}, {"type": "Feature", "geometry": {"type": "LineString", "coordinates": [[-84.3913106, 33.7468513], [-84.3912833, 33.746836], [-84.3912542, 33.7468137], [-84.3912285, 33.7467873], [-84.3912179, 33.7467677], [-84.3912129, 33.7467366], [-84.3912168, 33.7467083], [-84.3912319, 33.746673], [-84.3913616, 33.7465006]]}, "properties": {"surface": "", "highway": "footway"}}, {"type": "Feature", "geometry": {"type": "LineString", "coordinates": [[-84.3913616, 33.7465006], [-84.3916983, 33.7460735], [-84.3920046, 33.7456513]]}, "properties": {"surface": "", "highway": "footway"}}, {"type": "Feature", "geometry": {"type": "LineString", "coordinates": [[-84.3920046, 33.7456513], [-84.3923451, 33.7451819]]}, "properties": {"surface": "", "highway": "footway"}}, {"type": "Feature", "geometry": {"type": "LineString", "coordinates": [[-84.384423, 33.7503355], [-84.3842306, 33.7505179]]}, "properties": {"surface": "", "highway": "footway"}}, {"type": "Feature", "geometry": {"type": "LineString", "coordinates": [[-84.3842052, 33.7505196], [-84.3836874, 33.7501558], [-84.3834834, 33.7499875]]}, "properties": {"surface": "", "highway": "footway"}}, {"type": "Feature", "geometry": {"type": "LineString", "coordinates": [[-84.3853788, 33.751364], [-84.3855802, 33.7511925], [-84.3861462, 33.7506509], [-84.3864506, 33.7503469], [-84.3864855, 33.7503099], [-84.386719, 33.7500621], [-84.3868451, 33.7499275]]}, "properties": {"surface": "", "highway": "footway"}}, {"type": "Feature", "geometry": {"type": "LineString", "coordinates": [[-84.3855226, 33.7514676], [-84.3856409, 33.7513456], [-84.386229, 33.7507785], [-84.3865898, 33.750458]]}, "properties": {"surface": "", "highway": "footway"}}, {"type": "Feature", "geometry": {"type": "LineString", "coordinates": [[-84.3841281, 33.7583242], [-84.3841321, 33.7577293], [-84.3841322, 33.7577178], [-84.3841378, 33.7574963], [-84.3841456, 33.7571884]]}, "properties": {"surface": "", "highway": "footway"}}, {"type": "Feature", "geometry": {"type": "LineString", "coordinates": [[-84.3843432, 33.7578607], [-84.3843431, 33.7578655], [-84.3843325, 33.7581098], [-84.3843346, 33.758325]]}, "properties": {"surface": "", "highway": "footway"}}, {"type": "Feature", "geometry": {"type": "LineString", "coordinates": [[-84.384173, 33.7555002], [-84.3834453, 33.7555035], [-84.3824548, 33.7554956], [-84.3823409, 33.7554782]]}, "properties": {"surface": "", "highway": "footway"}}, {"type": "Feature", "geometry": {"type": "LineString", "coordinates": [[-84.3821962, 33.7556453], [-84.3821855, 33.7558065], [-84.3821729, 33.7562643], [-84.3821564, 33.7570017], [-84.3821575, 33.7570271]]}, "properties": {"surface": "", "highway": "footway"}}, {"type": "Feature", "geometry": {"type": "LineString", "coordinates": [[-84.383057, 33.7535836], [-84.382922, 33.7534879], [-84.3825399, 33.7532031], [-84.3820407, 33.7528429]]}, "properties": {"surface": "", "highway": "footway"}}, {"type": "Feature", "geometry": {"type": "LineString", "coordinates": [[-84.3823855, 33.754533], [-84.3823624, 33.7545375]]}, "properties": {"surface": "", "highway": "footway"}}, {"type": "Feature", "geometry": {"type": "LineString", "coordinates": [[-84.3957943, 33.7523768], [-84.396239, 33.7518234]]}, "properties": {"surface": "concrete", "highway": "footway"}}, {"type": "Feature", "geometry": {"type": "LineString", "coordinates": [[-84.396239, 33.7518234], [-84.3962683, 33.751787], [-84.3962995, 33.7517483]]}, "properties": {"surface": "concrete", "highway": "footway"}}, {"type": "Feature", "geometry": {"type": "LineString", "coordinates": [[-84.3917354, 33.7558966], [-84.3923037, 33.7554838]]}, "properties": {"surface": "", "highway": "footway"}}, {"type": "Feature", "geometry": {"type": "LineString", "coordinates": [[-84.3974541, 33.7560672], [-84.3974739, 33.7561699], [-84.3974518, 33.7567438], [-84.3974502, 33.756762]]}, "properties": {"surface": "", "highway": "footway"}}, {"type": "Feature", "geometry": {"type": "LineString", "coordinates": [[-84.3974502, 33.756762], [-84.3974483, 33.7567944], [-84.3974498, 33.7568746], [-84.3974494, 33.7571293], [-84.3974169, 33.7571431]]}, "properties": {"surface": "", "highway": "footway"}}, {"type": "Feature", "geometry": {"type": "LineString", "coordinates": [[-84.3972427, 33.7567536], [-84.3972422, 33.7567747], [-84.3972377, 33.7571332], [-84.3972379, 33.7571441]]}, "properties": {"surface": "concrete", "highway": "footway"}}, {"type": "Feature", "geometry": {"type": "LineString", "coordinates": [[-84.3708163, 33.773599], [-84.3708158, 33.7735808]]}, "properties": {"surface": "concrete", "highway": "footway"}}, {"type": "Feature", "geometry": {"type": "LineString", "coordinates": [[-84.3711511, 33.7734761], [-84.3711639, 33.7734562]]}, "properties": {"surface": "concrete", "highway": "footway"}}, {"type": "Feature", "geometry": {"type": "LineString", "coordinates": [[-84.3947837, 33.7536735], [-84.3947881, 33.7536783], [-84.3943818, 33.7542063], [-84.3941746, 33.7544594], [-84.3940937, 33.7545655], [-84.3940417, 33.7546732], [-84.3939855, 33.7548454]]}, "properties": {"surface": "", "highway": "footway"}}, {"type": "Feature", "geometry": {"type": "LineString", "coordinates": [[-84.394633, 33.7535941], [-84.3944784, 33.7537982], [-84.3941616, 33.7542164], [-84.3939829, 33.7544429], [-84.3939522, 33.7544871], [-84.3938358, 33.7547252], [-84.3937046, 33.7550895]]}, "properties": {"surface": "", "highway": "footway"}}, {"type": "Feature", "geometry": {"type": "LineString", "coordinates": [[-84.3979796, 33.7524273], [-84.3979879, 33.7524637], [-84.3979909, 33.7525094], [-84.3979666, 33.7533613], [-84.3979671, 33.7534021], [-84.3979584, 33.7534472], [-84.3979237, 33.7534771]]}, "properties": {"surface": "concrete", "highway": "footway"}}, {"type": "Feature", "geometry": {"type": "LineString", "coordinates": [[-84.3979427, 33.752342], [-84.3979606, 33.7523834], [-84.3979796, 33.7524273]]}, "properties": {"surface": "concrete", "highway": "footway"}}, {"type": "Feature", "geometry": {"type": "LineString", "coordinates": [[-84.3990098, 33.752279], [-84.399042, 33.7522685], [-84.3995027, 33.7515873], [-84.3997968, 33.7513076]]}, "properties": {"surface": "concrete", "highway": "footway"}}, {"type": "Feature", "geometry": {"type": "LineString", "coordinates": [[-84.3980553, 33.7522411], [-84.398073, 33.75227], [-84.3980934, 33.7522788]]}, "properties": {"surface": "concrete", "highway": "footway"}}, {"type": "Feature", "geometry": {"type": "LineString", "coordinates": [[-84.4009501, 33.7503095], [-84.4010161, 33.7503747], [-84.4011129, 33.750614], [-84.4011739, 33.7507889]]}, "properties": {"surface": "paving_stones", "highway": "footway"}}, {"type": "Feature", "geometry": {"type": "LineString", "coordinates": [[-84.4012667, 33.7507588], [-84.4010438, 33.7502072]]}, "properties": {"surface": "concrete", "highway": "footway"}}, {"type": "Feature", "geometry": {"type": "LineString", "coordinates": [[-84.4029117, 33.7508913], [-84.4029216, 33.750884], [-84.4029361, 33.7508817], [-84.4029475, 33.750883], [-84.4029684, 33.7508925], [-84.4029869, 33.750903], [-84.4030022, 33.7509207]]}, "properties": {"surface": "", "highway": "footway"}}, {"type": "Feature", "geometry": {"type": "LineString", "coordinates": [[-84.4025128, 33.7505481], [-84.4028179, 33.7507998], [-84.4028192, 33.7508134]]}, "properties": {"surface": "concrete", "highway": "footway"}}, {"type": "Feature", "geometry": {"type": "LineString", "coordinates": [[-84.3970791, 33.7633406], [-84.3969474, 33.7629754], [-84.3967822, 33.7626195], [-84.3967055, 33.7624787], [-84.3964647, 33.7620997], [-84.3964081, 33.7620169]]}, "properties": {"surface": "concrete", "highway": "footway"}}, {"type": "Feature", "geometry": {"type": "LineString", "coordinates": [[-84.3971042, 33.7634333], [-84.3971092, 33.7634449], [-84.3971115, 33.7634526], [-84.3971719, 33.7640972], [-84.3971776, 33.7641566]]}, "properties": {"surface": "", "highway": "footway"}}, {"type": "Feature", "geometry": {"type": "LineString", "coordinates": [[-84.3958292, 33.7613481], [-84.3958408, 33.7613252], [-84.3958466, 33.7612986], [-84.3958437, 33.761274], [-84.3958315, 33.7612523]]}, "properties": {"surface": "concrete", "highway": "footway"}}, {"type": "Feature", "geometry": {"type": "LineString", "coordinates": [[-84.400304, 33.7639704], [-84.4003535, 33.7639331]]}, "properties": {"surface": "", "highway": "footway"}}, {"type": "Feature", "geometry": {"type": "LineString", "coordinates": [[-84.4000146, 33.7640217], [-84.4000405, 33.7640702], [-84.4000575, 33.7641223], [-84.4000575, 33.7645894], [-84.4000424, 33.7646158], [-84.4000346, 33.7646294], [-84.3999795, 33.7646561], [-84.3999096, 33.7646552]]}, "properties": {"surface": "", "highway": "footway"}}, {"type": "Feature", "geometry": {"type": "LineString", "coordinates": [[-84.3999687, 33.7639955], [-84.4000146, 33.7640217]]}, "properties": {"surface": "", "highway": "footway"}}, {"type": "Feature", "geometry": {"type": "LineString", "coordinates": [[-84.3962766, 33.76447], [-84.3962599, 33.7644452], [-84.3962515, 33.7644335]]}, "properties": {"surface": "", "highway": "footway"}}, {"type": "Feature", "geometry": {"type": "LineString", "coordinates": [[-84.3934437, 33.7644651], [-84.3934328, 33.7644771], [-84.3934147, 33.7644834]]}, "properties": {"surface": "concrete", "highway": "footway"}}, {"type": "Feature", "geometry": {"type": "LineString", "coordinates": [[-84.3920385, 33.7645249], [-84.3920807, 33.7640809]]}, "properties": {"surface": "paved", "highway": "footway"}}, {"type": "Feature", "geometry": {"type": "LineString", "coordinates": [[-84.3916538, 33.7643147], [-84.3918781, 33.7641062]]}, "properties": {"surface": "", "highway": "footway"}}, {"type": "Feature", "geometry": {"type": "LineString", "coordinates": [[-84.3918781, 33.7641062], [-84.3919114, 33.764083], [-84.391939, 33.7640873], [-84.3919445, 33.7641097]]}, "properties": {"surface": "", "highway": "footway"}}, {"type": "Feature", "geometry": {"type": "LineString", "coordinates": [[-84.3936488, 33.7641603], [-84.3935932, 33.7640891]]}, "properties": {"surface": "", "highway": "footway"}}, {"type": "Feature", "geometry": {"type": "LineString", "coordinates": [[-84.3946662, 33.7501874], [-84.3948924, 33.7503189], [-84.3951556, 33.7504537]]}, "properties": {"surface": "", "highway": "footway"}}, {"type": "Feature", "geometry": {"type": "LineString", "coordinates": [[-84.3951556, 33.7504537], [-84.3952178, 33.7503751], [-84.3953923, 33.7501529], [-84.3955011, 33.7500143], [-84.3959305, 33.7494674]]}, "properties": {"surface": "", "highway": "footway"}}, {"type": "Feature", "geometry": {"type": "LineString", "coordinates": [[-84.3969964, 33.7483989], [-84.3973469, 33.7485975], [-84.3976016, 33.7487396], [-84.3976617, 33.7487731], [-84.3978276, 33.7488645], [-84.3978946, 33.7489021], [-84.3979104, 33.7489074], [-84.3979203, 33.7489079]]}, "properties": {"surface": "", "highway": "footway"}}, {"type": "Feature", "geometry": {"type": "LineString", "coordinates": [[-84.396942, 33.7484613], [-84.3973559, 33.748684], [-84.3974239, 33.7487253], [-84.3974758, 33.7487543], [-84.3974759, 33.7487544], [-84.3975239, 33.7487907], [-84.3978931, 33.7490019], [-84.3979118, 33.7490282]]}, "properties": {"surface": "", "highway": "footway"}}, {"type": "Feature", "geometry": {"type": "LineString", "coordinates": [[-84.3973466, 33.750077], [-84.3968392, 33.7497966], [-84.396825, 33.7497886], [-84.3966939, 33.7497148], [-84.3965724, 33.7496465], [-84.3961713, 33.7494208]]}, "properties": {"surface": "", "highway": "footway"}}, {"type": "Feature", "geometry": {"type": "LineString", "coordinates": [[-84.3928427, 33.749181], [-84.39285, 33.7491598], [-84.3930091, 33.7489589], [-84.3931757, 33.7487484], [-84.3932748, 33.7486221], [-84.3933168, 33.7485693], [-84.3933913, 33.7484769], [-84.3936066, 33.7481931]]}, "properties": {"surface": "", "highway": "footway"}}, {"type": "Feature", "geometry": {"type": "LineString", "coordinates": [[-84.3955889, 33.7475981], [-84.3955096, 33.7476868]]}, "properties": {"surface": "", "highway": "footway"}}, {"type": "Feature", "geometry": {"type": "LineString", "coordinates": [[-84.3967397, 33.748445], [-84.3967112, 33.7484106], [-84.3964026, 33.7482414], [-84.3963287, 33.7482009], [-84.3956281, 33.7478319]]}, "properties": {"surface": "", "highway": "footway"}}, {"type": "Feature", "geometry": {"type": "LineString", "coordinates": [[-84.3975141, 33.7503716], [-84.3973823, 33.7504173]]}, "properties": {"surface": "", "highway": "footway"}}, {"type": "Feature", "geometry": {"type": "LineString", "coordinates": [[-84.3974458, 33.7503202], [-84.3973823, 33.7504173]]}, "properties": {"surface": "", "highway": "footway"}}, {"type": "Feature", "geometry": {"type": "LineString", "coordinates": [[-84.3984575, 33.7543562], [-84.3985176, 33.7551239], [-84.3985166, 33.7551425], [-84.3985118, 33.7551754], [-84.3984868, 33.7552605], [-84.398434, 33.7553989], [-84.398415, 33.7554458], [-84.3984085, 33.7554794], [-84.3984053, 33.7555059]]}, "properties": {"surface": "", "highway": "footway"}}, {"type": "Feature", "geometry": {"type": "LineString", "coordinates": [[-84.3983763, 33.7538412], [-84.3983836, 33.7539261], [-84.3983836, 33.7540083], [-84.3983789, 33.7541045], [-84.3983824, 33.7541838], [-84.3983824, 33.7542839], [-84.3983836, 33.7543681], [-84.3983833, 33.754685], [-84.3983939, 33.7548562], [-84.3984172, 33.7550912], [-84.3984044, 33.7551631], [-84.3983616, 33.7553079]]}, "properties": {"surface": "concrete", "highway": "footway"}}, {"type": "Feature", "geometry": {"type": "LineString", "coordinates": [[-84.3946757, 33.7569705], [-84.3946673, 33.756957], [-84.3949788, 33.7567695]]}, "properties": {"surface": "", "highway": "footway"}}, {"type": "Feature", "geometry": {"type": "LineString", "coordinates": [[-84.3947589, 33.7571254], [-84.3950445, 33.756964], [-84.3950835, 33.7569497]]}, "properties": {"surface": "", "highway": "footway"}}, {"type": "Feature", "geometry": {"type": "LineString", "coordinates": [[-84.3647845, 33.7732325], [-84.3644646, 33.773282], [-84.3640059, 33.7733889], [-84.3638613, 33.7734211], [-84.3637633, 33.7734568], [-84.3637474, 33.7734467], [-84.3637113, 33.7734295], [-84.3636, 33.773242], [-84.3636026, 33.773209]]}, "properties": {"surface": "", "highway": "footway"}}, {"type": "Feature", "geometry": {"type": "LineString", "coordinates": [[-84.3979237, 33.7534771], [-84.3978795, 33.7534678], [-84.3970058, 33.7530024]]}, "properties": {"surface": "", "highway": "footway"}}, {"type": "Feature", "geometry": {"type": "LineString", "coordinates": [[-84.3981445, 33.7523845], [-84.3981546, 33.7523729], [-84.3988631, 33.7523723], [-84.3989079, 33.7523745], [-84.3989313, 33.7523779], [-84.3989468, 33.7523818], [-84.3989657, 33.7523964]]}, "properties": {"surface": "concrete", "highway": "footway"}}, {"type": "Feature", "geometry": {"type": "LineString", "coordinates": [[-84.3980934, 33.7522788], [-84.3983154, 33.7522774], [-84.3985201, 33.752278], [-84.3990098, 33.752279]]}, "properties": {"surface": "concrete", "highway": "footway"}}, {"type": "Feature", "geometry": {"type": "LineString", "coordinates": [[-84.3992612, 33.7523728], [-84.3992181, 33.7524224], [-84.3991929, 33.7524769]]}, "properties": {"surface": "concrete", "highway": "footway"}}, {"type": "Feature", "geometry": {"type": "LineString", "coordinates": [[-84.4014753, 33.7528168], [-84.4006088, 33.7528113], [-84.4003822, 33.7528098], [-84.3999586, 33.7528048]]}, "properties": {"surface": "concrete", "highway": "footway"}}, {"type": "Feature", "geometry": {"type": "LineString", "coordinates": [[-84.4015628, 33.7528177], [-84.4015847, 33.7521537], [-84.4015867, 33.7521045], [-84.4015901, 33.7520043]]}, "properties": {"surface": "concrete", "highway": "footway"}}, {"type": "Feature", "geometry": {"type": "LineString", "coordinates": [[-84.4016431, 33.7517824], [-84.401627, 33.7517769], [-84.401302, 33.7508755]]}, "properties": {"surface": "concrete", "highway": "footway"}}, {"type": "Feature", "geometry": {"type": "LineString", "coordinates": [[-84.4026709, 33.7505091], [-84.4028635, 33.7506725], [-84.4029308, 33.7507168], [-84.4029642, 33.7507203], [-84.4030904, 33.7506952], [-84.4031328, 33.7506884]]}, "properties": {"surface": "concrete", "highway": "footway"}}, {"type": "Feature", "geometry": {"type": "LineString", "coordinates": [[-84.3997365, 33.7537712], [-84.3997223, 33.7537458], [-84.3997206, 33.7537179], [-84.3998295, 33.7534832], [-84.3999299, 33.7532686], [-84.399954, 33.7531571], [-84.399954, 33.7529849], [-84.3999596, 33.7528944], [-84.3999641, 33.7528815]]}, "properties": {"surface": "concrete", "highway": "footway"}}, {"type": "Feature", "geometry": {"type": "LineString", "coordinates": [[-84.4014759, 33.7528886], [-84.3999641, 33.7528815]]}, "properties": {"surface": "", "highway": "footway"}}, {"type": "Feature", "geometry": {"type": "LineString", "coordinates": [[-84.3997795, 33.7528682], [-84.3997494, 33.7530112], [-84.3997349, 33.7531806], [-84.399716, 33.7533221], [-84.3996808, 33.7534185], [-84.3996223, 33.7535383], [-84.3995585, 33.7536278], [-84.3995134, 33.7537107], [-84.399466, 33.7537409]]}, "properties": {"surface": "concrete", "highway": "footway"}}, {"type": "Feature", "geometry": {"type": "LineString", "coordinates": [[-84.399779, 33.752802], [-84.3997793, 33.7528244], [-84.3997795, 33.7528682]]}, "properties": {"surface": "concrete", "highway": "footway"}}, {"type": "Feature", "geometry": {"type": "LineString", "coordinates": [[-84.3999586, 33.7528048], [-84.3999568, 33.7525155], [-84.3999607, 33.7523764], [-84.3999743, 33.7523689]]}, "properties": {"surface": "concrete", "highway": "footway"}}, {"type": "Feature", "geometry": {"type": "LineString", "coordinates": [[-84.3997709, 33.7523811], [-84.3997725, 33.7524183], [-84.3997752, 33.7525948], [-84.3997712, 33.7527422], [-84.399779, 33.752802]]}, "properties": {"surface": "concrete", "highway": "footway"}}, {"type": "Feature", "geometry": {"type": "LineString", "coordinates": [[-84.399967, 33.7517853], [-84.39997, 33.7522418], [-84.3999762, 33.7522653]]}, "properties": {"surface": "concrete", "highway": "footway"}}, {"type": "Feature", "geometry": {"type": "LineString", "coordinates": [[-84.3999762, 33.7522653], [-84.3999774, 33.7522697], [-84.3999861, 33.75228], [-84.4000027, 33.7522854]]}, "properties": {"surface": "concrete", "highway": "footway"}}, {"type": "Feature", "geometry": {"type": "LineString", "coordinates": [[-84.4014521, 33.7538053], [-84.4014759, 33.7528886]]}, "properties": {"surface": "", "highway": "footway"}}, {"type": "Feature", "geometry": {"type": "LineString", "coordinates": [[-84.3960743, 33.7610998], [-84.3960584, 33.7610558], [-84.3960359, 33.7609918]]}, "properties": {"surface": "", "highway": "footway"}}, {"type": "Feature", "geometry": {"type": "LineString", "coordinates": [[-84.39618, 33.7609447], [-84.3962503, 33.7610446]]}, "properties": {"surface": "", "highway": "footway"}}, {"type": "Feature", "geometry": {"type": "LineString", "coordinates": [[-84.3960178, 33.761189], [-84.3960442, 33.7611764], [-84.3960688, 33.7611561], [-84.3960767, 33.7611274], [-84.3960743, 33.7610998]]}, "properties": {"surface": "", "highway": "footway"}}, {"type": "Feature", "geometry": {"type": "LineString", "coordinates": [[-84.3962503, 33.7610446], [-84.3962725, 33.7610689], [-84.3962866, 33.7610831], [-84.3963125, 33.7610917]]}, "properties": {"surface": "", "highway": "footway"}}, {"type": "Feature", "geometry": {"type": "LineString", "coordinates": [[-84.3947253, 33.760156], [-84.3946397, 33.7602169], [-84.3942727, 33.760478], [-84.3939075, 33.7607377], [-84.3938894, 33.7607506], [-84.3938677, 33.7607848], [-84.3938481, 33.7608185], [-84.3938493, 33.7608718], [-84.3938568, 33.7608845], [-84.3938923, 33.7609445]]}, "properties": {"surface": "paving_stones", "highway": "footway"}}, {"type": "Feature", "geometry": {"type": "LineString", "coordinates": [[-84.394805, 33.7600629], [-84.394796, 33.7600895], [-84.3947788, 33.7601134], [-84.3947582, 33.7601336], [-84.3947253, 33.760156]]}, "properties": {"surface": "paving_stones", "highway": "footway"}}, {"type": "Feature", "geometry": {"type": "LineString", "coordinates": [[-84.3962702, 33.7634338], [-84.3962776, 33.7634325], [-84.3970942, 33.7634276], [-84.3971042, 33.7634333]]}, "properties": {"surface": "", "highway": "footway"}}, {"type": "Feature", "geometry": {"type": "LineString", "coordinates": [[-84.3962575, 33.7634568], [-84.39626, 33.7634411], [-84.3962702, 33.7634338]]}, "properties": {"surface": "", "highway": "footway"}}, {"type": "Feature", "geometry": {"type": "LineString", "coordinates": [[-84.3960292, 33.7636761], [-84.3960484, 33.7644531], [-84.3960383, 33.7644736]]}, "properties": {"surface": "concrete", "highway": "footway"}}, {"type": "Feature", "geometry": {"type": "LineString", "coordinates": [[-84.3957578, 33.7624897], [-84.3960317, 33.7622874]]}, "properties": {"surface": "", "highway": "footway"}}, {"type": "Feature", "geometry": {"type": "LineString", "coordinates": [[-84.3953218, 33.7623735], [-84.3953618, 33.7623892], [-84.3953995, 33.762413], [-84.3959726, 33.7630341], [-84.3960167, 33.7630968], [-84.3960352, 33.7631684], [-84.3960275, 33.763457]]}, "properties": {"surface": "concrete", "highway": "footway"}}, {"type": "Feature", "geometry": {"type": "LineString", "coordinates": [[-84.3947736, 33.762364], [-84.3951034, 33.7623688], [-84.3953218, 33.7623735]]}, "properties": {"surface": "concrete", "highway": "footway"}}, {"type": "Feature", "geometry": {"type": "LineString", "coordinates": [[-84.3952522, 33.7620022], [-84.3952707, 33.7619848], [-84.3952845, 33.7619717]]}, "properties": {"surface": "concrete", "highway": "footway"}}, {"type": "Feature", "geometry": {"type": "LineString", "coordinates": [[-84.3958292, 33.7613481], [-84.3955175, 33.7615758], [-84.3951788, 33.7618342]]}, "properties": {"surface": "concrete", "highway": "footway"}}, {"type": "Feature", "geometry": {"type": "LineString", "coordinates": [[-84.3951788, 33.7618342], [-84.3951608, 33.7618402], [-84.395137, 33.7618423], [-84.3951125, 33.7618417], [-84.3950873, 33.7618372], [-84.3950667, 33.7618294], [-84.3950521, 33.7618211]]}, "properties": {"surface": "concrete", "highway": "footway"}}, {"type": "Feature", "geometry": {"type": "LineString", "coordinates": [[-84.3950827, 33.7621103], [-84.3951094, 33.762106], [-84.3951277, 33.7621116], [-84.3951568, 33.7621229]]}, "properties": {"surface": "", "highway": "footway"}}, {"type": "Feature", "geometry": {"type": "LineString", "coordinates": [[-84.3940531, 33.7608328], [-84.3940705, 33.7607878], [-84.3948241, 33.7602424]]}, "properties": {"surface": "concrete", "highway": "footway"}}, {"type": "Feature", "geometry": {"type": "LineString", "coordinates": [[-84.3935374, 33.7621582], [-84.3938887, 33.7621587], [-84.3942367, 33.7621607], [-84.3946566, 33.7621634], [-84.3946791, 33.7621713]]}, "properties": {"surface": "concrete", "highway": "footway"}}, {"type": "Feature", "geometry": {"type": "LineString", "coordinates": [[-84.367692, 33.7670349], [-84.3676989, 33.7661227]]}, "properties": {"surface": "", "highway": "footway"}}, {"type": "Feature", "geometry": {"type": "LineString", "coordinates": [[-84.3677969, 33.7682221], [-84.3677987, 33.7681782], [-84.367806, 33.7679998], [-84.3678208, 33.7676398], [-84.3678333, 33.7673434]]}, "properties": {"surface": "concrete", "highway": "footway"}}, {"type": "Feature", "geometry": {"type": "LineString", "coordinates": [[-84.3678455, 33.7660159], [-84.3678713, 33.7648963]]}, "properties": {"surface": "", "highway": "footway"}}, {"type": "Feature", "geometry": {"type": "LineString", "coordinates": [[-84.3678837, 33.763902], [-84.367894, 33.7632876]]}, "properties": {"surface": "", "highway": "footway"}}, {"type": "Feature", "geometry": {"type": "LineString", "coordinates": [[-84.3690613, 33.7631516], [-84.367901, 33.7631378]]}, "properties": {"surface": "", "highway": "footway"}}, {"type": "Feature", "geometry": {"type": "LineString", "coordinates": [[-84.3728733, 33.771289], [-84.3729408, 33.7712888], [-84.3732704, 33.7712873], [-84.3734271, 33.7712933], [-84.3736259, 33.7712963], [-84.3739456, 33.7713023], [-84.3741364, 33.7712975], [-84.374333, 33.7712992], [-84.3747066, 33.7713065]]}, "properties": {"surface": "", "highway": "footway"}}, {"type": "Feature", "geometry": {"type": "LineString", "coordinates": [[-84.3718556, 33.7712808], [-84.3718481, 33.7713118], [-84.3718133, 33.7715357], [-84.3717429, 33.771779], [-84.3716807, 33.7719942], [-84.3716654, 33.7720472], [-84.3714748, 33.7725528], [-84.3714265, 33.7726593], [-84.3713541, 33.7728527], [-84.3712539, 33.7730942], [-84.3712287, 33.7731747], [-84.3712198, 33.7732004], [-84.3711477, 33.7734083], [-84.371145, 33.7734424], [-84.3711639, 33.7734562], [-84.3712032, 33.7734625], [-84.3715803, 33.773363], [-84.3718, 33.7733136], [-84.3720357, 33.7732565], [-84.3722994, 33.7731716], [-84.3725911, 33.7730953]]}, "properties": {"surface": "", "highway": "footway"}}, {"type": "Feature", "geometry": {"type": "LineString", "coordinates": [[-84.3716649, 33.7710805], [-84.3715801, 33.7710829], [-84.371279, 33.7710813], [-84.3711809, 33.7710819], [-84.3710295, 33.7710807], [-84.3704025, 33.7710755], [-84.3698366, 33.7710676], [-84.3696626, 33.7710652], [-84.3690151, 33.7710444], [-84.3689873, 33.7710434]]}, "properties": {"surface": "concrete", "highway": "footway"}}, {"type": "Feature", "geometry": {"type": "LineString", "coordinates": [[-84.3717543, 33.7688168], [-84.3717539, 33.7688258], [-84.3717113, 33.7698719], [-84.3717107, 33.7698875]]}, "properties": {"surface": "concrete", "highway": "footway"}}, {"type": "Feature", "geometry": {"type": "LineString", "coordinates": [[-84.3667167, 33.7631319], [-84.3667169, 33.7631247], [-84.3667195, 33.7621571]]}, "properties": {"surface": "", "highway": "footway"}}, {"type": "Feature", "geometry": {"type": "LineString", "coordinates": [[-84.3667125, 33.7632567], [-84.3667164, 33.7632306]]}, "properties": {"surface": "", "highway": "footway"}}, {"type": "Feature", "geometry": {"type": "LineString", "coordinates": [[-84.366565, 33.7638866], [-84.3665457, 33.7632504], [-84.3634657, 33.7632156]]}, "properties": {"surface": "", "highway": "footway"}}, {"type": "Feature", "geometry": {"type": "LineString", "coordinates": [[-84.3667048, 33.7640197], [-84.366685, 33.7640624]]}, "properties": {"surface": "concrete", "highway": "footway"}}, {"type": "Feature", "geometry": {"type": "LineString", "coordinates": [[-84.3663812, 33.7639802], [-84.366565, 33.7638866]]}, "properties": {"surface": "concrete", "highway": "footway"}}, {"type": "Feature", "geometry": {"type": "LineString", "coordinates": [[-84.3720834, 33.7640415], [-84.3722731, 33.7640409], [-84.372386, 33.7640429], [-84.3724446, 33.7640448], [-84.3725799, 33.764049], [-84.3726502, 33.7640498], [-84.3726974, 33.7640494], [-84.3727785, 33.7640512], [-84.3735565, 33.7640595]]}, "properties": {"surface": "", "highway": "footway"}}, {"type": "Feature", "geometry": {"type": "LineString", "coordinates": [[-84.3718502, 33.763876], [-84.3718578, 33.7633053]]}, "properties": {"surface": "", "highway": "footway"}}, {"type": "Feature", "geometry": {"type": "LineString", "coordinates": [[-84.3720834, 33.7640415], [-84.3720817, 33.7640589], [-84.3720815, 33.7641635], [-84.3720808, 33.7644464], [-84.3720725, 33.7648055]]}, "properties": {"surface": "concrete", "highway": "footway"}}, {"type": "Feature", "geometry": {"type": "LineString", "coordinates": [[-84.3718391, 33.764907], [-84.3718206, 33.7656871], [-84.3718137, 33.7660716], [-84.3718038, 33.7663279]]}, "properties": {"surface": "", "highway": "footway"}}, {"type": "Feature", "geometry": {"type": "LineString", "coordinates": [[-84.37206, 33.7649083], [-84.372059, 33.7657078], [-84.3720375, 33.7663278], [-84.3720374, 33.766331]]}, "properties": {"surface": "concrete", "highway": "footway"}}, {"type": "Feature", "geometry": {"type": "LineString", "coordinates": [[-84.3725803, 33.7664392], [-84.3725389, 33.7664412], [-84.3721262, 33.7664595], [-84.3720422, 33.7664577]]}, "properties": {"surface": "", "highway": "footway"}}, {"type": "Feature", "geometry": {"type": "LineString", "coordinates": [[-84.3718014, 33.7664615], [-84.3717949, 33.7672257]]}, "properties": {"surface": "concrete", "highway": "footway"}}, {"type": "Feature", "geometry": {"type": "LineString", "coordinates": [[-84.3654952, 33.7694405], [-84.365511, 33.7693716], [-84.3655251, 33.7692993], [-84.3655426, 33.7691663], [-84.3655503, 33.7690082], [-84.3655921, 33.7686469]]}, "properties": {"surface": "", "highway": "footway"}}, {"type": "Feature", "geometry": {"type": "LineString", "coordinates": [[-84.3703896, 33.7712725], [-84.3709893, 33.7712725], [-84.371097, 33.7712725], [-84.3716544, 33.7712786]]}, "properties": {"surface": "", "highway": "footway"}}, {"type": "Feature", "geometry": {"type": "LineString", "coordinates": [[-84.3718014, 33.7664615], [-84.3714041, 33.7664777], [-84.3709337, 33.7664949], [-84.3708306, 33.7665016], [-84.3702092, 33.766513], [-84.3696094, 33.7665135], [-84.369197, 33.7665208]]}, "properties": {"surface": "", "highway": "footway"}}, {"type": "Feature", "geometry": {"type": "LineString", "coordinates": [[-84.3689874, 33.7665028], [-84.3687322, 33.7664105], [-84.3684656, 33.7663276], [-84.3679799, 33.7661991], [-84.367849, 33.7661632]]}, "properties": {"surface": "", "highway": "footway"}}, {"type": "Feature", "geometry": {"type": "LineString", "coordinates": [[-84.3947867, 33.7533923], [-84.3953259, 33.7527144], [-84.3955541, 33.7524139]]}, "properties": {"surface": "", "highway": "footway"}}, {"type": "Feature", "geometry": {"type": "LineString", "coordinates": [[-84.3731708, 33.7686123], [-84.3731815, 33.7686139]]}, "properties": {"surface": "", "highway": "footway"}}, {"type": "Feature", "geometry": {"type": "LineString", "coordinates": [[-84.3730329, 33.7686043], [-84.373019, 33.7686031]]}, "properties": {"surface": "", "highway": "footway"}}, {"type": "Feature", "geometry": {"type": "LineString", "coordinates": [[-84.3749278, 33.7663877], [-84.3749191, 33.7664016]]}, "properties": {"surface": "", "highway": "footway"}}, {"type": "Feature", "geometry": {"type": "LineString", "coordinates": [[-84.3748815, 33.76648], [-84.3748775, 33.7664893], [-84.3748708, 33.7664933], [-84.3748194, 33.7664844]]}, "properties": {"surface": "", "highway": "footway"}}, {"type": "Feature", "geometry": {"type": "LineString", "coordinates": [[-84.3748737, 33.7663709], [-84.3748892, 33.7663761]]}, "properties": {"surface": "", "highway": "footway"}}, {"type": "Feature", "geometry": {"type": "LineString", "coordinates": [[-84.3747671, 33.7663453], [-84.3747805, 33.7663475]]}, "properties": {"surface": "", "highway": "footway"}}, {"type": "Feature", "geometry": {"type": "LineString", "coordinates": [[-84.3747582, 33.7663591], [-84.3747597, 33.7663558], [-84.3747612, 33.7663523], [-84.3747671, 33.7663453]]}, "properties": {"surface": "", "highway": "footway"}}, {"type": "Feature", "geometry": {"type": "LineString", "coordinates": [[-84.3747273, 33.7664621], [-84.3747174, 33.7664588], [-84.3747237, 33.7664383], [-84.3747273, 33.7664294]]}, "properties": {"surface": "", "highway": "footway"}}, {"type": "Feature", "geometry": {"type": "LineString", "coordinates": [[-84.3756011, 33.7639756], [-84.3756045, 33.7639507]]}, "properties": {"surface": "", "highway": "footway"}}, {"type": "Feature", "geometry": {"type": "LineString", "coordinates": [[-84.3737036, 33.7640625], [-84.373713, 33.764054], [-84.3737293, 33.7640489]]}, "properties": {"surface": "", "highway": "footway"}}, {"type": "Feature", "geometry": {"type": "LineString", "coordinates": [[-84.3738087, 33.7638855], [-84.3737949, 33.7638864]]}, "properties": {"surface": "", "highway": "footway"}}, {"type": "Feature", "geometry": {"type": "LineString", "coordinates": [[-84.3736486, 33.7639029], [-84.3736364, 33.7639035]]}, "properties": {"surface": "", "highway": "footway"}}, {"type": "Feature", "geometry": {"type": "LineString", "coordinates": [[-84.3734494, 33.7648888], [-84.3734627, 33.7649049], [-84.3734672, 33.7649436], [-84.3733883, 33.7657113], [-84.3733652, 33.7659364], [-84.3733543, 33.7660421], [-84.373314, 33.7662819]]}, "properties": {"surface": "", "highway": "footway"}}, {"type": "Feature", "geometry": {"type": "LineString", "coordinates": [[-84.3733082, 33.7675921], [-84.3733271, 33.767601], [-84.3733861, 33.7676094], [-84.3736845, 33.7676376], [-84.373856, 33.767642], [-84.3741506, 33.7676381], [-84.3741613, 33.7676386]]}, "properties": {"surface": "", "highway": "footway"}}, {"type": "Feature", "geometry": {"type": "LineString", "coordinates": [[-84.3740934, 33.7677417], [-84.3741125, 33.7677233]]}, "properties": {"surface": "", "highway": "footway"}}, {"type": "Feature", "geometry": {"type": "LineString", "coordinates": [[-84.3741518, 33.7676549], [-84.3741613, 33.7676386]]}, "properties": {"surface": "", "highway": "footway"}}, {"type": "Feature", "geometry": {"type": "LineString", "coordinates": [[-84.3741288, 33.7677515], [-84.3741094, 33.7677518]]}, "properties": {"surface": "", "highway": "footway"}}, {"type": "Feature", "geometry": {"type": "LineString", "coordinates": [[-84.3741613, 33.7676386], [-84.3741767, 33.7676393]]}, "properties": {"surface": "", "highway": "footway"}}, {"type": "Feature", "geometry": {"type": "LineString", "coordinates": [[-84.3742876, 33.7676468], [-84.3745863, 33.7676384], [-84.3749319, 33.7676267], [-84.3752734, 33.7676265], [-84.3756172, 33.7676142], [-84.376417, 33.7675993], [-84.3765703, 33.7675869], [-84.3765954, 33.7675857], [-84.3766076, 33.7675779], [-84.3766245, 33.7675626], [-84.3767209, 33.7673344], [-84.3767966, 33.7671565], [-84.3768082, 33.7671196], [-84.3768285, 33.7670892], [-84.376823, 33.7670801], [-84.376767, 33.7670633], [-84.3765467, 33.7669908], [-84.3761512, 33.7668728], [-84.3759533, 33.7668148], [-84.3754831, 33.7666805], [-84.375167, 33.766585], [-84.3748708, 33.7664933]]}, "properties": {"surface": "", "highway": "footway"}}, {"type": "Feature", "geometry": {"type": "LineString", "coordinates": [[-84.3769468, 33.7671239], [-84.3769605, 33.7671318]]}, "properties": {"surface": "", "highway": "footway"}}, {"type": "Feature", "geometry": {"type": "LineString", "coordinates": [[-84.3768285, 33.7670892], [-84.3768361, 33.7670913]]}, "properties": {"surface": "", "highway": "footway"}}, {"type": "Feature", "geometry": {"type": "LineString", "coordinates": [[-84.3747174, 33.7664588], [-84.3745696, 33.7664222], [-84.374314, 33.7663793], [-84.3741928, 33.7663704], [-84.3740716, 33.7663713], [-84.3737104, 33.766374], [-84.3734705, 33.7663978]]}, "properties": {"surface": "", "highway": "footway"}}, {"type": "Feature", "geometry": {"type": "LineString", "coordinates": [[-84.3726894, 33.7663144], [-84.3727321, 33.7663204], [-84.3732909, 33.766284]]}, "properties": {"surface": "", "highway": "footway"}}, {"type": "Feature", "geometry": {"type": "LineString", "coordinates": [[-84.3720375, 33.7663278], [-84.3720762, 33.7663186], [-84.3725045, 33.7663058], [-84.372545, 33.7663074], [-84.3725629, 33.7663245], [-84.3725834, 33.7663241]]}, "properties": {"surface": "", "highway": "footway"}}, {"type": "Feature", "geometry": {"type": "LineString", "coordinates": [[-84.3733012, 33.7664056], [-84.3729577, 33.7664114], [-84.3726936, 33.7664152]]}, "properties": {"surface": "", "highway": "footway"}}, {"type": "Feature", "geometry": {"type": "LineString", "coordinates": [[-84.3748194, 33.7664844], [-84.3748195, 33.7665029], [-84.374782, 33.7665836], [-84.3747107, 33.7667363], [-84.374632, 33.7669011], [-84.3745438, 33.7670889], [-84.374422, 33.7673531], [-84.3742876, 33.7676468]]}, "properties": {"surface": "", "highway": "footway"}}, {"type": "Feature", "geometry": {"type": "LineString", "coordinates": [[-84.3747174, 33.7664588], [-84.3746101, 33.766692], [-84.374485, 33.7669609], [-84.37431, 33.7673415], [-84.3741767, 33.7676393]]}, "properties": {"surface": "", "highway": "footway"}}, {"type": "Feature", "geometry": {"type": "LineString", "coordinates": [[-84.3755801, 33.76411], [-84.3754213, 33.7641033], [-84.3745304, 33.7640814], [-84.3737293, 33.7640489]]}, "properties": {"surface": "", "highway": "footway"}}, {"type": "Feature", "geometry": {"type": "LineString", "coordinates": [[-84.3720873, 33.7638936], [-84.3720993, 33.7639], [-84.3721107, 33.7639053], [-84.3721309, 33.763908], [-84.3721599, 33.7639075], [-84.3724468, 33.7639123], [-84.3725455, 33.7639127], [-84.3726977, 33.7639156], [-84.3728338, 33.7639167], [-84.3730294, 33.76392], [-84.373627, 33.7639186]]}, "properties": {"surface": "", "highway": "footway"}}, {"type": "Feature", "geometry": {"type": "LineString", "coordinates": [[-84.3718502, 33.763876], [-84.371816, 33.7638637], [-84.3717761, 33.7638637], [-84.3716098, 33.7638556], [-84.3712448, 33.7638538], [-84.370931, 33.7638598], [-84.3708484, 33.7638711], [-84.3705159, 33.7638711], [-84.3699993, 33.7638734], [-84.3691546, 33.7639055], [-84.3678837, 33.763902]]}, "properties": {"surface": "", "highway": "footway"}}, {"type": "Feature", "geometry": {"type": "LineString", "coordinates": [[-84.3780341, 33.7640247], [-84.37803, 33.7639981]]}, "properties": {"surface": "", "highway": "footway"}}, {"type": "Feature", "geometry": {"type": "LineString", "coordinates": [[-84.37803, 33.7639981], [-84.3780164, 33.7639975]]}, "properties": {"surface": "", "highway": "footway"}}, {"type": "Feature", "geometry": {"type": "LineString", "coordinates": [[-84.3780341, 33.7642085], [-84.378061, 33.7642209], [-84.3781053, 33.7642209], [-84.3787078, 33.7642417], [-84.3797402, 33.764271], [-84.3802758, 33.7642824], [-84.3804254, 33.7642838], [-84.3804647, 33.7642783], [-84.3804813, 33.7642791]]}, "properties": {"surface": "", "highway": "footway"}}, {"type": "Feature", "geometry": {"type": "LineString", "coordinates": [[-84.3806862, 33.7642794], [-84.3807148, 33.7642844]]}, "properties": {"surface": "", "highway": "footway"}}, {"type": "Feature", "geometry": {"type": "LineString", "coordinates": [[-84.3819433, 33.7643681], [-84.3819552, 33.7644033], [-84.3819704, 33.7644367], [-84.3819759, 33.7645057]]}, "properties": {"surface": "", "highway": "footway"}}, {"type": "Feature", "geometry": {"type": "LineString", "coordinates": [[-84.3820049, 33.7642846], [-84.3819929, 33.7643138]]}, "properties": {"surface": "", "highway": "footway"}}, {"type": "Feature", "geometry": {"type": "LineString", "coordinates": [[-84.3717319, 33.7698727], [-84.3717113, 33.7698719]]}, "properties": {"surface": "", "highway": "footway"}}, {"type": "Feature", "geometry": {"type": "LineString", "coordinates": [[-84.4017853, 33.766192], [-84.4017694, 33.7649701], [-84.4017665, 33.7647489], [-84.4017581, 33.7640971], [-84.4017633, 33.7638438], [-84.4017643, 33.7637961]]}, "properties": {"surface": "", "highway": "footway"}}, {"type": "Feature", "geometry": {"type": "LineString", "coordinates": [[-84.3925188, 33.7569923], [-84.3920859, 33.7565796]]}, "properties": {"surface": "", "highway": "footway"}}, {"type": "Feature", "geometry": {"type": "LineString", "coordinates": [[-84.3919702, 33.7597993], [-84.3915707, 33.759796], [-84.39136, 33.7597938], [-84.3907917, 33.7597895], [-84.3906539, 33.7597883]]}, "properties": {"surface": "", "highway": "footway"}}, {"type": "Feature", "geometry": {"type": "LineString", "coordinates": [[-84.3919449, 33.7596308], [-84.3918943, 33.7596649], [-84.3913651, 33.7596575], [-84.3909367, 33.7596622], [-84.3906551, 33.7596653]]}, "properties": {"surface": "", "highway": "footway"}}, {"type": "Feature", "geometry": {"type": "LineString", "coordinates": [[-84.3878697, 33.757811], [-84.3879129, 33.7578349], [-84.38821, 33.7581491], [-84.3882671, 33.7581538], [-84.3883142, 33.7581976]]}, "properties": {"surface": "concrete", "highway": "footway"}}, {"type": "Feature", "geometry": {"type": "LineString", "coordinates": [[-84.3883142, 33.7581976], [-84.3883411, 33.7582232], [-84.3883345, 33.7582663], [-84.388376, 33.7583057], [-84.3883881, 33.7583241], [-84.3883901, 33.7583379], [-84.3883876, 33.7583467]]}, "properties": {"surface": "concrete", "highway": "footway"}}, {"type": "Feature", "geometry": {"type": "LineString", "coordinates": [[-84.3741818, 33.7613119], [-84.3741606, 33.7613114]]}, "properties": {"surface": "", "highway": "footway"}}, {"type": "Feature", "geometry": {"type": "LineString", "coordinates": [[-84.3741818, 33.7613119], [-84.3742181, 33.7604686]]}, "properties": {"surface": "", "highway": "footway"}}, {"type": "Feature", "geometry": {"type": "LineString", "coordinates": [[-84.3742181, 33.7604686], [-84.3742294, 33.7598656]]}, "properties": {"surface": "", "highway": "footway"}}, {"type": "Feature", "geometry": {"type": "LineString", "coordinates": [[-84.3742294, 33.7598656], [-84.3742309, 33.7597329], [-84.3742299, 33.759593]]}, "properties": {"surface": "", "highway": "footway"}}, {"type": "Feature", "geometry": {"type": "LineString", "coordinates": [[-84.3742315, 33.75947], [-84.3742507, 33.7589041]]}, "properties": {"surface": "", "highway": "footway"}}, {"type": "Feature", "geometry": {"type": "LineString", "coordinates": [[-84.3744004, 33.7598676], [-84.3744013, 33.7588824]]}, "properties": {"surface": "", "highway": "footway"}}, {"type": "Feature", "geometry": {"type": "LineString", "coordinates": [[-84.374254, 33.7587265], [-84.3742593, 33.7577489]]}, "properties": {"surface": "", "highway": "footway"}}, {"type": "Feature", "geometry": {"type": "LineString", "coordinates": [[-84.3735492, 33.7577427], [-84.3742593, 33.7577489]]}, "properties": {"surface": "", "highway": "footway"}}, {"type": "Feature", "geometry": {"type": "LineString", "coordinates": [[-84.3744027, 33.7587082], [-84.3744168, 33.7577503]]}, "properties": {"surface": "", "highway": "footway"}}, {"type": "Feature", "geometry": {"type": "LineString", "coordinates": [[-84.3742564, 33.7576162], [-84.3742097, 33.7576165], [-84.3734295, 33.7576045], [-84.3733728, 33.7576043]]}, "properties": {"surface": "", "highway": "footway"}}, {"type": "Feature", "geometry": {"type": "LineString", "coordinates": [[-84.3744271, 33.7558997], [-84.3744266, 33.7556735], [-84.3744545, 33.7555667]]}, "properties": {"surface": "", "highway": "footway"}}, {"type": "Feature", "geometry": {"type": "LineString", "coordinates": [[-84.3744269, 33.7559498], [-84.3753982, 33.7559664], [-84.3759212, 33.7559773], [-84.3765278, 33.7559893]]}, "properties": {"surface": "", "highway": "footway"}}, {"type": "Feature", "geometry": {"type": "LineString", "coordinates": [[-84.3778976, 33.7554531], [-84.377654, 33.7554594], [-84.3776294, 33.7554595], [-84.3776145, 33.7554596], [-84.3775573, 33.7554598], [-84.3770398, 33.7554615], [-84.3770032, 33.7554613], [-84.3766636, 33.7554477]]}, "properties": {"surface": "", "highway": "footway"}}, {"type": "Feature", "geometry": {"type": "LineString", "coordinates": [[-84.3765296, 33.755923], [-84.3744271, 33.7558997]]}, "properties": {"surface": "", "highway": "footway"}}, {"type": "Feature", "geometry": {"type": "LineString", "coordinates": [[-84.3766861, 33.7560017], [-84.3778872, 33.7560291]]}, "properties": {"surface": "", "highway": "footway"}}, {"type": "Feature", "geometry": {"type": "LineString", "coordinates": [[-84.3778722, 33.7559366], [-84.3776313, 33.7559392], [-84.3769141, 33.7559366], [-84.3766906, 33.7559275]]}, "properties": {"surface": "", "highway": "footway"}}, {"type": "Feature", "geometry": {"type": "LineString", "coordinates": [[-84.3766861, 33.7560017], [-84.3766649, 33.7562853], [-84.3766624, 33.7566114], [-84.3766593, 33.7569241], [-84.3766581, 33.7570854], [-84.3766635, 33.7576393]]}, "properties": {"surface": "", "highway": "footway"}}, {"type": "Feature", "geometry": {"type": "LineString", "coordinates": [[-84.3754939, 33.7542993], [-84.3754198, 33.7542851], [-84.3749226, 33.7542764], [-84.3746068, 33.7542709], [-84.374524, 33.7542706], [-84.3744833, 33.754274], [-84.3744516, 33.7542899]]}, "properties": {"surface": "concrete", "highway": "footway"}}, {"type": "Feature", "geometry": {"type": "LineString", "coordinates": [[-84.3756022, 33.7541043], [-84.3756019, 33.7543095]]}, "properties": {"surface": "", "highway": "footway"}}, {"type": "Feature", "geometry": {"type": "LineString", "coordinates": [[-84.3754939, 33.7542993], [-84.3755036, 33.7539028], [-84.3755015, 33.7538891], [-84.3754882, 33.7538805]]}, "properties": {"surface": "", "highway": "footway"}}, {"type": "Feature", "geometry": {"type": "LineString", "coordinates": [[-84.3754882, 33.7538805], [-84.374454, 33.7538605]]}, "properties": {"surface": "", "highway": "footway"}}, {"type": "Feature", "geometry": {"type": "LineString", "coordinates": [[-84.3743163, 33.753718], [-84.374284, 33.7537329], [-84.3742489, 33.7537376], [-84.3732352, 33.7537171]]}, "properties": {"surface": "", "highway": "footway"}}, {"type": "Feature", "geometry": {"type": "LineString", "coordinates": [[-84.3730748, 33.7537155], [-84.3721302, 33.7536969]]}, "properties": {"surface": "", "highway": "footway"}}, {"type": "Feature", "geometry": {"type": "LineString", "coordinates": [[-84.3730748, 33.7537155], [-84.3730676, 33.7536708], [-84.3730503, 33.7536098], [-84.3728089, 33.7530768], [-84.3727902, 33.7530386], [-84.3727643, 33.752992], [-84.3727456, 33.7529609], [-84.3727269, 33.7529262], [-84.3726306, 33.7526932], [-84.3722839, 33.7520097]]}, "properties": {"surface": "", "highway": "footway"}}, {"type": "Feature", "geometry": {"type": "LineString", "coordinates": [[-84.3732352, 33.7537171], [-84.3731147, 33.75339], [-84.3730598, 33.7532797], [-84.3730101, 33.7531879], [-84.3729996, 33.7531629], [-84.37294, 33.7530063]]}, "properties": {"surface": "", "highway": "footway"}}, {"type": "Feature", "geometry": {"type": "LineString", "coordinates": [[-84.3728912, 33.752917], [-84.3724049, 33.7519614]]}, "properties": {"surface": "", "highway": "footway"}}, {"type": "Feature", "geometry": {"type": "LineString", "coordinates": [[-84.3724049, 33.7519614], [-84.373245, 33.7516919]]}, "properties": {"surface": "", "highway": "footway"}}, {"type": "Feature", "geometry": {"type": "LineString", "coordinates": [[-84.373245, 33.7516919], [-84.3734946, 33.7522257], [-84.3735829, 33.7524296], [-84.3735885, 33.7524426], [-84.3735972, 33.7524561], [-84.3736141, 33.7524597], [-84.3737699, 33.7524473], [-84.3740627, 33.7524223]]}, "properties": {"surface": "", "highway": "footway"}}, {"type": "Feature", "geometry": {"type": "LineString", "coordinates": [[-84.3735829, 33.7524296], [-84.3735944, 33.7524234]]}, "properties": {"surface": "", "highway": "footway"}}, {"type": "Feature", "geometry": {"type": "LineString", "coordinates": [[-84.3736383, 33.7523771], [-84.3736457, 33.7523688]]}, "properties": {"surface": "", "highway": "footway"}}, {"type": "Feature", "geometry": {"type": "LineString", "coordinates": [[-84.3740402, 33.7523411], [-84.3736457, 33.7523688], [-84.3736365, 33.7523587], [-84.3736297, 33.7523452], [-84.3735677, 33.7521647], [-84.3735633, 33.7521559], [-84.3735483, 33.7521434], [-84.3735364, 33.7521283], [-84.3734532, 33.7519447], [-84.3733538, 33.7517179], [-84.3733456, 33.7516955], [-84.3733456, 33.7516846], [-84.3733451, 33.7516659]]}, "properties": {"surface": "", "highway": "footway"}}, {"type": "Feature", "geometry": {"type": "LineString", "coordinates": [[-84.3733451, 33.7516659], [-84.3737439, 33.7515448]]}, "properties": {"surface": "", "highway": "footway"}}, {"type": "Feature", "geometry": {"type": "LineString", "coordinates": [[-84.3737439, 33.7515448], [-84.3737626, 33.7515467], [-84.3737772, 33.7515602], [-84.3738642, 33.7518266], [-84.3740402, 33.7523411]]}, "properties": {"surface": "", "highway": "footway"}}, {"type": "Feature", "geometry": {"type": "LineString", "coordinates": [[-84.3740627, 33.7524223], [-84.3741303, 33.7526177], [-84.374193, 33.752818]]}, "properties": {"surface": "", "highway": "footway"}}, {"type": "Feature", "geometry": {"type": "LineString", "coordinates": [[-84.374193, 33.752818], [-84.3741568, 33.7528267], [-84.374116, 33.7528315], [-84.3740628, 33.7528327], [-84.3740443, 33.7528288], [-84.3740181, 33.7528282], [-84.3739634, 33.752832], [-84.3728912, 33.752917]]}, "properties": {"surface": "", "highway": "footway"}}, {"type": "Feature", "geometry": {"type": "LineString", "coordinates": [[-84.3810061, 33.7535894], [-84.3810322, 33.7535888]]}, "properties": {"surface": "", "highway": "footway"}}, {"type": "Feature", "geometry": {"type": "LineString", "coordinates": [[-84.379078, 33.7712795], [-84.379078, 33.7712481]]}, "properties": {"surface": "", "highway": "footway"}}, {"type": "Feature", "geometry": {"type": "LineString", "coordinates": [[-84.3748295, 33.7711185], [-84.3748254, 33.7710995], [-84.3748131, 33.7709911], [-84.3747039, 33.7709143], [-84.3747008, 33.7708031]]}, "properties": {"surface": "", "highway": "footway"}}, {"type": "Feature", "geometry": {"type": "LineString", "coordinates": [[-84.3746409, 33.7710967], [-84.3746502, 33.7711205]]}, "properties": {"surface": "", "highway": "footway"}}, {"type": "Feature", "geometry": {"type": "LineString", "coordinates": [[-84.3729558, 33.7729596], [-84.3728804, 33.7729175], [-84.3728741, 33.7728166], [-84.3728639, 33.7723936], [-84.3728626, 33.7721116], [-84.3728633, 33.771693], [-84.3728733, 33.771289]]}, "properties": {"surface": "", "highway": "footway"}}, {"type": "Feature", "geometry": {"type": "LineString", "coordinates": [[-84.3718556, 33.7712808], [-84.3721729, 33.771275], [-84.3726948, 33.7712828]]}, "properties": {"surface": "", "highway": "footway"}}, {"type": "Feature", "geometry": {"type": "LineString", "coordinates": [[-84.3726948, 33.7712828], [-84.3726963, 33.7713166], [-84.3727028, 33.7721572], [-84.3727098, 33.7730521]]}, "properties": {"surface": "", "highway": "footway"}}, {"type": "Feature", "geometry": {"type": "LineString", "coordinates": [[-84.3726942, 33.7710868], [-84.3723118, 33.7710855], [-84.3718988, 33.77108]]}, "properties": {"surface": "concrete", "highway": "footway"}}, {"type": "Feature", "geometry": {"type": "LineString", "coordinates": [[-84.3730335, 33.7698392], [-84.3730873, 33.7693765], [-84.3730892, 33.7693612]]}, "properties": {"surface": "", "highway": "footway"}}, {"type": "Feature", "geometry": {"type": "LineString", "coordinates": [[-84.3733012, 33.7664056], [-84.3732056, 33.7670382], [-84.3731411, 33.76758], [-84.3731057, 33.767877]]}, "properties": {"surface": "", "highway": "footway"}}, {"type": "Feature", "geometry": {"type": "LineString", "coordinates": [[-84.3732614, 33.7679652], [-84.3732472, 33.7679642]]}, "properties": {"surface": "", "highway": "footway"}}, {"type": "Feature", "geometry": {"type": "LineString", "coordinates": [[-84.3731118, 33.7679544], [-84.373095, 33.7679535]]}, "properties": {"surface": "", "highway": "footway"}}, {"type": "Feature", "geometry": {"type": "LineString", "coordinates": [[-84.3735565, 33.7640595], [-84.3734748, 33.7648041]]}, "properties": {"surface": "", "highway": "footway"}}, {"type": "Feature", "geometry": {"type": "LineString", "coordinates": [[-84.3753896, 33.7699597], [-84.3753905, 33.7699706]]}, "properties": {"surface": "", "highway": "footway"}}, {"type": "Feature", "geometry": {"type": "LineString", "coordinates": [[-84.3753872, 33.7698609], [-84.3753869, 33.7698736]]}, "properties": {"surface": "", "highway": "footway"}}, {"type": "Feature", "geometry": {"type": "LineString", "coordinates": [[-84.3731057, 33.767877], [-84.3731031, 33.7678985], [-84.3730527, 33.7678678], [-84.3726813, 33.7678673], [-84.3726396, 33.7678663]]}, "properties": {"surface": "", "highway": "footway"}}, {"type": "Feature", "geometry": {"type": "LineString", "coordinates": [[-84.372015, 33.7679416], [-84.3724865, 33.7679427], [-84.372868, 33.7679431], [-84.3730096, 33.7679448], [-84.373095, 33.7679535]]}, "properties": {"surface": "", "highway": "footway"}}, {"type": "Feature", "geometry": {"type": "LineString", "coordinates": [[-84.3725367, 33.7678669], [-84.3725057, 33.7678642], [-84.3720549, 33.7678807], [-84.3720559, 33.7678643], [-84.372018, 33.7678564]]}, "properties": {"surface": "", "highway": "footway"}}, {"type": "Feature", "geometry": {"type": "LineString", "coordinates": [[-84.3726396, 33.7678663], [-84.3726588, 33.7676367], [-84.3726688, 33.7674382], [-84.372667, 33.7673152], [-84.3726634, 33.7672966], [-84.3726734, 33.7672829], [-84.372677, 33.767253], [-84.3726876, 33.7670592], [-84.3726909, 33.7668857], [-84.3727029, 33.7664701], [-84.3726936, 33.7664152]]}, "properties": {"surface": "", "highway": "footway"}}, {"type": "Feature", "geometry": {"type": "LineString", "coordinates": [[-84.3725367, 33.7678669], [-84.3725362, 33.767646], [-84.3725542, 33.7671958], [-84.3725598, 33.7670551], [-84.3725784, 33.7667072], [-84.3725784, 33.7666837], [-84.3725814, 33.7666626], [-84.3725766, 33.7666498], [-84.3725768, 33.7665668], [-84.3725783, 33.7664918], [-84.3725803, 33.7664392], [-84.3725801, 33.7664189]]}, "properties": {"surface": "", "highway": "footway"}}, {"type": "Feature", "geometry": {"type": "LineString", "coordinates": [[-84.3725834, 33.7663241], [-84.3725771, 33.766305], [-84.3725763, 33.7662954], [-84.3725805, 33.7662903], [-84.3726122, 33.766141], [-84.3726164, 33.7660735], [-84.3726432, 33.76591], [-84.3726574, 33.7658301], [-84.3726615, 33.7658099], [-84.3726798, 33.7657766], [-84.3727817, 33.7651369], [-84.3728195, 33.7649177]]}, "properties": {"surface": "", "highway": "footway"}}, {"type": "Feature", "geometry": {"type": "LineString", "coordinates": [[-84.3726033, 33.7664163], [-84.3725801, 33.7664189]]}, "properties": {"surface": "", "highway": "footway"}}, {"type": "Feature", "geometry": {"type": "LineString", "coordinates": [[-84.3725834, 33.7663241], [-84.3725971, 33.7663238]]}, "properties": {"surface": "", "highway": "footway"}}, {"type": "Feature", "geometry": {"type": "LineString", "coordinates": [[-84.3726894, 33.7663144], [-84.3726983, 33.7662658], [-84.3727045, 33.7662371], [-84.372713, 33.7661751], [-84.3727253, 33.7660883], [-84.3727609, 33.7659101], [-84.372799, 33.7656713], [-84.3728434, 33.7654177], [-84.3729092, 33.7650099], [-84.3729194, 33.7649181]]}, "properties": {"surface": "", "highway": "footway"}}, {"type": "Feature", "geometry": {"type": "LineString", "coordinates": [[-84.3734748, 33.7648041], [-84.3734364, 33.7647989], [-84.3730519, 33.7647995], [-84.3729365, 33.7648003], [-84.3728244, 33.764801], [-84.3724586, 33.7648034], [-84.3720725, 33.7648055]]}, "properties": {"surface": "", "highway": "footway"}}, {"type": "Feature", "geometry": {"type": "LineString", "coordinates": [[-84.37206, 33.7649083], [-84.3721826, 33.7648997], [-84.3723743, 33.7648971], [-84.3725486, 33.764899], [-84.3727862, 33.7649001], [-84.3728195, 33.7649177]]}, "properties": {"surface": "", "highway": "footway"}}, {"type": "Feature", "geometry": {"type": "LineString", "coordinates": [[-84.3729194, 33.7649181], [-84.3729445, 33.7649045], [-84.3729784, 33.7649005], [-84.373188, 33.7648983], [-84.3734494, 33.7648888]]}, "properties": {"surface": "", "highway": "footway"}}, {"type": "Feature", "geometry": {"type": "LineString", "coordinates": [[-84.3729352, 33.7648131], [-84.3729365, 33.7648003]]}, "properties": {"surface": "", "highway": "footway"}}, {"type": "Feature", "geometry": {"type": "LineString", "coordinates": [[-84.3728245, 33.7648155], [-84.3728244, 33.764801]]}, "properties": {"surface": "", "highway": "footway"}}, {"type": "Feature", "geometry": {"type": "LineString", "coordinates": [[-84.3678096, 33.7692693], [-84.3689309, 33.7690937], [-84.370019, 33.7689407], [-84.3711128, 33.7687854], [-84.3714385, 33.7687466], [-84.3715892, 33.7687286], [-84.3717586, 33.7687084]]}, "properties": {"surface": "", "highway": "footway"}}, {"type": "Feature", "geometry": {"type": "LineString", "coordinates": [[-84.3717586, 33.7687084], [-84.3717584, 33.7687146]]}, "properties": {"surface": "", "highway": "footway"}}, {"type": "Feature", "geometry": {"type": "LineString", "coordinates": [[-84.3689984, 33.7699817], [-84.3714081, 33.7699872], [-84.3717059, 33.7699879]]}, "properties": {"surface": "", "highway": "footway"}}, {"type": "Feature", "geometry": {"type": "LineString", "coordinates": [[-84.3717059, 33.7699879], [-84.3716813, 33.7704708], [-84.3716657, 33.7709624], [-84.3716649, 33.7710805]]}, "properties": {"surface": "concrete", "highway": "footway"}}, {"type": "Feature", "geometry": {"type": "LineString", "coordinates": [[-84.3717107, 33.7698875], [-84.3716452, 33.7698696], [-84.3715908, 33.769866], [-84.3713417, 33.7698683], [-84.3710947, 33.7698705], [-84.3710494, 33.7698701], [-84.3692838, 33.7698532], [-84.3692758, 33.7698572], [-84.3692701, 33.7698615]]}, "properties": {"surface": "", "highway": "footway"}}, {"type": "Feature", "geometry": {"type": "LineString", "coordinates": [[-84.3692091, 33.7698642], [-84.3692022, 33.7698557], [-84.3691934, 33.7698523], [-84.3689195, 33.7698497], [-84.3677919, 33.7698546]]}, "properties": {"surface": "", "highway": "footway"}}, {"type": "Feature", "geometry": {"type": "LineString", "coordinates": [[-84.3692701, 33.7698615], [-84.369268, 33.7699101]]}, "properties": {"surface": "", "highway": "footway"}}, {"type": "Feature", "geometry": {"type": "LineString", "coordinates": [[-84.3692091, 33.7698642], [-84.3692071, 33.7699097]]}, "properties": {"surface": "", "highway": "footway"}}, {"type": "Feature", "geometry": {"type": "LineString", "coordinates": [[-84.3677919, 33.7698546], [-84.3678035, 33.7693857], [-84.367804, 33.7693644]]}, "properties": {"surface": "concrete", "highway": "footway"}}, {"type": "Feature", "geometry": {"type": "LineString", "coordinates": [[-84.3678061, 33.7685773], [-84.3678072, 33.7686033]]}, "properties": {"surface": "asphalt", "highway": "footway"}}, {"type": "Feature", "geometry": {"type": "LineString", "coordinates": [[-84.3678072, 33.7686033], [-84.3680684, 33.7686168], [-84.3681827, 33.7686143], [-84.3684379, 33.7685923], [-84.3687849, 33.7685552], [-84.3691976, 33.7685036], [-84.3695289, 33.768477], [-84.3699553, 33.7684297], [-84.3703512, 33.7683934], [-84.3706266, 33.7683727], [-84.3708075, 33.7683645], [-84.3711294, 33.7683656]]}, "properties": {"surface": "", "highway": "footway"}}, {"type": "Feature", "geometry": {"type": "LineString", "coordinates": [[-84.3717682, 33.7684646], [-84.3717586, 33.7687084]]}, "properties": {"surface": "concrete", "highway": "footway"}}, {"type": "Feature", "geometry": {"type": "LineString", "coordinates": [[-84.3717706, 33.7683865], [-84.3712242, 33.7683674]]}, "properties": {"surface": "", "highway": "footway"}}, {"type": "Feature", "geometry": {"type": "LineString", "coordinates": [[-84.3717682, 33.7684646], [-84.3714614, 33.7684612], [-84.3712528, 33.7684588], [-84.3711494, 33.7684577], [-84.3711165, 33.7684573], [-84.3708738, 33.7684529], [-84.3707413, 33.7684503], [-84.3706682, 33.7684522], [-84.3705703, 33.7684625], [-84.3701074, 33.7685079], [-84.3695143, 33.7685649], [-84.3688172, 33.7686366], [-84.3684213, 33.7686757], [-84.3683375, 33.7686836], [-84.3683127, 33.7686859], [-84.3682443, 33.7686936]]}, "properties": {"surface": "", "highway": "footway"}}, {"type": "Feature", "geometry": {"type": "LineString", "coordinates": [[-84.3683375, 33.7686836], [-84.3683346, 33.7686695]]}, "properties": {"surface": "", "highway": "footway"}}, {"type": "Feature", "geometry": {"type": "LineString", "coordinates": [[-84.3683346, 33.7686695], [-84.3683292, 33.7686346]]}, "properties": {"surface": "", "highway": "footway"}}, {"type": "Feature", "geometry": {"type": "LineString", "coordinates": [[-84.3754912, 33.7544311], [-84.3754026, 33.7544273], [-84.3747586, 33.7544259], [-84.3744779, 33.7544256]]}, "properties": {"surface": "concrete", "highway": "footway"}}, {"type": "Feature", "geometry": {"type": "LineString", "coordinates": [[-84.3754912, 33.7544311], [-84.3754937, 33.7546133], [-84.3754948, 33.754762], [-84.3754902, 33.7549209], [-84.3754872, 33.7554389]]}, "properties": {"surface": "", "highway": "footway"}}, {"type": "Feature", "geometry": {"type": "LineString", "coordinates": [[-84.3755912, 33.7554372], [-84.3755927, 33.7549653], [-84.3755984, 33.7545189], [-84.3756064, 33.7544339]]}, "properties": {"surface": "", "highway": "footway"}}, {"type": "Feature", "geometry": {"type": "LineString", "coordinates": [[-84.3755912, 33.7554372], [-84.376085, 33.7554438], [-84.3763554, 33.7554433], [-84.3765492, 33.7554441]]}, "properties": {"surface": "", "highway": "footway"}}, {"type": "Feature", "geometry": {"type": "LineString", "coordinates": [[-84.3766906, 33.7559275], [-84.3766714, 33.7558657], [-84.3766656, 33.7555724]]}, "properties": {"surface": "", "highway": "footway"}}, {"type": "Feature", "geometry": {"type": "LineString", "coordinates": [[-84.3766656, 33.7555724], [-84.3767587, 33.7555685], [-84.3778206, 33.7555874], [-84.3778865, 33.7556025]]}, "properties": {"surface": "", "highway": "footway"}}, {"type": "Feature", "geometry": {"type": "LineString", "coordinates": [[-84.3765388, 33.7555747], [-84.3765296, 33.755923]]}, "properties": {"surface": "", "highway": "footway"}}, {"type": "Feature", "geometry": {"type": "LineString", "coordinates": [[-84.3766636, 33.7554477], [-84.3766517, 33.7553625], [-84.3766534, 33.7544408]]}, "properties": {"surface": "", "highway": "footway"}}, {"type": "Feature", "geometry": {"type": "LineString", "coordinates": [[-84.3765626, 33.7544405], [-84.376479, 33.7544428], [-84.3761524, 33.7544393], [-84.3758792, 33.7544366], [-84.3757966, 33.7544358], [-84.3756064, 33.7544339]]}, "properties": {"surface": "concrete", "highway": "footway"}}, {"type": "Feature", "geometry": {"type": "LineString", "coordinates": [[-84.3765492, 33.7554441], [-84.3765587, 33.7554187], [-84.3765634, 33.7552445], [-84.3765626, 33.7544405]]}, "properties": {"surface": "", "highway": "footway"}}, {"type": "Feature", "geometry": {"type": "LineString", "coordinates": [[-84.3765692, 33.754318], [-84.3764883, 33.7543192], [-84.3756019, 33.7543095]]}, "properties": {"surface": "concrete", "highway": "footway"}}, {"type": "Feature", "geometry": {"type": "LineString", "coordinates": [[-84.3766605, 33.7543177], [-84.3766511, 33.7543015], [-84.3766457, 33.7542879], [-84.376646, 33.7539947], [-84.3766554, 33.7537155]]}, "properties": {"surface": "", "highway": "footway"}}, {"type": "Feature", "geometry": {"type": "LineString", "coordinates": [[-84.3765692, 33.754318], [-84.3765806, 33.754269], [-84.3765816, 33.7539953], [-84.3765863, 33.7537234]]}, "properties": {"surface": "", "highway": "footway"}}, {"type": "Feature", "geometry": {"type": "LineString", "coordinates": [[-84.3766554, 33.7537155], [-84.3766778, 33.7537039], [-84.3767074, 33.7537043], [-84.3775428, 33.7537133]]}, "properties": {"surface": "", "highway": "footway"}}, {"type": "Feature", "geometry": {"type": "LineString", "coordinates": [[-84.3931878, 33.7529944], [-84.3933256, 33.7528387]]}, "properties": {"surface": "", "highway": "footway"}}, {"type": "Feature", "geometry": {"type": "LineString", "coordinates": [[-84.3944294, 33.750249], [-84.3944428, 33.7502311], [-84.3944224, 33.7502193]]}, "properties": {"surface": "concrete", "highway": "footway"}}, {"type": "Feature", "geometry": {"type": "LineString", "coordinates": [[-84.3691033, 33.7736336], [-84.3689032, 33.7736131], [-84.3688319, 33.7736006], [-84.3687311, 33.7735829], [-84.3686997, 33.7735774]]}, "properties": {"surface": "", "highway": "footway"}}, {"type": "Feature", "geometry": {"type": "LineString", "coordinates": [[-84.3698271, 33.7737413], [-84.36983, 33.7734391], [-84.3698417, 33.7728917], [-84.3698496, 33.7728145], [-84.3698594, 33.7727821], [-84.3698718, 33.7727541], [-84.3699576, 33.7725467], [-84.3700912, 33.7722386], [-84.3702434, 33.7718826], [-84.3703062, 33.7717451], [-84.3703212, 33.7717068], [-84.3703319, 33.7716708], [-84.3703398, 33.7716068], [-84.3703896, 33.7712725]]}, "properties": {"surface": "", "highway": "footway"}}, {"type": "Feature", "geometry": {"type": "LineString", "coordinates": [[-84.3697, 33.7737324], [-84.3697081, 33.7732211], [-84.3697112, 33.7729086], [-84.3697143, 33.7728395], [-84.3697158, 33.7728139], [-84.3697266, 33.7727575], [-84.3697358, 33.7727313], [-84.3701109, 33.7718445], [-84.3701626, 33.771726], [-84.3701726, 33.7717062], [-84.3701849, 33.7716793], [-84.3702026, 33.7716146], [-84.3702411, 33.7713867], [-84.3702442, 33.771368], [-84.3702605, 33.7712722]]}, "properties": {"surface": "", "highway": "footway"}}, {"type": "Feature", "geometry": {"type": "LineString", "coordinates": [[-84.3951925, 33.7506777], [-84.3952117, 33.750654]]}, "properties": {"surface": "concrete", "highway": "footway"}}, {"type": "Feature", "geometry": {"type": "LineString", "coordinates": [[-84.3948298, 33.7511351], [-84.3944479, 33.7516477]]}, "properties": {"surface": "concrete", "highway": "footway"}}, {"type": "Feature", "geometry": {"type": "LineString", "coordinates": [[-84.3612948, 33.7672491], [-84.3602451, 33.7675715], [-84.3594262, 33.7678418], [-84.3593525, 33.7678695]]}, "properties": {"surface": "", "highway": "footway"}}, {"type": "Feature", "geometry": {"type": "LineString", "coordinates": [[-84.387666, 33.754583], [-84.3879048, 33.7545817]]}, "properties": {"surface": "", "highway": "footway"}}, {"type": "Feature", "geometry": {"type": "LineString", "coordinates": [[-84.387928, 33.7544397], [-84.3875507, 33.7544374]]}, "properties": {"surface": "", "highway": "footway"}}, {"type": "Feature", "geometry": {"type": "LineString", "coordinates": [[-84.3876674, 33.7571011], [-84.3876916, 33.757103], [-84.3878979, 33.7571082]]}, "properties": {"surface": "", "highway": "footway"}}, {"type": "Feature", "geometry": {"type": "LineString", "coordinates": [[-84.3875464, 33.7572281], [-84.3876726, 33.7572288]]}, "properties": {"surface": "concrete", "highway": "footway"}}, {"type": "Feature", "geometry": {"type": "LineString", "coordinates": [[-84.3876126, 33.7576072], [-84.3878018, 33.7572913]]}, "properties": {"surface": "", "highway": "footway"}}, {"type": "Feature", "geometry": {"type": "LineString", "coordinates": [[-84.3905181, 33.7645637], [-84.3905162, 33.7645548], [-84.3905137, 33.7645356], [-84.3905128, 33.7645147], [-84.3905053, 33.7641304], [-84.3905075, 33.7640989]]}, "properties": {"surface": "concrete", "highway": "footway"}}, {"type": "Feature", "geometry": {"type": "LineString", "coordinates": [[-84.3903699, 33.7633841], [-84.3903613, 33.7633784], [-84.3903356, 33.7633744], [-84.3902733, 33.7633725], [-84.3898522, 33.7633695], [-84.3898189, 33.7633695], [-84.3896563, 33.7633692], [-84.3894645, 33.7633693], [-84.389152, 33.7633684]]}, "properties": {"surface": "concrete", "highway": "footway"}}, {"type": "Feature", "geometry": {"type": "LineString", "coordinates": [[-84.3896144, 33.7647508], [-84.3896674, 33.7647515], [-84.3897766, 33.7647527], [-84.3901757, 33.7647575], [-84.3901976, 33.7647645], [-84.3902105, 33.7647731]]}, "properties": {"surface": "concrete", "highway": "footway"}}, {"type": "Feature", "geometry": {"type": "LineString", "coordinates": [[-84.3901988, 33.7639412], [-84.3902029, 33.7639327], [-84.3903981, 33.7634044]]}, "properties": {"surface": "concrete", "highway": "footway"}}, {"type": "Feature", "geometry": {"type": "LineString", "coordinates": [[-84.3904654, 33.7632682], [-84.3904586, 33.7632783], [-84.3904489, 33.763287], [-84.3904312, 33.7632903]]}, "properties": {"surface": "concrete", "highway": "footway"}}, {"type": "Feature", "geometry": {"type": "LineString", "coordinates": [[-84.3903981, 33.7634044], [-84.3903699, 33.7633841]]}, "properties": {"surface": "concrete", "highway": "footway"}}, {"type": "Feature", "geometry": {"type": "LineString", "coordinates": [[-84.3921413, 33.7623818], [-84.3921468, 33.7623641], [-84.3921638, 33.7623573], [-84.392183, 33.7623587]]}, "properties": {"surface": "concrete", "highway": "footway"}}, {"type": "Feature", "geometry": {"type": "LineString", "coordinates": [[-84.3904603, 33.7623658], [-84.3904686, 33.7623726], [-84.3904725, 33.7623795], [-84.3904746, 33.7623933], [-84.3904758, 33.7624117], [-84.3904731, 33.7626783], [-84.3904654, 33.7632682]]}, "properties": {"surface": "concrete", "highway": "footway"}}, {"type": "Feature", "geometry": {"type": "LineString", "coordinates": [[-84.3891177, 33.7621965], [-84.3904615, 33.7622005]]}, "properties": {"surface": "concrete", "highway": "footway"}}, {"type": "Feature", "geometry": {"type": "LineString", "coordinates": [[-84.3688937, 33.7710516], [-84.3683366, 33.7710454], [-84.3677813, 33.7710392]]}, "properties": {"surface": "concrete", "highway": "footway"}}, {"type": "Feature", "geometry": {"type": "LineString", "coordinates": [[-84.3690151, 33.7710444], [-84.3690081, 33.7709816], [-84.3690074, 33.7708252], [-84.3689988, 33.7705551]]}, "properties": {"surface": "", "highway": "footway"}}, {"type": "Feature", "geometry": {"type": "LineString", "coordinates": [[-84.3637386, 33.7691389], [-84.363754, 33.7691331]]}, "properties": {"surface": "asphalt", "highway": "footway"}}, {"type": "Feature", "geometry": {"type": "LineString", "coordinates": [[-84.3653987, 33.7694378], [-84.3653873, 33.7694375], [-84.3653764, 33.7694372]]}, "properties": {"surface": "asphalt", "highway": "footway"}}, {"type": "Feature", "geometry": {"type": "LineString", "coordinates": [[-84.3653873, 33.7694375], [-84.3654035, 33.7693929], [-84.3654188, 33.7693503], [-84.3654476, 33.7692622], [-84.3654631, 33.7692087], [-84.3654745, 33.7690762], [-84.365482, 33.7689652], [-84.3654952, 33.7687264]]}, "properties": {"surface": "", "highway": "footway"}}, {"type": "Feature", "geometry": {"type": "LineString", "coordinates": [[-84.3718038, 33.7663279], [-84.3717078, 33.7663331], [-84.3711775, 33.7663496], [-84.3704999, 33.7663736]]}, "properties": {"surface": "", "highway": "footway"}}, {"type": "Feature", "geometry": {"type": "LineString", "coordinates": [[-84.3703603, 33.7663797], [-84.3691602, 33.7663879]]}, "properties": {"surface": "", "highway": "footway"}}, {"type": "Feature", "geometry": {"type": "LineString", "coordinates": [[-84.3690053, 33.7663795], [-84.3689193, 33.7663638], [-84.3688428, 33.7663449], [-84.3679576, 33.7660691], [-84.3678535, 33.7660345]]}, "properties": {"surface": "", "highway": "footway"}}, {"type": "Feature", "geometry": {"type": "LineString", "coordinates": [[-84.3678535, 33.7660345], [-84.3678455, 33.7660159]]}, "properties": {"surface": "asphalt", "highway": "footway"}}, {"type": "Feature", "geometry": {"type": "LineString", "coordinates": [[-84.3678533, 33.7660508], [-84.3678535, 33.7660345]]}, "properties": {"surface": "asphalt", "highway": "footway"}}, {"type": "Feature", "geometry": {"type": "LineString", "coordinates": [[-84.3676952, 33.7659745], [-84.367696, 33.766]]}, "properties": {"surface": "asphalt", "highway": "footway"}}, {"type": "Feature", "geometry": {"type": "LineString", "coordinates": [[-84.3677143, 33.7659782], [-84.3676952, 33.7659745]]}, "properties": {"surface": "asphalt", "highway": "footway"}}, {"type": "Feature", "geometry": {"type": "LineString", "coordinates": [[-84.3718391, 33.764907], [-84.3718234, 33.7649007], [-84.3718055, 33.7648965], [-84.3717859, 33.7648957], [-84.3715599, 33.7648932], [-84.3708618, 33.7648997], [-84.3705188, 33.7649]]}, "properties": {"surface": "", "highway": "footway"}}, {"type": "Feature", "geometry": {"type": "LineString", "coordinates": [[-84.370387, 33.7649003], [-84.370347, 33.7649012], [-84.3700665, 33.7649012], [-84.3699645, 33.7648987], [-84.3697855, 33.7649006], [-84.3696205, 33.7648994], [-84.369157, 33.7649005]]}, "properties": {"surface": "", "highway": "footway"}}, {"type": "Feature", "geometry": {"type": "LineString", "coordinates": [[-84.3690391, 33.7648981], [-84.3685799, 33.764888], [-84.3684478, 33.7648842], [-84.3683694, 33.7648853], [-84.3683248, 33.7648908], [-84.3682737, 33.7648947], [-84.3682145, 33.7648952], [-84.3680138, 33.7648941], [-84.3678713, 33.7648963]]}, "properties": {"surface": "", "highway": "footway"}}, {"type": "Feature", "geometry": {"type": "LineString", "coordinates": [[-84.3654993, 33.7686447], [-84.3655109, 33.768645]]}, "properties": {"surface": "asphalt", "highway": "footway"}}, {"type": "Feature", "geometry": {"type": "LineString", "coordinates": [[-84.372092, 33.7632808], [-84.3720889, 33.7638642], [-84.3720873, 33.7638936]]}, "properties": {"surface": "concrete", "highway": "footway"}}, {"type": "Feature", "geometry": {"type": "LineString", "coordinates": [[-84.3734066, 33.7687738], [-84.3731688, 33.7687671]]}, "properties": {"surface": "", "highway": "footway"}}, {"type": "Feature", "geometry": {"type": "LineString", "coordinates": [[-84.389152, 33.7633684], [-84.3891174, 33.7633691], [-84.3891088, 33.7633699], [-84.3891007, 33.7633728], [-84.3890966, 33.7633791], [-84.3890953, 33.7633866], [-84.3890938, 33.7634146]]}, "properties": {"surface": "concrete", "highway": "footway"}}, {"type": "Feature", "geometry": {"type": "LineString", "coordinates": [[-84.3888833, 33.7633728], [-84.3889157, 33.7633736], [-84.3889227, 33.7633749], [-84.3889266, 33.7633817], [-84.3889263, 33.7634125]]}, "properties": {"surface": "concrete", "highway": "footway"}}, {"type": "Feature", "geometry": {"type": "LineString", "coordinates": [[-84.3890938, 33.7634146], [-84.389093, 33.7634881], [-84.3890905, 33.7637195], [-84.3890882, 33.7639271], [-84.3890893, 33.7639356], [-84.389094, 33.7639419]]}, "properties": {"surface": "concrete", "highway": "footway"}}, {"type": "Feature", "geometry": {"type": "LineString", "coordinates": [[-84.3889186, 33.7639469], [-84.3889104, 33.7639549], [-84.388899, 33.7639574], [-84.3888644, 33.7639569]]}, "properties": {"surface": "concrete", "highway": "footway"}}, {"type": "Feature", "geometry": {"type": "LineString", "coordinates": [[-84.3765956, 33.7522753], [-84.376594, 33.7523498], [-84.376593, 33.7523875], [-84.3765919, 33.7524288]]}, "properties": {"surface": "", "highway": "footway"}}, {"type": "Feature", "geometry": {"type": "LineString", "coordinates": [[-84.3767462, 33.7522859], [-84.3767581, 33.751317], [-84.3767568, 33.7512858]]}, "properties": {"surface": "", "highway": "footway"}}, {"type": "Feature", "geometry": {"type": "LineString", "coordinates": [[-84.3767462, 33.7522859], [-84.3770196, 33.752285], [-84.3775147, 33.7522974], [-84.3776535, 33.7522801]]}, "properties": {"surface": "", "highway": "footway"}}, {"type": "Feature", "geometry": {"type": "LineString", "coordinates": [[-84.3776637, 33.7512977], [-84.3776663, 33.751323], [-84.377666, 33.7513495], [-84.3776535, 33.7522801]]}, "properties": {"surface": "", "highway": "footway"}}, {"type": "Feature", "geometry": {"type": "LineString", "coordinates": [[-84.377758, 33.7522717], [-84.3777825, 33.7523072], [-84.3778091, 33.7523205], [-84.3778475, 33.7523231], [-84.3779007, 33.7522957], [-84.3779052, 33.7522644]]}, "properties": {"surface": "", "highway": "footway"}}, {"type": "Feature", "geometry": {"type": "LineString", "coordinates": [[-84.3780142, 33.7522735], [-84.3780276, 33.7513552], [-84.3780296, 33.7513328], [-84.3780297, 33.7513248], [-84.3780311, 33.7513013]]}, "properties": {"surface": "", "highway": "footway"}}, {"type": "Feature", "geometry": {"type": "LineString", "coordinates": [[-84.3776644, 33.7524335], [-84.3778155, 33.7524374], [-84.377888, 33.7524236], [-84.3779593, 33.7523975], [-84.3779998, 33.752355], [-84.3780137, 33.7523089], [-84.3780142, 33.7522735]]}, "properties": {"surface": "", "highway": "footway"}}, {"type": "Feature", "geometry": {"type": "LineString", "coordinates": [[-84.3756022, 33.7541043], [-84.3756074, 33.7537249]]}, "properties": {"surface": "", "highway": "footway"}}, {"type": "Feature", "geometry": {"type": "LineString", "coordinates": [[-84.3793573, 33.7554511], [-84.3793743, 33.7550037], [-84.3793761, 33.7549515], [-84.3793902, 33.7545011]]}, "properties": {"surface": "", "highway": "footway"}}, {"type": "Feature", "geometry": {"type": "LineString", "coordinates": [[-84.3793902, 33.7545011], [-84.3793827, 33.7544866], [-84.3793719, 33.7544802], [-84.3792384, 33.7544777], [-84.3789766, 33.7544699], [-84.378965, 33.7544699], [-84.3781879, 33.7544724], [-84.3781421, 33.7544723]]}, "properties": {"surface": "", "highway": "footway"}}, {"type": "Feature", "geometry": {"type": "LineString", "coordinates": [[-84.3873809, 33.7623303], [-84.3873619, 33.7623623]]}, "properties": {"surface": "concrete", "highway": "footway"}}, {"type": "Feature", "geometry": {"type": "LineString", "coordinates": [[-84.3876397, 33.7623339], [-84.3875394, 33.7624467]]}, "properties": {"surface": "paving_stones", "highway": "footway"}}, {"type": "Feature", "geometry": {"type": "LineString", "coordinates": [[-84.3870528, 33.7630695], [-84.3871102, 33.7630915], [-84.3871701, 33.7631253], [-84.3874758, 33.7633002]]}, "properties": {"surface": "paving_stones", "highway": "footway"}}, {"type": "Feature", "geometry": {"type": "LineString", "coordinates": [[-84.3869543, 33.7631758], [-84.3869791, 33.7631891], [-84.3873815, 33.7634113]]}, "properties": {"surface": "paving_stones", "highway": "footway"}}, {"type": "Feature", "geometry": {"type": "LineString", "coordinates": [[-84.3859029, 33.7639179], [-84.3858511, 33.7640655], [-84.3857535, 33.7642886], [-84.3856957, 33.7643813], [-84.3856808, 33.7643945]]}, "properties": {"surface": "concrete", "highway": "footway"}}, {"type": "Feature", "geometry": {"type": "LineString", "coordinates": [[-84.3874432, 33.7641192], [-84.3874376, 33.7643437], [-84.3874355, 33.7644343]]}, "properties": {"surface": "concrete", "highway": "footway"}}, {"type": "Feature", "geometry": {"type": "LineString", "coordinates": [[-84.3874461, 33.763905], [-84.387444, 33.7639903], [-84.3874442, 33.7640645], [-84.3874432, 33.7641192]]}, "properties": {"surface": "concrete", "highway": "footway"}}, {"type": "Feature", "geometry": {"type": "LineString", "coordinates": [[-84.3873809, 33.7623303], [-84.3872839, 33.7623286], [-84.3871217, 33.7623258], [-84.3865612, 33.7623189], [-84.3861086, 33.7623133]]}, "properties": {"surface": "paving_stones", "highway": "footway"}}, {"type": "Feature", "geometry": {"type": "LineString", "coordinates": [[-84.3861253, 33.761078], [-84.3861165, 33.761815], [-84.3861121, 33.7621653]]}, "properties": {"surface": "concrete", "highway": "footway"}}, {"type": "Feature", "geometry": {"type": "LineString", "coordinates": [[-84.3859555, 33.7610342], [-84.3859587, 33.7610474], [-84.3859543, 33.7614456], [-84.3859493, 33.7617569], [-84.3859404, 33.7621631]]}, "properties": {"surface": "concrete", "highway": "footway"}}, {"type": "Feature", "geometry": {"type": "LineString", "coordinates": [[-84.3842962, 33.7623116], [-84.3843143, 33.7622963], [-84.3843482, 33.7622874], [-84.3843829, 33.762287], [-84.3845677, 33.7622898], [-84.3846255, 33.7622908], [-84.385208, 33.7622982], [-84.3852878, 33.7622996], [-84.3859064, 33.7623071], [-84.3859203, 33.7623069], [-84.3859358, 33.7623143]]}, "properties": {"surface": "concrete", "highway": "footway"}}, {"type": "Feature", "geometry": {"type": "LineString", "coordinates": [[-84.3855778, 33.7646137], [-84.3855713, 33.7646465], [-84.3855112, 33.7647931], [-84.3854678, 33.7649204]]}, "properties": {"surface": "concrete", "highway": "footway"}}, {"type": "Feature", "geometry": {"type": "LineString", "coordinates": [[-84.3842962, 33.7623116], [-84.3842832, 33.7628666], [-84.3842811, 33.7630903], [-84.3843195, 33.7632889]]}, "properties": {"surface": "concrete", "highway": "footway"}}, {"type": "Feature", "geometry": {"type": "LineString", "coordinates": [[-84.3826072, 33.762285], [-84.3828642, 33.7622782], [-84.3833338, 33.7622789], [-84.3834146, 33.7622793], [-84.3836285, 33.7622814], [-84.3838038, 33.7622864], [-84.3840407, 33.7622913], [-84.3840552, 33.7622976]]}, "properties": {"surface": "concrete", "highway": "footway"}}, {"type": "Feature", "geometry": {"type": "LineString", "coordinates": [[-84.3645246, 33.7675425], [-84.3645454, 33.767562]]}, "properties": {"surface": "", "highway": "footway"}}, {"type": "Feature", "geometry": {"type": "LineString", "coordinates": [[-84.3644248, 33.767447], [-84.3644551, 33.7674762]]}, "properties": {"surface": "", "highway": "footway"}}, {"type": "Feature", "geometry": {"type": "LineString", "coordinates": [[-84.3625044, 33.7668641], [-84.3624877, 33.7668396]]}, "properties": {"surface": "", "highway": "footway"}}, {"type": "Feature", "geometry": {"type": "LineString", "coordinates": [[-84.3625893, 33.7669914], [-84.3625757, 33.7669708]]}, "properties": {"surface": "", "highway": "footway"}}, {"type": "Feature", "geometry": {"type": "LineString", "coordinates": [[-84.3625505, 33.7670108], [-84.3625893, 33.7669914], [-84.3627373, 33.7669104], [-84.3629544, 33.7667691], [-84.3631132, 33.7666083], [-84.3632176, 33.7664867], [-84.3632214, 33.7664823], [-84.3634654, 33.7661499], [-84.3635241, 33.7660948], [-84.3636043, 33.7660215]]}, "properties": {"surface": "concrete", "highway": "footway"}}, {"type": "Feature", "geometry": {"type": "LineString", "coordinates": [[-84.3623632, 33.7670838], [-84.3623532, 33.7670637]]}, "properties": {"surface": "", "highway": "footway"}}, {"type": "Feature", "geometry": {"type": "LineString", "coordinates": [[-84.3622966, 33.7669543], [-84.3622867, 33.7669358]]}, "properties": {"surface": "", "highway": "footway"}}, {"type": "Feature", "geometry": {"type": "LineString", "coordinates": [[-84.366711, 33.7638871], [-84.3666689, 33.7638856]]}, "properties": {"surface": "", "highway": "footway"}}, {"type": "Feature", "geometry": {"type": "LineString", "coordinates": [[-84.3667101, 33.7639109], [-84.366711, 33.7638871]]}, "properties": {"surface": "asphalt", "highway": "footway"}}, {"type": "Feature", "geometry": {"type": "LineString", "coordinates": [[-84.3677694, 33.7620987], [-84.367772, 33.7614721], [-84.367772, 33.761459]]}, "properties": {"surface": "", "highway": "footway"}}, {"type": "Feature", "geometry": {"type": "LineString", "coordinates": [[-84.3677694, 33.7620987], [-84.3675687, 33.7620927], [-84.3671265, 33.7620844], [-84.3667555, 33.7620839], [-84.366744, 33.7620835], [-84.36674, 33.762083], [-84.366736, 33.7620811], [-84.3667333, 33.7620767], [-84.3667328, 33.7620718], [-84.366734, 33.7620217], [-84.3667364, 33.7619244]]}, "properties": {"surface": "", "highway": "footway"}}, {"type": "Feature", "geometry": {"type": "LineString", "coordinates": [[-84.3628679, 33.7679431], [-84.3628922, 33.7679304]]}, "properties": {"surface": "", "highway": "footway"}}, {"type": "Feature", "geometry": {"type": "LineString", "coordinates": [[-84.3627583, 33.7679897], [-84.362796, 33.7679741]]}, "properties": {"surface": "", "highway": "footway"}}, {"type": "Feature", "geometry": {"type": "LineString", "coordinates": [[-84.3885505, 33.7535552], [-84.3883869, 33.7534651], [-84.388367, 33.7534524], [-84.3878048, 33.7531252]]}, "properties": {"surface": "", "highway": "footway"}}, {"type": "Feature", "geometry": {"type": "LineString", "coordinates": [[-84.3895381, 33.7533673], [-84.3891346, 33.7538775]]}, "properties": {"surface": "", "highway": "footway"}}, {"type": "Feature", "geometry": {"type": "LineString", "coordinates": [[-84.3893578, 33.7533336], [-84.3889816, 33.7537932]]}, "properties": {"surface": "", "highway": "footway"}}, {"type": "Feature", "geometry": {"type": "LineString", "coordinates": [[-84.3902892, 33.7538229], [-84.3903322, 33.7537723], [-84.3904184, 33.753708]]}, "properties": {"surface": "", "highway": "footway"}}, {"type": "Feature", "geometry": {"type": "LineString", "coordinates": [[-84.3913683, 33.7551213], [-84.3918888, 33.754674], [-84.3920781, 33.7544437], [-84.392233, 33.7542554], [-84.3922788, 33.7541918]]}, "properties": {"surface": "", "highway": "footway"}}, {"type": "Feature", "geometry": {"type": "LineString", "coordinates": [[-84.391466, 33.7552381], [-84.3920621, 33.7547922], [-84.3924314, 33.754273]]}, "properties": {"surface": "", "highway": "footway"}}, {"type": "Feature", "geometry": {"type": "LineString", "coordinates": [[-84.3981612, 33.7517378], [-84.3981109, 33.7517847], [-84.3981109, 33.7518139], [-84.398006, 33.7521326], [-84.3980553, 33.7522411]]}, "properties": {"surface": "concrete", "highway": "footway"}}, {"type": "Feature", "geometry": {"type": "LineString", "coordinates": [[-84.3980958, 33.7516001], [-84.3980657, 33.7516274], [-84.39801, 33.7516804], [-84.3979798, 33.7517228], [-84.3979497, 33.751778], [-84.397831, 33.7520908], [-84.3978518, 33.752098], [-84.3978595, 33.7521055], [-84.3978628, 33.7521273], [-84.3978809, 33.7521878], [-84.3978987, 33.752231], [-84.3979185, 33.7522789], [-84.3979336, 33.7523168], [-84.3979427, 33.752342]]}, "properties": {"surface": "concrete", "highway": "footway"}}, {"type": "Feature", "geometry": {"type": "LineString", "coordinates": [[-84.3994564, 33.7508603], [-84.3997168, 33.7507904]]}, "properties": {"surface": "", "highway": "footway"}}, {"type": "Feature", "geometry": {"type": "LineString", "coordinates": [[-84.3979203, 33.7489079], [-84.3979297, 33.748904], [-84.3979373, 33.7488972], [-84.3979377, 33.7488829]]}, "properties": {"surface": "", "highway": "footway"}}, {"type": "Feature", "geometry": {"type": "LineString", "coordinates": [[-84.3981685, 33.7489011], [-84.3981862, 33.7483256]]}, "properties": {"surface": "concrete", "highway": "footway"}}, {"type": "Feature", "geometry": {"type": "LineString", "coordinates": [[-84.3981618, 33.7490452], [-84.3981647, 33.748998], [-84.3981666, 33.7489617], [-84.3981685, 33.7489011]]}, "properties": {"surface": "concrete", "highway": "footway"}}, {"type": "Feature", "geometry": {"type": "LineString", "coordinates": [[-84.3886869, 33.7563215], [-84.3887522, 33.7562807]]}, "properties": {"surface": "", "highway": "footway"}}, {"type": "Feature", "geometry": {"type": "LineString", "coordinates": [[-84.3899331, 33.754326], [-84.3899015, 33.7543072]]}, "properties": {"surface": "", "highway": "footway"}}, {"type": "Feature", "geometry": {"type": "LineString", "coordinates": [[-84.3897133, 33.754597], [-84.3897707, 33.754563]]}, "properties": {"surface": "", "highway": "footway"}}, {"type": "Feature", "geometry": {"type": "LineString", "coordinates": [[-84.3861894, 33.7570592], [-84.3862017, 33.7565474], [-84.3862054, 33.7562348]]}, "properties": {"surface": "", "highway": "footway"}}, {"type": "Feature", "geometry": {"type": "LineString", "coordinates": [[-84.386194, 33.7572153], [-84.3875464, 33.7572281]]}, "properties": {"surface": "", "highway": "footway"}}, {"type": "Feature", "geometry": {"type": "LineString", "coordinates": [[-84.3860132, 33.757212], [-84.3860046, 33.7583449]]}, "properties": {"surface": "", "highway": "footway"}}, {"type": "Feature", "geometry": {"type": "LineString", "coordinates": [[-84.3860136, 33.7570645], [-84.3859251, 33.7570701], [-84.3855109, 33.7570659], [-84.3847527, 33.7570557], [-84.3847163, 33.7570559], [-84.3843524, 33.7570476], [-84.3843535, 33.7569648], [-84.3843556, 33.7568128], [-84.3843586, 33.7565892], [-84.3843691, 33.7560362], [-84.3843773, 33.7558457], [-84.3843878, 33.7557808], [-84.3844147, 33.7557332], [-84.3844423, 33.7556972]]}, "properties": {"surface": "", "highway": "footway"}}, {"type": "Feature", "geometry": {"type": "LineString", "coordinates": [[-84.387919, 33.7671094], [-84.3878404, 33.7672663], [-84.3878286, 33.7672788], [-84.3878093, 33.7672904], [-84.3877915, 33.7672943], [-84.3877605, 33.7672964], [-84.3877268, 33.7672971], [-84.3876983, 33.7672954], [-84.387673, 33.7672881], [-84.3876587, 33.7672807], [-84.3876454, 33.7672705], [-84.3876327, 33.7672567], [-84.3876246, 33.7672476], [-84.3876151, 33.7672347], [-84.3876087, 33.7672166], [-84.3876082, 33.7671246], [-84.387615, 33.7669337]]}, "properties": {"surface": "concrete", "highway": "footway"}}, {"type": "Feature", "geometry": {"type": "LineString", "coordinates": [[-84.3877875, 33.7674323], [-84.3875466, 33.7679372], [-84.3874824, 33.7681375], [-84.3874574, 33.7682554], [-84.3874503, 33.7683633]]}, "properties": {"surface": "", "highway": "footway"}}, {"type": "Feature", "geometry": {"type": "LineString", "coordinates": [[-84.3873785, 33.7668003], [-84.3873771, 33.766961], [-84.3873743, 33.7672716], [-84.3873646, 33.7672817], [-84.3873496, 33.7672892], [-84.3873188, 33.7672956], [-84.3872914, 33.767296]]}, "properties": {"surface": "concrete", "highway": "footway"}}, {"type": "Feature", "geometry": {"type": "LineString", "coordinates": [[-84.3877875, 33.7674323], [-84.3877883, 33.7674222], [-84.3877844, 33.7674176], [-84.3877817, 33.7674145], [-84.3877698, 33.7674092], [-84.3877536, 33.7674074], [-84.3876087, 33.7674069], [-84.3875332, 33.7674071], [-84.3875166, 33.7674124], [-84.387504, 33.7674227], [-84.387448, 33.7682097], [-84.3874503, 33.7683633]]}, "properties": {"surface": "concrete", "highway": "footway"}}, {"type": "Feature", "geometry": {"type": "LineString", "coordinates": [[-84.3842816, 33.7642813], [-84.3843652, 33.7642877]]}, "properties": {"surface": "", "highway": "footway"}}, {"type": "Feature", "geometry": {"type": "LineString", "coordinates": [[-84.3842791, 33.7642171], [-84.3842816, 33.7642813]]}, "properties": {"surface": "", "highway": "footway"}}, {"type": "Feature", "geometry": {"type": "LineString", "coordinates": [[-84.3843434, 33.7641668], [-84.3843167, 33.7641273], [-84.3842845, 33.7640732], [-84.384263, 33.7640016], [-84.3842553, 33.7639472], [-84.3842553, 33.7638979], [-84.3842579, 33.7637961]]}, "properties": {"surface": "concrete", "highway": "footway"}}, {"type": "Feature", "geometry": {"type": "LineString", "coordinates": [[-84.3844298, 33.7642446], [-84.3843871, 33.7642084], [-84.3843434, 33.7641668]]}, "properties": {"surface": "concrete", "highway": "footway"}}, {"type": "Feature", "geometry": {"type": "LineString", "coordinates": [[-84.3822318, 33.7622928], [-84.3822534, 33.762286], [-84.3826072, 33.762285]]}, "properties": {"surface": "", "highway": "footway"}}, {"type": "Feature", "geometry": {"type": "LineString", "coordinates": [[-84.3822902, 33.7620736], [-84.382324, 33.7620978], [-84.3823562, 33.7621127], [-84.3824012, 33.7621242], [-84.3824514, 33.7621264]]}, "properties": {"surface": "", "highway": "footway"}}, {"type": "Feature", "geometry": {"type": "LineString", "coordinates": [[-84.3998756, 33.7522791], [-84.3998793, 33.7522034], [-84.3998801, 33.7521741]]}, "properties": {"surface": "concrete", "highway": "footway"}}, {"type": "Feature", "geometry": {"type": "LineString", "coordinates": [[-84.3998576, 33.7522941], [-84.3998732, 33.7522877], [-84.3998756, 33.7522791]]}, "properties": {"surface": "concrete", "highway": "footway"}}, {"type": "Feature", "geometry": {"type": "LineString", "coordinates": [[-84.3905464, 33.7647678], [-84.3905092, 33.7650331]]}, "properties": {"surface": "", "highway": "footway"}}, {"type": "Feature", "geometry": {"type": "LineString", "coordinates": [[-84.3814738, 33.7622799], [-84.3815651, 33.7622965], [-84.3816601, 33.7623285], [-84.3817201, 33.7623577]]}, "properties": {"surface": "", "highway": "footway"}}, {"type": "Feature", "geometry": {"type": "LineString", "coordinates": [[-84.3823183, 33.7583106], [-84.3823194, 33.7582839], [-84.3823232, 33.7579912], [-84.3823265, 33.7577434], [-84.3823307, 33.757424], [-84.3823315, 33.7572181]]}, "properties": {"surface": "", "highway": "footway"}}, {"type": "Feature", "geometry": {"type": "LineString", "coordinates": [[-84.387791, 33.757666], [-84.3878785, 33.757513], [-84.3879438, 33.7574059]]}, "properties": {"surface": "", "highway": "footway"}}, {"type": "Feature", "geometry": {"type": "LineString", "coordinates": [[-84.3878018, 33.7572913], [-84.3876726, 33.7572288]]}, "properties": {"surface": "", "highway": "footway"}}, {"type": "Feature", "geometry": {"type": "LineString", "coordinates": [[-84.3883505, 33.7562156], [-84.3883197, 33.7561761], [-84.3882904, 33.7561465], [-84.3882506, 33.7560992], [-84.3879666, 33.7558882], [-84.3878822, 33.7558672]]}, "properties": {"surface": "", "highway": "footway"}}, {"type": "Feature", "geometry": {"type": "LineString", "coordinates": [[-84.3887551, 33.7555994], [-84.3885965, 33.755899], [-84.3885651, 33.7559528]]}, "properties": {"surface": "", "highway": "footway"}}, {"type": "Feature", "geometry": {"type": "LineString", "coordinates": [[-84.3891208, 33.7558394], [-84.3891662, 33.7558837]]}, "properties": {"surface": "", "highway": "pedestrian"}}, {"type": "Feature", "geometry": {"type": "LineString", "coordinates": [[-84.3886454, 33.756192], [-84.3891208, 33.7558394]]}, "properties": {"surface": "", "highway": "footway"}}, {"type": "Feature", "geometry": {"type": "LineString", "coordinates": [[-84.3901752, 33.7537102], [-84.3901306, 33.753763]]}, "properties": {"surface": "", "highway": "footway"}}, {"type": "Feature", "geometry": {"type": "LineString", "coordinates": [[-84.3902933, 33.7536079], [-84.3902519, 33.7536186]]}, "properties": {"surface": "", "highway": "footway"}}, {"type": "Feature", "geometry": {"type": "LineString", "coordinates": [[-84.3938674, 33.7551327], [-84.393865, 33.7551393]]}, "properties": {"surface": "", "highway": "footway"}}, {"type": "Feature", "geometry": {"type": "LineString", "coordinates": [[-84.3939111, 33.7550125], [-84.3938674, 33.7551327]]}, "properties": {"surface": "", "highway": "footway"}}, {"type": "Feature", "geometry": {"type": "LineString", "coordinates": [[-84.3939831, 33.754555], [-84.3939443, 33.7546281], [-84.3939079, 33.754729], [-84.3938567, 33.7548632], [-84.393836, 33.75492], [-84.3938204, 33.7549653], [-84.3937718, 33.7551067]]}, "properties": {"surface": "concrete", "highway": "tertiary"}}, {"type": "Feature", "geometry": {"type": "LineString", "coordinates": [[-84.3936954, 33.7529363], [-84.3935848, 33.7527698]]}, "properties": {"surface": "", "highway": "footway"}}, {"type": "Feature", "geometry": {"type": "LineString", "coordinates": [[-84.3936332, 33.7530262], [-84.3934779, 33.7529347]]}, "properties": {"surface": "", "highway": "footway"}}, {"type": "Feature", "geometry": {"type": "LineString", "coordinates": [[-84.386162, 33.7610364], [-84.3861245, 33.7610378], [-84.386125, 33.761061], [-84.3861253, 33.761078]]}, "properties": {"surface": "", "highway": "footway"}}, {"type": "Feature", "geometry": {"type": "LineString", "coordinates": [[-84.393317, 33.7566129], [-84.3932535, 33.7566804], [-84.3931643, 33.7567469], [-84.3928236, 33.7569741]]}, "properties": {"surface": "", "highway": "footway"}}, {"type": "Feature", "geometry": {"type": "LineString", "coordinates": [[-84.3932172, 33.7565087], [-84.3931926, 33.7565439], [-84.3931549, 33.7565843], [-84.392713, 33.7568612]]}, "properties": {"surface": "", "highway": "footway"}}, {"type": "Feature", "geometry": {"type": "LineString", "coordinates": [[-84.3887096, 33.7521258], [-84.388397, 33.7524264]]}, "properties": {"surface": "", "highway": "footway"}}, {"type": "Feature", "geometry": {"type": "LineString", "coordinates": [[-84.388397, 33.7524264], [-84.3883235, 33.7525059], [-84.3883135, 33.7525162], [-84.3882426, 33.7525896]]}, "properties": {"surface": "", "highway": "footway"}}, {"type": "Feature", "geometry": {"type": "LineString", "coordinates": [[-84.3883565, 33.7526647], [-84.3883753, 33.7526389], [-84.3884186, 33.7526724]]}, "properties": {"surface": "", "highway": "footway"}}, {"type": "Feature", "geometry": {"type": "LineString", "coordinates": [[-84.3889995, 33.7518105], [-84.3889064, 33.7519282], [-84.3888964, 33.7519413]]}, "properties": {"surface": "concrete", "highway": "footway"}}, {"type": "Feature", "geometry": {"type": "LineString", "coordinates": [[-84.3939408, 33.7499559], [-84.3939171, 33.749959]]}, "properties": {"surface": "", "highway": "footway"}}, {"type": "Feature", "geometry": {"type": "LineString", "coordinates": [[-84.3947069, 33.7486789], [-84.3947524, 33.7486208], [-84.3951621, 33.7481154], [-84.3955096, 33.7476868]]}, "properties": {"surface": "", "highway": "footway"}}, {"type": "Feature", "geometry": {"type": "LineString", "coordinates": [[-84.3968714, 33.7471336], [-84.3968079, 33.7471469], [-84.3965177, 33.7472874], [-84.3961877, 33.7474559], [-84.3959718, 33.7475729], [-84.3958275, 33.7476619], [-84.3957586, 33.7477111]]}, "properties": {"surface": "", "highway": "footway"}}, {"type": "Feature", "geometry": {"type": "LineString", "coordinates": [[-84.3972255, 33.7580148], [-84.3972249, 33.7580641]]}, "properties": {"surface": "", "highway": "pedestrian"}}, {"type": "Feature", "geometry": {"type": "LineString", "coordinates": [[-84.3972212, 33.7581118], [-84.3972194, 33.7581904]]}, "properties": {"surface": "", "highway": "pedestrian"}}, {"type": "Feature", "geometry": {"type": "LineString", "coordinates": [[-84.3981402, 33.7580129], [-84.3981419, 33.7581869]]}, "properties": {"surface": "", "highway": "pedestrian"}}, {"type": "Feature", "geometry": {"type": "LineString", "coordinates": [[-84.3990226, 33.7580272], [-84.399024, 33.7581961]]}, "properties": {"surface": "", "highway": "footway"}}, {"type": "Feature", "geometry": {"type": "LineString", "coordinates": [[-84.3981464, 33.7577805], [-84.3981442, 33.7578992]]}, "properties": {"surface": "", "highway": "pedestrian"}}, {"type": "Feature", "geometry": {"type": "LineString", "coordinates": [[-84.4016038, 33.7648911], [-84.4015973, 33.7638244], [-84.4015924, 33.7638129]]}, "properties": {"surface": "", "highway": "footway"}}, {"type": "Feature", "geometry": {"type": "LineString", "coordinates": [[-84.3930178, 33.7660089], [-84.3929734, 33.7660025], [-84.3928509, 33.7659999], [-84.3924336, 33.7660045], [-84.3920121, 33.7660144]]}, "properties": {"surface": "", "highway": "footway"}}, {"type": "Feature", "geometry": {"type": "LineString", "coordinates": [[-84.3930176, 33.765927], [-84.3920109, 33.7659346]]}, "properties": {"surface": "", "highway": "footway"}}, {"type": "Feature", "geometry": {"type": "LineString", "coordinates": [[-84.3656234, 33.7575181], [-84.3655788, 33.7575202], [-84.3655711, 33.7575375]]}, "properties": {"surface": "asphalt", "highway": "footway"}}, {"type": "Feature", "geometry": {"type": "LineString", "coordinates": [[-84.3659383, 33.757523], [-84.3658126, 33.757518], [-84.3657895, 33.7575085]]}, "properties": {"surface": "asphalt", "highway": "footway"}}, {"type": "Feature", "geometry": {"type": "LineString", "coordinates": [[-84.3655788, 33.7575202], [-84.3656528, 33.7574666], [-84.3661659, 33.7570845], [-84.366396, 33.7568908], [-84.3669683, 33.7564552]]}, "properties": {"surface": "", "highway": "footway"}}, {"type": "Feature", "geometry": {"type": "LineString", "coordinates": [[-84.3678943, 33.7558777], [-84.367744, 33.7559886], [-84.3673061, 33.7563305], [-84.3670803, 33.7565093], [-84.3670563, 33.7565332], [-84.3670352, 33.7565574], [-84.3670351, 33.7565776], [-84.3670553, 33.7565909], [-84.3671648, 33.7565932], [-84.36737, 33.756597]]}, "properties": {"surface": "", "highway": "footway"}}, {"type": "Feature", "geometry": {"type": "LineString", "coordinates": [[-84.36737, 33.756597], [-84.367388, 33.7566079], [-84.3673957, 33.7566252]]}, "properties": {"surface": "", "highway": "footway"}}, {"type": "Feature", "geometry": {"type": "LineString", "coordinates": [[-84.3679481, 33.7543597], [-84.3679622, 33.7544112], [-84.3679372, 33.7549493], [-84.3679271, 33.7554265], [-84.3679213, 33.7556712], [-84.3679254, 33.7556928], [-84.3679173, 33.7557164], [-84.3679144, 33.755725]]}, "properties": {"surface": "", "highway": "footway"}}, {"type": "Feature", "geometry": {"type": "LineString", "coordinates": [[-84.3679173, 33.7557164], [-84.3678465, 33.7557147], [-84.3671615, 33.7557092], [-84.3671127, 33.7557062], [-84.3670984, 33.7556968], [-84.3670858, 33.7556794], [-84.3670818, 33.755617], [-84.3671118, 33.7553804], [-84.3671336, 33.7551454], [-84.3671384, 33.7550495], [-84.3671194, 33.754968], [-84.367094, 33.7549061], [-84.3670149, 33.7548444], [-84.366947, 33.7548069], [-84.3668593, 33.7547917], [-84.366784, 33.7547877], [-84.3666582, 33.7547754], [-84.3666438, 33.7547647], [-84.3666407, 33.754747], [-84.3666335, 33.754367]]}, "properties": {"surface": "concrete", "highway": "footway"}}, {"type": "Feature", "geometry": {"type": "LineString", "coordinates": [[-84.3678415, 33.7558091], [-84.3678256, 33.7558151]]}, "properties": {"surface": "", "highway": "footway"}}, {"type": "Feature", "geometry": {"type": "LineString", "coordinates": [[-84.3664522, 33.7542331], [-84.3663818, 33.7539862], [-84.3663478, 33.7539389], [-84.3661037, 33.7530565], [-84.3661275, 33.753018]]}, "properties": {"surface": "concrete", "highway": "footway"}}, {"type": "Feature", "geometry": {"type": "LineString", "coordinates": [[-84.3721302, 33.7536969], [-84.3721172, 33.753672], [-84.3720996, 33.7536383], [-84.3720761, 33.7535765]]}, "properties": {"surface": "", "highway": "footway"}}, {"type": "Feature", "geometry": {"type": "LineString", "coordinates": [[-84.3699707, 33.7583554], [-84.369909, 33.7583546], [-84.3685936, 33.7583367], [-84.3679827, 33.7583284]]}, "properties": {"surface": "", "highway": "footway"}}, {"type": "Feature", "geometry": {"type": "LineString", "coordinates": [[-84.3678629, 33.7576655], [-84.3678623, 33.7576746]]}, "properties": {"surface": "", "highway": "footway"}}, {"type": "Feature", "geometry": {"type": "LineString", "coordinates": [[-84.3680065, 33.7576772], [-84.3680074, 33.7576662]]}, "properties": {"surface": "", "highway": "footway"}}, {"type": "Feature", "geometry": {"type": "LineString", "coordinates": [[-84.3678819, 33.7575398], [-84.3678707, 33.7575394], [-84.3676217, 33.7575442]]}, "properties": {"surface": "concrete", "highway": "footway"}}, {"type": "Feature", "geometry": {"type": "LineString", "coordinates": [[-84.3679173, 33.7558927], [-84.3678981, 33.7566047]]}, "properties": {"surface": "", "highway": "footway"}}, {"type": "Feature", "geometry": {"type": "LineString", "coordinates": [[-84.3710956, 33.7577083], [-84.3710944, 33.7577204]]}, "properties": {"surface": "asphalt", "highway": "footway"}}, {"type": "Feature", "geometry": {"type": "LineString", "coordinates": [[-84.3711017, 33.7575817], [-84.3711017, 33.7576026]]}, "properties": {"surface": "asphalt", "highway": "footway"}}, {"type": "Feature", "geometry": {"type": "LineString", "coordinates": [[-84.3689881, 33.7576888], [-84.3689861, 33.7576628]]}, "properties": {"surface": "", "highway": "footway"}}, {"type": "Feature", "geometry": {"type": "LineString", "coordinates": [[-84.3689928, 33.7575757], [-84.3689924, 33.7575547]]}, "properties": {"surface": "", "highway": "footway"}}, {"type": "Feature", "geometry": {"type": "LineString", "coordinates": [[-84.3718291, 33.7527758], [-84.3715628, 33.7522264]]}, "properties": {"surface": "", "highway": "footway"}}, {"type": "Feature", "geometry": {"type": "LineString", "coordinates": [[-84.3715203, 33.7521183], [-84.3715173, 33.7521036], [-84.3714954, 33.7519973], [-84.3712694, 33.7514853]]}, "properties": {"surface": "", "highway": "footway"}}, {"type": "Feature", "geometry": {"type": "LineString", "coordinates": [[-84.3736951, 33.7513393], [-84.3737136, 33.751408], [-84.3737154, 33.7514235], [-84.3737053, 33.7514364], [-84.3733595, 33.7515396], [-84.3729979, 33.7516468], [-84.3719241, 33.7519781], [-84.3715173, 33.7521036]]}, "properties": {"surface": "", "highway": "footway"}}, {"type": "Feature", "geometry": {"type": "LineString", "coordinates": [[-84.3735443, 33.7508455], [-84.3736951, 33.7513393]]}, "properties": {"surface": "", "highway": "footway"}}, {"type": "Feature", "geometry": {"type": "LineString", "coordinates": [[-84.3722839, 33.7520097], [-84.3715628, 33.7522264]]}, "properties": {"surface": "", "highway": "footway"}}, {"type": "Feature", "geometry": {"type": "LineString", "coordinates": [[-84.3699003, 33.7575521], [-84.3698523, 33.7575548], [-84.3695379, 33.7575594], [-84.3689924, 33.7575547], [-84.3689242, 33.7575541], [-84.368876, 33.7575506], [-84.368851, 33.7575488], [-84.3680171, 33.7575429], [-84.3679951, 33.7575425]]}, "properties": {"surface": "concrete", "highway": "footway"}}, {"type": "Feature", "geometry": {"type": "LineString", "coordinates": [[-84.3700604, 33.757566], [-84.3700521, 33.7575579], [-84.3700421, 33.7575482]]}, "properties": {"surface": "concrete", "highway": "footway"}}, {"type": "Feature", "geometry": {"type": "LineString", "coordinates": [[-84.3700583, 33.7576865], [-84.3700588, 33.7577002]]}, "properties": {"surface": "asphalt", "highway": "footway"}}, {"type": "Feature", "geometry": {"type": "LineString", "coordinates": [[-84.3700332, 33.7592571], [-84.3700588, 33.7577002]]}, "properties": {"surface": "", "highway": "footway"}}, {"type": "Feature", "geometry": {"type": "LineString", "coordinates": [[-84.3698949, 33.7592551], [-84.369909, 33.7583546], [-84.3699074, 33.7582848], [-84.3699051, 33.7576997], [-84.3699048, 33.7576899]]}, "properties": {"surface": "", "highway": "footway"}}, {"type": "Feature", "geometry": {"type": "LineString", "coordinates": [[-84.3680065, 33.7576772], [-84.3685571, 33.7576837], [-84.3689881, 33.7576888], [-84.3699051, 33.7576997], [-84.3699306, 33.7576993]]}, "properties": {"surface": "concrete", "highway": "footway"}}, {"type": "Feature", "geometry": {"type": "LineString", "coordinates": [[-84.369901, 33.7575747], [-84.3699003, 33.7575521]]}, "properties": {"surface": "", "highway": "footway"}}, {"type": "Feature", "geometry": {"type": "LineString", "coordinates": [[-84.3700706, 33.7559012], [-84.3700705, 33.7559092], [-84.3700521, 33.7575579]]}, "properties": {"surface": "", "highway": "footway"}}, {"type": "Feature", "geometry": {"type": "LineString", "coordinates": [[-84.3699003, 33.7575521], [-84.3699185, 33.7559092]]}, "properties": {"surface": "", "highway": "footway"}}, {"type": "Feature", "geometry": {"type": "LineString", "coordinates": [[-84.3699178, 33.7558333], [-84.3699172, 33.7558025], [-84.3699187, 33.7556203], [-84.3699199, 33.7555973], [-84.369912, 33.7555793], [-84.3699066, 33.7555756], [-84.3698944, 33.7555673], [-84.3696263, 33.7556512], [-84.3693785, 33.7557298]]}, "properties": {"surface": "", "highway": "footway"}}, {"type": "Feature", "geometry": {"type": "LineString", "coordinates": [[-84.3699185, 33.7559092], [-84.3690354, 33.7558992], [-84.3690198, 33.7558988]]}, "properties": {"surface": "", "highway": "footway"}}, {"type": "Feature", "geometry": {"type": "LineString", "coordinates": [[-84.3689924, 33.7575547], [-84.3690198, 33.7558988]]}, "properties": {"surface": "", "highway": "footway"}}, {"type": "Feature", "geometry": {"type": "LineString", "coordinates": [[-84.3690198, 33.7558988], [-84.3690108, 33.7558985]]}, "properties": {"surface": "", "highway": "footway"}}, {"type": "Feature", "geometry": {"type": "LineString", "coordinates": [[-84.3689048, 33.755898], [-84.3688905, 33.7563073], [-84.368876, 33.7575506]]}, "properties": {"surface": "", "highway": "footway"}}, {"type": "Feature", "geometry": {"type": "LineString", "coordinates": [[-84.3678311, 33.7586232], [-84.3678303, 33.7586465], [-84.3678301, 33.758653], [-84.3678089, 33.7593488], [-84.3678048, 33.7594815]]}, "properties": {"surface": "", "highway": "footway"}}, {"type": "Feature", "geometry": {"type": "LineString", "coordinates": [[-84.3655484, 33.7585589], [-84.3655323, 33.7593965], [-84.3655308, 33.759427], [-84.364332, 33.759404], [-84.3642929, 33.7594534]]}, "properties": {"surface": "", "highway": "footway"}}, {"type": "Feature", "geometry": {"type": "LineString", "coordinates": [[-84.3720585, 33.7559363], [-84.3711117, 33.7559175], [-84.3711148, 33.7561928], [-84.3711121, 33.7563476], [-84.3711017, 33.7575817]]}, "properties": {"surface": "", "highway": "footway"}}, {"type": "Feature", "geometry": {"type": "LineString", "coordinates": [[-84.3710213, 33.7559167], [-84.3710019, 33.7559165], [-84.3700705, 33.7559092]]}, "properties": {"surface": "", "highway": "footway"}}, {"type": "Feature", "geometry": {"type": "LineString", "coordinates": [[-84.3711132, 33.7558534], [-84.3711272, 33.7555349]]}, "properties": {"surface": "", "highway": "footway"}}, {"type": "Feature", "geometry": {"type": "LineString", "coordinates": [[-84.3710021, 33.7559057], [-84.3710019, 33.7559165], [-84.3709967, 33.7575791]]}, "properties": {"surface": "", "highway": "footway"}}, {"type": "Feature", "geometry": {"type": "LineString", "coordinates": [[-84.3709967, 33.7575791], [-84.3706465, 33.7575779], [-84.3700604, 33.757566]]}, "properties": {"surface": "concrete", "highway": "footway"}}, {"type": "Feature", "geometry": {"type": "LineString", "coordinates": [[-84.3713387, 33.7577249], [-84.3720238, 33.7577333]]}, "properties": {"surface": "concrete", "highway": "footway"}}, {"type": "Feature", "geometry": {"type": "LineString", "coordinates": [[-84.3710055, 33.7555359], [-84.3710031, 33.7558491]]}, "properties": {"surface": "", "highway": "footway"}}, {"type": "Feature", "geometry": {"type": "LineString", "coordinates": [[-84.3711132, 33.7558534], [-84.3710542, 33.755851], [-84.3710031, 33.7558491]]}, "properties": {"surface": "", "highway": "footway"}}, {"type": "Feature", "geometry": {"type": "LineString", "coordinates": [[-84.3689066, 33.7557588], [-84.3685607, 33.7557492], [-84.3680634, 33.7557452]]}, "properties": {"surface": "", "highway": "footway"}}, {"type": "Feature", "geometry": {"type": "LineString", "coordinates": [[-84.3697314, 33.7554842], [-84.3689066, 33.7557588]]}, "properties": {"surface": "", "highway": "footway"}}, {"type": "Feature", "geometry": {"type": "LineString", "coordinates": [[-84.4028045, 33.7514865], [-84.4028453, 33.7513197], [-84.4029045, 33.7511623], [-84.4029824, 33.7509887], [-84.4029982, 33.7509592], [-84.4030042, 33.750938], [-84.4030022, 33.7509207]]}, "properties": {"surface": "concrete", "highway": "footway"}}, {"type": "Feature", "geometry": {"type": "LineString", "coordinates": [[-84.4026314, 33.7547321], [-84.4026316, 33.754662]]}, "properties": {"surface": "", "highway": "footway"}}, {"type": "Feature", "geometry": {"type": "LineString", "coordinates": [[-84.4021907, 33.7623342], [-84.402191, 33.7623646], [-84.4021848, 33.7625576]]}, "properties": {"surface": "", "highway": "footway"}}, {"type": "Feature", "geometry": {"type": "LineString", "coordinates": [[-84.3984349, 33.7638329], [-84.3984058, 33.7635518], [-84.3983854, 33.7635086], [-84.3983728, 33.7634746], [-84.3983445, 33.763455]]}, "properties": {"surface": "", "highway": "footway"}}, {"type": "Feature", "geometry": {"type": "LineString", "coordinates": [[-84.3985891, 33.7638159], [-84.3985867, 33.7636583], [-84.3986268, 33.7635701], [-84.3986685, 33.7634877]]}, "properties": {"surface": "", "highway": "footway"}}, {"type": "Feature", "geometry": {"type": "LineString", "coordinates": [[-84.3987605, 33.7634465], [-84.4006269, 33.763455], [-84.4010728, 33.763457], [-84.4013387, 33.7634645], [-84.4013472, 33.7635586]]}, "properties": {"surface": "", "highway": "footway"}}, {"type": "Feature", "geometry": {"type": "LineString", "coordinates": [[-84.3919445, 33.7641097], [-84.3919284, 33.7644055], [-84.3919188, 33.7644167], [-84.3919019, 33.7644241]]}, "properties": {"surface": "", "highway": "footway"}}, {"type": "Feature", "geometry": {"type": "LineString", "coordinates": [[-84.3919019, 33.7644241], [-84.3918855, 33.7644157], [-84.3918522, 33.7643853], [-84.3918148, 33.7643545], [-84.3917664, 33.7643312], [-84.3917087, 33.764316], [-84.3916538, 33.7643147]]}, "properties": {"surface": "", "highway": "footway"}}, {"type": "Feature", "geometry": {"type": "LineString", "coordinates": [[-84.3918275, 33.7645433], [-84.3918303, 33.7645197], [-84.3918276, 33.7644981], [-84.3918189, 33.7644774], [-84.3918024, 33.7644535], [-84.3917802, 33.7644335], [-84.3917559, 33.7644185]]}, "properties": {"surface": "", "highway": "footway"}}, {"type": "Feature", "geometry": {"type": "LineString", "coordinates": [[-84.3905022, 33.7651354], [-84.3898149, 33.7657733]]}, "properties": {"surface": "", "highway": "footway"}}, {"type": "Feature", "geometry": {"type": "LineString", "coordinates": [[-84.3918145, 33.7647316], [-84.3918048, 33.764724], [-84.3917864, 33.7647202], [-84.3917425, 33.7647208], [-84.3912755, 33.7647333]]}, "properties": {"surface": "", "highway": "footway"}}, {"type": "Feature", "geometry": {"type": "LineString", "coordinates": [[-84.3909151, 33.7647345], [-84.3905956, 33.7647455], [-84.3905754, 33.7647489], [-84.3905588, 33.7647532], [-84.3905464, 33.7647678]]}, "properties": {"surface": "", "highway": "footway"}}, {"type": "Feature", "geometry": {"type": "LineString", "coordinates": [[-84.3905181, 33.7645637], [-84.390564, 33.7645802], [-84.3909614, 33.7645802], [-84.3910084, 33.7645802], [-84.3910852, 33.7645807]]}, "properties": {"surface": "", "highway": "footway"}}, {"type": "Feature", "geometry": {"type": "LineString", "coordinates": [[-84.3914451, 33.7645801], [-84.3915407, 33.7645816], [-84.3917586, 33.7645712], [-84.3917939, 33.7645693], [-84.3918073, 33.7645658]]}, "properties": {"surface": "", "highway": "footway"}}, {"type": "Feature", "geometry": {"type": "LineString", "coordinates": [[-84.3889628, 33.7654607], [-84.3890052, 33.7653347], [-84.3890253, 33.7652678], [-84.3890321, 33.7652326], [-84.3890584, 33.7650709], [-84.3890729, 33.7647646], [-84.3890793, 33.764754], [-84.38909, 33.7647453], [-84.3891086, 33.7647443], [-84.3893582, 33.7647478], [-84.3894843, 33.7647493]]}, "properties": {"surface": "concrete", "highway": "footway"}}, {"type": "Feature", "geometry": {"type": "LineString", "coordinates": [[-84.3889779, 33.7597824], [-84.388975, 33.7599398], [-84.3889742, 33.7599847], [-84.3889724, 33.7600835], [-84.388957, 33.7609264]]}, "properties": {"surface": "concrete", "highway": "footway"}}, {"type": "Feature", "geometry": {"type": "LineString", "coordinates": [[-84.3891647, 33.7597838], [-84.3891573, 33.7597976], [-84.389134, 33.7604139], [-84.3891335, 33.7604424], [-84.3891167, 33.76093]]}, "properties": {"surface": "concrete", "highway": "footway"}}, {"type": "Feature", "geometry": {"type": "LineString", "coordinates": [[-84.3893332, 33.75926], [-84.3893289, 33.7592481], [-84.3891781, 33.7591136], [-84.3891258, 33.7590596], [-84.3885685, 33.758506]]}, "properties": {"surface": "concrete", "highway": "footway"}}, {"type": "Feature", "geometry": {"type": "LineString", "coordinates": [[-84.3889228, 33.758642], [-84.3887079, 33.7584302]]}, "properties": {"surface": "concrete", "highway": "footway"}}, {"type": "Feature", "geometry": {"type": "LineString", "coordinates": [[-84.394729, 33.753468], [-84.3936954, 33.7529363]]}, "properties": {"surface": "", "highway": "footway"}}, {"type": "Feature", "geometry": {"type": "LineString", "coordinates": [[-84.394633, 33.7535941], [-84.3936332, 33.7530262]]}, "properties": {"surface": "", "highway": "footway"}}, {"type": "Feature", "geometry": {"type": "LineString", "coordinates": [[-84.3947867, 33.7533923], [-84.394729, 33.753468]]}, "properties": {"surface": "", "highway": "footway"}}, {"type": "Feature", "geometry": {"type": "LineString", "coordinates": [[-84.3885318, 33.7525458], [-84.3887053, 33.7523628], [-84.3887465, 33.7523233], [-84.3888332, 33.7522401], [-84.3885318, 33.7525458]]}, "properties": {"surface": "", "highway": "footway"}}, {"type": "Feature", "geometry": {"type": "LineString", "coordinates": [[-84.3881466, 33.7529329], [-84.3882098, 33.7528813], [-84.3883565, 33.7526647]]}, "properties": {"surface": "concrete", "highway": "footway"}}, {"type": "Feature", "geometry": {"type": "LineString", "coordinates": [[-84.3899761, 33.7525384], [-84.3898636, 33.7526824]]}, "properties": {"surface": "", "highway": "footway"}}, {"type": "Feature", "geometry": {"type": "LineString", "coordinates": [[-84.3882426, 33.7525896], [-84.3881531, 33.7526841], [-84.3880009, 33.752843]]}, "properties": {"surface": "", "highway": "footway"}}, {"type": "Feature", "geometry": {"type": "LineString", "coordinates": [[-84.3924314, 33.754273], [-84.3925461, 33.7541117], [-84.3926418, 33.7539928]]}, "properties": {"surface": "", "highway": "footway"}}, {"type": "Feature", "geometry": {"type": "LineString", "coordinates": [[-84.3922788, 33.7541918], [-84.392477, 33.7539165]]}, "properties": {"surface": "", "highway": "footway"}}, {"type": "Feature", "geometry": {"type": "LineString", "coordinates": [[-84.3949662, 33.7534922], [-84.3949284, 33.7534716]]}, "properties": {"surface": "", "highway": "footway"}}, {"type": "Feature", "geometry": {"type": "LineString", "coordinates": [[-84.4005743, 33.7506905], [-84.400308, 33.7509833], [-84.4003051, 33.7510129]]}, "properties": {"surface": "paving_stones", "highway": "footway"}}, {"type": "Feature", "geometry": {"type": "LineString", "coordinates": [[-84.3943511, 33.7591803], [-84.3942775, 33.7590684], [-84.3941839, 33.7589261]]}, "properties": {"surface": "", "highway": "footway"}}, {"type": "Feature", "geometry": {"type": "LineString", "coordinates": [[-84.397337, 33.7558657], [-84.3974392, 33.7558262], [-84.3975316, 33.7557735], [-84.3976108, 33.7557231], [-84.3977024, 33.7556594], [-84.3977863, 33.7555931], [-84.3978814, 33.7555112]]}, "properties": {"surface": "", "highway": "footway"}}, {"type": "Feature", "geometry": {"type": "LineString", "coordinates": [[-84.3978233, 33.7578342], [-84.3977077, 33.7578203]]}, "properties": {"surface": "", "highway": "footway"}}, {"type": "Feature", "geometry": {"type": "LineString", "coordinates": [[-84.399024, 33.7581961], [-84.3981419, 33.7581869], [-84.3972194, 33.7581904]]}, "properties": {"surface": "concrete", "highway": "footway"}}, {"type": "Feature", "geometry": {"type": "LineString", "coordinates": [[-84.3972194, 33.7581904], [-84.3966549, 33.7581873], [-84.3962024, 33.7581505], [-84.3959601, 33.7581814], [-84.3957627, 33.7582217], [-84.3957167, 33.7581811]]}, "properties": {"surface": "concrete", "highway": "footway"}}, {"type": "Feature", "geometry": {"type": "LineString", "coordinates": [[-84.3943149, 33.7515665], [-84.3946918, 33.7510737]]}, "properties": {"surface": "concrete", "highway": "footway"}}, {"type": "Feature", "geometry": {"type": "LineString", "coordinates": [[-84.3948279, 33.7536609], [-84.3948114, 33.7536649], [-84.3947881, 33.7536783]]}, "properties": {"surface": "", "highway": "footway"}}, {"type": "Feature", "geometry": {"type": "LineString", "coordinates": [[-84.3882988, 33.7551377], [-84.3883186, 33.7550896], [-84.388489, 33.7547776], [-84.3885915, 33.754557]]}, "properties": {"surface": "", "highway": "footway"}}, {"type": "Feature", "geometry": {"type": "LineString", "coordinates": [[-84.3843334, 33.7646012], [-84.3842826, 33.7646679], [-84.3842677, 33.7647129], [-84.3842516, 33.7647681], [-84.3842461, 33.764867]]}, "properties": {"surface": "concrete", "highway": "footway"}}, {"type": "Feature", "geometry": {"type": "LineString", "coordinates": [[-84.3844417, 33.7645303], [-84.3843783, 33.7645657], [-84.3843334, 33.7646012]]}, "properties": {"surface": "concrete", "highway": "footway"}}, {"type": "Feature", "geometry": {"type": "LineString", "coordinates": [[-84.3876396, 33.7639386], [-84.3876359, 33.763931], [-84.387636, 33.7639216]]}, "properties": {"surface": "concrete", "highway": "footway"}}, {"type": "Feature", "geometry": {"type": "LineString", "coordinates": [[-84.3960383, 33.7644736], [-84.3955571, 33.7644799]]}, "properties": {"surface": "concrete", "highway": "footway"}}, {"type": "Feature", "geometry": {"type": "LineString", "coordinates": [[-84.3960275, 33.763457], [-84.3960273, 33.7635659]]}, "properties": {"surface": "concrete", "highway": "footway"}}, {"type": "Feature", "geometry": {"type": "LineString", "coordinates": [[-84.396019, 33.7493547], [-84.3960591, 33.749304], [-84.3966394, 33.7485727]]}, "properties": {"surface": "", "highway": "footway"}}, {"type": "Feature", "geometry": {"type": "LineString", "coordinates": [[-84.3959305, 33.7494674], [-84.396019, 33.7493547]]}, "properties": {"surface": "", "highway": "footway"}}, {"type": "Feature", "geometry": {"type": "LineString", "coordinates": [[-84.3922737, 33.7529848], [-84.392336, 33.753019], [-84.3924131, 33.753058]]}, "properties": {"surface": "", "highway": "footway"}}, {"type": "Feature", "geometry": {"type": "LineString", "coordinates": [[-84.4014868, 33.7520763], [-84.4014942, 33.7520841], [-84.4014855, 33.752403], [-84.4014854, 33.7524455], [-84.4014835, 33.7524699], [-84.4014753, 33.7528168]]}, "properties": {"surface": "concrete", "highway": "footway"}}, {"type": "Feature", "geometry": {"type": "LineString", "coordinates": [[-84.393522, 33.7561257], [-84.3933999, 33.7564656], [-84.3933827, 33.7565048], [-84.3933611, 33.7565486], [-84.393317, 33.7566129]]}, "properties": {"surface": "", "highway": "footway"}}, {"type": "Feature", "geometry": {"type": "LineString", "coordinates": [[-84.3936244, 33.7558252], [-84.3935846, 33.7559385]]}, "properties": {"surface": "", "highway": "footway"}}, {"type": "Feature", "geometry": {"type": "LineString", "coordinates": [[-84.3930047, 33.7584225], [-84.3928197, 33.7585671]]}, "properties": {"surface": "concrete", "highway": "footway"}}, {"type": "Feature", "geometry": {"type": "LineString", "coordinates": [[-84.3922189, 33.7592383], [-84.3922146, 33.7593068], [-84.3921925, 33.7596623]]}, "properties": {"surface": "concrete", "highway": "footway"}}, {"type": "Feature", "geometry": {"type": "LineString", "coordinates": [[-84.3879849, 33.7577111], [-84.3884837, 33.7573645]]}, "properties": {"surface": "paving_stones", "highway": "footway"}}, {"type": "Feature", "geometry": {"type": "LineString", "coordinates": [[-84.3896254, 33.7583268], [-84.3896241, 33.7583444], [-84.3900481, 33.7587613]]}, "properties": {"surface": "", "highway": "footway"}}, {"type": "Feature", "geometry": {"type": "LineString", "coordinates": [[-84.3918066, 33.7575175], [-84.3917823, 33.7574938]]}, "properties": {"surface": "", "highway": "footway"}}, {"type": "Feature", "geometry": {"type": "LineString", "coordinates": [[-84.3896861, 33.7625299], [-84.3897532, 33.7625254], [-84.3897894, 33.762514], [-84.3898452, 33.7624868]]}, "properties": {"surface": "concrete", "highway": "footway"}}, {"type": "Feature", "geometry": {"type": "LineString", "coordinates": [[-84.3981769, 33.7567884], [-84.3981861, 33.7565706], [-84.3982047, 33.7564983], [-84.3982233, 33.7564567], [-84.3982502, 33.7564138], [-84.3983091, 33.7563216], [-84.3983777, 33.7562179], [-84.3984606, 33.7561773], [-84.3985182, 33.7561448], [-84.3985673, 33.7561081], [-84.3986268, 33.7560553]]}, "properties": {"surface": "", "highway": "pedestrian"}}, {"type": "Feature", "geometry": {"type": "LineString", "coordinates": [[-84.3803322, 33.7545123], [-84.3803534, 33.7545011], [-84.3803919, 33.7545005]]}, "properties": {"surface": "concrete", "highway": "footway"}}, {"type": "Feature", "geometry": {"type": "LineString", "coordinates": [[-84.3817983, 33.7543759], [-84.3804424, 33.7543649]]}, "properties": {"surface": "", "highway": "footway"}}, {"type": "Feature", "geometry": {"type": "LineString", "coordinates": [[-84.3968487, 33.7468866], [-84.3968638, 33.7461605], [-84.3968642, 33.7461432]]}, "properties": {"surface": "", "highway": "footway"}}, {"type": "Feature", "geometry": {"type": "LineString", "coordinates": [[-84.3965824, 33.7470991], [-84.3966282, 33.7470834], [-84.3966487, 33.7470769], [-84.3966634, 33.7470607]]}, "properties": {"surface": "", "highway": "footway"}}, {"type": "Feature", "geometry": {"type": "LineString", "coordinates": [[-84.3842874, 33.7507215], [-84.3846189, 33.7509647], [-84.3848501, 33.7511436], [-84.3849506, 33.7512488], [-84.3852518, 33.7514662]]}, "properties": {"surface": "", "highway": "footway"}}, {"type": "Feature", "geometry": {"type": "LineString", "coordinates": [[-84.386424, 33.7522958], [-84.3854266, 33.7515581]]}, "properties": {"surface": "", "highway": "footway"}}, {"type": "Feature", "geometry": {"type": "LineString", "coordinates": [[-84.3854266, 33.7515581], [-84.3853597, 33.7515477]]}, "properties": {"surface": "", "highway": "footway"}}, {"type": "Feature", "geometry": {"type": "LineString", "coordinates": [[-84.3860185, 33.7529184], [-84.3864416, 33.7525093]]}, "properties": {"surface": "", "highway": "footway"}}, {"type": "Feature", "geometry": {"type": "LineString", "coordinates": [[-84.3863985, 33.7523497], [-84.3858943, 33.7528337]]}, "properties": {"surface": "", "highway": "footway"}}, {"type": "Feature", "geometry": {"type": "LineString", "coordinates": [[-84.397284, 33.7469678], [-84.3972579, 33.7470029], [-84.3972459, 33.7470392], [-84.3972445, 33.7470771], [-84.3972512, 33.7471251], [-84.3972693, 33.7471791], [-84.3973022, 33.7472449], [-84.3973424, 33.7473213], [-84.397384, 33.7474055], [-84.397435, 33.7475131], [-84.3974484, 33.7475499], [-84.3974537, 33.7475817], [-84.3974557, 33.7476006], [-84.3974591, 33.7476112], [-84.3974678, 33.7476196]]}, "properties": {"surface": "", "highway": "footway"}}, {"type": "Feature", "geometry": {"type": "LineString", "coordinates": [[-84.3974678, 33.7476196], [-84.3974911, 33.7476271], [-84.3976695, 33.7476296], [-84.3976935, 33.7476237], [-84.397718, 33.7476073], [-84.3977303, 33.7475975], [-84.3977389, 33.74758]]}, "properties": {"surface": "", "highway": "footway"}}, {"type": "Feature", "geometry": {"type": "LineString", "coordinates": [[-84.3964537, 33.7470505], [-84.3964652, 33.747059], [-84.3964776, 33.7470711], [-84.3964873, 33.7470869], [-84.3964909, 33.7471009], [-84.3964913, 33.747116], [-84.3964878, 33.747127], [-84.3964802, 33.7471428]]}, "properties": {"surface": "", "highway": "footway"}}, {"type": "Feature", "geometry": {"type": "LineString", "coordinates": [[-84.3925564, 33.7474503], [-84.392521, 33.7474322], [-84.3925389, 33.7474068]]}, "properties": {"surface": "", "highway": "footway"}}, {"type": "Feature", "geometry": {"type": "LineString", "coordinates": [[-84.3924143, 33.7475683], [-84.3924344, 33.7475519], [-84.3924644, 33.7475643]]}, "properties": {"surface": "", "highway": "footway"}}, {"type": "Feature", "geometry": {"type": "LineString", "coordinates": [[-84.3930506, 33.7468592], [-84.393076, 33.7468673], [-84.3932699, 33.746869], [-84.3938769, 33.7468744], [-84.3941526, 33.7468776], [-84.3943014, 33.7468779], [-84.3943285, 33.7468727]]}, "properties": {"surface": "", "highway": "footway"}}, {"type": "Feature", "geometry": {"type": "LineString", "coordinates": [[-84.389383, 33.7490471], [-84.3893741, 33.7490499], [-84.3893673, 33.7490588]]}, "properties": {"surface": "", "highway": "footway"}}, {"type": "Feature", "geometry": {"type": "LineString", "coordinates": [[-84.3844423, 33.7556972], [-84.3844928, 33.7556669], [-84.3845539, 33.7556472], [-84.3846149, 33.755639], [-84.3846655, 33.755639], [-84.3849692, 33.7556425], [-84.3855241, 33.7556489], [-84.3860434, 33.7556248]]}, "properties": {"surface": "", "highway": "footway"}}, {"type": "Feature", "geometry": {"type": "LineString", "coordinates": [[-84.386206, 33.7562069], [-84.3862164, 33.7556237]]}, "properties": {"surface": "", "highway": "footway"}}, {"type": "Feature", "geometry": {"type": "LineString", "coordinates": [[-84.3843711, 33.7555003], [-84.3843744, 33.7554788], [-84.384391, 33.7549335], [-84.3843934, 33.7547561], [-84.3844005, 33.7546961], [-84.3844239, 33.7546454], [-84.3844594, 33.7546049], [-84.3845007, 33.7545682]]}, "properties": {"surface": "", "highway": "footway"}}, {"type": "Feature", "geometry": {"type": "LineString", "coordinates": [[-84.3823288, 33.7556254], [-84.3823282, 33.7557509], [-84.382329, 33.7558796], [-84.3823327, 33.7564341], [-84.3823329, 33.7564714], [-84.3823337, 33.7565887], [-84.3823277, 33.7570025]]}, "properties": {"surface": "", "highway": "footway"}}, {"type": "Feature", "geometry": {"type": "LineString", "coordinates": [[-84.3821762, 33.7555968], [-84.3819129, 33.7555969]]}, "properties": {"surface": "", "highway": "footway"}}, {"type": "Feature", "geometry": {"type": "LineString", "coordinates": [[-84.3818778, 33.7555969], [-84.3818547, 33.7556035], [-84.3818426, 33.7556147], [-84.3807604, 33.7556195], [-84.3803441, 33.7556217]]}, "properties": {"surface": "", "highway": "footway"}}, {"type": "Feature", "geometry": {"type": "LineString", "coordinates": [[-84.3803407, 33.7554674], [-84.3803369, 33.755318], [-84.3803322, 33.7545123]]}, "properties": {"surface": "concrete", "highway": "footway"}}, {"type": "Feature", "geometry": {"type": "LineString", "coordinates": [[-84.380187, 33.7545023], [-84.3801828, 33.7545715], [-84.3801802, 33.7546407], [-84.3801619, 33.7551265], [-84.3801593, 33.7554732]]}, "properties": {"surface": "", "highway": "footway"}}, {"type": "Feature", "geometry": {"type": "LineString", "coordinates": [[-84.3801593, 33.7554732], [-84.379525, 33.7554838], [-84.3795009, 33.7554883]]}, "properties": {"surface": "", "highway": "footway"}}, {"type": "Feature", "geometry": {"type": "LineString", "coordinates": [[-84.3793738, 33.7556208], [-84.3793631, 33.7556033]]}, "properties": {"surface": "", "highway": "footway"}}, {"type": "Feature", "geometry": {"type": "LineString", "coordinates": [[-84.3794694, 33.7556189], [-84.379472, 33.7556135], [-84.379496, 33.7556017]]}, "properties": {"surface": "", "highway": "footway"}}, {"type": "Feature", "geometry": {"type": "LineString", "coordinates": [[-84.3795009, 33.7554883], [-84.3794923, 33.755457]]}, "properties": {"surface": "", "highway": "footway"}}, {"type": "Feature", "geometry": {"type": "LineString", "coordinates": [[-84.3793411, 33.7554511], [-84.3793573, 33.7554511]]}, "properties": {"surface": "", "highway": "footway"}}, {"type": "Feature", "geometry": {"type": "LineString", "coordinates": [[-84.3778865, 33.7556025], [-84.3778722, 33.7559366]]}, "properties": {"surface": "", "highway": "footway"}}, {"type": "Feature", "geometry": {"type": "LineString", "coordinates": [[-84.3781421, 33.7544723], [-84.3781089, 33.7547822]]}, "properties": {"surface": "", "highway": "footway"}}, {"type": "Feature", "geometry": {"type": "LineString", "coordinates": [[-84.3778976, 33.7554531], [-84.3779161, 33.7551597], [-84.3779289, 33.7549759], [-84.3779346, 33.7548939], [-84.3779524, 33.754637], [-84.3779423, 33.7545695], [-84.3779119, 33.7545219]]}, "properties": {"surface": "concrete", "highway": "footway"}}, {"type": "Feature", "geometry": {"type": "LineString", "coordinates": [[-84.380442, 33.7541456], [-84.3797979, 33.7536549], [-84.3797987, 33.7535953], [-84.3795832, 33.7534406], [-84.3795718, 33.7534304], [-84.3795652, 33.7534229], [-84.3795609, 33.753412], [-84.379559, 33.7533316], [-84.3795626, 33.7532892], [-84.3795803, 33.7531976], [-84.3795965, 33.7531399], [-84.3796157, 33.7531079], [-84.3798304, 33.752901]]}, "properties": {"surface": "", "highway": "footway"}}, {"type": "Feature", "geometry": {"type": "LineString", "coordinates": [[-84.3798304, 33.752901], [-84.3798438, 33.7528972], [-84.3798583, 33.752905]]}, "properties": {"surface": "", "highway": "footway"}}, {"type": "Feature", "geometry": {"type": "LineString", "coordinates": [[-84.3809239, 33.7519112], [-84.3808756, 33.7519565], [-84.3807271, 33.7520931], [-84.3799583, 33.7527849]]}, "properties": {"surface": "", "highway": "footway"}}, {"type": "Feature", "geometry": {"type": "LineString", "coordinates": [[-84.3799525, 33.752813], [-84.3799529, 33.7527982], [-84.3799583, 33.7527849]]}, "properties": {"surface": "", "highway": "footway"}}, {"type": "Feature", "geometry": {"type": "LineString", "coordinates": [[-84.38407, 33.7506306], [-84.3832665, 33.7500534], [-84.3832036, 33.75005], [-84.3831733, 33.7500495]]}, "properties": {"surface": "", "highway": "footway"}}, {"type": "Feature", "geometry": {"type": "LineString", "coordinates": [[-84.3831173, 33.7498271], [-84.3830453, 33.7498046], [-84.3829265, 33.7497842]]}, "properties": {"surface": "", "highway": "footway"}}, {"type": "Feature", "geometry": {"type": "LineString", "coordinates": [[-84.3843718, 33.7506291], [-84.3848783, 33.7510086], [-84.385146, 33.7512034], [-84.3853788, 33.751364]]}, "properties": {"surface": "", "highway": "footway"}}, {"type": "Feature", "geometry": {"type": "LineString", "coordinates": [[-84.3966394, 33.7485727], [-84.3967397, 33.748445]]}, "properties": {"surface": "", "highway": "footway"}}, {"type": "Feature", "geometry": {"type": "LineString", "coordinates": [[-84.3968465, 33.7483067], [-84.3964322, 33.7480856], [-84.3960584, 33.7478811], [-84.3960541, 33.7478787], [-84.3957756, 33.7477228], [-84.3957586, 33.7477111]]}, "properties": {"surface": "", "highway": "footway"}}, {"type": "Feature", "geometry": {"type": "LineString", "coordinates": [[-84.3936066, 33.7481931], [-84.3936714, 33.7481258], [-84.3937144, 33.7480699]]}, "properties": {"surface": "", "highway": "footway"}}, {"type": "Feature", "geometry": {"type": "LineString", "coordinates": [[-84.3924644, 33.7475643], [-84.3925179, 33.7475988], [-84.3925625, 33.7476269], [-84.3929444, 33.7478388], [-84.3934806, 33.7481134]]}, "properties": {"surface": "", "highway": "footway"}}, {"type": "Feature", "geometry": {"type": "LineString", "coordinates": [[-84.3935671, 33.7479977], [-84.3926075, 33.7474748], [-84.3925564, 33.7474503]]}, "properties": {"surface": "", "highway": "footway"}}, {"type": "Feature", "geometry": {"type": "LineString", "coordinates": [[-84.3945157, 33.7470456], [-84.394529, 33.747034], [-84.3945496, 33.7470295]]}, "properties": {"surface": "", "highway": "footway"}}, {"type": "Feature", "geometry": {"type": "LineString", "coordinates": [[-84.3945673, 33.7463582], [-84.394534, 33.7463884], [-84.3945248, 33.7464219], [-84.3945193, 33.7468364], [-84.3945358, 33.7468589]]}, "properties": {"surface": "", "highway": "footway"}}, {"type": "Feature", "geometry": {"type": "LineString", "coordinates": [[-84.3943285, 33.7468727], [-84.3943392, 33.7468523], [-84.3943422, 33.7468382]]}, "properties": {"surface": "", "highway": "footway"}}, {"type": "Feature", "geometry": {"type": "LineString", "coordinates": [[-84.3935671, 33.7479977], [-84.3940328, 33.7473908], [-84.3941124, 33.7472885], [-84.3941613, 33.7472264], [-84.394235, 33.7471429], [-84.3943215, 33.747048], [-84.3943151, 33.7470358]]}, "properties": {"surface": "", "highway": "footway"}}, {"type": "Feature", "geometry": {"type": "LineString", "coordinates": [[-84.3970972, 33.7468332], [-84.3972307, 33.7467952], [-84.3975641, 33.7466238]]}, "properties": {"surface": "", "highway": "footway"}}, {"type": "Feature", "geometry": {"type": "LineString", "coordinates": [[-84.3928854, 33.7470243], [-84.3928559, 33.747021], [-84.392837, 33.7470216], [-84.3928163, 33.7470436]]}, "properties": {"surface": "", "highway": "footway"}}, {"type": "Feature", "geometry": {"type": "LineString", "coordinates": [[-84.3923692, 33.7473632], [-84.392373, 33.7473735], [-84.3923693, 33.7473813]]}, "properties": {"surface": "", "highway": "footway"}}, {"type": "Feature", "geometry": {"type": "LineString", "coordinates": [[-84.3926963, 33.7491071], [-84.3922227, 33.7488464], [-84.3921848, 33.7488258], [-84.3916586, 33.7485354]]}, "properties": {"surface": "", "highway": "footway"}}, {"type": "Feature", "geometry": {"type": "LineString", "coordinates": [[-84.3915161, 33.7484603], [-84.3914988, 33.7484599], [-84.3909082, 33.748118], [-84.3904087, 33.7478368]]}, "properties": {"surface": "", "highway": "footway"}}, {"type": "Feature", "geometry": {"type": "LineString", "coordinates": [[-84.3937886, 33.7498702], [-84.3932756, 33.7495912], [-84.3927437, 33.7493036]]}, "properties": {"surface": "", "highway": "footway"}}, {"type": "Feature", "geometry": {"type": "LineString", "coordinates": [[-84.3938817, 33.7497477], [-84.3938683, 33.7497471], [-84.3937035, 33.7496591], [-84.3933704, 33.7494778], [-84.3931208, 33.7493419], [-84.392873, 33.749207], [-84.3928427, 33.749181]]}, "properties": {"surface": "", "highway": "footway"}}, {"type": "Feature", "geometry": {"type": "LineString", "coordinates": [[-84.386894, 33.7538736], [-84.3868353, 33.7539429], [-84.3865384, 33.7542786]]}, "properties": {"surface": "", "highway": "footway"}}, {"type": "Feature", "geometry": {"type": "LineString", "coordinates": [[-84.3869665, 33.7537881], [-84.3869297, 33.7538316]]}, "properties": {"surface": "", "highway": "footway"}}, {"type": "Feature", "geometry": {"type": "LineString", "coordinates": [[-84.3803295, 33.7573252], [-84.3803099, 33.757262], [-84.3803149, 33.7569164], [-84.3803221, 33.7565953], [-84.3803244, 33.7563029]]}, "properties": {"surface": "", "highway": "footway"}}, {"type": "Feature", "geometry": {"type": "LineString", "coordinates": [[-84.3862258, 33.7555118], [-84.3862272, 33.7550786]]}, "properties": {"surface": "", "highway": "footway"}}, {"type": "Feature", "geometry": {"type": "LineString", "coordinates": [[-84.3842072, 33.754415], [-84.3842191, 33.7544073], [-84.3842315, 33.7543969], [-84.384263, 33.7543805]]}, "properties": {"surface": "", "highway": "footway"}}, {"type": "Feature", "geometry": {"type": "LineString", "coordinates": [[-84.3858943, 33.7528337], [-84.3857379, 33.7529781], [-84.3857082, 33.7530055]]}, "properties": {"surface": "", "highway": "footway"}}, {"type": "Feature", "geometry": {"type": "LineString", "coordinates": [[-84.3858414, 33.7530832], [-84.3860185, 33.7529184]]}, "properties": {"surface": "", "highway": "footway"}}, {"type": "Feature", "geometry": {"type": "LineString", "coordinates": [[-84.3821762, 33.7555968], [-84.3821984, 33.7556185], [-84.3821962, 33.7556453]]}, "properties": {"surface": "", "highway": "footway"}}, {"type": "Feature", "geometry": {"type": "LineString", "coordinates": [[-84.3824867, 33.7543678], [-84.3824751, 33.7543541], [-84.3824765, 33.7543286]]}, "properties": {"surface": "", "highway": "footway"}}, {"type": "Feature", "geometry": {"type": "LineString", "coordinates": [[-84.3822598, 33.7543276], [-84.3822116, 33.7543686]]}, "properties": {"surface": "", "highway": "footway"}}, {"type": "Feature", "geometry": {"type": "LineString", "coordinates": [[-84.3835044, 33.7533842], [-84.3841211, 33.7527442]]}, "properties": {"surface": "", "highway": "footway"}}, {"type": "Feature", "geometry": {"type": "LineString", "coordinates": [[-84.3834251, 33.7534583], [-84.3844334, 33.7541959]]}, "properties": {"surface": "", "highway": "footway"}}, {"type": "Feature", "geometry": {"type": "LineString", "coordinates": [[-84.3840326, 33.7526697], [-84.384027, 33.7526379]]}, "properties": {"surface": "", "highway": "footway"}}, {"type": "Feature", "geometry": {"type": "LineString", "coordinates": [[-84.3841211, 33.7527442], [-84.384159, 33.7527321]]}, "properties": {"surface": "", "highway": "footway"}}, {"type": "Feature", "geometry": {"type": "LineString", "coordinates": [[-84.3843003, 33.7526374], [-84.3842772, 33.752616], [-84.3842678, 33.752598]]}, "properties": {"surface": "", "highway": "footway"}}, {"type": "Feature", "geometry": {"type": "LineString", "coordinates": [[-84.3841753, 33.7525292], [-84.3841506, 33.7525218]]}, "properties": {"surface": "", "highway": "footway"}}, {"type": "Feature", "geometry": {"type": "LineString", "coordinates": [[-84.3852518, 33.7514662], [-84.3852596, 33.7514948]]}, "properties": {"surface": "", "highway": "footway"}}, {"type": "Feature", "geometry": {"type": "LineString", "coordinates": [[-84.3842306, 33.7505179], [-84.3842218, 33.7505232], [-84.3842131, 33.7505235], [-84.3842052, 33.7505196]]}, "properties": {"surface": "", "highway": "footway"}}, {"type": "Feature", "geometry": {"type": "LineString", "coordinates": [[-84.3841012, 33.7506714], [-84.3841077, 33.7506642], [-84.3841057, 33.7506571], [-84.3841009, 33.7506522], [-84.38407, 33.7506306]]}, "properties": {"surface": "", "highway": "footway"}}, {"type": "Feature", "geometry": {"type": "LineString", "coordinates": [[-84.3842874, 33.7507215], [-84.384259, 33.7507189], [-84.3842401, 33.7507317]]}, "properties": {"surface": "", "highway": "footway"}}, {"type": "Feature", "geometry": {"type": "LineString", "coordinates": [[-84.3819904, 33.7526803], [-84.3819219, 33.7526349]]}, "properties": {"surface": "", "highway": "footway"}}, {"type": "Feature", "geometry": {"type": "LineString", "coordinates": [[-84.3819904, 33.7526803], [-84.3820126, 33.7526957], [-84.3820376, 33.7526931], [-84.3820559, 33.7526742], [-84.3820756, 33.7526539], [-84.3829387, 33.7518441], [-84.3829452, 33.7518399], [-84.3829601, 33.7517681], [-84.3830315, 33.7516957], [-84.3832117, 33.7515258], [-84.3833255, 33.751419]]}, "properties": {"surface": "", "highway": "footway"}}, {"type": "Feature", "geometry": {"type": "LineString", "coordinates": [[-84.383045, 33.7518999], [-84.3830118, 33.751905]]}, "properties": {"surface": "", "highway": "footway"}}, {"type": "Feature", "geometry": {"type": "LineString", "coordinates": [[-84.383147, 33.7517874], [-84.3831392, 33.7518037]]}, "properties": {"surface": "", "highway": "footway"}}, {"type": "Feature", "geometry": {"type": "LineString", "coordinates": [[-84.3821425, 33.7527306], [-84.3821436, 33.7527524]]}, "properties": {"surface": "", "highway": "footway"}}, {"type": "Feature", "geometry": {"type": "LineString", "coordinates": [[-84.3820407, 33.7528429], [-84.3820238, 33.7528554]]}, "properties": {"surface": "", "highway": "footway"}}, {"type": "Feature", "geometry": {"type": "LineString", "coordinates": [[-84.3818694, 33.7527811], [-84.3818678, 33.7527657], [-84.3818571, 33.752751], [-84.3815191, 33.7525084]]}, "properties": {"surface": "", "highway": "footway"}}, {"type": "Feature", "geometry": {"type": "LineString", "coordinates": [[-84.3811606, 33.7536982], [-84.3816459, 33.7540256], [-84.3820561, 33.754369]]}, "properties": {"surface": "", "highway": "footway"}}, {"type": "Feature", "geometry": {"type": "LineString", "coordinates": [[-84.3809153, 33.7536866], [-84.3808882, 33.7537158], [-84.3806287, 33.7539657], [-84.3804908, 33.7541], [-84.380442, 33.7541456], [-84.3802733, 33.7543155]]}, "properties": {"surface": "", "highway": "footway"}}, {"type": "Feature", "geometry": {"type": "LineString", "coordinates": [[-84.3804424, 33.7543649], [-84.3810426, 33.7537826]]}, "properties": {"surface": "", "highway": "footway"}}, {"type": "Feature", "geometry": {"type": "LineString", "coordinates": [[-84.3801819, 33.7543153], [-84.3802733, 33.7543155]]}, "properties": {"surface": "", "highway": "footway"}}, {"type": "Feature", "geometry": {"type": "LineString", "coordinates": [[-84.3821919, 33.7545248], [-84.3822157, 33.7545415]]}, "properties": {"surface": "", "highway": "footway"}}, {"type": "Feature", "geometry": {"type": "LineString", "coordinates": [[-84.3820561, 33.754369], [-84.3822116, 33.7543686]]}, "properties": {"surface": "", "highway": "footway"}}, {"type": "Feature", "geometry": {"type": "LineString", "coordinates": [[-84.3833191, 33.7535434], [-84.3834251, 33.7534583]]}, "properties": {"surface": "", "highway": "footway"}}, {"type": "Feature", "geometry": {"type": "LineString", "coordinates": [[-84.384263, 33.7543805], [-84.3844334, 33.7541959]]}, "properties": {"surface": "", "highway": "footway"}}, {"type": "Feature", "geometry": {"type": "LineString", "coordinates": [[-84.3866767, 33.7523375], [-84.3866679, 33.7523306]]}, "properties": {"surface": "", "highway": "footway"}}, {"type": "Feature", "geometry": {"type": "LineString", "coordinates": [[-84.3865865, 33.7524174], [-84.3865125, 33.7523623], [-84.386424, 33.7522958]]}, "properties": {"surface": "", "highway": "footway"}}, {"type": "Feature", "geometry": {"type": "LineString", "coordinates": [[-84.3829195, 33.749965], [-84.382883, 33.7500249], [-84.3828332, 33.7500682], [-84.3824805, 33.7502753], [-84.3821795, 33.7504877], [-84.381858, 33.750784], [-84.3817661, 33.750896], [-84.3815167, 33.7511711], [-84.3812285, 33.7514419], [-84.3808076, 33.7518224]]}, "properties": {"surface": "", "highway": "footway"}}, {"type": "Feature", "geometry": {"type": "LineString", "coordinates": [[-84.3808076, 33.7518224], [-84.3807905, 33.7518378], [-84.3804828, 33.7521212], [-84.3799148, 33.752626], [-84.3798933, 33.7526335], [-84.3798728, 33.7526272]]}, "properties": {"surface": "", "highway": "footway"}}, {"type": "Feature", "geometry": {"type": "LineString", "coordinates": [[-84.3795272, 33.7545029], [-84.3795429, 33.754495], [-84.3795752, 33.7544938]]}, "properties": {"surface": "", "highway": "footway"}}, {"type": "Feature", "geometry": {"type": "LineString", "coordinates": [[-84.3818056, 33.7543304], [-84.3818086, 33.7543523], [-84.3817983, 33.7543759]]}, "properties": {"surface": "", "highway": "footway"}}, {"type": "Feature", "geometry": {"type": "LineString", "coordinates": [[-84.3832097, 33.7534598], [-84.3831663, 33.7534766], [-84.3831521, 33.7534795]]}, "properties": {"surface": "", "highway": "footway"}}, {"type": "Feature", "geometry": {"type": "LineString", "coordinates": [[-84.3823638, 33.7571788], [-84.3823315, 33.7572181]]}, "properties": {"surface": "", "highway": "footway"}}, {"type": "Feature", "geometry": {"type": "LineString", "coordinates": [[-84.3802975, 33.7574868], [-84.3802772, 33.7583313]]}, "properties": {"surface": "", "highway": "footway"}}, {"type": "Feature", "geometry": {"type": "LineString", "coordinates": [[-84.3801329, 33.7575015], [-84.3801411, 33.7583302]]}, "properties": {"surface": "", "highway": "footway"}}, {"type": "Feature", "geometry": {"type": "LineString", "coordinates": [[-84.3885228, 33.7560414], [-84.3883808, 33.7560582], [-84.388482, 33.7561369]]}, "properties": {"surface": "", "highway": "footway"}}, {"type": "Feature", "geometry": {"type": "LineString", "coordinates": [[-84.3902933, 33.7536079], [-84.3903012, 33.7536142]]}, "properties": {"surface": "", "highway": "footway"}}, {"type": "Feature", "geometry": {"type": "LineString", "coordinates": [[-84.3894725, 33.7591572], [-84.389472, 33.7591661]]}, "properties": {"surface": "", "highway": "footway"}}, {"type": "Feature", "geometry": {"type": "LineString", "coordinates": [[-84.3893332, 33.75926], [-84.3893454, 33.7592619]]}, "properties": {"surface": "concrete", "highway": "footway"}}, {"type": "Feature", "geometry": {"type": "LineString", "coordinates": [[-84.3894553, 33.7593722], [-84.3894411, 33.7593809], [-84.3891989, 33.7596546]]}, "properties": {"surface": "concrete", "highway": "footway"}}, {"type": "Feature", "geometry": {"type": "LineString", "coordinates": [[-84.3895799, 33.7592799], [-84.3895878, 33.7592804]]}, "properties": {"surface": "concrete", "highway": "footway"}}, {"type": "Feature", "geometry": {"type": "LineString", "coordinates": [[-84.3895854, 33.7593137], [-84.3896677, 33.7593933], [-84.3899196, 33.7596379]]}, "properties": {"surface": "concrete", "highway": "footway"}}, {"type": "Feature", "geometry": {"type": "LineString", "coordinates": [[-84.3895854, 33.7593137], [-84.3895878, 33.7592804], [-84.3896102, 33.7592492], [-84.3898751, 33.7590681], [-84.3900844, 33.758925]]}, "properties": {"surface": "concrete", "highway": "footway"}}, {"type": "Feature", "geometry": {"type": "LineString", "coordinates": [[-84.3878697, 33.757811], [-84.3878481, 33.7577945]]}, "properties": {"surface": "", "highway": "footway"}}, {"type": "Feature", "geometry": {"type": "LineString", "coordinates": [[-84.3860592, 33.7550053], [-84.3860469, 33.7554905], [-84.3860467, 33.7555294]]}, "properties": {"surface": "", "highway": "footway"}}, {"type": "Feature", "geometry": {"type": "LineString", "coordinates": [[-84.3891512, 33.7550055], [-84.3891723, 33.7550152]]}, "properties": {"surface": "", "highway": "footway"}}, {"type": "Feature", "geometry": {"type": "LineString", "coordinates": [[-84.3954167, 33.7565709], [-84.3954626, 33.7565442], [-84.3954726, 33.75654]]}, "properties": {"surface": "", "highway": "footway"}}, {"type": "Feature", "geometry": {"type": "LineString", "coordinates": [[-84.3935432, 33.7577573], [-84.3935506, 33.7577636], [-84.3935569, 33.757769]]}, "properties": {"surface": "", "highway": "footway"}}, {"type": "Feature", "geometry": {"type": "LineString", "coordinates": [[-84.3935506, 33.7577636], [-84.3935837, 33.7577491]]}, "properties": {"surface": "", "highway": "footway"}}, {"type": "Feature", "geometry": {"type": "LineString", "coordinates": [[-84.3937496, 33.7578909], [-84.3947589, 33.7571254], [-84.3947507, 33.7571084], [-84.3947468, 33.7571005]]}, "properties": {"surface": "", "highway": "footway"}}, {"type": "Feature", "geometry": {"type": "LineString", "coordinates": [[-84.3946063, 33.756994], [-84.3946673, 33.756957]]}, "properties": {"surface": "", "highway": "footway"}}, {"type": "Feature", "geometry": {"type": "LineString", "coordinates": [[-84.3935837, 33.7577491], [-84.3939835, 33.7574538], [-84.3945263, 33.7570517]]}, "properties": {"surface": "", "highway": "footway"}}, {"type": "Feature", "geometry": {"type": "LineString", "coordinates": [[-84.3843557, 33.7571931], [-84.3843451, 33.757769]]}, "properties": {"surface": "", "highway": "footway"}}, {"type": "Feature", "geometry": {"type": "LineString", "coordinates": [[-84.3629417, 33.7682598], [-84.3630198, 33.7682215], [-84.3630734, 33.7681952]]}, "properties": {"surface": "", "highway": "footway"}}, {"type": "Feature", "geometry": {"type": "LineString", "coordinates": [[-84.3637056, 33.7680877], [-84.3636633, 33.7680512]]}, "properties": {"surface": "", "highway": "footway"}}, {"type": "Feature", "geometry": {"type": "LineString", "coordinates": [[-84.3694465, 33.7736933], [-84.3694019, 33.7736832]]}, "properties": {"surface": "", "highway": "footway"}}, {"type": "Feature", "geometry": {"type": "LineString", "coordinates": [[-84.3688915, 33.7703347], [-84.3688923, 33.7704517], [-84.3688937, 33.7710516]]}, "properties": {"surface": "", "highway": "footway"}}, {"type": "Feature", "geometry": {"type": "LineString", "coordinates": [[-84.379225, 33.754269], [-84.3793451, 33.7542841]]}, "properties": {"surface": "concrete", "highway": "footway"}}, {"type": "Feature", "geometry": {"type": "LineString", "coordinates": [[-84.3912745, 33.7531637], [-84.3911984, 33.7531207]]}, "properties": {"surface": "", "highway": "pedestrian"}}, {"type": "Feature", "geometry": {"type": "LineString", "coordinates": [[-84.3653361, 33.7695685], [-84.3653305, 33.7695452], [-84.365326, 33.7695292]]}, "properties": {"surface": "", "highway": "footway"}}, {"type": "Feature", "geometry": {"type": "LineString", "coordinates": [[-84.3653108, 33.7696054], [-84.3653279, 33.7695806], [-84.3653361, 33.7695685]]}, "properties": {"surface": "", "highway": "footway"}}, {"type": "Feature", "geometry": {"type": "LineString", "coordinates": [[-84.3653415, 33.769489], [-84.3653764, 33.7694372]]}, "properties": {"surface": "concrete", "highway": "footway"}}, {"type": "Feature", "geometry": {"type": "LineString", "coordinates": [[-84.3654435, 33.7696078], [-84.365408, 33.7695896]]}, "properties": {"surface": "", "highway": "footway"}}, {"type": "Feature", "geometry": {"type": "LineString", "coordinates": [[-84.365504, 33.7695584], [-84.3654986, 33.7695855]]}, "properties": {"surface": "", "highway": "footway"}}, {"type": "Feature", "geometry": {"type": "LineString", "coordinates": [[-84.3653415, 33.769489], [-84.3653475, 33.7694951], [-84.3653507, 33.7695027], [-84.3653505, 33.7695106], [-84.3653471, 33.7695181], [-84.3653416, 33.7695236], [-84.3653343, 33.7695274], [-84.365326, 33.7695292]]}, "properties": {"surface": "", "highway": "footway"}}, {"type": "Feature", "geometry": {"type": "LineString", "coordinates": [[-84.3655249, 33.7694607], [-84.3655159, 33.7695025]]}, "properties": {"surface": "", "highway": "footway"}}, {"type": "Feature", "geometry": {"type": "LineString", "coordinates": [[-84.3654952, 33.7694405], [-84.3654787, 33.7694401]]}, "properties": {"surface": "concrete:plates", "highway": "footway"}}, {"type": "Feature", "geometry": {"type": "LineString", "coordinates": [[-84.3978931, 33.7490019], [-84.3979198, 33.7489834]]}, "properties": {"surface": "", "highway": "footway"}}, {"type": "Feature", "geometry": {"type": "LineString", "coordinates": [[-84.3979242, 33.7489189], [-84.3979203, 33.7489079]]}, "properties": {"surface": "", "highway": "footway"}}, {"type": "Feature", "geometry": {"type": "LineString", "coordinates": [[-84.3975508, 33.7501591], [-84.3976247, 33.7501978]]}, "properties": {"surface": "", "highway": "footway"}}, {"type": "Feature", "geometry": {"type": "LineString", "coordinates": [[-84.3974458, 33.7503202], [-84.3974512, 33.7503119], [-84.3974544, 33.750307]]}, "properties": {"surface": "asphalt", "highway": "footway"}}, {"type": "Feature", "geometry": {"type": "LineString", "coordinates": [[-84.3974337, 33.7503127], [-84.3974458, 33.7503202]]}, "properties": {"surface": "asphalt", "highway": "footway"}}, {"type": "Feature", "geometry": {"type": "LineString", "coordinates": [[-84.3974564, 33.750351], [-84.3974474, 33.7503669], [-84.3974666, 33.7503616]]}, "properties": {"surface": "", "highway": "footway"}}, {"type": "Feature", "geometry": {"type": "LineString", "coordinates": [[-84.3974512, 33.7503119], [-84.397473, 33.7503215], [-84.3974682, 33.7503299]]}, "properties": {"surface": "", "highway": "footway"}}, {"type": "Feature", "geometry": {"type": "LineString", "coordinates": [[-84.3974966, 33.7503534], [-84.3975074, 33.7503603], [-84.3975141, 33.7503716]]}, "properties": {"surface": "", "highway": "footway"}}, {"type": "Feature", "geometry": {"type": "LineString", "coordinates": [[-84.3631975, 33.7686363], [-84.3632378, 33.7686158]]}, "properties": {"surface": "", "highway": "footway"}}, {"type": "Feature", "geometry": {"type": "LineString", "coordinates": [[-84.3983804, 33.7555894], [-84.3983786, 33.755597], [-84.3983797, 33.7556064], [-84.398383, 33.7556135], [-84.3984171, 33.7556377], [-84.398494, 33.7556942], [-84.3985493, 33.7557198], [-84.3986027, 33.7557353], [-84.3988587, 33.7557877]]}, "properties": {"surface": "", "highway": "footway"}}, {"type": "Feature", "geometry": {"type": "LineString", "coordinates": [[-84.3985024, 33.753881], [-84.3984742, 33.7539003], [-84.3984683, 33.7539389], [-84.3984647, 33.7539964], [-84.3984683, 33.7540817], [-84.3984695, 33.7542284], [-84.3984575, 33.7543562]]}, "properties": {"surface": "", "highway": "footway"}}, {"type": "Feature", "geometry": {"type": "LineString", "coordinates": [[-84.3888435, 33.7668631], [-84.3888433, 33.7668734]]}, "properties": {"surface": "", "highway": "footway"}}, {"type": "Feature", "geometry": {"type": "LineString", "coordinates": [[-84.388998, 33.7689119], [-84.3890072, 33.7684881], [-84.3890207, 33.7681516]]}, "properties": {"surface": "", "highway": "footway"}}, {"type": "Feature", "geometry": {"type": "LineString", "coordinates": [[-84.387488, 33.7674233], [-84.387504, 33.7674227]]}, "properties": {"surface": "concrete", "highway": "footway"}}, {"type": "Feature", "geometry": {"type": "LineString", "coordinates": [[-84.3878796, 33.7459645], [-84.3878806, 33.7462443], [-84.3878804, 33.7462661], [-84.3878847, 33.7463439], [-84.3879159, 33.7464477], [-84.387974, 33.7465433], [-84.3880677, 33.7466495], [-84.3881921, 33.7467297], [-84.3882792, 33.7467698], [-84.3884259, 33.7468013], [-84.3884545, 33.7468076], [-84.3885284, 33.7468155]]}, "properties": {"surface": "", "highway": "footway"}}, {"type": "Feature", "geometry": {"type": "LineString", "coordinates": [[-84.3875313, 33.7478583], [-84.3875558, 33.7478221], [-84.387556, 33.7476041], [-84.387526, 33.7475618], [-84.3875274, 33.7475309], [-84.3875288, 33.7475042]]}, "properties": {"surface": "", "highway": "footway"}}, {"type": "Feature", "geometry": {"type": "LineString", "coordinates": [[-84.3866793, 33.7470091], [-84.3868404, 33.7470319], [-84.3868895, 33.7470394], [-84.3869453, 33.7470479], [-84.3873668, 33.7470479], [-84.3875518, 33.7470665]]}, "properties": {"surface": "", "highway": "footway"}}, {"type": "Feature", "geometry": {"type": "LineString", "coordinates": [[-84.3878272, 33.7472836], [-84.3878081, 33.7477193], [-84.3878137, 33.7479553], [-84.3878205, 33.7479751]]}, "properties": {"surface": "", "highway": "footway"}}, {"type": "Feature", "geometry": {"type": "LineString", "coordinates": [[-84.3882183, 33.7470095], [-84.3881612, 33.7470093], [-84.3881056, 33.7470136], [-84.3880539, 33.7470276], [-84.3879625, 33.7470875], [-84.3878486, 33.7471938], [-84.387831, 33.7472434], [-84.3878272, 33.7472836]]}, "properties": {"surface": "", "highway": "footway"}}, {"type": "Feature", "geometry": {"type": "LineString", "coordinates": [[-84.3980346, 33.7523413], [-84.3979606, 33.7523834], [-84.3978669, 33.7523493], [-84.3977946, 33.752323], [-84.3977228, 33.7522968]]}, "properties": {"surface": "concrete", "highway": "pedestrian"}}, {"type": "Feature", "geometry": {"type": "LineString", "coordinates": [[-84.3965139, 33.7518756], [-84.3962807, 33.7517915], [-84.3962683, 33.751787], [-84.3961712, 33.7517577]]}, "properties": {"surface": "concrete", "highway": "pedestrian"}}, {"type": "Feature", "geometry": {"type": "LineString", "coordinates": [[-84.3890974, 33.7623444], [-84.3891214, 33.7623483]]}, "properties": {"surface": "concrete", "highway": "footway"}}, {"type": "Feature", "geometry": {"type": "LineString", "coordinates": [[-84.3889466, 33.7623461], [-84.3889596, 33.7623446]]}, "properties": {"surface": "concrete", "highway": "footway"}}, {"type": "Feature", "geometry": {"type": "LineString", "coordinates": [[-84.3889417, 33.762325], [-84.3889466, 33.7623461]]}, "properties": {"surface": "concrete", "highway": "footway"}}, {"type": "Feature", "geometry": {"type": "LineString", "coordinates": [[-84.388941, 33.7621958], [-84.3889417, 33.7622091]]}, "properties": {"surface": "concrete", "highway": "footway"}}, {"type": "Feature", "geometry": {"type": "LineString", "coordinates": [[-84.389094, 33.7621969], [-84.3891177, 33.7621965]]}, "properties": {"surface": "concrete", "highway": "footway"}}, {"type": "Feature", "geometry": {"type": "LineString", "coordinates": [[-84.388941, 33.7621958], [-84.3889619, 33.7621952]]}, "properties": {"surface": "concrete", "highway": "footway"}}, {"type": "Feature", "geometry": {"type": "LineString", "coordinates": [[-84.3891214, 33.7623483], [-84.3891153, 33.7623278]]}, "properties": {"surface": "concrete", "highway": "footway"}}, {"type": "Feature", "geometry": {"type": "LineString", "coordinates": [[-84.3891176, 33.7622104], [-84.3891177, 33.7621965]]}, "properties": {"surface": "concrete", "highway": "footway"}}, {"type": "Feature", "geometry": {"type": "LineString", "coordinates": [[-84.3877937, 33.7627511], [-84.3877935, 33.7627325]]}, "properties": {"surface": "concrete", "highway": "footway"}}, {"type": "Feature", "geometry": {"type": "LineString", "coordinates": [[-84.3877938, 33.7627658], [-84.3877937, 33.7627511]]}, "properties": {"surface": "asphalt", "highway": "footway"}}, {"type": "Feature", "geometry": {"type": "LineString", "coordinates": [[-84.3876818, 33.7625475], [-84.3876942, 33.7625477]]}, "properties": {"surface": "concrete", "highway": "footway"}}, {"type": "Feature", "geometry": {"type": "LineString", "coordinates": [[-84.3869985, 33.7627043], [-84.3869432, 33.7627035], [-84.3869432, 33.7627463], [-84.3869372, 33.7627735], [-84.3869315, 33.7627927], [-84.3869174, 33.7628242], [-84.3869033, 33.7628482], [-84.3868812, 33.7628808], [-84.3868557, 33.7629106], [-84.3868165, 33.7629432], [-84.3867749, 33.7629728], [-84.3867323, 33.7629942], [-84.3866867, 33.7630101], [-84.3866361, 33.7630235], [-84.3865952, 33.7630268], [-84.3865471, 33.7630263], [-84.3864969, 33.7630257], [-84.386447, 33.7630174], [-84.3863987, 33.7630026], [-84.3863545, 33.7629836], [-84.3863172, 33.7629633], [-84.3862673, 33.7629265], [-84.3862391, 33.7629003], [-84.386222, 33.7628788], [-84.3861935, 33.7628334], [-84.3861761, 33.7627952], [-84.386164, 33.762757], [-84.386163, 33.762734], [-84.386163, 33.7626519], [-84.3861697, 33.7626221], [-84.3861828, 33.7625834], [-84.3862039, 33.7625444], [-84.3862244, 33.7625168], [-84.3862468, 33.7624878], [-84.3862777, 33.762461], [-84.3863099, 33.762439], [-84.3863659, 33.7624097], [-84.3864145, 33.7623916], [-84.3864742, 33.7623777], [-84.3865111, 33.7623713], [-84.3865604, 33.7623714], [-84.3866098, 33.7623716], [-84.3866472, 33.7623771], [-84.3866894, 33.7623902], [-84.3867343, 33.7624047], [-84.3867612, 33.7624175], [-84.3868004, 33.762439], [-84.3868389, 33.7624674], [-84.3868678, 33.7625003], [-84.3869016, 33.7625441], [-84.3869214, 33.7625759], [-84.3869355, 33.7626141], [-84.3869425, 33.7626458], [-84.3869432, 33.762664], [-84.3869432, 33.7627035]]}, "properties": {"surface": "paving_stones", "highway": "footway"}}, {"type": "Feature", "geometry": {"type": "LineString", "coordinates": [[-84.3865609, 33.7623397], [-84.3865612, 33.7623189]]}, "properties": {"surface": "paving_stones", "highway": "footway"}}, {"type": "Feature", "geometry": {"type": "LineString", "coordinates": [[-84.3865598, 33.7624159], [-84.3865604, 33.7623714], [-84.3865609, 33.7623397]]}, "properties": {"surface": "paving_stones", "highway": "footway"}}, {"type": "Feature", "geometry": {"type": "LineString", "coordinates": [[-84.3861335, 33.7626931], [-84.3861152, 33.762693], [-84.3861014, 33.7626929]]}, "properties": {"surface": "paving_stones", "highway": "footway"}}, {"type": "Feature", "geometry": {"type": "LineString", "coordinates": [[-84.3865477, 33.762985], [-84.3865471, 33.7630263], [-84.3865465, 33.7630655]]}, "properties": {"surface": "paving_stones", "highway": "footway"}}, {"type": "Feature", "geometry": {"type": "LineString", "coordinates": [[-84.3869432, 33.7627035], [-84.3868956, 33.762703]]}, "properties": {"surface": "paving_stones", "highway": "footway"}}, {"type": "Feature", "geometry": {"type": "LineString", "coordinates": [[-84.3870884, 33.7627056], [-84.3870553, 33.7627051], [-84.3869985, 33.7627043]]}, "properties": {"surface": "paving_stones", "highway": "footway"}}, {"type": "Feature", "geometry": {"type": "LineString", "coordinates": [[-84.3861014, 33.7639054], [-84.386058, 33.7639295]]}, "properties": {"surface": "paving_stones", "highway": "footway"}}, {"type": "Feature", "geometry": {"type": "LineString", "coordinates": [[-84.3861238, 33.7638469], [-84.3861014, 33.7639054], [-84.3861101, 33.7639441]]}, "properties": {"surface": "paving_stones", "highway": "footway"}}, {"type": "Feature", "geometry": {"type": "LineString", "coordinates": [[-84.3864131, 33.7631676], [-84.386398, 33.7631972]]}, "properties": {"surface": "paving_stones", "highway": "footway"}}, {"type": "Feature", "geometry": {"type": "LineString", "coordinates": [[-84.3863551, 33.7631241], [-84.386124, 33.7631216], [-84.3860932, 33.7631213]]}, "properties": {"surface": "paving_stones", "highway": "footway"}}, {"type": "Feature", "geometry": {"type": "LineString", "coordinates": [[-84.3863662, 33.7632228], [-84.3862237, 33.76322], [-84.3862043, 33.7632328], [-84.386123, 33.7632328], [-84.3860904, 33.7632328]]}, "properties": {"surface": "paving_stones", "highway": "footway"}}, {"type": "Feature", "geometry": {"type": "LineString", "coordinates": [[-84.3865448, 33.7631687], [-84.3864742, 33.7631682], [-84.3864131, 33.7631676], [-84.386397, 33.7631397]]}, "properties": {"surface": "paving_stones", "highway": "footway"}}, {"type": "Feature", "geometry": {"type": "LineString", "coordinates": [[-84.3873381, 33.7623926], [-84.3872839, 33.7623286]]}, "properties": {"surface": "paving_stones", "highway": "footway"}}, {"type": "Feature", "geometry": {"type": "LineString", "coordinates": [[-84.3878237, 33.7623412], [-84.3878239, 33.7623618]]}, "properties": {"surface": "concrete", "highway": "footway"}}, {"type": "Feature", "geometry": {"type": "LineString", "coordinates": [[-84.3878236, 33.7623283], [-84.3878237, 33.7623412]]}, "properties": {"surface": "concrete", "highway": "footway"}}, {"type": "Feature", "geometry": {"type": "LineString", "coordinates": [[-84.3842962, 33.7623116], [-84.3842937, 33.7623011]]}, "properties": {"surface": "concrete", "highway": "footway"}}, {"type": "Feature", "geometry": {"type": "LineString", "coordinates": [[-84.384055, 33.7622768], [-84.3840552, 33.7622976]]}, "properties": {"surface": "concrete", "highway": "footway"}}, {"type": "Feature", "geometry": {"type": "LineString", "coordinates": [[-84.3840536, 33.7621439], [-84.3840538, 33.7621656]]}, "properties": {"surface": "concrete", "highway": "footway"}}, {"type": "Feature", "geometry": {"type": "LineString", "coordinates": [[-84.3840773, 33.7621447], [-84.3840536, 33.7621439]]}, "properties": {"surface": "concrete", "highway": "footway"}}, {"type": "Feature", "geometry": {"type": "LineString", "coordinates": [[-84.3840752, 33.7622984], [-84.3840552, 33.7622976]]}, "properties": {"surface": "concrete", "highway": "footway"}}, {"type": "Feature", "geometry": {"type": "LineString", "coordinates": [[-84.3842962, 33.7623116], [-84.3842831, 33.7623065]]}, "properties": {"surface": "concrete", "highway": "footway"}}, {"type": "Feature", "geometry": {"type": "LineString", "coordinates": [[-84.3859312, 33.7626909], [-84.3859073, 33.7626906], [-84.3858717, 33.7626903]]}, "properties": {"surface": "concrete", "highway": "footway"}}, {"type": "Feature", "geometry": {"type": "LineString", "coordinates": [[-84.3853153, 33.7645403], [-84.3853138, 33.7645557], [-84.3853185, 33.7645774], [-84.3853265, 33.7645936], [-84.3853473, 33.7646075], [-84.3853875, 33.7646131], [-84.3854338, 33.7646231], [-84.3854613, 33.7646371], [-84.3854774, 33.7646549], [-84.3854888, 33.7646822], [-84.3854888, 33.7647034], [-84.3854807, 33.7647218], [-84.3854754, 33.7647452], [-84.3854794, 33.7647653], [-84.3854861, 33.7647781], [-84.3854962, 33.7647867], [-84.3855112, 33.7647931]]}, "properties": {"surface": "concrete", "highway": "footway"}}, {"type": "Feature", "geometry": {"type": "LineString", "coordinates": [[-84.3857816, 33.7640596], [-84.385749, 33.7640568]]}, "properties": {"surface": "concrete", "highway": "footway"}}, {"type": "Feature", "geometry": {"type": "LineString", "coordinates": [[-84.3858511, 33.7640655], [-84.3857816, 33.7640596]]}, "properties": {"surface": "concrete", "highway": "footway"}}, {"type": "Feature", "geometry": {"type": "LineString", "coordinates": [[-84.3861585, 33.7642002], [-84.3861694, 33.7642035]]}, "properties": {"surface": "concrete", "highway": "footway"}}, {"type": "Feature", "geometry": {"type": "LineString", "coordinates": [[-84.3860929, 33.7643498], [-84.3861054, 33.7643536]]}, "properties": {"surface": "concrete", "highway": "footway"}}, {"type": "Feature", "geometry": {"type": "LineString", "coordinates": [[-84.3861769, 33.7641581], [-84.3861719, 33.7641695]]}, "properties": {"surface": "concrete", "highway": "footway"}}, {"type": "Feature", "geometry": {"type": "LineString", "coordinates": [[-84.3860754, 33.7642647], [-84.3861238, 33.7642794], [-84.3861347, 33.7642827]]}, "properties": {"surface": "concrete", "highway": "footway"}}, {"type": "Feature", "geometry": {"type": "LineString", "coordinates": [[-84.3861649, 33.7641855], [-84.3861585, 33.7642002], [-84.3861238, 33.7642794], [-84.3860929, 33.7643498], [-84.3860792, 33.7643812]]}, "properties": {"surface": "concrete", "highway": "footway"}}, {"type": "Feature", "geometry": {"type": "LineString", "coordinates": [[-84.3822902, 33.7620736], [-84.3822812, 33.7620825]]}, "properties": {"surface": "", "highway": "footway"}}, {"type": "Feature", "geometry": {"type": "LineString", "coordinates": [[-84.3822318, 33.7622928], [-84.3822037, 33.7622928]]}, "properties": {"surface": "", "highway": "footway"}}, {"type": "Feature", "geometry": {"type": "LineString", "coordinates": [[-84.3822256, 33.7622767], [-84.3822318, 33.7622928]]}, "properties": {"surface": "", "highway": "footway"}}, {"type": "Feature", "geometry": {"type": "LineString", "coordinates": [[-84.3819149, 33.7625181], [-84.3819047, 33.7625235]]}, "properties": {"surface": "", "highway": "footway"}}, {"type": "Feature", "geometry": {"type": "LineString", "coordinates": [[-84.3817277, 33.7623493], [-84.3817201, 33.7623577]]}, "properties": {"surface": "", "highway": "footway"}}, {"type": "Feature", "geometry": {"type": "LineString", "coordinates": [[-84.38192, 33.7619664], [-84.3819327, 33.7619764]]}, "properties": {"surface": "", "highway": "footway"}}, {"type": "Feature", "geometry": {"type": "LineString", "coordinates": [[-84.3817895, 33.7620507], [-84.3817979, 33.7620637]]}, "properties": {"surface": "", "highway": "footway"}}, {"type": "Feature", "geometry": {"type": "LineString", "coordinates": [[-84.3842812, 33.7643023], [-84.3842816, 33.7642813]]}, "properties": {"surface": "concrete", "highway": "footway"}}, {"type": "Feature", "geometry": {"type": "LineString", "coordinates": [[-84.3842816, 33.7642813], [-84.3842522, 33.7642795]]}, "properties": {"surface": "concrete", "highway": "footway"}}, {"type": "Feature", "geometry": {"type": "LineString", "coordinates": [[-84.3840589, 33.7642682], [-84.3840326, 33.7642667]]}, "properties": {"surface": "concrete", "highway": "footway"}}, {"type": "Feature", "geometry": {"type": "LineString", "coordinates": [[-84.3840326, 33.7642667], [-84.3840319, 33.7642887]]}, "properties": {"surface": "concrete", "highway": "footway"}}, {"type": "Feature", "geometry": {"type": "LineString", "coordinates": [[-84.3840275, 33.7644233], [-84.3840269, 33.7644449]]}, "properties": {"surface": "concrete", "highway": "footway"}}, {"type": "Feature", "geometry": {"type": "LineString", "coordinates": [[-84.3840269, 33.7644449], [-84.3840584, 33.7644477]]}, "properties": {"surface": "concrete", "highway": "footway"}}, {"type": "Feature", "geometry": {"type": "LineString", "coordinates": [[-84.384264, 33.7644662], [-84.3842838, 33.7644678]]}, "properties": {"surface": "concrete", "highway": "footway"}}, {"type": "Feature", "geometry": {"type": "LineString", "coordinates": [[-84.3842838, 33.7644678], [-84.3842853, 33.7644509]]}, "properties": {"surface": "concrete", "highway": "footway"}}, {"type": "Feature", "geometry": {"type": "LineString", "coordinates": [[-84.3844217, 33.7642499], [-84.3844298, 33.7642446]]}, "properties": {"surface": "concrete", "highway": "footway"}}, {"type": "Feature", "geometry": {"type": "LineString", "coordinates": [[-84.3843434, 33.7641668], [-84.3843361, 33.7641724]]}, "properties": {"surface": "concrete", "highway": "footway"}}, {"type": "Feature", "geometry": {"type": "LineString", "coordinates": [[-84.3844284, 33.7645196], [-84.3844417, 33.7645303]]}, "properties": {"surface": "concrete", "highway": "footway"}}, {"type": "Feature", "geometry": {"type": "LineString", "coordinates": [[-84.3843334, 33.7646012], [-84.3843232, 33.7645931]]}, "properties": {"surface": "concrete", "highway": "footway"}}, {"type": "Feature", "geometry": {"type": "LineString", "coordinates": [[-84.3880282, 33.7673309], [-84.3880169, 33.7673272]]}, "properties": {"surface": "concrete", "highway": "footway"}}, {"type": "Feature", "geometry": {"type": "LineString", "coordinates": [[-84.3880282, 33.7673309], [-84.3880205, 33.7673402]]}, "properties": {"surface": "concrete", "highway": "footway"}}, {"type": "Feature", "geometry": {"type": "LineString", "coordinates": [[-84.3878286, 33.7672788], [-84.387841, 33.767282]]}, "properties": {"surface": "concrete", "highway": "footway"}}, {"type": "Feature", "geometry": {"type": "LineString", "coordinates": [[-84.3877844, 33.7674176], [-84.3878014, 33.767415]]}, "properties": {"surface": "concrete", "highway": "footway"}}, {"type": "Feature", "geometry": {"type": "LineString", "coordinates": [[-84.3877605, 33.7672964], [-84.3877599, 33.7673056]]}, "properties": {"surface": "concrete", "highway": "footway"}}, {"type": "Feature", "geometry": {"type": "LineString", "coordinates": [[-84.3877536, 33.7674074], [-84.3877543, 33.7674005]]}, "properties": {"surface": "concrete", "highway": "footway"}}, {"type": "Feature", "geometry": {"type": "LineString", "coordinates": [[-84.3876087, 33.7674069], [-84.3876089, 33.7673996]]}, "properties": {"surface": "concrete", "highway": "footway"}}, {"type": "Feature", "geometry": {"type": "LineString", "coordinates": [[-84.3873644, 33.7674255], [-84.3873932, 33.767425]]}, "properties": {"surface": "concrete", "highway": "footway"}}, {"type": "Feature", "geometry": {"type": "LineString", "coordinates": [[-84.3876246, 33.7672476], [-84.387619, 33.7672541]]}, "properties": {"surface": "concrete", "highway": "footway"}}, {"type": "Feature", "geometry": {"type": "LineString", "coordinates": [[-84.3872914, 33.767296], [-84.3872574, 33.7672955], [-84.3872574, 33.7672864]]}, "properties": {"surface": "concrete", "highway": "footway"}}, {"type": "Feature", "geometry": {"type": "LineString", "coordinates": [[-84.3873743, 33.7672716], [-84.3873946, 33.7672697]]}, "properties": {"surface": "concrete", "highway": "footway"}}, {"type": "Feature", "geometry": {"type": "LineString", "coordinates": [[-84.3873496, 33.7672892], [-84.3873547, 33.7673087]]}, "properties": {"surface": "concrete", "highway": "footway"}}, {"type": "Feature", "geometry": {"type": "LineString", "coordinates": [[-84.387351, 33.7674043], [-84.3873516, 33.7673945]]}, "properties": {"surface": "concrete", "highway": "footway"}}, {"type": "Feature", "geometry": {"type": "LineString", "coordinates": [[-84.3873771, 33.766961], [-84.3873375, 33.7669608], [-84.3873217, 33.7669538], [-84.3872972, 33.7669538]]}, "properties": {"surface": "concrete", "highway": "footway"}}, {"type": "Feature", "geometry": {"type": "LineString", "coordinates": [[-84.3875935, 33.7640801], [-84.3876537, 33.7640972], [-84.3876466, 33.7640249]]}, "properties": {"surface": "concrete", "highway": "footway"}}, {"type": "Feature", "geometry": {"type": "LineString", "coordinates": [[-84.3876433, 33.7639432], [-84.3876442, 33.7639545]]}, "properties": {"surface": "concrete", "highway": "footway"}}, {"type": "Feature", "geometry": {"type": "LineString", "coordinates": [[-84.3874204, 33.7647065], [-84.3874426, 33.7646998]]}, "properties": {"surface": "concrete", "highway": "footway"}}, {"type": "Feature", "geometry": {"type": "LineString", "coordinates": [[-84.3873824, 33.7647428], [-84.3873789, 33.7647622]]}, "properties": {"surface": "concrete", "highway": "footway"}}, {"type": "Feature", "geometry": {"type": "LineString", "coordinates": [[-84.3873497, 33.7649242], [-84.3873512, 33.7649159]]}, "properties": {"surface": "concrete", "highway": "footway"}}, {"type": "Feature", "geometry": {"type": "LineString", "coordinates": [[-84.3874008, 33.7649441], [-84.3874178, 33.7649383]]}, "properties": {"surface": "concrete", "highway": "footway"}}, {"type": "Feature", "geometry": {"type": "LineString", "coordinates": [[-84.387591, 33.7646549], [-84.3876661, 33.7646396], [-84.3876403, 33.7646982]]}, "properties": {"surface": "concrete", "highway": "footway"}}, {"type": "Feature", "geometry": {"type": "LineString", "coordinates": [[-84.3876493, 33.7649018], [-84.387599, 33.7648949]]}, "properties": {"surface": "concrete", "highway": "footway"}}, {"type": "Feature", "geometry": {"type": "LineString", "coordinates": [[-84.3876493, 33.7649018], [-84.3876463, 33.7648584]]}, "properties": {"surface": "concrete", "highway": "footway"}}, {"type": "Feature", "geometry": {"type": "LineString", "coordinates": [[-84.3888804, 33.7647568], [-84.3889018, 33.7647532]]}, "properties": {"surface": "concrete", "highway": "footway"}}, {"type": "Feature", "geometry": {"type": "LineString", "coordinates": [[-84.3888669, 33.7647661], [-84.3888804, 33.7647568], [-84.3888935, 33.7647323]]}, "properties": {"surface": "concrete", "highway": "footway"}}, {"type": "Feature", "geometry": {"type": "LineString", "coordinates": [[-84.3887869, 33.7647586], [-84.3887872, 33.764786]]}, "properties": {"surface": "concrete", "highway": "footway"}}, {"type": "Feature", "geometry": {"type": "LineString", "coordinates": [[-84.3887879, 33.7648154], [-84.3888013, 33.7648255], [-84.3887983, 33.7649241]]}, "properties": {"surface": "concrete", "highway": "footway"}}, {"type": "Feature", "geometry": {"type": "LineString", "coordinates": [[-84.3888579, 33.7649246], [-84.3888385, 33.7649244], [-84.3887983, 33.7649241], [-84.3887707, 33.7649238]]}, "properties": {"surface": "concrete", "highway": "footway"}}, {"type": "Feature", "geometry": {"type": "LineString", "coordinates": [[-84.38909, 33.7647453], [-84.3890797, 33.764737]]}, "properties": {"surface": "concrete", "highway": "footway"}}, {"type": "Feature", "geometry": {"type": "LineString", "coordinates": [[-84.3890729, 33.7647646], [-84.3890592, 33.7647601]]}, "properties": {"surface": "concrete", "highway": "footway"}}, {"type": "Feature", "geometry": {"type": "LineString", "coordinates": [[-84.3890827, 33.7645458], [-84.3890658, 33.7645484]]}, "properties": {"surface": "concrete", "highway": "footway"}}, {"type": "Feature", "geometry": {"type": "LineString", "coordinates": [[-84.3890779, 33.7645699], [-84.3890827, 33.7645458]]}, "properties": {"surface": "concrete", "highway": "footway"}}, {"type": "Feature", "geometry": {"type": "LineString", "coordinates": [[-84.3889129, 33.7645504], [-84.3888941, 33.7645457]]}, "properties": {"surface": "concrete", "highway": "footway"}}, {"type": "Feature", "geometry": {"type": "LineString", "coordinates": [[-84.3888941, 33.7645457], [-84.3889051, 33.7645663]]}, "properties": {"surface": "concrete", "highway": "footway"}}, {"type": "Feature", "geometry": {"type": "LineString", "coordinates": [[-84.3890903, 33.7640804], [-84.3890759, 33.764068]]}, "properties": {"surface": "concrete", "highway": "footway"}}, {"type": "Feature", "geometry": {"type": "LineString", "coordinates": [[-84.389094, 33.7639419], [-84.389064, 33.7639476]]}, "properties": {"surface": "concrete", "highway": "footway"}}, {"type": "Feature", "geometry": {"type": "LineString", "coordinates": [[-84.389087, 33.7639642], [-84.389094, 33.7639419]]}, "properties": {"surface": "concrete", "highway": "footway"}}, {"type": "Feature", "geometry": {"type": "LineString", "coordinates": [[-84.3888626, 33.7640339], [-84.3888714, 33.7640947], [-84.3889148, 33.7640674]]}, "properties": {"surface": "concrete", "highway": "footway"}}, {"type": "Feature", "geometry": {"type": "LineString", "coordinates": [[-84.3856985, 33.7684828], [-84.3856987, 33.7684993], [-84.3856376, 33.7684998], [-84.3856387, 33.7685819]]}, "properties": {"surface": "concrete", "highway": "footway"}}, {"type": "Feature", "geometry": {"type": "LineString", "coordinates": [[-84.3967224, 33.7511895], [-84.3967414, 33.7512004]]}, "properties": {"surface": "concrete", "highway": "footway"}}, {"type": "Feature", "geometry": {"type": "LineString", "coordinates": [[-84.3965841, 33.7511097], [-84.3966034, 33.7511208]]}, "properties": {"surface": "concrete", "highway": "footway"}}, {"type": "Feature", "geometry": {"type": "LineString", "coordinates": [[-84.3949153, 33.7620104], [-84.3948028, 33.762085], [-84.3946791, 33.7621713]]}, "properties": {"surface": "paving_stones", "highway": "path"}}, {"type": "Feature", "geometry": {"type": "LineString", "coordinates": [[-84.3869297, 33.7538316], [-84.386894, 33.7538736]]}, "properties": {"surface": "", "highway": "footway"}}, {"type": "Feature", "geometry": {"type": "LineString", "coordinates": [[-84.3870731, 33.7527842], [-84.3871622, 33.7526973]]}, "properties": {"surface": "", "highway": "pedestrian"}}, {"type": "Feature", "geometry": {"type": "LineString", "coordinates": [[-84.3871752, 33.7526845], [-84.3871883, 33.7526718], [-84.387206, 33.7526546], [-84.3872246, 33.7526367]]}, "properties": {"surface": "", "highway": "pedestrian"}}, {"type": "Feature", "geometry": {"type": "LineString", "coordinates": [[-84.4026798, 33.7562158], [-84.4026594, 33.7562167], [-84.4026595, 33.7562249]]}, "properties": {"surface": "", "highway": "footway"}}, {"type": "Feature", "geometry": {"type": "LineString", "coordinates": [[-84.4026742, 33.7564104], [-84.4026547, 33.7564099]]}, "properties": {"surface": "", "highway": "footway"}}, {"type": "Feature", "geometry": {"type": "LineString", "coordinates": [[-84.4028868, 33.763613], [-84.4028735, 33.763618]]}, "properties": {"surface": "", "highway": "footway"}}, {"type": "Feature", "geometry": {"type": "LineString", "coordinates": [[-84.402847, 33.7635889], [-84.4028455, 33.7636103], [-84.4028735, 33.763618]]}, "properties": {"surface": "", "highway": "footway"}}, {"type": "Feature", "geometry": {"type": "LineString", "coordinates": [[-84.4026803, 33.7633527], [-84.4026668, 33.763346]]}, "properties": {"surface": "concrete", "highway": "footway"}}, {"type": "Feature", "geometry": {"type": "LineString", "coordinates": [[-84.4026668, 33.763346], [-84.4026922, 33.7633261]]}, "properties": {"surface": "", "highway": "footway"}}, {"type": "Feature", "geometry": {"type": "LineString", "coordinates": [[-84.4017713, 33.7637882], [-84.4017643, 33.7637961], [-84.401751, 33.7637944]]}, "properties": {"surface": "", "highway": "footway"}}, {"type": "Feature", "geometry": {"type": "LineString", "coordinates": [[-84.4015992, 33.7638068], [-84.4015924, 33.7638129]]}, "properties": {"surface": "", "highway": "footway"}}, {"type": "Feature", "geometry": {"type": "LineString", "coordinates": [[-84.4000299, 33.764017], [-84.4000146, 33.7640217]]}, "properties": {"surface": "", "highway": "footway"}}, {"type": "Feature", "geometry": {"type": "LineString", "coordinates": [[-84.400304, 33.7639704], [-84.4002838, 33.763972]]}, "properties": {"surface": "", "highway": "footway"}}, {"type": "Feature", "geometry": {"type": "LineString", "coordinates": [[-84.3999687, 33.7639955], [-84.3999686, 33.7639806]]}, "properties": {"surface": "", "highway": "footway"}}, {"type": "Feature", "geometry": {"type": "LineString", "coordinates": [[-84.4003535, 33.7639331], [-84.400351, 33.7639215]]}, "properties": {"surface": "", "highway": "footway"}}, {"type": "Feature", "geometry": {"type": "LineString", "coordinates": [[-84.400325, 33.7637299], [-84.4003216, 33.763696]]}, "properties": {"surface": "", "highway": "footway"}}, {"type": "Feature", "geometry": {"type": "LineString", "coordinates": [[-84.3999452, 33.7637628], [-84.3999396, 33.7637345]]}, "properties": {"surface": "", "highway": "footway"}}, {"type": "Feature", "geometry": {"type": "LineString", "coordinates": [[-84.3973854, 33.7643197], [-84.3973879, 33.7643314]]}, "properties": {"surface": "", "highway": "footway"}}, {"type": "Feature", "geometry": {"type": "LineString", "coordinates": [[-84.397352, 33.7643624], [-84.3973611, 33.7643599]]}, "properties": {"surface": "", "highway": "footway"}}, {"type": "Feature", "geometry": {"type": "LineString", "coordinates": [[-84.3972042, 33.7644355], [-84.3971909, 33.7644454]]}, "properties": {"surface": "", "highway": "footway"}}, {"type": "Feature", "geometry": {"type": "LineString", "coordinates": [[-84.3971794, 33.7644227], [-84.3971764, 33.7644414], [-84.3971909, 33.7644454]]}, "properties": {"surface": "", "highway": "footway"}}, {"type": "Feature", "geometry": {"type": "LineString", "coordinates": [[-84.3971572, 33.7642137], [-84.3971545, 33.7641973]]}, "properties": {"surface": "", "highway": "footway"}}, {"type": "Feature", "geometry": {"type": "LineString", "coordinates": [[-84.397192, 33.7641508], [-84.3971776, 33.7641566]]}, "properties": {"surface": "", "highway": "footway"}}, {"type": "Feature", "geometry": {"type": "LineString", "coordinates": [[-84.3973714, 33.7640844], [-84.3973633, 33.7640914]]}, "properties": {"surface": "concrete", "highway": "footway"}}, {"type": "Feature", "geometry": {"type": "LineString", "coordinates": [[-84.4026263, 33.7610908], [-84.4026035, 33.7610908]]}, "properties": {"surface": "", "highway": "footway"}}, {"type": "Feature", "geometry": {"type": "LineString", "coordinates": [[-84.4026167, 33.7612402], [-84.4026035, 33.7612407]]}, "properties": {"surface": "", "highway": "footway"}}, {"type": "Feature", "geometry": {"type": "LineString", "coordinates": [[-84.402605, 33.7603833], [-84.4026051, 33.7603645]]}, "properties": {"surface": "", "highway": "footway"}}, {"type": "Feature", "geometry": {"type": "LineString", "coordinates": [[-84.4025887, 33.7602395], [-84.4025825, 33.7602081]]}, "properties": {"surface": "", "highway": "footway"}}, {"type": "Feature", "geometry": {"type": "LineString", "coordinates": [[-84.4025967, 33.7581406], [-84.4026008, 33.7581333]]}, "properties": {"surface": "", "highway": "footway"}}, {"type": "Feature", "geometry": {"type": "LineString", "coordinates": [[-84.4026002, 33.7579538], [-84.4025707, 33.7579471]]}, "properties": {"surface": "", "highway": "footway"}}, {"type": "Feature", "geometry": {"type": "LineString", "coordinates": [[-84.4026162, 33.7579191], [-84.4025709, 33.7579218]]}, "properties": {"surface": "", "highway": "footway"}}, {"type": "Feature", "geometry": {"type": "LineString", "coordinates": [[-84.4026314, 33.7547321], [-84.4026912, 33.7547284]]}, "properties": {"surface": "", "highway": "footway"}}, {"type": "Feature", "geometry": {"type": "LineString", "coordinates": [[-84.4026302, 33.7545449], [-84.4026298, 33.7544946]]}, "properties": {"surface": "", "highway": "footway"}}, {"type": "Feature", "geometry": {"type": "LineString", "coordinates": [[-84.4026298, 33.7544946], [-84.4026921, 33.754497]]}, "properties": {"surface": "", "highway": "footway"}}, {"type": "Feature", "geometry": {"type": "LineString", "coordinates": [[-84.4026311, 33.7540372], [-84.4026819, 33.754012]]}, "properties": {"surface": "", "highway": "footway"}}, {"type": "Feature", "geometry": {"type": "LineString", "coordinates": [[-84.4027043, 33.752842], [-84.4027043, 33.7528322]]}, "properties": {"surface": "", "highway": "footway"}}, {"type": "Feature", "geometry": {"type": "LineString", "coordinates": [[-84.4029117, 33.7508913], [-84.4028999, 33.7508821]]}, "properties": {"surface": "", "highway": "footway"}}, {"type": "Feature", "geometry": {"type": "LineString", "coordinates": [[-84.4028265, 33.7508191], [-84.4028192, 33.7508134]]}, "properties": {"surface": "", "highway": "footway"}}, {"type": "Feature", "geometry": {"type": "LineString", "coordinates": [[-84.4030022, 33.7509207], [-84.4030136, 33.7509053]]}, "properties": {"surface": "", "highway": "footway"}}, {"type": "Feature", "geometry": {"type": "LineString", "coordinates": [[-84.4030815, 33.7508109], [-84.403099, 33.7508145]]}, "properties": {"surface": "", "highway": "footway"}}, {"type": "Feature", "geometry": {"type": "LineString", "coordinates": [[-84.403125, 33.7507068], [-84.4031328, 33.7506884]]}, "properties": {"surface": "", "highway": "footway"}}, {"type": "Feature", "geometry": {"type": "LineString", "coordinates": [[-84.401627, 33.7517769], [-84.4015886, 33.7517892]]}, "properties": {"surface": "", "highway": "footway"}}, {"type": "Feature", "geometry": {"type": "LineString", "coordinates": [[-84.4015901, 33.7520043], [-84.4015766, 33.7520123]]}, "properties": {"surface": "", "highway": "footway"}}, {"type": "Feature", "geometry": {"type": "LineString", "coordinates": [[-84.4014928, 33.7520711], [-84.4014868, 33.7520763]]}, "properties": {"surface": "", "highway": "footway"}}, {"type": "Feature", "geometry": {"type": "LineString", "coordinates": [[-84.3997855, 33.7523785], [-84.3997709, 33.7523811]]}, "properties": {"surface": "", "highway": "footway"}}, {"type": "Feature", "geometry": {"type": "LineString", "coordinates": [[-84.3998872, 33.7522771], [-84.3998756, 33.7522791]]}, "properties": {"surface": "", "highway": "footway"}}, {"type": "Feature", "geometry": {"type": "LineString", "coordinates": [[-84.3998501, 33.752302], [-84.3998576, 33.7522941]]}, "properties": {"surface": "", "highway": "footway"}}, {"type": "Feature", "geometry": {"type": "LineString", "coordinates": [[-84.3999762, 33.7522653], [-84.3999594, 33.7522673]]}, "properties": {"surface": "", "highway": "footway"}}, {"type": "Feature", "geometry": {"type": "LineString", "coordinates": [[-84.4000027, 33.7522854], [-84.3999987, 33.752299]]}, "properties": {"surface": "asphalt", "highway": "footway"}}, {"type": "Feature", "geometry": {"type": "LineString", "coordinates": [[-84.3999742, 33.7523623], [-84.3999743, 33.7523689]]}, "properties": {"surface": "", "highway": "footway"}}, {"type": "Feature", "geometry": {"type": "LineString", "coordinates": [[-84.3991929, 33.7524769], [-84.3991706, 33.7524693]]}, "properties": {"surface": "asphalt", "highway": "footway"}}, {"type": "Feature", "geometry": {"type": "LineString", "coordinates": [[-84.3992658, 33.7523617], [-84.3992612, 33.7523728]]}, "properties": {"surface": "asphalt", "highway": "footway"}}, {"type": "Feature", "geometry": {"type": "LineString", "coordinates": [[-84.3989735, 33.7523862], [-84.3989657, 33.7523964]]}, "properties": {"surface": "asphalt", "highway": "footway"}}, {"type": "Feature", "geometry": {"type": "LineString", "coordinates": [[-84.3989904, 33.752416], [-84.3989826, 33.7524194]]}, "properties": {"surface": "", "highway": "footway"}}, {"type": "Feature", "geometry": {"type": "LineString", "coordinates": [[-84.3990098, 33.752279], [-84.3990126, 33.7522986]]}, "properties": {"surface": "asphalt", "highway": "footway"}}, {"type": "Feature", "geometry": {"type": "LineString", "coordinates": [[-84.3990611, 33.7522799], [-84.399042, 33.7522685]]}, "properties": {"surface": "", "highway": "footway"}}, {"type": "Feature", "geometry": {"type": "LineString", "coordinates": [[-84.3992984, 33.7522911], [-84.3992931, 33.7522992]]}, "properties": {"surface": "asphalt", "highway": "footway"}}, {"type": "Feature", "geometry": {"type": "LineString", "coordinates": [[-84.3992907, 33.7522816], [-84.3992996, 33.7522819]]}, "properties": {"surface": "", "highway": "footway"}}, {"type": "Feature", "geometry": {"type": "LineString", "coordinates": [[-84.3981445, 33.7523845], [-84.3981324, 33.7523838]]}, "properties": {"surface": "asphalt", "highway": "footway"}}, {"type": "Feature", "geometry": {"type": "LineString", "coordinates": [[-84.3979904, 33.7524246], [-84.3979796, 33.7524273]]}, "properties": {"surface": "asphalt", "highway": "footway"}}, {"type": "Feature", "geometry": {"type": "LineString", "coordinates": [[-84.398146, 33.7523657], [-84.3981546, 33.7523729]]}, "properties": {"surface": "", "highway": "footway"}}, {"type": "Feature", "geometry": {"type": "LineString", "coordinates": [[-84.3979517, 33.752334], [-84.3979427, 33.752342]]}, "properties": {"surface": "asphalt", "highway": "footway"}}, {"type": "Feature", "geometry": {"type": "LineString", "coordinates": [[-84.3980553, 33.7522411], [-84.3980417, 33.7522534]]}, "properties": {"surface": "asphalt", "highway": "footway"}}, {"type": "Feature", "geometry": {"type": "LineString", "coordinates": [[-84.3980934, 33.7522788], [-84.398101, 33.7522909]]}, "properties": {"surface": "asphalt", "highway": "footway"}}, {"type": "Feature", "geometry": {"type": "LineString", "coordinates": [[-84.3997795, 33.7528682], [-84.3997981, 33.7528698]]}, "properties": {"surface": "", "highway": "footway"}}, {"type": "Feature", "geometry": {"type": "LineString", "coordinates": [[-84.399779, 33.752802], [-84.3998028, 33.7528034]]}, "properties": {"surface": "", "highway": "footway"}}, {"type": "Feature", "geometry": {"type": "LineString", "coordinates": [[-84.3999608, 33.7528736], [-84.3999641, 33.7528815]]}, "properties": {"surface": "", "highway": "footway"}}, {"type": "Feature", "geometry": {"type": "LineString", "coordinates": [[-84.3999549, 33.7528096], [-84.3999586, 33.7528048]]}, "properties": {"surface": "", "highway": "footway"}}, {"type": "Feature", "geometry": {"type": "LineString", "coordinates": [[-84.4014638, 33.7538053], [-84.4014521, 33.7538053]]}, "properties": {"surface": "asphalt", "highway": "footway"}}, {"type": "Feature", "geometry": {"type": "LineString", "coordinates": [[-84.4015498, 33.7538068], [-84.4015374, 33.7538065]]}, "properties": {"surface": "asphalt", "highway": "footway"}}, {"type": "Feature", "geometry": {"type": "LineString", "coordinates": [[-84.4009097, 33.7538166], [-84.4009091, 33.7537931]]}, "properties": {"surface": "", "highway": "footway"}}, {"type": "Feature", "geometry": {"type": "LineString", "coordinates": [[-84.4009089, 33.7540045], [-84.4009091, 33.7539651]]}, "properties": {"surface": "", "highway": "footway"}}, {"type": "Feature", "geometry": {"type": "LineString", "coordinates": [[-84.3996454, 33.7539673], [-84.3996428, 33.7539818]]}, "properties": {"surface": "", "highway": "footway"}}, {"type": "Feature", "geometry": {"type": "LineString", "coordinates": [[-84.3997365, 33.7537712], [-84.3997286, 33.7537778]]}, "properties": {"surface": "", "highway": "footway"}}, {"type": "Feature", "geometry": {"type": "LineString", "coordinates": [[-84.3993784, 33.7539142], [-84.3993701, 33.753923]]}, "properties": {"surface": "", "highway": "footway"}}, {"type": "Feature", "geometry": {"type": "LineString", "coordinates": [[-84.399474, 33.753749], [-84.399466, 33.7537409]]}, "properties": {"surface": "", "highway": "footway"}}, {"type": "Feature", "geometry": {"type": "LineString", "coordinates": [[-84.4002437, 33.7541807], [-84.4002278, 33.7541639]]}, "properties": {"surface": "", "highway": "footway"}}, {"type": "Feature", "geometry": {"type": "LineString", "coordinates": [[-84.4001305, 33.7540514], [-84.4001221, 33.7540408]]}, "properties": {"surface": "", "highway": "footway"}}, {"type": "Feature", "geometry": {"type": "LineString", "coordinates": [[-84.4011656, 33.7521792], [-84.4011985, 33.7521565]]}, "properties": {"surface": "concrete", "highway": "footway"}}, {"type": "Feature", "geometry": {"type": "LineString", "coordinates": [[-84.3990226, 33.7580272], [-84.3990208, 33.7580041]]}, "properties": {"surface": "asphalt", "highway": "footway"}}, {"type": "Feature", "geometry": {"type": "LineString", "coordinates": [[-84.3990198, 33.7579256], [-84.3990199, 33.7579085]]}, "properties": {"surface": "asphalt", "highway": "footway"}}, {"type": "Feature", "geometry": {"type": "LineString", "coordinates": [[-84.3994078, 33.7580302], [-84.3994086, 33.7580352]]}, "properties": {"surface": "", "highway": "footway"}}, {"type": "Feature", "geometry": {"type": "LineString", "coordinates": [[-84.399386, 33.7578778], [-84.3993882, 33.757886]]}, "properties": {"surface": "", "highway": "footway"}}, {"type": "Feature", "geometry": {"type": "LineString", "coordinates": [[-84.3956619, 33.7580787], [-84.3956582, 33.7580721], [-84.3956475, 33.7580527]]}, "properties": {"surface": "concrete", "highway": "footway"}}, {"type": "Feature", "geometry": {"type": "LineString", "coordinates": [[-84.3957167, 33.7581811], [-84.3957032, 33.7581553]]}, "properties": {"surface": "concrete", "highway": "footway"}}, {"type": "Feature", "geometry": {"type": "LineString", "coordinates": [[-84.3972255, 33.7580148], [-84.3972266, 33.757994]]}, "properties": {"surface": "", "highway": "footway"}}, {"type": "Feature", "geometry": {"type": "LineString", "coordinates": [[-84.3972284, 33.7579148], [-84.3972154, 33.7578842]]}, "properties": {"surface": "", "highway": "footway"}}, {"type": "Feature", "geometry": {"type": "LineString", "coordinates": [[-84.3972545, 33.7578702], [-84.3972285, 33.7578536]]}, "properties": {"surface": "", "highway": "footway"}}, {"type": "Feature", "geometry": {"type": "LineString", "coordinates": [[-84.3973897, 33.7578743], [-84.3974109, 33.7578753]]}, "properties": {"surface": "", "highway": "footway"}}, {"type": "Feature", "geometry": {"type": "LineString", "coordinates": [[-84.3969085, 33.7531394], [-84.396879, 33.7531473]]}, "properties": {"surface": "", "highway": "footway"}}, {"type": "Feature", "geometry": {"type": "LineString", "coordinates": [[-84.396723, 33.7530512], [-84.396738, 33.7530582]]}, "properties": {"surface": "", "highway": "footway"}}, {"type": "Feature", "geometry": {"type": "LineString", "coordinates": [[-84.3984896, 33.7538733], [-84.3985024, 33.753881]]}, "properties": {"surface": "concrete", "highway": "footway"}}, {"type": "Feature", "geometry": {"type": "LineString", "coordinates": [[-84.3981364, 33.753582], [-84.3981294, 33.7535785]]}, "properties": {"surface": "asphalt", "highway": "footway"}}, {"type": "Feature", "geometry": {"type": "LineString", "coordinates": [[-84.3979313, 33.7534808], [-84.3979237, 33.7534771]]}, "properties": {"surface": "asphalt", "highway": "footway"}}, {"type": "Feature", "geometry": {"type": "LineString", "coordinates": [[-84.3961591, 33.754137], [-84.3961481, 33.7541312]]}, "properties": {"surface": "", "highway": "footway"}}, {"type": "Feature", "geometry": {"type": "LineString", "coordinates": [[-84.3971018, 33.7634252], [-84.3971042, 33.7634333]]}, "properties": {"surface": "", "highway": "footway"}}, {"type": "Feature", "geometry": {"type": "LineString", "coordinates": [[-84.3970873, 33.7633415], [-84.3970791, 33.7633406]]}, "properties": {"surface": "concrete", "highway": "footway"}}, {"type": "Feature", "geometry": {"type": "LineString", "coordinates": [[-84.3972619, 33.7633494], [-84.3972463, 33.7633476]]}, "properties": {"surface": "concrete", "highway": "footway"}}, {"type": "Feature", "geometry": {"type": "LineString", "coordinates": [[-84.3964081, 33.7620169], [-84.3964029, 33.7620101]]}, "properties": {"surface": "concrete", "highway": "footway"}}, {"type": "Feature", "geometry": {"type": "LineString", "coordinates": [[-84.3963646, 33.7619627], [-84.3963591, 33.7619563]]}, "properties": {"surface": "concrete", "highway": "footway"}}, {"type": "Feature", "geometry": {"type": "LineString", "coordinates": [[-84.3961197, 33.7613247], [-84.3961272, 33.7613272]]}, "properties": {"surface": "", "highway": "footway"}}, {"type": "Feature", "geometry": {"type": "LineString", "coordinates": [[-84.3961138, 33.7613367], [-84.3961223, 33.7613365]]}, "properties": {"surface": "", "highway": "footway"}}, {"type": "Feature", "geometry": {"type": "LineString", "coordinates": [[-84.3961223, 33.7613365], [-84.3961272, 33.7613272]]}, "properties": {"surface": "", "highway": "footway"}}, {"type": "Feature", "geometry": {"type": "LineString", "coordinates": [[-84.3959456, 33.7614489], [-84.3959547, 33.7614558]]}, "properties": {"surface": "", "highway": "footway"}}, {"type": "Feature", "geometry": {"type": "LineString", "coordinates": [[-84.3958378, 33.7613555], [-84.3958292, 33.7613481]]}, "properties": {"surface": "asphalt", "highway": "footway"}}, {"type": "Feature", "geometry": {"type": "LineString", "coordinates": [[-84.3958315, 33.7612523], [-84.395842, 33.7612484]]}, "properties": {"surface": "asphalt", "highway": "footway"}}, {"type": "Feature", "geometry": {"type": "LineString", "coordinates": [[-84.3960178, 33.761189], [-84.3960194, 33.7611982]]}, "properties": {"surface": "", "highway": "footway"}}, {"type": "Feature", "geometry": {"type": "LineString", "coordinates": [[-84.3954167, 33.7565709], [-84.3954252, 33.7565817]]}, "properties": {"surface": "", "highway": "footway"}}, {"type": "Feature", "geometry": {"type": "LineString", "coordinates": [[-84.3974502, 33.756762], [-84.3973834, 33.7567554]]}, "properties": {"surface": "", "highway": "footway"}}, {"type": "Feature", "geometry": {"type": "LineString", "coordinates": [[-84.3972685, 33.7567527], [-84.3972427, 33.7567536]]}, "properties": {"surface": "", "highway": "footway"}}, {"type": "Feature", "geometry": {"type": "LineString", "coordinates": [[-84.4000578, 33.7646162], [-84.4000424, 33.7646158]]}, "properties": {"surface": "", "highway": "footway"}}, {"type": "Feature", "geometry": {"type": "LineString", "coordinates": [[-84.3993582, 33.7568378], [-84.399312, 33.7568368]]}, "properties": {"surface": "", "highway": "pedestrian"}}, {"type": "Feature", "geometry": {"type": "LineString", "coordinates": [[-84.4014831, 33.7528167], [-84.4014753, 33.7528168]]}, "properties": {"surface": "", "highway": "footway"}}, {"type": "Feature", "geometry": {"type": "LineString", "coordinates": [[-84.4015628, 33.7528177], [-84.4015559, 33.7528177]]}, "properties": {"surface": "", "highway": "footway"}}, {"type": "Feature", "geometry": {"type": "LineString", "coordinates": [[-84.4015628, 33.7528177], [-84.4015627, 33.7528244]]}, "properties": {"surface": "", "highway": "footway"}}, {"type": "Feature", "geometry": {"type": "LineString", "coordinates": [[-84.4014753, 33.7528168], [-84.4014754, 33.7528246]]}, "properties": {"surface": "", "highway": "footway"}}, {"type": "Feature", "geometry": {"type": "LineString", "coordinates": [[-84.4014758, 33.7528814], [-84.4014759, 33.7528886]]}, "properties": {"surface": "", "highway": "footway"}}, {"type": "Feature", "geometry": {"type": "LineString", "coordinates": [[-84.4015618, 33.7528911], [-84.4015551, 33.7528909]]}, "properties": {"surface": "", "highway": "footway"}}, {"type": "Feature", "geometry": {"type": "LineString", "coordinates": [[-84.4015618, 33.7528852], [-84.4015618, 33.7528911]]}, "properties": {"surface": "", "highway": "footway"}}, {"type": "Feature", "geometry": {"type": "LineString", "coordinates": [[-84.4014837, 33.752889], [-84.4014759, 33.7528886]]}, "properties": {"surface": "", "highway": "footway"}}, {"type": "Feature", "geometry": {"type": "LineString", "coordinates": [[-84.4018066, 33.7688181], [-84.4012118, 33.7688792], [-84.4008719, 33.7689097], [-84.4004884, 33.7689364], [-84.4004172, 33.768946], [-84.4003461, 33.768966], [-84.4002886, 33.768988], [-84.400268, 33.7690071], [-84.4002588, 33.7690281], [-84.4002622, 33.7690539], [-84.4002852, 33.7691016], [-84.4004439, 33.7694201], [-84.400446, 33.7694242], [-84.400586, 33.7697086], [-84.4006871, 33.7699749], [-84.4006951, 33.7699816], [-84.4007296, 33.7699883], [-84.4007939, 33.7699998], [-84.4008375, 33.7700169], [-84.4008788, 33.7700523], [-84.4010006, 33.7702069]]}, "properties": {"surface": "", "highway": "footway"}}, {"type": "Feature", "geometry": {"type": "LineString", "coordinates": [[-84.3616902, 33.7621953], [-84.3616891, 33.7621851], [-84.3615761, 33.7621807], [-84.3615612, 33.7621559], [-84.3614419, 33.7621559], [-84.3613692, 33.7621654], [-84.3613409, 33.7621668], [-84.3611118, 33.7619651]]}, "properties": {"surface": "", "highway": "footway"}}, {"type": "Feature", "geometry": {"type": "LineString", "coordinates": [[-84.3620428, 33.7614296], [-84.3620889, 33.7614321], [-84.3621973, 33.7614252], [-84.3626968, 33.7614118]]}, "properties": {"surface": "", "highway": "footway"}}, {"type": "Feature", "geometry": {"type": "LineString", "coordinates": [[-84.3889816, 33.7537932], [-84.3886532, 33.7536128]]}, "properties": {"surface": "", "highway": "footway"}}, {"type": "Feature", "geometry": {"type": "LineString", "coordinates": [[-84.3963662, 33.7564477], [-84.3963573, 33.7564287]]}, "properties": {"surface": "concrete", "highway": "pedestrian"}}, {"type": "Feature", "geometry": {"type": "LineString", "coordinates": [[-84.3992905, 33.7547097], [-84.3993298, 33.7546771]]}, "properties": {"surface": "", "highway": "pedestrian"}}]}